[2026-06-07T08:11:26.372+0000] {processor.py:161} INFO - Started process (PID=189) to work on /opt/airflow/dags/dag_crime_pipeline.py
[2026-06-07T08:11:26.374+0000] {processor.py:830} INFO - Processing file /opt/airflow/dags/dag_crime_pipeline.py for tasks to queue
[2026-06-07T08:11:26.376+0000] {logging_mixin.py:188} INFO - [2026-06-07T08:11:26.375+0000] {dagbag.py:538} INFO - Filling up the DagBag from /opt/airflow/dags/dag_crime_pipeline.py
[2026-06-07T08:11:26.428+0000] {processor.py:840} INFO - DAG(s) 'crime_analytics_pipeline' retrieved from /opt/airflow/dags/dag_crime_pipeline.py
[2026-06-07T08:11:26.451+0000] {logging_mixin.py:188} INFO - [2026-06-07T08:11:26.450+0000] {dag.py:3036} INFO - Sync 1 DAGs
[2026-06-07T08:11:26.489+0000] {logging_mixin.py:188} INFO - [2026-06-07T08:11:26.489+0000] {dag.py:3823} INFO - Setting next_dagrun for crime_analytics_pipeline to 2026-06-06 19:00:00+00:00, run_after=2026-06-13 19:00:00+00:00
[2026-06-07T08:11:26.518+0000] {processor.py:183} INFO - Processing /opt/airflow/dags/dag_crime_pipeline.py took 0.151 seconds
[2026-06-07T08:11:57.089+0000] {processor.py:161} INFO - Started process (PID=194) to work on /opt/airflow/dags/dag_crime_pipeline.py
[2026-06-07T08:11:57.091+0000] {processor.py:830} INFO - Processing file /opt/airflow/dags/dag_crime_pipeline.py for tasks to queue
[2026-06-07T08:11:57.096+0000] {logging_mixin.py:188} INFO - [2026-06-07T08:11:57.095+0000] {dagbag.py:538} INFO - Filling up the DagBag from /opt/airflow/dags/dag_crime_pipeline.py
[2026-06-07T08:11:57.142+0000] {processor.py:840} INFO - DAG(s) 'crime_analytics_pipeline' retrieved from /opt/airflow/dags/dag_crime_pipeline.py
[2026-06-07T08:11:57.356+0000] {logging_mixin.py:188} INFO - [2026-06-07T08:11:57.356+0000] {dag.py:3036} INFO - Sync 1 DAGs
[2026-06-07T08:11:57.690+0000] {logging_mixin.py:188} INFO - [2026-06-07T08:11:57.690+0000] {dag.py:3823} INFO - Setting next_dagrun for crime_analytics_pipeline to 2026-06-06 19:00:00+00:00, run_after=2026-06-13 19:00:00+00:00
[2026-06-07T08:11:57.732+0000] {processor.py:183} INFO - Processing /opt/airflow/dags/dag_crime_pipeline.py took 0.648 seconds
[2026-06-07T08:12:27.859+0000] {processor.py:161} INFO - Started process (PID=199) to work on /opt/airflow/dags/dag_crime_pipeline.py
[2026-06-07T08:12:27.861+0000] {processor.py:830} INFO - Processing file /opt/airflow/dags/dag_crime_pipeline.py for tasks to queue
[2026-06-07T08:12:27.865+0000] {logging_mixin.py:188} INFO - [2026-06-07T08:12:27.864+0000] {dagbag.py:538} INFO - Filling up the DagBag from /opt/airflow/dags/dag_crime_pipeline.py
[2026-06-07T08:12:27.908+0000] {processor.py:840} INFO - DAG(s) 'crime_analytics_pipeline' retrieved from /opt/airflow/dags/dag_crime_pipeline.py
[2026-06-07T08:12:27.948+0000] {logging_mixin.py:188} INFO - [2026-06-07T08:12:27.948+0000] {dag.py:3036} INFO - Sync 1 DAGs
[2026-06-07T08:12:27.974+0000] {logging_mixin.py:188} INFO - [2026-06-07T08:12:27.974+0000] {dag.py:3823} INFO - Setting next_dagrun for crime_analytics_pipeline to 2026-06-06 19:00:00+00:00, run_after=2026-06-13 19:00:00+00:00
[2026-06-07T08:12:28.003+0000] {processor.py:183} INFO - Processing /opt/airflow/dags/dag_crime_pipeline.py took 0.149 seconds
[2026-06-07T08:12:58.481+0000] {processor.py:161} INFO - Started process (PID=204) to work on /opt/airflow/dags/dag_crime_pipeline.py
[2026-06-07T08:12:58.483+0000] {processor.py:830} INFO - Processing file /opt/airflow/dags/dag_crime_pipeline.py for tasks to queue
[2026-06-07T08:12:58.487+0000] {logging_mixin.py:188} INFO - [2026-06-07T08:12:58.486+0000] {dagbag.py:538} INFO - Filling up the DagBag from /opt/airflow/dags/dag_crime_pipeline.py
[2026-06-07T08:12:58.531+0000] {processor.py:840} INFO - DAG(s) 'crime_analytics_pipeline' retrieved from /opt/airflow/dags/dag_crime_pipeline.py
[2026-06-07T08:12:58.569+0000] {logging_mixin.py:188} INFO - [2026-06-07T08:12:58.569+0000] {dag.py:3036} INFO - Sync 1 DAGs
[2026-06-07T08:12:58.813+0000] {logging_mixin.py:188} INFO - [2026-06-07T08:12:58.813+0000] {dag.py:3823} INFO - Setting next_dagrun for crime_analytics_pipeline to 2026-06-06 19:00:00+00:00, run_after=2026-06-13 19:00:00+00:00
[2026-06-07T08:12:58.838+0000] {processor.py:183} INFO - Processing /opt/airflow/dags/dag_crime_pipeline.py took 0.363 seconds
[2026-06-07T08:13:29.309+0000] {processor.py:161} INFO - Started process (PID=209) to work on /opt/airflow/dags/dag_crime_pipeline.py
[2026-06-07T08:13:29.310+0000] {processor.py:830} INFO - Processing file /opt/airflow/dags/dag_crime_pipeline.py for tasks to queue
[2026-06-07T08:13:29.314+0000] {logging_mixin.py:188} INFO - [2026-06-07T08:13:29.314+0000] {dagbag.py:538} INFO - Filling up the DagBag from /opt/airflow/dags/dag_crime_pipeline.py
[2026-06-07T08:13:29.358+0000] {processor.py:840} INFO - DAG(s) 'crime_analytics_pipeline' retrieved from /opt/airflow/dags/dag_crime_pipeline.py
[2026-06-07T08:13:29.395+0000] {logging_mixin.py:188} INFO - [2026-06-07T08:13:29.394+0000] {dag.py:3036} INFO - Sync 1 DAGs
[2026-06-07T08:13:29.419+0000] {logging_mixin.py:188} INFO - [2026-06-07T08:13:29.418+0000] {dag.py:3823} INFO - Setting next_dagrun for crime_analytics_pipeline to 2026-06-06 19:00:00+00:00, run_after=2026-06-13 19:00:00+00:00
[2026-06-07T08:13:29.445+0000] {processor.py:183} INFO - Processing /opt/airflow/dags/dag_crime_pipeline.py took 0.142 seconds
[2026-06-07T08:13:59.822+0000] {processor.py:161} INFO - Started process (PID=214) to work on /opt/airflow/dags/dag_crime_pipeline.py
[2026-06-07T08:13:59.824+0000] {processor.py:830} INFO - Processing file /opt/airflow/dags/dag_crime_pipeline.py for tasks to queue
[2026-06-07T08:13:59.829+0000] {logging_mixin.py:188} INFO - [2026-06-07T08:13:59.828+0000] {dagbag.py:538} INFO - Filling up the DagBag from /opt/airflow/dags/dag_crime_pipeline.py
[2026-06-07T08:13:59.871+0000] {processor.py:840} INFO - DAG(s) 'crime_analytics_pipeline' retrieved from /opt/airflow/dags/dag_crime_pipeline.py
[2026-06-07T08:14:00.108+0000] {logging_mixin.py:188} INFO - [2026-06-07T08:14:00.108+0000] {dag.py:3036} INFO - Sync 1 DAGs
[2026-06-07T08:14:00.129+0000] {logging_mixin.py:188} INFO - [2026-06-07T08:14:00.128+0000] {dag.py:3823} INFO - Setting next_dagrun for crime_analytics_pipeline to 2026-06-06 19:00:00+00:00, run_after=2026-06-13 19:00:00+00:00
[2026-06-07T08:14:00.171+0000] {processor.py:183} INFO - Processing /opt/airflow/dags/dag_crime_pipeline.py took 0.356 seconds
[2026-06-07T08:14:30.553+0000] {processor.py:161} INFO - Started process (PID=219) to work on /opt/airflow/dags/dag_crime_pipeline.py
[2026-06-07T08:14:30.555+0000] {processor.py:830} INFO - Processing file /opt/airflow/dags/dag_crime_pipeline.py for tasks to queue
[2026-06-07T08:14:30.558+0000] {logging_mixin.py:188} INFO - [2026-06-07T08:14:30.558+0000] {dagbag.py:538} INFO - Filling up the DagBag from /opt/airflow/dags/dag_crime_pipeline.py
[2026-06-07T08:14:30.600+0000] {processor.py:840} INFO - DAG(s) 'crime_analytics_pipeline' retrieved from /opt/airflow/dags/dag_crime_pipeline.py
[2026-06-07T08:14:30.635+0000] {logging_mixin.py:188} INFO - [2026-06-07T08:14:30.634+0000] {dag.py:3036} INFO - Sync 1 DAGs
[2026-06-07T08:14:30.659+0000] {logging_mixin.py:188} INFO - [2026-06-07T08:14:30.658+0000] {dag.py:3823} INFO - Setting next_dagrun for crime_analytics_pipeline to 2026-06-06 19:00:00+00:00, run_after=2026-06-13 19:00:00+00:00
[2026-06-07T08:14:31.049+0000] {processor.py:183} INFO - Processing /opt/airflow/dags/dag_crime_pipeline.py took 0.501 seconds
[2026-06-07T08:15:01.463+0000] {processor.py:161} INFO - Started process (PID=224) to work on /opt/airflow/dags/dag_crime_pipeline.py
[2026-06-07T08:15:01.465+0000] {processor.py:830} INFO - Processing file /opt/airflow/dags/dag_crime_pipeline.py for tasks to queue
[2026-06-07T08:15:01.469+0000] {logging_mixin.py:188} INFO - [2026-06-07T08:15:01.468+0000] {dagbag.py:538} INFO - Filling up the DagBag from /opt/airflow/dags/dag_crime_pipeline.py
[2026-06-07T08:15:01.831+0000] {processor.py:840} INFO - DAG(s) 'crime_analytics_pipeline' retrieved from /opt/airflow/dags/dag_crime_pipeline.py
[2026-06-07T08:15:01.868+0000] {logging_mixin.py:188} INFO - [2026-06-07T08:15:01.867+0000] {dag.py:3036} INFO - Sync 1 DAGs
[2026-06-07T08:15:01.895+0000] {logging_mixin.py:188} INFO - [2026-06-07T08:15:01.894+0000] {dag.py:3823} INFO - Setting next_dagrun for crime_analytics_pipeline to 2026-06-06 19:00:00+00:00, run_after=2026-06-13 19:00:00+00:00
[2026-06-07T08:15:01.939+0000] {processor.py:183} INFO - Processing /opt/airflow/dags/dag_crime_pipeline.py took 0.481 seconds
[2026-06-07T08:15:32.447+0000] {processor.py:161} INFO - Started process (PID=229) to work on /opt/airflow/dags/dag_crime_pipeline.py
[2026-06-07T08:15:32.449+0000] {processor.py:830} INFO - Processing file /opt/airflow/dags/dag_crime_pipeline.py for tasks to queue
[2026-06-07T08:15:32.454+0000] {logging_mixin.py:188} INFO - [2026-06-07T08:15:32.453+0000] {dagbag.py:538} INFO - Filling up the DagBag from /opt/airflow/dags/dag_crime_pipeline.py
[2026-06-07T08:15:32.505+0000] {processor.py:840} INFO - DAG(s) 'crime_analytics_pipeline' retrieved from /opt/airflow/dags/dag_crime_pipeline.py
[2026-06-07T08:15:32.543+0000] {logging_mixin.py:188} INFO - [2026-06-07T08:15:32.543+0000] {dag.py:3036} INFO - Sync 1 DAGs
[2026-06-07T08:15:32.792+0000] {logging_mixin.py:188} INFO - [2026-06-07T08:15:32.791+0000] {dag.py:3823} INFO - Setting next_dagrun for crime_analytics_pipeline to 2026-06-06 19:00:00+00:00, run_after=2026-06-13 19:00:00+00:00
[2026-06-07T08:15:32.810+0000] {processor.py:183} INFO - Processing /opt/airflow/dags/dag_crime_pipeline.py took 0.369 seconds
[2026-06-07T08:16:03.544+0000] {processor.py:161} INFO - Started process (PID=234) to work on /opt/airflow/dags/dag_crime_pipeline.py
[2026-06-07T08:16:03.546+0000] {processor.py:830} INFO - Processing file /opt/airflow/dags/dag_crime_pipeline.py for tasks to queue
[2026-06-07T08:16:03.549+0000] {logging_mixin.py:188} INFO - [2026-06-07T08:16:03.548+0000] {dagbag.py:538} INFO - Filling up the DagBag from /opt/airflow/dags/dag_crime_pipeline.py
[2026-06-07T08:16:03.599+0000] {processor.py:840} INFO - DAG(s) 'crime_analytics_pipeline' retrieved from /opt/airflow/dags/dag_crime_pipeline.py
[2026-06-07T08:16:03.639+0000] {logging_mixin.py:188} INFO - [2026-06-07T08:16:03.639+0000] {dag.py:3036} INFO - Sync 1 DAGs
[2026-06-07T08:16:03.666+0000] {logging_mixin.py:188} INFO - [2026-06-07T08:16:03.666+0000] {dag.py:3823} INFO - Setting next_dagrun for crime_analytics_pipeline to 2026-06-06 19:00:00+00:00, run_after=2026-06-13 19:00:00+00:00
[2026-06-07T08:16:03.694+0000] {processor.py:183} INFO - Processing /opt/airflow/dags/dag_crime_pipeline.py took 0.156 seconds
[2026-06-07T08:16:34.088+0000] {processor.py:161} INFO - Started process (PID=239) to work on /opt/airflow/dags/dag_crime_pipeline.py
[2026-06-07T08:16:34.090+0000] {processor.py:830} INFO - Processing file /opt/airflow/dags/dag_crime_pipeline.py for tasks to queue
[2026-06-07T08:16:34.102+0000] {logging_mixin.py:188} INFO - [2026-06-07T08:16:34.101+0000] {dagbag.py:538} INFO - Filling up the DagBag from /opt/airflow/dags/dag_crime_pipeline.py
[2026-06-07T08:16:34.150+0000] {processor.py:840} INFO - DAG(s) 'crime_analytics_pipeline' retrieved from /opt/airflow/dags/dag_crime_pipeline.py
[2026-06-07T08:16:34.196+0000] {logging_mixin.py:188} INFO - [2026-06-07T08:16:34.196+0000] {dag.py:3036} INFO - Sync 1 DAGs
[2026-06-07T08:16:34.221+0000] {logging_mixin.py:188} INFO - [2026-06-07T08:16:34.221+0000] {dag.py:3823} INFO - Setting next_dagrun for crime_analytics_pipeline to 2026-06-06 19:00:00+00:00, run_after=2026-06-13 19:00:00+00:00
[2026-06-07T08:16:34.244+0000] {processor.py:183} INFO - Processing /opt/airflow/dags/dag_crime_pipeline.py took 0.162 seconds
[2026-06-07T08:17:05.072+0000] {processor.py:161} INFO - Started process (PID=244) to work on /opt/airflow/dags/dag_crime_pipeline.py
[2026-06-07T08:17:05.074+0000] {processor.py:830} INFO - Processing file /opt/airflow/dags/dag_crime_pipeline.py for tasks to queue
[2026-06-07T08:17:05.078+0000] {logging_mixin.py:188} INFO - [2026-06-07T08:17:05.077+0000] {dagbag.py:538} INFO - Filling up the DagBag from /opt/airflow/dags/dag_crime_pipeline.py
[2026-06-07T08:17:05.128+0000] {processor.py:840} INFO - DAG(s) 'crime_analytics_pipeline' retrieved from /opt/airflow/dags/dag_crime_pipeline.py
[2026-06-07T08:17:05.171+0000] {logging_mixin.py:188} INFO - [2026-06-07T08:17:05.170+0000] {dag.py:3036} INFO - Sync 1 DAGs
[2026-06-07T08:17:05.204+0000] {logging_mixin.py:188} INFO - [2026-06-07T08:17:05.204+0000] {dag.py:3823} INFO - Setting next_dagrun for crime_analytics_pipeline to 2026-06-06 19:00:00+00:00, run_after=2026-06-13 19:00:00+00:00
[2026-06-07T08:17:05.233+0000] {processor.py:183} INFO - Processing /opt/airflow/dags/dag_crime_pipeline.py took 0.165 seconds
[2026-06-07T08:17:35.700+0000] {processor.py:161} INFO - Started process (PID=249) to work on /opt/airflow/dags/dag_crime_pipeline.py
[2026-06-07T08:17:35.702+0000] {processor.py:830} INFO - Processing file /opt/airflow/dags/dag_crime_pipeline.py for tasks to queue
[2026-06-07T08:17:35.705+0000] {logging_mixin.py:188} INFO - [2026-06-07T08:17:35.704+0000] {dagbag.py:538} INFO - Filling up the DagBag from /opt/airflow/dags/dag_crime_pipeline.py
[2026-06-07T08:17:35.743+0000] {processor.py:840} INFO - DAG(s) 'crime_analytics_pipeline' retrieved from /opt/airflow/dags/dag_crime_pipeline.py
[2026-06-07T08:17:35.785+0000] {logging_mixin.py:188} INFO - [2026-06-07T08:17:35.785+0000] {dag.py:3036} INFO - Sync 1 DAGs
[2026-06-07T08:17:35.811+0000] {logging_mixin.py:188} INFO - [2026-06-07T08:17:35.811+0000] {dag.py:3823} INFO - Setting next_dagrun for crime_analytics_pipeline to 2026-06-06 19:00:00+00:00, run_after=2026-06-13 19:00:00+00:00
[2026-06-07T08:17:35.853+0000] {processor.py:183} INFO - Processing /opt/airflow/dags/dag_crime_pipeline.py took 0.156 seconds
[2026-06-07T08:18:05.948+0000] {processor.py:161} INFO - Started process (PID=254) to work on /opt/airflow/dags/dag_crime_pipeline.py
[2026-06-07T08:18:05.950+0000] {processor.py:830} INFO - Processing file /opt/airflow/dags/dag_crime_pipeline.py for tasks to queue
[2026-06-07T08:18:05.954+0000] {logging_mixin.py:188} INFO - [2026-06-07T08:18:05.954+0000] {dagbag.py:538} INFO - Filling up the DagBag from /opt/airflow/dags/dag_crime_pipeline.py
[2026-06-07T08:18:06.004+0000] {processor.py:840} INFO - DAG(s) 'crime_analytics_pipeline' retrieved from /opt/airflow/dags/dag_crime_pipeline.py
[2026-06-07T08:18:06.046+0000] {logging_mixin.py:188} INFO - [2026-06-07T08:18:06.046+0000] {dag.py:3036} INFO - Sync 1 DAGs
[2026-06-07T08:18:06.081+0000] {logging_mixin.py:188} INFO - [2026-06-07T08:18:06.080+0000] {dag.py:3823} INFO - Setting next_dagrun for crime_analytics_pipeline to 2026-06-06 19:00:00+00:00, run_after=2026-06-13 19:00:00+00:00
[2026-06-07T08:18:06.112+0000] {processor.py:183} INFO - Processing /opt/airflow/dags/dag_crime_pipeline.py took 0.170 seconds
[2026-06-07T08:18:36.662+0000] {processor.py:161} INFO - Started process (PID=259) to work on /opt/airflow/dags/dag_crime_pipeline.py
[2026-06-07T08:18:36.663+0000] {processor.py:830} INFO - Processing file /opt/airflow/dags/dag_crime_pipeline.py for tasks to queue
[2026-06-07T08:18:36.666+0000] {logging_mixin.py:188} INFO - [2026-06-07T08:18:36.665+0000] {dagbag.py:538} INFO - Filling up the DagBag from /opt/airflow/dags/dag_crime_pipeline.py
[2026-06-07T08:18:36.710+0000] {processor.py:840} INFO - DAG(s) 'crime_analytics_pipeline' retrieved from /opt/airflow/dags/dag_crime_pipeline.py
[2026-06-07T08:18:36.749+0000] {logging_mixin.py:188} INFO - [2026-06-07T08:18:36.748+0000] {dag.py:3036} INFO - Sync 1 DAGs
[2026-06-07T08:18:36.777+0000] {logging_mixin.py:188} INFO - [2026-06-07T08:18:36.777+0000] {dag.py:3823} INFO - Setting next_dagrun for crime_analytics_pipeline to 2026-06-06 19:00:00+00:00, run_after=2026-06-13 19:00:00+00:00
[2026-06-07T08:18:36.801+0000] {processor.py:183} INFO - Processing /opt/airflow/dags/dag_crime_pipeline.py took 0.143 seconds
[2026-06-07T08:19:06.949+0000] {processor.py:161} INFO - Started process (PID=264) to work on /opt/airflow/dags/dag_crime_pipeline.py
[2026-06-07T08:19:06.950+0000] {processor.py:830} INFO - Processing file /opt/airflow/dags/dag_crime_pipeline.py for tasks to queue
[2026-06-07T08:19:06.953+0000] {logging_mixin.py:188} INFO - [2026-06-07T08:19:06.953+0000] {dagbag.py:538} INFO - Filling up the DagBag from /opt/airflow/dags/dag_crime_pipeline.py
[2026-06-07T08:19:06.997+0000] {processor.py:840} INFO - DAG(s) 'crime_analytics_pipeline' retrieved from /opt/airflow/dags/dag_crime_pipeline.py
[2026-06-07T08:19:07.037+0000] {logging_mixin.py:188} INFO - [2026-06-07T08:19:07.037+0000] {dag.py:3036} INFO - Sync 1 DAGs
[2026-06-07T08:19:07.065+0000] {logging_mixin.py:188} INFO - [2026-06-07T08:19:07.064+0000] {dag.py:3823} INFO - Setting next_dagrun for crime_analytics_pipeline to 2026-06-06 19:00:00+00:00, run_after=2026-06-13 19:00:00+00:00
[2026-06-07T08:19:07.107+0000] {processor.py:183} INFO - Processing /opt/airflow/dags/dag_crime_pipeline.py took 0.163 seconds
[2026-06-07T08:19:37.367+0000] {processor.py:161} INFO - Started process (PID=269) to work on /opt/airflow/dags/dag_crime_pipeline.py
[2026-06-07T08:19:37.369+0000] {processor.py:830} INFO - Processing file /opt/airflow/dags/dag_crime_pipeline.py for tasks to queue
[2026-06-07T08:19:37.373+0000] {logging_mixin.py:188} INFO - [2026-06-07T08:19:37.372+0000] {dagbag.py:538} INFO - Filling up the DagBag from /opt/airflow/dags/dag_crime_pipeline.py
[2026-06-07T08:19:37.434+0000] {processor.py:840} INFO - DAG(s) 'crime_analytics_pipeline' retrieved from /opt/airflow/dags/dag_crime_pipeline.py
[2026-06-07T08:19:37.478+0000] {logging_mixin.py:188} INFO - [2026-06-07T08:19:37.477+0000] {dag.py:3036} INFO - Sync 1 DAGs
[2026-06-07T08:19:37.510+0000] {logging_mixin.py:188} INFO - [2026-06-07T08:19:37.509+0000] {dag.py:3823} INFO - Setting next_dagrun for crime_analytics_pipeline to 2026-06-06 19:00:00+00:00, run_after=2026-06-13 19:00:00+00:00
[2026-06-07T08:19:37.536+0000] {processor.py:183} INFO - Processing /opt/airflow/dags/dag_crime_pipeline.py took 0.175 seconds
[2026-06-07T08:20:08.316+0000] {processor.py:161} INFO - Started process (PID=274) to work on /opt/airflow/dags/dag_crime_pipeline.py
[2026-06-07T08:20:08.320+0000] {processor.py:830} INFO - Processing file /opt/airflow/dags/dag_crime_pipeline.py for tasks to queue
[2026-06-07T08:20:08.325+0000] {logging_mixin.py:188} INFO - [2026-06-07T08:20:08.324+0000] {dagbag.py:538} INFO - Filling up the DagBag from /opt/airflow/dags/dag_crime_pipeline.py
[2026-06-07T08:20:08.379+0000] {processor.py:840} INFO - DAG(s) 'crime_analytics_pipeline' retrieved from /opt/airflow/dags/dag_crime_pipeline.py
[2026-06-07T08:20:08.424+0000] {logging_mixin.py:188} INFO - [2026-06-07T08:20:08.423+0000] {dag.py:3036} INFO - Sync 1 DAGs
[2026-06-07T08:20:08.455+0000] {logging_mixin.py:188} INFO - [2026-06-07T08:20:08.454+0000] {dag.py:3823} INFO - Setting next_dagrun for crime_analytics_pipeline to 2026-06-06 19:00:00+00:00, run_after=2026-06-13 19:00:00+00:00
[2026-06-07T08:20:08.481+0000] {processor.py:183} INFO - Processing /opt/airflow/dags/dag_crime_pipeline.py took 0.173 seconds
[2026-06-07T08:20:39.243+0000] {processor.py:161} INFO - Started process (PID=279) to work on /opt/airflow/dags/dag_crime_pipeline.py
[2026-06-07T08:20:39.245+0000] {processor.py:830} INFO - Processing file /opt/airflow/dags/dag_crime_pipeline.py for tasks to queue
[2026-06-07T08:20:39.249+0000] {logging_mixin.py:188} INFO - [2026-06-07T08:20:39.249+0000] {dagbag.py:538} INFO - Filling up the DagBag from /opt/airflow/dags/dag_crime_pipeline.py
[2026-06-07T08:20:39.301+0000] {processor.py:840} INFO - DAG(s) 'crime_analytics_pipeline' retrieved from /opt/airflow/dags/dag_crime_pipeline.py
[2026-06-07T08:20:39.351+0000] {logging_mixin.py:188} INFO - [2026-06-07T08:20:39.350+0000] {dag.py:3036} INFO - Sync 1 DAGs
[2026-06-07T08:20:39.387+0000] {logging_mixin.py:188} INFO - [2026-06-07T08:20:39.386+0000] {dag.py:3823} INFO - Setting next_dagrun for crime_analytics_pipeline to 2026-06-06 19:00:00+00:00, run_after=2026-06-13 19:00:00+00:00
[2026-06-07T08:20:39.411+0000] {processor.py:183} INFO - Processing /opt/airflow/dags/dag_crime_pipeline.py took 0.173 seconds
[2026-06-07T08:21:09.607+0000] {processor.py:161} INFO - Started process (PID=284) to work on /opt/airflow/dags/dag_crime_pipeline.py
[2026-06-07T08:21:09.609+0000] {processor.py:830} INFO - Processing file /opt/airflow/dags/dag_crime_pipeline.py for tasks to queue
[2026-06-07T08:21:09.613+0000] {logging_mixin.py:188} INFO - [2026-06-07T08:21:09.612+0000] {dagbag.py:538} INFO - Filling up the DagBag from /opt/airflow/dags/dag_crime_pipeline.py
[2026-06-07T08:21:09.666+0000] {processor.py:840} INFO - DAG(s) 'crime_analytics_pipeline' retrieved from /opt/airflow/dags/dag_crime_pipeline.py
[2026-06-07T08:21:09.718+0000] {logging_mixin.py:188} INFO - [2026-06-07T08:21:09.718+0000] {dag.py:3036} INFO - Sync 1 DAGs
[2026-06-07T08:21:09.751+0000] {logging_mixin.py:188} INFO - [2026-06-07T08:21:09.751+0000] {dag.py:3823} INFO - Setting next_dagrun for crime_analytics_pipeline to 2026-06-06 19:00:00+00:00, run_after=2026-06-13 19:00:00+00:00
[2026-06-07T08:21:09.779+0000] {processor.py:183} INFO - Processing /opt/airflow/dags/dag_crime_pipeline.py took 0.177 seconds
[2026-06-07T08:21:40.043+0000] {processor.py:161} INFO - Started process (PID=289) to work on /opt/airflow/dags/dag_crime_pipeline.py
[2026-06-07T08:21:40.045+0000] {processor.py:830} INFO - Processing file /opt/airflow/dags/dag_crime_pipeline.py for tasks to queue
[2026-06-07T08:21:40.049+0000] {logging_mixin.py:188} INFO - [2026-06-07T08:21:40.048+0000] {dagbag.py:538} INFO - Filling up the DagBag from /opt/airflow/dags/dag_crime_pipeline.py
[2026-06-07T08:21:40.107+0000] {processor.py:840} INFO - DAG(s) 'crime_analytics_pipeline' retrieved from /opt/airflow/dags/dag_crime_pipeline.py
[2026-06-07T08:21:40.161+0000] {logging_mixin.py:188} INFO - [2026-06-07T08:21:40.160+0000] {dag.py:3036} INFO - Sync 1 DAGs
[2026-06-07T08:21:40.191+0000] {logging_mixin.py:188} INFO - [2026-06-07T08:21:40.191+0000] {dag.py:3823} INFO - Setting next_dagrun for crime_analytics_pipeline to 2026-06-06 19:00:00+00:00, run_after=2026-06-13 19:00:00+00:00
[2026-06-07T08:21:40.233+0000] {processor.py:183} INFO - Processing /opt/airflow/dags/dag_crime_pipeline.py took 0.195 seconds
[2026-06-07T08:22:10.325+0000] {processor.py:161} INFO - Started process (PID=294) to work on /opt/airflow/dags/dag_crime_pipeline.py
[2026-06-07T08:22:10.327+0000] {processor.py:830} INFO - Processing file /opt/airflow/dags/dag_crime_pipeline.py for tasks to queue
[2026-06-07T08:22:10.331+0000] {logging_mixin.py:188} INFO - [2026-06-07T08:22:10.330+0000] {dagbag.py:538} INFO - Filling up the DagBag from /opt/airflow/dags/dag_crime_pipeline.py
[2026-06-07T08:22:10.372+0000] {processor.py:840} INFO - DAG(s) 'crime_analytics_pipeline' retrieved from /opt/airflow/dags/dag_crime_pipeline.py
[2026-06-07T08:22:10.412+0000] {logging_mixin.py:188} INFO - [2026-06-07T08:22:10.411+0000] {dag.py:3036} INFO - Sync 1 DAGs
[2026-06-07T08:22:10.441+0000] {logging_mixin.py:188} INFO - [2026-06-07T08:22:10.441+0000] {dag.py:3823} INFO - Setting next_dagrun for crime_analytics_pipeline to 2026-06-06 19:00:00+00:00, run_after=2026-06-13 19:00:00+00:00
[2026-06-07T08:22:10.466+0000] {processor.py:183} INFO - Processing /opt/airflow/dags/dag_crime_pipeline.py took 0.146 seconds
[2026-06-07T08:22:40.759+0000] {processor.py:161} INFO - Started process (PID=299) to work on /opt/airflow/dags/dag_crime_pipeline.py
[2026-06-07T08:22:40.761+0000] {processor.py:830} INFO - Processing file /opt/airflow/dags/dag_crime_pipeline.py for tasks to queue
[2026-06-07T08:22:40.764+0000] {logging_mixin.py:188} INFO - [2026-06-07T08:22:40.763+0000] {dagbag.py:538} INFO - Filling up the DagBag from /opt/airflow/dags/dag_crime_pipeline.py
[2026-06-07T08:22:40.811+0000] {processor.py:840} INFO - DAG(s) 'crime_analytics_pipeline' retrieved from /opt/airflow/dags/dag_crime_pipeline.py
[2026-06-07T08:22:40.852+0000] {logging_mixin.py:188} INFO - [2026-06-07T08:22:40.851+0000] {dag.py:3036} INFO - Sync 1 DAGs
[2026-06-07T08:22:40.877+0000] {logging_mixin.py:188} INFO - [2026-06-07T08:22:40.877+0000] {dag.py:3823} INFO - Setting next_dagrun for crime_analytics_pipeline to 2026-06-06 19:00:00+00:00, run_after=2026-06-13 19:00:00+00:00
[2026-06-07T08:22:40.897+0000] {processor.py:183} INFO - Processing /opt/airflow/dags/dag_crime_pipeline.py took 0.142 seconds
[2026-06-07T08:23:11.499+0000] {processor.py:161} INFO - Started process (PID=304) to work on /opt/airflow/dags/dag_crime_pipeline.py
[2026-06-07T08:23:11.501+0000] {processor.py:830} INFO - Processing file /opt/airflow/dags/dag_crime_pipeline.py for tasks to queue
[2026-06-07T08:23:11.505+0000] {logging_mixin.py:188} INFO - [2026-06-07T08:23:11.505+0000] {dagbag.py:538} INFO - Filling up the DagBag from /opt/airflow/dags/dag_crime_pipeline.py
[2026-06-07T08:23:11.548+0000] {processor.py:840} INFO - DAG(s) 'crime_analytics_pipeline' retrieved from /opt/airflow/dags/dag_crime_pipeline.py
[2026-06-07T08:23:11.586+0000] {logging_mixin.py:188} INFO - [2026-06-07T08:23:11.585+0000] {dag.py:3036} INFO - Sync 1 DAGs
[2026-06-07T08:23:11.612+0000] {logging_mixin.py:188} INFO - [2026-06-07T08:23:11.612+0000] {dag.py:3823} INFO - Setting next_dagrun for crime_analytics_pipeline to 2026-06-06 19:00:00+00:00, run_after=2026-06-13 19:00:00+00:00
[2026-06-07T08:23:11.656+0000] {processor.py:183} INFO - Processing /opt/airflow/dags/dag_crime_pipeline.py took 0.160 seconds
[2026-06-07T08:23:42.323+0000] {processor.py:161} INFO - Started process (PID=309) to work on /opt/airflow/dags/dag_crime_pipeline.py
[2026-06-07T08:23:42.324+0000] {processor.py:830} INFO - Processing file /opt/airflow/dags/dag_crime_pipeline.py for tasks to queue
[2026-06-07T08:23:42.328+0000] {logging_mixin.py:188} INFO - [2026-06-07T08:23:42.327+0000] {dagbag.py:538} INFO - Filling up the DagBag from /opt/airflow/dags/dag_crime_pipeline.py
[2026-06-07T08:23:42.376+0000] {processor.py:840} INFO - DAG(s) 'crime_analytics_pipeline' retrieved from /opt/airflow/dags/dag_crime_pipeline.py
[2026-06-07T08:23:42.417+0000] {logging_mixin.py:188} INFO - [2026-06-07T08:23:42.417+0000] {dag.py:3036} INFO - Sync 1 DAGs
[2026-06-07T08:23:42.443+0000] {logging_mixin.py:188} INFO - [2026-06-07T08:23:42.443+0000] {dag.py:3823} INFO - Setting next_dagrun for crime_analytics_pipeline to 2026-06-06 19:00:00+00:00, run_after=2026-06-13 19:00:00+00:00
[2026-06-07T08:23:42.482+0000] {processor.py:183} INFO - Processing /opt/airflow/dags/dag_crime_pipeline.py took 0.164 seconds
[2026-06-07T08:24:13.256+0000] {processor.py:161} INFO - Started process (PID=314) to work on /opt/airflow/dags/dag_crime_pipeline.py
[2026-06-07T08:24:13.257+0000] {processor.py:830} INFO - Processing file /opt/airflow/dags/dag_crime_pipeline.py for tasks to queue
[2026-06-07T08:24:13.260+0000] {logging_mixin.py:188} INFO - [2026-06-07T08:24:13.259+0000] {dagbag.py:538} INFO - Filling up the DagBag from /opt/airflow/dags/dag_crime_pipeline.py
[2026-06-07T08:24:13.303+0000] {processor.py:840} INFO - DAG(s) 'crime_analytics_pipeline' retrieved from /opt/airflow/dags/dag_crime_pipeline.py
[2026-06-07T08:24:13.338+0000] {logging_mixin.py:188} INFO - [2026-06-07T08:24:13.337+0000] {dag.py:3036} INFO - Sync 1 DAGs
[2026-06-07T08:24:13.372+0000] {logging_mixin.py:188} INFO - [2026-06-07T08:24:13.372+0000] {dag.py:3823} INFO - Setting next_dagrun for crime_analytics_pipeline to 2026-06-06 19:00:00+00:00, run_after=2026-06-13 19:00:00+00:00
[2026-06-07T08:24:13.402+0000] {processor.py:183} INFO - Processing /opt/airflow/dags/dag_crime_pipeline.py took 0.151 seconds
[2026-06-07T08:24:44.033+0000] {processor.py:161} INFO - Started process (PID=319) to work on /opt/airflow/dags/dag_crime_pipeline.py
[2026-06-07T08:24:44.034+0000] {processor.py:830} INFO - Processing file /opt/airflow/dags/dag_crime_pipeline.py for tasks to queue
[2026-06-07T08:24:44.036+0000] {logging_mixin.py:188} INFO - [2026-06-07T08:24:44.036+0000] {dagbag.py:538} INFO - Filling up the DagBag from /opt/airflow/dags/dag_crime_pipeline.py
[2026-06-07T08:24:44.077+0000] {processor.py:840} INFO - DAG(s) 'crime_analytics_pipeline' retrieved from /opt/airflow/dags/dag_crime_pipeline.py
[2026-06-07T08:24:44.116+0000] {logging_mixin.py:188} INFO - [2026-06-07T08:24:44.115+0000] {dag.py:3036} INFO - Sync 1 DAGs
[2026-06-07T08:24:44.145+0000] {logging_mixin.py:188} INFO - [2026-06-07T08:24:44.145+0000] {dag.py:3823} INFO - Setting next_dagrun for crime_analytics_pipeline to 2026-06-06 19:00:00+00:00, run_after=2026-06-13 19:00:00+00:00
[2026-06-07T08:24:44.191+0000] {processor.py:183} INFO - Processing /opt/airflow/dags/dag_crime_pipeline.py took 0.162 seconds
[2026-06-07T08:25:14.712+0000] {processor.py:161} INFO - Started process (PID=324) to work on /opt/airflow/dags/dag_crime_pipeline.py
[2026-06-07T08:25:14.714+0000] {processor.py:830} INFO - Processing file /opt/airflow/dags/dag_crime_pipeline.py for tasks to queue
[2026-06-07T08:25:14.716+0000] {logging_mixin.py:188} INFO - [2026-06-07T08:25:14.716+0000] {dagbag.py:538} INFO - Filling up the DagBag from /opt/airflow/dags/dag_crime_pipeline.py
[2026-06-07T08:25:14.760+0000] {processor.py:840} INFO - DAG(s) 'crime_analytics_pipeline' retrieved from /opt/airflow/dags/dag_crime_pipeline.py
[2026-06-07T08:25:14.799+0000] {logging_mixin.py:188} INFO - [2026-06-07T08:25:14.799+0000] {dag.py:3036} INFO - Sync 1 DAGs
[2026-06-07T08:25:14.831+0000] {logging_mixin.py:188} INFO - [2026-06-07T08:25:14.830+0000] {dag.py:3823} INFO - Setting next_dagrun for crime_analytics_pipeline to 2026-06-06 19:00:00+00:00, run_after=2026-06-13 19:00:00+00:00
[2026-06-07T08:25:14.855+0000] {processor.py:183} INFO - Processing /opt/airflow/dags/dag_crime_pipeline.py took 0.148 seconds
[2026-06-07T08:25:45.705+0000] {processor.py:161} INFO - Started process (PID=329) to work on /opt/airflow/dags/dag_crime_pipeline.py
[2026-06-07T08:25:45.706+0000] {processor.py:830} INFO - Processing file /opt/airflow/dags/dag_crime_pipeline.py for tasks to queue
[2026-06-07T08:25:45.709+0000] {logging_mixin.py:188} INFO - [2026-06-07T08:25:45.708+0000] {dagbag.py:538} INFO - Filling up the DagBag from /opt/airflow/dags/dag_crime_pipeline.py
[2026-06-07T08:25:45.750+0000] {processor.py:840} INFO - DAG(s) 'crime_analytics_pipeline' retrieved from /opt/airflow/dags/dag_crime_pipeline.py
[2026-06-07T08:25:45.790+0000] {logging_mixin.py:188} INFO - [2026-06-07T08:25:45.789+0000] {dag.py:3036} INFO - Sync 1 DAGs
[2026-06-07T08:25:45.822+0000] {logging_mixin.py:188} INFO - [2026-06-07T08:25:45.821+0000] {dag.py:3823} INFO - Setting next_dagrun for crime_analytics_pipeline to 2026-06-06 19:00:00+00:00, run_after=2026-06-13 19:00:00+00:00
[2026-06-07T08:25:45.870+0000] {processor.py:183} INFO - Processing /opt/airflow/dags/dag_crime_pipeline.py took 0.169 seconds
[2026-06-07T08:26:16.527+0000] {processor.py:161} INFO - Started process (PID=334) to work on /opt/airflow/dags/dag_crime_pipeline.py
[2026-06-07T08:26:16.529+0000] {processor.py:830} INFO - Processing file /opt/airflow/dags/dag_crime_pipeline.py for tasks to queue
[2026-06-07T08:26:16.532+0000] {logging_mixin.py:188} INFO - [2026-06-07T08:26:16.531+0000] {dagbag.py:538} INFO - Filling up the DagBag from /opt/airflow/dags/dag_crime_pipeline.py
[2026-06-07T08:26:16.575+0000] {processor.py:840} INFO - DAG(s) 'crime_analytics_pipeline' retrieved from /opt/airflow/dags/dag_crime_pipeline.py
[2026-06-07T08:26:16.613+0000] {logging_mixin.py:188} INFO - [2026-06-07T08:26:16.613+0000] {dag.py:3036} INFO - Sync 1 DAGs
[2026-06-07T08:26:16.639+0000] {logging_mixin.py:188} INFO - [2026-06-07T08:26:16.638+0000] {dag.py:3823} INFO - Setting next_dagrun for crime_analytics_pipeline to 2026-06-06 19:00:00+00:00, run_after=2026-06-13 19:00:00+00:00
[2026-06-07T08:26:16.678+0000] {processor.py:183} INFO - Processing /opt/airflow/dags/dag_crime_pipeline.py took 0.153 seconds
[2026-06-07T08:26:47.356+0000] {processor.py:161} INFO - Started process (PID=339) to work on /opt/airflow/dags/dag_crime_pipeline.py
[2026-06-07T08:26:47.358+0000] {processor.py:830} INFO - Processing file /opt/airflow/dags/dag_crime_pipeline.py for tasks to queue
[2026-06-07T08:26:47.361+0000] {logging_mixin.py:188} INFO - [2026-06-07T08:26:47.360+0000] {dagbag.py:538} INFO - Filling up the DagBag from /opt/airflow/dags/dag_crime_pipeline.py
[2026-06-07T08:26:47.399+0000] {processor.py:840} INFO - DAG(s) 'crime_analytics_pipeline' retrieved from /opt/airflow/dags/dag_crime_pipeline.py
[2026-06-07T08:26:47.436+0000] {logging_mixin.py:188} INFO - [2026-06-07T08:26:47.436+0000] {dag.py:3036} INFO - Sync 1 DAGs
[2026-06-07T08:26:47.462+0000] {logging_mixin.py:188} INFO - [2026-06-07T08:26:47.461+0000] {dag.py:3823} INFO - Setting next_dagrun for crime_analytics_pipeline to 2026-06-06 19:00:00+00:00, run_after=2026-06-13 19:00:00+00:00
[2026-06-07T08:26:47.497+0000] {processor.py:183} INFO - Processing /opt/airflow/dags/dag_crime_pipeline.py took 0.144 seconds
[2026-06-07T08:27:18.034+0000] {processor.py:161} INFO - Started process (PID=344) to work on /opt/airflow/dags/dag_crime_pipeline.py
[2026-06-07T08:27:18.036+0000] {processor.py:830} INFO - Processing file /opt/airflow/dags/dag_crime_pipeline.py for tasks to queue
[2026-06-07T08:27:18.039+0000] {logging_mixin.py:188} INFO - [2026-06-07T08:27:18.038+0000] {dagbag.py:538} INFO - Filling up the DagBag from /opt/airflow/dags/dag_crime_pipeline.py
[2026-06-07T08:27:18.078+0000] {processor.py:840} INFO - DAG(s) 'crime_analytics_pipeline' retrieved from /opt/airflow/dags/dag_crime_pipeline.py
[2026-06-07T08:27:18.117+0000] {logging_mixin.py:188} INFO - [2026-06-07T08:27:18.117+0000] {dag.py:3036} INFO - Sync 1 DAGs
[2026-06-07T08:27:18.148+0000] {logging_mixin.py:188} INFO - [2026-06-07T08:27:18.148+0000] {dag.py:3823} INFO - Setting next_dagrun for crime_analytics_pipeline to 2026-06-06 19:00:00+00:00, run_after=2026-06-13 19:00:00+00:00
[2026-06-07T08:27:18.173+0000] {processor.py:183} INFO - Processing /opt/airflow/dags/dag_crime_pipeline.py took 0.143 seconds
[2026-06-07T08:27:49.081+0000] {processor.py:161} INFO - Started process (PID=349) to work on /opt/airflow/dags/dag_crime_pipeline.py
[2026-06-07T08:27:49.083+0000] {processor.py:830} INFO - Processing file /opt/airflow/dags/dag_crime_pipeline.py for tasks to queue
[2026-06-07T08:27:49.087+0000] {logging_mixin.py:188} INFO - [2026-06-07T08:27:49.087+0000] {dagbag.py:538} INFO - Filling up the DagBag from /opt/airflow/dags/dag_crime_pipeline.py
[2026-06-07T08:27:49.138+0000] {processor.py:840} INFO - DAG(s) 'crime_analytics_pipeline' retrieved from /opt/airflow/dags/dag_crime_pipeline.py
[2026-06-07T08:27:49.207+0000] {logging_mixin.py:188} INFO - [2026-06-07T08:27:49.206+0000] {dag.py:3036} INFO - Sync 1 DAGs
[2026-06-07T08:27:49.241+0000] {logging_mixin.py:188} INFO - [2026-06-07T08:27:49.241+0000] {dag.py:3823} INFO - Setting next_dagrun for crime_analytics_pipeline to 2026-06-06 19:00:00+00:00, run_after=2026-06-13 19:00:00+00:00
[2026-06-07T08:27:49.270+0000] {processor.py:183} INFO - Processing /opt/airflow/dags/dag_crime_pipeline.py took 0.194 seconds
[2026-06-07T08:28:19.821+0000] {processor.py:161} INFO - Started process (PID=354) to work on /opt/airflow/dags/dag_crime_pipeline.py
[2026-06-07T08:28:19.823+0000] {processor.py:830} INFO - Processing file /opt/airflow/dags/dag_crime_pipeline.py for tasks to queue
[2026-06-07T08:28:19.826+0000] {logging_mixin.py:188} INFO - [2026-06-07T08:28:19.825+0000] {dagbag.py:538} INFO - Filling up the DagBag from /opt/airflow/dags/dag_crime_pipeline.py
[2026-06-07T08:28:19.885+0000] {processor.py:840} INFO - DAG(s) 'crime_analytics_pipeline' retrieved from /opt/airflow/dags/dag_crime_pipeline.py
[2026-06-07T08:28:19.942+0000] {logging_mixin.py:188} INFO - [2026-06-07T08:28:19.942+0000] {dag.py:3036} INFO - Sync 1 DAGs
[2026-06-07T08:28:19.972+0000] {logging_mixin.py:188} INFO - [2026-06-07T08:28:19.971+0000] {dag.py:3823} INFO - Setting next_dagrun for crime_analytics_pipeline to 2026-06-06 19:00:00+00:00, run_after=2026-06-13 19:00:00+00:00
[2026-06-07T08:28:20.019+0000] {processor.py:183} INFO - Processing /opt/airflow/dags/dag_crime_pipeline.py took 0.203 seconds
[2026-06-07T08:28:50.179+0000] {processor.py:161} INFO - Started process (PID=359) to work on /opt/airflow/dags/dag_crime_pipeline.py
[2026-06-07T08:28:50.181+0000] {processor.py:830} INFO - Processing file /opt/airflow/dags/dag_crime_pipeline.py for tasks to queue
[2026-06-07T08:28:50.186+0000] {logging_mixin.py:188} INFO - [2026-06-07T08:28:50.185+0000] {dagbag.py:538} INFO - Filling up the DagBag from /opt/airflow/dags/dag_crime_pipeline.py
[2026-06-07T08:28:50.235+0000] {processor.py:840} INFO - DAG(s) 'crime_analytics_pipeline' retrieved from /opt/airflow/dags/dag_crime_pipeline.py
[2026-06-07T08:28:50.303+0000] {logging_mixin.py:188} INFO - [2026-06-07T08:28:50.302+0000] {dag.py:3036} INFO - Sync 1 DAGs
[2026-06-07T08:28:49.912+0000] {logging_mixin.py:188} INFO - [2026-06-07T08:28:49.912+0000] {dag.py:3823} INFO - Setting next_dagrun for crime_analytics_pipeline to 2026-06-06 19:00:00+00:00, run_after=2026-06-13 19:00:00+00:00
[2026-06-07T08:28:49.939+0000] {processor.py:183} INFO - Processing /opt/airflow/dags/dag_crime_pipeline.py took 0.190 seconds
[2026-06-07T08:29:20.472+0000] {processor.py:161} INFO - Started process (PID=364) to work on /opt/airflow/dags/dag_crime_pipeline.py
[2026-06-07T08:29:20.474+0000] {processor.py:830} INFO - Processing file /opt/airflow/dags/dag_crime_pipeline.py for tasks to queue
[2026-06-07T08:29:20.479+0000] {logging_mixin.py:188} INFO - [2026-06-07T08:29:20.478+0000] {dagbag.py:538} INFO - Filling up the DagBag from /opt/airflow/dags/dag_crime_pipeline.py
[2026-06-07T08:29:20.522+0000] {processor.py:840} INFO - DAG(s) 'crime_analytics_pipeline' retrieved from /opt/airflow/dags/dag_crime_pipeline.py
[2026-06-07T08:29:20.564+0000] {logging_mixin.py:188} INFO - [2026-06-07T08:29:20.564+0000] {dag.py:3036} INFO - Sync 1 DAGs
[2026-06-07T08:29:20.597+0000] {logging_mixin.py:188} INFO - [2026-06-07T08:29:20.597+0000] {dag.py:3823} INFO - Setting next_dagrun for crime_analytics_pipeline to 2026-06-06 19:00:00+00:00, run_after=2026-06-13 19:00:00+00:00
[2026-06-07T08:29:20.626+0000] {processor.py:183} INFO - Processing /opt/airflow/dags/dag_crime_pipeline.py took 0.157 seconds
[2026-06-07T08:29:51.055+0000] {processor.py:161} INFO - Started process (PID=369) to work on /opt/airflow/dags/dag_crime_pipeline.py
[2026-06-07T08:29:51.056+0000] {processor.py:830} INFO - Processing file /opt/airflow/dags/dag_crime_pipeline.py for tasks to queue
[2026-06-07T08:29:51.059+0000] {logging_mixin.py:188} INFO - [2026-06-07T08:29:51.059+0000] {dagbag.py:538} INFO - Filling up the DagBag from /opt/airflow/dags/dag_crime_pipeline.py
[2026-06-07T08:29:51.102+0000] {processor.py:840} INFO - DAG(s) 'crime_analytics_pipeline' retrieved from /opt/airflow/dags/dag_crime_pipeline.py
[2026-06-07T08:29:51.145+0000] {logging_mixin.py:188} INFO - [2026-06-07T08:29:51.145+0000] {dag.py:3036} INFO - Sync 1 DAGs
[2026-06-07T08:29:51.177+0000] {logging_mixin.py:188} INFO - [2026-06-07T08:29:51.177+0000] {dag.py:3823} INFO - Setting next_dagrun for crime_analytics_pipeline to 2026-06-06 19:00:00+00:00, run_after=2026-06-13 19:00:00+00:00
[2026-06-07T08:29:51.206+0000] {processor.py:183} INFO - Processing /opt/airflow/dags/dag_crime_pipeline.py took 0.155 seconds
[2026-06-07T08:30:21.777+0000] {processor.py:161} INFO - Started process (PID=374) to work on /opt/airflow/dags/dag_crime_pipeline.py
[2026-06-07T08:30:21.778+0000] {processor.py:830} INFO - Processing file /opt/airflow/dags/dag_crime_pipeline.py for tasks to queue
[2026-06-07T08:30:21.782+0000] {logging_mixin.py:188} INFO - [2026-06-07T08:30:21.781+0000] {dagbag.py:538} INFO - Filling up the DagBag from /opt/airflow/dags/dag_crime_pipeline.py
[2026-06-07T08:30:21.826+0000] {processor.py:840} INFO - DAG(s) 'crime_analytics_pipeline' retrieved from /opt/airflow/dags/dag_crime_pipeline.py
[2026-06-07T08:30:21.868+0000] {logging_mixin.py:188} INFO - [2026-06-07T08:30:21.867+0000] {dag.py:3036} INFO - Sync 1 DAGs
[2026-06-07T08:30:21.895+0000] {logging_mixin.py:188} INFO - [2026-06-07T08:30:21.895+0000] {dag.py:3823} INFO - Setting next_dagrun for crime_analytics_pipeline to 2026-06-06 19:00:00+00:00, run_after=2026-06-13 19:00:00+00:00
[2026-06-07T08:30:21.926+0000] {processor.py:183} INFO - Processing /opt/airflow/dags/dag_crime_pipeline.py took 0.154 seconds
[2026-06-07T08:30:52.336+0000] {processor.py:161} INFO - Started process (PID=379) to work on /opt/airflow/dags/dag_crime_pipeline.py
[2026-06-07T08:30:52.338+0000] {processor.py:830} INFO - Processing file /opt/airflow/dags/dag_crime_pipeline.py for tasks to queue
[2026-06-07T08:30:52.342+0000] {logging_mixin.py:188} INFO - [2026-06-07T08:30:52.342+0000] {dagbag.py:538} INFO - Filling up the DagBag from /opt/airflow/dags/dag_crime_pipeline.py
[2026-06-07T08:30:52.394+0000] {processor.py:840} INFO - DAG(s) 'crime_analytics_pipeline' retrieved from /opt/airflow/dags/dag_crime_pipeline.py
[2026-06-07T08:30:52.435+0000] {logging_mixin.py:188} INFO - [2026-06-07T08:30:52.434+0000] {dag.py:3036} INFO - Sync 1 DAGs
[2026-06-07T08:30:52.459+0000] {logging_mixin.py:188} INFO - [2026-06-07T08:30:52.459+0000] {dag.py:3823} INFO - Setting next_dagrun for crime_analytics_pipeline to 2026-06-06 19:00:00+00:00, run_after=2026-06-13 19:00:00+00:00
[2026-06-07T08:30:52.482+0000] {processor.py:183} INFO - Processing /opt/airflow/dags/dag_crime_pipeline.py took 0.154 seconds
[2026-06-07T08:31:23.063+0000] {processor.py:161} INFO - Started process (PID=384) to work on /opt/airflow/dags/dag_crime_pipeline.py
[2026-06-07T08:31:23.065+0000] {processor.py:830} INFO - Processing file /opt/airflow/dags/dag_crime_pipeline.py for tasks to queue
[2026-06-07T08:31:23.068+0000] {logging_mixin.py:188} INFO - [2026-06-07T08:31:23.067+0000] {dagbag.py:538} INFO - Filling up the DagBag from /opt/airflow/dags/dag_crime_pipeline.py
[2026-06-07T08:31:23.117+0000] {processor.py:840} INFO - DAG(s) 'crime_analytics_pipeline' retrieved from /opt/airflow/dags/dag_crime_pipeline.py
[2026-06-07T08:31:23.155+0000] {logging_mixin.py:188} INFO - [2026-06-07T08:31:23.155+0000] {dag.py:3036} INFO - Sync 1 DAGs
[2026-06-07T08:31:23.180+0000] {logging_mixin.py:188} INFO - [2026-06-07T08:31:23.180+0000] {dag.py:3823} INFO - Setting next_dagrun for crime_analytics_pipeline to 2026-06-06 19:00:00+00:00, run_after=2026-06-13 19:00:00+00:00
[2026-06-07T08:31:23.224+0000] {processor.py:183} INFO - Processing /opt/airflow/dags/dag_crime_pipeline.py took 0.166 seconds
[2026-06-07T08:31:53.744+0000] {processor.py:161} INFO - Started process (PID=389) to work on /opt/airflow/dags/dag_crime_pipeline.py
[2026-06-07T08:31:53.746+0000] {processor.py:830} INFO - Processing file /opt/airflow/dags/dag_crime_pipeline.py for tasks to queue
[2026-06-07T08:31:53.750+0000] {logging_mixin.py:188} INFO - [2026-06-07T08:31:53.749+0000] {dagbag.py:538} INFO - Filling up the DagBag from /opt/airflow/dags/dag_crime_pipeline.py
[2026-06-07T08:31:53.804+0000] {processor.py:840} INFO - DAG(s) 'crime_analytics_pipeline' retrieved from /opt/airflow/dags/dag_crime_pipeline.py
[2026-06-07T08:31:53.876+0000] {logging_mixin.py:188} INFO - [2026-06-07T08:31:53.875+0000] {dag.py:3036} INFO - Sync 1 DAGs
[2026-06-07T08:31:53.921+0000] {logging_mixin.py:188} INFO - [2026-06-07T08:31:53.920+0000] {dag.py:3823} INFO - Setting next_dagrun for crime_analytics_pipeline to 2026-06-06 19:00:00+00:00, run_after=2026-06-13 19:00:00+00:00
[2026-06-07T08:31:53.946+0000] {processor.py:183} INFO - Processing /opt/airflow/dags/dag_crime_pipeline.py took 0.207 seconds
[2026-06-07T08:32:24.330+0000] {processor.py:161} INFO - Started process (PID=394) to work on /opt/airflow/dags/dag_crime_pipeline.py
[2026-06-07T08:32:24.332+0000] {processor.py:830} INFO - Processing file /opt/airflow/dags/dag_crime_pipeline.py for tasks to queue
[2026-06-07T08:32:24.335+0000] {logging_mixin.py:188} INFO - [2026-06-07T08:32:24.335+0000] {dagbag.py:538} INFO - Filling up the DagBag from /opt/airflow/dags/dag_crime_pipeline.py
[2026-06-07T08:32:24.379+0000] {processor.py:840} INFO - DAG(s) 'crime_analytics_pipeline' retrieved from /opt/airflow/dags/dag_crime_pipeline.py
[2026-06-07T08:32:24.425+0000] {logging_mixin.py:188} INFO - [2026-06-07T08:32:24.424+0000] {dag.py:3036} INFO - Sync 1 DAGs
[2026-06-07T08:32:24.457+0000] {logging_mixin.py:188} INFO - [2026-06-07T08:32:24.457+0000] {dag.py:3823} INFO - Setting next_dagrun for crime_analytics_pipeline to 2026-06-06 19:00:00+00:00, run_after=2026-06-13 19:00:00+00:00
[2026-06-07T08:32:24.483+0000] {processor.py:183} INFO - Processing /opt/airflow/dags/dag_crime_pipeline.py took 0.157 seconds
[2026-06-07T08:32:55.161+0000] {processor.py:161} INFO - Started process (PID=399) to work on /opt/airflow/dags/dag_crime_pipeline.py
[2026-06-07T08:32:55.162+0000] {processor.py:830} INFO - Processing file /opt/airflow/dags/dag_crime_pipeline.py for tasks to queue
[2026-06-07T08:32:55.166+0000] {logging_mixin.py:188} INFO - [2026-06-07T08:32:55.165+0000] {dagbag.py:538} INFO - Filling up the DagBag from /opt/airflow/dags/dag_crime_pipeline.py
[2026-06-07T08:32:55.210+0000] {processor.py:840} INFO - DAG(s) 'crime_analytics_pipeline' retrieved from /opt/airflow/dags/dag_crime_pipeline.py
[2026-06-07T08:32:55.250+0000] {logging_mixin.py:188} INFO - [2026-06-07T08:32:55.250+0000] {dag.py:3036} INFO - Sync 1 DAGs
[2026-06-07T08:32:55.286+0000] {logging_mixin.py:188} INFO - [2026-06-07T08:32:55.286+0000] {dag.py:3823} INFO - Setting next_dagrun for crime_analytics_pipeline to 2026-06-06 19:00:00+00:00, run_after=2026-06-13 19:00:00+00:00
[2026-06-07T08:32:55.316+0000] {processor.py:183} INFO - Processing /opt/airflow/dags/dag_crime_pipeline.py took 0.161 seconds
[2026-06-07T08:33:25.789+0000] {processor.py:161} INFO - Started process (PID=404) to work on /opt/airflow/dags/dag_crime_pipeline.py
[2026-06-07T08:33:25.792+0000] {processor.py:830} INFO - Processing file /opt/airflow/dags/dag_crime_pipeline.py for tasks to queue
[2026-06-07T08:33:25.797+0000] {logging_mixin.py:188} INFO - [2026-06-07T08:33:25.796+0000] {dagbag.py:538} INFO - Filling up the DagBag from /opt/airflow/dags/dag_crime_pipeline.py
[2026-06-07T08:33:25.852+0000] {processor.py:840} INFO - DAG(s) 'crime_analytics_pipeline' retrieved from /opt/airflow/dags/dag_crime_pipeline.py
[2026-06-07T08:33:25.894+0000] {logging_mixin.py:188} INFO - [2026-06-07T08:33:25.893+0000] {dag.py:3036} INFO - Sync 1 DAGs
[2026-06-07T08:33:25.926+0000] {logging_mixin.py:188} INFO - [2026-06-07T08:33:25.925+0000] {dag.py:3823} INFO - Setting next_dagrun for crime_analytics_pipeline to 2026-06-06 19:00:00+00:00, run_after=2026-06-13 19:00:00+00:00
[2026-06-07T08:33:25.970+0000] {processor.py:183} INFO - Processing /opt/airflow/dags/dag_crime_pipeline.py took 0.187 seconds
[2026-06-07T08:33:56.459+0000] {processor.py:161} INFO - Started process (PID=409) to work on /opt/airflow/dags/dag_crime_pipeline.py
[2026-06-07T08:33:56.461+0000] {processor.py:830} INFO - Processing file /opt/airflow/dags/dag_crime_pipeline.py for tasks to queue
[2026-06-07T08:33:56.465+0000] {logging_mixin.py:188} INFO - [2026-06-07T08:33:56.464+0000] {dagbag.py:538} INFO - Filling up the DagBag from /opt/airflow/dags/dag_crime_pipeline.py
[2026-06-07T08:33:56.515+0000] {processor.py:840} INFO - DAG(s) 'crime_analytics_pipeline' retrieved from /opt/airflow/dags/dag_crime_pipeline.py
[2026-06-07T08:33:56.564+0000] {logging_mixin.py:188} INFO - [2026-06-07T08:33:56.563+0000] {dag.py:3036} INFO - Sync 1 DAGs
[2026-06-07T08:33:56.612+0000] {logging_mixin.py:188} INFO - [2026-06-07T08:33:56.611+0000] {dag.py:3823} INFO - Setting next_dagrun for crime_analytics_pipeline to 2026-06-06 19:00:00+00:00, run_after=2026-06-13 19:00:00+00:00
[2026-06-07T08:33:56.661+0000] {processor.py:183} INFO - Processing /opt/airflow/dags/dag_crime_pipeline.py took 0.209 seconds
[2026-06-07T08:34:27.113+0000] {processor.py:161} INFO - Started process (PID=414) to work on /opt/airflow/dags/dag_crime_pipeline.py
[2026-06-07T08:34:27.115+0000] {processor.py:830} INFO - Processing file /opt/airflow/dags/dag_crime_pipeline.py for tasks to queue
[2026-06-07T08:34:27.120+0000] {logging_mixin.py:188} INFO - [2026-06-07T08:34:27.119+0000] {dagbag.py:538} INFO - Filling up the DagBag from /opt/airflow/dags/dag_crime_pipeline.py
[2026-06-07T08:34:27.169+0000] {processor.py:840} INFO - DAG(s) 'crime_analytics_pipeline' retrieved from /opt/airflow/dags/dag_crime_pipeline.py
[2026-06-07T08:34:27.211+0000] {logging_mixin.py:188} INFO - [2026-06-07T08:34:27.210+0000] {dag.py:3036} INFO - Sync 1 DAGs
[2026-06-07T08:34:27.240+0000] {logging_mixin.py:188} INFO - [2026-06-07T08:34:27.239+0000] {dag.py:3823} INFO - Setting next_dagrun for crime_analytics_pipeline to 2026-06-06 19:00:00+00:00, run_after=2026-06-13 19:00:00+00:00
[2026-06-07T08:34:27.285+0000] {processor.py:183} INFO - Processing /opt/airflow/dags/dag_crime_pipeline.py took 0.177 seconds
[2026-06-07T08:34:57.888+0000] {processor.py:161} INFO - Started process (PID=419) to work on /opt/airflow/dags/dag_crime_pipeline.py
[2026-06-07T08:34:57.890+0000] {processor.py:830} INFO - Processing file /opt/airflow/dags/dag_crime_pipeline.py for tasks to queue
[2026-06-07T08:34:57.894+0000] {logging_mixin.py:188} INFO - [2026-06-07T08:34:57.893+0000] {dagbag.py:538} INFO - Filling up the DagBag from /opt/airflow/dags/dag_crime_pipeline.py
[2026-06-07T08:34:57.940+0000] {processor.py:840} INFO - DAG(s) 'crime_analytics_pipeline' retrieved from /opt/airflow/dags/dag_crime_pipeline.py
[2026-06-07T08:34:57.976+0000] {logging_mixin.py:188} INFO - [2026-06-07T08:34:57.976+0000] {dag.py:3036} INFO - Sync 1 DAGs
[2026-06-07T08:34:58.002+0000] {logging_mixin.py:188} INFO - [2026-06-07T08:34:58.002+0000] {dag.py:3823} INFO - Setting next_dagrun for crime_analytics_pipeline to 2026-06-06 19:00:00+00:00, run_after=2026-06-13 19:00:00+00:00
[2026-06-07T08:34:58.023+0000] {processor.py:183} INFO - Processing /opt/airflow/dags/dag_crime_pipeline.py took 0.141 seconds
[2026-06-07T08:35:28.589+0000] {processor.py:161} INFO - Started process (PID=424) to work on /opt/airflow/dags/dag_crime_pipeline.py
[2026-06-07T08:35:28.591+0000] {processor.py:830} INFO - Processing file /opt/airflow/dags/dag_crime_pipeline.py for tasks to queue
[2026-06-07T08:35:28.595+0000] {logging_mixin.py:188} INFO - [2026-06-07T08:35:28.594+0000] {dagbag.py:538} INFO - Filling up the DagBag from /opt/airflow/dags/dag_crime_pipeline.py
[2026-06-07T08:35:28.644+0000] {processor.py:840} INFO - DAG(s) 'crime_analytics_pipeline' retrieved from /opt/airflow/dags/dag_crime_pipeline.py
[2026-06-07T08:35:28.682+0000] {logging_mixin.py:188} INFO - [2026-06-07T08:35:28.682+0000] {dag.py:3036} INFO - Sync 1 DAGs
[2026-06-07T08:35:28.706+0000] {logging_mixin.py:188} INFO - [2026-06-07T08:35:28.706+0000] {dag.py:3823} INFO - Setting next_dagrun for crime_analytics_pipeline to 2026-06-06 19:00:00+00:00, run_after=2026-06-13 19:00:00+00:00
[2026-06-07T08:35:28.729+0000] {processor.py:183} INFO - Processing /opt/airflow/dags/dag_crime_pipeline.py took 0.146 seconds
[2026-06-07T08:35:59.124+0000] {processor.py:161} INFO - Started process (PID=429) to work on /opt/airflow/dags/dag_crime_pipeline.py
[2026-06-07T08:35:59.125+0000] {processor.py:830} INFO - Processing file /opt/airflow/dags/dag_crime_pipeline.py for tasks to queue
[2026-06-07T08:35:59.129+0000] {logging_mixin.py:188} INFO - [2026-06-07T08:35:59.128+0000] {dagbag.py:538} INFO - Filling up the DagBag from /opt/airflow/dags/dag_crime_pipeline.py
[2026-06-07T08:35:59.177+0000] {processor.py:840} INFO - DAG(s) 'crime_analytics_pipeline' retrieved from /opt/airflow/dags/dag_crime_pipeline.py
[2026-06-07T08:35:59.219+0000] {logging_mixin.py:188} INFO - [2026-06-07T08:35:59.219+0000] {dag.py:3036} INFO - Sync 1 DAGs
[2026-06-07T08:35:59.250+0000] {logging_mixin.py:188} INFO - [2026-06-07T08:35:59.250+0000] {dag.py:3823} INFO - Setting next_dagrun for crime_analytics_pipeline to 2026-06-06 19:00:00+00:00, run_after=2026-06-13 19:00:00+00:00
[2026-06-07T08:35:59.295+0000] {processor.py:183} INFO - Processing /opt/airflow/dags/dag_crime_pipeline.py took 0.176 seconds
[2026-06-07T08:36:29.966+0000] {processor.py:161} INFO - Started process (PID=434) to work on /opt/airflow/dags/dag_crime_pipeline.py
[2026-06-07T08:36:29.968+0000] {processor.py:830} INFO - Processing file /opt/airflow/dags/dag_crime_pipeline.py for tasks to queue
[2026-06-07T08:36:29.972+0000] {logging_mixin.py:188} INFO - [2026-06-07T08:36:29.971+0000] {dagbag.py:538} INFO - Filling up the DagBag from /opt/airflow/dags/dag_crime_pipeline.py
[2026-06-07T08:36:30.016+0000] {processor.py:840} INFO - DAG(s) 'crime_analytics_pipeline' retrieved from /opt/airflow/dags/dag_crime_pipeline.py
[2026-06-07T08:36:30.053+0000] {logging_mixin.py:188} INFO - [2026-06-07T08:36:30.053+0000] {dag.py:3036} INFO - Sync 1 DAGs
[2026-06-07T08:36:30.084+0000] {logging_mixin.py:188} INFO - [2026-06-07T08:36:30.084+0000] {dag.py:3823} INFO - Setting next_dagrun for crime_analytics_pipeline to 2026-06-06 19:00:00+00:00, run_after=2026-06-13 19:00:00+00:00
[2026-06-07T08:36:30.130+0000] {processor.py:183} INFO - Processing /opt/airflow/dags/dag_crime_pipeline.py took 0.169 seconds
[2026-06-07T08:37:00.693+0000] {processor.py:161} INFO - Started process (PID=439) to work on /opt/airflow/dags/dag_crime_pipeline.py
[2026-06-07T08:37:00.695+0000] {processor.py:830} INFO - Processing file /opt/airflow/dags/dag_crime_pipeline.py for tasks to queue
[2026-06-07T08:37:00.699+0000] {logging_mixin.py:188} INFO - [2026-06-07T08:37:00.698+0000] {dagbag.py:538} INFO - Filling up the DagBag from /opt/airflow/dags/dag_crime_pipeline.py
[2026-06-07T08:37:00.752+0000] {processor.py:840} INFO - DAG(s) 'crime_analytics_pipeline' retrieved from /opt/airflow/dags/dag_crime_pipeline.py
[2026-06-07T08:37:00.794+0000] {logging_mixin.py:188} INFO - [2026-06-07T08:37:00.793+0000] {dag.py:3036} INFO - Sync 1 DAGs
[2026-06-07T08:37:00.830+0000] {logging_mixin.py:188} INFO - [2026-06-07T08:37:00.830+0000] {dag.py:3823} INFO - Setting next_dagrun for crime_analytics_pipeline to 2026-06-06 19:00:00+00:00, run_after=2026-06-13 19:00:00+00:00
[2026-06-07T08:37:00.863+0000] {processor.py:183} INFO - Processing /opt/airflow/dags/dag_crime_pipeline.py took 0.176 seconds
[2026-06-07T08:37:31.380+0000] {processor.py:161} INFO - Started process (PID=444) to work on /opt/airflow/dags/dag_crime_pipeline.py
[2026-06-07T08:37:31.382+0000] {processor.py:830} INFO - Processing file /opt/airflow/dags/dag_crime_pipeline.py for tasks to queue
[2026-06-07T08:37:31.390+0000] {logging_mixin.py:188} INFO - [2026-06-07T08:37:31.387+0000] {dagbag.py:538} INFO - Filling up the DagBag from /opt/airflow/dags/dag_crime_pipeline.py
[2026-06-07T08:37:31.443+0000] {processor.py:840} INFO - DAG(s) 'crime_analytics_pipeline' retrieved from /opt/airflow/dags/dag_crime_pipeline.py
[2026-06-07T08:37:31.479+0000] {logging_mixin.py:188} INFO - [2026-06-07T08:37:31.479+0000] {dag.py:3036} INFO - Sync 1 DAGs
[2026-06-07T08:37:31.504+0000] {logging_mixin.py:188} INFO - [2026-06-07T08:37:31.504+0000] {dag.py:3823} INFO - Setting next_dagrun for crime_analytics_pipeline to 2026-06-06 19:00:00+00:00, run_after=2026-06-13 19:00:00+00:00
[2026-06-07T08:37:31.550+0000] {processor.py:183} INFO - Processing /opt/airflow/dags/dag_crime_pipeline.py took 0.178 seconds
[2026-06-07T08:38:02.257+0000] {processor.py:161} INFO - Started process (PID=449) to work on /opt/airflow/dags/dag_crime_pipeline.py
[2026-06-07T08:38:02.259+0000] {processor.py:830} INFO - Processing file /opt/airflow/dags/dag_crime_pipeline.py for tasks to queue
[2026-06-07T08:38:02.263+0000] {logging_mixin.py:188} INFO - [2026-06-07T08:38:02.262+0000] {dagbag.py:538} INFO - Filling up the DagBag from /opt/airflow/dags/dag_crime_pipeline.py
[2026-06-07T08:38:02.310+0000] {processor.py:840} INFO - DAG(s) 'crime_analytics_pipeline' retrieved from /opt/airflow/dags/dag_crime_pipeline.py
[2026-06-07T08:38:02.355+0000] {logging_mixin.py:188} INFO - [2026-06-07T08:38:02.355+0000] {dag.py:3036} INFO - Sync 1 DAGs
[2026-06-07T08:38:02.391+0000] {logging_mixin.py:188} INFO - [2026-06-07T08:38:02.391+0000] {dag.py:3823} INFO - Setting next_dagrun for crime_analytics_pipeline to 2026-06-06 19:00:00+00:00, run_after=2026-06-13 19:00:00+00:00
[2026-06-07T08:38:02.431+0000] {processor.py:183} INFO - Processing /opt/airflow/dags/dag_crime_pipeline.py took 0.179 seconds
[2026-06-07T08:38:32.876+0000] {processor.py:161} INFO - Started process (PID=454) to work on /opt/airflow/dags/dag_crime_pipeline.py
[2026-06-07T08:38:32.878+0000] {processor.py:830} INFO - Processing file /opt/airflow/dags/dag_crime_pipeline.py for tasks to queue
[2026-06-07T08:38:32.880+0000] {logging_mixin.py:188} INFO - [2026-06-07T08:38:32.880+0000] {dagbag.py:538} INFO - Filling up the DagBag from /opt/airflow/dags/dag_crime_pipeline.py
[2026-06-07T08:38:32.923+0000] {processor.py:840} INFO - DAG(s) 'crime_analytics_pipeline' retrieved from /opt/airflow/dags/dag_crime_pipeline.py
[2026-06-07T08:38:32.963+0000] {logging_mixin.py:188} INFO - [2026-06-07T08:38:32.962+0000] {dag.py:3036} INFO - Sync 1 DAGs
[2026-06-07T08:38:32.989+0000] {logging_mixin.py:188} INFO - [2026-06-07T08:38:32.988+0000] {dag.py:3823} INFO - Setting next_dagrun for crime_analytics_pipeline to 2026-06-06 19:00:00+00:00, run_after=2026-06-13 19:00:00+00:00
[2026-06-07T08:38:33.033+0000] {processor.py:183} INFO - Processing /opt/airflow/dags/dag_crime_pipeline.py took 0.161 seconds
[2026-06-07T08:39:03.498+0000] {processor.py:161} INFO - Started process (PID=459) to work on /opt/airflow/dags/dag_crime_pipeline.py
[2026-06-07T08:39:03.499+0000] {processor.py:830} INFO - Processing file /opt/airflow/dags/dag_crime_pipeline.py for tasks to queue
[2026-06-07T08:39:03.502+0000] {logging_mixin.py:188} INFO - [2026-06-07T08:39:03.501+0000] {dagbag.py:538} INFO - Filling up the DagBag from /opt/airflow/dags/dag_crime_pipeline.py
[2026-06-07T08:39:03.545+0000] {processor.py:840} INFO - DAG(s) 'crime_analytics_pipeline' retrieved from /opt/airflow/dags/dag_crime_pipeline.py
[2026-06-07T08:39:03.585+0000] {logging_mixin.py:188} INFO - [2026-06-07T08:39:03.584+0000] {dag.py:3036} INFO - Sync 1 DAGs
[2026-06-07T08:39:03.619+0000] {logging_mixin.py:188} INFO - [2026-06-07T08:39:03.618+0000] {dag.py:3823} INFO - Setting next_dagrun for crime_analytics_pipeline to 2026-06-06 19:00:00+00:00, run_after=2026-06-13 19:00:00+00:00
[2026-06-07T08:39:03.644+0000] {processor.py:183} INFO - Processing /opt/airflow/dags/dag_crime_pipeline.py took 0.150 seconds
[2026-06-07T08:39:34.407+0000] {processor.py:161} INFO - Started process (PID=464) to work on /opt/airflow/dags/dag_crime_pipeline.py
[2026-06-07T08:39:34.408+0000] {processor.py:830} INFO - Processing file /opt/airflow/dags/dag_crime_pipeline.py for tasks to queue
[2026-06-07T08:39:34.412+0000] {logging_mixin.py:188} INFO - [2026-06-07T08:39:34.412+0000] {dagbag.py:538} INFO - Filling up the DagBag from /opt/airflow/dags/dag_crime_pipeline.py
[2026-06-07T08:39:34.458+0000] {processor.py:840} INFO - DAG(s) 'crime_analytics_pipeline' retrieved from /opt/airflow/dags/dag_crime_pipeline.py
[2026-06-07T08:39:34.497+0000] {logging_mixin.py:188} INFO - [2026-06-07T08:39:34.497+0000] {dag.py:3036} INFO - Sync 1 DAGs
[2026-06-07T08:39:34.532+0000] {logging_mixin.py:188} INFO - [2026-06-07T08:39:34.532+0000] {dag.py:3823} INFO - Setting next_dagrun for crime_analytics_pipeline to 2026-06-06 19:00:00+00:00, run_after=2026-06-13 19:00:00+00:00
[2026-06-07T08:39:34.562+0000] {processor.py:183} INFO - Processing /opt/airflow/dags/dag_crime_pipeline.py took 0.160 seconds
[2026-06-07T08:40:05.452+0000] {processor.py:161} INFO - Started process (PID=469) to work on /opt/airflow/dags/dag_crime_pipeline.py
[2026-06-07T08:40:05.454+0000] {processor.py:830} INFO - Processing file /opt/airflow/dags/dag_crime_pipeline.py for tasks to queue
[2026-06-07T08:40:05.457+0000] {logging_mixin.py:188} INFO - [2026-06-07T08:40:05.457+0000] {dagbag.py:538} INFO - Filling up the DagBag from /opt/airflow/dags/dag_crime_pipeline.py
[2026-06-07T08:40:05.503+0000] {processor.py:840} INFO - DAG(s) 'crime_analytics_pipeline' retrieved from /opt/airflow/dags/dag_crime_pipeline.py
[2026-06-07T08:40:05.560+0000] {logging_mixin.py:188} INFO - [2026-06-07T08:40:05.560+0000] {dag.py:3036} INFO - Sync 1 DAGs
[2026-06-07T08:40:05.597+0000] {logging_mixin.py:188} INFO - [2026-06-07T08:40:05.596+0000] {dag.py:3823} INFO - Setting next_dagrun for crime_analytics_pipeline to 2026-06-06 19:00:00+00:00, run_after=2026-06-13 19:00:00+00:00
[2026-06-07T08:40:05.628+0000] {processor.py:183} INFO - Processing /opt/airflow/dags/dag_crime_pipeline.py took 0.181 seconds
[2026-06-07T08:40:36.277+0000] {processor.py:161} INFO - Started process (PID=474) to work on /opt/airflow/dags/dag_crime_pipeline.py
[2026-06-07T08:40:36.279+0000] {processor.py:830} INFO - Processing file /opt/airflow/dags/dag_crime_pipeline.py for tasks to queue
[2026-06-07T08:40:36.284+0000] {logging_mixin.py:188} INFO - [2026-06-07T08:40:36.283+0000] {dagbag.py:538} INFO - Filling up the DagBag from /opt/airflow/dags/dag_crime_pipeline.py
[2026-06-07T08:40:36.328+0000] {processor.py:840} INFO - DAG(s) 'crime_analytics_pipeline' retrieved from /opt/airflow/dags/dag_crime_pipeline.py
[2026-06-07T08:40:36.367+0000] {logging_mixin.py:188} INFO - [2026-06-07T08:40:36.367+0000] {dag.py:3036} INFO - Sync 1 DAGs
[2026-06-07T08:40:36.394+0000] {logging_mixin.py:188} INFO - [2026-06-07T08:40:36.394+0000] {dag.py:3823} INFO - Setting next_dagrun for crime_analytics_pipeline to 2026-06-06 19:00:00+00:00, run_after=2026-06-13 19:00:00+00:00
[2026-06-07T08:40:36.423+0000] {processor.py:183} INFO - Processing /opt/airflow/dags/dag_crime_pipeline.py took 0.150 seconds
[2026-06-07T08:41:06.986+0000] {processor.py:161} INFO - Started process (PID=479) to work on /opt/airflow/dags/dag_crime_pipeline.py
[2026-06-07T08:41:06.988+0000] {processor.py:830} INFO - Processing file /opt/airflow/dags/dag_crime_pipeline.py for tasks to queue
[2026-06-07T08:41:06.992+0000] {logging_mixin.py:188} INFO - [2026-06-07T08:41:06.991+0000] {dagbag.py:538} INFO - Filling up the DagBag from /opt/airflow/dags/dag_crime_pipeline.py
[2026-06-07T08:41:07.036+0000] {processor.py:840} INFO - DAG(s) 'crime_analytics_pipeline' retrieved from /opt/airflow/dags/dag_crime_pipeline.py
[2026-06-07T08:41:07.074+0000] {logging_mixin.py:188} INFO - [2026-06-07T08:41:07.074+0000] {dag.py:3036} INFO - Sync 1 DAGs
[2026-06-07T08:41:07.102+0000] {logging_mixin.py:188} INFO - [2026-06-07T08:41:07.101+0000] {dag.py:3823} INFO - Setting next_dagrun for crime_analytics_pipeline to 2026-06-06 19:00:00+00:00, run_after=2026-06-13 19:00:00+00:00
[2026-06-07T08:41:07.145+0000] {processor.py:183} INFO - Processing /opt/airflow/dags/dag_crime_pipeline.py took 0.164 seconds
[2026-06-07T08:41:37.659+0000] {processor.py:161} INFO - Started process (PID=484) to work on /opt/airflow/dags/dag_crime_pipeline.py
[2026-06-07T08:41:37.661+0000] {processor.py:830} INFO - Processing file /opt/airflow/dags/dag_crime_pipeline.py for tasks to queue
[2026-06-07T08:41:37.665+0000] {logging_mixin.py:188} INFO - [2026-06-07T08:41:37.664+0000] {dagbag.py:538} INFO - Filling up the DagBag from /opt/airflow/dags/dag_crime_pipeline.py
[2026-06-07T08:41:37.712+0000] {processor.py:840} INFO - DAG(s) 'crime_analytics_pipeline' retrieved from /opt/airflow/dags/dag_crime_pipeline.py
[2026-06-07T08:41:37.750+0000] {logging_mixin.py:188} INFO - [2026-06-07T08:41:37.750+0000] {dag.py:3036} INFO - Sync 1 DAGs
[2026-06-07T08:41:37.776+0000] {logging_mixin.py:188} INFO - [2026-06-07T08:41:37.775+0000] {dag.py:3823} INFO - Setting next_dagrun for crime_analytics_pipeline to 2026-06-06 19:00:00+00:00, run_after=2026-06-13 19:00:00+00:00
[2026-06-07T08:41:37.797+0000] {processor.py:183} INFO - Processing /opt/airflow/dags/dag_crime_pipeline.py took 0.142 seconds
[2026-06-07T08:42:08.329+0000] {processor.py:161} INFO - Started process (PID=489) to work on /opt/airflow/dags/dag_crime_pipeline.py
[2026-06-07T08:42:08.331+0000] {processor.py:830} INFO - Processing file /opt/airflow/dags/dag_crime_pipeline.py for tasks to queue
[2026-06-07T08:42:08.334+0000] {logging_mixin.py:188} INFO - [2026-06-07T08:42:08.333+0000] {dagbag.py:538} INFO - Filling up the DagBag from /opt/airflow/dags/dag_crime_pipeline.py
[2026-06-07T08:42:08.376+0000] {processor.py:840} INFO - DAG(s) 'crime_analytics_pipeline' retrieved from /opt/airflow/dags/dag_crime_pipeline.py
[2026-06-07T08:42:08.410+0000] {logging_mixin.py:188} INFO - [2026-06-07T08:42:08.409+0000] {dag.py:3036} INFO - Sync 1 DAGs
[2026-06-07T08:42:08.434+0000] {logging_mixin.py:188} INFO - [2026-06-07T08:42:08.434+0000] {dag.py:3823} INFO - Setting next_dagrun for crime_analytics_pipeline to 2026-06-06 19:00:00+00:00, run_after=2026-06-13 19:00:00+00:00
[2026-06-07T08:42:08.454+0000] {processor.py:183} INFO - Processing /opt/airflow/dags/dag_crime_pipeline.py took 0.129 seconds
[2026-06-07T08:42:39.222+0000] {processor.py:161} INFO - Started process (PID=494) to work on /opt/airflow/dags/dag_crime_pipeline.py
[2026-06-07T08:42:39.223+0000] {processor.py:830} INFO - Processing file /opt/airflow/dags/dag_crime_pipeline.py for tasks to queue
[2026-06-07T08:42:39.227+0000] {logging_mixin.py:188} INFO - [2026-06-07T08:42:39.226+0000] {dagbag.py:538} INFO - Filling up the DagBag from /opt/airflow/dags/dag_crime_pipeline.py
[2026-06-07T08:42:39.271+0000] {processor.py:840} INFO - DAG(s) 'crime_analytics_pipeline' retrieved from /opt/airflow/dags/dag_crime_pipeline.py
[2026-06-07T08:42:39.306+0000] {logging_mixin.py:188} INFO - [2026-06-07T08:42:39.306+0000] {dag.py:3036} INFO - Sync 1 DAGs
[2026-06-07T08:42:39.329+0000] {logging_mixin.py:188} INFO - [2026-06-07T08:42:39.329+0000] {dag.py:3823} INFO - Setting next_dagrun for crime_analytics_pipeline to 2026-06-06 19:00:00+00:00, run_after=2026-06-13 19:00:00+00:00
[2026-06-07T08:42:39.369+0000] {processor.py:183} INFO - Processing /opt/airflow/dags/dag_crime_pipeline.py took 0.152 seconds
[2026-06-07T08:43:09.925+0000] {processor.py:161} INFO - Started process (PID=499) to work on /opt/airflow/dags/dag_crime_pipeline.py
[2026-06-07T08:43:09.927+0000] {processor.py:830} INFO - Processing file /opt/airflow/dags/dag_crime_pipeline.py for tasks to queue
[2026-06-07T08:43:09.930+0000] {logging_mixin.py:188} INFO - [2026-06-07T08:43:09.930+0000] {dagbag.py:538} INFO - Filling up the DagBag from /opt/airflow/dags/dag_crime_pipeline.py
[2026-06-07T08:43:09.979+0000] {processor.py:840} INFO - DAG(s) 'crime_analytics_pipeline' retrieved from /opt/airflow/dags/dag_crime_pipeline.py
[2026-06-07T08:43:10.016+0000] {logging_mixin.py:188} INFO - [2026-06-07T08:43:10.015+0000] {dag.py:3036} INFO - Sync 1 DAGs
[2026-06-07T08:43:10.041+0000] {logging_mixin.py:188} INFO - [2026-06-07T08:43:10.040+0000] {dag.py:3823} INFO - Setting next_dagrun for crime_analytics_pipeline to 2026-06-06 19:00:00+00:00, run_after=2026-06-13 19:00:00+00:00
[2026-06-07T08:43:10.082+0000] {processor.py:183} INFO - Processing /opt/airflow/dags/dag_crime_pipeline.py took 0.162 seconds
[2026-06-07T08:43:40.659+0000] {processor.py:161} INFO - Started process (PID=504) to work on /opt/airflow/dags/dag_crime_pipeline.py
[2026-06-07T08:43:40.660+0000] {processor.py:830} INFO - Processing file /opt/airflow/dags/dag_crime_pipeline.py for tasks to queue
[2026-06-07T08:43:40.663+0000] {logging_mixin.py:188} INFO - [2026-06-07T08:43:40.663+0000] {dagbag.py:538} INFO - Filling up the DagBag from /opt/airflow/dags/dag_crime_pipeline.py
[2026-06-07T08:43:40.705+0000] {processor.py:840} INFO - DAG(s) 'crime_analytics_pipeline' retrieved from /opt/airflow/dags/dag_crime_pipeline.py
[2026-06-07T08:43:40.739+0000] {logging_mixin.py:188} INFO - [2026-06-07T08:43:40.739+0000] {dag.py:3036} INFO - Sync 1 DAGs
[2026-06-07T08:43:40.764+0000] {logging_mixin.py:188} INFO - [2026-06-07T08:43:40.764+0000] {dag.py:3823} INFO - Setting next_dagrun for crime_analytics_pipeline to 2026-06-06 19:00:00+00:00, run_after=2026-06-13 19:00:00+00:00
[2026-06-07T08:43:40.783+0000] {processor.py:183} INFO - Processing /opt/airflow/dags/dag_crime_pipeline.py took 0.129 seconds
[2026-06-07T08:44:11.339+0000] {processor.py:161} INFO - Started process (PID=509) to work on /opt/airflow/dags/dag_crime_pipeline.py
[2026-06-07T08:44:11.342+0000] {processor.py:830} INFO - Processing file /opt/airflow/dags/dag_crime_pipeline.py for tasks to queue
[2026-06-07T08:44:11.346+0000] {logging_mixin.py:188} INFO - [2026-06-07T08:44:11.345+0000] {dagbag.py:538} INFO - Filling up the DagBag from /opt/airflow/dags/dag_crime_pipeline.py
[2026-06-07T08:44:11.388+0000] {processor.py:840} INFO - DAG(s) 'crime_analytics_pipeline' retrieved from /opt/airflow/dags/dag_crime_pipeline.py
[2026-06-07T08:44:11.424+0000] {logging_mixin.py:188} INFO - [2026-06-07T08:44:11.423+0000] {dag.py:3036} INFO - Sync 1 DAGs
[2026-06-07T08:44:11.449+0000] {logging_mixin.py:188} INFO - [2026-06-07T08:44:11.448+0000] {dag.py:3823} INFO - Setting next_dagrun for crime_analytics_pipeline to 2026-06-06 19:00:00+00:00, run_after=2026-06-13 19:00:00+00:00
[2026-06-07T08:44:11.490+0000] {processor.py:183} INFO - Processing /opt/airflow/dags/dag_crime_pipeline.py took 0.157 seconds
[2026-06-07T08:44:41.972+0000] {processor.py:161} INFO - Started process (PID=514) to work on /opt/airflow/dags/dag_crime_pipeline.py
[2026-06-07T08:44:41.973+0000] {processor.py:830} INFO - Processing file /opt/airflow/dags/dag_crime_pipeline.py for tasks to queue
[2026-06-07T08:44:41.977+0000] {logging_mixin.py:188} INFO - [2026-06-07T08:44:41.977+0000] {dagbag.py:538} INFO - Filling up the DagBag from /opt/airflow/dags/dag_crime_pipeline.py
[2026-06-07T08:44:42.021+0000] {processor.py:840} INFO - DAG(s) 'crime_analytics_pipeline' retrieved from /opt/airflow/dags/dag_crime_pipeline.py
[2026-06-07T08:44:42.054+0000] {logging_mixin.py:188} INFO - [2026-06-07T08:44:42.054+0000] {dag.py:3036} INFO - Sync 1 DAGs
[2026-06-07T08:44:42.079+0000] {logging_mixin.py:188} INFO - [2026-06-07T08:44:42.079+0000] {dag.py:3823} INFO - Setting next_dagrun for crime_analytics_pipeline to 2026-06-06 19:00:00+00:00, run_after=2026-06-13 19:00:00+00:00
[2026-06-07T08:44:42.109+0000] {processor.py:183} INFO - Processing /opt/airflow/dags/dag_crime_pipeline.py took 0.143 seconds
[2026-06-07T08:45:12.728+0000] {processor.py:161} INFO - Started process (PID=519) to work on /opt/airflow/dags/dag_crime_pipeline.py
[2026-06-07T08:45:12.729+0000] {processor.py:830} INFO - Processing file /opt/airflow/dags/dag_crime_pipeline.py for tasks to queue
[2026-06-07T08:45:12.733+0000] {logging_mixin.py:188} INFO - [2026-06-07T08:45:12.733+0000] {dagbag.py:538} INFO - Filling up the DagBag from /opt/airflow/dags/dag_crime_pipeline.py
[2026-06-07T08:45:12.775+0000] {processor.py:840} INFO - DAG(s) 'crime_analytics_pipeline' retrieved from /opt/airflow/dags/dag_crime_pipeline.py
[2026-06-07T08:45:12.810+0000] {logging_mixin.py:188} INFO - [2026-06-07T08:45:12.810+0000] {dag.py:3036} INFO - Sync 1 DAGs
[2026-06-07T08:45:12.835+0000] {logging_mixin.py:188} INFO - [2026-06-07T08:45:12.835+0000] {dag.py:3823} INFO - Setting next_dagrun for crime_analytics_pipeline to 2026-06-06 19:00:00+00:00, run_after=2026-06-13 19:00:00+00:00
[2026-06-07T08:45:12.855+0000] {processor.py:183} INFO - Processing /opt/airflow/dags/dag_crime_pipeline.py took 0.131 seconds
[2026-06-07T08:45:43.364+0000] {processor.py:161} INFO - Started process (PID=524) to work on /opt/airflow/dags/dag_crime_pipeline.py
[2026-06-07T08:45:43.366+0000] {processor.py:830} INFO - Processing file /opt/airflow/dags/dag_crime_pipeline.py for tasks to queue
[2026-06-07T08:45:43.369+0000] {logging_mixin.py:188} INFO - [2026-06-07T08:45:43.369+0000] {dagbag.py:538} INFO - Filling up the DagBag from /opt/airflow/dags/dag_crime_pipeline.py
[2026-06-07T08:45:43.415+0000] {processor.py:840} INFO - DAG(s) 'crime_analytics_pipeline' retrieved from /opt/airflow/dags/dag_crime_pipeline.py
[2026-06-07T08:45:43.455+0000] {logging_mixin.py:188} INFO - [2026-06-07T08:45:43.455+0000] {dag.py:3036} INFO - Sync 1 DAGs
[2026-06-07T08:45:43.479+0000] {logging_mixin.py:188} INFO - [2026-06-07T08:45:43.479+0000] {dag.py:3823} INFO - Setting next_dagrun for crime_analytics_pipeline to 2026-06-06 19:00:00+00:00, run_after=2026-06-13 19:00:00+00:00
[2026-06-07T08:45:43.518+0000] {processor.py:183} INFO - Processing /opt/airflow/dags/dag_crime_pipeline.py took 0.160 seconds
[2026-06-07T08:46:13.970+0000] {processor.py:161} INFO - Started process (PID=529) to work on /opt/airflow/dags/dag_crime_pipeline.py
[2026-06-07T08:46:13.971+0000] {processor.py:830} INFO - Processing file /opt/airflow/dags/dag_crime_pipeline.py for tasks to queue
[2026-06-07T08:46:13.973+0000] {logging_mixin.py:188} INFO - [2026-06-07T08:46:13.973+0000] {dagbag.py:538} INFO - Filling up the DagBag from /opt/airflow/dags/dag_crime_pipeline.py
[2026-06-07T08:46:14.013+0000] {processor.py:840} INFO - DAG(s) 'crime_analytics_pipeline' retrieved from /opt/airflow/dags/dag_crime_pipeline.py
[2026-06-07T08:46:14.047+0000] {logging_mixin.py:188} INFO - [2026-06-07T08:46:14.046+0000] {dag.py:3036} INFO - Sync 1 DAGs
[2026-06-07T08:46:14.071+0000] {logging_mixin.py:188} INFO - [2026-06-07T08:46:14.071+0000] {dag.py:3823} INFO - Setting next_dagrun for crime_analytics_pipeline to 2026-06-06 19:00:00+00:00, run_after=2026-06-13 19:00:00+00:00
[2026-06-07T08:46:14.092+0000] {processor.py:183} INFO - Processing /opt/airflow/dags/dag_crime_pipeline.py took 0.126 seconds
[2026-06-07T08:46:44.632+0000] {processor.py:161} INFO - Started process (PID=534) to work on /opt/airflow/dags/dag_crime_pipeline.py
[2026-06-07T08:46:44.633+0000] {processor.py:830} INFO - Processing file /opt/airflow/dags/dag_crime_pipeline.py for tasks to queue
[2026-06-07T08:46:44.637+0000] {logging_mixin.py:188} INFO - [2026-06-07T08:46:44.636+0000] {dagbag.py:538} INFO - Filling up the DagBag from /opt/airflow/dags/dag_crime_pipeline.py
[2026-06-07T08:46:44.679+0000] {processor.py:840} INFO - DAG(s) 'crime_analytics_pipeline' retrieved from /opt/airflow/dags/dag_crime_pipeline.py
[2026-06-07T08:46:44.713+0000] {logging_mixin.py:188} INFO - [2026-06-07T08:46:44.713+0000] {dag.py:3036} INFO - Sync 1 DAGs
[2026-06-07T08:46:44.737+0000] {logging_mixin.py:188} INFO - [2026-06-07T08:46:44.737+0000] {dag.py:3823} INFO - Setting next_dagrun for crime_analytics_pipeline to 2026-06-06 19:00:00+00:00, run_after=2026-06-13 19:00:00+00:00
[2026-06-07T08:46:44.786+0000] {processor.py:183} INFO - Processing /opt/airflow/dags/dag_crime_pipeline.py took 0.158 seconds
[2026-06-07T08:47:15.295+0000] {processor.py:161} INFO - Started process (PID=539) to work on /opt/airflow/dags/dag_crime_pipeline.py
[2026-06-07T08:47:15.297+0000] {processor.py:830} INFO - Processing file /opt/airflow/dags/dag_crime_pipeline.py for tasks to queue
[2026-06-07T08:47:15.302+0000] {logging_mixin.py:188} INFO - [2026-06-07T08:47:15.301+0000] {dagbag.py:538} INFO - Filling up the DagBag from /opt/airflow/dags/dag_crime_pipeline.py
[2026-06-07T08:47:15.348+0000] {processor.py:840} INFO - DAG(s) 'crime_analytics_pipeline' retrieved from /opt/airflow/dags/dag_crime_pipeline.py
[2026-06-07T08:47:15.386+0000] {logging_mixin.py:188} INFO - [2026-06-07T08:47:15.385+0000] {dag.py:3036} INFO - Sync 1 DAGs
[2026-06-07T08:47:15.413+0000] {logging_mixin.py:188} INFO - [2026-06-07T08:47:15.413+0000] {dag.py:3823} INFO - Setting next_dagrun for crime_analytics_pipeline to 2026-06-06 19:00:00+00:00, run_after=2026-06-13 19:00:00+00:00
[2026-06-07T08:47:15.453+0000] {processor.py:183} INFO - Processing /opt/airflow/dags/dag_crime_pipeline.py took 0.164 seconds
[2026-06-07T08:47:46.113+0000] {processor.py:161} INFO - Started process (PID=544) to work on /opt/airflow/dags/dag_crime_pipeline.py
[2026-06-07T08:47:46.115+0000] {processor.py:830} INFO - Processing file /opt/airflow/dags/dag_crime_pipeline.py for tasks to queue
[2026-06-07T08:47:46.119+0000] {logging_mixin.py:188} INFO - [2026-06-07T08:47:46.119+0000] {dagbag.py:538} INFO - Filling up the DagBag from /opt/airflow/dags/dag_crime_pipeline.py
[2026-06-07T08:47:46.163+0000] {processor.py:840} INFO - DAG(s) 'crime_analytics_pipeline' retrieved from /opt/airflow/dags/dag_crime_pipeline.py
[2026-06-07T08:47:46.198+0000] {logging_mixin.py:188} INFO - [2026-06-07T08:47:46.198+0000] {dag.py:3036} INFO - Sync 1 DAGs
[2026-06-07T08:47:46.224+0000] {logging_mixin.py:188} INFO - [2026-06-07T08:47:46.224+0000] {dag.py:3823} INFO - Setting next_dagrun for crime_analytics_pipeline to 2026-06-06 19:00:00+00:00, run_after=2026-06-13 19:00:00+00:00
[2026-06-07T08:47:46.246+0000] {processor.py:183} INFO - Processing /opt/airflow/dags/dag_crime_pipeline.py took 0.138 seconds
[2026-06-07T08:48:16.475+0000] {processor.py:161} INFO - Started process (PID=549) to work on /opt/airflow/dags/dag_crime_pipeline.py
[2026-06-07T08:48:16.477+0000] {processor.py:830} INFO - Processing file /opt/airflow/dags/dag_crime_pipeline.py for tasks to queue
[2026-06-07T08:48:16.479+0000] {logging_mixin.py:188} INFO - [2026-06-07T08:48:16.478+0000] {dagbag.py:538} INFO - Filling up the DagBag from /opt/airflow/dags/dag_crime_pipeline.py
[2026-06-07T08:48:16.525+0000] {processor.py:840} INFO - DAG(s) 'crime_analytics_pipeline' retrieved from /opt/airflow/dags/dag_crime_pipeline.py
[2026-06-07T08:48:16.562+0000] {logging_mixin.py:188} INFO - [2026-06-07T08:48:16.562+0000] {dag.py:3036} INFO - Sync 1 DAGs
[2026-06-07T08:48:16.588+0000] {logging_mixin.py:188} INFO - [2026-06-07T08:48:16.587+0000] {dag.py:3823} INFO - Setting next_dagrun for crime_analytics_pipeline to 2026-06-06 19:00:00+00:00, run_after=2026-06-13 19:00:00+00:00
[2026-06-07T08:48:16.609+0000] {processor.py:183} INFO - Processing /opt/airflow/dags/dag_crime_pipeline.py took 0.138 seconds
[2026-06-07T08:48:46.884+0000] {processor.py:161} INFO - Started process (PID=554) to work on /opt/airflow/dags/dag_crime_pipeline.py
[2026-06-07T08:48:46.885+0000] {processor.py:830} INFO - Processing file /opt/airflow/dags/dag_crime_pipeline.py for tasks to queue
[2026-06-07T08:48:46.888+0000] {logging_mixin.py:188} INFO - [2026-06-07T08:48:46.887+0000] {dagbag.py:538} INFO - Filling up the DagBag from /opt/airflow/dags/dag_crime_pipeline.py
[2026-06-07T08:48:46.932+0000] {processor.py:840} INFO - DAG(s) 'crime_analytics_pipeline' retrieved from /opt/airflow/dags/dag_crime_pipeline.py
[2026-06-07T08:48:46.966+0000] {logging_mixin.py:188} INFO - [2026-06-07T08:48:46.965+0000] {dag.py:3036} INFO - Sync 1 DAGs
[2026-06-07T08:48:46.992+0000] {logging_mixin.py:188} INFO - [2026-06-07T08:48:46.992+0000] {dag.py:3823} INFO - Setting next_dagrun for crime_analytics_pipeline to 2026-06-06 19:00:00+00:00, run_after=2026-06-13 19:00:00+00:00
[2026-06-07T08:48:47.036+0000] {processor.py:183} INFO - Processing /opt/airflow/dags/dag_crime_pipeline.py took 0.155 seconds
[2026-06-07T08:49:17.368+0000] {processor.py:161} INFO - Started process (PID=559) to work on /opt/airflow/dags/dag_crime_pipeline.py
[2026-06-07T08:49:17.370+0000] {processor.py:830} INFO - Processing file /opt/airflow/dags/dag_crime_pipeline.py for tasks to queue
[2026-06-07T08:49:17.372+0000] {logging_mixin.py:188} INFO - [2026-06-07T08:49:17.371+0000] {dagbag.py:538} INFO - Filling up the DagBag from /opt/airflow/dags/dag_crime_pipeline.py
[2026-06-07T08:49:17.419+0000] {processor.py:840} INFO - DAG(s) 'crime_analytics_pipeline' retrieved from /opt/airflow/dags/dag_crime_pipeline.py
[2026-06-07T08:49:17.455+0000] {logging_mixin.py:188} INFO - [2026-06-07T08:49:17.454+0000] {dag.py:3036} INFO - Sync 1 DAGs
[2026-06-07T08:49:17.478+0000] {logging_mixin.py:188} INFO - [2026-06-07T08:49:17.478+0000] {dag.py:3823} INFO - Setting next_dagrun for crime_analytics_pipeline to 2026-06-06 19:00:00+00:00, run_after=2026-06-13 19:00:00+00:00
[2026-06-07T08:49:17.519+0000] {processor.py:183} INFO - Processing /opt/airflow/dags/dag_crime_pipeline.py took 0.155 seconds
[2026-06-07T08:49:48.337+0000] {processor.py:161} INFO - Started process (PID=564) to work on /opt/airflow/dags/dag_crime_pipeline.py
[2026-06-07T08:49:48.339+0000] {processor.py:830} INFO - Processing file /opt/airflow/dags/dag_crime_pipeline.py for tasks to queue
[2026-06-07T08:49:48.343+0000] {logging_mixin.py:188} INFO - [2026-06-07T08:49:48.342+0000] {dagbag.py:538} INFO - Filling up the DagBag from /opt/airflow/dags/dag_crime_pipeline.py
[2026-06-07T08:49:48.394+0000] {processor.py:840} INFO - DAG(s) 'crime_analytics_pipeline' retrieved from /opt/airflow/dags/dag_crime_pipeline.py
[2026-06-07T08:49:48.432+0000] {logging_mixin.py:188} INFO - [2026-06-07T08:49:48.432+0000] {dag.py:3036} INFO - Sync 1 DAGs
[2026-06-07T08:49:48.459+0000] {logging_mixin.py:188} INFO - [2026-06-07T08:49:48.458+0000] {dag.py:3823} INFO - Setting next_dagrun for crime_analytics_pipeline to 2026-06-06 19:00:00+00:00, run_after=2026-06-13 19:00:00+00:00
[2026-06-07T08:49:48.482+0000] {processor.py:183} INFO - Processing /opt/airflow/dags/dag_crime_pipeline.py took 0.150 seconds
[2026-06-07T08:50:18.833+0000] {processor.py:161} INFO - Started process (PID=569) to work on /opt/airflow/dags/dag_crime_pipeline.py
[2026-06-07T08:50:18.835+0000] {processor.py:830} INFO - Processing file /opt/airflow/dags/dag_crime_pipeline.py for tasks to queue
[2026-06-07T08:50:18.839+0000] {logging_mixin.py:188} INFO - [2026-06-07T08:50:18.838+0000] {dagbag.py:538} INFO - Filling up the DagBag from /opt/airflow/dags/dag_crime_pipeline.py
[2026-06-07T08:50:18.887+0000] {processor.py:840} INFO - DAG(s) 'crime_analytics_pipeline' retrieved from /opt/airflow/dags/dag_crime_pipeline.py
[2026-06-07T08:50:18.927+0000] {logging_mixin.py:188} INFO - [2026-06-07T08:50:18.927+0000] {dag.py:3036} INFO - Sync 1 DAGs
[2026-06-07T08:50:18.953+0000] {logging_mixin.py:188} INFO - [2026-06-07T08:50:18.953+0000] {dag.py:3823} INFO - Setting next_dagrun for crime_analytics_pipeline to 2026-06-06 19:00:00+00:00, run_after=2026-06-13 19:00:00+00:00
[2026-06-07T08:50:18.663+0000] {processor.py:183} INFO - Processing /opt/airflow/dags/dag_crime_pipeline.py took 0.166 seconds
[2026-06-07T08:50:48.882+0000] {processor.py:161} INFO - Started process (PID=574) to work on /opt/airflow/dags/dag_crime_pipeline.py
[2026-06-07T08:50:48.884+0000] {processor.py:830} INFO - Processing file /opt/airflow/dags/dag_crime_pipeline.py for tasks to queue
[2026-06-07T08:50:48.888+0000] {logging_mixin.py:188} INFO - [2026-06-07T08:50:48.887+0000] {dagbag.py:538} INFO - Filling up the DagBag from /opt/airflow/dags/dag_crime_pipeline.py
[2026-06-07T08:50:48.929+0000] {processor.py:840} INFO - DAG(s) 'crime_analytics_pipeline' retrieved from /opt/airflow/dags/dag_crime_pipeline.py
[2026-06-07T08:50:48.965+0000] {logging_mixin.py:188} INFO - [2026-06-07T08:50:48.965+0000] {dag.py:3036} INFO - Sync 1 DAGs
[2026-06-07T08:50:48.989+0000] {logging_mixin.py:188} INFO - [2026-06-07T08:50:48.989+0000] {dag.py:3823} INFO - Setting next_dagrun for crime_analytics_pipeline to 2026-06-06 19:00:00+00:00, run_after=2026-06-13 19:00:00+00:00
[2026-06-07T08:50:49.010+0000] {processor.py:183} INFO - Processing /opt/airflow/dags/dag_crime_pipeline.py took 0.132 seconds
[2026-06-07T08:51:19.810+0000] {processor.py:161} INFO - Started process (PID=579) to work on /opt/airflow/dags/dag_crime_pipeline.py
[2026-06-07T08:51:19.811+0000] {processor.py:830} INFO - Processing file /opt/airflow/dags/dag_crime_pipeline.py for tasks to queue
[2026-06-07T08:51:19.813+0000] {logging_mixin.py:188} INFO - [2026-06-07T08:51:19.813+0000] {dagbag.py:538} INFO - Filling up the DagBag from /opt/airflow/dags/dag_crime_pipeline.py
[2026-06-07T08:51:19.853+0000] {processor.py:840} INFO - DAG(s) 'crime_analytics_pipeline' retrieved from /opt/airflow/dags/dag_crime_pipeline.py
[2026-06-07T08:51:19.891+0000] {logging_mixin.py:188} INFO - [2026-06-07T08:51:19.890+0000] {dag.py:3036} INFO - Sync 1 DAGs
[2026-06-07T08:51:19.917+0000] {logging_mixin.py:188} INFO - [2026-06-07T08:51:19.916+0000] {dag.py:3823} INFO - Setting next_dagrun for crime_analytics_pipeline to 2026-06-06 19:00:00+00:00, run_after=2026-06-13 19:00:00+00:00
[2026-06-07T08:51:19.956+0000] {processor.py:183} INFO - Processing /opt/airflow/dags/dag_crime_pipeline.py took 0.150 seconds
[2026-06-07T08:51:50.457+0000] {processor.py:161} INFO - Started process (PID=584) to work on /opt/airflow/dags/dag_crime_pipeline.py
[2026-06-07T08:51:50.458+0000] {processor.py:830} INFO - Processing file /opt/airflow/dags/dag_crime_pipeline.py for tasks to queue
[2026-06-07T08:51:50.462+0000] {logging_mixin.py:188} INFO - [2026-06-07T08:51:50.461+0000] {dagbag.py:538} INFO - Filling up the DagBag from /opt/airflow/dags/dag_crime_pipeline.py
[2026-06-07T08:51:50.511+0000] {processor.py:840} INFO - DAG(s) 'crime_analytics_pipeline' retrieved from /opt/airflow/dags/dag_crime_pipeline.py
[2026-06-07T08:51:50.545+0000] {logging_mixin.py:188} INFO - [2026-06-07T08:51:50.545+0000] {dag.py:3036} INFO - Sync 1 DAGs
[2026-06-07T08:51:50.569+0000] {logging_mixin.py:188} INFO - [2026-06-07T08:51:50.569+0000] {dag.py:3823} INFO - Setting next_dagrun for crime_analytics_pipeline to 2026-06-06 19:00:00+00:00, run_after=2026-06-13 19:00:00+00:00
[2026-06-07T08:51:50.610+0000] {processor.py:183} INFO - Processing /opt/airflow/dags/dag_crime_pipeline.py took 0.157 seconds
[2026-06-07T08:52:21.443+0000] {processor.py:161} INFO - Started process (PID=589) to work on /opt/airflow/dags/dag_crime_pipeline.py
[2026-06-07T08:52:21.445+0000] {processor.py:830} INFO - Processing file /opt/airflow/dags/dag_crime_pipeline.py for tasks to queue
[2026-06-07T08:52:21.448+0000] {logging_mixin.py:188} INFO - [2026-06-07T08:52:21.448+0000] {dagbag.py:538} INFO - Filling up the DagBag from /opt/airflow/dags/dag_crime_pipeline.py
[2026-06-07T08:52:21.488+0000] {processor.py:840} INFO - DAG(s) 'crime_analytics_pipeline' retrieved from /opt/airflow/dags/dag_crime_pipeline.py
[2026-06-07T08:52:21.522+0000] {logging_mixin.py:188} INFO - [2026-06-07T08:52:21.522+0000] {dag.py:3036} INFO - Sync 1 DAGs
[2026-06-07T08:52:21.549+0000] {logging_mixin.py:188} INFO - [2026-06-07T08:52:21.549+0000] {dag.py:3823} INFO - Setting next_dagrun for crime_analytics_pipeline to 2026-06-06 19:00:00+00:00, run_after=2026-06-13 19:00:00+00:00
[2026-06-07T08:52:21.587+0000] {processor.py:183} INFO - Processing /opt/airflow/dags/dag_crime_pipeline.py took 0.150 seconds
[2026-06-07T08:52:52.175+0000] {processor.py:161} INFO - Started process (PID=594) to work on /opt/airflow/dags/dag_crime_pipeline.py
[2026-06-07T08:52:52.176+0000] {processor.py:830} INFO - Processing file /opt/airflow/dags/dag_crime_pipeline.py for tasks to queue
[2026-06-07T08:52:52.180+0000] {logging_mixin.py:188} INFO - [2026-06-07T08:52:52.179+0000] {dagbag.py:538} INFO - Filling up the DagBag from /opt/airflow/dags/dag_crime_pipeline.py
[2026-06-07T08:52:52.223+0000] {processor.py:840} INFO - DAG(s) 'crime_analytics_pipeline' retrieved from /opt/airflow/dags/dag_crime_pipeline.py
[2026-06-07T08:52:52.258+0000] {logging_mixin.py:188} INFO - [2026-06-07T08:52:52.257+0000] {dag.py:3036} INFO - Sync 1 DAGs
[2026-06-07T08:52:52.283+0000] {logging_mixin.py:188} INFO - [2026-06-07T08:52:52.282+0000] {dag.py:3823} INFO - Setting next_dagrun for crime_analytics_pipeline to 2026-06-06 19:00:00+00:00, run_after=2026-06-13 19:00:00+00:00
[2026-06-07T08:52:52.302+0000] {processor.py:183} INFO - Processing /opt/airflow/dags/dag_crime_pipeline.py took 0.133 seconds
[2026-06-07T08:53:22.764+0000] {processor.py:161} INFO - Started process (PID=599) to work on /opt/airflow/dags/dag_crime_pipeline.py
[2026-06-07T08:53:22.765+0000] {processor.py:830} INFO - Processing file /opt/airflow/dags/dag_crime_pipeline.py for tasks to queue
[2026-06-07T08:53:22.769+0000] {logging_mixin.py:188} INFO - [2026-06-07T08:53:22.768+0000] {dagbag.py:538} INFO - Filling up the DagBag from /opt/airflow/dags/dag_crime_pipeline.py
[2026-06-07T08:53:22.810+0000] {processor.py:840} INFO - DAG(s) 'crime_analytics_pipeline' retrieved from /opt/airflow/dags/dag_crime_pipeline.py
[2026-06-07T08:53:22.847+0000] {logging_mixin.py:188} INFO - [2026-06-07T08:53:22.847+0000] {dag.py:3036} INFO - Sync 1 DAGs
[2026-06-07T08:53:22.871+0000] {logging_mixin.py:188} INFO - [2026-06-07T08:53:22.871+0000] {dag.py:3823} INFO - Setting next_dagrun for crime_analytics_pipeline to 2026-06-06 19:00:00+00:00, run_after=2026-06-13 19:00:00+00:00
[2026-06-07T08:53:22.912+0000] {processor.py:183} INFO - Processing /opt/airflow/dags/dag_crime_pipeline.py took 0.153 seconds
[2026-06-07T08:53:53.809+0000] {processor.py:161} INFO - Started process (PID=604) to work on /opt/airflow/dags/dag_crime_pipeline.py
[2026-06-07T08:53:53.811+0000] {processor.py:830} INFO - Processing file /opt/airflow/dags/dag_crime_pipeline.py for tasks to queue
[2026-06-07T08:53:53.814+0000] {logging_mixin.py:188} INFO - [2026-06-07T08:53:53.813+0000] {dagbag.py:538} INFO - Filling up the DagBag from /opt/airflow/dags/dag_crime_pipeline.py
[2026-06-07T08:53:53.856+0000] {processor.py:840} INFO - DAG(s) 'crime_analytics_pipeline' retrieved from /opt/airflow/dags/dag_crime_pipeline.py
[2026-06-07T08:53:53.897+0000] {logging_mixin.py:188} INFO - [2026-06-07T08:53:53.897+0000] {dag.py:3036} INFO - Sync 1 DAGs
[2026-06-07T08:53:53.925+0000] {logging_mixin.py:188} INFO - [2026-06-07T08:53:53.924+0000] {dag.py:3823} INFO - Setting next_dagrun for crime_analytics_pipeline to 2026-06-06 19:00:00+00:00, run_after=2026-06-13 19:00:00+00:00
[2026-06-07T08:53:53.949+0000] {processor.py:183} INFO - Processing /opt/airflow/dags/dag_crime_pipeline.py took 0.144 seconds
[2026-06-07T08:54:24.757+0000] {processor.py:161} INFO - Started process (PID=609) to work on /opt/airflow/dags/dag_crime_pipeline.py
[2026-06-07T08:54:24.759+0000] {processor.py:830} INFO - Processing file /opt/airflow/dags/dag_crime_pipeline.py for tasks to queue
[2026-06-07T08:54:24.762+0000] {logging_mixin.py:188} INFO - [2026-06-07T08:54:24.761+0000] {dagbag.py:538} INFO - Filling up the DagBag from /opt/airflow/dags/dag_crime_pipeline.py
[2026-06-07T08:54:24.805+0000] {processor.py:840} INFO - DAG(s) 'crime_analytics_pipeline' retrieved from /opt/airflow/dags/dag_crime_pipeline.py
[2026-06-07T08:54:24.848+0000] {logging_mixin.py:188} INFO - [2026-06-07T08:54:24.847+0000] {dag.py:3036} INFO - Sync 1 DAGs
[2026-06-07T08:54:24.877+0000] {logging_mixin.py:188} INFO - [2026-06-07T08:54:24.877+0000] {dag.py:3823} INFO - Setting next_dagrun for crime_analytics_pipeline to 2026-06-06 19:00:00+00:00, run_after=2026-06-13 19:00:00+00:00
[2026-06-07T08:54:24.902+0000] {processor.py:183} INFO - Processing /opt/airflow/dags/dag_crime_pipeline.py took 0.150 seconds
[2026-06-07T08:54:55.348+0000] {processor.py:161} INFO - Started process (PID=614) to work on /opt/airflow/dags/dag_crime_pipeline.py
[2026-06-07T08:54:55.349+0000] {processor.py:830} INFO - Processing file /opt/airflow/dags/dag_crime_pipeline.py for tasks to queue
[2026-06-07T08:54:55.353+0000] {logging_mixin.py:188} INFO - [2026-06-07T08:54:55.352+0000] {dagbag.py:538} INFO - Filling up the DagBag from /opt/airflow/dags/dag_crime_pipeline.py
[2026-06-07T08:54:55.394+0000] {processor.py:840} INFO - DAG(s) 'crime_analytics_pipeline' retrieved from /opt/airflow/dags/dag_crime_pipeline.py
[2026-06-07T08:54:55.427+0000] {logging_mixin.py:188} INFO - [2026-06-07T08:54:55.427+0000] {dag.py:3036} INFO - Sync 1 DAGs
[2026-06-07T08:54:55.453+0000] {logging_mixin.py:188} INFO - [2026-06-07T08:54:55.453+0000] {dag.py:3823} INFO - Setting next_dagrun for crime_analytics_pipeline to 2026-06-06 19:00:00+00:00, run_after=2026-06-13 19:00:00+00:00
[2026-06-07T08:54:55.472+0000] {processor.py:183} INFO - Processing /opt/airflow/dags/dag_crime_pipeline.py took 0.130 seconds
[2026-06-07T08:55:26.278+0000] {processor.py:161} INFO - Started process (PID=619) to work on /opt/airflow/dags/dag_crime_pipeline.py
[2026-06-07T08:55:26.279+0000] {processor.py:830} INFO - Processing file /opt/airflow/dags/dag_crime_pipeline.py for tasks to queue
[2026-06-07T08:55:26.282+0000] {logging_mixin.py:188} INFO - [2026-06-07T08:55:26.281+0000] {dagbag.py:538} INFO - Filling up the DagBag from /opt/airflow/dags/dag_crime_pipeline.py
[2026-06-07T08:55:26.324+0000] {processor.py:840} INFO - DAG(s) 'crime_analytics_pipeline' retrieved from /opt/airflow/dags/dag_crime_pipeline.py
[2026-06-07T08:55:26.360+0000] {logging_mixin.py:188} INFO - [2026-06-07T08:55:26.359+0000] {dag.py:3036} INFO - Sync 1 DAGs
[2026-06-07T08:55:26.384+0000] {logging_mixin.py:188} INFO - [2026-06-07T08:55:26.384+0000] {dag.py:3823} INFO - Setting next_dagrun for crime_analytics_pipeline to 2026-06-06 19:00:00+00:00, run_after=2026-06-13 19:00:00+00:00
[2026-06-07T08:55:26.423+0000] {processor.py:183} INFO - Processing /opt/airflow/dags/dag_crime_pipeline.py took 0.149 seconds
[2026-06-07T08:55:56.973+0000] {processor.py:161} INFO - Started process (PID=624) to work on /opt/airflow/dags/dag_crime_pipeline.py
[2026-06-07T08:55:56.975+0000] {processor.py:830} INFO - Processing file /opt/airflow/dags/dag_crime_pipeline.py for tasks to queue
[2026-06-07T08:55:56.978+0000] {logging_mixin.py:188} INFO - [2026-06-07T08:55:56.977+0000] {dagbag.py:538} INFO - Filling up the DagBag from /opt/airflow/dags/dag_crime_pipeline.py
[2026-06-07T08:55:57.020+0000] {processor.py:840} INFO - DAG(s) 'crime_analytics_pipeline' retrieved from /opt/airflow/dags/dag_crime_pipeline.py
[2026-06-07T08:55:57.056+0000] {logging_mixin.py:188} INFO - [2026-06-07T08:55:57.055+0000] {dag.py:3036} INFO - Sync 1 DAGs
[2026-06-07T08:55:57.081+0000] {logging_mixin.py:188} INFO - [2026-06-07T08:55:57.081+0000] {dag.py:3823} INFO - Setting next_dagrun for crime_analytics_pipeline to 2026-06-06 19:00:00+00:00, run_after=2026-06-13 19:00:00+00:00
[2026-06-07T08:55:57.101+0000] {processor.py:183} INFO - Processing /opt/airflow/dags/dag_crime_pipeline.py took 0.133 seconds
[2026-06-07T08:56:27.541+0000] {processor.py:161} INFO - Started process (PID=629) to work on /opt/airflow/dags/dag_crime_pipeline.py
[2026-06-07T08:56:27.543+0000] {processor.py:830} INFO - Processing file /opt/airflow/dags/dag_crime_pipeline.py for tasks to queue
[2026-06-07T08:56:27.548+0000] {logging_mixin.py:188} INFO - [2026-06-07T08:56:27.547+0000] {dagbag.py:538} INFO - Filling up the DagBag from /opt/airflow/dags/dag_crime_pipeline.py
[2026-06-07T08:56:27.593+0000] {processor.py:840} INFO - DAG(s) 'crime_analytics_pipeline' retrieved from /opt/airflow/dags/dag_crime_pipeline.py
[2026-06-07T08:56:27.629+0000] {logging_mixin.py:188} INFO - [2026-06-07T08:56:27.628+0000] {dag.py:3036} INFO - Sync 1 DAGs
[2026-06-07T08:56:27.653+0000] {logging_mixin.py:188} INFO - [2026-06-07T08:56:27.653+0000] {dag.py:3823} INFO - Setting next_dagrun for crime_analytics_pipeline to 2026-06-06 19:00:00+00:00, run_after=2026-06-13 19:00:00+00:00
[2026-06-07T08:56:27.694+0000] {processor.py:183} INFO - Processing /opt/airflow/dags/dag_crime_pipeline.py took 0.157 seconds
[2026-06-07T08:56:58.322+0000] {processor.py:161} INFO - Started process (PID=634) to work on /opt/airflow/dags/dag_crime_pipeline.py
[2026-06-07T08:56:58.324+0000] {processor.py:830} INFO - Processing file /opt/airflow/dags/dag_crime_pipeline.py for tasks to queue
[2026-06-07T08:56:58.327+0000] {logging_mixin.py:188} INFO - [2026-06-07T08:56:58.326+0000] {dagbag.py:538} INFO - Filling up the DagBag from /opt/airflow/dags/dag_crime_pipeline.py
[2026-06-07T08:56:58.370+0000] {processor.py:840} INFO - DAG(s) 'crime_analytics_pipeline' retrieved from /opt/airflow/dags/dag_crime_pipeline.py
[2026-06-07T08:56:58.402+0000] {logging_mixin.py:188} INFO - [2026-06-07T08:56:58.402+0000] {dag.py:3036} INFO - Sync 1 DAGs
[2026-06-07T08:56:58.426+0000] {logging_mixin.py:188} INFO - [2026-06-07T08:56:58.426+0000] {dag.py:3823} INFO - Setting next_dagrun for crime_analytics_pipeline to 2026-06-06 19:00:00+00:00, run_after=2026-06-13 19:00:00+00:00
[2026-06-07T08:56:58.468+0000] {processor.py:183} INFO - Processing /opt/airflow/dags/dag_crime_pipeline.py took 0.150 seconds
[2026-06-07T08:57:28.922+0000] {processor.py:161} INFO - Started process (PID=639) to work on /opt/airflow/dags/dag_crime_pipeline.py
[2026-06-07T08:57:28.924+0000] {processor.py:830} INFO - Processing file /opt/airflow/dags/dag_crime_pipeline.py for tasks to queue
[2026-06-07T08:57:28.927+0000] {logging_mixin.py:188} INFO - [2026-06-07T08:57:28.927+0000] {dagbag.py:538} INFO - Filling up the DagBag from /opt/airflow/dags/dag_crime_pipeline.py
[2026-06-07T08:57:28.969+0000] {processor.py:840} INFO - DAG(s) 'crime_analytics_pipeline' retrieved from /opt/airflow/dags/dag_crime_pipeline.py
[2026-06-07T08:57:29.011+0000] {logging_mixin.py:188} INFO - [2026-06-07T08:57:29.011+0000] {dag.py:3036} INFO - Sync 1 DAGs
[2026-06-07T08:57:29.037+0000] {logging_mixin.py:188} INFO - [2026-06-07T08:57:29.037+0000] {dag.py:3823} INFO - Setting next_dagrun for crime_analytics_pipeline to 2026-06-06 19:00:00+00:00, run_after=2026-06-13 19:00:00+00:00
[2026-06-07T08:57:29.078+0000] {processor.py:183} INFO - Processing /opt/airflow/dags/dag_crime_pipeline.py took 0.163 seconds
[2026-06-07T08:57:59.714+0000] {processor.py:161} INFO - Started process (PID=644) to work on /opt/airflow/dags/dag_crime_pipeline.py
[2026-06-07T08:57:59.716+0000] {processor.py:830} INFO - Processing file /opt/airflow/dags/dag_crime_pipeline.py for tasks to queue
[2026-06-07T08:57:59.720+0000] {logging_mixin.py:188} INFO - [2026-06-07T08:57:59.719+0000] {dagbag.py:538} INFO - Filling up the DagBag from /opt/airflow/dags/dag_crime_pipeline.py
[2026-06-07T08:57:59.761+0000] {processor.py:840} INFO - DAG(s) 'crime_analytics_pipeline' retrieved from /opt/airflow/dags/dag_crime_pipeline.py
[2026-06-07T08:57:59.797+0000] {logging_mixin.py:188} INFO - [2026-06-07T08:57:59.796+0000] {dag.py:3036} INFO - Sync 1 DAGs
[2026-06-07T08:57:59.822+0000] {logging_mixin.py:188} INFO - [2026-06-07T08:57:59.822+0000] {dag.py:3823} INFO - Setting next_dagrun for crime_analytics_pipeline to 2026-06-06 19:00:00+00:00, run_after=2026-06-13 19:00:00+00:00
[2026-06-07T08:57:59.843+0000] {processor.py:183} INFO - Processing /opt/airflow/dags/dag_crime_pipeline.py took 0.133 seconds
[2026-06-07T08:58:30.666+0000] {processor.py:161} INFO - Started process (PID=649) to work on /opt/airflow/dags/dag_crime_pipeline.py
[2026-06-07T08:58:30.669+0000] {processor.py:830} INFO - Processing file /opt/airflow/dags/dag_crime_pipeline.py for tasks to queue
[2026-06-07T08:58:30.673+0000] {logging_mixin.py:188} INFO - [2026-06-07T08:58:30.672+0000] {dagbag.py:538} INFO - Filling up the DagBag from /opt/airflow/dags/dag_crime_pipeline.py
[2026-06-07T08:58:30.717+0000] {processor.py:840} INFO - DAG(s) 'crime_analytics_pipeline' retrieved from /opt/airflow/dags/dag_crime_pipeline.py
[2026-06-07T08:58:30.760+0000] {logging_mixin.py:188} INFO - [2026-06-07T08:58:30.759+0000] {dag.py:3036} INFO - Sync 1 DAGs
[2026-06-07T08:58:30.788+0000] {logging_mixin.py:188} INFO - [2026-06-07T08:58:30.788+0000] {dag.py:3823} INFO - Setting next_dagrun for crime_analytics_pipeline to 2026-06-06 19:00:00+00:00, run_after=2026-06-13 19:00:00+00:00
[2026-06-07T08:58:30.811+0000] {processor.py:183} INFO - Processing /opt/airflow/dags/dag_crime_pipeline.py took 0.149 seconds
[2026-06-07T08:59:01.702+0000] {processor.py:161} INFO - Started process (PID=654) to work on /opt/airflow/dags/dag_crime_pipeline.py
[2026-06-07T08:59:01.704+0000] {processor.py:830} INFO - Processing file /opt/airflow/dags/dag_crime_pipeline.py for tasks to queue
[2026-06-07T08:59:01.709+0000] {logging_mixin.py:188} INFO - [2026-06-07T08:59:01.708+0000] {dagbag.py:538} INFO - Filling up the DagBag from /opt/airflow/dags/dag_crime_pipeline.py
[2026-06-07T08:59:01.759+0000] {processor.py:840} INFO - DAG(s) 'crime_analytics_pipeline' retrieved from /opt/airflow/dags/dag_crime_pipeline.py
[2026-06-07T08:59:01.814+0000] {logging_mixin.py:188} INFO - [2026-06-07T08:59:01.813+0000] {dag.py:3036} INFO - Sync 1 DAGs
[2026-06-07T08:59:01.851+0000] {logging_mixin.py:188} INFO - [2026-06-07T08:59:01.851+0000] {dag.py:3823} INFO - Setting next_dagrun for crime_analytics_pipeline to 2026-06-06 19:00:00+00:00, run_after=2026-06-13 19:00:00+00:00
[2026-06-07T08:59:01.880+0000] {processor.py:183} INFO - Processing /opt/airflow/dags/dag_crime_pipeline.py took 0.182 seconds
[2026-06-07T08:59:32.619+0000] {processor.py:161} INFO - Started process (PID=659) to work on /opt/airflow/dags/dag_crime_pipeline.py
[2026-06-07T08:59:32.620+0000] {processor.py:830} INFO - Processing file /opt/airflow/dags/dag_crime_pipeline.py for tasks to queue
[2026-06-07T08:59:32.624+0000] {logging_mixin.py:188} INFO - [2026-06-07T08:59:32.623+0000] {dagbag.py:538} INFO - Filling up the DagBag from /opt/airflow/dags/dag_crime_pipeline.py
[2026-06-07T08:59:32.670+0000] {processor.py:840} INFO - DAG(s) 'crime_analytics_pipeline' retrieved from /opt/airflow/dags/dag_crime_pipeline.py
[2026-06-07T08:59:32.709+0000] {logging_mixin.py:188} INFO - [2026-06-07T08:59:32.708+0000] {dag.py:3036} INFO - Sync 1 DAGs
[2026-06-07T08:59:32.735+0000] {logging_mixin.py:188} INFO - [2026-06-07T08:59:32.735+0000] {dag.py:3823} INFO - Setting next_dagrun for crime_analytics_pipeline to 2026-06-06 19:00:00+00:00, run_after=2026-06-13 19:00:00+00:00
[2026-06-07T08:59:32.758+0000] {processor.py:183} INFO - Processing /opt/airflow/dags/dag_crime_pipeline.py took 0.144 seconds
[2026-06-07T09:00:03.755+0000] {processor.py:161} INFO - Started process (PID=664) to work on /opt/airflow/dags/dag_crime_pipeline.py
[2026-06-07T09:00:03.759+0000] {processor.py:830} INFO - Processing file /opt/airflow/dags/dag_crime_pipeline.py for tasks to queue
[2026-06-07T09:00:03.763+0000] {logging_mixin.py:188} INFO - [2026-06-07T09:00:03.762+0000] {dagbag.py:538} INFO - Filling up the DagBag from /opt/airflow/dags/dag_crime_pipeline.py
[2026-06-07T09:00:03.818+0000] {processor.py:840} INFO - DAG(s) 'crime_analytics_pipeline' retrieved from /opt/airflow/dags/dag_crime_pipeline.py
[2026-06-07T09:00:03.853+0000] {logging_mixin.py:188} INFO - [2026-06-07T09:00:03.853+0000] {dag.py:3036} INFO - Sync 1 DAGs
[2026-06-07T09:00:03.878+0000] {logging_mixin.py:188} INFO - [2026-06-07T09:00:03.878+0000] {dag.py:3823} INFO - Setting next_dagrun for crime_analytics_pipeline to 2026-06-06 19:00:00+00:00, run_after=2026-06-13 19:00:00+00:00
[2026-06-07T09:00:03.919+0000] {processor.py:183} INFO - Processing /opt/airflow/dags/dag_crime_pipeline.py took 0.170 seconds
[2026-06-07T09:00:34.660+0000] {processor.py:161} INFO - Started process (PID=669) to work on /opt/airflow/dags/dag_crime_pipeline.py
[2026-06-07T09:00:34.661+0000] {processor.py:830} INFO - Processing file /opt/airflow/dags/dag_crime_pipeline.py for tasks to queue
[2026-06-07T09:00:34.664+0000] {logging_mixin.py:188} INFO - [2026-06-07T09:00:34.664+0000] {dagbag.py:538} INFO - Filling up the DagBag from /opt/airflow/dags/dag_crime_pipeline.py
[2026-06-07T09:00:34.709+0000] {processor.py:840} INFO - DAG(s) 'crime_analytics_pipeline' retrieved from /opt/airflow/dags/dag_crime_pipeline.py
[2026-06-07T09:00:34.744+0000] {logging_mixin.py:188} INFO - [2026-06-07T09:00:34.744+0000] {dag.py:3036} INFO - Sync 1 DAGs
[2026-06-07T09:00:34.769+0000] {logging_mixin.py:188} INFO - [2026-06-07T09:00:34.769+0000] {dag.py:3823} INFO - Setting next_dagrun for crime_analytics_pipeline to 2026-06-06 19:00:00+00:00, run_after=2026-06-13 19:00:00+00:00
[2026-06-07T09:00:34.813+0000] {processor.py:183} INFO - Processing /opt/airflow/dags/dag_crime_pipeline.py took 0.158 seconds
[2026-06-07T09:01:05.316+0000] {processor.py:161} INFO - Started process (PID=674) to work on /opt/airflow/dags/dag_crime_pipeline.py
[2026-06-07T09:01:05.318+0000] {processor.py:830} INFO - Processing file /opt/airflow/dags/dag_crime_pipeline.py for tasks to queue
[2026-06-07T09:01:05.322+0000] {logging_mixin.py:188} INFO - [2026-06-07T09:01:05.321+0000] {dagbag.py:538} INFO - Filling up the DagBag from /opt/airflow/dags/dag_crime_pipeline.py
[2026-06-07T09:01:05.380+0000] {processor.py:840} INFO - DAG(s) 'crime_analytics_pipeline' retrieved from /opt/airflow/dags/dag_crime_pipeline.py
[2026-06-07T09:01:05.424+0000] {logging_mixin.py:188} INFO - [2026-06-07T09:01:05.423+0000] {dag.py:3036} INFO - Sync 1 DAGs
[2026-06-07T09:01:06.012+0000] {logging_mixin.py:188} INFO - [2026-06-07T09:01:06.012+0000] {dag.py:3823} INFO - Setting next_dagrun for crime_analytics_pipeline to 2026-06-06 19:00:00+00:00, run_after=2026-06-13 19:00:00+00:00
[2026-06-07T09:01:06.033+0000] {processor.py:183} INFO - Processing /opt/airflow/dags/dag_crime_pipeline.py took 0.722 seconds
[2026-06-07T09:01:36.165+0000] {processor.py:161} INFO - Started process (PID=679) to work on /opt/airflow/dags/dag_crime_pipeline.py
[2026-06-07T09:01:36.166+0000] {processor.py:830} INFO - Processing file /opt/airflow/dags/dag_crime_pipeline.py for tasks to queue
[2026-06-07T09:01:36.169+0000] {logging_mixin.py:188} INFO - [2026-06-07T09:01:36.168+0000] {dagbag.py:538} INFO - Filling up the DagBag from /opt/airflow/dags/dag_crime_pipeline.py
[2026-06-07T09:01:36.428+0000] {processor.py:840} INFO - DAG(s) 'crime_analytics_pipeline' retrieved from /opt/airflow/dags/dag_crime_pipeline.py
[2026-06-07T09:01:36.457+0000] {logging_mixin.py:188} INFO - [2026-06-07T09:01:36.456+0000] {dag.py:3036} INFO - Sync 1 DAGs
[2026-06-07T09:01:36.480+0000] {logging_mixin.py:188} INFO - [2026-06-07T09:01:36.480+0000] {dag.py:3823} INFO - Setting next_dagrun for crime_analytics_pipeline to 2026-06-06 19:00:00+00:00, run_after=2026-06-13 19:00:00+00:00
[2026-06-07T09:01:36.520+0000] {processor.py:183} INFO - Processing /opt/airflow/dags/dag_crime_pipeline.py took 0.360 seconds
[2026-06-07T09:02:07.213+0000] {processor.py:161} INFO - Started process (PID=684) to work on /opt/airflow/dags/dag_crime_pipeline.py
[2026-06-07T09:02:07.216+0000] {processor.py:830} INFO - Processing file /opt/airflow/dags/dag_crime_pipeline.py for tasks to queue
[2026-06-07T09:02:07.220+0000] {logging_mixin.py:188} INFO - [2026-06-07T09:02:07.219+0000] {dagbag.py:538} INFO - Filling up the DagBag from /opt/airflow/dags/dag_crime_pipeline.py
[2026-06-07T09:02:07.278+0000] {processor.py:840} INFO - DAG(s) 'crime_analytics_pipeline' retrieved from /opt/airflow/dags/dag_crime_pipeline.py
[2026-06-07T09:02:07.325+0000] {logging_mixin.py:188} INFO - [2026-06-07T09:02:07.324+0000] {dag.py:3036} INFO - Sync 1 DAGs
[2026-06-07T09:02:07.364+0000] {logging_mixin.py:188} INFO - [2026-06-07T09:02:07.364+0000] {dag.py:3823} INFO - Setting next_dagrun for crime_analytics_pipeline to 2026-06-06 19:00:00+00:00, run_after=2026-06-13 19:00:00+00:00
[2026-06-07T09:02:07.415+0000] {processor.py:183} INFO - Processing /opt/airflow/dags/dag_crime_pipeline.py took 0.209 seconds
[2026-06-07T09:02:37.857+0000] {processor.py:161} INFO - Started process (PID=689) to work on /opt/airflow/dags/dag_crime_pipeline.py
[2026-06-07T09:02:37.859+0000] {processor.py:830} INFO - Processing file /opt/airflow/dags/dag_crime_pipeline.py for tasks to queue
[2026-06-07T09:02:37.862+0000] {logging_mixin.py:188} INFO - [2026-06-07T09:02:37.861+0000] {dagbag.py:538} INFO - Filling up the DagBag from /opt/airflow/dags/dag_crime_pipeline.py
[2026-06-07T09:02:37.910+0000] {processor.py:840} INFO - DAG(s) 'crime_analytics_pipeline' retrieved from /opt/airflow/dags/dag_crime_pipeline.py
[2026-06-07T09:02:37.967+0000] {logging_mixin.py:188} INFO - [2026-06-07T09:02:37.966+0000] {dag.py:3036} INFO - Sync 1 DAGs
[2026-06-07T09:02:37.993+0000] {logging_mixin.py:188} INFO - [2026-06-07T09:02:37.993+0000] {dag.py:3823} INFO - Setting next_dagrun for crime_analytics_pipeline to 2026-06-06 19:00:00+00:00, run_after=2026-06-13 19:00:00+00:00
[2026-06-07T09:02:38.018+0000] {processor.py:183} INFO - Processing /opt/airflow/dags/dag_crime_pipeline.py took 0.164 seconds
[2026-06-07T09:03:08.730+0000] {processor.py:161} INFO - Started process (PID=694) to work on /opt/airflow/dags/dag_crime_pipeline.py
[2026-06-07T09:03:08.732+0000] {processor.py:830} INFO - Processing file /opt/airflow/dags/dag_crime_pipeline.py for tasks to queue
[2026-06-07T09:03:08.735+0000] {logging_mixin.py:188} INFO - [2026-06-07T09:03:08.735+0000] {dagbag.py:538} INFO - Filling up the DagBag from /opt/airflow/dags/dag_crime_pipeline.py
[2026-06-07T09:03:08.784+0000] {processor.py:840} INFO - DAG(s) 'crime_analytics_pipeline' retrieved from /opt/airflow/dags/dag_crime_pipeline.py
[2026-06-07T09:03:08.827+0000] {logging_mixin.py:188} INFO - [2026-06-07T09:03:08.827+0000] {dag.py:3036} INFO - Sync 1 DAGs
[2026-06-07T09:03:08.857+0000] {logging_mixin.py:188} INFO - [2026-06-07T09:03:08.856+0000] {dag.py:3823} INFO - Setting next_dagrun for crime_analytics_pipeline to 2026-06-06 19:00:00+00:00, run_after=2026-06-13 19:00:00+00:00
[2026-06-07T09:03:08.883+0000] {processor.py:183} INFO - Processing /opt/airflow/dags/dag_crime_pipeline.py took 0.157 seconds
[2026-06-07T09:03:39.345+0000] {processor.py:161} INFO - Started process (PID=699) to work on /opt/airflow/dags/dag_crime_pipeline.py
[2026-06-07T09:03:39.347+0000] {processor.py:830} INFO - Processing file /opt/airflow/dags/dag_crime_pipeline.py for tasks to queue
[2026-06-07T09:03:39.350+0000] {logging_mixin.py:188} INFO - [2026-06-07T09:03:39.350+0000] {dagbag.py:538} INFO - Filling up the DagBag from /opt/airflow/dags/dag_crime_pipeline.py
[2026-06-07T09:03:39.394+0000] {processor.py:840} INFO - DAG(s) 'crime_analytics_pipeline' retrieved from /opt/airflow/dags/dag_crime_pipeline.py
[2026-06-07T09:03:39.429+0000] {logging_mixin.py:188} INFO - [2026-06-07T09:03:39.429+0000] {dag.py:3036} INFO - Sync 1 DAGs
[2026-06-07T09:03:39.453+0000] {logging_mixin.py:188} INFO - [2026-06-07T09:03:39.453+0000] {dag.py:3823} INFO - Setting next_dagrun for crime_analytics_pipeline to 2026-06-06 19:00:00+00:00, run_after=2026-06-13 19:00:00+00:00
[2026-06-07T09:03:39.476+0000] {processor.py:183} INFO - Processing /opt/airflow/dags/dag_crime_pipeline.py took 0.136 seconds
[2026-06-07T09:04:10.194+0000] {processor.py:161} INFO - Started process (PID=704) to work on /opt/airflow/dags/dag_crime_pipeline.py
[2026-06-07T09:04:10.196+0000] {processor.py:830} INFO - Processing file /opt/airflow/dags/dag_crime_pipeline.py for tasks to queue
[2026-06-07T09:04:10.199+0000] {logging_mixin.py:188} INFO - [2026-06-07T09:04:10.199+0000] {dagbag.py:538} INFO - Filling up the DagBag from /opt/airflow/dags/dag_crime_pipeline.py
[2026-06-07T09:04:10.242+0000] {processor.py:840} INFO - DAG(s) 'crime_analytics_pipeline' retrieved from /opt/airflow/dags/dag_crime_pipeline.py
[2026-06-07T09:04:10.280+0000] {logging_mixin.py:188} INFO - [2026-06-07T09:04:10.279+0000] {dag.py:3036} INFO - Sync 1 DAGs
[2026-06-07T09:04:10.305+0000] {logging_mixin.py:188} INFO - [2026-06-07T09:04:10.304+0000] {dag.py:3823} INFO - Setting next_dagrun for crime_analytics_pipeline to 2026-06-06 19:00:00+00:00, run_after=2026-06-13 19:00:00+00:00
[2026-06-07T09:04:10.347+0000] {processor.py:183} INFO - Processing /opt/airflow/dags/dag_crime_pipeline.py took 0.159 seconds
[2026-06-07T09:04:41.004+0000] {processor.py:161} INFO - Started process (PID=709) to work on /opt/airflow/dags/dag_crime_pipeline.py
[2026-06-07T09:04:41.005+0000] {processor.py:830} INFO - Processing file /opt/airflow/dags/dag_crime_pipeline.py for tasks to queue
[2026-06-07T09:04:41.009+0000] {logging_mixin.py:188} INFO - [2026-06-07T09:04:41.008+0000] {dagbag.py:538} INFO - Filling up the DagBag from /opt/airflow/dags/dag_crime_pipeline.py
[2026-06-07T09:04:41.053+0000] {processor.py:840} INFO - DAG(s) 'crime_analytics_pipeline' retrieved from /opt/airflow/dags/dag_crime_pipeline.py
[2026-06-07T09:04:41.088+0000] {logging_mixin.py:188} INFO - [2026-06-07T09:04:41.088+0000] {dag.py:3036} INFO - Sync 1 DAGs
[2026-06-07T09:04:41.114+0000] {logging_mixin.py:188} INFO - [2026-06-07T09:04:41.114+0000] {dag.py:3823} INFO - Setting next_dagrun for crime_analytics_pipeline to 2026-06-06 19:00:00+00:00, run_after=2026-06-13 19:00:00+00:00
[2026-06-07T09:04:41.150+0000] {processor.py:183} INFO - Processing /opt/airflow/dags/dag_crime_pipeline.py took 0.151 seconds
[2026-06-07T09:05:12.144+0000] {processor.py:161} INFO - Started process (PID=714) to work on /opt/airflow/dags/dag_crime_pipeline.py
[2026-06-07T09:05:12.146+0000] {processor.py:830} INFO - Processing file /opt/airflow/dags/dag_crime_pipeline.py for tasks to queue
[2026-06-07T09:05:12.149+0000] {logging_mixin.py:188} INFO - [2026-06-07T09:05:12.149+0000] {dagbag.py:538} INFO - Filling up the DagBag from /opt/airflow/dags/dag_crime_pipeline.py
[2026-06-07T09:05:12.201+0000] {processor.py:840} INFO - DAG(s) 'crime_analytics_pipeline' retrieved from /opt/airflow/dags/dag_crime_pipeline.py
[2026-06-07T09:05:12.237+0000] {logging_mixin.py:188} INFO - [2026-06-07T09:05:12.236+0000] {dag.py:3036} INFO - Sync 1 DAGs
[2026-06-07T09:05:12.264+0000] {logging_mixin.py:188} INFO - [2026-06-07T09:05:12.263+0000] {dag.py:3823} INFO - Setting next_dagrun for crime_analytics_pipeline to 2026-06-06 19:00:00+00:00, run_after=2026-06-13 19:00:00+00:00
[2026-06-07T09:05:12.289+0000] {processor.py:183} INFO - Processing /opt/airflow/dags/dag_crime_pipeline.py took 0.150 seconds
[2026-06-07T09:05:43.180+0000] {processor.py:161} INFO - Started process (PID=719) to work on /opt/airflow/dags/dag_crime_pipeline.py
[2026-06-07T09:05:43.182+0000] {processor.py:830} INFO - Processing file /opt/airflow/dags/dag_crime_pipeline.py for tasks to queue
[2026-06-07T09:05:43.184+0000] {logging_mixin.py:188} INFO - [2026-06-07T09:05:43.184+0000] {dagbag.py:538} INFO - Filling up the DagBag from /opt/airflow/dags/dag_crime_pipeline.py
[2026-06-07T09:05:43.223+0000] {processor.py:840} INFO - DAG(s) 'crime_analytics_pipeline' retrieved from /opt/airflow/dags/dag_crime_pipeline.py
[2026-06-07T09:05:43.258+0000] {logging_mixin.py:188} INFO - [2026-06-07T09:05:43.257+0000] {dag.py:3036} INFO - Sync 1 DAGs
[2026-06-07T09:05:43.282+0000] {logging_mixin.py:188} INFO - [2026-06-07T09:05:43.281+0000] {dag.py:3823} INFO - Setting next_dagrun for crime_analytics_pipeline to 2026-06-06 19:00:00+00:00, run_after=2026-06-13 19:00:00+00:00
[2026-06-07T09:05:43.322+0000] {processor.py:183} INFO - Processing /opt/airflow/dags/dag_crime_pipeline.py took 0.145 seconds
[2026-06-07T09:06:14.214+0000] {processor.py:161} INFO - Started process (PID=724) to work on /opt/airflow/dags/dag_crime_pipeline.py
[2026-06-07T09:06:14.216+0000] {processor.py:830} INFO - Processing file /opt/airflow/dags/dag_crime_pipeline.py for tasks to queue
[2026-06-07T09:06:14.219+0000] {logging_mixin.py:188} INFO - [2026-06-07T09:06:14.218+0000] {dagbag.py:538} INFO - Filling up the DagBag from /opt/airflow/dags/dag_crime_pipeline.py
[2026-06-07T09:06:14.261+0000] {processor.py:840} INFO - DAG(s) 'crime_analytics_pipeline' retrieved from /opt/airflow/dags/dag_crime_pipeline.py
[2026-06-07T09:06:14.300+0000] {logging_mixin.py:188} INFO - [2026-06-07T09:06:14.300+0000] {dag.py:3036} INFO - Sync 1 DAGs
[2026-06-07T09:06:14.325+0000] {logging_mixin.py:188} INFO - [2026-06-07T09:06:14.325+0000] {dag.py:3823} INFO - Setting next_dagrun for crime_analytics_pipeline to 2026-06-06 19:00:00+00:00, run_after=2026-06-13 19:00:00+00:00
[2026-06-07T09:06:14.377+0000] {processor.py:183} INFO - Processing /opt/airflow/dags/dag_crime_pipeline.py took 0.166 seconds
[2026-06-07T09:06:45.317+0000] {processor.py:161} INFO - Started process (PID=729) to work on /opt/airflow/dags/dag_crime_pipeline.py
[2026-06-07T09:06:45.318+0000] {processor.py:830} INFO - Processing file /opt/airflow/dags/dag_crime_pipeline.py for tasks to queue
[2026-06-07T09:06:45.321+0000] {logging_mixin.py:188} INFO - [2026-06-07T09:06:45.321+0000] {dagbag.py:538} INFO - Filling up the DagBag from /opt/airflow/dags/dag_crime_pipeline.py
[2026-06-07T09:06:45.365+0000] {processor.py:840} INFO - DAG(s) 'crime_analytics_pipeline' retrieved from /opt/airflow/dags/dag_crime_pipeline.py
[2026-06-07T09:06:45.405+0000] {logging_mixin.py:188} INFO - [2026-06-07T09:06:45.404+0000] {dag.py:3036} INFO - Sync 1 DAGs
[2026-06-07T09:06:45.431+0000] {logging_mixin.py:188} INFO - [2026-06-07T09:06:45.431+0000] {dag.py:3823} INFO - Setting next_dagrun for crime_analytics_pipeline to 2026-06-06 19:00:00+00:00, run_after=2026-06-13 19:00:00+00:00
[2026-06-07T09:06:45.452+0000] {processor.py:183} INFO - Processing /opt/airflow/dags/dag_crime_pipeline.py took 0.139 seconds
[2026-06-07T09:07:16.417+0000] {processor.py:161} INFO - Started process (PID=734) to work on /opt/airflow/dags/dag_crime_pipeline.py
[2026-06-07T09:07:16.418+0000] {processor.py:830} INFO - Processing file /opt/airflow/dags/dag_crime_pipeline.py for tasks to queue
[2026-06-07T09:07:16.422+0000] {logging_mixin.py:188} INFO - [2026-06-07T09:07:16.421+0000] {dagbag.py:538} INFO - Filling up the DagBag from /opt/airflow/dags/dag_crime_pipeline.py
[2026-06-07T09:07:16.480+0000] {processor.py:840} INFO - DAG(s) 'crime_analytics_pipeline' retrieved from /opt/airflow/dags/dag_crime_pipeline.py
[2026-06-07T09:07:16.530+0000] {logging_mixin.py:188} INFO - [2026-06-07T09:07:16.529+0000] {dag.py:3036} INFO - Sync 1 DAGs
[2026-06-07T09:07:16.566+0000] {logging_mixin.py:188} INFO - [2026-06-07T09:07:16.565+0000] {dag.py:3823} INFO - Setting next_dagrun for crime_analytics_pipeline to 2026-06-06 19:00:00+00:00, run_after=2026-06-13 19:00:00+00:00
[2026-06-07T09:07:16.594+0000] {processor.py:183} INFO - Processing /opt/airflow/dags/dag_crime_pipeline.py took 0.182 seconds
[2026-06-07T09:07:47.484+0000] {processor.py:161} INFO - Started process (PID=739) to work on /opt/airflow/dags/dag_crime_pipeline.py
[2026-06-07T09:07:47.485+0000] {processor.py:830} INFO - Processing file /opt/airflow/dags/dag_crime_pipeline.py for tasks to queue
[2026-06-07T09:07:47.488+0000] {logging_mixin.py:188} INFO - [2026-06-07T09:07:47.488+0000] {dagbag.py:538} INFO - Filling up the DagBag from /opt/airflow/dags/dag_crime_pipeline.py
[2026-06-07T09:07:47.533+0000] {processor.py:840} INFO - DAG(s) 'crime_analytics_pipeline' retrieved from /opt/airflow/dags/dag_crime_pipeline.py
[2026-06-07T09:07:47.567+0000] {logging_mixin.py:188} INFO - [2026-06-07T09:07:47.567+0000] {dag.py:3036} INFO - Sync 1 DAGs
[2026-06-07T09:07:47.602+0000] {logging_mixin.py:188} INFO - [2026-06-07T09:07:47.601+0000] {dag.py:3823} INFO - Setting next_dagrun for crime_analytics_pipeline to 2026-06-06 19:00:00+00:00, run_after=2026-06-13 19:00:00+00:00
[2026-06-07T09:07:47.634+0000] {processor.py:183} INFO - Processing /opt/airflow/dags/dag_crime_pipeline.py took 0.154 seconds
[2026-06-07T09:08:18.516+0000] {processor.py:161} INFO - Started process (PID=744) to work on /opt/airflow/dags/dag_crime_pipeline.py
[2026-06-07T09:08:18.518+0000] {processor.py:830} INFO - Processing file /opt/airflow/dags/dag_crime_pipeline.py for tasks to queue
[2026-06-07T09:08:18.521+0000] {logging_mixin.py:188} INFO - [2026-06-07T09:08:18.520+0000] {dagbag.py:538} INFO - Filling up the DagBag from /opt/airflow/dags/dag_crime_pipeline.py
[2026-06-07T09:08:18.576+0000] {processor.py:840} INFO - DAG(s) 'crime_analytics_pipeline' retrieved from /opt/airflow/dags/dag_crime_pipeline.py
[2026-06-07T09:08:18.614+0000] {logging_mixin.py:188} INFO - [2026-06-07T09:08:18.614+0000] {dag.py:3036} INFO - Sync 1 DAGs
[2026-06-07T09:08:18.640+0000] {logging_mixin.py:188} INFO - [2026-06-07T09:08:18.640+0000] {dag.py:3823} INFO - Setting next_dagrun for crime_analytics_pipeline to 2026-06-06 19:00:00+00:00, run_after=2026-06-13 19:00:00+00:00
[2026-06-07T09:08:18.682+0000] {processor.py:183} INFO - Processing /opt/airflow/dags/dag_crime_pipeline.py took 0.171 seconds
[2026-06-07T09:08:49.645+0000] {processor.py:161} INFO - Started process (PID=749) to work on /opt/airflow/dags/dag_crime_pipeline.py
[2026-06-07T09:08:49.646+0000] {processor.py:830} INFO - Processing file /opt/airflow/dags/dag_crime_pipeline.py for tasks to queue
[2026-06-07T09:08:49.650+0000] {logging_mixin.py:188} INFO - [2026-06-07T09:08:49.649+0000] {dagbag.py:538} INFO - Filling up the DagBag from /opt/airflow/dags/dag_crime_pipeline.py
[2026-06-07T09:08:49.694+0000] {processor.py:840} INFO - DAG(s) 'crime_analytics_pipeline' retrieved from /opt/airflow/dags/dag_crime_pipeline.py
[2026-06-07T09:08:49.729+0000] {logging_mixin.py:188} INFO - [2026-06-07T09:08:49.728+0000] {dag.py:3036} INFO - Sync 1 DAGs
[2026-06-07T09:08:49.755+0000] {logging_mixin.py:188} INFO - [2026-06-07T09:08:49.754+0000] {dag.py:3823} INFO - Setting next_dagrun for crime_analytics_pipeline to 2026-06-06 19:00:00+00:00, run_after=2026-06-13 19:00:00+00:00
[2026-06-07T09:08:49.774+0000] {processor.py:183} INFO - Processing /opt/airflow/dags/dag_crime_pipeline.py took 0.133 seconds
[2026-06-07T09:09:20.725+0000] {processor.py:161} INFO - Started process (PID=754) to work on /opt/airflow/dags/dag_crime_pipeline.py
[2026-06-07T09:09:20.726+0000] {processor.py:830} INFO - Processing file /opt/airflow/dags/dag_crime_pipeline.py for tasks to queue
[2026-06-07T09:09:20.731+0000] {logging_mixin.py:188} INFO - [2026-06-07T09:09:20.730+0000] {dagbag.py:538} INFO - Filling up the DagBag from /opt/airflow/dags/dag_crime_pipeline.py
[2026-06-07T09:09:20.780+0000] {processor.py:840} INFO - DAG(s) 'crime_analytics_pipeline' retrieved from /opt/airflow/dags/dag_crime_pipeline.py
[2026-06-07T09:09:20.825+0000] {logging_mixin.py:188} INFO - [2026-06-07T09:09:20.825+0000] {dag.py:3036} INFO - Sync 1 DAGs
[2026-06-07T09:09:20.858+0000] {logging_mixin.py:188} INFO - [2026-06-07T09:09:20.857+0000] {dag.py:3823} INFO - Setting next_dagrun for crime_analytics_pipeline to 2026-06-06 19:00:00+00:00, run_after=2026-06-13 19:00:00+00:00
[2026-06-07T09:09:20.907+0000] {processor.py:183} INFO - Processing /opt/airflow/dags/dag_crime_pipeline.py took 0.187 seconds
[2026-06-07T09:09:51.825+0000] {processor.py:161} INFO - Started process (PID=759) to work on /opt/airflow/dags/dag_crime_pipeline.py
[2026-06-07T09:09:51.826+0000] {processor.py:830} INFO - Processing file /opt/airflow/dags/dag_crime_pipeline.py for tasks to queue
[2026-06-07T09:09:51.829+0000] {logging_mixin.py:188} INFO - [2026-06-07T09:09:51.829+0000] {dagbag.py:538} INFO - Filling up the DagBag from /opt/airflow/dags/dag_crime_pipeline.py
[2026-06-07T09:09:51.872+0000] {processor.py:840} INFO - DAG(s) 'crime_analytics_pipeline' retrieved from /opt/airflow/dags/dag_crime_pipeline.py
[2026-06-07T09:09:51.907+0000] {logging_mixin.py:188} INFO - [2026-06-07T09:09:51.907+0000] {dag.py:3036} INFO - Sync 1 DAGs
[2026-06-07T09:09:51.932+0000] {logging_mixin.py:188} INFO - [2026-06-07T09:09:51.932+0000] {dag.py:3823} INFO - Setting next_dagrun for crime_analytics_pipeline to 2026-06-06 19:00:00+00:00, run_after=2026-06-13 19:00:00+00:00
[2026-06-07T09:09:51.954+0000] {processor.py:183} INFO - Processing /opt/airflow/dags/dag_crime_pipeline.py took 0.134 seconds
[2026-06-07T09:10:22.819+0000] {processor.py:161} INFO - Started process (PID=764) to work on /opt/airflow/dags/dag_crime_pipeline.py
[2026-06-07T09:10:22.821+0000] {processor.py:830} INFO - Processing file /opt/airflow/dags/dag_crime_pipeline.py for tasks to queue
[2026-06-07T09:10:22.826+0000] {logging_mixin.py:188} INFO - [2026-06-07T09:10:22.825+0000] {dagbag.py:538} INFO - Filling up the DagBag from /opt/airflow/dags/dag_crime_pipeline.py
[2026-06-07T09:10:22.872+0000] {processor.py:840} INFO - DAG(s) 'crime_analytics_pipeline' retrieved from /opt/airflow/dags/dag_crime_pipeline.py
[2026-06-07T09:10:22.907+0000] {logging_mixin.py:188} INFO - [2026-06-07T09:10:22.906+0000] {dag.py:3036} INFO - Sync 1 DAGs
[2026-06-07T09:10:22.934+0000] {logging_mixin.py:188} INFO - [2026-06-07T09:10:22.933+0000] {dag.py:3823} INFO - Setting next_dagrun for crime_analytics_pipeline to 2026-06-06 19:00:00+00:00, run_after=2026-06-13 19:00:00+00:00
[2026-06-07T09:10:22.976+0000] {processor.py:183} INFO - Processing /opt/airflow/dags/dag_crime_pipeline.py took 0.161 seconds
[2026-06-07T09:10:53.857+0000] {processor.py:161} INFO - Started process (PID=769) to work on /opt/airflow/dags/dag_crime_pipeline.py
[2026-06-07T09:10:53.859+0000] {processor.py:830} INFO - Processing file /opt/airflow/dags/dag_crime_pipeline.py for tasks to queue
[2026-06-07T09:10:53.862+0000] {logging_mixin.py:188} INFO - [2026-06-07T09:10:53.861+0000] {dagbag.py:538} INFO - Filling up the DagBag from /opt/airflow/dags/dag_crime_pipeline.py
[2026-06-07T09:10:53.911+0000] {processor.py:840} INFO - DAG(s) 'crime_analytics_pipeline' retrieved from /opt/airflow/dags/dag_crime_pipeline.py
[2026-06-07T09:10:53.952+0000] {logging_mixin.py:188} INFO - [2026-06-07T09:10:53.951+0000] {dag.py:3036} INFO - Sync 1 DAGs
[2026-06-07T09:10:53.983+0000] {logging_mixin.py:188} INFO - [2026-06-07T09:10:53.983+0000] {dag.py:3823} INFO - Setting next_dagrun for crime_analytics_pipeline to 2026-06-06 19:00:00+00:00, run_after=2026-06-13 19:00:00+00:00
[2026-06-07T09:10:54.015+0000] {processor.py:183} INFO - Processing /opt/airflow/dags/dag_crime_pipeline.py took 0.162 seconds
[2026-06-07T09:11:24.867+0000] {processor.py:161} INFO - Started process (PID=774) to work on /opt/airflow/dags/dag_crime_pipeline.py
[2026-06-07T09:11:24.869+0000] {processor.py:830} INFO - Processing file /opt/airflow/dags/dag_crime_pipeline.py for tasks to queue
[2026-06-07T09:11:24.873+0000] {logging_mixin.py:188} INFO - [2026-06-07T09:11:24.872+0000] {dagbag.py:538} INFO - Filling up the DagBag from /opt/airflow/dags/dag_crime_pipeline.py
[2026-06-07T09:11:24.921+0000] {processor.py:840} INFO - DAG(s) 'crime_analytics_pipeline' retrieved from /opt/airflow/dags/dag_crime_pipeline.py
[2026-06-07T09:11:24.966+0000] {logging_mixin.py:188} INFO - [2026-06-07T09:11:24.965+0000] {dag.py:3036} INFO - Sync 1 DAGs
[2026-06-07T09:11:24.998+0000] {logging_mixin.py:188} INFO - [2026-06-07T09:11:24.997+0000] {dag.py:3823} INFO - Setting next_dagrun for crime_analytics_pipeline to 2026-06-06 19:00:00+00:00, run_after=2026-06-13 19:00:00+00:00
[2026-06-07T09:11:25.045+0000] {processor.py:183} INFO - Processing /opt/airflow/dags/dag_crime_pipeline.py took 0.183 seconds
[2026-06-07T09:11:56.029+0000] {processor.py:161} INFO - Started process (PID=779) to work on /opt/airflow/dags/dag_crime_pipeline.py
[2026-06-07T09:11:56.031+0000] {processor.py:830} INFO - Processing file /opt/airflow/dags/dag_crime_pipeline.py for tasks to queue
[2026-06-07T09:11:56.033+0000] {logging_mixin.py:188} INFO - [2026-06-07T09:11:56.033+0000] {dagbag.py:538} INFO - Filling up the DagBag from /opt/airflow/dags/dag_crime_pipeline.py
[2026-06-07T09:11:56.071+0000] {processor.py:840} INFO - DAG(s) 'crime_analytics_pipeline' retrieved from /opt/airflow/dags/dag_crime_pipeline.py
[2026-06-07T09:11:56.106+0000] {logging_mixin.py:188} INFO - [2026-06-07T09:11:56.106+0000] {dag.py:3036} INFO - Sync 1 DAGs
[2026-06-07T09:11:56.130+0000] {logging_mixin.py:188} INFO - [2026-06-07T09:11:56.129+0000] {dag.py:3823} INFO - Setting next_dagrun for crime_analytics_pipeline to 2026-06-06 19:00:00+00:00, run_after=2026-06-13 19:00:00+00:00
[2026-06-07T09:11:56.171+0000] {processor.py:183} INFO - Processing /opt/airflow/dags/dag_crime_pipeline.py took 0.145 seconds
[2026-06-07T09:12:26.758+0000] {processor.py:161} INFO - Started process (PID=784) to work on /opt/airflow/dags/dag_crime_pipeline.py
[2026-06-07T09:12:26.760+0000] {processor.py:830} INFO - Processing file /opt/airflow/dags/dag_crime_pipeline.py for tasks to queue
[2026-06-07T09:12:26.763+0000] {logging_mixin.py:188} INFO - [2026-06-07T09:12:26.762+0000] {dagbag.py:538} INFO - Filling up the DagBag from /opt/airflow/dags/dag_crime_pipeline.py
[2026-06-07T09:12:26.810+0000] {processor.py:840} INFO - DAG(s) 'crime_analytics_pipeline' retrieved from /opt/airflow/dags/dag_crime_pipeline.py
[2026-06-07T09:12:26.851+0000] {logging_mixin.py:188} INFO - [2026-06-07T09:12:26.851+0000] {dag.py:3036} INFO - Sync 1 DAGs
[2026-06-07T09:12:26.880+0000] {logging_mixin.py:188} INFO - [2026-06-07T09:12:26.880+0000] {dag.py:3823} INFO - Setting next_dagrun for crime_analytics_pipeline to 2026-06-06 19:00:00+00:00, run_after=2026-06-13 19:00:00+00:00
[2026-06-07T09:12:26.927+0000] {processor.py:183} INFO - Processing /opt/airflow/dags/dag_crime_pipeline.py took 0.174 seconds
[2026-06-07T09:12:57.836+0000] {processor.py:161} INFO - Started process (PID=789) to work on /opt/airflow/dags/dag_crime_pipeline.py
[2026-06-07T09:12:57.838+0000] {processor.py:830} INFO - Processing file /opt/airflow/dags/dag_crime_pipeline.py for tasks to queue
[2026-06-07T09:12:57.844+0000] {logging_mixin.py:188} INFO - [2026-06-07T09:12:57.843+0000] {dagbag.py:538} INFO - Filling up the DagBag from /opt/airflow/dags/dag_crime_pipeline.py
[2026-06-07T09:12:57.892+0000] {processor.py:840} INFO - DAG(s) 'crime_analytics_pipeline' retrieved from /opt/airflow/dags/dag_crime_pipeline.py
[2026-06-07T09:12:57.927+0000] {logging_mixin.py:188} INFO - [2026-06-07T09:12:57.927+0000] {dag.py:3036} INFO - Sync 1 DAGs
[2026-06-07T09:12:57.962+0000] {logging_mixin.py:188} INFO - [2026-06-07T09:12:57.962+0000] {dag.py:3823} INFO - Setting next_dagrun for crime_analytics_pipeline to 2026-06-06 19:00:00+00:00, run_after=2026-06-13 19:00:00+00:00
[2026-06-07T09:12:57.988+0000] {processor.py:183} INFO - Processing /opt/airflow/dags/dag_crime_pipeline.py took 0.159 seconds
[2026-06-07T09:13:28.928+0000] {processor.py:161} INFO - Started process (PID=794) to work on /opt/airflow/dags/dag_crime_pipeline.py
[2026-06-07T09:13:28.930+0000] {processor.py:830} INFO - Processing file /opt/airflow/dags/dag_crime_pipeline.py for tasks to queue
[2026-06-07T09:13:28.934+0000] {logging_mixin.py:188} INFO - [2026-06-07T09:13:28.934+0000] {dagbag.py:538} INFO - Filling up the DagBag from /opt/airflow/dags/dag_crime_pipeline.py
[2026-06-07T09:13:28.982+0000] {processor.py:840} INFO - DAG(s) 'crime_analytics_pipeline' retrieved from /opt/airflow/dags/dag_crime_pipeline.py
[2026-06-07T09:13:29.017+0000] {logging_mixin.py:188} INFO - [2026-06-07T09:13:29.017+0000] {dag.py:3036} INFO - Sync 1 DAGs
[2026-06-07T09:13:29.042+0000] {logging_mixin.py:188} INFO - [2026-06-07T09:13:29.042+0000] {dag.py:3823} INFO - Setting next_dagrun for crime_analytics_pipeline to 2026-06-06 19:00:00+00:00, run_after=2026-06-13 19:00:00+00:00
[2026-06-07T09:13:29.068+0000] {processor.py:183} INFO - Processing /opt/airflow/dags/dag_crime_pipeline.py took 0.148 seconds
[2026-06-07T09:14:00.003+0000] {processor.py:161} INFO - Started process (PID=799) to work on /opt/airflow/dags/dag_crime_pipeline.py
[2026-06-07T09:14:00.004+0000] {processor.py:830} INFO - Processing file /opt/airflow/dags/dag_crime_pipeline.py for tasks to queue
[2026-06-07T09:14:00.007+0000] {logging_mixin.py:188} INFO - [2026-06-07T09:14:00.007+0000] {dagbag.py:538} INFO - Filling up the DagBag from /opt/airflow/dags/dag_crime_pipeline.py
[2026-06-07T09:14:00.057+0000] {processor.py:840} INFO - DAG(s) 'crime_analytics_pipeline' retrieved from /opt/airflow/dags/dag_crime_pipeline.py
[2026-06-07T09:14:00.096+0000] {logging_mixin.py:188} INFO - [2026-06-07T09:14:00.095+0000] {dag.py:3036} INFO - Sync 1 DAGs
[2026-06-07T09:14:00.123+0000] {logging_mixin.py:188} INFO - [2026-06-07T09:14:00.123+0000] {dag.py:3823} INFO - Setting next_dagrun for crime_analytics_pipeline to 2026-06-06 19:00:00+00:00, run_after=2026-06-13 19:00:00+00:00
[2026-06-07T09:14:00.177+0000] {processor.py:183} INFO - Processing /opt/airflow/dags/dag_crime_pipeline.py took 0.177 seconds
[2026-06-07T09:14:31.069+0000] {processor.py:161} INFO - Started process (PID=804) to work on /opt/airflow/dags/dag_crime_pipeline.py
[2026-06-07T09:14:31.071+0000] {processor.py:830} INFO - Processing file /opt/airflow/dags/dag_crime_pipeline.py for tasks to queue
[2026-06-07T09:14:31.074+0000] {logging_mixin.py:188} INFO - [2026-06-07T09:14:31.074+0000] {dagbag.py:538} INFO - Filling up the DagBag from /opt/airflow/dags/dag_crime_pipeline.py
[2026-06-07T09:14:31.122+0000] {processor.py:840} INFO - DAG(s) 'crime_analytics_pipeline' retrieved from /opt/airflow/dags/dag_crime_pipeline.py
[2026-06-07T09:14:31.161+0000] {logging_mixin.py:188} INFO - [2026-06-07T09:14:31.161+0000] {dag.py:3036} INFO - Sync 1 DAGs
[2026-06-07T09:14:31.186+0000] {logging_mixin.py:188} INFO - [2026-06-07T09:14:31.186+0000] {dag.py:3823} INFO - Setting next_dagrun for crime_analytics_pipeline to 2026-06-06 19:00:00+00:00, run_after=2026-06-13 19:00:00+00:00
[2026-06-07T09:14:31.208+0000] {processor.py:183} INFO - Processing /opt/airflow/dags/dag_crime_pipeline.py took 0.144 seconds
[2026-06-07T09:15:02.181+0000] {processor.py:161} INFO - Started process (PID=809) to work on /opt/airflow/dags/dag_crime_pipeline.py
[2026-06-07T09:15:02.183+0000] {processor.py:830} INFO - Processing file /opt/airflow/dags/dag_crime_pipeline.py for tasks to queue
[2026-06-07T09:15:02.187+0000] {logging_mixin.py:188} INFO - [2026-06-07T09:15:02.186+0000] {dagbag.py:538} INFO - Filling up the DagBag from /opt/airflow/dags/dag_crime_pipeline.py
[2026-06-07T09:15:02.239+0000] {processor.py:840} INFO - DAG(s) 'crime_analytics_pipeline' retrieved from /opt/airflow/dags/dag_crime_pipeline.py
[2026-06-07T09:15:02.283+0000] {logging_mixin.py:188} INFO - [2026-06-07T09:15:02.282+0000] {dag.py:3036} INFO - Sync 1 DAGs
[2026-06-07T09:15:02.312+0000] {logging_mixin.py:188} INFO - [2026-06-07T09:15:02.312+0000] {dag.py:3823} INFO - Setting next_dagrun for crime_analytics_pipeline to 2026-06-06 19:00:00+00:00, run_after=2026-06-13 19:00:00+00:00
[2026-06-07T09:15:02.334+0000] {processor.py:183} INFO - Processing /opt/airflow/dags/dag_crime_pipeline.py took 0.157 seconds
[2026-06-07T09:15:33.149+0000] {processor.py:161} INFO - Started process (PID=814) to work on /opt/airflow/dags/dag_crime_pipeline.py
[2026-06-07T09:15:33.151+0000] {processor.py:830} INFO - Processing file /opt/airflow/dags/dag_crime_pipeline.py for tasks to queue
[2026-06-07T09:15:33.154+0000] {logging_mixin.py:188} INFO - [2026-06-07T09:15:33.154+0000] {dagbag.py:538} INFO - Filling up the DagBag from /opt/airflow/dags/dag_crime_pipeline.py
[2026-06-07T09:15:33.207+0000] {processor.py:840} INFO - DAG(s) 'crime_analytics_pipeline' retrieved from /opt/airflow/dags/dag_crime_pipeline.py
[2026-06-07T09:15:33.252+0000] {logging_mixin.py:188} INFO - [2026-06-07T09:15:33.251+0000] {dag.py:3036} INFO - Sync 1 DAGs
[2026-06-07T09:15:33.281+0000] {logging_mixin.py:188} INFO - [2026-06-07T09:15:33.281+0000] {dag.py:3823} INFO - Setting next_dagrun for crime_analytics_pipeline to 2026-06-06 19:00:00+00:00, run_after=2026-06-13 19:00:00+00:00
[2026-06-07T09:15:33.310+0000] {processor.py:183} INFO - Processing /opt/airflow/dags/dag_crime_pipeline.py took 0.166 seconds
[2026-06-07T09:16:04.359+0000] {processor.py:161} INFO - Started process (PID=819) to work on /opt/airflow/dags/dag_crime_pipeline.py
[2026-06-07T09:16:04.360+0000] {processor.py:830} INFO - Processing file /opt/airflow/dags/dag_crime_pipeline.py for tasks to queue
[2026-06-07T09:16:04.364+0000] {logging_mixin.py:188} INFO - [2026-06-07T09:16:04.363+0000] {dagbag.py:538} INFO - Filling up the DagBag from /opt/airflow/dags/dag_crime_pipeline.py
[2026-06-07T09:16:04.414+0000] {processor.py:840} INFO - DAG(s) 'crime_analytics_pipeline' retrieved from /opt/airflow/dags/dag_crime_pipeline.py
[2026-06-07T09:16:04.449+0000] {logging_mixin.py:188} INFO - [2026-06-07T09:16:04.449+0000] {dag.py:3036} INFO - Sync 1 DAGs
[2026-06-07T09:16:04.473+0000] {logging_mixin.py:188} INFO - [2026-06-07T09:16:04.473+0000] {dag.py:3823} INFO - Setting next_dagrun for crime_analytics_pipeline to 2026-06-06 19:00:00+00:00, run_after=2026-06-13 19:00:00+00:00
[2026-06-07T09:16:04.498+0000] {processor.py:183} INFO - Processing /opt/airflow/dags/dag_crime_pipeline.py took 0.143 seconds
[2026-06-07T09:16:35.396+0000] {processor.py:161} INFO - Started process (PID=824) to work on /opt/airflow/dags/dag_crime_pipeline.py
[2026-06-07T09:16:35.399+0000] {processor.py:830} INFO - Processing file /opt/airflow/dags/dag_crime_pipeline.py for tasks to queue
[2026-06-07T09:16:35.402+0000] {logging_mixin.py:188} INFO - [2026-06-07T09:16:35.402+0000] {dagbag.py:538} INFO - Filling up the DagBag from /opt/airflow/dags/dag_crime_pipeline.py
[2026-06-07T09:16:35.451+0000] {processor.py:840} INFO - DAG(s) 'crime_analytics_pipeline' retrieved from /opt/airflow/dags/dag_crime_pipeline.py
[2026-06-07T09:16:35.491+0000] {logging_mixin.py:188} INFO - [2026-06-07T09:16:35.490+0000] {dag.py:3036} INFO - Sync 1 DAGs
[2026-06-07T09:16:35.515+0000] {logging_mixin.py:188} INFO - [2026-06-07T09:16:35.515+0000] {dag.py:3823} INFO - Setting next_dagrun for crime_analytics_pipeline to 2026-06-06 19:00:00+00:00, run_after=2026-06-13 19:00:00+00:00
[2026-06-07T09:16:35.556+0000] {processor.py:183} INFO - Processing /opt/airflow/dags/dag_crime_pipeline.py took 0.166 seconds
[2026-06-07T09:17:05.706+0000] {processor.py:161} INFO - Started process (PID=829) to work on /opt/airflow/dags/dag_crime_pipeline.py
[2026-06-07T09:17:05.708+0000] {processor.py:830} INFO - Processing file /opt/airflow/dags/dag_crime_pipeline.py for tasks to queue
[2026-06-07T09:17:05.712+0000] {logging_mixin.py:188} INFO - [2026-06-07T09:17:05.711+0000] {dagbag.py:538} INFO - Filling up the DagBag from /opt/airflow/dags/dag_crime_pipeline.py
[2026-06-07T09:17:05.759+0000] {processor.py:840} INFO - DAG(s) 'crime_analytics_pipeline' retrieved from /opt/airflow/dags/dag_crime_pipeline.py
[2026-06-07T09:17:05.796+0000] {logging_mixin.py:188} INFO - [2026-06-07T09:17:05.795+0000] {dag.py:3036} INFO - Sync 1 DAGs
[2026-06-07T09:17:05.820+0000] {logging_mixin.py:188} INFO - [2026-06-07T09:17:05.819+0000] {dag.py:3823} INFO - Setting next_dagrun for crime_analytics_pipeline to 2026-06-06 19:00:00+00:00, run_after=2026-06-13 19:00:00+00:00
[2026-06-07T09:17:05.842+0000] {processor.py:183} INFO - Processing /opt/airflow/dags/dag_crime_pipeline.py took 0.140 seconds
[2026-06-07T09:17:36.774+0000] {processor.py:161} INFO - Started process (PID=834) to work on /opt/airflow/dags/dag_crime_pipeline.py
[2026-06-07T09:17:36.776+0000] {processor.py:830} INFO - Processing file /opt/airflow/dags/dag_crime_pipeline.py for tasks to queue
[2026-06-07T09:17:36.779+0000] {logging_mixin.py:188} INFO - [2026-06-07T09:17:36.778+0000] {dagbag.py:538} INFO - Filling up the DagBag from /opt/airflow/dags/dag_crime_pipeline.py
[2026-06-07T09:17:36.832+0000] {processor.py:840} INFO - DAG(s) 'crime_analytics_pipeline' retrieved from /opt/airflow/dags/dag_crime_pipeline.py
[2026-06-07T09:17:36.875+0000] {logging_mixin.py:188} INFO - [2026-06-07T09:17:36.874+0000] {dag.py:3036} INFO - Sync 1 DAGs
[2026-06-07T09:17:36.904+0000] {logging_mixin.py:188} INFO - [2026-06-07T09:17:36.903+0000] {dag.py:3823} INFO - Setting next_dagrun for crime_analytics_pipeline to 2026-06-06 19:00:00+00:00, run_after=2026-06-13 19:00:00+00:00
[2026-06-07T09:17:36.929+0000] {processor.py:183} INFO - Processing /opt/airflow/dags/dag_crime_pipeline.py took 0.158 seconds
[2026-06-07T09:18:07.876+0000] {processor.py:161} INFO - Started process (PID=839) to work on /opt/airflow/dags/dag_crime_pipeline.py
[2026-06-07T09:18:07.877+0000] {processor.py:830} INFO - Processing file /opt/airflow/dags/dag_crime_pipeline.py for tasks to queue
[2026-06-07T09:18:07.880+0000] {logging_mixin.py:188} INFO - [2026-06-07T09:18:07.879+0000] {dagbag.py:538} INFO - Filling up the DagBag from /opt/airflow/dags/dag_crime_pipeline.py
[2026-06-07T09:18:07.927+0000] {processor.py:840} INFO - DAG(s) 'crime_analytics_pipeline' retrieved from /opt/airflow/dags/dag_crime_pipeline.py
[2026-06-07T09:18:07.965+0000] {logging_mixin.py:188} INFO - [2026-06-07T09:18:07.965+0000] {dag.py:3036} INFO - Sync 1 DAGs
[2026-06-07T09:18:07.991+0000] {logging_mixin.py:188} INFO - [2026-06-07T09:18:07.990+0000] {dag.py:3823} INFO - Setting next_dagrun for crime_analytics_pipeline to 2026-06-06 19:00:00+00:00, run_after=2026-06-13 19:00:00+00:00
[2026-06-07T09:18:08.040+0000] {processor.py:183} INFO - Processing /opt/airflow/dags/dag_crime_pipeline.py took 0.167 seconds
[2026-06-07T09:18:39.038+0000] {processor.py:161} INFO - Started process (PID=844) to work on /opt/airflow/dags/dag_crime_pipeline.py
[2026-06-07T09:18:39.039+0000] {processor.py:830} INFO - Processing file /opt/airflow/dags/dag_crime_pipeline.py for tasks to queue
[2026-06-07T09:18:39.042+0000] {logging_mixin.py:188} INFO - [2026-06-07T09:18:39.041+0000] {dagbag.py:538} INFO - Filling up the DagBag from /opt/airflow/dags/dag_crime_pipeline.py
[2026-06-07T09:18:39.086+0000] {processor.py:840} INFO - DAG(s) 'crime_analytics_pipeline' retrieved from /opt/airflow/dags/dag_crime_pipeline.py
[2026-06-07T09:18:39.122+0000] {logging_mixin.py:188} INFO - [2026-06-07T09:18:39.122+0000] {dag.py:3036} INFO - Sync 1 DAGs
[2026-06-07T09:18:39.145+0000] {logging_mixin.py:188} INFO - [2026-06-07T09:18:39.145+0000] {dag.py:3823} INFO - Setting next_dagrun for crime_analytics_pipeline to 2026-06-06 19:00:00+00:00, run_after=2026-06-13 19:00:00+00:00
[2026-06-07T09:18:39.171+0000] {processor.py:183} INFO - Processing /opt/airflow/dags/dag_crime_pipeline.py took 0.136 seconds
[2026-06-07T09:19:10.218+0000] {processor.py:161} INFO - Started process (PID=849) to work on /opt/airflow/dags/dag_crime_pipeline.py
[2026-06-07T09:19:10.220+0000] {processor.py:830} INFO - Processing file /opt/airflow/dags/dag_crime_pipeline.py for tasks to queue
[2026-06-07T09:19:10.223+0000] {logging_mixin.py:188} INFO - [2026-06-07T09:19:10.222+0000] {dagbag.py:538} INFO - Filling up the DagBag from /opt/airflow/dags/dag_crime_pipeline.py
[2026-06-07T09:19:10.270+0000] {processor.py:840} INFO - DAG(s) 'crime_analytics_pipeline' retrieved from /opt/airflow/dags/dag_crime_pipeline.py
[2026-06-07T09:19:10.307+0000] {logging_mixin.py:188} INFO - [2026-06-07T09:19:10.307+0000] {dag.py:3036} INFO - Sync 1 DAGs
[2026-06-07T09:19:10.333+0000] {logging_mixin.py:188} INFO - [2026-06-07T09:19:10.333+0000] {dag.py:3823} INFO - Setting next_dagrun for crime_analytics_pipeline to 2026-06-06 19:00:00+00:00, run_after=2026-06-13 19:00:00+00:00
[2026-06-07T09:19:10.353+0000] {processor.py:183} INFO - Processing /opt/airflow/dags/dag_crime_pipeline.py took 0.141 seconds
[2026-06-07T09:19:41.275+0000] {processor.py:161} INFO - Started process (PID=854) to work on /opt/airflow/dags/dag_crime_pipeline.py
[2026-06-07T09:19:41.276+0000] {processor.py:830} INFO - Processing file /opt/airflow/dags/dag_crime_pipeline.py for tasks to queue
[2026-06-07T09:19:41.280+0000] {logging_mixin.py:188} INFO - [2026-06-07T09:19:41.279+0000] {dagbag.py:538} INFO - Filling up the DagBag from /opt/airflow/dags/dag_crime_pipeline.py
[2026-06-07T09:19:41.324+0000] {processor.py:840} INFO - DAG(s) 'crime_analytics_pipeline' retrieved from /opt/airflow/dags/dag_crime_pipeline.py
[2026-06-07T09:19:41.413+0000] {logging_mixin.py:188} INFO - [2026-06-07T09:19:41.412+0000] {dag.py:3036} INFO - Sync 1 DAGs
[2026-06-07T09:19:41.441+0000] {logging_mixin.py:188} INFO - [2026-06-07T09:19:41.441+0000] {dag.py:3823} INFO - Setting next_dagrun for crime_analytics_pipeline to 2026-06-06 19:00:00+00:00, run_after=2026-06-13 19:00:00+00:00
[2026-06-07T09:19:41.463+0000] {processor.py:183} INFO - Processing /opt/airflow/dags/dag_crime_pipeline.py took 0.193 seconds
[2026-06-07T09:20:12.466+0000] {processor.py:161} INFO - Started process (PID=859) to work on /opt/airflow/dags/dag_crime_pipeline.py
[2026-06-07T09:20:12.467+0000] {processor.py:830} INFO - Processing file /opt/airflow/dags/dag_crime_pipeline.py for tasks to queue
[2026-06-07T09:20:12.469+0000] {logging_mixin.py:188} INFO - [2026-06-07T09:20:12.469+0000] {dagbag.py:538} INFO - Filling up the DagBag from /opt/airflow/dags/dag_crime_pipeline.py
[2026-06-07T09:20:12.518+0000] {processor.py:840} INFO - DAG(s) 'crime_analytics_pipeline' retrieved from /opt/airflow/dags/dag_crime_pipeline.py
[2026-06-07T09:20:12.555+0000] {logging_mixin.py:188} INFO - [2026-06-07T09:20:12.555+0000] {dag.py:3036} INFO - Sync 1 DAGs
[2026-06-07T09:20:12.580+0000] {logging_mixin.py:188} INFO - [2026-06-07T09:20:12.580+0000] {dag.py:3823} INFO - Setting next_dagrun for crime_analytics_pipeline to 2026-06-06 19:00:00+00:00, run_after=2026-06-13 19:00:00+00:00
[2026-06-07T09:20:12.602+0000] {processor.py:183} INFO - Processing /opt/airflow/dags/dag_crime_pipeline.py took 0.140 seconds
[2026-06-07T09:20:43.544+0000] {processor.py:161} INFO - Started process (PID=864) to work on /opt/airflow/dags/dag_crime_pipeline.py
[2026-06-07T09:20:43.546+0000] {processor.py:830} INFO - Processing file /opt/airflow/dags/dag_crime_pipeline.py for tasks to queue
[2026-06-07T09:20:43.549+0000] {logging_mixin.py:188} INFO - [2026-06-07T09:20:43.548+0000] {dagbag.py:538} INFO - Filling up the DagBag from /opt/airflow/dags/dag_crime_pipeline.py
[2026-06-07T09:20:43.601+0000] {processor.py:840} INFO - DAG(s) 'crime_analytics_pipeline' retrieved from /opt/airflow/dags/dag_crime_pipeline.py
[2026-06-07T09:20:43.649+0000] {logging_mixin.py:188} INFO - [2026-06-07T09:20:43.649+0000] {dag.py:3036} INFO - Sync 1 DAGs
[2026-06-07T09:20:43.687+0000] {logging_mixin.py:188} INFO - [2026-06-07T09:20:43.686+0000] {dag.py:3823} INFO - Setting next_dagrun for crime_analytics_pipeline to 2026-06-06 19:00:00+00:00, run_after=2026-06-13 19:00:00+00:00
[2026-06-07T09:20:43.739+0000] {processor.py:183} INFO - Processing /opt/airflow/dags/dag_crime_pipeline.py took 0.199 seconds
[2026-06-07T09:21:14.164+0000] {processor.py:161} INFO - Started process (PID=869) to work on /opt/airflow/dags/dag_crime_pipeline.py
[2026-06-07T09:21:14.166+0000] {processor.py:830} INFO - Processing file /opt/airflow/dags/dag_crime_pipeline.py for tasks to queue
[2026-06-07T09:21:14.170+0000] {logging_mixin.py:188} INFO - [2026-06-07T09:21:14.169+0000] {dagbag.py:538} INFO - Filling up the DagBag from /opt/airflow/dags/dag_crime_pipeline.py
[2026-06-07T09:21:14.225+0000] {processor.py:840} INFO - DAG(s) 'crime_analytics_pipeline' retrieved from /opt/airflow/dags/dag_crime_pipeline.py
[2026-06-07T09:21:14.274+0000] {logging_mixin.py:188} INFO - [2026-06-07T09:21:14.273+0000] {dag.py:3036} INFO - Sync 1 DAGs
[2026-06-07T09:21:14.309+0000] {logging_mixin.py:188} INFO - [2026-06-07T09:21:14.309+0000] {dag.py:3823} INFO - Setting next_dagrun for crime_analytics_pipeline to 2026-06-06 19:00:00+00:00, run_after=2026-06-13 19:00:00+00:00
[2026-06-07T09:21:14.361+0000] {processor.py:183} INFO - Processing /opt/airflow/dags/dag_crime_pipeline.py took 0.202 seconds
[2026-06-07T09:21:44.622+0000] {processor.py:161} INFO - Started process (PID=874) to work on /opt/airflow/dags/dag_crime_pipeline.py
[2026-06-07T09:21:44.623+0000] {processor.py:830} INFO - Processing file /opt/airflow/dags/dag_crime_pipeline.py for tasks to queue
[2026-06-07T09:21:44.626+0000] {logging_mixin.py:188} INFO - [2026-06-07T09:21:44.626+0000] {dagbag.py:538} INFO - Filling up the DagBag from /opt/airflow/dags/dag_crime_pipeline.py
[2026-06-07T09:21:44.671+0000] {processor.py:840} INFO - DAG(s) 'crime_analytics_pipeline' retrieved from /opt/airflow/dags/dag_crime_pipeline.py
[2026-06-07T09:21:44.704+0000] {logging_mixin.py:188} INFO - [2026-06-07T09:21:44.704+0000] {dag.py:3036} INFO - Sync 1 DAGs
[2026-06-07T09:21:44.729+0000] {logging_mixin.py:188} INFO - [2026-06-07T09:21:44.729+0000] {dag.py:3823} INFO - Setting next_dagrun for crime_analytics_pipeline to 2026-06-06 19:00:00+00:00, run_after=2026-06-13 19:00:00+00:00
[2026-06-07T09:21:44.751+0000] {processor.py:183} INFO - Processing /opt/airflow/dags/dag_crime_pipeline.py took 0.133 seconds
[2026-06-07T09:22:15.688+0000] {processor.py:161} INFO - Started process (PID=879) to work on /opt/airflow/dags/dag_crime_pipeline.py
[2026-06-07T09:22:15.689+0000] {processor.py:830} INFO - Processing file /opt/airflow/dags/dag_crime_pipeline.py for tasks to queue
[2026-06-07T09:22:15.691+0000] {logging_mixin.py:188} INFO - [2026-06-07T09:22:15.691+0000] {dagbag.py:538} INFO - Filling up the DagBag from /opt/airflow/dags/dag_crime_pipeline.py
[2026-06-07T09:22:15.742+0000] {processor.py:840} INFO - DAG(s) 'crime_analytics_pipeline' retrieved from /opt/airflow/dags/dag_crime_pipeline.py
[2026-06-07T09:22:15.780+0000] {logging_mixin.py:188} INFO - [2026-06-07T09:22:15.779+0000] {dag.py:3036} INFO - Sync 1 DAGs
[2026-06-07T09:22:15.805+0000] {logging_mixin.py:188} INFO - [2026-06-07T09:22:15.805+0000] {dag.py:3823} INFO - Setting next_dagrun for crime_analytics_pipeline to 2026-06-06 19:00:00+00:00, run_after=2026-06-13 19:00:00+00:00
[2026-06-07T09:22:15.851+0000] {processor.py:183} INFO - Processing /opt/airflow/dags/dag_crime_pipeline.py took 0.169 seconds
[2026-06-07T09:22:46.856+0000] {processor.py:161} INFO - Started process (PID=884) to work on /opt/airflow/dags/dag_crime_pipeline.py
[2026-06-07T09:22:46.858+0000] {processor.py:830} INFO - Processing file /opt/airflow/dags/dag_crime_pipeline.py for tasks to queue
[2026-06-07T09:22:46.862+0000] {logging_mixin.py:188} INFO - [2026-06-07T09:22:46.861+0000] {dagbag.py:538} INFO - Filling up the DagBag from /opt/airflow/dags/dag_crime_pipeline.py
[2026-06-07T09:22:46.910+0000] {processor.py:840} INFO - DAG(s) 'crime_analytics_pipeline' retrieved from /opt/airflow/dags/dag_crime_pipeline.py
[2026-06-07T09:22:46.947+0000] {logging_mixin.py:188} INFO - [2026-06-07T09:22:46.946+0000] {dag.py:3036} INFO - Sync 1 DAGs
[2026-06-07T09:22:46.972+0000] {logging_mixin.py:188} INFO - [2026-06-07T09:22:46.972+0000] {dag.py:3823} INFO - Setting next_dagrun for crime_analytics_pipeline to 2026-06-06 19:00:00+00:00, run_after=2026-06-13 19:00:00+00:00
[2026-06-07T09:22:46.995+0000] {processor.py:183} INFO - Processing /opt/airflow/dags/dag_crime_pipeline.py took 0.143 seconds
[2026-06-07T09:23:17.925+0000] {processor.py:161} INFO - Started process (PID=889) to work on /opt/airflow/dags/dag_crime_pipeline.py
[2026-06-07T09:23:17.927+0000] {processor.py:830} INFO - Processing file /opt/airflow/dags/dag_crime_pipeline.py for tasks to queue
[2026-06-07T09:23:17.931+0000] {logging_mixin.py:188} INFO - [2026-06-07T09:23:17.930+0000] {dagbag.py:538} INFO - Filling up the DagBag from /opt/airflow/dags/dag_crime_pipeline.py
[2026-06-07T09:23:17.983+0000] {processor.py:840} INFO - DAG(s) 'crime_analytics_pipeline' retrieved from /opt/airflow/dags/dag_crime_pipeline.py
[2026-06-07T09:23:18.018+0000] {logging_mixin.py:188} INFO - [2026-06-07T09:23:18.018+0000] {dag.py:3036} INFO - Sync 1 DAGs
[2026-06-07T09:23:18.042+0000] {logging_mixin.py:188} INFO - [2026-06-07T09:23:18.042+0000] {dag.py:3823} INFO - Setting next_dagrun for crime_analytics_pipeline to 2026-06-06 19:00:00+00:00, run_after=2026-06-13 19:00:00+00:00
[2026-06-07T09:23:18.084+0000] {processor.py:183} INFO - Processing /opt/airflow/dags/dag_crime_pipeline.py took 0.164 seconds
[2026-06-07T09:23:49.041+0000] {processor.py:161} INFO - Started process (PID=894) to work on /opt/airflow/dags/dag_crime_pipeline.py
[2026-06-07T09:23:49.043+0000] {processor.py:830} INFO - Processing file /opt/airflow/dags/dag_crime_pipeline.py for tasks to queue
[2026-06-07T09:23:49.046+0000] {logging_mixin.py:188} INFO - [2026-06-07T09:23:49.046+0000] {dagbag.py:538} INFO - Filling up the DagBag from /opt/airflow/dags/dag_crime_pipeline.py
[2026-06-07T09:23:49.095+0000] {processor.py:840} INFO - DAG(s) 'crime_analytics_pipeline' retrieved from /opt/airflow/dags/dag_crime_pipeline.py
[2026-06-07T09:23:49.132+0000] {logging_mixin.py:188} INFO - [2026-06-07T09:23:49.132+0000] {dag.py:3036} INFO - Sync 1 DAGs
[2026-06-07T09:23:49.156+0000] {logging_mixin.py:188} INFO - [2026-06-07T09:23:49.156+0000] {dag.py:3823} INFO - Setting next_dagrun for crime_analytics_pipeline to 2026-06-06 19:00:00+00:00, run_after=2026-06-13 19:00:00+00:00
[2026-06-07T09:23:49.177+0000] {processor.py:183} INFO - Processing /opt/airflow/dags/dag_crime_pipeline.py took 0.140 seconds
[2026-06-07T09:24:20.106+0000] {processor.py:161} INFO - Started process (PID=899) to work on /opt/airflow/dags/dag_crime_pipeline.py
[2026-06-07T09:24:20.108+0000] {processor.py:830} INFO - Processing file /opt/airflow/dags/dag_crime_pipeline.py for tasks to queue
[2026-06-07T09:24:20.111+0000] {logging_mixin.py:188} INFO - [2026-06-07T09:24:20.110+0000] {dagbag.py:538} INFO - Filling up the DagBag from /opt/airflow/dags/dag_crime_pipeline.py
[2026-06-07T09:24:20.161+0000] {processor.py:840} INFO - DAG(s) 'crime_analytics_pipeline' retrieved from /opt/airflow/dags/dag_crime_pipeline.py
[2026-06-07T09:24:19.939+0000] {logging_mixin.py:188} INFO - [2026-06-07T09:24:19.939+0000] {dag.py:3036} INFO - Sync 1 DAGs
[2026-06-07T09:24:19.966+0000] {logging_mixin.py:188} INFO - [2026-06-07T09:24:19.966+0000] {dag.py:3823} INFO - Setting next_dagrun for crime_analytics_pipeline to 2026-06-06 19:00:00+00:00, run_after=2026-06-13 19:00:00+00:00
[2026-06-07T09:24:19.989+0000] {processor.py:183} INFO - Processing /opt/airflow/dags/dag_crime_pipeline.py took 0.147 seconds
[2026-06-07T09:24:50.965+0000] {processor.py:161} INFO - Started process (PID=904) to work on /opt/airflow/dags/dag_crime_pipeline.py
[2026-06-07T09:24:50.967+0000] {processor.py:830} INFO - Processing file /opt/airflow/dags/dag_crime_pipeline.py for tasks to queue
[2026-06-07T09:24:50.970+0000] {logging_mixin.py:188} INFO - [2026-06-07T09:24:50.970+0000] {dagbag.py:538} INFO - Filling up the DagBag from /opt/airflow/dags/dag_crime_pipeline.py
[2026-06-07T09:24:51.015+0000] {processor.py:840} INFO - DAG(s) 'crime_analytics_pipeline' retrieved from /opt/airflow/dags/dag_crime_pipeline.py
[2026-06-07T09:24:51.049+0000] {logging_mixin.py:188} INFO - [2026-06-07T09:24:51.048+0000] {dag.py:3036} INFO - Sync 1 DAGs
[2026-06-07T09:24:51.075+0000] {logging_mixin.py:188} INFO - [2026-06-07T09:24:51.075+0000] {dag.py:3823} INFO - Setting next_dagrun for crime_analytics_pipeline to 2026-06-06 19:00:00+00:00, run_after=2026-06-13 19:00:00+00:00
[2026-06-07T09:24:51.096+0000] {processor.py:183} INFO - Processing /opt/airflow/dags/dag_crime_pipeline.py took 0.136 seconds
[2026-06-07T09:25:22.079+0000] {processor.py:161} INFO - Started process (PID=909) to work on /opt/airflow/dags/dag_crime_pipeline.py
[2026-06-07T09:25:22.081+0000] {processor.py:830} INFO - Processing file /opt/airflow/dags/dag_crime_pipeline.py for tasks to queue
[2026-06-07T09:25:22.084+0000] {logging_mixin.py:188} INFO - [2026-06-07T09:25:22.083+0000] {dagbag.py:538} INFO - Filling up the DagBag from /opt/airflow/dags/dag_crime_pipeline.py
[2026-06-07T09:25:22.131+0000] {processor.py:840} INFO - DAG(s) 'crime_analytics_pipeline' retrieved from /opt/airflow/dags/dag_crime_pipeline.py
[2026-06-07T09:25:22.165+0000] {logging_mixin.py:188} INFO - [2026-06-07T09:25:22.164+0000] {dag.py:3036} INFO - Sync 1 DAGs
[2026-06-07T09:25:22.189+0000] {logging_mixin.py:188} INFO - [2026-06-07T09:25:22.189+0000] {dag.py:3823} INFO - Setting next_dagrun for crime_analytics_pipeline to 2026-06-06 19:00:00+00:00, run_after=2026-06-13 19:00:00+00:00
[2026-06-07T09:25:22.218+0000] {processor.py:183} INFO - Processing /opt/airflow/dags/dag_crime_pipeline.py took 0.143 seconds
[2026-06-07T09:25:53.208+0000] {processor.py:161} INFO - Started process (PID=914) to work on /opt/airflow/dags/dag_crime_pipeline.py
[2026-06-07T09:25:53.210+0000] {processor.py:830} INFO - Processing file /opt/airflow/dags/dag_crime_pipeline.py for tasks to queue
[2026-06-07T09:25:53.214+0000] {logging_mixin.py:188} INFO - [2026-06-07T09:25:53.213+0000] {dagbag.py:538} INFO - Filling up the DagBag from /opt/airflow/dags/dag_crime_pipeline.py
[2026-06-07T09:25:53.266+0000] {processor.py:840} INFO - DAG(s) 'crime_analytics_pipeline' retrieved from /opt/airflow/dags/dag_crime_pipeline.py
[2026-06-07T09:25:53.304+0000] {logging_mixin.py:188} INFO - [2026-06-07T09:25:53.304+0000] {dag.py:3036} INFO - Sync 1 DAGs
[2026-06-07T09:25:53.329+0000] {logging_mixin.py:188} INFO - [2026-06-07T09:25:53.329+0000] {dag.py:3823} INFO - Setting next_dagrun for crime_analytics_pipeline to 2026-06-06 19:00:00+00:00, run_after=2026-06-13 19:00:00+00:00
[2026-06-07T09:25:53.354+0000] {processor.py:183} INFO - Processing /opt/airflow/dags/dag_crime_pipeline.py took 0.151 seconds
[2026-06-07T09:26:24.236+0000] {processor.py:161} INFO - Started process (PID=919) to work on /opt/airflow/dags/dag_crime_pipeline.py
[2026-06-07T09:26:24.238+0000] {processor.py:830} INFO - Processing file /opt/airflow/dags/dag_crime_pipeline.py for tasks to queue
[2026-06-07T09:26:24.241+0000] {logging_mixin.py:188} INFO - [2026-06-07T09:26:24.240+0000] {dagbag.py:538} INFO - Filling up the DagBag from /opt/airflow/dags/dag_crime_pipeline.py
[2026-06-07T09:26:24.289+0000] {processor.py:840} INFO - DAG(s) 'crime_analytics_pipeline' retrieved from /opt/airflow/dags/dag_crime_pipeline.py
[2026-06-07T09:26:24.328+0000] {logging_mixin.py:188} INFO - [2026-06-07T09:26:24.327+0000] {dag.py:3036} INFO - Sync 1 DAGs
[2026-06-07T09:26:24.354+0000] {logging_mixin.py:188} INFO - [2026-06-07T09:26:24.353+0000] {dag.py:3823} INFO - Setting next_dagrun for crime_analytics_pipeline to 2026-06-06 19:00:00+00:00, run_after=2026-06-13 19:00:00+00:00
[2026-06-07T09:26:24.398+0000] {processor.py:183} INFO - Processing /opt/airflow/dags/dag_crime_pipeline.py took 0.166 seconds
[2026-06-07T09:26:55.195+0000] {processor.py:161} INFO - Started process (PID=924) to work on /opt/airflow/dags/dag_crime_pipeline.py
[2026-06-07T09:26:55.197+0000] {processor.py:830} INFO - Processing file /opt/airflow/dags/dag_crime_pipeline.py for tasks to queue
[2026-06-07T09:26:55.201+0000] {logging_mixin.py:188} INFO - [2026-06-07T09:26:55.199+0000] {dagbag.py:538} INFO - Filling up the DagBag from /opt/airflow/dags/dag_crime_pipeline.py
[2026-06-07T09:26:55.252+0000] {processor.py:840} INFO - DAG(s) 'crime_analytics_pipeline' retrieved from /opt/airflow/dags/dag_crime_pipeline.py
[2026-06-07T09:26:55.289+0000] {logging_mixin.py:188} INFO - [2026-06-07T09:26:55.289+0000] {dag.py:3036} INFO - Sync 1 DAGs
[2026-06-07T09:26:55.317+0000] {logging_mixin.py:188} INFO - [2026-06-07T09:26:55.317+0000] {dag.py:3823} INFO - Setting next_dagrun for crime_analytics_pipeline to 2026-06-06 19:00:00+00:00, run_after=2026-06-13 19:00:00+00:00
[2026-06-07T09:26:55.341+0000] {processor.py:183} INFO - Processing /opt/airflow/dags/dag_crime_pipeline.py took 0.149 seconds
[2026-06-07T09:27:25.436+0000] {processor.py:161} INFO - Started process (PID=929) to work on /opt/airflow/dags/dag_crime_pipeline.py
[2026-06-07T09:27:25.438+0000] {processor.py:830} INFO - Processing file /opt/airflow/dags/dag_crime_pipeline.py for tasks to queue
[2026-06-07T09:27:25.441+0000] {logging_mixin.py:188} INFO - [2026-06-07T09:27:25.441+0000] {dagbag.py:538} INFO - Filling up the DagBag from /opt/airflow/dags/dag_crime_pipeline.py
[2026-06-07T09:27:25.482+0000] {processor.py:840} INFO - DAG(s) 'crime_analytics_pipeline' retrieved from /opt/airflow/dags/dag_crime_pipeline.py
[2026-06-07T09:27:25.516+0000] {logging_mixin.py:188} INFO - [2026-06-07T09:27:25.516+0000] {dag.py:3036} INFO - Sync 1 DAGs
[2026-06-07T09:27:25.541+0000] {logging_mixin.py:188} INFO - [2026-06-07T09:27:25.541+0000] {dag.py:3823} INFO - Setting next_dagrun for crime_analytics_pipeline to 2026-06-06 19:00:00+00:00, run_after=2026-06-13 19:00:00+00:00
[2026-06-07T09:27:25.568+0000] {processor.py:183} INFO - Processing /opt/airflow/dags/dag_crime_pipeline.py took 0.137 seconds
[2026-06-07T09:27:56.495+0000] {processor.py:161} INFO - Started process (PID=934) to work on /opt/airflow/dags/dag_crime_pipeline.py
[2026-06-07T09:27:56.496+0000] {processor.py:830} INFO - Processing file /opt/airflow/dags/dag_crime_pipeline.py for tasks to queue
[2026-06-07T09:27:56.500+0000] {logging_mixin.py:188} INFO - [2026-06-07T09:27:56.499+0000] {dagbag.py:538} INFO - Filling up the DagBag from /opt/airflow/dags/dag_crime_pipeline.py
[2026-06-07T09:27:56.552+0000] {processor.py:840} INFO - DAG(s) 'crime_analytics_pipeline' retrieved from /opt/airflow/dags/dag_crime_pipeline.py
[2026-06-07T09:27:56.593+0000] {logging_mixin.py:188} INFO - [2026-06-07T09:27:56.592+0000] {dag.py:3036} INFO - Sync 1 DAGs
[2026-06-07T09:27:56.622+0000] {logging_mixin.py:188} INFO - [2026-06-07T09:27:56.622+0000] {dag.py:3823} INFO - Setting next_dagrun for crime_analytics_pipeline to 2026-06-06 19:00:00+00:00, run_after=2026-06-13 19:00:00+00:00
[2026-06-07T09:27:56.647+0000] {processor.py:183} INFO - Processing /opt/airflow/dags/dag_crime_pipeline.py took 0.157 seconds
[2026-06-07T09:28:27.666+0000] {processor.py:161} INFO - Started process (PID=939) to work on /opt/airflow/dags/dag_crime_pipeline.py
[2026-06-07T09:28:27.667+0000] {processor.py:830} INFO - Processing file /opt/airflow/dags/dag_crime_pipeline.py for tasks to queue
[2026-06-07T09:28:27.672+0000] {logging_mixin.py:188} INFO - [2026-06-07T09:28:27.671+0000] {dagbag.py:538} INFO - Filling up the DagBag from /opt/airflow/dags/dag_crime_pipeline.py
[2026-06-07T09:28:27.724+0000] {processor.py:840} INFO - DAG(s) 'crime_analytics_pipeline' retrieved from /opt/airflow/dags/dag_crime_pipeline.py
[2026-06-07T09:28:27.768+0000] {logging_mixin.py:188} INFO - [2026-06-07T09:28:27.767+0000] {dag.py:3036} INFO - Sync 1 DAGs
[2026-06-07T09:28:27.795+0000] {logging_mixin.py:188} INFO - [2026-06-07T09:28:27.795+0000] {dag.py:3823} INFO - Setting next_dagrun for crime_analytics_pipeline to 2026-06-06 19:00:00+00:00, run_after=2026-06-13 19:00:00+00:00
[2026-06-07T09:28:27.837+0000] {processor.py:183} INFO - Processing /opt/airflow/dags/dag_crime_pipeline.py took 0.176 seconds
[2026-06-07T09:28:58.695+0000] {processor.py:161} INFO - Started process (PID=944) to work on /opt/airflow/dags/dag_crime_pipeline.py
[2026-06-07T09:28:58.698+0000] {processor.py:830} INFO - Processing file /opt/airflow/dags/dag_crime_pipeline.py for tasks to queue
[2026-06-07T09:28:58.702+0000] {logging_mixin.py:188} INFO - [2026-06-07T09:28:58.701+0000] {dagbag.py:538} INFO - Filling up the DagBag from /opt/airflow/dags/dag_crime_pipeline.py
[2026-06-07T09:28:58.755+0000] {processor.py:840} INFO - DAG(s) 'crime_analytics_pipeline' retrieved from /opt/airflow/dags/dag_crime_pipeline.py
[2026-06-07T09:28:58.800+0000] {logging_mixin.py:188} INFO - [2026-06-07T09:28:58.800+0000] {dag.py:3036} INFO - Sync 1 DAGs
[2026-06-07T09:28:58.835+0000] {logging_mixin.py:188} INFO - [2026-06-07T09:28:58.834+0000] {dag.py:3823} INFO - Setting next_dagrun for crime_analytics_pipeline to 2026-06-06 19:00:00+00:00, run_after=2026-06-13 19:00:00+00:00
[2026-06-07T09:28:58.866+0000] {processor.py:183} INFO - Processing /opt/airflow/dags/dag_crime_pipeline.py took 0.176 seconds
[2026-06-07T09:29:29.912+0000] {processor.py:161} INFO - Started process (PID=949) to work on /opt/airflow/dags/dag_crime_pipeline.py
[2026-06-07T09:29:29.914+0000] {processor.py:830} INFO - Processing file /opt/airflow/dags/dag_crime_pipeline.py for tasks to queue
[2026-06-07T09:29:29.919+0000] {logging_mixin.py:188} INFO - [2026-06-07T09:29:29.917+0000] {dagbag.py:538} INFO - Filling up the DagBag from /opt/airflow/dags/dag_crime_pipeline.py
[2026-06-07T09:29:29.974+0000] {processor.py:840} INFO - DAG(s) 'crime_analytics_pipeline' retrieved from /opt/airflow/dags/dag_crime_pipeline.py
[2026-06-07T09:29:30.012+0000] {logging_mixin.py:188} INFO - [2026-06-07T09:29:30.012+0000] {dag.py:3036} INFO - Sync 1 DAGs
[2026-06-07T09:29:30.043+0000] {logging_mixin.py:188} INFO - [2026-06-07T09:29:30.043+0000] {dag.py:3823} INFO - Setting next_dagrun for crime_analytics_pipeline to 2026-06-06 19:00:00+00:00, run_after=2026-06-13 19:00:00+00:00
[2026-06-07T09:29:30.090+0000] {processor.py:183} INFO - Processing /opt/airflow/dags/dag_crime_pipeline.py took 0.185 seconds
[2026-06-07T09:30:00.963+0000] {processor.py:161} INFO - Started process (PID=954) to work on /opt/airflow/dags/dag_crime_pipeline.py
[2026-06-07T09:30:00.965+0000] {processor.py:830} INFO - Processing file /opt/airflow/dags/dag_crime_pipeline.py for tasks to queue
[2026-06-07T09:30:00.970+0000] {logging_mixin.py:188} INFO - [2026-06-07T09:30:00.969+0000] {dagbag.py:538} INFO - Filling up the DagBag from /opt/airflow/dags/dag_crime_pipeline.py
[2026-06-07T09:30:01.015+0000] {processor.py:840} INFO - DAG(s) 'crime_analytics_pipeline' retrieved from /opt/airflow/dags/dag_crime_pipeline.py
[2026-06-07T09:30:01.056+0000] {logging_mixin.py:188} INFO - [2026-06-07T09:30:01.055+0000] {dag.py:3036} INFO - Sync 1 DAGs
[2026-06-07T09:30:01.088+0000] {logging_mixin.py:188} INFO - [2026-06-07T09:30:01.087+0000] {dag.py:3823} INFO - Setting next_dagrun for crime_analytics_pipeline to 2026-06-06 19:00:00+00:00, run_after=2026-06-13 19:00:00+00:00
[2026-06-07T09:30:01.122+0000] {processor.py:183} INFO - Processing /opt/airflow/dags/dag_crime_pipeline.py took 0.163 seconds
[2026-06-07T09:30:32.117+0000] {processor.py:161} INFO - Started process (PID=959) to work on /opt/airflow/dags/dag_crime_pipeline.py
[2026-06-07T09:30:32.119+0000] {processor.py:830} INFO - Processing file /opt/airflow/dags/dag_crime_pipeline.py for tasks to queue
[2026-06-07T09:30:32.125+0000] {logging_mixin.py:188} INFO - [2026-06-07T09:30:32.124+0000] {dagbag.py:538} INFO - Filling up the DagBag from /opt/airflow/dags/dag_crime_pipeline.py
[2026-06-07T09:30:32.176+0000] {processor.py:840} INFO - DAG(s) 'crime_analytics_pipeline' retrieved from /opt/airflow/dags/dag_crime_pipeline.py
[2026-06-07T09:30:32.216+0000] {logging_mixin.py:188} INFO - [2026-06-07T09:30:32.216+0000] {dag.py:3036} INFO - Sync 1 DAGs
[2026-06-07T09:30:32.242+0000] {logging_mixin.py:188} INFO - [2026-06-07T09:30:32.242+0000] {dag.py:3823} INFO - Setting next_dagrun for crime_analytics_pipeline to 2026-06-06 19:00:00+00:00, run_after=2026-06-13 19:00:00+00:00
[2026-06-07T09:30:32.265+0000] {processor.py:183} INFO - Processing /opt/airflow/dags/dag_crime_pipeline.py took 0.153 seconds
[2026-06-07T09:31:03.189+0000] {processor.py:161} INFO - Started process (PID=964) to work on /opt/airflow/dags/dag_crime_pipeline.py
[2026-06-07T09:31:03.190+0000] {processor.py:830} INFO - Processing file /opt/airflow/dags/dag_crime_pipeline.py for tasks to queue
[2026-06-07T09:31:03.194+0000] {logging_mixin.py:188} INFO - [2026-06-07T09:31:03.193+0000] {dagbag.py:538} INFO - Filling up the DagBag from /opt/airflow/dags/dag_crime_pipeline.py
[2026-06-07T09:31:03.249+0000] {processor.py:840} INFO - DAG(s) 'crime_analytics_pipeline' retrieved from /opt/airflow/dags/dag_crime_pipeline.py
[2026-06-07T09:31:03.295+0000] {logging_mixin.py:188} INFO - [2026-06-07T09:31:03.294+0000] {dag.py:3036} INFO - Sync 1 DAGs
[2026-06-07T09:31:03.325+0000] {logging_mixin.py:188} INFO - [2026-06-07T09:31:03.325+0000] {dag.py:3823} INFO - Setting next_dagrun for crime_analytics_pipeline to 2026-06-06 19:00:00+00:00, run_after=2026-06-13 19:00:00+00:00
[2026-06-07T09:31:03.361+0000] {processor.py:183} INFO - Processing /opt/airflow/dags/dag_crime_pipeline.py took 0.176 seconds
[2026-06-07T09:31:34.319+0000] {processor.py:161} INFO - Started process (PID=969) to work on /opt/airflow/dags/dag_crime_pipeline.py
[2026-06-07T09:31:34.320+0000] {processor.py:830} INFO - Processing file /opt/airflow/dags/dag_crime_pipeline.py for tasks to queue
[2026-06-07T09:31:34.324+0000] {logging_mixin.py:188} INFO - [2026-06-07T09:31:34.323+0000] {dagbag.py:538} INFO - Filling up the DagBag from /opt/airflow/dags/dag_crime_pipeline.py
[2026-06-07T09:31:34.374+0000] {processor.py:840} INFO - DAG(s) 'crime_analytics_pipeline' retrieved from /opt/airflow/dags/dag_crime_pipeline.py
[2026-06-07T09:31:34.412+0000] {logging_mixin.py:188} INFO - [2026-06-07T09:31:34.412+0000] {dag.py:3036} INFO - Sync 1 DAGs
[2026-06-07T09:31:34.436+0000] {logging_mixin.py:188} INFO - [2026-06-07T09:31:34.436+0000] {dag.py:3823} INFO - Setting next_dagrun for crime_analytics_pipeline to 2026-06-06 19:00:00+00:00, run_after=2026-06-13 19:00:00+00:00
[2026-06-07T09:31:34.458+0000] {processor.py:183} INFO - Processing /opt/airflow/dags/dag_crime_pipeline.py took 0.143 seconds
[2026-06-07T09:32:05.345+0000] {processor.py:161} INFO - Started process (PID=974) to work on /opt/airflow/dags/dag_crime_pipeline.py
[2026-06-07T09:32:05.347+0000] {processor.py:830} INFO - Processing file /opt/airflow/dags/dag_crime_pipeline.py for tasks to queue
[2026-06-07T09:32:05.351+0000] {logging_mixin.py:188} INFO - [2026-06-07T09:32:05.350+0000] {dagbag.py:538} INFO - Filling up the DagBag from /opt/airflow/dags/dag_crime_pipeline.py
[2026-06-07T09:32:05.399+0000] {processor.py:840} INFO - DAG(s) 'crime_analytics_pipeline' retrieved from /opt/airflow/dags/dag_crime_pipeline.py
[2026-06-07T09:32:05.437+0000] {logging_mixin.py:188} INFO - [2026-06-07T09:32:05.437+0000] {dag.py:3036} INFO - Sync 1 DAGs
[2026-06-07T09:32:05.465+0000] {logging_mixin.py:188} INFO - [2026-06-07T09:32:05.464+0000] {dag.py:3823} INFO - Setting next_dagrun for crime_analytics_pipeline to 2026-06-06 19:00:00+00:00, run_after=2026-06-13 19:00:00+00:00
[2026-06-07T09:32:05.512+0000] {processor.py:183} INFO - Processing /opt/airflow/dags/dag_crime_pipeline.py took 0.171 seconds
[2026-06-07T09:32:36.456+0000] {processor.py:161} INFO - Started process (PID=979) to work on /opt/airflow/dags/dag_crime_pipeline.py
[2026-06-07T09:32:36.458+0000] {processor.py:830} INFO - Processing file /opt/airflow/dags/dag_crime_pipeline.py for tasks to queue
[2026-06-07T09:32:36.462+0000] {logging_mixin.py:188} INFO - [2026-06-07T09:32:36.461+0000] {dagbag.py:538} INFO - Filling up the DagBag from /opt/airflow/dags/dag_crime_pipeline.py
[2026-06-07T09:32:36.508+0000] {processor.py:840} INFO - DAG(s) 'crime_analytics_pipeline' retrieved from /opt/airflow/dags/dag_crime_pipeline.py
[2026-06-07T09:32:36.544+0000] {logging_mixin.py:188} INFO - [2026-06-07T09:32:36.544+0000] {dag.py:3036} INFO - Sync 1 DAGs
[2026-06-07T09:32:36.569+0000] {logging_mixin.py:188} INFO - [2026-06-07T09:32:36.569+0000] {dag.py:3823} INFO - Setting next_dagrun for crime_analytics_pipeline to 2026-06-06 19:00:00+00:00, run_after=2026-06-13 19:00:00+00:00
[2026-06-07T09:32:36.590+0000] {processor.py:183} INFO - Processing /opt/airflow/dags/dag_crime_pipeline.py took 0.139 seconds
[2026-06-07T09:33:07.566+0000] {processor.py:161} INFO - Started process (PID=984) to work on /opt/airflow/dags/dag_crime_pipeline.py
[2026-06-07T09:33:07.568+0000] {processor.py:830} INFO - Processing file /opt/airflow/dags/dag_crime_pipeline.py for tasks to queue
[2026-06-07T09:33:07.573+0000] {logging_mixin.py:188} INFO - [2026-06-07T09:33:07.572+0000] {dagbag.py:538} INFO - Filling up the DagBag from /opt/airflow/dags/dag_crime_pipeline.py
[2026-06-07T09:33:07.630+0000] {processor.py:840} INFO - DAG(s) 'crime_analytics_pipeline' retrieved from /opt/airflow/dags/dag_crime_pipeline.py
[2026-06-07T09:33:07.677+0000] {logging_mixin.py:188} INFO - [2026-06-07T09:33:07.677+0000] {dag.py:3036} INFO - Sync 1 DAGs
[2026-06-07T09:33:07.738+0000] {logging_mixin.py:188} INFO - [2026-06-07T09:33:07.737+0000] {dag.py:3823} INFO - Setting next_dagrun for crime_analytics_pipeline to 2026-06-06 19:00:00+00:00, run_after=2026-06-13 19:00:00+00:00
[2026-06-07T09:33:07.870+0000] {processor.py:183} INFO - Processing /opt/airflow/dags/dag_crime_pipeline.py took 0.309 seconds
[2026-06-07T09:33:38.634+0000] {processor.py:161} INFO - Started process (PID=989) to work on /opt/airflow/dags/dag_crime_pipeline.py
[2026-06-07T09:33:38.636+0000] {processor.py:830} INFO - Processing file /opt/airflow/dags/dag_crime_pipeline.py for tasks to queue
[2026-06-07T09:33:38.640+0000] {logging_mixin.py:188} INFO - [2026-06-07T09:33:38.639+0000] {dagbag.py:538} INFO - Filling up the DagBag from /opt/airflow/dags/dag_crime_pipeline.py
[2026-06-07T09:33:38.688+0000] {processor.py:840} INFO - DAG(s) 'crime_analytics_pipeline' retrieved from /opt/airflow/dags/dag_crime_pipeline.py
[2026-06-07T09:33:38.724+0000] {logging_mixin.py:188} INFO - [2026-06-07T09:33:38.723+0000] {dag.py:3036} INFO - Sync 1 DAGs
[2026-06-07T09:33:38.747+0000] {logging_mixin.py:188} INFO - [2026-06-07T09:33:38.747+0000] {dag.py:3823} INFO - Setting next_dagrun for crime_analytics_pipeline to 2026-06-06 19:00:00+00:00, run_after=2026-06-13 19:00:00+00:00
[2026-06-07T09:33:38.788+0000] {processor.py:183} INFO - Processing /opt/airflow/dags/dag_crime_pipeline.py took 0.160 seconds
[2026-06-07T09:34:09.653+0000] {processor.py:161} INFO - Started process (PID=994) to work on /opt/airflow/dags/dag_crime_pipeline.py
[2026-06-07T09:34:09.654+0000] {processor.py:830} INFO - Processing file /opt/airflow/dags/dag_crime_pipeline.py for tasks to queue
[2026-06-07T09:34:09.657+0000] {logging_mixin.py:188} INFO - [2026-06-07T09:34:09.657+0000] {dagbag.py:538} INFO - Filling up the DagBag from /opt/airflow/dags/dag_crime_pipeline.py
[2026-06-07T09:34:09.702+0000] {processor.py:840} INFO - DAG(s) 'crime_analytics_pipeline' retrieved from /opt/airflow/dags/dag_crime_pipeline.py
[2026-06-07T09:34:09.741+0000] {logging_mixin.py:188} INFO - [2026-06-07T09:34:09.740+0000] {dag.py:3036} INFO - Sync 1 DAGs
[2026-06-07T09:34:09.783+0000] {logging_mixin.py:188} INFO - [2026-06-07T09:34:09.783+0000] {dag.py:3823} INFO - Setting next_dagrun for crime_analytics_pipeline to 2026-06-06 19:00:00+00:00, run_after=2026-06-13 19:00:00+00:00
[2026-06-07T09:34:09.805+0000] {processor.py:183} INFO - Processing /opt/airflow/dags/dag_crime_pipeline.py took 0.157 seconds
[2026-06-07T09:34:40.539+0000] {processor.py:161} INFO - Started process (PID=999) to work on /opt/airflow/dags/dag_crime_pipeline.py
[2026-06-07T09:34:40.541+0000] {processor.py:830} INFO - Processing file /opt/airflow/dags/dag_crime_pipeline.py for tasks to queue
[2026-06-07T09:34:40.545+0000] {logging_mixin.py:188} INFO - [2026-06-07T09:34:40.544+0000] {dagbag.py:538} INFO - Filling up the DagBag from /opt/airflow/dags/dag_crime_pipeline.py
[2026-06-07T09:34:40.594+0000] {processor.py:840} INFO - DAG(s) 'crime_analytics_pipeline' retrieved from /opt/airflow/dags/dag_crime_pipeline.py
[2026-06-07T09:34:40.630+0000] {logging_mixin.py:188} INFO - [2026-06-07T09:34:40.629+0000] {dag.py:3036} INFO - Sync 1 DAGs
[2026-06-07T09:34:40.654+0000] {logging_mixin.py:188} INFO - [2026-06-07T09:34:40.654+0000] {dag.py:3823} INFO - Setting next_dagrun for crime_analytics_pipeline to 2026-06-06 19:00:00+00:00, run_after=2026-06-13 19:00:00+00:00
[2026-06-07T09:34:40.677+0000] {processor.py:183} INFO - Processing /opt/airflow/dags/dag_crime_pipeline.py took 0.143 seconds
[2026-06-07T09:35:10.773+0000] {processor.py:161} INFO - Started process (PID=1004) to work on /opt/airflow/dags/dag_crime_pipeline.py
[2026-06-07T09:35:10.775+0000] {processor.py:830} INFO - Processing file /opt/airflow/dags/dag_crime_pipeline.py for tasks to queue
[2026-06-07T09:35:10.779+0000] {logging_mixin.py:188} INFO - [2026-06-07T09:35:10.778+0000] {dagbag.py:538} INFO - Filling up the DagBag from /opt/airflow/dags/dag_crime_pipeline.py
[2026-06-07T09:35:10.825+0000] {processor.py:840} INFO - DAG(s) 'crime_analytics_pipeline' retrieved from /opt/airflow/dags/dag_crime_pipeline.py
[2026-06-07T09:35:10.862+0000] {logging_mixin.py:188} INFO - [2026-06-07T09:35:10.862+0000] {dag.py:3036} INFO - Sync 1 DAGs
[2026-06-07T09:35:10.887+0000] {logging_mixin.py:188} INFO - [2026-06-07T09:35:10.887+0000] {dag.py:3823} INFO - Setting next_dagrun for crime_analytics_pipeline to 2026-06-06 19:00:00+00:00, run_after=2026-06-13 19:00:00+00:00
[2026-06-07T09:35:10.927+0000] {processor.py:183} INFO - Processing /opt/airflow/dags/dag_crime_pipeline.py took 0.158 seconds
[2026-06-07T09:35:41.904+0000] {processor.py:161} INFO - Started process (PID=1009) to work on /opt/airflow/dags/dag_crime_pipeline.py
[2026-06-07T09:35:41.906+0000] {processor.py:830} INFO - Processing file /opt/airflow/dags/dag_crime_pipeline.py for tasks to queue
[2026-06-07T09:35:41.909+0000] {logging_mixin.py:188} INFO - [2026-06-07T09:35:41.909+0000] {dagbag.py:538} INFO - Filling up the DagBag from /opt/airflow/dags/dag_crime_pipeline.py
[2026-06-07T09:35:41.958+0000] {processor.py:840} INFO - DAG(s) 'crime_analytics_pipeline' retrieved from /opt/airflow/dags/dag_crime_pipeline.py
[2026-06-07T09:35:41.996+0000] {logging_mixin.py:188} INFO - [2026-06-07T09:35:41.995+0000] {dag.py:3036} INFO - Sync 1 DAGs
[2026-06-07T09:35:42.020+0000] {logging_mixin.py:188} INFO - [2026-06-07T09:35:42.020+0000] {dag.py:3823} INFO - Setting next_dagrun for crime_analytics_pipeline to 2026-06-06 19:00:00+00:00, run_after=2026-06-13 19:00:00+00:00
[2026-06-07T09:35:42.064+0000] {processor.py:183} INFO - Processing /opt/airflow/dags/dag_crime_pipeline.py took 0.164 seconds
[2026-06-07T09:36:12.888+0000] {processor.py:161} INFO - Started process (PID=1014) to work on /opt/airflow/dags/dag_crime_pipeline.py
[2026-06-07T09:36:12.890+0000] {processor.py:830} INFO - Processing file /opt/airflow/dags/dag_crime_pipeline.py for tasks to queue
[2026-06-07T09:36:12.895+0000] {logging_mixin.py:188} INFO - [2026-06-07T09:36:12.894+0000] {dagbag.py:538} INFO - Filling up the DagBag from /opt/airflow/dags/dag_crime_pipeline.py
[2026-06-07T09:36:12.943+0000] {processor.py:840} INFO - DAG(s) 'crime_analytics_pipeline' retrieved from /opt/airflow/dags/dag_crime_pipeline.py
[2026-06-07T09:36:12.980+0000] {logging_mixin.py:188} INFO - [2026-06-07T09:36:12.980+0000] {dag.py:3036} INFO - Sync 1 DAGs
[2026-06-07T09:36:13.006+0000] {logging_mixin.py:188} INFO - [2026-06-07T09:36:13.006+0000] {dag.py:3823} INFO - Setting next_dagrun for crime_analytics_pipeline to 2026-06-06 19:00:00+00:00, run_after=2026-06-13 19:00:00+00:00
[2026-06-07T09:36:13.028+0000] {processor.py:183} INFO - Processing /opt/airflow/dags/dag_crime_pipeline.py took 0.145 seconds
[2026-06-07T09:36:43.178+0000] {processor.py:161} INFO - Started process (PID=1019) to work on /opt/airflow/dags/dag_crime_pipeline.py
[2026-06-07T09:36:43.180+0000] {processor.py:830} INFO - Processing file /opt/airflow/dags/dag_crime_pipeline.py for tasks to queue
[2026-06-07T09:36:43.184+0000] {logging_mixin.py:188} INFO - [2026-06-07T09:36:43.184+0000] {dagbag.py:538} INFO - Filling up the DagBag from /opt/airflow/dags/dag_crime_pipeline.py
[2026-06-07T09:36:43.237+0000] {processor.py:840} INFO - DAG(s) 'crime_analytics_pipeline' retrieved from /opt/airflow/dags/dag_crime_pipeline.py
[2026-06-07T09:36:43.280+0000] {logging_mixin.py:188} INFO - [2026-06-07T09:36:43.279+0000] {dag.py:3036} INFO - Sync 1 DAGs
[2026-06-07T09:36:43.309+0000] {logging_mixin.py:188} INFO - [2026-06-07T09:36:43.309+0000] {dag.py:3823} INFO - Setting next_dagrun for crime_analytics_pipeline to 2026-06-06 19:00:00+00:00, run_after=2026-06-13 19:00:00+00:00
[2026-06-07T09:36:43.337+0000] {processor.py:183} INFO - Processing /opt/airflow/dags/dag_crime_pipeline.py took 0.164 seconds
[2026-06-07T09:37:14.011+0000] {processor.py:161} INFO - Started process (PID=1024) to work on /opt/airflow/dags/dag_crime_pipeline.py
[2026-06-07T09:37:14.013+0000] {processor.py:830} INFO - Processing file /opt/airflow/dags/dag_crime_pipeline.py for tasks to queue
[2026-06-07T09:37:14.016+0000] {logging_mixin.py:188} INFO - [2026-06-07T09:37:14.015+0000] {dagbag.py:538} INFO - Filling up the DagBag from /opt/airflow/dags/dag_crime_pipeline.py
[2026-06-07T09:37:14.063+0000] {processor.py:840} INFO - DAG(s) 'crime_analytics_pipeline' retrieved from /opt/airflow/dags/dag_crime_pipeline.py
[2026-06-07T09:37:14.105+0000] {logging_mixin.py:188} INFO - [2026-06-07T09:37:14.105+0000] {dag.py:3036} INFO - Sync 1 DAGs
[2026-06-07T09:37:14.131+0000] {logging_mixin.py:188} INFO - [2026-06-07T09:37:14.130+0000] {dag.py:3823} INFO - Setting next_dagrun for crime_analytics_pipeline to 2026-06-06 19:00:00+00:00, run_after=2026-06-13 19:00:00+00:00
[2026-06-07T09:37:14.171+0000] {processor.py:183} INFO - Processing /opt/airflow/dags/dag_crime_pipeline.py took 0.165 seconds
[2026-06-07T09:37:45.132+0000] {processor.py:161} INFO - Started process (PID=1029) to work on /opt/airflow/dags/dag_crime_pipeline.py
[2026-06-07T09:37:45.134+0000] {processor.py:830} INFO - Processing file /opt/airflow/dags/dag_crime_pipeline.py for tasks to queue
[2026-06-07T09:37:45.137+0000] {logging_mixin.py:188} INFO - [2026-06-07T09:37:45.136+0000] {dagbag.py:538} INFO - Filling up the DagBag from /opt/airflow/dags/dag_crime_pipeline.py
[2026-06-07T09:37:45.186+0000] {processor.py:840} INFO - DAG(s) 'crime_analytics_pipeline' retrieved from /opt/airflow/dags/dag_crime_pipeline.py
[2026-06-07T09:37:45.224+0000] {logging_mixin.py:188} INFO - [2026-06-07T09:37:45.223+0000] {dag.py:3036} INFO - Sync 1 DAGs
[2026-06-07T09:37:45.253+0000] {logging_mixin.py:188} INFO - [2026-06-07T09:37:45.253+0000] {dag.py:3823} INFO - Setting next_dagrun for crime_analytics_pipeline to 2026-06-06 19:00:00+00:00, run_after=2026-06-13 19:00:00+00:00
[2026-06-07T09:37:45.302+0000] {processor.py:183} INFO - Processing /opt/airflow/dags/dag_crime_pipeline.py took 0.175 seconds
[2026-06-07T09:38:16.178+0000] {processor.py:161} INFO - Started process (PID=1034) to work on /opt/airflow/dags/dag_crime_pipeline.py
[2026-06-07T09:38:16.180+0000] {processor.py:830} INFO - Processing file /opt/airflow/dags/dag_crime_pipeline.py for tasks to queue
[2026-06-07T09:38:16.182+0000] {logging_mixin.py:188} INFO - [2026-06-07T09:38:16.182+0000] {dagbag.py:538} INFO - Filling up the DagBag from /opt/airflow/dags/dag_crime_pipeline.py
[2026-06-07T09:38:16.227+0000] {processor.py:840} INFO - DAG(s) 'crime_analytics_pipeline' retrieved from /opt/airflow/dags/dag_crime_pipeline.py
[2026-06-07T09:38:16.262+0000] {logging_mixin.py:188} INFO - [2026-06-07T09:38:16.261+0000] {dag.py:3036} INFO - Sync 1 DAGs
[2026-06-07T09:38:16.289+0000] {logging_mixin.py:188} INFO - [2026-06-07T09:38:16.289+0000] {dag.py:3823} INFO - Setting next_dagrun for crime_analytics_pipeline to 2026-06-06 19:00:00+00:00, run_after=2026-06-13 19:00:00+00:00
[2026-06-07T09:38:16.328+0000] {processor.py:183} INFO - Processing /opt/airflow/dags/dag_crime_pipeline.py took 0.154 seconds
[2026-06-07T09:38:46.459+0000] {processor.py:161} INFO - Started process (PID=1039) to work on /opt/airflow/dags/dag_crime_pipeline.py
[2026-06-07T09:38:46.460+0000] {processor.py:830} INFO - Processing file /opt/airflow/dags/dag_crime_pipeline.py for tasks to queue
[2026-06-07T09:38:46.465+0000] {logging_mixin.py:188} INFO - [2026-06-07T09:38:46.464+0000] {dagbag.py:538} INFO - Filling up the DagBag from /opt/airflow/dags/dag_crime_pipeline.py
[2026-06-07T09:38:46.516+0000] {processor.py:840} INFO - DAG(s) 'crime_analytics_pipeline' retrieved from /opt/airflow/dags/dag_crime_pipeline.py
[2026-06-07T09:38:46.553+0000] {logging_mixin.py:188} INFO - [2026-06-07T09:38:46.553+0000] {dag.py:3036} INFO - Sync 1 DAGs
[2026-06-07T09:38:46.580+0000] {logging_mixin.py:188} INFO - [2026-06-07T09:38:46.580+0000] {dag.py:3823} INFO - Setting next_dagrun for crime_analytics_pipeline to 2026-06-06 19:00:00+00:00, run_after=2026-06-13 19:00:00+00:00
[2026-06-07T09:38:46.606+0000] {processor.py:183} INFO - Processing /opt/airflow/dags/dag_crime_pipeline.py took 0.152 seconds
[2026-06-07T09:39:17.577+0000] {processor.py:161} INFO - Started process (PID=1044) to work on /opt/airflow/dags/dag_crime_pipeline.py
[2026-06-07T09:39:17.579+0000] {processor.py:830} INFO - Processing file /opt/airflow/dags/dag_crime_pipeline.py for tasks to queue
[2026-06-07T09:39:17.583+0000] {logging_mixin.py:188} INFO - [2026-06-07T09:39:17.583+0000] {dagbag.py:538} INFO - Filling up the DagBag from /opt/airflow/dags/dag_crime_pipeline.py
[2026-06-07T09:39:17.630+0000] {processor.py:840} INFO - DAG(s) 'crime_analytics_pipeline' retrieved from /opt/airflow/dags/dag_crime_pipeline.py
[2026-06-07T09:39:17.664+0000] {logging_mixin.py:188} INFO - [2026-06-07T09:39:17.664+0000] {dag.py:3036} INFO - Sync 1 DAGs
[2026-06-07T09:39:17.691+0000] {logging_mixin.py:188} INFO - [2026-06-07T09:39:17.691+0000] {dag.py:3823} INFO - Setting next_dagrun for crime_analytics_pipeline to 2026-06-06 19:00:00+00:00, run_after=2026-06-13 19:00:00+00:00
[2026-06-07T09:39:17.736+0000] {processor.py:183} INFO - Processing /opt/airflow/dags/dag_crime_pipeline.py took 0.164 seconds
[2026-06-07T09:39:48.592+0000] {processor.py:161} INFO - Started process (PID=1049) to work on /opt/airflow/dags/dag_crime_pipeline.py
[2026-06-07T09:39:48.594+0000] {processor.py:830} INFO - Processing file /opt/airflow/dags/dag_crime_pipeline.py for tasks to queue
[2026-06-07T09:39:48.597+0000] {logging_mixin.py:188} INFO - [2026-06-07T09:39:48.597+0000] {dagbag.py:538} INFO - Filling up the DagBag from /opt/airflow/dags/dag_crime_pipeline.py
[2026-06-07T09:39:48.645+0000] {processor.py:840} INFO - DAG(s) 'crime_analytics_pipeline' retrieved from /opt/airflow/dags/dag_crime_pipeline.py
[2026-06-07T09:39:48.682+0000] {logging_mixin.py:188} INFO - [2026-06-07T09:39:48.681+0000] {dag.py:3036} INFO - Sync 1 DAGs
[2026-06-07T09:39:48.705+0000] {logging_mixin.py:188} INFO - [2026-06-07T09:39:48.705+0000] {dag.py:3823} INFO - Setting next_dagrun for crime_analytics_pipeline to 2026-06-06 19:00:00+00:00, run_after=2026-06-13 19:00:00+00:00
[2026-06-07T09:39:48.747+0000] {processor.py:183} INFO - Processing /opt/airflow/dags/dag_crime_pipeline.py took 0.159 seconds
[2026-06-07T09:40:19.725+0000] {processor.py:161} INFO - Started process (PID=1054) to work on /opt/airflow/dags/dag_crime_pipeline.py
[2026-06-07T09:40:19.728+0000] {processor.py:830} INFO - Processing file /opt/airflow/dags/dag_crime_pipeline.py for tasks to queue
[2026-06-07T09:40:19.731+0000] {logging_mixin.py:188} INFO - [2026-06-07T09:40:19.731+0000] {dagbag.py:538} INFO - Filling up the DagBag from /opt/airflow/dags/dag_crime_pipeline.py
[2026-06-07T09:40:19.784+0000] {processor.py:840} INFO - DAG(s) 'crime_analytics_pipeline' retrieved from /opt/airflow/dags/dag_crime_pipeline.py
[2026-06-07T09:40:19.820+0000] {logging_mixin.py:188} INFO - [2026-06-07T09:40:19.820+0000] {dag.py:3036} INFO - Sync 1 DAGs
[2026-06-07T09:40:19.845+0000] {logging_mixin.py:188} INFO - [2026-06-07T09:40:19.844+0000] {dag.py:3823} INFO - Setting next_dagrun for crime_analytics_pipeline to 2026-06-06 19:00:00+00:00, run_after=2026-06-13 19:00:00+00:00
[2026-06-07T09:40:19.887+0000] {processor.py:183} INFO - Processing /opt/airflow/dags/dag_crime_pipeline.py took 0.165 seconds
[2026-06-07T09:40:50.793+0000] {processor.py:161} INFO - Started process (PID=1059) to work on /opt/airflow/dags/dag_crime_pipeline.py
[2026-06-07T09:40:50.795+0000] {processor.py:830} INFO - Processing file /opt/airflow/dags/dag_crime_pipeline.py for tasks to queue
[2026-06-07T09:40:50.799+0000] {logging_mixin.py:188} INFO - [2026-06-07T09:40:50.798+0000] {dagbag.py:538} INFO - Filling up the DagBag from /opt/airflow/dags/dag_crime_pipeline.py
[2026-06-07T09:40:50.849+0000] {processor.py:840} INFO - DAG(s) 'crime_analytics_pipeline' retrieved from /opt/airflow/dags/dag_crime_pipeline.py
[2026-06-07T09:40:50.892+0000] {logging_mixin.py:188} INFO - [2026-06-07T09:40:50.885+0000] {dag.py:3036} INFO - Sync 1 DAGs
[2026-06-07T09:40:50.926+0000] {logging_mixin.py:188} INFO - [2026-06-07T09:40:50.926+0000] {dag.py:3823} INFO - Setting next_dagrun for crime_analytics_pipeline to 2026-06-06 19:00:00+00:00, run_after=2026-06-13 19:00:00+00:00
[2026-06-07T09:40:50.951+0000] {processor.py:183} INFO - Processing /opt/airflow/dags/dag_crime_pipeline.py took 0.162 seconds
[2026-06-07T09:41:21.967+0000] {processor.py:161} INFO - Started process (PID=1064) to work on /opt/airflow/dags/dag_crime_pipeline.py
[2026-06-07T09:41:21.969+0000] {processor.py:830} INFO - Processing file /opt/airflow/dags/dag_crime_pipeline.py for tasks to queue
[2026-06-07T09:41:21.972+0000] {logging_mixin.py:188} INFO - [2026-06-07T09:41:21.971+0000] {dagbag.py:538} INFO - Filling up the DagBag from /opt/airflow/dags/dag_crime_pipeline.py
[2026-06-07T09:41:22.019+0000] {processor.py:840} INFO - DAG(s) 'crime_analytics_pipeline' retrieved from /opt/airflow/dags/dag_crime_pipeline.py
[2026-06-07T09:41:22.057+0000] {logging_mixin.py:188} INFO - [2026-06-07T09:41:22.057+0000] {dag.py:3036} INFO - Sync 1 DAGs
[2026-06-07T09:41:22.087+0000] {logging_mixin.py:188} INFO - [2026-06-07T09:41:22.087+0000] {dag.py:3823} INFO - Setting next_dagrun for crime_analytics_pipeline to 2026-06-06 19:00:00+00:00, run_after=2026-06-13 19:00:00+00:00
[2026-06-07T09:41:22.110+0000] {processor.py:183} INFO - Processing /opt/airflow/dags/dag_crime_pipeline.py took 0.147 seconds
[2026-06-07T09:41:53.017+0000] {processor.py:161} INFO - Started process (PID=1069) to work on /opt/airflow/dags/dag_crime_pipeline.py
[2026-06-07T09:41:53.019+0000] {processor.py:830} INFO - Processing file /opt/airflow/dags/dag_crime_pipeline.py for tasks to queue
[2026-06-07T09:41:53.022+0000] {logging_mixin.py:188} INFO - [2026-06-07T09:41:53.022+0000] {dagbag.py:538} INFO - Filling up the DagBag from /opt/airflow/dags/dag_crime_pipeline.py
[2026-06-07T09:41:53.090+0000] {processor.py:840} INFO - DAG(s) 'crime_analytics_pipeline' retrieved from /opt/airflow/dags/dag_crime_pipeline.py
[2026-06-07T09:41:53.143+0000] {logging_mixin.py:188} INFO - [2026-06-07T09:41:53.143+0000] {dag.py:3036} INFO - Sync 1 DAGs
[2026-06-07T09:41:53.175+0000] {logging_mixin.py:188} INFO - [2026-06-07T09:41:53.175+0000] {dag.py:3823} INFO - Setting next_dagrun for crime_analytics_pipeline to 2026-06-06 19:00:00+00:00, run_after=2026-06-13 19:00:00+00:00
[2026-06-07T09:41:53.199+0000] {processor.py:183} INFO - Processing /opt/airflow/dags/dag_crime_pipeline.py took 0.187 seconds
[2026-06-07T09:42:24.190+0000] {processor.py:161} INFO - Started process (PID=1074) to work on /opt/airflow/dags/dag_crime_pipeline.py
[2026-06-07T09:42:24.192+0000] {processor.py:830} INFO - Processing file /opt/airflow/dags/dag_crime_pipeline.py for tasks to queue
[2026-06-07T09:42:24.195+0000] {logging_mixin.py:188} INFO - [2026-06-07T09:42:24.194+0000] {dagbag.py:538} INFO - Filling up the DagBag from /opt/airflow/dags/dag_crime_pipeline.py
[2026-06-07T09:42:24.242+0000] {processor.py:840} INFO - DAG(s) 'crime_analytics_pipeline' retrieved from /opt/airflow/dags/dag_crime_pipeline.py
[2026-06-07T09:42:24.279+0000] {logging_mixin.py:188} INFO - [2026-06-07T09:42:24.279+0000] {dag.py:3036} INFO - Sync 1 DAGs
[2026-06-07T09:42:24.303+0000] {logging_mixin.py:188} INFO - [2026-06-07T09:42:24.302+0000] {dag.py:3823} INFO - Setting next_dagrun for crime_analytics_pipeline to 2026-06-06 19:00:00+00:00, run_after=2026-06-13 19:00:00+00:00
[2026-06-07T09:42:24.345+0000] {processor.py:183} INFO - Processing /opt/airflow/dags/dag_crime_pipeline.py took 0.159 seconds
[2026-06-07T09:42:54.437+0000] {processor.py:161} INFO - Started process (PID=1079) to work on /opt/airflow/dags/dag_crime_pipeline.py
[2026-06-07T09:42:54.439+0000] {processor.py:830} INFO - Processing file /opt/airflow/dags/dag_crime_pipeline.py for tasks to queue
[2026-06-07T09:42:54.445+0000] {logging_mixin.py:188} INFO - [2026-06-07T09:42:54.444+0000] {dagbag.py:538} INFO - Filling up the DagBag from /opt/airflow/dags/dag_crime_pipeline.py
[2026-06-07T09:42:54.500+0000] {processor.py:840} INFO - DAG(s) 'crime_analytics_pipeline' retrieved from /opt/airflow/dags/dag_crime_pipeline.py
[2026-06-07T09:42:54.549+0000] {logging_mixin.py:188} INFO - [2026-06-07T09:42:54.548+0000] {dag.py:3036} INFO - Sync 1 DAGs
[2026-06-07T09:42:54.583+0000] {logging_mixin.py:188} INFO - [2026-06-07T09:42:54.583+0000] {dag.py:3823} INFO - Setting next_dagrun for crime_analytics_pipeline to 2026-06-06 19:00:00+00:00, run_after=2026-06-13 19:00:00+00:00
[2026-06-07T09:42:54.616+0000] {processor.py:183} INFO - Processing /opt/airflow/dags/dag_crime_pipeline.py took 0.185 seconds
[2026-06-07T09:43:25.480+0000] {processor.py:161} INFO - Started process (PID=1084) to work on /opt/airflow/dags/dag_crime_pipeline.py
[2026-06-07T09:43:25.482+0000] {processor.py:830} INFO - Processing file /opt/airflow/dags/dag_crime_pipeline.py for tasks to queue
[2026-06-07T09:43:25.486+0000] {logging_mixin.py:188} INFO - [2026-06-07T09:43:25.485+0000] {dagbag.py:538} INFO - Filling up the DagBag from /opt/airflow/dags/dag_crime_pipeline.py
[2026-06-07T09:43:25.537+0000] {processor.py:840} INFO - DAG(s) 'crime_analytics_pipeline' retrieved from /opt/airflow/dags/dag_crime_pipeline.py
[2026-06-07T09:43:25.576+0000] {logging_mixin.py:188} INFO - [2026-06-07T09:43:25.576+0000] {dag.py:3036} INFO - Sync 1 DAGs
[2026-06-07T09:43:25.602+0000] {logging_mixin.py:188} INFO - [2026-06-07T09:43:25.602+0000] {dag.py:3823} INFO - Setting next_dagrun for crime_analytics_pipeline to 2026-06-06 19:00:00+00:00, run_after=2026-06-13 19:00:00+00:00
[2026-06-07T09:43:25.623+0000] {processor.py:183} INFO - Processing /opt/airflow/dags/dag_crime_pipeline.py took 0.149 seconds
[2026-06-07T09:43:56.688+0000] {processor.py:161} INFO - Started process (PID=1089) to work on /opt/airflow/dags/dag_crime_pipeline.py
[2026-06-07T09:43:56.691+0000] {processor.py:830} INFO - Processing file /opt/airflow/dags/dag_crime_pipeline.py for tasks to queue
[2026-06-07T09:43:56.695+0000] {logging_mixin.py:188} INFO - [2026-06-07T09:43:56.694+0000] {dagbag.py:538} INFO - Filling up the DagBag from /opt/airflow/dags/dag_crime_pipeline.py
[2026-06-07T09:43:56.748+0000] {processor.py:840} INFO - DAG(s) 'crime_analytics_pipeline' retrieved from /opt/airflow/dags/dag_crime_pipeline.py
[2026-06-07T09:43:56.791+0000] {logging_mixin.py:188} INFO - [2026-06-07T09:43:56.790+0000] {dag.py:3036} INFO - Sync 1 DAGs
[2026-06-07T09:43:56.829+0000] {logging_mixin.py:188} INFO - [2026-06-07T09:43:56.828+0000] {dag.py:3823} INFO - Setting next_dagrun for crime_analytics_pipeline to 2026-06-06 19:00:00+00:00, run_after=2026-06-13 19:00:00+00:00
[2026-06-07T09:43:56.876+0000] {processor.py:183} INFO - Processing /opt/airflow/dags/dag_crime_pipeline.py took 0.192 seconds
[2026-06-07T09:44:26.969+0000] {processor.py:161} INFO - Started process (PID=1094) to work on /opt/airflow/dags/dag_crime_pipeline.py
[2026-06-07T09:44:26.970+0000] {processor.py:830} INFO - Processing file /opt/airflow/dags/dag_crime_pipeline.py for tasks to queue
[2026-06-07T09:44:26.973+0000] {logging_mixin.py:188} INFO - [2026-06-07T09:44:26.972+0000] {dagbag.py:538} INFO - Filling up the DagBag from /opt/airflow/dags/dag_crime_pipeline.py
[2026-06-07T09:44:27.025+0000] {processor.py:840} INFO - DAG(s) 'crime_analytics_pipeline' retrieved from /opt/airflow/dags/dag_crime_pipeline.py
[2026-06-07T09:44:27.065+0000] {logging_mixin.py:188} INFO - [2026-06-07T09:44:27.064+0000] {dag.py:3036} INFO - Sync 1 DAGs
[2026-06-07T09:44:27.090+0000] {logging_mixin.py:188} INFO - [2026-06-07T09:44:27.090+0000] {dag.py:3823} INFO - Setting next_dagrun for crime_analytics_pipeline to 2026-06-06 19:00:00+00:00, run_after=2026-06-13 19:00:00+00:00
[2026-06-07T09:44:27.802+0000] {processor.py:183} INFO - Processing /opt/airflow/dags/dag_crime_pipeline.py took 0.837 seconds
[2026-06-07T09:44:58.846+0000] {processor.py:161} INFO - Started process (PID=1099) to work on /opt/airflow/dags/dag_crime_pipeline.py
[2026-06-07T09:44:58.848+0000] {processor.py:830} INFO - Processing file /opt/airflow/dags/dag_crime_pipeline.py for tasks to queue
[2026-06-07T09:44:58.852+0000] {logging_mixin.py:188} INFO - [2026-06-07T09:44:58.852+0000] {dagbag.py:538} INFO - Filling up the DagBag from /opt/airflow/dags/dag_crime_pipeline.py
[2026-06-07T09:44:58.899+0000] {processor.py:840} INFO - DAG(s) 'crime_analytics_pipeline' retrieved from /opt/airflow/dags/dag_crime_pipeline.py
[2026-06-07T09:44:58.934+0000] {logging_mixin.py:188} INFO - [2026-06-07T09:44:58.934+0000] {dag.py:3036} INFO - Sync 1 DAGs
[2026-06-07T09:44:58.958+0000] {logging_mixin.py:188} INFO - [2026-06-07T09:44:58.958+0000] {dag.py:3823} INFO - Setting next_dagrun for crime_analytics_pipeline to 2026-06-06 19:00:00+00:00, run_after=2026-06-13 19:00:00+00:00
[2026-06-07T09:44:58.979+0000] {processor.py:183} INFO - Processing /opt/airflow/dags/dag_crime_pipeline.py took 0.137 seconds
[2026-06-07T09:45:29.108+0000] {processor.py:161} INFO - Started process (PID=1104) to work on /opt/airflow/dags/dag_crime_pipeline.py
[2026-06-07T09:45:29.110+0000] {processor.py:830} INFO - Processing file /opt/airflow/dags/dag_crime_pipeline.py for tasks to queue
[2026-06-07T09:45:29.113+0000] {logging_mixin.py:188} INFO - [2026-06-07T09:45:29.112+0000] {dagbag.py:538} INFO - Filling up the DagBag from /opt/airflow/dags/dag_crime_pipeline.py
[2026-06-07T09:45:29.170+0000] {processor.py:840} INFO - DAG(s) 'crime_analytics_pipeline' retrieved from /opt/airflow/dags/dag_crime_pipeline.py
[2026-06-07T09:45:29.215+0000] {logging_mixin.py:188} INFO - [2026-06-07T09:45:29.214+0000] {dag.py:3036} INFO - Sync 1 DAGs
[2026-06-07T09:45:29.482+0000] {logging_mixin.py:188} INFO - [2026-06-07T09:45:29.482+0000] {dag.py:3823} INFO - Setting next_dagrun for crime_analytics_pipeline to 2026-06-06 19:00:00+00:00, run_after=2026-06-13 19:00:00+00:00
[2026-06-07T09:45:29.503+0000] {processor.py:183} INFO - Processing /opt/airflow/dags/dag_crime_pipeline.py took 0.399 seconds
[2026-06-07T09:46:00.078+0000] {processor.py:161} INFO - Started process (PID=1109) to work on /opt/airflow/dags/dag_crime_pipeline.py
[2026-06-07T09:46:00.079+0000] {processor.py:830} INFO - Processing file /opt/airflow/dags/dag_crime_pipeline.py for tasks to queue
[2026-06-07T09:46:00.082+0000] {logging_mixin.py:188} INFO - [2026-06-07T09:46:00.082+0000] {dagbag.py:538} INFO - Filling up the DagBag from /opt/airflow/dags/dag_crime_pipeline.py
[2026-06-07T09:46:00.146+0000] {processor.py:840} INFO - DAG(s) 'crime_analytics_pipeline' retrieved from /opt/airflow/dags/dag_crime_pipeline.py
[2026-06-07T09:46:00.186+0000] {logging_mixin.py:188} INFO - [2026-06-07T09:46:00.186+0000] {dag.py:3036} INFO - Sync 1 DAGs
[2026-06-07T09:46:00.213+0000] {logging_mixin.py:188} INFO - [2026-06-07T09:46:00.213+0000] {dag.py:3823} INFO - Setting next_dagrun for crime_analytics_pipeline to 2026-06-06 19:00:00+00:00, run_after=2026-06-13 19:00:00+00:00
[2026-06-07T09:46:00.258+0000] {processor.py:183} INFO - Processing /opt/airflow/dags/dag_crime_pipeline.py took 0.184 seconds
[2026-06-07T09:46:30.663+0000] {processor.py:161} INFO - Started process (PID=1114) to work on /opt/airflow/dags/dag_crime_pipeline.py
[2026-06-07T09:46:30.665+0000] {processor.py:830} INFO - Processing file /opt/airflow/dags/dag_crime_pipeline.py for tasks to queue
[2026-06-07T09:46:30.668+0000] {logging_mixin.py:188} INFO - [2026-06-07T09:46:30.668+0000] {dagbag.py:538} INFO - Filling up the DagBag from /opt/airflow/dags/dag_crime_pipeline.py
[2026-06-07T09:46:30.724+0000] {processor.py:840} INFO - DAG(s) 'crime_analytics_pipeline' retrieved from /opt/airflow/dags/dag_crime_pipeline.py
[2026-06-07T09:46:30.761+0000] {logging_mixin.py:188} INFO - [2026-06-07T09:46:30.759+0000] {dag.py:3036} INFO - Sync 1 DAGs
[2026-06-07T09:46:30.789+0000] {logging_mixin.py:188} INFO - [2026-06-07T09:46:30.788+0000] {dag.py:3823} INFO - Setting next_dagrun for crime_analytics_pipeline to 2026-06-06 19:00:00+00:00, run_after=2026-06-13 19:00:00+00:00
[2026-06-07T09:46:30.811+0000] {processor.py:183} INFO - Processing /opt/airflow/dags/dag_crime_pipeline.py took 0.151 seconds
[2026-06-07T09:47:01.080+0000] {processor.py:161} INFO - Started process (PID=1119) to work on /opt/airflow/dags/dag_crime_pipeline.py
[2026-06-07T09:47:01.083+0000] {processor.py:830} INFO - Processing file /opt/airflow/dags/dag_crime_pipeline.py for tasks to queue
[2026-06-07T09:47:01.087+0000] {logging_mixin.py:188} INFO - [2026-06-07T09:47:01.086+0000] {dagbag.py:538} INFO - Filling up the DagBag from /opt/airflow/dags/dag_crime_pipeline.py
[2026-06-07T09:47:01.137+0000] {processor.py:840} INFO - DAG(s) 'crime_analytics_pipeline' retrieved from /opt/airflow/dags/dag_crime_pipeline.py
[2026-06-07T09:47:01.176+0000] {logging_mixin.py:188} INFO - [2026-06-07T09:47:01.175+0000] {dag.py:3036} INFO - Sync 1 DAGs
[2026-06-07T09:47:01.203+0000] {logging_mixin.py:188} INFO - [2026-06-07T09:47:01.203+0000] {dag.py:3823} INFO - Setting next_dagrun for crime_analytics_pipeline to 2026-06-06 19:00:00+00:00, run_after=2026-06-13 19:00:00+00:00
[2026-06-07T09:47:01.229+0000] {processor.py:183} INFO - Processing /opt/airflow/dags/dag_crime_pipeline.py took 0.153 seconds
[2026-06-07T09:47:31.336+0000] {processor.py:161} INFO - Started process (PID=1124) to work on /opt/airflow/dags/dag_crime_pipeline.py
[2026-06-07T09:47:31.337+0000] {processor.py:830} INFO - Processing file /opt/airflow/dags/dag_crime_pipeline.py for tasks to queue
[2026-06-07T09:47:31.341+0000] {logging_mixin.py:188} INFO - [2026-06-07T09:47:31.340+0000] {dagbag.py:538} INFO - Filling up the DagBag from /opt/airflow/dags/dag_crime_pipeline.py
[2026-06-07T09:47:31.391+0000] {processor.py:840} INFO - DAG(s) 'crime_analytics_pipeline' retrieved from /opt/airflow/dags/dag_crime_pipeline.py
[2026-06-07T09:47:31.441+0000] {logging_mixin.py:188} INFO - [2026-06-07T09:47:31.441+0000] {dag.py:3036} INFO - Sync 1 DAGs
[2026-06-07T09:47:31.476+0000] {logging_mixin.py:188} INFO - [2026-06-07T09:47:31.476+0000] {dag.py:3823} INFO - Setting next_dagrun for crime_analytics_pipeline to 2026-06-06 19:00:00+00:00, run_after=2026-06-13 19:00:00+00:00
[2026-06-07T09:47:31.501+0000] {processor.py:183} INFO - Processing /opt/airflow/dags/dag_crime_pipeline.py took 0.169 seconds
[2026-06-07T09:48:02.351+0000] {processor.py:161} INFO - Started process (PID=1129) to work on /opt/airflow/dags/dag_crime_pipeline.py
[2026-06-07T09:48:02.354+0000] {processor.py:830} INFO - Processing file /opt/airflow/dags/dag_crime_pipeline.py for tasks to queue
[2026-06-07T09:48:02.358+0000] {logging_mixin.py:188} INFO - [2026-06-07T09:48:02.357+0000] {dagbag.py:538} INFO - Filling up the DagBag from /opt/airflow/dags/dag_crime_pipeline.py
[2026-06-07T09:48:02.407+0000] {processor.py:840} INFO - DAG(s) 'crime_analytics_pipeline' retrieved from /opt/airflow/dags/dag_crime_pipeline.py
[2026-06-07T09:48:02.445+0000] {logging_mixin.py:188} INFO - [2026-06-07T09:48:02.444+0000] {dag.py:3036} INFO - Sync 1 DAGs
[2026-06-07T09:48:02.471+0000] {logging_mixin.py:188} INFO - [2026-06-07T09:48:02.471+0000] {dag.py:3823} INFO - Setting next_dagrun for crime_analytics_pipeline to 2026-06-06 19:00:00+00:00, run_after=2026-06-13 19:00:00+00:00
[2026-06-07T09:48:02.515+0000] {processor.py:183} INFO - Processing /opt/airflow/dags/dag_crime_pipeline.py took 0.169 seconds
[2026-06-07T09:48:32.613+0000] {processor.py:161} INFO - Started process (PID=1134) to work on /opt/airflow/dags/dag_crime_pipeline.py
[2026-06-07T09:48:32.615+0000] {processor.py:830} INFO - Processing file /opt/airflow/dags/dag_crime_pipeline.py for tasks to queue
[2026-06-07T09:48:32.619+0000] {logging_mixin.py:188} INFO - [2026-06-07T09:48:32.618+0000] {dagbag.py:538} INFO - Filling up the DagBag from /opt/airflow/dags/dag_crime_pipeline.py
[2026-06-07T09:48:32.665+0000] {processor.py:840} INFO - DAG(s) 'crime_analytics_pipeline' retrieved from /opt/airflow/dags/dag_crime_pipeline.py
[2026-06-07T09:48:32.702+0000] {logging_mixin.py:188} INFO - [2026-06-07T09:48:32.702+0000] {dag.py:3036} INFO - Sync 1 DAGs
[2026-06-07T09:48:32.727+0000] {logging_mixin.py:188} INFO - [2026-06-07T09:48:32.726+0000] {dag.py:3823} INFO - Setting next_dagrun for crime_analytics_pipeline to 2026-06-06 19:00:00+00:00, run_after=2026-06-13 19:00:00+00:00
[2026-06-07T09:48:32.751+0000] {processor.py:183} INFO - Processing /opt/airflow/dags/dag_crime_pipeline.py took 0.141 seconds
[2026-06-07T09:49:03.690+0000] {processor.py:161} INFO - Started process (PID=1139) to work on /opt/airflow/dags/dag_crime_pipeline.py
[2026-06-07T09:49:03.692+0000] {processor.py:830} INFO - Processing file /opt/airflow/dags/dag_crime_pipeline.py for tasks to queue
[2026-06-07T09:49:03.695+0000] {logging_mixin.py:188} INFO - [2026-06-07T09:49:03.694+0000] {dagbag.py:538} INFO - Filling up the DagBag from /opt/airflow/dags/dag_crime_pipeline.py
[2026-06-07T09:49:03.749+0000] {processor.py:840} INFO - DAG(s) 'crime_analytics_pipeline' retrieved from /opt/airflow/dags/dag_crime_pipeline.py
[2026-06-07T09:49:03.796+0000] {logging_mixin.py:188} INFO - [2026-06-07T09:49:03.795+0000] {dag.py:3036} INFO - Sync 1 DAGs
[2026-06-07T09:49:03.832+0000] {logging_mixin.py:188} INFO - [2026-06-07T09:49:03.831+0000] {dag.py:3823} INFO - Setting next_dagrun for crime_analytics_pipeline to 2026-06-06 19:00:00+00:00, run_after=2026-06-13 19:00:00+00:00
[2026-06-07T09:49:03.884+0000] {processor.py:183} INFO - Processing /opt/airflow/dags/dag_crime_pipeline.py took 0.199 seconds
[2026-06-07T09:49:33.982+0000] {processor.py:161} INFO - Started process (PID=1144) to work on /opt/airflow/dags/dag_crime_pipeline.py
[2026-06-07T09:49:33.983+0000] {processor.py:830} INFO - Processing file /opt/airflow/dags/dag_crime_pipeline.py for tasks to queue
[2026-06-07T09:49:33.987+0000] {logging_mixin.py:188} INFO - [2026-06-07T09:49:33.986+0000] {dagbag.py:538} INFO - Filling up the DagBag from /opt/airflow/dags/dag_crime_pipeline.py
[2026-06-07T09:49:34.039+0000] {processor.py:840} INFO - DAG(s) 'crime_analytics_pipeline' retrieved from /opt/airflow/dags/dag_crime_pipeline.py
[2026-06-07T09:49:34.081+0000] {logging_mixin.py:188} INFO - [2026-06-07T09:49:34.080+0000] {dag.py:3036} INFO - Sync 1 DAGs
[2026-06-07T09:49:34.108+0000] {logging_mixin.py:188} INFO - [2026-06-07T09:49:34.108+0000] {dag.py:3823} INFO - Setting next_dagrun for crime_analytics_pipeline to 2026-06-06 19:00:00+00:00, run_after=2026-06-13 19:00:00+00:00
[2026-06-07T09:49:34.135+0000] {processor.py:183} INFO - Processing /opt/airflow/dags/dag_crime_pipeline.py took 0.158 seconds
[2026-06-07T09:50:05.061+0000] {processor.py:161} INFO - Started process (PID=1149) to work on /opt/airflow/dags/dag_crime_pipeline.py
[2026-06-07T09:50:05.062+0000] {processor.py:830} INFO - Processing file /opt/airflow/dags/dag_crime_pipeline.py for tasks to queue
[2026-06-07T09:50:05.068+0000] {logging_mixin.py:188} INFO - [2026-06-07T09:50:05.067+0000] {dagbag.py:538} INFO - Filling up the DagBag from /opt/airflow/dags/dag_crime_pipeline.py
[2026-06-07T09:50:05.127+0000] {processor.py:840} INFO - DAG(s) 'crime_analytics_pipeline' retrieved from /opt/airflow/dags/dag_crime_pipeline.py
[2026-06-07T09:50:05.180+0000] {logging_mixin.py:188} INFO - [2026-06-07T09:50:05.180+0000] {dag.py:3036} INFO - Sync 1 DAGs
[2026-06-07T09:50:05.212+0000] {logging_mixin.py:188} INFO - [2026-06-07T09:50:05.212+0000] {dag.py:3823} INFO - Setting next_dagrun for crime_analytics_pipeline to 2026-06-06 19:00:00+00:00, run_after=2026-06-13 19:00:00+00:00
[2026-06-07T09:50:05.269+0000] {processor.py:183} INFO - Processing /opt/airflow/dags/dag_crime_pipeline.py took 0.212 seconds
[2026-06-07T09:50:36.228+0000] {processor.py:161} INFO - Started process (PID=1154) to work on /opt/airflow/dags/dag_crime_pipeline.py
[2026-06-07T09:50:36.229+0000] {processor.py:830} INFO - Processing file /opt/airflow/dags/dag_crime_pipeline.py for tasks to queue
[2026-06-07T09:50:36.232+0000] {logging_mixin.py:188} INFO - [2026-06-07T09:50:36.232+0000] {dagbag.py:538} INFO - Filling up the DagBag from /opt/airflow/dags/dag_crime_pipeline.py
[2026-06-07T09:50:36.277+0000] {processor.py:840} INFO - DAG(s) 'crime_analytics_pipeline' retrieved from /opt/airflow/dags/dag_crime_pipeline.py
[2026-06-07T09:50:36.320+0000] {logging_mixin.py:188} INFO - [2026-06-07T09:50:36.320+0000] {dag.py:3036} INFO - Sync 1 DAGs
[2026-06-07T09:50:36.347+0000] {logging_mixin.py:188} INFO - [2026-06-07T09:50:36.347+0000] {dag.py:3823} INFO - Setting next_dagrun for crime_analytics_pipeline to 2026-06-06 19:00:00+00:00, run_after=2026-06-13 19:00:00+00:00
[2026-06-07T09:50:36.377+0000] {processor.py:183} INFO - Processing /opt/airflow/dags/dag_crime_pipeline.py took 0.153 seconds
[2026-06-07T09:51:07.015+0000] {processor.py:161} INFO - Started process (PID=1159) to work on /opt/airflow/dags/dag_crime_pipeline.py
[2026-06-07T09:51:07.016+0000] {processor.py:830} INFO - Processing file /opt/airflow/dags/dag_crime_pipeline.py for tasks to queue
[2026-06-07T09:51:07.019+0000] {logging_mixin.py:188} INFO - [2026-06-07T09:51:07.018+0000] {dagbag.py:538} INFO - Filling up the DagBag from /opt/airflow/dags/dag_crime_pipeline.py
[2026-06-07T09:51:07.070+0000] {processor.py:840} INFO - DAG(s) 'crime_analytics_pipeline' retrieved from /opt/airflow/dags/dag_crime_pipeline.py
[2026-06-07T09:51:07.104+0000] {logging_mixin.py:188} INFO - [2026-06-07T09:51:07.104+0000] {dag.py:3036} INFO - Sync 1 DAGs
[2026-06-07T09:51:07.132+0000] {logging_mixin.py:188} INFO - [2026-06-07T09:51:07.132+0000] {dag.py:3823} INFO - Setting next_dagrun for crime_analytics_pipeline to 2026-06-06 19:00:00+00:00, run_after=2026-06-13 19:00:00+00:00
[2026-06-07T09:51:07.169+0000] {processor.py:183} INFO - Processing /opt/airflow/dags/dag_crime_pipeline.py took 0.158 seconds
[2026-06-07T09:51:37.282+0000] {processor.py:161} INFO - Started process (PID=1164) to work on /opt/airflow/dags/dag_crime_pipeline.py
[2026-06-07T09:51:37.284+0000] {processor.py:830} INFO - Processing file /opt/airflow/dags/dag_crime_pipeline.py for tasks to queue
[2026-06-07T09:51:37.289+0000] {logging_mixin.py:188} INFO - [2026-06-07T09:51:37.288+0000] {dagbag.py:538} INFO - Filling up the DagBag from /opt/airflow/dags/dag_crime_pipeline.py
[2026-06-07T09:51:37.330+0000] {processor.py:840} INFO - DAG(s) 'crime_analytics_pipeline' retrieved from /opt/airflow/dags/dag_crime_pipeline.py
[2026-06-07T09:51:37.366+0000] {logging_mixin.py:188} INFO - [2026-06-07T09:51:37.365+0000] {dag.py:3036} INFO - Sync 1 DAGs
[2026-06-07T09:51:37.390+0000] {logging_mixin.py:188} INFO - [2026-06-07T09:51:37.389+0000] {dag.py:3823} INFO - Setting next_dagrun for crime_analytics_pipeline to 2026-06-06 19:00:00+00:00, run_after=2026-06-13 19:00:00+00:00
[2026-06-07T09:51:37.412+0000] {processor.py:183} INFO - Processing /opt/airflow/dags/dag_crime_pipeline.py took 0.133 seconds
[2026-06-07T09:52:08.435+0000] {processor.py:161} INFO - Started process (PID=1169) to work on /opt/airflow/dags/dag_crime_pipeline.py
[2026-06-07T09:52:08.437+0000] {processor.py:830} INFO - Processing file /opt/airflow/dags/dag_crime_pipeline.py for tasks to queue
[2026-06-07T09:52:08.440+0000] {logging_mixin.py:188} INFO - [2026-06-07T09:52:08.439+0000] {dagbag.py:538} INFO - Filling up the DagBag from /opt/airflow/dags/dag_crime_pipeline.py
[2026-06-07T09:52:08.489+0000] {processor.py:840} INFO - DAG(s) 'crime_analytics_pipeline' retrieved from /opt/airflow/dags/dag_crime_pipeline.py
[2026-06-07T09:52:08.524+0000] {logging_mixin.py:188} INFO - [2026-06-07T09:52:08.523+0000] {dag.py:3036} INFO - Sync 1 DAGs
[2026-06-07T09:52:08.547+0000] {logging_mixin.py:188} INFO - [2026-06-07T09:52:08.547+0000] {dag.py:3823} INFO - Setting next_dagrun for crime_analytics_pipeline to 2026-06-06 19:00:00+00:00, run_after=2026-06-13 19:00:00+00:00
[2026-06-07T09:52:08.567+0000] {processor.py:183} INFO - Processing /opt/airflow/dags/dag_crime_pipeline.py took 0.138 seconds
[2026-06-07T09:52:39.508+0000] {processor.py:161} INFO - Started process (PID=1174) to work on /opt/airflow/dags/dag_crime_pipeline.py
[2026-06-07T09:52:39.509+0000] {processor.py:830} INFO - Processing file /opt/airflow/dags/dag_crime_pipeline.py for tasks to queue
[2026-06-07T09:52:39.512+0000] {logging_mixin.py:188} INFO - [2026-06-07T09:52:39.511+0000] {dagbag.py:538} INFO - Filling up the DagBag from /opt/airflow/dags/dag_crime_pipeline.py
[2026-06-07T09:52:39.556+0000] {processor.py:840} INFO - DAG(s) 'crime_analytics_pipeline' retrieved from /opt/airflow/dags/dag_crime_pipeline.py
[2026-06-07T09:52:39.602+0000] {logging_mixin.py:188} INFO - [2026-06-07T09:52:39.601+0000] {dag.py:3036} INFO - Sync 1 DAGs
[2026-06-07T09:52:39.626+0000] {logging_mixin.py:188} INFO - [2026-06-07T09:52:39.626+0000] {dag.py:3823} INFO - Setting next_dagrun for crime_analytics_pipeline to 2026-06-06 19:00:00+00:00, run_after=2026-06-13 19:00:00+00:00
[2026-06-07T09:52:39.646+0000] {processor.py:183} INFO - Processing /opt/airflow/dags/dag_crime_pipeline.py took 0.142 seconds
[2026-06-07T09:53:10.662+0000] {processor.py:161} INFO - Started process (PID=1179) to work on /opt/airflow/dags/dag_crime_pipeline.py
[2026-06-07T09:53:10.663+0000] {processor.py:830} INFO - Processing file /opt/airflow/dags/dag_crime_pipeline.py for tasks to queue
[2026-06-07T09:53:10.666+0000] {logging_mixin.py:188} INFO - [2026-06-07T09:53:10.665+0000] {dagbag.py:538} INFO - Filling up the DagBag from /opt/airflow/dags/dag_crime_pipeline.py
[2026-06-07T09:53:10.710+0000] {processor.py:840} INFO - DAG(s) 'crime_analytics_pipeline' retrieved from /opt/airflow/dags/dag_crime_pipeline.py
[2026-06-07T09:53:10.743+0000] {logging_mixin.py:188} INFO - [2026-06-07T09:53:10.743+0000] {dag.py:3036} INFO - Sync 1 DAGs
[2026-06-07T09:53:10.768+0000] {logging_mixin.py:188} INFO - [2026-06-07T09:53:10.768+0000] {dag.py:3823} INFO - Setting next_dagrun for crime_analytics_pipeline to 2026-06-06 19:00:00+00:00, run_after=2026-06-13 19:00:00+00:00
[2026-06-07T09:53:10.791+0000] {processor.py:183} INFO - Processing /opt/airflow/dags/dag_crime_pipeline.py took 0.132 seconds
[2026-06-07T09:53:41.771+0000] {processor.py:161} INFO - Started process (PID=1184) to work on /opt/airflow/dags/dag_crime_pipeline.py
[2026-06-07T09:53:41.773+0000] {processor.py:830} INFO - Processing file /opt/airflow/dags/dag_crime_pipeline.py for tasks to queue
[2026-06-07T09:53:41.776+0000] {logging_mixin.py:188} INFO - [2026-06-07T09:53:41.776+0000] {dagbag.py:538} INFO - Filling up the DagBag from /opt/airflow/dags/dag_crime_pipeline.py
[2026-06-07T09:53:41.825+0000] {processor.py:840} INFO - DAG(s) 'crime_analytics_pipeline' retrieved from /opt/airflow/dags/dag_crime_pipeline.py
[2026-06-07T09:53:41.859+0000] {logging_mixin.py:188} INFO - [2026-06-07T09:53:41.859+0000] {dag.py:3036} INFO - Sync 1 DAGs
[2026-06-07T09:53:41.883+0000] {logging_mixin.py:188} INFO - [2026-06-07T09:53:41.883+0000] {dag.py:3823} INFO - Setting next_dagrun for crime_analytics_pipeline to 2026-06-06 19:00:00+00:00, run_after=2026-06-13 19:00:00+00:00
[2026-06-07T09:53:41.954+0000] {processor.py:183} INFO - Processing /opt/airflow/dags/dag_crime_pipeline.py took 0.188 seconds
[2026-06-07T09:54:12.062+0000] {processor.py:161} INFO - Started process (PID=1189) to work on /opt/airflow/dags/dag_crime_pipeline.py
[2026-06-07T09:54:12.063+0000] {processor.py:830} INFO - Processing file /opt/airflow/dags/dag_crime_pipeline.py for tasks to queue
[2026-06-07T09:54:12.066+0000] {logging_mixin.py:188} INFO - [2026-06-07T09:54:12.066+0000] {dagbag.py:538} INFO - Filling up the DagBag from /opt/airflow/dags/dag_crime_pipeline.py
[2026-06-07T09:54:12.110+0000] {processor.py:840} INFO - DAG(s) 'crime_analytics_pipeline' retrieved from /opt/airflow/dags/dag_crime_pipeline.py
[2026-06-07T09:54:12.145+0000] {logging_mixin.py:188} INFO - [2026-06-07T09:54:12.145+0000] {dag.py:3036} INFO - Sync 1 DAGs
[2026-06-07T09:54:12.169+0000] {logging_mixin.py:188} INFO - [2026-06-07T09:54:12.169+0000] {dag.py:3823} INFO - Setting next_dagrun for crime_analytics_pipeline to 2026-06-06 19:00:00+00:00, run_after=2026-06-13 19:00:00+00:00
[2026-06-07T09:54:12.189+0000] {processor.py:183} INFO - Processing /opt/airflow/dags/dag_crime_pipeline.py took 0.131 seconds
[2026-06-07T09:54:42.978+0000] {processor.py:161} INFO - Started process (PID=1194) to work on /opt/airflow/dags/dag_crime_pipeline.py
[2026-06-07T09:54:42.980+0000] {processor.py:830} INFO - Processing file /opt/airflow/dags/dag_crime_pipeline.py for tasks to queue
[2026-06-07T09:54:42.983+0000] {logging_mixin.py:188} INFO - [2026-06-07T09:54:42.982+0000] {dagbag.py:538} INFO - Filling up the DagBag from /opt/airflow/dags/dag_crime_pipeline.py
[2026-06-07T09:54:43.028+0000] {processor.py:840} INFO - DAG(s) 'crime_analytics_pipeline' retrieved from /opt/airflow/dags/dag_crime_pipeline.py
[2026-06-07T09:54:43.062+0000] {logging_mixin.py:188} INFO - [2026-06-07T09:54:43.062+0000] {dag.py:3036} INFO - Sync 1 DAGs
[2026-06-07T09:54:43.085+0000] {logging_mixin.py:188} INFO - [2026-06-07T09:54:43.085+0000] {dag.py:3823} INFO - Setting next_dagrun for crime_analytics_pipeline to 2026-06-06 19:00:00+00:00, run_after=2026-06-13 19:00:00+00:00
[2026-06-07T09:54:43.106+0000] {processor.py:183} INFO - Processing /opt/airflow/dags/dag_crime_pipeline.py took 0.132 seconds
[2026-06-07T09:55:14.030+0000] {processor.py:161} INFO - Started process (PID=1199) to work on /opt/airflow/dags/dag_crime_pipeline.py
[2026-06-07T09:55:14.031+0000] {processor.py:830} INFO - Processing file /opt/airflow/dags/dag_crime_pipeline.py for tasks to queue
[2026-06-07T09:55:14.034+0000] {logging_mixin.py:188} INFO - [2026-06-07T09:55:14.033+0000] {dagbag.py:538} INFO - Filling up the DagBag from /opt/airflow/dags/dag_crime_pipeline.py
[2026-06-07T09:55:14.077+0000] {processor.py:840} INFO - DAG(s) 'crime_analytics_pipeline' retrieved from /opt/airflow/dags/dag_crime_pipeline.py
[2026-06-07T09:55:14.114+0000] {logging_mixin.py:188} INFO - [2026-06-07T09:55:14.114+0000] {dag.py:3036} INFO - Sync 1 DAGs
[2026-06-07T09:55:14.139+0000] {logging_mixin.py:188} INFO - [2026-06-07T09:55:14.139+0000] {dag.py:3823} INFO - Setting next_dagrun for crime_analytics_pipeline to 2026-06-06 19:00:00+00:00, run_after=2026-06-13 19:00:00+00:00
[2026-06-07T09:55:14.179+0000] {processor.py:183} INFO - Processing /opt/airflow/dags/dag_crime_pipeline.py took 0.153 seconds
[2026-06-07T09:55:45.174+0000] {processor.py:161} INFO - Started process (PID=1204) to work on /opt/airflow/dags/dag_crime_pipeline.py
[2026-06-07T09:55:45.176+0000] {processor.py:830} INFO - Processing file /opt/airflow/dags/dag_crime_pipeline.py for tasks to queue
[2026-06-07T09:55:45.179+0000] {logging_mixin.py:188} INFO - [2026-06-07T09:55:45.179+0000] {dagbag.py:538} INFO - Filling up the DagBag from /opt/airflow/dags/dag_crime_pipeline.py
[2026-06-07T09:55:45.222+0000] {processor.py:840} INFO - DAG(s) 'crime_analytics_pipeline' retrieved from /opt/airflow/dags/dag_crime_pipeline.py
[2026-06-07T09:55:45.256+0000] {logging_mixin.py:188} INFO - [2026-06-07T09:55:45.255+0000] {dag.py:3036} INFO - Sync 1 DAGs
[2026-06-07T09:55:45.280+0000] {logging_mixin.py:188} INFO - [2026-06-07T09:55:45.279+0000] {dag.py:3823} INFO - Setting next_dagrun for crime_analytics_pipeline to 2026-06-06 19:00:00+00:00, run_after=2026-06-13 19:00:00+00:00
[2026-06-07T09:55:45.300+0000] {processor.py:183} INFO - Processing /opt/airflow/dags/dag_crime_pipeline.py took 0.130 seconds
[2026-06-07T09:56:15.416+0000] {processor.py:161} INFO - Started process (PID=1209) to work on /opt/airflow/dags/dag_crime_pipeline.py
[2026-06-07T09:56:15.417+0000] {processor.py:830} INFO - Processing file /opt/airflow/dags/dag_crime_pipeline.py for tasks to queue
[2026-06-07T09:56:15.419+0000] {logging_mixin.py:188} INFO - [2026-06-07T09:56:15.419+0000] {dagbag.py:538} INFO - Filling up the DagBag from /opt/airflow/dags/dag_crime_pipeline.py
[2026-06-07T09:56:15.460+0000] {processor.py:840} INFO - DAG(s) 'crime_analytics_pipeline' retrieved from /opt/airflow/dags/dag_crime_pipeline.py
[2026-06-07T09:56:15.500+0000] {logging_mixin.py:188} INFO - [2026-06-07T09:56:15.499+0000] {dag.py:3036} INFO - Sync 1 DAGs
[2026-06-07T09:56:15.525+0000] {logging_mixin.py:188} INFO - [2026-06-07T09:56:15.524+0000] {dag.py:3823} INFO - Setting next_dagrun for crime_analytics_pipeline to 2026-06-06 19:00:00+00:00, run_after=2026-06-13 19:00:00+00:00
[2026-06-07T09:56:15.545+0000] {processor.py:183} INFO - Processing /opt/airflow/dags/dag_crime_pipeline.py took 0.133 seconds
[2026-06-07T09:56:45.626+0000] {processor.py:161} INFO - Started process (PID=1214) to work on /opt/airflow/dags/dag_crime_pipeline.py
[2026-06-07T09:56:45.628+0000] {processor.py:830} INFO - Processing file /opt/airflow/dags/dag_crime_pipeline.py for tasks to queue
[2026-06-07T09:56:45.630+0000] {logging_mixin.py:188} INFO - [2026-06-07T09:56:45.630+0000] {dagbag.py:538} INFO - Filling up the DagBag from /opt/airflow/dags/dag_crime_pipeline.py
[2026-06-07T09:56:45.677+0000] {processor.py:840} INFO - DAG(s) 'crime_analytics_pipeline' retrieved from /opt/airflow/dags/dag_crime_pipeline.py
[2026-06-07T09:56:45.710+0000] {logging_mixin.py:188} INFO - [2026-06-07T09:56:45.710+0000] {dag.py:3036} INFO - Sync 1 DAGs
[2026-06-07T09:56:45.735+0000] {logging_mixin.py:188} INFO - [2026-06-07T09:56:45.735+0000] {dag.py:3823} INFO - Setting next_dagrun for crime_analytics_pipeline to 2026-06-06 19:00:00+00:00, run_after=2026-06-13 19:00:00+00:00
[2026-06-07T09:56:45.777+0000] {processor.py:183} INFO - Processing /opt/airflow/dags/dag_crime_pipeline.py took 0.154 seconds
[2026-06-07T09:57:16.737+0000] {processor.py:161} INFO - Started process (PID=1219) to work on /opt/airflow/dags/dag_crime_pipeline.py
[2026-06-07T09:57:16.739+0000] {processor.py:830} INFO - Processing file /opt/airflow/dags/dag_crime_pipeline.py for tasks to queue
[2026-06-07T09:57:16.743+0000] {logging_mixin.py:188} INFO - [2026-06-07T09:57:16.742+0000] {dagbag.py:538} INFO - Filling up the DagBag from /opt/airflow/dags/dag_crime_pipeline.py
[2026-06-07T09:57:16.793+0000] {processor.py:840} INFO - DAG(s) 'crime_analytics_pipeline' retrieved from /opt/airflow/dags/dag_crime_pipeline.py
[2026-06-07T09:57:16.829+0000] {logging_mixin.py:188} INFO - [2026-06-07T09:57:16.828+0000] {dag.py:3036} INFO - Sync 1 DAGs
[2026-06-07T09:57:16.854+0000] {logging_mixin.py:188} INFO - [2026-06-07T09:57:16.854+0000] {dag.py:3823} INFO - Setting next_dagrun for crime_analytics_pipeline to 2026-06-06 19:00:00+00:00, run_after=2026-06-13 19:00:00+00:00
[2026-06-07T09:57:16.875+0000] {processor.py:183} INFO - Processing /opt/airflow/dags/dag_crime_pipeline.py took 0.142 seconds
[2026-06-07T09:57:46.969+0000] {processor.py:161} INFO - Started process (PID=1224) to work on /opt/airflow/dags/dag_crime_pipeline.py
[2026-06-07T09:57:46.971+0000] {processor.py:830} INFO - Processing file /opt/airflow/dags/dag_crime_pipeline.py for tasks to queue
[2026-06-07T09:57:46.973+0000] {logging_mixin.py:188} INFO - [2026-06-07T09:57:46.973+0000] {dagbag.py:538} INFO - Filling up the DagBag from /opt/airflow/dags/dag_crime_pipeline.py
[2026-06-07T09:57:47.025+0000] {processor.py:840} INFO - DAG(s) 'crime_analytics_pipeline' retrieved from /opt/airflow/dags/dag_crime_pipeline.py
[2026-06-07T09:57:47.062+0000] {logging_mixin.py:188} INFO - [2026-06-07T09:57:47.062+0000] {dag.py:3036} INFO - Sync 1 DAGs
[2026-06-07T09:57:47.088+0000] {logging_mixin.py:188} INFO - [2026-06-07T09:57:47.088+0000] {dag.py:3823} INFO - Setting next_dagrun for crime_analytics_pipeline to 2026-06-06 19:00:00+00:00, run_after=2026-06-13 19:00:00+00:00
[2026-06-07T09:57:47.109+0000] {processor.py:183} INFO - Processing /opt/airflow/dags/dag_crime_pipeline.py took 0.143 seconds
[2026-06-07T09:58:18.076+0000] {processor.py:161} INFO - Started process (PID=1229) to work on /opt/airflow/dags/dag_crime_pipeline.py
[2026-06-07T09:58:18.078+0000] {processor.py:830} INFO - Processing file /opt/airflow/dags/dag_crime_pipeline.py for tasks to queue
[2026-06-07T09:58:18.081+0000] {logging_mixin.py:188} INFO - [2026-06-07T09:58:18.080+0000] {dagbag.py:538} INFO - Filling up the DagBag from /opt/airflow/dags/dag_crime_pipeline.py
[2026-06-07T09:58:18.128+0000] {processor.py:840} INFO - DAG(s) 'crime_analytics_pipeline' retrieved from /opt/airflow/dags/dag_crime_pipeline.py
[2026-06-07T09:58:18.164+0000] {logging_mixin.py:188} INFO - [2026-06-07T09:58:18.163+0000] {dag.py:3036} INFO - Sync 1 DAGs
[2026-06-07T09:58:18.186+0000] {logging_mixin.py:188} INFO - [2026-06-07T09:58:18.186+0000] {dag.py:3823} INFO - Setting next_dagrun for crime_analytics_pipeline to 2026-06-06 19:00:00+00:00, run_after=2026-06-13 19:00:00+00:00
[2026-06-07T09:58:18.207+0000] {processor.py:183} INFO - Processing /opt/airflow/dags/dag_crime_pipeline.py took 0.134 seconds
[2026-06-07T09:58:48.312+0000] {processor.py:161} INFO - Started process (PID=1234) to work on /opt/airflow/dags/dag_crime_pipeline.py
[2026-06-07T09:58:48.313+0000] {processor.py:830} INFO - Processing file /opt/airflow/dags/dag_crime_pipeline.py for tasks to queue
[2026-06-07T09:58:48.316+0000] {logging_mixin.py:188} INFO - [2026-06-07T09:58:48.316+0000] {dagbag.py:538} INFO - Filling up the DagBag from /opt/airflow/dags/dag_crime_pipeline.py
[2026-06-07T09:58:48.361+0000] {processor.py:840} INFO - DAG(s) 'crime_analytics_pipeline' retrieved from /opt/airflow/dags/dag_crime_pipeline.py
[2026-06-07T09:58:48.396+0000] {logging_mixin.py:188} INFO - [2026-06-07T09:58:48.396+0000] {dag.py:3036} INFO - Sync 1 DAGs
[2026-06-07T09:58:48.421+0000] {logging_mixin.py:188} INFO - [2026-06-07T09:58:48.420+0000] {dag.py:3823} INFO - Setting next_dagrun for crime_analytics_pipeline to 2026-06-06 19:00:00+00:00, run_after=2026-06-13 19:00:00+00:00
[2026-06-07T09:58:48.461+0000] {processor.py:183} INFO - Processing /opt/airflow/dags/dag_crime_pipeline.py took 0.152 seconds
[2026-06-07T09:59:19.351+0000] {processor.py:161} INFO - Started process (PID=1239) to work on /opt/airflow/dags/dag_crime_pipeline.py
[2026-06-07T09:59:19.352+0000] {processor.py:830} INFO - Processing file /opt/airflow/dags/dag_crime_pipeline.py for tasks to queue
[2026-06-07T09:59:19.354+0000] {logging_mixin.py:188} INFO - [2026-06-07T09:59:19.354+0000] {dagbag.py:538} INFO - Filling up the DagBag from /opt/airflow/dags/dag_crime_pipeline.py
[2026-06-07T09:59:19.400+0000] {processor.py:840} INFO - DAG(s) 'crime_analytics_pipeline' retrieved from /opt/airflow/dags/dag_crime_pipeline.py
[2026-06-07T09:59:19.435+0000] {logging_mixin.py:188} INFO - [2026-06-07T09:59:19.435+0000] {dag.py:3036} INFO - Sync 1 DAGs
[2026-06-07T09:59:19.459+0000] {logging_mixin.py:188} INFO - [2026-06-07T09:59:19.458+0000] {dag.py:3823} INFO - Setting next_dagrun for crime_analytics_pipeline to 2026-06-06 19:00:00+00:00, run_after=2026-06-13 19:00:00+00:00
[2026-06-07T09:59:19.499+0000] {processor.py:183} INFO - Processing /opt/airflow/dags/dag_crime_pipeline.py took 0.152 seconds
[2026-06-07T09:59:49.736+0000] {processor.py:161} INFO - Started process (PID=1244) to work on /opt/airflow/dags/dag_crime_pipeline.py
[2026-06-07T09:59:49.738+0000] {processor.py:830} INFO - Processing file /opt/airflow/dags/dag_crime_pipeline.py for tasks to queue
[2026-06-07T09:59:49.742+0000] {logging_mixin.py:188} INFO - [2026-06-07T09:59:49.741+0000] {dagbag.py:538} INFO - Filling up the DagBag from /opt/airflow/dags/dag_crime_pipeline.py
[2026-06-07T09:59:49.793+0000] {processor.py:840} INFO - DAG(s) 'crime_analytics_pipeline' retrieved from /opt/airflow/dags/dag_crime_pipeline.py
[2026-06-07T09:59:49.830+0000] {logging_mixin.py:188} INFO - [2026-06-07T09:59:49.830+0000] {dag.py:3036} INFO - Sync 1 DAGs
[2026-06-07T09:59:49.857+0000] {logging_mixin.py:188} INFO - [2026-06-07T09:59:49.857+0000] {dag.py:3823} INFO - Setting next_dagrun for crime_analytics_pipeline to 2026-06-06 19:00:00+00:00, run_after=2026-06-13 19:00:00+00:00
[2026-06-07T09:59:49.884+0000] {processor.py:183} INFO - Processing /opt/airflow/dags/dag_crime_pipeline.py took 0.152 seconds
[2026-06-07T10:00:19.955+0000] {processor.py:161} INFO - Started process (PID=1249) to work on /opt/airflow/dags/dag_crime_pipeline.py
[2026-06-07T10:00:19.956+0000] {processor.py:830} INFO - Processing file /opt/airflow/dags/dag_crime_pipeline.py for tasks to queue
[2026-06-07T10:00:19.959+0000] {logging_mixin.py:188} INFO - [2026-06-07T10:00:19.959+0000] {dagbag.py:538} INFO - Filling up the DagBag from /opt/airflow/dags/dag_crime_pipeline.py
[2026-06-07T10:00:20.005+0000] {processor.py:840} INFO - DAG(s) 'crime_analytics_pipeline' retrieved from /opt/airflow/dags/dag_crime_pipeline.py
[2026-06-07T10:00:20.041+0000] {logging_mixin.py:188} INFO - [2026-06-07T10:00:20.041+0000] {dag.py:3036} INFO - Sync 1 DAGs
[2026-06-07T10:00:20.066+0000] {logging_mixin.py:188} INFO - [2026-06-07T10:00:20.065+0000] {dag.py:3823} INFO - Setting next_dagrun for crime_analytics_pipeline to 2026-06-06 19:00:00+00:00, run_after=2026-06-13 19:00:00+00:00
[2026-06-07T10:00:20.109+0000] {processor.py:183} INFO - Processing /opt/airflow/dags/dag_crime_pipeline.py took 0.159 seconds
[2026-06-07T10:00:50.184+0000] {processor.py:161} INFO - Started process (PID=1254) to work on /opt/airflow/dags/dag_crime_pipeline.py
[2026-06-07T10:00:50.185+0000] {processor.py:830} INFO - Processing file /opt/airflow/dags/dag_crime_pipeline.py for tasks to queue
[2026-06-07T10:00:50.188+0000] {logging_mixin.py:188} INFO - [2026-06-07T10:00:50.187+0000] {dagbag.py:538} INFO - Filling up the DagBag from /opt/airflow/dags/dag_crime_pipeline.py
[2026-06-07T10:00:50.232+0000] {processor.py:840} INFO - DAG(s) 'crime_analytics_pipeline' retrieved from /opt/airflow/dags/dag_crime_pipeline.py
[2026-06-07T10:00:50.277+0000] {logging_mixin.py:188} INFO - [2026-06-07T10:00:50.277+0000] {dag.py:3036} INFO - Sync 1 DAGs
[2026-06-07T10:00:50.300+0000] {logging_mixin.py:188} INFO - [2026-06-07T10:00:50.300+0000] {dag.py:3823} INFO - Setting next_dagrun for crime_analytics_pipeline to 2026-06-06 19:00:00+00:00, run_after=2026-06-13 19:00:00+00:00
[2026-06-07T10:00:50.321+0000] {processor.py:183} INFO - Processing /opt/airflow/dags/dag_crime_pipeline.py took 0.141 seconds
[2026-06-07T10:01:21.306+0000] {processor.py:161} INFO - Started process (PID=1259) to work on /opt/airflow/dags/dag_crime_pipeline.py
[2026-06-07T10:01:21.307+0000] {processor.py:830} INFO - Processing file /opt/airflow/dags/dag_crime_pipeline.py for tasks to queue
[2026-06-07T10:01:21.310+0000] {logging_mixin.py:188} INFO - [2026-06-07T10:01:21.310+0000] {dagbag.py:538} INFO - Filling up the DagBag from /opt/airflow/dags/dag_crime_pipeline.py
[2026-06-07T10:01:21.358+0000] {processor.py:840} INFO - DAG(s) 'crime_analytics_pipeline' retrieved from /opt/airflow/dags/dag_crime_pipeline.py
[2026-06-07T10:01:21.394+0000] {logging_mixin.py:188} INFO - [2026-06-07T10:01:21.393+0000] {dag.py:3036} INFO - Sync 1 DAGs
[2026-06-07T10:01:21.417+0000] {logging_mixin.py:188} INFO - [2026-06-07T10:01:21.417+0000] {dag.py:3823} INFO - Setting next_dagrun for crime_analytics_pipeline to 2026-06-06 19:00:00+00:00, run_after=2026-06-13 19:00:00+00:00
[2026-06-07T10:01:21.461+0000] {processor.py:183} INFO - Processing /opt/airflow/dags/dag_crime_pipeline.py took 0.159 seconds
[2026-06-07T10:01:51.579+0000] {processor.py:161} INFO - Started process (PID=1264) to work on /opt/airflow/dags/dag_crime_pipeline.py
[2026-06-07T10:01:51.580+0000] {processor.py:830} INFO - Processing file /opt/airflow/dags/dag_crime_pipeline.py for tasks to queue
[2026-06-07T10:01:51.583+0000] {logging_mixin.py:188} INFO - [2026-06-07T10:01:51.583+0000] {dagbag.py:538} INFO - Filling up the DagBag from /opt/airflow/dags/dag_crime_pipeline.py
[2026-06-07T10:01:51.630+0000] {processor.py:840} INFO - DAG(s) 'crime_analytics_pipeline' retrieved from /opt/airflow/dags/dag_crime_pipeline.py
[2026-06-07T10:01:51.665+0000] {logging_mixin.py:188} INFO - [2026-06-07T10:01:51.665+0000] {dag.py:3036} INFO - Sync 1 DAGs
[2026-06-07T10:01:51.691+0000] {logging_mixin.py:188} INFO - [2026-06-07T10:01:51.691+0000] {dag.py:3823} INFO - Setting next_dagrun for crime_analytics_pipeline to 2026-06-06 19:00:00+00:00, run_after=2026-06-13 19:00:00+00:00
[2026-06-07T10:01:51.712+0000] {processor.py:183} INFO - Processing /opt/airflow/dags/dag_crime_pipeline.py took 0.138 seconds
[2026-06-07T10:02:22.676+0000] {processor.py:161} INFO - Started process (PID=1269) to work on /opt/airflow/dags/dag_crime_pipeline.py
[2026-06-07T10:02:22.679+0000] {processor.py:830} INFO - Processing file /opt/airflow/dags/dag_crime_pipeline.py for tasks to queue
[2026-06-07T10:02:22.682+0000] {logging_mixin.py:188} INFO - [2026-06-07T10:02:22.681+0000] {dagbag.py:538} INFO - Filling up the DagBag from /opt/airflow/dags/dag_crime_pipeline.py
[2026-06-07T10:02:22.733+0000] {processor.py:840} INFO - DAG(s) 'crime_analytics_pipeline' retrieved from /opt/airflow/dags/dag_crime_pipeline.py
[2026-06-07T10:02:22.779+0000] {logging_mixin.py:188} INFO - [2026-06-07T10:02:22.778+0000] {dag.py:3036} INFO - Sync 1 DAGs
[2026-06-07T10:02:22.805+0000] {logging_mixin.py:188} INFO - [2026-06-07T10:02:22.804+0000] {dag.py:3823} INFO - Setting next_dagrun for crime_analytics_pipeline to 2026-06-06 19:00:00+00:00, run_after=2026-06-13 19:00:00+00:00
[2026-06-07T10:02:22.826+0000] {processor.py:183} INFO - Processing /opt/airflow/dags/dag_crime_pipeline.py took 0.154 seconds
[2026-06-07T10:02:52.939+0000] {processor.py:161} INFO - Started process (PID=1274) to work on /opt/airflow/dags/dag_crime_pipeline.py
[2026-06-07T10:02:52.941+0000] {processor.py:830} INFO - Processing file /opt/airflow/dags/dag_crime_pipeline.py for tasks to queue
[2026-06-07T10:02:52.944+0000] {logging_mixin.py:188} INFO - [2026-06-07T10:02:52.944+0000] {dagbag.py:538} INFO - Filling up the DagBag from /opt/airflow/dags/dag_crime_pipeline.py
[2026-06-07T10:02:52.999+0000] {processor.py:840} INFO - DAG(s) 'crime_analytics_pipeline' retrieved from /opt/airflow/dags/dag_crime_pipeline.py
[2026-06-07T10:02:53.035+0000] {logging_mixin.py:188} INFO - [2026-06-07T10:02:53.034+0000] {dag.py:3036} INFO - Sync 1 DAGs
[2026-06-07T10:02:53.062+0000] {logging_mixin.py:188} INFO - [2026-06-07T10:02:53.062+0000] {dag.py:3823} INFO - Setting next_dagrun for crime_analytics_pipeline to 2026-06-06 19:00:00+00:00, run_after=2026-06-13 19:00:00+00:00
[2026-06-07T10:02:53.089+0000] {processor.py:183} INFO - Processing /opt/airflow/dags/dag_crime_pipeline.py took 0.155 seconds
[2026-06-07T10:03:23.984+0000] {processor.py:161} INFO - Started process (PID=1279) to work on /opt/airflow/dags/dag_crime_pipeline.py
[2026-06-07T10:03:23.986+0000] {processor.py:830} INFO - Processing file /opt/airflow/dags/dag_crime_pipeline.py for tasks to queue
[2026-06-07T10:03:23.989+0000] {logging_mixin.py:188} INFO - [2026-06-07T10:03:23.988+0000] {dagbag.py:538} INFO - Filling up the DagBag from /opt/airflow/dags/dag_crime_pipeline.py
[2026-06-07T10:03:24.031+0000] {processor.py:840} INFO - DAG(s) 'crime_analytics_pipeline' retrieved from /opt/airflow/dags/dag_crime_pipeline.py
[2026-06-07T10:03:24.066+0000] {logging_mixin.py:188} INFO - [2026-06-07T10:03:24.066+0000] {dag.py:3036} INFO - Sync 1 DAGs
[2026-06-07T10:03:24.090+0000] {logging_mixin.py:188} INFO - [2026-06-07T10:03:24.090+0000] {dag.py:3823} INFO - Setting next_dagrun for crime_analytics_pipeline to 2026-06-06 19:00:00+00:00, run_after=2026-06-13 19:00:00+00:00
[2026-06-07T10:03:24.135+0000] {processor.py:183} INFO - Processing /opt/airflow/dags/dag_crime_pipeline.py took 0.155 seconds
[2026-06-07T10:03:54.266+0000] {processor.py:161} INFO - Started process (PID=1284) to work on /opt/airflow/dags/dag_crime_pipeline.py
[2026-06-07T10:03:54.267+0000] {processor.py:830} INFO - Processing file /opt/airflow/dags/dag_crime_pipeline.py for tasks to queue
[2026-06-07T10:03:54.269+0000] {logging_mixin.py:188} INFO - [2026-06-07T10:03:54.269+0000] {dagbag.py:538} INFO - Filling up the DagBag from /opt/airflow/dags/dag_crime_pipeline.py
[2026-06-07T10:03:54.314+0000] {processor.py:840} INFO - DAG(s) 'crime_analytics_pipeline' retrieved from /opt/airflow/dags/dag_crime_pipeline.py
[2026-06-07T10:03:54.348+0000] {logging_mixin.py:188} INFO - [2026-06-07T10:03:54.348+0000] {dag.py:3036} INFO - Sync 1 DAGs
[2026-06-07T10:03:54.372+0000] {logging_mixin.py:188} INFO - [2026-06-07T10:03:54.372+0000] {dag.py:3823} INFO - Setting next_dagrun for crime_analytics_pipeline to 2026-06-06 19:00:00+00:00, run_after=2026-06-13 19:00:00+00:00
[2026-06-07T10:03:54.393+0000] {processor.py:183} INFO - Processing /opt/airflow/dags/dag_crime_pipeline.py took 0.130 seconds
[2026-06-07T10:04:25.314+0000] {processor.py:161} INFO - Started process (PID=1289) to work on /opt/airflow/dags/dag_crime_pipeline.py
[2026-06-07T10:04:25.316+0000] {processor.py:830} INFO - Processing file /opt/airflow/dags/dag_crime_pipeline.py for tasks to queue
[2026-06-07T10:04:25.319+0000] {logging_mixin.py:188} INFO - [2026-06-07T10:04:25.318+0000] {dagbag.py:538} INFO - Filling up the DagBag from /opt/airflow/dags/dag_crime_pipeline.py
[2026-06-07T10:04:25.361+0000] {processor.py:840} INFO - DAG(s) 'crime_analytics_pipeline' retrieved from /opt/airflow/dags/dag_crime_pipeline.py
[2026-06-07T10:04:25.401+0000] {logging_mixin.py:188} INFO - [2026-06-07T10:04:25.400+0000] {dag.py:3036} INFO - Sync 1 DAGs
[2026-06-07T10:04:25.426+0000] {logging_mixin.py:188} INFO - [2026-06-07T10:04:25.426+0000] {dag.py:3823} INFO - Setting next_dagrun for crime_analytics_pipeline to 2026-06-06 19:00:00+00:00, run_after=2026-06-13 19:00:00+00:00
[2026-06-07T10:04:25.449+0000] {processor.py:183} INFO - Processing /opt/airflow/dags/dag_crime_pipeline.py took 0.138 seconds
[2026-06-07T10:04:55.545+0000] {processor.py:161} INFO - Started process (PID=1294) to work on /opt/airflow/dags/dag_crime_pipeline.py
[2026-06-07T10:04:55.547+0000] {processor.py:830} INFO - Processing file /opt/airflow/dags/dag_crime_pipeline.py for tasks to queue
[2026-06-07T10:04:55.550+0000] {logging_mixin.py:188} INFO - [2026-06-07T10:04:55.550+0000] {dagbag.py:538} INFO - Filling up the DagBag from /opt/airflow/dags/dag_crime_pipeline.py
[2026-06-07T10:04:55.597+0000] {processor.py:840} INFO - DAG(s) 'crime_analytics_pipeline' retrieved from /opt/airflow/dags/dag_crime_pipeline.py
[2026-06-07T10:04:55.634+0000] {logging_mixin.py:188} INFO - [2026-06-07T10:04:55.633+0000] {dag.py:3036} INFO - Sync 1 DAGs
[2026-06-07T10:04:55.662+0000] {logging_mixin.py:188} INFO - [2026-06-07T10:04:55.662+0000] {dag.py:3823} INFO - Setting next_dagrun for crime_analytics_pipeline to 2026-06-06 19:00:00+00:00, run_after=2026-06-13 19:00:00+00:00
[2026-06-07T10:04:55.682+0000] {processor.py:183} INFO - Processing /opt/airflow/dags/dag_crime_pipeline.py took 0.141 seconds
[2026-06-07T10:05:26.574+0000] {processor.py:161} INFO - Started process (PID=1299) to work on /opt/airflow/dags/dag_crime_pipeline.py
[2026-06-07T10:05:26.576+0000] {processor.py:830} INFO - Processing file /opt/airflow/dags/dag_crime_pipeline.py for tasks to queue
[2026-06-07T10:05:26.579+0000] {logging_mixin.py:188} INFO - [2026-06-07T10:05:26.578+0000] {dagbag.py:538} INFO - Filling up the DagBag from /opt/airflow/dags/dag_crime_pipeline.py
[2026-06-07T10:05:26.622+0000] {processor.py:840} INFO - DAG(s) 'crime_analytics_pipeline' retrieved from /opt/airflow/dags/dag_crime_pipeline.py
[2026-06-07T10:05:26.660+0000] {logging_mixin.py:188} INFO - [2026-06-07T10:05:26.659+0000] {dag.py:3036} INFO - Sync 1 DAGs
[2026-06-07T10:05:26.686+0000] {logging_mixin.py:188} INFO - [2026-06-07T10:05:26.685+0000] {dag.py:3823} INFO - Setting next_dagrun for crime_analytics_pipeline to 2026-06-06 19:00:00+00:00, run_after=2026-06-13 19:00:00+00:00
[2026-06-07T10:05:26.729+0000] {processor.py:183} INFO - Processing /opt/airflow/dags/dag_crime_pipeline.py took 0.159 seconds
[2026-06-07T10:05:56.806+0000] {processor.py:161} INFO - Started process (PID=1304) to work on /opt/airflow/dags/dag_crime_pipeline.py
[2026-06-07T10:05:56.807+0000] {processor.py:830} INFO - Processing file /opt/airflow/dags/dag_crime_pipeline.py for tasks to queue
[2026-06-07T10:05:56.811+0000] {logging_mixin.py:188} INFO - [2026-06-07T10:05:56.810+0000] {dagbag.py:538} INFO - Filling up the DagBag from /opt/airflow/dags/dag_crime_pipeline.py
[2026-06-07T10:05:56.860+0000] {processor.py:840} INFO - DAG(s) 'crime_analytics_pipeline' retrieved from /opt/airflow/dags/dag_crime_pipeline.py
[2026-06-07T10:05:56.893+0000] {logging_mixin.py:188} INFO - [2026-06-07T10:05:56.893+0000] {dag.py:3036} INFO - Sync 1 DAGs
[2026-06-07T10:05:56.917+0000] {logging_mixin.py:188} INFO - [2026-06-07T10:05:56.917+0000] {dag.py:3823} INFO - Setting next_dagrun for crime_analytics_pipeline to 2026-06-06 19:00:00+00:00, run_after=2026-06-13 19:00:00+00:00
[2026-06-07T10:05:56.957+0000] {processor.py:183} INFO - Processing /opt/airflow/dags/dag_crime_pipeline.py took 0.156 seconds
[2026-06-07T10:06:27.965+0000] {processor.py:161} INFO - Started process (PID=1309) to work on /opt/airflow/dags/dag_crime_pipeline.py
[2026-06-07T10:06:27.967+0000] {processor.py:830} INFO - Processing file /opt/airflow/dags/dag_crime_pipeline.py for tasks to queue
[2026-06-07T10:06:27.970+0000] {logging_mixin.py:188} INFO - [2026-06-07T10:06:27.969+0000] {dagbag.py:538} INFO - Filling up the DagBag from /opt/airflow/dags/dag_crime_pipeline.py
[2026-06-07T10:06:28.017+0000] {processor.py:840} INFO - DAG(s) 'crime_analytics_pipeline' retrieved from /opt/airflow/dags/dag_crime_pipeline.py
[2026-06-07T10:06:28.054+0000] {logging_mixin.py:188} INFO - [2026-06-07T10:06:28.054+0000] {dag.py:3036} INFO - Sync 1 DAGs
[2026-06-07T10:06:28.081+0000] {logging_mixin.py:188} INFO - [2026-06-07T10:06:28.081+0000] {dag.py:3823} INFO - Setting next_dagrun for crime_analytics_pipeline to 2026-06-06 19:00:00+00:00, run_after=2026-06-13 19:00:00+00:00
[2026-06-07T10:06:28.123+0000] {processor.py:183} INFO - Processing /opt/airflow/dags/dag_crime_pipeline.py took 0.160 seconds
[2026-06-07T10:06:58.199+0000] {processor.py:161} INFO - Started process (PID=1314) to work on /opt/airflow/dags/dag_crime_pipeline.py
[2026-06-07T10:06:58.201+0000] {processor.py:830} INFO - Processing file /opt/airflow/dags/dag_crime_pipeline.py for tasks to queue
[2026-06-07T10:06:58.204+0000] {logging_mixin.py:188} INFO - [2026-06-07T10:06:58.204+0000] {dagbag.py:538} INFO - Filling up the DagBag from /opt/airflow/dags/dag_crime_pipeline.py
[2026-06-07T10:06:58.258+0000] {processor.py:840} INFO - DAG(s) 'crime_analytics_pipeline' retrieved from /opt/airflow/dags/dag_crime_pipeline.py
[2026-06-07T10:06:58.302+0000] {logging_mixin.py:188} INFO - [2026-06-07T10:06:58.301+0000] {dag.py:3036} INFO - Sync 1 DAGs
[2026-06-07T10:06:58.336+0000] {logging_mixin.py:188} INFO - [2026-06-07T10:06:58.335+0000] {dag.py:3823} INFO - Setting next_dagrun for crime_analytics_pipeline to 2026-06-06 19:00:00+00:00, run_after=2026-06-13 19:00:00+00:00
[2026-06-07T10:06:58.367+0000] {processor.py:183} INFO - Processing /opt/airflow/dags/dag_crime_pipeline.py took 0.173 seconds
[2026-06-07T10:07:28.484+0000] {processor.py:161} INFO - Started process (PID=1319) to work on /opt/airflow/dags/dag_crime_pipeline.py
[2026-06-07T10:07:28.485+0000] {processor.py:830} INFO - Processing file /opt/airflow/dags/dag_crime_pipeline.py for tasks to queue
[2026-06-07T10:07:28.488+0000] {logging_mixin.py:188} INFO - [2026-06-07T10:07:28.487+0000] {dagbag.py:538} INFO - Filling up the DagBag from /opt/airflow/dags/dag_crime_pipeline.py
[2026-06-07T10:07:28.535+0000] {processor.py:840} INFO - DAG(s) 'crime_analytics_pipeline' retrieved from /opt/airflow/dags/dag_crime_pipeline.py
[2026-06-07T10:07:28.573+0000] {logging_mixin.py:188} INFO - [2026-06-07T10:07:28.573+0000] {dag.py:3036} INFO - Sync 1 DAGs
[2026-06-07T10:07:28.602+0000] {logging_mixin.py:188} INFO - [2026-06-07T10:07:28.602+0000] {dag.py:3823} INFO - Setting next_dagrun for crime_analytics_pipeline to 2026-06-06 19:00:00+00:00, run_after=2026-06-13 19:00:00+00:00
[2026-06-07T10:07:28.649+0000] {processor.py:183} INFO - Processing /opt/airflow/dags/dag_crime_pipeline.py took 0.169 seconds
[2026-06-07T10:07:59.507+0000] {processor.py:161} INFO - Started process (PID=1324) to work on /opt/airflow/dags/dag_crime_pipeline.py
[2026-06-07T10:07:59.509+0000] {processor.py:830} INFO - Processing file /opt/airflow/dags/dag_crime_pipeline.py for tasks to queue
[2026-06-07T10:07:59.513+0000] {logging_mixin.py:188} INFO - [2026-06-07T10:07:59.512+0000] {dagbag.py:538} INFO - Filling up the DagBag from /opt/airflow/dags/dag_crime_pipeline.py
[2026-06-07T10:07:59.566+0000] {processor.py:840} INFO - DAG(s) 'crime_analytics_pipeline' retrieved from /opt/airflow/dags/dag_crime_pipeline.py
[2026-06-07T10:07:59.616+0000] {logging_mixin.py:188} INFO - [2026-06-07T10:07:59.615+0000] {dag.py:3036} INFO - Sync 1 DAGs
[2026-06-07T10:07:59.648+0000] {logging_mixin.py:188} INFO - [2026-06-07T10:07:59.647+0000] {dag.py:3823} INFO - Setting next_dagrun for crime_analytics_pipeline to 2026-06-06 19:00:00+00:00, run_after=2026-06-13 19:00:00+00:00
[2026-06-07T10:07:59.679+0000] {processor.py:183} INFO - Processing /opt/airflow/dags/dag_crime_pipeline.py took 0.177 seconds
[2026-06-07T10:08:29.772+0000] {processor.py:161} INFO - Started process (PID=1329) to work on /opt/airflow/dags/dag_crime_pipeline.py
[2026-06-07T10:08:29.775+0000] {processor.py:830} INFO - Processing file /opt/airflow/dags/dag_crime_pipeline.py for tasks to queue
[2026-06-07T10:08:29.779+0000] {logging_mixin.py:188} INFO - [2026-06-07T10:08:29.779+0000] {dagbag.py:538} INFO - Filling up the DagBag from /opt/airflow/dags/dag_crime_pipeline.py
[2026-06-07T10:08:29.835+0000] {processor.py:840} INFO - DAG(s) 'crime_analytics_pipeline' retrieved from /opt/airflow/dags/dag_crime_pipeline.py
[2026-06-07T10:08:29.667+0000] {logging_mixin.py:188} INFO - [2026-06-07T10:08:29.667+0000] {dag.py:3036} INFO - Sync 1 DAGs
[2026-06-07T10:08:29.695+0000] {logging_mixin.py:188} INFO - [2026-06-07T10:08:29.695+0000] {dag.py:3823} INFO - Setting next_dagrun for crime_analytics_pipeline to 2026-06-06 19:00:00+00:00, run_after=2026-06-13 19:00:00+00:00
[2026-06-07T10:08:29.719+0000] {processor.py:183} INFO - Processing /opt/airflow/dags/dag_crime_pipeline.py took 0.165 seconds
[2026-06-07T10:08:59.830+0000] {processor.py:161} INFO - Started process (PID=1334) to work on /opt/airflow/dags/dag_crime_pipeline.py
[2026-06-07T10:08:59.831+0000] {processor.py:830} INFO - Processing file /opt/airflow/dags/dag_crime_pipeline.py for tasks to queue
[2026-06-07T10:08:59.834+0000] {logging_mixin.py:188} INFO - [2026-06-07T10:08:59.834+0000] {dagbag.py:538} INFO - Filling up the DagBag from /opt/airflow/dags/dag_crime_pipeline.py
[2026-06-07T10:08:59.881+0000] {processor.py:840} INFO - DAG(s) 'crime_analytics_pipeline' retrieved from /opt/airflow/dags/dag_crime_pipeline.py
[2026-06-07T10:08:59.919+0000] {logging_mixin.py:188} INFO - [2026-06-07T10:08:59.919+0000] {dag.py:3036} INFO - Sync 1 DAGs
[2026-06-07T10:08:59.945+0000] {logging_mixin.py:188} INFO - [2026-06-07T10:08:59.945+0000] {dag.py:3823} INFO - Setting next_dagrun for crime_analytics_pipeline to 2026-06-06 19:00:00+00:00, run_after=2026-06-13 19:00:00+00:00
[2026-06-07T10:08:59.974+0000] {processor.py:183} INFO - Processing /opt/airflow/dags/dag_crime_pipeline.py took 0.149 seconds
[2026-06-07T10:09:30.083+0000] {processor.py:161} INFO - Started process (PID=1339) to work on /opt/airflow/dags/dag_crime_pipeline.py
[2026-06-07T10:09:30.085+0000] {processor.py:830} INFO - Processing file /opt/airflow/dags/dag_crime_pipeline.py for tasks to queue
[2026-06-07T10:09:30.088+0000] {logging_mixin.py:188} INFO - [2026-06-07T10:09:30.087+0000] {dagbag.py:538} INFO - Filling up the DagBag from /opt/airflow/dags/dag_crime_pipeline.py
[2026-06-07T10:09:30.142+0000] {processor.py:840} INFO - DAG(s) 'crime_analytics_pipeline' retrieved from /opt/airflow/dags/dag_crime_pipeline.py
[2026-06-07T10:09:30.185+0000] {logging_mixin.py:188} INFO - [2026-06-07T10:09:30.184+0000] {dag.py:3036} INFO - Sync 1 DAGs
[2026-06-07T10:09:30.216+0000] {logging_mixin.py:188} INFO - [2026-06-07T10:09:30.216+0000] {dag.py:3823} INFO - Setting next_dagrun for crime_analytics_pipeline to 2026-06-06 19:00:00+00:00, run_after=2026-06-13 19:00:00+00:00
[2026-06-07T10:09:30.265+0000] {processor.py:183} INFO - Processing /opt/airflow/dags/dag_crime_pipeline.py took 0.186 seconds
[2026-06-07T10:10:00.356+0000] {processor.py:161} INFO - Started process (PID=1344) to work on /opt/airflow/dags/dag_crime_pipeline.py
[2026-06-07T10:10:00.358+0000] {processor.py:830} INFO - Processing file /opt/airflow/dags/dag_crime_pipeline.py for tasks to queue
[2026-06-07T10:10:00.361+0000] {logging_mixin.py:188} INFO - [2026-06-07T10:10:00.361+0000] {dagbag.py:538} INFO - Filling up the DagBag from /opt/airflow/dags/dag_crime_pipeline.py
[2026-06-07T10:10:00.414+0000] {processor.py:840} INFO - DAG(s) 'crime_analytics_pipeline' retrieved from /opt/airflow/dags/dag_crime_pipeline.py
[2026-06-07T10:10:00.460+0000] {logging_mixin.py:188} INFO - [2026-06-07T10:10:00.459+0000] {dag.py:3036} INFO - Sync 1 DAGs
[2026-06-07T10:10:00.492+0000] {logging_mixin.py:188} INFO - [2026-06-07T10:10:00.491+0000] {dag.py:3823} INFO - Setting next_dagrun for crime_analytics_pipeline to 2026-06-06 19:00:00+00:00, run_after=2026-06-13 19:00:00+00:00
[2026-06-07T10:10:00.520+0000] {processor.py:183} INFO - Processing /opt/airflow/dags/dag_crime_pipeline.py took 0.169 seconds
[2026-06-07T10:10:30.634+0000] {processor.py:161} INFO - Started process (PID=1349) to work on /opt/airflow/dags/dag_crime_pipeline.py
[2026-06-07T10:10:30.636+0000] {processor.py:830} INFO - Processing file /opt/airflow/dags/dag_crime_pipeline.py for tasks to queue
[2026-06-07T10:10:30.638+0000] {logging_mixin.py:188} INFO - [2026-06-07T10:10:30.638+0000] {dagbag.py:538} INFO - Filling up the DagBag from /opt/airflow/dags/dag_crime_pipeline.py
[2026-06-07T10:10:30.684+0000] {processor.py:840} INFO - DAG(s) 'crime_analytics_pipeline' retrieved from /opt/airflow/dags/dag_crime_pipeline.py
[2026-06-07T10:10:30.723+0000] {logging_mixin.py:188} INFO - [2026-06-07T10:10:30.722+0000] {dag.py:3036} INFO - Sync 1 DAGs
[2026-06-07T10:10:30.755+0000] {logging_mixin.py:188} INFO - [2026-06-07T10:10:30.755+0000] {dag.py:3823} INFO - Setting next_dagrun for crime_analytics_pipeline to 2026-06-06 19:00:00+00:00, run_after=2026-06-13 19:00:00+00:00
[2026-06-07T10:10:30.781+0000] {processor.py:183} INFO - Processing /opt/airflow/dags/dag_crime_pipeline.py took 0.151 seconds
[2026-06-07T10:11:01.681+0000] {processor.py:161} INFO - Started process (PID=1354) to work on /opt/airflow/dags/dag_crime_pipeline.py
[2026-06-07T10:11:01.683+0000] {processor.py:830} INFO - Processing file /opt/airflow/dags/dag_crime_pipeline.py for tasks to queue
[2026-06-07T10:11:01.686+0000] {logging_mixin.py:188} INFO - [2026-06-07T10:11:01.686+0000] {dagbag.py:538} INFO - Filling up the DagBag from /opt/airflow/dags/dag_crime_pipeline.py
[2026-06-07T10:11:01.734+0000] {processor.py:840} INFO - DAG(s) 'crime_analytics_pipeline' retrieved from /opt/airflow/dags/dag_crime_pipeline.py
[2026-06-07T10:11:01.776+0000] {logging_mixin.py:188} INFO - [2026-06-07T10:11:01.776+0000] {dag.py:3036} INFO - Sync 1 DAGs
[2026-06-07T10:11:01.811+0000] {logging_mixin.py:188} INFO - [2026-06-07T10:11:01.811+0000] {dag.py:3823} INFO - Setting next_dagrun for crime_analytics_pipeline to 2026-06-06 19:00:00+00:00, run_after=2026-06-13 19:00:00+00:00
[2026-06-07T10:11:01.841+0000] {processor.py:183} INFO - Processing /opt/airflow/dags/dag_crime_pipeline.py took 0.165 seconds
[2026-06-07T10:11:31.924+0000] {processor.py:161} INFO - Started process (PID=1359) to work on /opt/airflow/dags/dag_crime_pipeline.py
[2026-06-07T10:11:31.926+0000] {processor.py:830} INFO - Processing file /opt/airflow/dags/dag_crime_pipeline.py for tasks to queue
[2026-06-07T10:11:31.929+0000] {logging_mixin.py:188} INFO - [2026-06-07T10:11:31.928+0000] {dagbag.py:538} INFO - Filling up the DagBag from /opt/airflow/dags/dag_crime_pipeline.py
[2026-06-07T10:11:31.974+0000] {processor.py:840} INFO - DAG(s) 'crime_analytics_pipeline' retrieved from /opt/airflow/dags/dag_crime_pipeline.py
[2026-06-07T10:11:32.015+0000] {logging_mixin.py:188} INFO - [2026-06-07T10:11:32.014+0000] {dag.py:3036} INFO - Sync 1 DAGs
[2026-06-07T10:11:32.046+0000] {logging_mixin.py:188} INFO - [2026-06-07T10:11:32.046+0000] {dag.py:3823} INFO - Setting next_dagrun for crime_analytics_pipeline to 2026-06-06 19:00:00+00:00, run_after=2026-06-13 19:00:00+00:00
[2026-06-07T10:11:32.072+0000] {processor.py:183} INFO - Processing /opt/airflow/dags/dag_crime_pipeline.py took 0.154 seconds
[2026-06-07T10:12:03.038+0000] {processor.py:161} INFO - Started process (PID=1412) to work on /opt/airflow/dags/dag_crime_pipeline.py
[2026-06-07T10:12:03.040+0000] {processor.py:830} INFO - Processing file /opt/airflow/dags/dag_crime_pipeline.py for tasks to queue
[2026-06-07T10:12:03.043+0000] {logging_mixin.py:188} INFO - [2026-06-07T10:12:03.043+0000] {dagbag.py:538} INFO - Filling up the DagBag from /opt/airflow/dags/dag_crime_pipeline.py
[2026-06-07T10:12:03.088+0000] {processor.py:840} INFO - DAG(s) 'crime_analytics_pipeline' retrieved from /opt/airflow/dags/dag_crime_pipeline.py
[2026-06-07T10:12:03.125+0000] {logging_mixin.py:188} INFO - [2026-06-07T10:12:03.125+0000] {dag.py:3036} INFO - Sync 1 DAGs
[2026-06-07T10:12:03.200+0000] {processor.py:183} INFO - Processing /opt/airflow/dags/dag_crime_pipeline.py took 0.168 seconds
[2026-06-07T10:12:33.297+0000] {processor.py:161} INFO - Started process (PID=1417) to work on /opt/airflow/dags/dag_crime_pipeline.py
[2026-06-07T10:12:33.298+0000] {processor.py:830} INFO - Processing file /opt/airflow/dags/dag_crime_pipeline.py for tasks to queue
[2026-06-07T10:12:33.303+0000] {logging_mixin.py:188} INFO - [2026-06-07T10:12:33.302+0000] {dagbag.py:538} INFO - Filling up the DagBag from /opt/airflow/dags/dag_crime_pipeline.py
[2026-06-07T10:12:33.353+0000] {processor.py:840} INFO - DAG(s) 'crime_analytics_pipeline' retrieved from /opt/airflow/dags/dag_crime_pipeline.py
[2026-06-07T10:12:33.385+0000] {logging_mixin.py:188} INFO - [2026-06-07T10:12:33.384+0000] {dag.py:3036} INFO - Sync 1 DAGs
[2026-06-07T10:12:33.449+0000] {processor.py:183} INFO - Processing /opt/airflow/dags/dag_crime_pipeline.py took 0.157 seconds
[2026-06-07T10:13:03.554+0000] {processor.py:161} INFO - Started process (PID=1422) to work on /opt/airflow/dags/dag_crime_pipeline.py
[2026-06-07T10:13:03.558+0000] {processor.py:830} INFO - Processing file /opt/airflow/dags/dag_crime_pipeline.py for tasks to queue
[2026-06-07T10:13:03.569+0000] {logging_mixin.py:188} INFO - [2026-06-07T10:13:03.567+0000] {dagbag.py:538} INFO - Filling up the DagBag from /opt/airflow/dags/dag_crime_pipeline.py
[2026-06-07T10:13:03.663+0000] {processor.py:840} INFO - DAG(s) 'crime_analytics_pipeline' retrieved from /opt/airflow/dags/dag_crime_pipeline.py
[2026-06-07T10:13:03.765+0000] {logging_mixin.py:188} INFO - [2026-06-07T10:13:03.764+0000] {dag.py:3036} INFO - Sync 1 DAGs
[2026-06-07T10:13:03.825+0000] {processor.py:183} INFO - Processing /opt/airflow/dags/dag_crime_pipeline.py took 0.290 seconds
[2026-06-07T10:13:33.927+0000] {processor.py:161} INFO - Started process (PID=1427) to work on /opt/airflow/dags/dag_crime_pipeline.py
[2026-06-07T10:13:33.929+0000] {processor.py:830} INFO - Processing file /opt/airflow/dags/dag_crime_pipeline.py for tasks to queue
[2026-06-07T10:13:33.935+0000] {logging_mixin.py:188} INFO - [2026-06-07T10:13:33.933+0000] {dagbag.py:538} INFO - Filling up the DagBag from /opt/airflow/dags/dag_crime_pipeline.py
[2026-06-07T10:13:34.005+0000] {processor.py:840} INFO - DAG(s) 'crime_analytics_pipeline' retrieved from /opt/airflow/dags/dag_crime_pipeline.py
[2026-06-07T10:13:34.056+0000] {logging_mixin.py:188} INFO - [2026-06-07T10:13:34.055+0000] {dag.py:3036} INFO - Sync 1 DAGs
[2026-06-07T10:13:34.134+0000] {processor.py:183} INFO - Processing /opt/airflow/dags/dag_crime_pipeline.py took 0.211 seconds
[2026-06-07T10:14:04.968+0000] {processor.py:161} INFO - Started process (PID=1432) to work on /opt/airflow/dags/dag_crime_pipeline.py
[2026-06-07T10:14:04.971+0000] {processor.py:830} INFO - Processing file /opt/airflow/dags/dag_crime_pipeline.py for tasks to queue
[2026-06-07T10:14:04.975+0000] {logging_mixin.py:188} INFO - [2026-06-07T10:14:04.974+0000] {dagbag.py:538} INFO - Filling up the DagBag from /opt/airflow/dags/dag_crime_pipeline.py
[2026-06-07T10:14:05.015+0000] {processor.py:840} INFO - DAG(s) 'crime_analytics_pipeline' retrieved from /opt/airflow/dags/dag_crime_pipeline.py
[2026-06-07T10:14:05.051+0000] {logging_mixin.py:188} INFO - [2026-06-07T10:14:05.051+0000] {dag.py:3036} INFO - Sync 1 DAGs
[2026-06-07T10:14:05.120+0000] {processor.py:183} INFO - Processing /opt/airflow/dags/dag_crime_pipeline.py took 0.156 seconds
[2026-06-07T10:14:36.089+0000] {processor.py:161} INFO - Started process (PID=1437) to work on /opt/airflow/dags/dag_crime_pipeline.py
[2026-06-07T10:14:36.091+0000] {processor.py:830} INFO - Processing file /opt/airflow/dags/dag_crime_pipeline.py for tasks to queue
[2026-06-07T10:14:36.095+0000] {logging_mixin.py:188} INFO - [2026-06-07T10:14:36.094+0000] {dagbag.py:538} INFO - Filling up the DagBag from /opt/airflow/dags/dag_crime_pipeline.py
[2026-06-07T10:14:36.144+0000] {processor.py:840} INFO - DAG(s) 'crime_analytics_pipeline' retrieved from /opt/airflow/dags/dag_crime_pipeline.py
[2026-06-07T10:14:36.183+0000] {logging_mixin.py:188} INFO - [2026-06-07T10:14:36.183+0000] {dag.py:3036} INFO - Sync 1 DAGs
[2026-06-07T10:14:36.272+0000] {processor.py:183} INFO - Processing /opt/airflow/dags/dag_crime_pipeline.py took 0.189 seconds
[2026-06-07T10:15:07.196+0000] {processor.py:161} INFO - Started process (PID=1442) to work on /opt/airflow/dags/dag_crime_pipeline.py
[2026-06-07T10:15:07.198+0000] {processor.py:830} INFO - Processing file /opt/airflow/dags/dag_crime_pipeline.py for tasks to queue
[2026-06-07T10:15:07.202+0000] {logging_mixin.py:188} INFO - [2026-06-07T10:15:07.202+0000] {dagbag.py:538} INFO - Filling up the DagBag from /opt/airflow/dags/dag_crime_pipeline.py
[2026-06-07T10:15:07.258+0000] {processor.py:840} INFO - DAG(s) 'crime_analytics_pipeline' retrieved from /opt/airflow/dags/dag_crime_pipeline.py
[2026-06-07T10:15:07.310+0000] {logging_mixin.py:188} INFO - [2026-06-07T10:15:07.309+0000] {dag.py:3036} INFO - Sync 1 DAGs
[2026-06-07T10:15:07.457+0000] {processor.py:183} INFO - Processing /opt/airflow/dags/dag_crime_pipeline.py took 0.266 seconds
[2026-06-07T10:15:38.406+0000] {processor.py:161} INFO - Started process (PID=1447) to work on /opt/airflow/dags/dag_crime_pipeline.py
[2026-06-07T10:15:38.408+0000] {processor.py:830} INFO - Processing file /opt/airflow/dags/dag_crime_pipeline.py for tasks to queue
[2026-06-07T10:15:38.411+0000] {logging_mixin.py:188} INFO - [2026-06-07T10:15:38.411+0000] {dagbag.py:538} INFO - Filling up the DagBag from /opt/airflow/dags/dag_crime_pipeline.py
[2026-06-07T10:15:38.457+0000] {processor.py:840} INFO - DAG(s) 'crime_analytics_pipeline' retrieved from /opt/airflow/dags/dag_crime_pipeline.py
[2026-06-07T10:15:38.493+0000] {logging_mixin.py:188} INFO - [2026-06-07T10:15:38.493+0000] {dag.py:3036} INFO - Sync 1 DAGs
[2026-06-07T10:15:38.540+0000] {processor.py:183} INFO - Processing /opt/airflow/dags/dag_crime_pipeline.py took 0.139 seconds
[2026-06-07T10:16:08.631+0000] {processor.py:161} INFO - Started process (PID=1452) to work on /opt/airflow/dags/dag_crime_pipeline.py
[2026-06-07T10:16:08.633+0000] {processor.py:830} INFO - Processing file /opt/airflow/dags/dag_crime_pipeline.py for tasks to queue
[2026-06-07T10:16:08.636+0000] {logging_mixin.py:188} INFO - [2026-06-07T10:16:08.635+0000] {dagbag.py:538} INFO - Filling up the DagBag from /opt/airflow/dags/dag_crime_pipeline.py
[2026-06-07T10:16:08.687+0000] {processor.py:840} INFO - DAG(s) 'crime_analytics_pipeline' retrieved from /opt/airflow/dags/dag_crime_pipeline.py
[2026-06-07T10:16:08.723+0000] {logging_mixin.py:188} INFO - [2026-06-07T10:16:08.723+0000] {dag.py:3036} INFO - Sync 1 DAGs
[2026-06-07T10:16:08.799+0000] {processor.py:183} INFO - Processing /opt/airflow/dags/dag_crime_pipeline.py took 0.172 seconds
[2026-06-07T10:16:39.715+0000] {processor.py:161} INFO - Started process (PID=1457) to work on /opt/airflow/dags/dag_crime_pipeline.py
[2026-06-07T10:16:39.717+0000] {processor.py:830} INFO - Processing file /opt/airflow/dags/dag_crime_pipeline.py for tasks to queue
[2026-06-07T10:16:39.720+0000] {logging_mixin.py:188} INFO - [2026-06-07T10:16:39.719+0000] {dagbag.py:538} INFO - Filling up the DagBag from /opt/airflow/dags/dag_crime_pipeline.py
[2026-06-07T10:16:39.765+0000] {processor.py:840} INFO - DAG(s) 'crime_analytics_pipeline' retrieved from /opt/airflow/dags/dag_crime_pipeline.py
[2026-06-07T10:16:39.800+0000] {logging_mixin.py:188} INFO - [2026-06-07T10:16:39.799+0000] {dag.py:3036} INFO - Sync 1 DAGs
[2026-06-07T10:16:39.850+0000] {processor.py:183} INFO - Processing /opt/airflow/dags/dag_crime_pipeline.py took 0.140 seconds
[2026-06-07T10:17:10.909+0000] {processor.py:161} INFO - Started process (PID=1510) to work on /opt/airflow/dags/dag_crime_pipeline.py
[2026-06-07T10:17:10.911+0000] {processor.py:830} INFO - Processing file /opt/airflow/dags/dag_crime_pipeline.py for tasks to queue
[2026-06-07T10:17:10.913+0000] {logging_mixin.py:188} INFO - [2026-06-07T10:17:10.913+0000] {dagbag.py:538} INFO - Filling up the DagBag from /opt/airflow/dags/dag_crime_pipeline.py
[2026-06-07T10:17:10.958+0000] {processor.py:840} INFO - DAG(s) 'crime_analytics_pipeline' retrieved from /opt/airflow/dags/dag_crime_pipeline.py
[2026-06-07T10:17:10.999+0000] {logging_mixin.py:188} INFO - [2026-06-07T10:17:10.998+0000] {dag.py:3036} INFO - Sync 1 DAGs
[2026-06-07T10:17:11.046+0000] {processor.py:183} INFO - Processing /opt/airflow/dags/dag_crime_pipeline.py took 0.141 seconds
[2026-06-07T10:17:41.130+0000] {processor.py:161} INFO - Started process (PID=1515) to work on /opt/airflow/dags/dag_crime_pipeline.py
[2026-06-07T10:17:41.131+0000] {processor.py:830} INFO - Processing file /opt/airflow/dags/dag_crime_pipeline.py for tasks to queue
[2026-06-07T10:17:41.134+0000] {logging_mixin.py:188} INFO - [2026-06-07T10:17:41.134+0000] {dagbag.py:538} INFO - Filling up the DagBag from /opt/airflow/dags/dag_crime_pipeline.py
[2026-06-07T10:17:41.178+0000] {processor.py:840} INFO - DAG(s) 'crime_analytics_pipeline' retrieved from /opt/airflow/dags/dag_crime_pipeline.py
[2026-06-07T10:17:41.218+0000] {logging_mixin.py:188} INFO - [2026-06-07T10:17:41.217+0000] {dag.py:3036} INFO - Sync 1 DAGs
[2026-06-07T10:17:41.243+0000] {logging_mixin.py:188} INFO - [2026-06-07T10:17:41.243+0000] {dag.py:3823} INFO - Setting next_dagrun for crime_analytics_pipeline to 2026-06-06 19:00:00+00:00, run_after=2026-06-13 19:00:00+00:00
[2026-06-07T10:17:41.283+0000] {processor.py:183} INFO - Processing /opt/airflow/dags/dag_crime_pipeline.py took 0.158 seconds
[2026-06-07T10:18:12.218+0000] {processor.py:161} INFO - Started process (PID=1568) to work on /opt/airflow/dags/dag_crime_pipeline.py
[2026-06-07T10:18:12.220+0000] {processor.py:830} INFO - Processing file /opt/airflow/dags/dag_crime_pipeline.py for tasks to queue
[2026-06-07T10:18:12.225+0000] {logging_mixin.py:188} INFO - [2026-06-07T10:18:12.224+0000] {dagbag.py:538} INFO - Filling up the DagBag from /opt/airflow/dags/dag_crime_pipeline.py
[2026-06-07T10:18:12.282+0000] {processor.py:840} INFO - DAG(s) 'crime_analytics_pipeline' retrieved from /opt/airflow/dags/dag_crime_pipeline.py
[2026-06-07T10:18:12.357+0000] {logging_mixin.py:188} INFO - [2026-06-07T10:18:12.356+0000] {dag.py:3036} INFO - Sync 1 DAGs
[2026-06-07T10:18:12.414+0000] {processor.py:183} INFO - Processing /opt/airflow/dags/dag_crime_pipeline.py took 0.203 seconds
[2026-06-07T10:18:42.489+0000] {processor.py:161} INFO - Started process (PID=1573) to work on /opt/airflow/dags/dag_crime_pipeline.py
[2026-06-07T10:18:42.491+0000] {processor.py:830} INFO - Processing file /opt/airflow/dags/dag_crime_pipeline.py for tasks to queue
[2026-06-07T10:18:42.494+0000] {logging_mixin.py:188} INFO - [2026-06-07T10:18:42.494+0000] {dagbag.py:538} INFO - Filling up the DagBag from /opt/airflow/dags/dag_crime_pipeline.py
[2026-06-07T10:18:42.543+0000] {processor.py:840} INFO - DAG(s) 'crime_analytics_pipeline' retrieved from /opt/airflow/dags/dag_crime_pipeline.py
[2026-06-07T10:18:42.654+0000] {logging_mixin.py:188} INFO - [2026-06-07T10:18:42.653+0000] {dag.py:3036} INFO - Sync 1 DAGs
[2026-06-07T10:18:42.712+0000] {processor.py:183} INFO - Processing /opt/airflow/dags/dag_crime_pipeline.py took 0.228 seconds
[2026-06-07T10:19:13.554+0000] {processor.py:161} INFO - Started process (PID=1578) to work on /opt/airflow/dags/dag_crime_pipeline.py
[2026-06-07T10:19:13.558+0000] {processor.py:830} INFO - Processing file /opt/airflow/dags/dag_crime_pipeline.py for tasks to queue
[2026-06-07T10:19:13.563+0000] {logging_mixin.py:188} INFO - [2026-06-07T10:19:13.562+0000] {dagbag.py:538} INFO - Filling up the DagBag from /opt/airflow/dags/dag_crime_pipeline.py
[2026-06-07T10:19:13.610+0000] {processor.py:840} INFO - DAG(s) 'crime_analytics_pipeline' retrieved from /opt/airflow/dags/dag_crime_pipeline.py
[2026-06-07T10:19:13.641+0000] {logging_mixin.py:188} INFO - [2026-06-07T10:19:13.641+0000] {dag.py:3036} INFO - Sync 1 DAGs
[2026-06-07T10:19:13.697+0000] {processor.py:183} INFO - Processing /opt/airflow/dags/dag_crime_pipeline.py took 0.150 seconds
[2026-06-07T10:19:44.568+0000] {processor.py:161} INFO - Started process (PID=1583) to work on /opt/airflow/dags/dag_crime_pipeline.py
[2026-06-07T10:19:44.570+0000] {processor.py:830} INFO - Processing file /opt/airflow/dags/dag_crime_pipeline.py for tasks to queue
[2026-06-07T10:19:44.573+0000] {logging_mixin.py:188} INFO - [2026-06-07T10:19:44.573+0000] {dagbag.py:538} INFO - Filling up the DagBag from /opt/airflow/dags/dag_crime_pipeline.py
[2026-06-07T10:19:44.615+0000] {processor.py:840} INFO - DAG(s) 'crime_analytics_pipeline' retrieved from /opt/airflow/dags/dag_crime_pipeline.py
[2026-06-07T10:19:44.650+0000] {logging_mixin.py:188} INFO - [2026-06-07T10:19:44.650+0000] {dag.py:3036} INFO - Sync 1 DAGs
[2026-06-07T10:19:44.693+0000] {processor.py:183} INFO - Processing /opt/airflow/dags/dag_crime_pipeline.py took 0.130 seconds
[2026-06-07T10:20:14.827+0000] {processor.py:161} INFO - Started process (PID=1588) to work on /opt/airflow/dags/dag_crime_pipeline.py
[2026-06-07T10:20:14.828+0000] {processor.py:830} INFO - Processing file /opt/airflow/dags/dag_crime_pipeline.py for tasks to queue
[2026-06-07T10:20:14.831+0000] {logging_mixin.py:188} INFO - [2026-06-07T10:20:14.830+0000] {dagbag.py:538} INFO - Filling up the DagBag from /opt/airflow/dags/dag_crime_pipeline.py
[2026-06-07T10:20:14.869+0000] {processor.py:840} INFO - DAG(s) 'crime_analytics_pipeline' retrieved from /opt/airflow/dags/dag_crime_pipeline.py
[2026-06-07T10:20:14.903+0000] {logging_mixin.py:188} INFO - [2026-06-07T10:20:14.902+0000] {dag.py:3036} INFO - Sync 1 DAGs
[2026-06-07T10:20:14.949+0000] {processor.py:183} INFO - Processing /opt/airflow/dags/dag_crime_pipeline.py took 0.126 seconds
[2026-06-07T10:20:45.931+0000] {processor.py:161} INFO - Started process (PID=1593) to work on /opt/airflow/dags/dag_crime_pipeline.py
[2026-06-07T10:20:45.932+0000] {processor.py:830} INFO - Processing file /opt/airflow/dags/dag_crime_pipeline.py for tasks to queue
[2026-06-07T10:20:45.935+0000] {logging_mixin.py:188} INFO - [2026-06-07T10:20:45.935+0000] {dagbag.py:538} INFO - Filling up the DagBag from /opt/airflow/dags/dag_crime_pipeline.py
[2026-06-07T10:20:45.979+0000] {processor.py:840} INFO - DAG(s) 'crime_analytics_pipeline' retrieved from /opt/airflow/dags/dag_crime_pipeline.py
[2026-06-07T10:20:46.009+0000] {logging_mixin.py:188} INFO - [2026-06-07T10:20:46.008+0000] {dag.py:3036} INFO - Sync 1 DAGs
[2026-06-07T10:20:46.073+0000] {processor.py:183} INFO - Processing /opt/airflow/dags/dag_crime_pipeline.py took 0.147 seconds
[2026-06-07T10:21:17.102+0000] {processor.py:161} INFO - Started process (PID=1598) to work on /opt/airflow/dags/dag_crime_pipeline.py
[2026-06-07T10:21:17.103+0000] {processor.py:830} INFO - Processing file /opt/airflow/dags/dag_crime_pipeline.py for tasks to queue
[2026-06-07T10:21:17.106+0000] {logging_mixin.py:188} INFO - [2026-06-07T10:21:17.105+0000] {dagbag.py:538} INFO - Filling up the DagBag from /opt/airflow/dags/dag_crime_pipeline.py
[2026-06-07T10:21:17.143+0000] {processor.py:840} INFO - DAG(s) 'crime_analytics_pipeline' retrieved from /opt/airflow/dags/dag_crime_pipeline.py
[2026-06-07T10:21:17.172+0000] {logging_mixin.py:188} INFO - [2026-06-07T10:21:17.172+0000] {dag.py:3036} INFO - Sync 1 DAGs
[2026-06-07T10:21:17.212+0000] {processor.py:183} INFO - Processing /opt/airflow/dags/dag_crime_pipeline.py took 0.113 seconds
[2026-06-07T10:21:47.274+0000] {processor.py:161} INFO - Started process (PID=1603) to work on /opt/airflow/dags/dag_crime_pipeline.py
[2026-06-07T10:21:47.276+0000] {processor.py:830} INFO - Processing file /opt/airflow/dags/dag_crime_pipeline.py for tasks to queue
[2026-06-07T10:21:47.279+0000] {logging_mixin.py:188} INFO - [2026-06-07T10:21:47.278+0000] {dagbag.py:538} INFO - Filling up the DagBag from /opt/airflow/dags/dag_crime_pipeline.py
[2026-06-07T10:21:47.321+0000] {processor.py:840} INFO - DAG(s) 'crime_analytics_pipeline' retrieved from /opt/airflow/dags/dag_crime_pipeline.py
[2026-06-07T10:21:47.361+0000] {logging_mixin.py:188} INFO - [2026-06-07T10:21:47.360+0000] {dag.py:3036} INFO - Sync 1 DAGs
[2026-06-07T10:21:47.422+0000] {processor.py:183} INFO - Processing /opt/airflow/dags/dag_crime_pipeline.py took 0.151 seconds
[2026-06-07T10:22:18.296+0000] {processor.py:161} INFO - Started process (PID=1608) to work on /opt/airflow/dags/dag_crime_pipeline.py
[2026-06-07T10:22:18.297+0000] {processor.py:830} INFO - Processing file /opt/airflow/dags/dag_crime_pipeline.py for tasks to queue
[2026-06-07T10:22:18.300+0000] {logging_mixin.py:188} INFO - [2026-06-07T10:22:18.300+0000] {dagbag.py:538} INFO - Filling up the DagBag from /opt/airflow/dags/dag_crime_pipeline.py
[2026-06-07T10:22:18.341+0000] {processor.py:840} INFO - DAG(s) 'crime_analytics_pipeline' retrieved from /opt/airflow/dags/dag_crime_pipeline.py
[2026-06-07T10:22:18.374+0000] {logging_mixin.py:188} INFO - [2026-06-07T10:22:18.374+0000] {dag.py:3036} INFO - Sync 1 DAGs
[2026-06-07T10:22:18.418+0000] {processor.py:183} INFO - Processing /opt/airflow/dags/dag_crime_pipeline.py took 0.127 seconds
[2026-06-07T10:22:49.487+0000] {processor.py:161} INFO - Started process (PID=1660) to work on /opt/airflow/dags/dag_crime_pipeline.py
[2026-06-07T10:22:49.489+0000] {processor.py:830} INFO - Processing file /opt/airflow/dags/dag_crime_pipeline.py for tasks to queue
[2026-06-07T10:22:49.493+0000] {logging_mixin.py:188} INFO - [2026-06-07T10:22:49.493+0000] {dagbag.py:538} INFO - Filling up the DagBag from /opt/airflow/dags/dag_crime_pipeline.py
[2026-06-07T10:22:49.545+0000] {processor.py:840} INFO - DAG(s) 'crime_analytics_pipeline' retrieved from /opt/airflow/dags/dag_crime_pipeline.py
[2026-06-07T10:22:49.580+0000] {logging_mixin.py:188} INFO - [2026-06-07T10:22:49.579+0000] {dag.py:3036} INFO - Sync 1 DAGs
[2026-06-07T10:22:49.677+0000] {processor.py:183} INFO - Processing /opt/airflow/dags/dag_crime_pipeline.py took 0.196 seconds
[2026-06-07T10:23:19.803+0000] {processor.py:161} INFO - Started process (PID=1666) to work on /opt/airflow/dags/dag_crime_pipeline.py
[2026-06-07T10:23:19.805+0000] {processor.py:830} INFO - Processing file /opt/airflow/dags/dag_crime_pipeline.py for tasks to queue
[2026-06-07T10:23:19.809+0000] {logging_mixin.py:188} INFO - [2026-06-07T10:23:19.808+0000] {dagbag.py:538} INFO - Filling up the DagBag from /opt/airflow/dags/dag_crime_pipeline.py
[2026-06-07T10:23:19.861+0000] {processor.py:840} INFO - DAG(s) 'crime_analytics_pipeline' retrieved from /opt/airflow/dags/dag_crime_pipeline.py
[2026-06-07T10:23:19.888+0000] {logging_mixin.py:188} INFO - [2026-06-07T10:23:19.887+0000] {dag.py:3036} INFO - Sync 1 DAGs
[2026-06-07T10:23:19.970+0000] {processor.py:183} INFO - Processing /opt/airflow/dags/dag_crime_pipeline.py took 0.173 seconds
[2026-06-07T10:23:50.957+0000] {processor.py:161} INFO - Started process (PID=1671) to work on /opt/airflow/dags/dag_crime_pipeline.py
[2026-06-07T10:23:50.959+0000] {processor.py:830} INFO - Processing file /opt/airflow/dags/dag_crime_pipeline.py for tasks to queue
[2026-06-07T10:23:50.962+0000] {logging_mixin.py:188} INFO - [2026-06-07T10:23:50.962+0000] {dagbag.py:538} INFO - Filling up the DagBag from /opt/airflow/dags/dag_crime_pipeline.py
[2026-06-07T10:23:51.008+0000] {processor.py:840} INFO - DAG(s) 'crime_analytics_pipeline' retrieved from /opt/airflow/dags/dag_crime_pipeline.py
[2026-06-07T10:23:51.206+0000] {logging_mixin.py:188} INFO - [2026-06-07T10:23:51.205+0000] {dag.py:3036} INFO - Sync 1 DAGs
[2026-06-07T10:23:51.250+0000] {processor.py:183} INFO - Processing /opt/airflow/dags/dag_crime_pipeline.py took 0.298 seconds
[2026-06-07T10:24:22.137+0000] {processor.py:161} INFO - Started process (PID=1676) to work on /opt/airflow/dags/dag_crime_pipeline.py
[2026-06-07T10:24:22.139+0000] {processor.py:830} INFO - Processing file /opt/airflow/dags/dag_crime_pipeline.py for tasks to queue
[2026-06-07T10:24:22.142+0000] {logging_mixin.py:188} INFO - [2026-06-07T10:24:22.141+0000] {dagbag.py:538} INFO - Filling up the DagBag from /opt/airflow/dags/dag_crime_pipeline.py
[2026-06-07T10:24:22.183+0000] {processor.py:840} INFO - DAG(s) 'crime_analytics_pipeline' retrieved from /opt/airflow/dags/dag_crime_pipeline.py
[2026-06-07T10:24:22.224+0000] {logging_mixin.py:188} INFO - [2026-06-07T10:24:22.223+0000] {dag.py:3036} INFO - Sync 1 DAGs
[2026-06-07T10:24:22.270+0000] {processor.py:183} INFO - Processing /opt/airflow/dags/dag_crime_pipeline.py took 0.138 seconds
[2026-06-07T10:24:52.461+0000] {processor.py:161} INFO - Started process (PID=1681) to work on /opt/airflow/dags/dag_crime_pipeline.py
[2026-06-07T10:24:52.463+0000] {processor.py:830} INFO - Processing file /opt/airflow/dags/dag_crime_pipeline.py for tasks to queue
[2026-06-07T10:24:52.466+0000] {logging_mixin.py:188} INFO - [2026-06-07T10:24:52.466+0000] {dagbag.py:538} INFO - Filling up the DagBag from /opt/airflow/dags/dag_crime_pipeline.py
[2026-06-07T10:24:52.507+0000] {processor.py:840} INFO - DAG(s) 'crime_analytics_pipeline' retrieved from /opt/airflow/dags/dag_crime_pipeline.py
[2026-06-07T10:24:52.541+0000] {logging_mixin.py:188} INFO - [2026-06-07T10:24:52.540+0000] {dag.py:3036} INFO - Sync 1 DAGs
[2026-06-07T10:24:52.610+0000] {processor.py:183} INFO - Processing /opt/airflow/dags/dag_crime_pipeline.py took 0.153 seconds
[2026-06-07T10:25:22.760+0000] {processor.py:161} INFO - Started process (PID=1686) to work on /opt/airflow/dags/dag_crime_pipeline.py
[2026-06-07T10:25:22.762+0000] {processor.py:830} INFO - Processing file /opt/airflow/dags/dag_crime_pipeline.py for tasks to queue
[2026-06-07T10:25:22.766+0000] {logging_mixin.py:188} INFO - [2026-06-07T10:25:22.765+0000] {dagbag.py:538} INFO - Filling up the DagBag from /opt/airflow/dags/dag_crime_pipeline.py
[2026-06-07T10:25:22.805+0000] {processor.py:840} INFO - DAG(s) 'crime_analytics_pipeline' retrieved from /opt/airflow/dags/dag_crime_pipeline.py
[2026-06-07T10:25:22.837+0000] {logging_mixin.py:188} INFO - [2026-06-07T10:25:22.837+0000] {dag.py:3036} INFO - Sync 1 DAGs
[2026-06-07T10:25:22.900+0000] {processor.py:183} INFO - Processing /opt/airflow/dags/dag_crime_pipeline.py took 0.145 seconds
[2026-06-07T10:25:53.635+0000] {processor.py:161} INFO - Started process (PID=1691) to work on /opt/airflow/dags/dag_crime_pipeline.py
[2026-06-07T10:25:53.637+0000] {processor.py:830} INFO - Processing file /opt/airflow/dags/dag_crime_pipeline.py for tasks to queue
[2026-06-07T10:25:53.640+0000] {logging_mixin.py:188} INFO - [2026-06-07T10:25:53.640+0000] {dagbag.py:538} INFO - Filling up the DagBag from /opt/airflow/dags/dag_crime_pipeline.py
[2026-06-07T10:25:53.675+0000] {processor.py:840} INFO - DAG(s) 'crime_analytics_pipeline' retrieved from /opt/airflow/dags/dag_crime_pipeline.py
[2026-06-07T10:25:53.708+0000] {logging_mixin.py:188} INFO - [2026-06-07T10:25:53.707+0000] {dag.py:3036} INFO - Sync 1 DAGs
[2026-06-07T10:25:53.752+0000] {processor.py:183} INFO - Processing /opt/airflow/dags/dag_crime_pipeline.py took 0.122 seconds
[2026-06-07T10:26:23.842+0000] {processor.py:161} INFO - Started process (PID=1696) to work on /opt/airflow/dags/dag_crime_pipeline.py
[2026-06-07T10:26:23.843+0000] {processor.py:830} INFO - Processing file /opt/airflow/dags/dag_crime_pipeline.py for tasks to queue
[2026-06-07T10:26:23.846+0000] {logging_mixin.py:188} INFO - [2026-06-07T10:26:23.846+0000] {dagbag.py:538} INFO - Filling up the DagBag from /opt/airflow/dags/dag_crime_pipeline.py
[2026-06-07T10:26:23.888+0000] {processor.py:840} INFO - DAG(s) 'crime_analytics_pipeline' retrieved from /opt/airflow/dags/dag_crime_pipeline.py
[2026-06-07T10:26:23.925+0000] {logging_mixin.py:188} INFO - [2026-06-07T10:26:23.925+0000] {dag.py:3036} INFO - Sync 1 DAGs
[2026-06-07T10:26:23.978+0000] {processor.py:183} INFO - Processing /opt/airflow/dags/dag_crime_pipeline.py took 0.139 seconds
[2026-06-07T10:26:54.105+0000] {processor.py:161} INFO - Started process (PID=1701) to work on /opt/airflow/dags/dag_crime_pipeline.py
[2026-06-07T10:26:54.107+0000] {processor.py:830} INFO - Processing file /opt/airflow/dags/dag_crime_pipeline.py for tasks to queue
[2026-06-07T10:26:54.110+0000] {logging_mixin.py:188} INFO - [2026-06-07T10:26:54.110+0000] {dagbag.py:538} INFO - Filling up the DagBag from /opt/airflow/dags/dag_crime_pipeline.py
[2026-06-07T10:26:54.149+0000] {processor.py:840} INFO - DAG(s) 'crime_analytics_pipeline' retrieved from /opt/airflow/dags/dag_crime_pipeline.py
[2026-06-07T10:26:54.186+0000] {logging_mixin.py:188} INFO - [2026-06-07T10:26:54.185+0000] {dag.py:3036} INFO - Sync 1 DAGs
[2026-06-07T10:26:54.257+0000] {processor.py:183} INFO - Processing /opt/airflow/dags/dag_crime_pipeline.py took 0.155 seconds
[2026-06-07T10:27:24.338+0000] {processor.py:161} INFO - Started process (PID=1706) to work on /opt/airflow/dags/dag_crime_pipeline.py
[2026-06-07T10:27:24.340+0000] {processor.py:830} INFO - Processing file /opt/airflow/dags/dag_crime_pipeline.py for tasks to queue
[2026-06-07T10:27:24.343+0000] {logging_mixin.py:188} INFO - [2026-06-07T10:27:24.343+0000] {dagbag.py:538} INFO - Filling up the DagBag from /opt/airflow/dags/dag_crime_pipeline.py
[2026-06-07T10:27:24.379+0000] {processor.py:840} INFO - DAG(s) 'crime_analytics_pipeline' retrieved from /opt/airflow/dags/dag_crime_pipeline.py
[2026-06-07T10:27:24.411+0000] {logging_mixin.py:188} INFO - [2026-06-07T10:27:24.411+0000] {dag.py:3036} INFO - Sync 1 DAGs
[2026-06-07T10:27:24.452+0000] {processor.py:183} INFO - Processing /opt/airflow/dags/dag_crime_pipeline.py took 0.117 seconds
[2026-06-07T10:30:00.148+0000] {processor.py:161} INFO - Started process (PID=205) to work on /opt/airflow/dags/dag_crime_pipeline.py
[2026-06-07T10:30:00.149+0000] {processor.py:830} INFO - Processing file /opt/airflow/dags/dag_crime_pipeline.py for tasks to queue
[2026-06-07T10:30:00.151+0000] {logging_mixin.py:188} INFO - [2026-06-07T10:30:00.151+0000] {dagbag.py:538} INFO - Filling up the DagBag from /opt/airflow/dags/dag_crime_pipeline.py
[2026-06-07T10:30:00.193+0000] {processor.py:840} INFO - DAG(s) 'crime_analytics_pipeline' retrieved from /opt/airflow/dags/dag_crime_pipeline.py
[2026-06-07T10:30:00.215+0000] {logging_mixin.py:188} INFO - [2026-06-07T10:30:00.215+0000] {dag.py:3036} INFO - Sync 1 DAGs
[2026-06-07T10:30:00.274+0000] {processor.py:183} INFO - Processing /opt/airflow/dags/dag_crime_pipeline.py took 0.130 seconds
[2026-06-07T10:30:31.259+0000] {processor.py:161} INFO - Started process (PID=257) to work on /opt/airflow/dags/dag_crime_pipeline.py
[2026-06-07T10:30:31.262+0000] {processor.py:830} INFO - Processing file /opt/airflow/dags/dag_crime_pipeline.py for tasks to queue
[2026-06-07T10:30:31.268+0000] {logging_mixin.py:188} INFO - [2026-06-07T10:30:31.267+0000] {dagbag.py:538} INFO - Filling up the DagBag from /opt/airflow/dags/dag_crime_pipeline.py
[2026-06-07T10:30:31.331+0000] {processor.py:840} INFO - DAG(s) 'crime_analytics_pipeline' retrieved from /opt/airflow/dags/dag_crime_pipeline.py
[2026-06-07T10:30:31.843+0000] {logging_mixin.py:188} INFO - [2026-06-07T10:30:31.842+0000] {dag.py:3036} INFO - Sync 1 DAGs
[2026-06-07T10:30:31.904+0000] {processor.py:183} INFO - Processing /opt/airflow/dags/dag_crime_pipeline.py took 0.659 seconds
[2026-06-07T10:31:02.003+0000] {processor.py:161} INFO - Started process (PID=310) to work on /opt/airflow/dags/dag_crime_pipeline.py
[2026-06-07T10:31:02.005+0000] {processor.py:830} INFO - Processing file /opt/airflow/dags/dag_crime_pipeline.py for tasks to queue
[2026-06-07T10:31:02.010+0000] {logging_mixin.py:188} INFO - [2026-06-07T10:31:02.009+0000] {dagbag.py:538} INFO - Filling up the DagBag from /opt/airflow/dags/dag_crime_pipeline.py
[2026-06-07T10:31:02.375+0000] {processor.py:840} INFO - DAG(s) 'crime_analytics_pipeline' retrieved from /opt/airflow/dags/dag_crime_pipeline.py
[2026-06-07T10:31:02.394+0000] {logging_mixin.py:188} INFO - [2026-06-07T10:31:02.393+0000] {dag.py:3036} INFO - Sync 1 DAGs
[2026-06-07T10:31:02.459+0000] {processor.py:183} INFO - Processing /opt/airflow/dags/dag_crime_pipeline.py took 0.463 seconds
[2026-06-07T10:31:32.766+0000] {processor.py:161} INFO - Started process (PID=315) to work on /opt/airflow/dags/dag_crime_pipeline.py
[2026-06-07T10:31:32.768+0000] {processor.py:830} INFO - Processing file /opt/airflow/dags/dag_crime_pipeline.py for tasks to queue
[2026-06-07T10:31:32.771+0000] {logging_mixin.py:188} INFO - [2026-06-07T10:31:32.770+0000] {dagbag.py:538} INFO - Filling up the DagBag from /opt/airflow/dags/dag_crime_pipeline.py
[2026-06-07T10:31:32.818+0000] {processor.py:840} INFO - DAG(s) 'crime_analytics_pipeline' retrieved from /opt/airflow/dags/dag_crime_pipeline.py
[2026-06-07T10:31:32.953+0000] {logging_mixin.py:188} INFO - [2026-06-07T10:31:32.952+0000] {dag.py:3036} INFO - Sync 1 DAGs
[2026-06-07T10:31:33.020+0000] {processor.py:183} INFO - Processing /opt/airflow/dags/dag_crime_pipeline.py took 0.258 seconds
[2026-06-07T10:32:03.130+0000] {processor.py:161} INFO - Started process (PID=320) to work on /opt/airflow/dags/dag_crime_pipeline.py
[2026-06-07T10:32:03.132+0000] {processor.py:830} INFO - Processing file /opt/airflow/dags/dag_crime_pipeline.py for tasks to queue
[2026-06-07T10:32:03.136+0000] {logging_mixin.py:188} INFO - [2026-06-07T10:32:03.135+0000] {dagbag.py:538} INFO - Filling up the DagBag from /opt/airflow/dags/dag_crime_pipeline.py
[2026-06-07T10:32:03.180+0000] {processor.py:840} INFO - DAG(s) 'crime_analytics_pipeline' retrieved from /opt/airflow/dags/dag_crime_pipeline.py
[2026-06-07T10:32:03.224+0000] {logging_mixin.py:188} INFO - [2026-06-07T10:32:03.223+0000] {dag.py:3036} INFO - Sync 1 DAGs
[2026-06-07T10:32:03.278+0000] {processor.py:183} INFO - Processing /opt/airflow/dags/dag_crime_pipeline.py took 0.153 seconds
[2026-06-07T10:32:33.374+0000] {processor.py:161} INFO - Started process (PID=325) to work on /opt/airflow/dags/dag_crime_pipeline.py
[2026-06-07T10:32:33.376+0000] {processor.py:830} INFO - Processing file /opt/airflow/dags/dag_crime_pipeline.py for tasks to queue
[2026-06-07T10:32:33.379+0000] {logging_mixin.py:188} INFO - [2026-06-07T10:32:33.379+0000] {dagbag.py:538} INFO - Filling up the DagBag from /opt/airflow/dags/dag_crime_pipeline.py
[2026-06-07T10:32:33.425+0000] {processor.py:840} INFO - DAG(s) 'crime_analytics_pipeline' retrieved from /opt/airflow/dags/dag_crime_pipeline.py
[2026-06-07T10:32:33.467+0000] {logging_mixin.py:188} INFO - [2026-06-07T10:32:33.465+0000] {dag.py:3036} INFO - Sync 1 DAGs
[2026-06-07T10:32:33.546+0000] {processor.py:183} INFO - Processing /opt/airflow/dags/dag_crime_pipeline.py took 0.177 seconds
[2026-06-07T10:33:03.636+0000] {processor.py:161} INFO - Started process (PID=330) to work on /opt/airflow/dags/dag_crime_pipeline.py
[2026-06-07T10:33:03.638+0000] {processor.py:830} INFO - Processing file /opt/airflow/dags/dag_crime_pipeline.py for tasks to queue
[2026-06-07T10:33:03.641+0000] {logging_mixin.py:188} INFO - [2026-06-07T10:33:03.641+0000] {dagbag.py:538} INFO - Filling up the DagBag from /opt/airflow/dags/dag_crime_pipeline.py
[2026-06-07T10:33:03.688+0000] {processor.py:840} INFO - DAG(s) 'crime_analytics_pipeline' retrieved from /opt/airflow/dags/dag_crime_pipeline.py
[2026-06-07T10:33:03.727+0000] {logging_mixin.py:188} INFO - [2026-06-07T10:33:03.726+0000] {dag.py:3036} INFO - Sync 1 DAGs
[2026-06-07T10:33:03.782+0000] {processor.py:183} INFO - Processing /opt/airflow/dags/dag_crime_pipeline.py took 0.153 seconds
[2026-06-07T10:33:33.878+0000] {processor.py:161} INFO - Started process (PID=335) to work on /opt/airflow/dags/dag_crime_pipeline.py
[2026-06-07T10:33:33.880+0000] {processor.py:830} INFO - Processing file /opt/airflow/dags/dag_crime_pipeline.py for tasks to queue
[2026-06-07T10:33:33.883+0000] {logging_mixin.py:188} INFO - [2026-06-07T10:33:33.883+0000] {dagbag.py:538} INFO - Filling up the DagBag from /opt/airflow/dags/dag_crime_pipeline.py
[2026-06-07T10:33:33.929+0000] {processor.py:840} INFO - DAG(s) 'crime_analytics_pipeline' retrieved from /opt/airflow/dags/dag_crime_pipeline.py
[2026-06-07T10:33:33.969+0000] {logging_mixin.py:188} INFO - [2026-06-07T10:33:33.969+0000] {dag.py:3036} INFO - Sync 1 DAGs
[2026-06-07T10:33:34.043+0000] {processor.py:183} INFO - Processing /opt/airflow/dags/dag_crime_pipeline.py took 0.171 seconds
[2026-06-07T10:34:04.127+0000] {processor.py:161} INFO - Started process (PID=340) to work on /opt/airflow/dags/dag_crime_pipeline.py
[2026-06-07T10:34:04.128+0000] {processor.py:830} INFO - Processing file /opt/airflow/dags/dag_crime_pipeline.py for tasks to queue
[2026-06-07T10:34:04.131+0000] {logging_mixin.py:188} INFO - [2026-06-07T10:34:04.130+0000] {dagbag.py:538} INFO - Filling up the DagBag from /opt/airflow/dags/dag_crime_pipeline.py
[2026-06-07T10:34:04.170+0000] {processor.py:840} INFO - DAG(s) 'crime_analytics_pipeline' retrieved from /opt/airflow/dags/dag_crime_pipeline.py
[2026-06-07T10:34:04.201+0000] {logging_mixin.py:188} INFO - [2026-06-07T10:34:04.201+0000] {dag.py:3036} INFO - Sync 1 DAGs
[2026-06-07T10:34:04.259+0000] {processor.py:183} INFO - Processing /opt/airflow/dags/dag_crime_pipeline.py took 0.136 seconds
[2026-06-07T10:34:34.342+0000] {processor.py:161} INFO - Started process (PID=345) to work on /opt/airflow/dags/dag_crime_pipeline.py
[2026-06-07T10:34:34.344+0000] {processor.py:830} INFO - Processing file /opt/airflow/dags/dag_crime_pipeline.py for tasks to queue
[2026-06-07T10:34:34.348+0000] {logging_mixin.py:188} INFO - [2026-06-07T10:34:34.347+0000] {dagbag.py:538} INFO - Filling up the DagBag from /opt/airflow/dags/dag_crime_pipeline.py
[2026-06-07T10:34:34.391+0000] {processor.py:840} INFO - DAG(s) 'crime_analytics_pipeline' retrieved from /opt/airflow/dags/dag_crime_pipeline.py
[2026-06-07T10:34:34.433+0000] {logging_mixin.py:188} INFO - [2026-06-07T10:34:34.432+0000] {dag.py:3036} INFO - Sync 1 DAGs
[2026-06-07T10:34:34.505+0000] {processor.py:183} INFO - Processing /opt/airflow/dags/dag_crime_pipeline.py took 0.168 seconds
[2026-06-07T10:36:49.237+0000] {processor.py:161} INFO - Started process (PID=206) to work on /opt/airflow/dags/dag_crime_pipeline.py
[2026-06-07T10:36:49.239+0000] {processor.py:830} INFO - Processing file /opt/airflow/dags/dag_crime_pipeline.py for tasks to queue
[2026-06-07T10:36:49.243+0000] {logging_mixin.py:188} INFO - [2026-06-07T10:36:49.241+0000] {dagbag.py:538} INFO - Filling up the DagBag from /opt/airflow/dags/dag_crime_pipeline.py
[2026-06-07T10:36:49.282+0000] {processor.py:840} INFO - DAG(s) 'crime_analytics_pipeline' retrieved from /opt/airflow/dags/dag_crime_pipeline.py
[2026-06-07T10:36:49.305+0000] {logging_mixin.py:188} INFO - [2026-06-07T10:36:49.304+0000] {dag.py:3036} INFO - Sync 1 DAGs
[2026-06-07T10:36:49.366+0000] {processor.py:183} INFO - Processing /opt/airflow/dags/dag_crime_pipeline.py took 0.133 seconds
[2026-06-07T10:37:19.469+0000] {processor.py:161} INFO - Started process (PID=258) to work on /opt/airflow/dags/dag_crime_pipeline.py
[2026-06-07T10:37:19.470+0000] {processor.py:830} INFO - Processing file /opt/airflow/dags/dag_crime_pipeline.py for tasks to queue
[2026-06-07T10:37:19.474+0000] {logging_mixin.py:188} INFO - [2026-06-07T10:37:19.473+0000] {dagbag.py:538} INFO - Filling up the DagBag from /opt/airflow/dags/dag_crime_pipeline.py
[2026-06-07T10:37:19.519+0000] {processor.py:840} INFO - DAG(s) 'crime_analytics_pipeline' retrieved from /opt/airflow/dags/dag_crime_pipeline.py
[2026-06-07T10:37:19.811+0000] {logging_mixin.py:188} INFO - [2026-06-07T10:37:19.811+0000] {dag.py:3036} INFO - Sync 1 DAGs
[2026-06-07T10:37:19.867+0000] {processor.py:183} INFO - Processing /opt/airflow/dags/dag_crime_pipeline.py took 0.570 seconds
[2026-06-07T10:37:50.098+0000] {processor.py:161} INFO - Started process (PID=263) to work on /opt/airflow/dags/dag_crime_pipeline.py
[2026-06-07T10:37:50.100+0000] {processor.py:830} INFO - Processing file /opt/airflow/dags/dag_crime_pipeline.py for tasks to queue
[2026-06-07T10:37:50.104+0000] {logging_mixin.py:188} INFO - [2026-06-07T10:37:50.104+0000] {dagbag.py:538} INFO - Filling up the DagBag from /opt/airflow/dags/dag_crime_pipeline.py
[2026-06-07T10:37:50.488+0000] {processor.py:840} INFO - DAG(s) 'crime_analytics_pipeline' retrieved from /opt/airflow/dags/dag_crime_pipeline.py
[2026-06-07T10:37:50.526+0000] {logging_mixin.py:188} INFO - [2026-06-07T10:37:50.525+0000] {dag.py:3036} INFO - Sync 1 DAGs
[2026-06-07T10:37:50.548+0000] {logging_mixin.py:188} INFO - [2026-06-07T10:37:50.548+0000] {dag.py:3823} INFO - Setting next_dagrun for crime_analytics_pipeline to 2026-06-06 19:00:00+00:00, run_after=2026-06-13 19:00:00+00:00
[2026-06-07T10:37:50.593+0000] {processor.py:183} INFO - Processing /opt/airflow/dags/dag_crime_pipeline.py took 0.501 seconds
[2026-06-07T10:38:20.952+0000] {processor.py:161} INFO - Started process (PID=316) to work on /opt/airflow/dags/dag_crime_pipeline.py
[2026-06-07T10:38:20.954+0000] {processor.py:830} INFO - Processing file /opt/airflow/dags/dag_crime_pipeline.py for tasks to queue
[2026-06-07T10:38:20.957+0000] {logging_mixin.py:188} INFO - [2026-06-07T10:38:20.956+0000] {dagbag.py:538} INFO - Filling up the DagBag from /opt/airflow/dags/dag_crime_pipeline.py
[2026-06-07T10:38:21.000+0000] {processor.py:840} INFO - DAG(s) 'crime_analytics_pipeline' retrieved from /opt/airflow/dags/dag_crime_pipeline.py
[2026-06-07T10:38:21.039+0000] {logging_mixin.py:188} INFO - [2026-06-07T10:38:21.038+0000] {dag.py:3036} INFO - Sync 1 DAGs
[2026-06-07T10:38:21.139+0000] {processor.py:183} INFO - Processing /opt/airflow/dags/dag_crime_pipeline.py took 0.192 seconds
[2026-06-07T10:38:51.276+0000] {processor.py:161} INFO - Started process (PID=369) to work on /opt/airflow/dags/dag_crime_pipeline.py
[2026-06-07T10:38:51.292+0000] {processor.py:830} INFO - Processing file /opt/airflow/dags/dag_crime_pipeline.py for tasks to queue
[2026-06-07T10:38:51.300+0000] {logging_mixin.py:188} INFO - [2026-06-07T10:38:51.299+0000] {dagbag.py:538} INFO - Filling up the DagBag from /opt/airflow/dags/dag_crime_pipeline.py
[2026-06-07T10:38:51.376+0000] {processor.py:840} INFO - DAG(s) 'crime_analytics_pipeline' retrieved from /opt/airflow/dags/dag_crime_pipeline.py
[2026-06-07T10:38:51.418+0000] {logging_mixin.py:188} INFO - [2026-06-07T10:38:51.417+0000] {dag.py:3036} INFO - Sync 1 DAGs
[2026-06-07T10:38:51.481+0000] {processor.py:183} INFO - Processing /opt/airflow/dags/dag_crime_pipeline.py took 0.214 seconds
[2026-06-07T10:39:21.589+0000] {processor.py:161} INFO - Started process (PID=374) to work on /opt/airflow/dags/dag_crime_pipeline.py
[2026-06-07T10:39:21.590+0000] {processor.py:830} INFO - Processing file /opt/airflow/dags/dag_crime_pipeline.py for tasks to queue
[2026-06-07T10:39:21.595+0000] {logging_mixin.py:188} INFO - [2026-06-07T10:39:21.593+0000] {dagbag.py:538} INFO - Filling up the DagBag from /opt/airflow/dags/dag_crime_pipeline.py
[2026-06-07T10:39:21.649+0000] {processor.py:840} INFO - DAG(s) 'crime_analytics_pipeline' retrieved from /opt/airflow/dags/dag_crime_pipeline.py
[2026-06-07T10:39:21.673+0000] {logging_mixin.py:188} INFO - [2026-06-07T10:39:21.672+0000] {dag.py:3036} INFO - Sync 1 DAGs
[2026-06-07T10:39:21.733+0000] {processor.py:183} INFO - Processing /opt/airflow/dags/dag_crime_pipeline.py took 0.150 seconds
[2026-06-07T10:39:51.811+0000] {processor.py:161} INFO - Started process (PID=379) to work on /opt/airflow/dags/dag_crime_pipeline.py
[2026-06-07T10:39:51.813+0000] {processor.py:830} INFO - Processing file /opt/airflow/dags/dag_crime_pipeline.py for tasks to queue
[2026-06-07T10:39:51.816+0000] {logging_mixin.py:188} INFO - [2026-06-07T10:39:51.816+0000] {dagbag.py:538} INFO - Filling up the DagBag from /opt/airflow/dags/dag_crime_pipeline.py
[2026-06-07T10:39:51.857+0000] {processor.py:840} INFO - DAG(s) 'crime_analytics_pipeline' retrieved from /opt/airflow/dags/dag_crime_pipeline.py
[2026-06-07T10:39:52.000+0000] {logging_mixin.py:188} INFO - [2026-06-07T10:39:51.999+0000] {dag.py:3036} INFO - Sync 1 DAGs
[2026-06-07T10:39:52.069+0000] {processor.py:183} INFO - Processing /opt/airflow/dags/dag_crime_pipeline.py took 0.263 seconds
[2026-06-07T10:40:22.247+0000] {processor.py:161} INFO - Started process (PID=432) to work on /opt/airflow/dags/dag_crime_pipeline.py
[2026-06-07T10:40:22.249+0000] {processor.py:830} INFO - Processing file /opt/airflow/dags/dag_crime_pipeline.py for tasks to queue
[2026-06-07T10:40:22.256+0000] {logging_mixin.py:188} INFO - [2026-06-07T10:40:22.255+0000] {dagbag.py:538} INFO - Filling up the DagBag from /opt/airflow/dags/dag_crime_pipeline.py
[2026-06-07T10:40:22.322+0000] {processor.py:840} INFO - DAG(s) 'crime_analytics_pipeline' retrieved from /opt/airflow/dags/dag_crime_pipeline.py
[2026-06-07T10:40:22.376+0000] {logging_mixin.py:188} INFO - [2026-06-07T10:40:22.375+0000] {dag.py:3036} INFO - Sync 1 DAGs
[2026-06-07T10:40:22.438+0000] {processor.py:183} INFO - Processing /opt/airflow/dags/dag_crime_pipeline.py took 0.207 seconds
[2026-06-07T10:40:52.532+0000] {processor.py:161} INFO - Started process (PID=437) to work on /opt/airflow/dags/dag_crime_pipeline.py
[2026-06-07T10:40:52.535+0000] {processor.py:830} INFO - Processing file /opt/airflow/dags/dag_crime_pipeline.py for tasks to queue
[2026-06-07T10:40:52.539+0000] {logging_mixin.py:188} INFO - [2026-06-07T10:40:52.538+0000] {dagbag.py:538} INFO - Filling up the DagBag from /opt/airflow/dags/dag_crime_pipeline.py
[2026-06-07T10:40:52.584+0000] {processor.py:840} INFO - DAG(s) 'crime_analytics_pipeline' retrieved from /opt/airflow/dags/dag_crime_pipeline.py
[2026-06-07T10:40:52.622+0000] {logging_mixin.py:188} INFO - [2026-06-07T10:40:52.622+0000] {dag.py:3036} INFO - Sync 1 DAGs
[2026-06-07T10:40:52.666+0000] {processor.py:183} INFO - Processing /opt/airflow/dags/dag_crime_pipeline.py took 0.141 seconds
[2026-06-07T10:41:22.853+0000] {processor.py:161} INFO - Started process (PID=442) to work on /opt/airflow/dags/dag_crime_pipeline.py
[2026-06-07T10:41:22.854+0000] {processor.py:830} INFO - Processing file /opt/airflow/dags/dag_crime_pipeline.py for tasks to queue
[2026-06-07T10:41:22.857+0000] {logging_mixin.py:188} INFO - [2026-06-07T10:41:22.857+0000] {dagbag.py:538} INFO - Filling up the DagBag from /opt/airflow/dags/dag_crime_pipeline.py
[2026-06-07T10:41:22.898+0000] {processor.py:840} INFO - DAG(s) 'crime_analytics_pipeline' retrieved from /opt/airflow/dags/dag_crime_pipeline.py
[2026-06-07T10:41:22.916+0000] {logging_mixin.py:188} INFO - [2026-06-07T10:41:22.915+0000] {dag.py:3036} INFO - Sync 1 DAGs
[2026-06-07T10:41:22.954+0000] {processor.py:183} INFO - Processing /opt/airflow/dags/dag_crime_pipeline.py took 0.106 seconds
[2026-06-07T10:41:53.053+0000] {processor.py:161} INFO - Started process (PID=447) to work on /opt/airflow/dags/dag_crime_pipeline.py
[2026-06-07T10:41:53.055+0000] {processor.py:830} INFO - Processing file /opt/airflow/dags/dag_crime_pipeline.py for tasks to queue
[2026-06-07T10:41:53.057+0000] {logging_mixin.py:188} INFO - [2026-06-07T10:41:53.057+0000] {dagbag.py:538} INFO - Filling up the DagBag from /opt/airflow/dags/dag_crime_pipeline.py
[2026-06-07T10:41:53.096+0000] {processor.py:840} INFO - DAG(s) 'crime_analytics_pipeline' retrieved from /opt/airflow/dags/dag_crime_pipeline.py
[2026-06-07T10:41:53.224+0000] {logging_mixin.py:188} INFO - [2026-06-07T10:41:53.223+0000] {dag.py:3036} INFO - Sync 1 DAGs
[2026-06-07T10:41:53.285+0000] {processor.py:183} INFO - Processing /opt/airflow/dags/dag_crime_pipeline.py took 0.235 seconds
[2026-06-07T10:42:23.350+0000] {processor.py:161} INFO - Started process (PID=460) to work on /opt/airflow/dags/dag_crime_pipeline.py
[2026-06-07T10:42:23.351+0000] {processor.py:830} INFO - Processing file /opt/airflow/dags/dag_crime_pipeline.py for tasks to queue
[2026-06-07T10:42:23.354+0000] {logging_mixin.py:188} INFO - [2026-06-07T10:42:23.354+0000] {dagbag.py:538} INFO - Filling up the DagBag from /opt/airflow/dags/dag_crime_pipeline.py
[2026-06-07T10:42:23.396+0000] {processor.py:840} INFO - DAG(s) 'crime_analytics_pipeline' retrieved from /opt/airflow/dags/dag_crime_pipeline.py
[2026-06-07T10:42:23.429+0000] {logging_mixin.py:188} INFO - [2026-06-07T10:42:23.428+0000] {dag.py:3036} INFO - Sync 1 DAGs
[2026-06-07T10:42:23.484+0000] {processor.py:183} INFO - Processing /opt/airflow/dags/dag_crime_pipeline.py took 0.139 seconds
[2026-06-07T10:42:53.580+0000] {processor.py:161} INFO - Started process (PID=466) to work on /opt/airflow/dags/dag_crime_pipeline.py
[2026-06-07T10:42:53.582+0000] {processor.py:830} INFO - Processing file /opt/airflow/dags/dag_crime_pipeline.py for tasks to queue
[2026-06-07T10:42:53.584+0000] {logging_mixin.py:188} INFO - [2026-06-07T10:42:53.584+0000] {dagbag.py:538} INFO - Filling up the DagBag from /opt/airflow/dags/dag_crime_pipeline.py
[2026-06-07T10:42:53.627+0000] {processor.py:840} INFO - DAG(s) 'crime_analytics_pipeline' retrieved from /opt/airflow/dags/dag_crime_pipeline.py
[2026-06-07T10:42:53.664+0000] {logging_mixin.py:188} INFO - [2026-06-07T10:42:53.663+0000] {dag.py:3036} INFO - Sync 1 DAGs
[2026-06-07T10:42:53.700+0000] {processor.py:183} INFO - Processing /opt/airflow/dags/dag_crime_pipeline.py took 0.125 seconds
[2026-06-07T10:43:23.785+0000] {processor.py:161} INFO - Started process (PID=471) to work on /opt/airflow/dags/dag_crime_pipeline.py
[2026-06-07T10:43:23.786+0000] {processor.py:830} INFO - Processing file /opt/airflow/dags/dag_crime_pipeline.py for tasks to queue
[2026-06-07T10:43:23.789+0000] {logging_mixin.py:188} INFO - [2026-06-07T10:43:23.789+0000] {dagbag.py:538} INFO - Filling up the DagBag from /opt/airflow/dags/dag_crime_pipeline.py
[2026-06-07T10:43:23.830+0000] {processor.py:840} INFO - DAG(s) 'crime_analytics_pipeline' retrieved from /opt/airflow/dags/dag_crime_pipeline.py
[2026-06-07T10:43:23.863+0000] {logging_mixin.py:188} INFO - [2026-06-07T10:43:23.863+0000] {dag.py:3036} INFO - Sync 1 DAGs
[2026-06-07T10:43:23.921+0000] {processor.py:183} INFO - Processing /opt/airflow/dags/dag_crime_pipeline.py took 0.142 seconds
[2026-06-07T10:43:54.024+0000] {processor.py:161} INFO - Started process (PID=483) to work on /opt/airflow/dags/dag_crime_pipeline.py
[2026-06-07T10:43:54.026+0000] {processor.py:830} INFO - Processing file /opt/airflow/dags/dag_crime_pipeline.py for tasks to queue
[2026-06-07T10:43:54.030+0000] {logging_mixin.py:188} INFO - [2026-06-07T10:43:54.029+0000] {dagbag.py:538} INFO - Filling up the DagBag from /opt/airflow/dags/dag_crime_pipeline.py
[2026-06-07T10:43:54.073+0000] {processor.py:840} INFO - DAG(s) 'crime_analytics_pipeline' retrieved from /opt/airflow/dags/dag_crime_pipeline.py
[2026-06-07T10:43:54.111+0000] {logging_mixin.py:188} INFO - [2026-06-07T10:43:54.111+0000] {dag.py:3036} INFO - Sync 1 DAGs
[2026-06-07T10:43:54.174+0000] {processor.py:183} INFO - Processing /opt/airflow/dags/dag_crime_pipeline.py took 0.155 seconds
[2026-06-07T10:44:25.149+0000] {processor.py:161} INFO - Started process (PID=501) to work on /opt/airflow/dags/dag_crime_pipeline.py
[2026-06-07T10:44:25.151+0000] {processor.py:830} INFO - Processing file /opt/airflow/dags/dag_crime_pipeline.py for tasks to queue
[2026-06-07T10:44:25.155+0000] {logging_mixin.py:188} INFO - [2026-06-07T10:44:25.155+0000] {dagbag.py:538} INFO - Filling up the DagBag from /opt/airflow/dags/dag_crime_pipeline.py
[2026-06-07T10:44:25.197+0000] {processor.py:840} INFO - DAG(s) 'crime_analytics_pipeline' retrieved from /opt/airflow/dags/dag_crime_pipeline.py
[2026-06-07T10:44:25.227+0000] {logging_mixin.py:188} INFO - [2026-06-07T10:44:25.227+0000] {dag.py:3036} INFO - Sync 1 DAGs
[2026-06-07T10:44:25.278+0000] {processor.py:183} INFO - Processing /opt/airflow/dags/dag_crime_pipeline.py took 0.134 seconds
[2026-06-07T10:44:55.370+0000] {processor.py:161} INFO - Started process (PID=928) to work on /opt/airflow/dags/dag_crime_pipeline.py
[2026-06-07T10:44:55.371+0000] {processor.py:830} INFO - Processing file /opt/airflow/dags/dag_crime_pipeline.py for tasks to queue
[2026-06-07T10:44:55.374+0000] {logging_mixin.py:188} INFO - [2026-06-07T10:44:55.373+0000] {dagbag.py:538} INFO - Filling up the DagBag from /opt/airflow/dags/dag_crime_pipeline.py
[2026-06-07T10:44:55.419+0000] {processor.py:840} INFO - DAG(s) 'crime_analytics_pipeline' retrieved from /opt/airflow/dags/dag_crime_pipeline.py
[2026-06-07T10:44:55.460+0000] {logging_mixin.py:188} INFO - [2026-06-07T10:44:55.459+0000] {dag.py:3036} INFO - Sync 1 DAGs
[2026-06-07T10:44:55.507+0000] {processor.py:183} INFO - Processing /opt/airflow/dags/dag_crime_pipeline.py took 0.142 seconds
[2026-06-07T10:45:25.745+0000] {processor.py:161} INFO - Started process (PID=937) to work on /opt/airflow/dags/dag_crime_pipeline.py
[2026-06-07T10:45:25.747+0000] {processor.py:830} INFO - Processing file /opt/airflow/dags/dag_crime_pipeline.py for tasks to queue
[2026-06-07T10:45:25.751+0000] {logging_mixin.py:188} INFO - [2026-06-07T10:45:25.750+0000] {dagbag.py:538} INFO - Filling up the DagBag from /opt/airflow/dags/dag_crime_pipeline.py
[2026-06-07T10:45:25.799+0000] {processor.py:840} INFO - DAG(s) 'crime_analytics_pipeline' retrieved from /opt/airflow/dags/dag_crime_pipeline.py
[2026-06-07T10:45:25.845+0000] {logging_mixin.py:188} INFO - [2026-06-07T10:45:25.844+0000] {dag.py:3036} INFO - Sync 1 DAGs
[2026-06-07T10:45:25.900+0000] {processor.py:183} INFO - Processing /opt/airflow/dags/dag_crime_pipeline.py took 0.161 seconds
[2026-06-07T10:45:55.990+0000] {processor.py:161} INFO - Started process (PID=1003) to work on /opt/airflow/dags/dag_crime_pipeline.py
[2026-06-07T10:45:55.992+0000] {processor.py:830} INFO - Processing file /opt/airflow/dags/dag_crime_pipeline.py for tasks to queue
[2026-06-07T10:45:55.996+0000] {logging_mixin.py:188} INFO - [2026-06-07T10:45:55.996+0000] {dagbag.py:538} INFO - Filling up the DagBag from /opt/airflow/dags/dag_crime_pipeline.py
[2026-06-07T10:45:56.048+0000] {processor.py:840} INFO - DAG(s) 'crime_analytics_pipeline' retrieved from /opt/airflow/dags/dag_crime_pipeline.py
[2026-06-07T10:45:56.090+0000] {logging_mixin.py:188} INFO - [2026-06-07T10:45:56.089+0000] {dag.py:3036} INFO - Sync 1 DAGs
[2026-06-07T10:45:56.145+0000] {processor.py:183} INFO - Processing /opt/airflow/dags/dag_crime_pipeline.py took 0.162 seconds
[2026-06-07T10:46:26.239+0000] {processor.py:161} INFO - Started process (PID=5458) to work on /opt/airflow/dags/dag_crime_pipeline.py
[2026-06-07T10:46:26.242+0000] {processor.py:830} INFO - Processing file /opt/airflow/dags/dag_crime_pipeline.py for tasks to queue
[2026-06-07T10:46:26.246+0000] {logging_mixin.py:188} INFO - [2026-06-07T10:46:26.245+0000] {dagbag.py:538} INFO - Filling up the DagBag from /opt/airflow/dags/dag_crime_pipeline.py
[2026-06-07T10:46:26.292+0000] {processor.py:840} INFO - DAG(s) 'crime_analytics_pipeline' retrieved from /opt/airflow/dags/dag_crime_pipeline.py
[2026-06-07T10:46:26.329+0000] {logging_mixin.py:188} INFO - [2026-06-07T10:46:26.328+0000] {dag.py:3036} INFO - Sync 1 DAGs
[2026-06-07T10:46:26.392+0000] {processor.py:183} INFO - Processing /opt/airflow/dags/dag_crime_pipeline.py took 0.160 seconds
[2026-06-07T10:46:56.573+0000] {processor.py:161} INFO - Started process (PID=8920) to work on /opt/airflow/dags/dag_crime_pipeline.py
[2026-06-07T10:46:56.575+0000] {processor.py:830} INFO - Processing file /opt/airflow/dags/dag_crime_pipeline.py for tasks to queue
[2026-06-07T10:46:56.582+0000] {logging_mixin.py:188} INFO - [2026-06-07T10:46:56.582+0000] {dagbag.py:538} INFO - Filling up the DagBag from /opt/airflow/dags/dag_crime_pipeline.py
[2026-06-07T10:46:56.671+0000] {processor.py:840} INFO - DAG(s) 'crime_analytics_pipeline' retrieved from /opt/airflow/dags/dag_crime_pipeline.py
[2026-06-07T10:46:56.716+0000] {logging_mixin.py:188} INFO - [2026-06-07T10:46:56.716+0000] {dag.py:3036} INFO - Sync 1 DAGs
[2026-06-07T10:46:56.792+0000] {processor.py:183} INFO - Processing /opt/airflow/dags/dag_crime_pipeline.py took 0.228 seconds
[2026-06-07T10:47:26.953+0000] {processor.py:161} INFO - Started process (PID=11225) to work on /opt/airflow/dags/dag_crime_pipeline.py
[2026-06-07T10:47:26.956+0000] {processor.py:830} INFO - Processing file /opt/airflow/dags/dag_crime_pipeline.py for tasks to queue
[2026-06-07T10:47:26.960+0000] {logging_mixin.py:188} INFO - [2026-06-07T10:47:26.959+0000] {dagbag.py:538} INFO - Filling up the DagBag from /opt/airflow/dags/dag_crime_pipeline.py
[2026-06-07T10:47:27.047+0000] {processor.py:840} INFO - DAG(s) 'crime_analytics_pipeline' retrieved from /opt/airflow/dags/dag_crime_pipeline.py
[2026-06-07T10:47:27.102+0000] {logging_mixin.py:188} INFO - [2026-06-07T10:47:27.101+0000] {dag.py:3036} INFO - Sync 1 DAGs
[2026-06-07T10:47:27.194+0000] {processor.py:183} INFO - Processing /opt/airflow/dags/dag_crime_pipeline.py took 0.247 seconds
[2026-06-07T10:47:57.342+0000] {processor.py:161} INFO - Started process (PID=11718) to work on /opt/airflow/dags/dag_crime_pipeline.py
[2026-06-07T10:47:57.345+0000] {processor.py:830} INFO - Processing file /opt/airflow/dags/dag_crime_pipeline.py for tasks to queue
[2026-06-07T10:47:57.349+0000] {logging_mixin.py:188} INFO - [2026-06-07T10:47:57.348+0000] {dagbag.py:538} INFO - Filling up the DagBag from /opt/airflow/dags/dag_crime_pipeline.py
[2026-06-07T10:47:57.397+0000] {processor.py:840} INFO - DAG(s) 'crime_analytics_pipeline' retrieved from /opt/airflow/dags/dag_crime_pipeline.py
[2026-06-07T10:47:57.430+0000] {logging_mixin.py:188} INFO - [2026-06-07T10:47:57.430+0000] {dag.py:3036} INFO - Sync 1 DAGs
[2026-06-07T10:47:57.455+0000] {logging_mixin.py:188} INFO - [2026-06-07T10:47:57.455+0000] {dag.py:3823} INFO - Setting next_dagrun for crime_analytics_pipeline to 2026-06-06 19:00:00+00:00, run_after=2026-06-13 19:00:00+00:00
[2026-06-07T10:47:57.476+0000] {processor.py:183} INFO - Processing /opt/airflow/dags/dag_crime_pipeline.py took 0.139 seconds
[2026-06-07T10:48:27.593+0000] {processor.py:161} INFO - Started process (PID=11723) to work on /opt/airflow/dags/dag_crime_pipeline.py
[2026-06-07T10:48:27.595+0000] {processor.py:830} INFO - Processing file /opt/airflow/dags/dag_crime_pipeline.py for tasks to queue
[2026-06-07T10:48:27.598+0000] {logging_mixin.py:188} INFO - [2026-06-07T10:48:27.597+0000] {dagbag.py:538} INFO - Filling up the DagBag from /opt/airflow/dags/dag_crime_pipeline.py
[2026-06-07T10:48:27.642+0000] {processor.py:840} INFO - DAG(s) 'crime_analytics_pipeline' retrieved from /opt/airflow/dags/dag_crime_pipeline.py
[2026-06-07T10:48:27.681+0000] {logging_mixin.py:188} INFO - [2026-06-07T10:48:27.680+0000] {dag.py:3036} INFO - Sync 1 DAGs
[2026-06-07T10:48:27.710+0000] {logging_mixin.py:188} INFO - [2026-06-07T10:48:27.709+0000] {dag.py:3823} INFO - Setting next_dagrun for crime_analytics_pipeline to 2026-06-06 19:00:00+00:00, run_after=2026-06-13 19:00:00+00:00
[2026-06-07T10:48:27.736+0000] {processor.py:183} INFO - Processing /opt/airflow/dags/dag_crime_pipeline.py took 0.148 seconds
[2026-06-07T10:48:57.855+0000] {processor.py:161} INFO - Started process (PID=11728) to work on /opt/airflow/dags/dag_crime_pipeline.py
[2026-06-07T10:48:57.856+0000] {processor.py:830} INFO - Processing file /opt/airflow/dags/dag_crime_pipeline.py for tasks to queue
[2026-06-07T10:48:57.859+0000] {logging_mixin.py:188} INFO - [2026-06-07T10:48:57.859+0000] {dagbag.py:538} INFO - Filling up the DagBag from /opt/airflow/dags/dag_crime_pipeline.py
[2026-06-07T10:48:57.896+0000] {processor.py:840} INFO - DAG(s) 'crime_analytics_pipeline' retrieved from /opt/airflow/dags/dag_crime_pipeline.py
[2026-06-07T10:48:57.930+0000] {logging_mixin.py:188} INFO - [2026-06-07T10:48:57.930+0000] {dag.py:3036} INFO - Sync 1 DAGs
[2026-06-07T10:48:57.954+0000] {logging_mixin.py:188} INFO - [2026-06-07T10:48:57.953+0000] {dag.py:3823} INFO - Setting next_dagrun for crime_analytics_pipeline to 2026-06-06 19:00:00+00:00, run_after=2026-06-13 19:00:00+00:00
[2026-06-07T10:48:57.993+0000] {processor.py:183} INFO - Processing /opt/airflow/dags/dag_crime_pipeline.py took 0.143 seconds
[2026-06-07T10:49:28.106+0000] {processor.py:161} INFO - Started process (PID=11733) to work on /opt/airflow/dags/dag_crime_pipeline.py
[2026-06-07T10:49:28.108+0000] {processor.py:830} INFO - Processing file /opt/airflow/dags/dag_crime_pipeline.py for tasks to queue
[2026-06-07T10:49:28.112+0000] {logging_mixin.py:188} INFO - [2026-06-07T10:49:28.112+0000] {dagbag.py:538} INFO - Filling up the DagBag from /opt/airflow/dags/dag_crime_pipeline.py
[2026-06-07T10:49:28.156+0000] {processor.py:840} INFO - DAG(s) 'crime_analytics_pipeline' retrieved from /opt/airflow/dags/dag_crime_pipeline.py
[2026-06-07T10:49:28.196+0000] {logging_mixin.py:188} INFO - [2026-06-07T10:49:28.195+0000] {dag.py:3036} INFO - Sync 1 DAGs
[2026-06-07T10:49:28.222+0000] {logging_mixin.py:188} INFO - [2026-06-07T10:49:28.222+0000] {dag.py:3823} INFO - Setting next_dagrun for crime_analytics_pipeline to 2026-06-06 19:00:00+00:00, run_after=2026-06-13 19:00:00+00:00
[2026-06-07T10:49:28.266+0000] {processor.py:183} INFO - Processing /opt/airflow/dags/dag_crime_pipeline.py took 0.165 seconds
[2026-06-07T10:49:58.381+0000] {processor.py:161} INFO - Started process (PID=11738) to work on /opt/airflow/dags/dag_crime_pipeline.py
[2026-06-07T10:49:58.383+0000] {processor.py:830} INFO - Processing file /opt/airflow/dags/dag_crime_pipeline.py for tasks to queue
[2026-06-07T10:49:58.386+0000] {logging_mixin.py:188} INFO - [2026-06-07T10:49:58.386+0000] {dagbag.py:538} INFO - Filling up the DagBag from /opt/airflow/dags/dag_crime_pipeline.py
[2026-06-07T10:49:58.428+0000] {processor.py:840} INFO - DAG(s) 'crime_analytics_pipeline' retrieved from /opt/airflow/dags/dag_crime_pipeline.py
[2026-06-07T10:49:58.467+0000] {logging_mixin.py:188} INFO - [2026-06-07T10:49:58.466+0000] {dag.py:3036} INFO - Sync 1 DAGs
[2026-06-07T10:49:58.491+0000] {logging_mixin.py:188} INFO - [2026-06-07T10:49:58.491+0000] {dag.py:3823} INFO - Setting next_dagrun for crime_analytics_pipeline to 2026-06-06 19:00:00+00:00, run_after=2026-06-13 19:00:00+00:00
[2026-06-07T10:49:58.532+0000] {processor.py:183} INFO - Processing /opt/airflow/dags/dag_crime_pipeline.py took 0.156 seconds
[2026-06-07T10:50:28.635+0000] {processor.py:161} INFO - Started process (PID=11743) to work on /opt/airflow/dags/dag_crime_pipeline.py
[2026-06-07T10:50:28.637+0000] {processor.py:830} INFO - Processing file /opt/airflow/dags/dag_crime_pipeline.py for tasks to queue
[2026-06-07T10:50:28.640+0000] {logging_mixin.py:188} INFO - [2026-06-07T10:50:28.639+0000] {dagbag.py:538} INFO - Filling up the DagBag from /opt/airflow/dags/dag_crime_pipeline.py
[2026-06-07T10:50:28.676+0000] {processor.py:840} INFO - DAG(s) 'crime_analytics_pipeline' retrieved from /opt/airflow/dags/dag_crime_pipeline.py
[2026-06-07T10:50:28.708+0000] {logging_mixin.py:188} INFO - [2026-06-07T10:50:28.708+0000] {dag.py:3036} INFO - Sync 1 DAGs
[2026-06-07T10:50:28.733+0000] {logging_mixin.py:188} INFO - [2026-06-07T10:50:28.733+0000] {dag.py:3823} INFO - Setting next_dagrun for crime_analytics_pipeline to 2026-06-06 19:00:00+00:00, run_after=2026-06-13 19:00:00+00:00
[2026-06-07T10:50:28.775+0000] {processor.py:183} INFO - Processing /opt/airflow/dags/dag_crime_pipeline.py took 0.144 seconds
[2026-06-07T10:50:58.892+0000] {processor.py:161} INFO - Started process (PID=11748) to work on /opt/airflow/dags/dag_crime_pipeline.py
[2026-06-07T10:50:58.894+0000] {processor.py:830} INFO - Processing file /opt/airflow/dags/dag_crime_pipeline.py for tasks to queue
[2026-06-07T10:50:58.896+0000] {logging_mixin.py:188} INFO - [2026-06-07T10:50:58.896+0000] {dagbag.py:538} INFO - Filling up the DagBag from /opt/airflow/dags/dag_crime_pipeline.py
[2026-06-07T10:50:58.940+0000] {processor.py:840} INFO - DAG(s) 'crime_analytics_pipeline' retrieved from /opt/airflow/dags/dag_crime_pipeline.py
[2026-06-07T10:50:58.980+0000] {logging_mixin.py:188} INFO - [2026-06-07T10:50:58.979+0000] {dag.py:3036} INFO - Sync 1 DAGs
[2026-06-07T10:50:59.008+0000] {logging_mixin.py:188} INFO - [2026-06-07T10:50:59.008+0000] {dag.py:3823} INFO - Setting next_dagrun for crime_analytics_pipeline to 2026-06-06 19:00:00+00:00, run_after=2026-06-13 19:00:00+00:00
[2026-06-07T10:50:59.037+0000] {processor.py:183} INFO - Processing /opt/airflow/dags/dag_crime_pipeline.py took 0.150 seconds
[2026-06-07T10:51:29.151+0000] {processor.py:161} INFO - Started process (PID=11753) to work on /opt/airflow/dags/dag_crime_pipeline.py
[2026-06-07T10:51:29.153+0000] {processor.py:830} INFO - Processing file /opt/airflow/dags/dag_crime_pipeline.py for tasks to queue
[2026-06-07T10:51:29.156+0000] {logging_mixin.py:188} INFO - [2026-06-07T10:51:29.155+0000] {dagbag.py:538} INFO - Filling up the DagBag from /opt/airflow/dags/dag_crime_pipeline.py
[2026-06-07T10:51:29.199+0000] {processor.py:840} INFO - DAG(s) 'crime_analytics_pipeline' retrieved from /opt/airflow/dags/dag_crime_pipeline.py
[2026-06-07T10:51:29.235+0000] {logging_mixin.py:188} INFO - [2026-06-07T10:51:29.234+0000] {dag.py:3036} INFO - Sync 1 DAGs
[2026-06-07T10:51:29.263+0000] {logging_mixin.py:188} INFO - [2026-06-07T10:51:29.262+0000] {dag.py:3823} INFO - Setting next_dagrun for crime_analytics_pipeline to 2026-06-06 19:00:00+00:00, run_after=2026-06-13 19:00:00+00:00
[2026-06-07T10:51:29.304+0000] {processor.py:183} INFO - Processing /opt/airflow/dags/dag_crime_pipeline.py took 0.159 seconds
[2026-06-07T10:51:59.436+0000] {processor.py:161} INFO - Started process (PID=11758) to work on /opt/airflow/dags/dag_crime_pipeline.py
[2026-06-07T10:51:59.438+0000] {processor.py:830} INFO - Processing file /opt/airflow/dags/dag_crime_pipeline.py for tasks to queue
[2026-06-07T10:51:59.441+0000] {logging_mixin.py:188} INFO - [2026-06-07T10:51:59.440+0000] {dagbag.py:538} INFO - Filling up the DagBag from /opt/airflow/dags/dag_crime_pipeline.py
[2026-06-07T10:51:59.485+0000] {processor.py:840} INFO - DAG(s) 'crime_analytics_pipeline' retrieved from /opt/airflow/dags/dag_crime_pipeline.py
[2026-06-07T10:51:59.520+0000] {logging_mixin.py:188} INFO - [2026-06-07T10:51:59.519+0000] {dag.py:3036} INFO - Sync 1 DAGs
[2026-06-07T10:51:59.544+0000] {logging_mixin.py:188} INFO - [2026-06-07T10:51:59.544+0000] {dag.py:3823} INFO - Setting next_dagrun for crime_analytics_pipeline to 2026-06-06 19:00:00+00:00, run_after=2026-06-13 19:00:00+00:00
[2026-06-07T10:51:59.568+0000] {processor.py:183} INFO - Processing /opt/airflow/dags/dag_crime_pipeline.py took 0.137 seconds
[2026-06-07T10:52:29.687+0000] {processor.py:161} INFO - Started process (PID=11763) to work on /opt/airflow/dags/dag_crime_pipeline.py
[2026-06-07T10:52:29.689+0000] {processor.py:830} INFO - Processing file /opt/airflow/dags/dag_crime_pipeline.py for tasks to queue
[2026-06-07T10:52:29.692+0000] {logging_mixin.py:188} INFO - [2026-06-07T10:52:29.691+0000] {dagbag.py:538} INFO - Filling up the DagBag from /opt/airflow/dags/dag_crime_pipeline.py
[2026-06-07T10:52:29.731+0000] {processor.py:840} INFO - DAG(s) 'crime_analytics_pipeline' retrieved from /opt/airflow/dags/dag_crime_pipeline.py
[2026-06-07T10:52:29.761+0000] {logging_mixin.py:188} INFO - [2026-06-07T10:52:29.761+0000] {dag.py:3036} INFO - Sync 1 DAGs
[2026-06-07T10:52:29.782+0000] {logging_mixin.py:188} INFO - [2026-06-07T10:52:29.782+0000] {dag.py:3823} INFO - Setting next_dagrun for crime_analytics_pipeline to 2026-06-06 19:00:00+00:00, run_after=2026-06-13 19:00:00+00:00
[2026-06-07T10:52:29.800+0000] {processor.py:183} INFO - Processing /opt/airflow/dags/dag_crime_pipeline.py took 0.117 seconds
[2026-06-07T10:52:59.931+0000] {processor.py:161} INFO - Started process (PID=11768) to work on /opt/airflow/dags/dag_crime_pipeline.py
[2026-06-07T10:52:59.932+0000] {processor.py:830} INFO - Processing file /opt/airflow/dags/dag_crime_pipeline.py for tasks to queue
[2026-06-07T10:52:59.936+0000] {logging_mixin.py:188} INFO - [2026-06-07T10:52:59.935+0000] {dagbag.py:538} INFO - Filling up the DagBag from /opt/airflow/dags/dag_crime_pipeline.py
[2026-06-07T10:52:59.978+0000] {processor.py:840} INFO - DAG(s) 'crime_analytics_pipeline' retrieved from /opt/airflow/dags/dag_crime_pipeline.py
[2026-06-07T10:53:00.015+0000] {logging_mixin.py:188} INFO - [2026-06-07T10:53:00.014+0000] {dag.py:3036} INFO - Sync 1 DAGs
[2026-06-07T10:53:00.048+0000] {logging_mixin.py:188} INFO - [2026-06-07T10:53:00.047+0000] {dag.py:3823} INFO - Setting next_dagrun for crime_analytics_pipeline to 2026-06-06 19:00:00+00:00, run_after=2026-06-13 19:00:00+00:00
[2026-06-07T10:53:00.091+0000] {processor.py:183} INFO - Processing /opt/airflow/dags/dag_crime_pipeline.py took 0.166 seconds
[2026-06-07T10:53:30.193+0000] {processor.py:161} INFO - Started process (PID=11773) to work on /opt/airflow/dags/dag_crime_pipeline.py
[2026-06-07T10:53:30.194+0000] {processor.py:830} INFO - Processing file /opt/airflow/dags/dag_crime_pipeline.py for tasks to queue
[2026-06-07T10:53:30.198+0000] {logging_mixin.py:188} INFO - [2026-06-07T10:53:30.198+0000] {dagbag.py:538} INFO - Filling up the DagBag from /opt/airflow/dags/dag_crime_pipeline.py
[2026-06-07T10:53:30.239+0000] {processor.py:840} INFO - DAG(s) 'crime_analytics_pipeline' retrieved from /opt/airflow/dags/dag_crime_pipeline.py
[2026-06-07T10:53:30.276+0000] {logging_mixin.py:188} INFO - [2026-06-07T10:53:30.276+0000] {dag.py:3036} INFO - Sync 1 DAGs
[2026-06-07T10:53:30.301+0000] {logging_mixin.py:188} INFO - [2026-06-07T10:53:30.300+0000] {dag.py:3823} INFO - Setting next_dagrun for crime_analytics_pipeline to 2026-06-06 19:00:00+00:00, run_after=2026-06-13 19:00:00+00:00
[2026-06-07T10:53:30.342+0000] {processor.py:183} INFO - Processing /opt/airflow/dags/dag_crime_pipeline.py took 0.154 seconds
[2026-06-07T10:54:00.510+0000] {processor.py:161} INFO - Started process (PID=11778) to work on /opt/airflow/dags/dag_crime_pipeline.py
[2026-06-07T10:54:00.512+0000] {processor.py:830} INFO - Processing file /opt/airflow/dags/dag_crime_pipeline.py for tasks to queue
[2026-06-07T10:54:00.515+0000] {logging_mixin.py:188} INFO - [2026-06-07T10:54:00.514+0000] {dagbag.py:538} INFO - Filling up the DagBag from /opt/airflow/dags/dag_crime_pipeline.py
[2026-06-07T10:54:00.557+0000] {processor.py:840} INFO - DAG(s) 'crime_analytics_pipeline' retrieved from /opt/airflow/dags/dag_crime_pipeline.py
[2026-06-07T10:54:00.598+0000] {logging_mixin.py:188} INFO - [2026-06-07T10:54:00.597+0000] {dag.py:3036} INFO - Sync 1 DAGs
[2026-06-07T10:54:00.624+0000] {logging_mixin.py:188} INFO - [2026-06-07T10:54:00.624+0000] {dag.py:3823} INFO - Setting next_dagrun for crime_analytics_pipeline to 2026-06-06 19:00:00+00:00, run_after=2026-06-13 19:00:00+00:00
[2026-06-07T10:54:00.645+0000] {processor.py:183} INFO - Processing /opt/airflow/dags/dag_crime_pipeline.py took 0.141 seconds
[2026-06-07T10:54:31.571+0000] {processor.py:161} INFO - Started process (PID=11783) to work on /opt/airflow/dags/dag_crime_pipeline.py
[2026-06-07T10:54:31.573+0000] {processor.py:830} INFO - Processing file /opt/airflow/dags/dag_crime_pipeline.py for tasks to queue
[2026-06-07T10:54:31.576+0000] {logging_mixin.py:188} INFO - [2026-06-07T10:54:31.575+0000] {dagbag.py:538} INFO - Filling up the DagBag from /opt/airflow/dags/dag_crime_pipeline.py
[2026-06-07T10:54:31.616+0000] {processor.py:840} INFO - DAG(s) 'crime_analytics_pipeline' retrieved from /opt/airflow/dags/dag_crime_pipeline.py
[2026-06-07T10:54:31.649+0000] {logging_mixin.py:188} INFO - [2026-06-07T10:54:31.649+0000] {dag.py:3036} INFO - Sync 1 DAGs
[2026-06-07T10:54:31.671+0000] {logging_mixin.py:188} INFO - [2026-06-07T10:54:31.671+0000] {dag.py:3823} INFO - Setting next_dagrun for crime_analytics_pipeline to 2026-06-06 19:00:00+00:00, run_after=2026-06-13 19:00:00+00:00
[2026-06-07T10:54:31.709+0000] {processor.py:183} INFO - Processing /opt/airflow/dags/dag_crime_pipeline.py took 0.143 seconds
[2026-06-07T10:55:01.777+0000] {processor.py:161} INFO - Started process (PID=11788) to work on /opt/airflow/dags/dag_crime_pipeline.py
[2026-06-07T10:55:01.779+0000] {processor.py:830} INFO - Processing file /opt/airflow/dags/dag_crime_pipeline.py for tasks to queue
[2026-06-07T10:55:01.782+0000] {logging_mixin.py:188} INFO - [2026-06-07T10:55:01.781+0000] {dagbag.py:538} INFO - Filling up the DagBag from /opt/airflow/dags/dag_crime_pipeline.py
[2026-06-07T10:55:01.824+0000] {processor.py:840} INFO - DAG(s) 'crime_analytics_pipeline' retrieved from /opt/airflow/dags/dag_crime_pipeline.py
[2026-06-07T10:55:01.863+0000] {logging_mixin.py:188} INFO - [2026-06-07T10:55:01.862+0000] {dag.py:3036} INFO - Sync 1 DAGs
[2026-06-07T10:55:01.886+0000] {logging_mixin.py:188} INFO - [2026-06-07T10:55:01.885+0000] {dag.py:3823} INFO - Setting next_dagrun for crime_analytics_pipeline to 2026-06-06 19:00:00+00:00, run_after=2026-06-13 19:00:00+00:00
[2026-06-07T10:55:01.909+0000] {processor.py:183} INFO - Processing /opt/airflow/dags/dag_crime_pipeline.py took 0.136 seconds
[2026-06-07T10:55:32.107+0000] {processor.py:161} INFO - Started process (PID=11793) to work on /opt/airflow/dags/dag_crime_pipeline.py
[2026-06-07T10:55:32.109+0000] {processor.py:830} INFO - Processing file /opt/airflow/dags/dag_crime_pipeline.py for tasks to queue
[2026-06-07T10:55:32.112+0000] {logging_mixin.py:188} INFO - [2026-06-07T10:55:32.112+0000] {dagbag.py:538} INFO - Filling up the DagBag from /opt/airflow/dags/dag_crime_pipeline.py
[2026-06-07T10:55:32.157+0000] {processor.py:840} INFO - DAG(s) 'crime_analytics_pipeline' retrieved from /opt/airflow/dags/dag_crime_pipeline.py
[2026-06-07T10:55:32.200+0000] {logging_mixin.py:188} INFO - [2026-06-07T10:55:32.200+0000] {dag.py:3036} INFO - Sync 1 DAGs
[2026-06-07T10:55:32.227+0000] {logging_mixin.py:188} INFO - [2026-06-07T10:55:32.227+0000] {dag.py:3823} INFO - Setting next_dagrun for crime_analytics_pipeline to 2026-06-06 19:00:00+00:00, run_after=2026-06-13 19:00:00+00:00
[2026-06-07T10:55:32.251+0000] {processor.py:183} INFO - Processing /opt/airflow/dags/dag_crime_pipeline.py took 0.149 seconds
[2026-06-07T10:56:02.328+0000] {processor.py:161} INFO - Started process (PID=11798) to work on /opt/airflow/dags/dag_crime_pipeline.py
[2026-06-07T10:56:02.330+0000] {processor.py:830} INFO - Processing file /opt/airflow/dags/dag_crime_pipeline.py for tasks to queue
[2026-06-07T10:56:02.333+0000] {logging_mixin.py:188} INFO - [2026-06-07T10:56:02.332+0000] {dagbag.py:538} INFO - Filling up the DagBag from /opt/airflow/dags/dag_crime_pipeline.py
[2026-06-07T10:56:02.378+0000] {processor.py:840} INFO - DAG(s) 'crime_analytics_pipeline' retrieved from /opt/airflow/dags/dag_crime_pipeline.py
[2026-06-07T10:56:02.415+0000] {logging_mixin.py:188} INFO - [2026-06-07T10:56:02.414+0000] {dag.py:3036} INFO - Sync 1 DAGs
[2026-06-07T10:56:02.441+0000] {logging_mixin.py:188} INFO - [2026-06-07T10:56:02.441+0000] {dag.py:3823} INFO - Setting next_dagrun for crime_analytics_pipeline to 2026-06-06 19:00:00+00:00, run_after=2026-06-13 19:00:00+00:00
[2026-06-07T10:56:02.487+0000] {processor.py:183} INFO - Processing /opt/airflow/dags/dag_crime_pipeline.py took 0.164 seconds
[2026-06-07T10:56:32.573+0000] {processor.py:161} INFO - Started process (PID=11803) to work on /opt/airflow/dags/dag_crime_pipeline.py
[2026-06-07T10:56:32.575+0000] {processor.py:830} INFO - Processing file /opt/airflow/dags/dag_crime_pipeline.py for tasks to queue
[2026-06-07T10:56:32.578+0000] {logging_mixin.py:188} INFO - [2026-06-07T10:56:32.577+0000] {dagbag.py:538} INFO - Filling up the DagBag from /opt/airflow/dags/dag_crime_pipeline.py
[2026-06-07T10:56:32.620+0000] {processor.py:840} INFO - DAG(s) 'crime_analytics_pipeline' retrieved from /opt/airflow/dags/dag_crime_pipeline.py
[2026-06-07T10:56:32.653+0000] {logging_mixin.py:188} INFO - [2026-06-07T10:56:32.653+0000] {dag.py:3036} INFO - Sync 1 DAGs
[2026-06-07T10:56:32.675+0000] {logging_mixin.py:188} INFO - [2026-06-07T10:56:32.675+0000] {dag.py:3823} INFO - Setting next_dagrun for crime_analytics_pipeline to 2026-06-06 19:00:00+00:00, run_after=2026-06-13 19:00:00+00:00
[2026-06-07T10:56:32.715+0000] {processor.py:183} INFO - Processing /opt/airflow/dags/dag_crime_pipeline.py took 0.147 seconds
[2026-06-07T10:57:02.866+0000] {processor.py:161} INFO - Started process (PID=11808) to work on /opt/airflow/dags/dag_crime_pipeline.py
[2026-06-07T10:57:02.868+0000] {processor.py:830} INFO - Processing file /opt/airflow/dags/dag_crime_pipeline.py for tasks to queue
[2026-06-07T10:57:02.871+0000] {logging_mixin.py:188} INFO - [2026-06-07T10:57:02.870+0000] {dagbag.py:538} INFO - Filling up the DagBag from /opt/airflow/dags/dag_crime_pipeline.py
[2026-06-07T10:57:02.915+0000] {processor.py:840} INFO - DAG(s) 'crime_analytics_pipeline' retrieved from /opt/airflow/dags/dag_crime_pipeline.py
[2026-06-07T10:57:02.962+0000] {logging_mixin.py:188} INFO - [2026-06-07T10:57:02.961+0000] {dag.py:3036} INFO - Sync 1 DAGs
[2026-06-07T10:57:03.001+0000] {logging_mixin.py:188} INFO - [2026-06-07T10:57:03.000+0000] {dag.py:3823} INFO - Setting next_dagrun for crime_analytics_pipeline to 2026-06-06 19:00:00+00:00, run_after=2026-06-13 19:00:00+00:00
[2026-06-07T10:57:03.032+0000] {processor.py:183} INFO - Processing /opt/airflow/dags/dag_crime_pipeline.py took 0.171 seconds
[2026-06-07T10:57:33.224+0000] {processor.py:161} INFO - Started process (PID=11813) to work on /opt/airflow/dags/dag_crime_pipeline.py
[2026-06-07T10:57:33.226+0000] {processor.py:830} INFO - Processing file /opt/airflow/dags/dag_crime_pipeline.py for tasks to queue
[2026-06-07T10:57:33.230+0000] {logging_mixin.py:188} INFO - [2026-06-07T10:57:33.229+0000] {dagbag.py:538} INFO - Filling up the DagBag from /opt/airflow/dags/dag_crime_pipeline.py
[2026-06-07T10:57:33.272+0000] {processor.py:840} INFO - DAG(s) 'crime_analytics_pipeline' retrieved from /opt/airflow/dags/dag_crime_pipeline.py
[2026-06-07T10:57:33.313+0000] {logging_mixin.py:188} INFO - [2026-06-07T10:57:33.312+0000] {dag.py:3036} INFO - Sync 1 DAGs
[2026-06-07T10:57:33.341+0000] {logging_mixin.py:188} INFO - [2026-06-07T10:57:33.341+0000] {dag.py:3823} INFO - Setting next_dagrun for crime_analytics_pipeline to 2026-06-06 19:00:00+00:00, run_after=2026-06-13 19:00:00+00:00
[2026-06-07T10:57:33.365+0000] {processor.py:183} INFO - Processing /opt/airflow/dags/dag_crime_pipeline.py took 0.145 seconds
[2026-06-07T10:58:03.499+0000] {processor.py:161} INFO - Started process (PID=11818) to work on /opt/airflow/dags/dag_crime_pipeline.py
[2026-06-07T10:58:03.501+0000] {processor.py:830} INFO - Processing file /opt/airflow/dags/dag_crime_pipeline.py for tasks to queue
[2026-06-07T10:58:03.509+0000] {logging_mixin.py:188} INFO - [2026-06-07T10:58:03.509+0000] {dagbag.py:538} INFO - Filling up the DagBag from /opt/airflow/dags/dag_crime_pipeline.py
[2026-06-07T10:58:03.566+0000] {processor.py:840} INFO - DAG(s) 'crime_analytics_pipeline' retrieved from /opt/airflow/dags/dag_crime_pipeline.py
[2026-06-07T10:58:03.616+0000] {logging_mixin.py:188} INFO - [2026-06-07T10:58:03.615+0000] {dag.py:3036} INFO - Sync 1 DAGs
[2026-06-07T10:58:03.644+0000] {logging_mixin.py:188} INFO - [2026-06-07T10:58:03.643+0000] {dag.py:3823} INFO - Setting next_dagrun for crime_analytics_pipeline to 2026-06-06 19:00:00+00:00, run_after=2026-06-13 19:00:00+00:00
[2026-06-07T10:58:03.670+0000] {processor.py:183} INFO - Processing /opt/airflow/dags/dag_crime_pipeline.py took 0.183 seconds
[2026-06-07T10:58:33.787+0000] {processor.py:161} INFO - Started process (PID=11823) to work on /opt/airflow/dags/dag_crime_pipeline.py
[2026-06-07T10:58:33.789+0000] {processor.py:830} INFO - Processing file /opt/airflow/dags/dag_crime_pipeline.py for tasks to queue
[2026-06-07T10:58:33.792+0000] {logging_mixin.py:188} INFO - [2026-06-07T10:58:33.791+0000] {dagbag.py:538} INFO - Filling up the DagBag from /opt/airflow/dags/dag_crime_pipeline.py
[2026-06-07T10:58:33.835+0000] {processor.py:840} INFO - DAG(s) 'crime_analytics_pipeline' retrieved from /opt/airflow/dags/dag_crime_pipeline.py
[2026-06-07T10:58:33.875+0000] {logging_mixin.py:188} INFO - [2026-06-07T10:58:33.874+0000] {dag.py:3036} INFO - Sync 1 DAGs
[2026-06-07T10:58:33.900+0000] {logging_mixin.py:188} INFO - [2026-06-07T10:58:33.900+0000] {dag.py:3823} INFO - Setting next_dagrun for crime_analytics_pipeline to 2026-06-06 19:00:00+00:00, run_after=2026-06-13 19:00:00+00:00
[2026-06-07T10:58:33.921+0000] {processor.py:183} INFO - Processing /opt/airflow/dags/dag_crime_pipeline.py took 0.139 seconds
[2026-06-07T10:59:04.004+0000] {processor.py:161} INFO - Started process (PID=11828) to work on /opt/airflow/dags/dag_crime_pipeline.py
[2026-06-07T10:59:04.007+0000] {processor.py:830} INFO - Processing file /opt/airflow/dags/dag_crime_pipeline.py for tasks to queue
[2026-06-07T10:59:04.010+0000] {logging_mixin.py:188} INFO - [2026-06-07T10:59:04.010+0000] {dagbag.py:538} INFO - Filling up the DagBag from /opt/airflow/dags/dag_crime_pipeline.py
[2026-06-07T10:59:04.054+0000] {processor.py:840} INFO - DAG(s) 'crime_analytics_pipeline' retrieved from /opt/airflow/dags/dag_crime_pipeline.py
[2026-06-07T10:59:04.100+0000] {logging_mixin.py:188} INFO - [2026-06-07T10:59:04.099+0000] {dag.py:3036} INFO - Sync 1 DAGs
[2026-06-07T10:59:04.127+0000] {logging_mixin.py:188} INFO - [2026-06-07T10:59:04.127+0000] {dag.py:3823} INFO - Setting next_dagrun for crime_analytics_pipeline to 2026-06-06 19:00:00+00:00, run_after=2026-06-13 19:00:00+00:00
[2026-06-07T10:59:04.147+0000] {processor.py:183} INFO - Processing /opt/airflow/dags/dag_crime_pipeline.py took 0.148 seconds
[2026-06-07T10:59:34.345+0000] {processor.py:161} INFO - Started process (PID=11833) to work on /opt/airflow/dags/dag_crime_pipeline.py
[2026-06-07T10:59:34.347+0000] {processor.py:830} INFO - Processing file /opt/airflow/dags/dag_crime_pipeline.py for tasks to queue
[2026-06-07T10:59:34.350+0000] {logging_mixin.py:188} INFO - [2026-06-07T10:59:34.349+0000] {dagbag.py:538} INFO - Filling up the DagBag from /opt/airflow/dags/dag_crime_pipeline.py
[2026-06-07T10:59:34.392+0000] {processor.py:840} INFO - DAG(s) 'crime_analytics_pipeline' retrieved from /opt/airflow/dags/dag_crime_pipeline.py
[2026-06-07T10:59:34.431+0000] {logging_mixin.py:188} INFO - [2026-06-07T10:59:34.431+0000] {dag.py:3036} INFO - Sync 1 DAGs
[2026-06-07T10:59:34.473+0000] {logging_mixin.py:188} INFO - [2026-06-07T10:59:34.472+0000] {dag.py:3823} INFO - Setting next_dagrun for crime_analytics_pipeline to 2026-06-06 19:00:00+00:00, run_after=2026-06-13 19:00:00+00:00
[2026-06-07T10:59:34.514+0000] {processor.py:183} INFO - Processing /opt/airflow/dags/dag_crime_pipeline.py took 0.174 seconds
[2026-06-07T11:00:04.600+0000] {processor.py:161} INFO - Started process (PID=11838) to work on /opt/airflow/dags/dag_crime_pipeline.py
[2026-06-07T11:00:04.602+0000] {processor.py:830} INFO - Processing file /opt/airflow/dags/dag_crime_pipeline.py for tasks to queue
[2026-06-07T11:00:04.606+0000] {logging_mixin.py:188} INFO - [2026-06-07T11:00:04.605+0000] {dagbag.py:538} INFO - Filling up the DagBag from /opt/airflow/dags/dag_crime_pipeline.py
[2026-06-07T11:00:04.645+0000] {processor.py:840} INFO - DAG(s) 'crime_analytics_pipeline' retrieved from /opt/airflow/dags/dag_crime_pipeline.py
[2026-06-07T11:00:04.676+0000] {logging_mixin.py:188} INFO - [2026-06-07T11:00:04.676+0000] {dag.py:3036} INFO - Sync 1 DAGs
[2026-06-07T11:00:04.698+0000] {logging_mixin.py:188} INFO - [2026-06-07T11:00:04.698+0000] {dag.py:3823} INFO - Setting next_dagrun for crime_analytics_pipeline to 2026-06-06 19:00:00+00:00, run_after=2026-06-13 19:00:00+00:00
[2026-06-07T11:00:04.719+0000] {processor.py:183} INFO - Processing /opt/airflow/dags/dag_crime_pipeline.py took 0.125 seconds
[2026-06-07T11:00:34.818+0000] {processor.py:161} INFO - Started process (PID=11843) to work on /opt/airflow/dags/dag_crime_pipeline.py
[2026-06-07T11:00:34.820+0000] {processor.py:830} INFO - Processing file /opt/airflow/dags/dag_crime_pipeline.py for tasks to queue
[2026-06-07T11:00:34.822+0000] {logging_mixin.py:188} INFO - [2026-06-07T11:00:34.822+0000] {dagbag.py:538} INFO - Filling up the DagBag from /opt/airflow/dags/dag_crime_pipeline.py
[2026-06-07T11:00:34.860+0000] {processor.py:840} INFO - DAG(s) 'crime_analytics_pipeline' retrieved from /opt/airflow/dags/dag_crime_pipeline.py
[2026-06-07T11:00:34.891+0000] {logging_mixin.py:188} INFO - [2026-06-07T11:00:34.890+0000] {dag.py:3036} INFO - Sync 1 DAGs
[2026-06-07T11:00:34.916+0000] {logging_mixin.py:188} INFO - [2026-06-07T11:00:34.915+0000] {dag.py:3823} INFO - Setting next_dagrun for crime_analytics_pipeline to 2026-06-06 19:00:00+00:00, run_after=2026-06-13 19:00:00+00:00
[2026-06-07T11:00:34.960+0000] {processor.py:183} INFO - Processing /opt/airflow/dags/dag_crime_pipeline.py took 0.146 seconds
[2026-06-07T11:01:05.045+0000] {processor.py:161} INFO - Started process (PID=11848) to work on /opt/airflow/dags/dag_crime_pipeline.py
[2026-06-07T11:01:05.047+0000] {processor.py:830} INFO - Processing file /opt/airflow/dags/dag_crime_pipeline.py for tasks to queue
[2026-06-07T11:01:05.050+0000] {logging_mixin.py:188} INFO - [2026-06-07T11:01:05.050+0000] {dagbag.py:538} INFO - Filling up the DagBag from /opt/airflow/dags/dag_crime_pipeline.py
[2026-06-07T11:01:05.094+0000] {processor.py:840} INFO - DAG(s) 'crime_analytics_pipeline' retrieved from /opt/airflow/dags/dag_crime_pipeline.py
[2026-06-07T11:01:05.130+0000] {logging_mixin.py:188} INFO - [2026-06-07T11:01:05.130+0000] {dag.py:3036} INFO - Sync 1 DAGs
[2026-06-07T11:01:05.151+0000] {logging_mixin.py:188} INFO - [2026-06-07T11:01:05.150+0000] {dag.py:3823} INFO - Setting next_dagrun for crime_analytics_pipeline to 2026-06-06 19:00:00+00:00, run_after=2026-06-13 19:00:00+00:00
[2026-06-07T11:01:05.193+0000] {processor.py:183} INFO - Processing /opt/airflow/dags/dag_crime_pipeline.py took 0.154 seconds
[2026-06-07T11:01:35.308+0000] {processor.py:161} INFO - Started process (PID=11853) to work on /opt/airflow/dags/dag_crime_pipeline.py
[2026-06-07T11:01:35.309+0000] {processor.py:830} INFO - Processing file /opt/airflow/dags/dag_crime_pipeline.py for tasks to queue
[2026-06-07T11:01:35.312+0000] {logging_mixin.py:188} INFO - [2026-06-07T11:01:35.312+0000] {dagbag.py:538} INFO - Filling up the DagBag from /opt/airflow/dags/dag_crime_pipeline.py
[2026-06-07T11:01:35.354+0000] {processor.py:840} INFO - DAG(s) 'crime_analytics_pipeline' retrieved from /opt/airflow/dags/dag_crime_pipeline.py
[2026-06-07T11:01:35.392+0000] {logging_mixin.py:188} INFO - [2026-06-07T11:01:35.392+0000] {dag.py:3036} INFO - Sync 1 DAGs
[2026-06-07T11:01:35.417+0000] {logging_mixin.py:188} INFO - [2026-06-07T11:01:35.417+0000] {dag.py:3823} INFO - Setting next_dagrun for crime_analytics_pipeline to 2026-06-06 19:00:00+00:00, run_after=2026-06-13 19:00:00+00:00
[2026-06-07T11:01:35.461+0000] {processor.py:183} INFO - Processing /opt/airflow/dags/dag_crime_pipeline.py took 0.158 seconds
[2026-06-07T11:02:05.702+0000] {processor.py:161} INFO - Started process (PID=11858) to work on /opt/airflow/dags/dag_crime_pipeline.py
[2026-06-07T11:02:05.703+0000] {processor.py:830} INFO - Processing file /opt/airflow/dags/dag_crime_pipeline.py for tasks to queue
[2026-06-07T11:02:05.706+0000] {logging_mixin.py:188} INFO - [2026-06-07T11:02:05.705+0000] {dagbag.py:538} INFO - Filling up the DagBag from /opt/airflow/dags/dag_crime_pipeline.py
[2026-06-07T11:02:05.751+0000] {processor.py:840} INFO - DAG(s) 'crime_analytics_pipeline' retrieved from /opt/airflow/dags/dag_crime_pipeline.py
[2026-06-07T11:02:05.785+0000] {logging_mixin.py:188} INFO - [2026-06-07T11:02:05.785+0000] {dag.py:3036} INFO - Sync 1 DAGs
[2026-06-07T11:02:05.809+0000] {logging_mixin.py:188} INFO - [2026-06-07T11:02:05.809+0000] {dag.py:3823} INFO - Setting next_dagrun for crime_analytics_pipeline to 2026-06-06 19:00:00+00:00, run_after=2026-06-13 19:00:00+00:00
[2026-06-07T11:02:05.830+0000] {processor.py:183} INFO - Processing /opt/airflow/dags/dag_crime_pipeline.py took 0.132 seconds
[2026-06-07T11:02:35.960+0000] {processor.py:161} INFO - Started process (PID=11863) to work on /opt/airflow/dags/dag_crime_pipeline.py
[2026-06-07T11:02:35.963+0000] {processor.py:830} INFO - Processing file /opt/airflow/dags/dag_crime_pipeline.py for tasks to queue
[2026-06-07T11:02:35.966+0000] {logging_mixin.py:188} INFO - [2026-06-07T11:02:35.966+0000] {dagbag.py:538} INFO - Filling up the DagBag from /opt/airflow/dags/dag_crime_pipeline.py
[2026-06-07T11:02:36.015+0000] {processor.py:840} INFO - DAG(s) 'crime_analytics_pipeline' retrieved from /opt/airflow/dags/dag_crime_pipeline.py
[2026-06-07T11:02:36.062+0000] {logging_mixin.py:188} INFO - [2026-06-07T11:02:36.061+0000] {dag.py:3036} INFO - Sync 1 DAGs
[2026-06-07T11:02:36.094+0000] {logging_mixin.py:188} INFO - [2026-06-07T11:02:36.094+0000] {dag.py:3823} INFO - Setting next_dagrun for crime_analytics_pipeline to 2026-06-06 19:00:00+00:00, run_after=2026-06-13 19:00:00+00:00
[2026-06-07T11:02:36.119+0000] {processor.py:183} INFO - Processing /opt/airflow/dags/dag_crime_pipeline.py took 0.169 seconds
[2026-06-07T11:03:06.240+0000] {processor.py:161} INFO - Started process (PID=11868) to work on /opt/airflow/dags/dag_crime_pipeline.py
[2026-06-07T11:03:06.242+0000] {processor.py:830} INFO - Processing file /opt/airflow/dags/dag_crime_pipeline.py for tasks to queue
[2026-06-07T11:03:06.245+0000] {logging_mixin.py:188} INFO - [2026-06-07T11:03:06.245+0000] {dagbag.py:538} INFO - Filling up the DagBag from /opt/airflow/dags/dag_crime_pipeline.py
[2026-06-07T11:03:06.291+0000] {processor.py:840} INFO - DAG(s) 'crime_analytics_pipeline' retrieved from /opt/airflow/dags/dag_crime_pipeline.py
[2026-06-07T11:03:06.338+0000] {logging_mixin.py:188} INFO - [2026-06-07T11:03:06.337+0000] {dag.py:3036} INFO - Sync 1 DAGs
[2026-06-07T11:03:06.367+0000] {logging_mixin.py:188} INFO - [2026-06-07T11:03:06.367+0000] {dag.py:3823} INFO - Setting next_dagrun for crime_analytics_pipeline to 2026-06-06 19:00:00+00:00, run_after=2026-06-13 19:00:00+00:00
[2026-06-07T11:03:06.388+0000] {processor.py:183} INFO - Processing /opt/airflow/dags/dag_crime_pipeline.py took 0.153 seconds
[2026-06-07T11:03:36.475+0000] {processor.py:161} INFO - Started process (PID=11873) to work on /opt/airflow/dags/dag_crime_pipeline.py
[2026-06-07T11:03:36.476+0000] {processor.py:830} INFO - Processing file /opt/airflow/dags/dag_crime_pipeline.py for tasks to queue
[2026-06-07T11:03:36.479+0000] {logging_mixin.py:188} INFO - [2026-06-07T11:03:36.479+0000] {dagbag.py:538} INFO - Filling up the DagBag from /opt/airflow/dags/dag_crime_pipeline.py
[2026-06-07T11:03:36.524+0000] {processor.py:840} INFO - DAG(s) 'crime_analytics_pipeline' retrieved from /opt/airflow/dags/dag_crime_pipeline.py
[2026-06-07T11:03:36.569+0000] {logging_mixin.py:188} INFO - [2026-06-07T11:03:36.569+0000] {dag.py:3036} INFO - Sync 1 DAGs
[2026-06-07T11:03:36.597+0000] {logging_mixin.py:188} INFO - [2026-06-07T11:03:36.597+0000] {dag.py:3823} INFO - Setting next_dagrun for crime_analytics_pipeline to 2026-06-06 19:00:00+00:00, run_after=2026-06-13 19:00:00+00:00
[2026-06-07T11:03:36.643+0000] {processor.py:183} INFO - Processing /opt/airflow/dags/dag_crime_pipeline.py took 0.174 seconds
[2026-06-07T11:04:06.712+0000] {processor.py:161} INFO - Started process (PID=11878) to work on /opt/airflow/dags/dag_crime_pipeline.py
[2026-06-07T11:04:06.713+0000] {processor.py:830} INFO - Processing file /opt/airflow/dags/dag_crime_pipeline.py for tasks to queue
[2026-06-07T11:04:06.716+0000] {logging_mixin.py:188} INFO - [2026-06-07T11:04:06.716+0000] {dagbag.py:538} INFO - Filling up the DagBag from /opt/airflow/dags/dag_crime_pipeline.py
[2026-06-07T11:04:06.757+0000] {processor.py:840} INFO - DAG(s) 'crime_analytics_pipeline' retrieved from /opt/airflow/dags/dag_crime_pipeline.py
[2026-06-07T11:04:06.792+0000] {logging_mixin.py:188} INFO - [2026-06-07T11:04:06.792+0000] {dag.py:3036} INFO - Sync 1 DAGs
[2026-06-07T11:04:06.819+0000] {logging_mixin.py:188} INFO - [2026-06-07T11:04:06.819+0000] {dag.py:3823} INFO - Setting next_dagrun for crime_analytics_pipeline to 2026-06-06 19:00:00+00:00, run_after=2026-06-13 19:00:00+00:00
[2026-06-07T11:04:06.862+0000] {processor.py:183} INFO - Processing /opt/airflow/dags/dag_crime_pipeline.py took 0.154 seconds
[2026-06-07T11:04:36.951+0000] {processor.py:161} INFO - Started process (PID=11883) to work on /opt/airflow/dags/dag_crime_pipeline.py
[2026-06-07T11:04:36.953+0000] {processor.py:830} INFO - Processing file /opt/airflow/dags/dag_crime_pipeline.py for tasks to queue
[2026-06-07T11:04:36.956+0000] {logging_mixin.py:188} INFO - [2026-06-07T11:04:36.955+0000] {dagbag.py:538} INFO - Filling up the DagBag from /opt/airflow/dags/dag_crime_pipeline.py
[2026-06-07T11:04:36.995+0000] {processor.py:840} INFO - DAG(s) 'crime_analytics_pipeline' retrieved from /opt/airflow/dags/dag_crime_pipeline.py
[2026-06-07T11:04:37.034+0000] {logging_mixin.py:188} INFO - [2026-06-07T11:04:37.034+0000] {dag.py:3036} INFO - Sync 1 DAGs
[2026-06-07T11:04:37.059+0000] {logging_mixin.py:188} INFO - [2026-06-07T11:04:37.059+0000] {dag.py:3823} INFO - Setting next_dagrun for crime_analytics_pipeline to 2026-06-06 19:00:00+00:00, run_after=2026-06-13 19:00:00+00:00
[2026-06-07T11:04:37.098+0000] {processor.py:183} INFO - Processing /opt/airflow/dags/dag_crime_pipeline.py took 0.152 seconds
[2026-06-07T11:05:07.180+0000] {processor.py:161} INFO - Started process (PID=11888) to work on /opt/airflow/dags/dag_crime_pipeline.py
[2026-06-07T11:05:07.181+0000] {processor.py:830} INFO - Processing file /opt/airflow/dags/dag_crime_pipeline.py for tasks to queue
[2026-06-07T11:05:07.184+0000] {logging_mixin.py:188} INFO - [2026-06-07T11:05:07.183+0000] {dagbag.py:538} INFO - Filling up the DagBag from /opt/airflow/dags/dag_crime_pipeline.py
[2026-06-07T11:05:07.222+0000] {processor.py:840} INFO - DAG(s) 'crime_analytics_pipeline' retrieved from /opt/airflow/dags/dag_crime_pipeline.py
[2026-06-07T11:05:07.252+0000] {logging_mixin.py:188} INFO - [2026-06-07T11:05:07.251+0000] {dag.py:3036} INFO - Sync 1 DAGs
[2026-06-07T11:05:07.276+0000] {logging_mixin.py:188} INFO - [2026-06-07T11:05:07.276+0000] {dag.py:3823} INFO - Setting next_dagrun for crime_analytics_pipeline to 2026-06-06 19:00:00+00:00, run_after=2026-06-13 19:00:00+00:00
[2026-06-07T11:05:07.316+0000] {processor.py:183} INFO - Processing /opt/airflow/dags/dag_crime_pipeline.py took 0.141 seconds
[2026-06-07T11:05:37.405+0000] {processor.py:161} INFO - Started process (PID=11893) to work on /opt/airflow/dags/dag_crime_pipeline.py
[2026-06-07T11:05:37.407+0000] {processor.py:830} INFO - Processing file /opt/airflow/dags/dag_crime_pipeline.py for tasks to queue
[2026-06-07T11:05:37.409+0000] {logging_mixin.py:188} INFO - [2026-06-07T11:05:37.409+0000] {dagbag.py:538} INFO - Filling up the DagBag from /opt/airflow/dags/dag_crime_pipeline.py
[2026-06-07T11:05:37.447+0000] {processor.py:840} INFO - DAG(s) 'crime_analytics_pipeline' retrieved from /opt/airflow/dags/dag_crime_pipeline.py
[2026-06-07T11:05:37.479+0000] {logging_mixin.py:188} INFO - [2026-06-07T11:05:37.478+0000] {dag.py:3036} INFO - Sync 1 DAGs
[2026-06-07T11:05:37.505+0000] {logging_mixin.py:188} INFO - [2026-06-07T11:05:37.504+0000] {dag.py:3823} INFO - Setting next_dagrun for crime_analytics_pipeline to 2026-06-06 19:00:00+00:00, run_after=2026-06-13 19:00:00+00:00
[2026-06-07T11:05:37.528+0000] {processor.py:183} INFO - Processing /opt/airflow/dags/dag_crime_pipeline.py took 0.127 seconds
[2026-06-07T11:06:07.599+0000] {processor.py:161} INFO - Started process (PID=11898) to work on /opt/airflow/dags/dag_crime_pipeline.py
[2026-06-07T11:06:07.602+0000] {processor.py:830} INFO - Processing file /opt/airflow/dags/dag_crime_pipeline.py for tasks to queue
[2026-06-07T11:06:07.605+0000] {logging_mixin.py:188} INFO - [2026-06-07T11:06:07.604+0000] {dagbag.py:538} INFO - Filling up the DagBag from /opt/airflow/dags/dag_crime_pipeline.py
[2026-06-07T11:06:07.653+0000] {processor.py:840} INFO - DAG(s) 'crime_analytics_pipeline' retrieved from /opt/airflow/dags/dag_crime_pipeline.py
[2026-06-07T11:06:07.691+0000] {logging_mixin.py:188} INFO - [2026-06-07T11:06:07.691+0000] {dag.py:3036} INFO - Sync 1 DAGs
[2026-06-07T11:06:07.718+0000] {logging_mixin.py:188} INFO - [2026-06-07T11:06:07.718+0000] {dag.py:3823} INFO - Setting next_dagrun for crime_analytics_pipeline to 2026-06-06 19:00:00+00:00, run_after=2026-06-13 19:00:00+00:00
[2026-06-07T11:06:07.743+0000] {processor.py:183} INFO - Processing /opt/airflow/dags/dag_crime_pipeline.py took 0.149 seconds
[2026-06-07T11:06:37.835+0000] {processor.py:161} INFO - Started process (PID=11903) to work on /opt/airflow/dags/dag_crime_pipeline.py
[2026-06-07T11:06:37.836+0000] {processor.py:830} INFO - Processing file /opt/airflow/dags/dag_crime_pipeline.py for tasks to queue
[2026-06-07T11:06:37.839+0000] {logging_mixin.py:188} INFO - [2026-06-07T11:06:37.838+0000] {dagbag.py:538} INFO - Filling up the DagBag from /opt/airflow/dags/dag_crime_pipeline.py
[2026-06-07T11:06:37.876+0000] {processor.py:840} INFO - DAG(s) 'crime_analytics_pipeline' retrieved from /opt/airflow/dags/dag_crime_pipeline.py
[2026-06-07T11:06:37.908+0000] {logging_mixin.py:188} INFO - [2026-06-07T11:06:37.908+0000] {dag.py:3036} INFO - Sync 1 DAGs
[2026-06-07T11:06:37.933+0000] {logging_mixin.py:188} INFO - [2026-06-07T11:06:37.932+0000] {dag.py:3823} INFO - Setting next_dagrun for crime_analytics_pipeline to 2026-06-06 19:00:00+00:00, run_after=2026-06-13 19:00:00+00:00
[2026-06-07T11:06:37.952+0000] {processor.py:183} INFO - Processing /opt/airflow/dags/dag_crime_pipeline.py took 0.122 seconds
[2026-06-07T11:07:08.919+0000] {processor.py:161} INFO - Started process (PID=11908) to work on /opt/airflow/dags/dag_crime_pipeline.py
[2026-06-07T11:07:08.920+0000] {processor.py:830} INFO - Processing file /opt/airflow/dags/dag_crime_pipeline.py for tasks to queue
[2026-06-07T11:07:08.923+0000] {logging_mixin.py:188} INFO - [2026-06-07T11:07:08.923+0000] {dagbag.py:538} INFO - Filling up the DagBag from /opt/airflow/dags/dag_crime_pipeline.py
[2026-06-07T11:07:08.961+0000] {processor.py:840} INFO - DAG(s) 'crime_analytics_pipeline' retrieved from /opt/airflow/dags/dag_crime_pipeline.py
[2026-06-07T11:07:08.992+0000] {logging_mixin.py:188} INFO - [2026-06-07T11:07:08.992+0000] {dag.py:3036} INFO - Sync 1 DAGs
[2026-06-07T11:07:09.018+0000] {logging_mixin.py:188} INFO - [2026-06-07T11:07:09.018+0000] {dag.py:3823} INFO - Setting next_dagrun for crime_analytics_pipeline to 2026-06-06 19:00:00+00:00, run_after=2026-06-13 19:00:00+00:00
[2026-06-07T11:07:09.059+0000] {processor.py:183} INFO - Processing /opt/airflow/dags/dag_crime_pipeline.py took 0.144 seconds
[2026-06-07T11:07:39.149+0000] {processor.py:161} INFO - Started process (PID=11913) to work on /opt/airflow/dags/dag_crime_pipeline.py
[2026-06-07T11:07:39.150+0000] {processor.py:830} INFO - Processing file /opt/airflow/dags/dag_crime_pipeline.py for tasks to queue
[2026-06-07T11:07:39.154+0000] {logging_mixin.py:188} INFO - [2026-06-07T11:07:39.153+0000] {dagbag.py:538} INFO - Filling up the DagBag from /opt/airflow/dags/dag_crime_pipeline.py
[2026-06-07T11:07:39.195+0000] {processor.py:840} INFO - DAG(s) 'crime_analytics_pipeline' retrieved from /opt/airflow/dags/dag_crime_pipeline.py
[2026-06-07T11:07:39.228+0000] {logging_mixin.py:188} INFO - [2026-06-07T11:07:39.228+0000] {dag.py:3036} INFO - Sync 1 DAGs
[2026-06-07T11:07:39.254+0000] {logging_mixin.py:188} INFO - [2026-06-07T11:07:39.254+0000] {dag.py:3823} INFO - Setting next_dagrun for crime_analytics_pipeline to 2026-06-06 19:00:00+00:00, run_after=2026-06-13 19:00:00+00:00
[2026-06-07T11:07:39.276+0000] {processor.py:183} INFO - Processing /opt/airflow/dags/dag_crime_pipeline.py took 0.133 seconds
[2026-06-07T11:08:10.269+0000] {processor.py:161} INFO - Started process (PID=11918) to work on /opt/airflow/dags/dag_crime_pipeline.py
[2026-06-07T11:08:10.270+0000] {processor.py:830} INFO - Processing file /opt/airflow/dags/dag_crime_pipeline.py for tasks to queue
[2026-06-07T11:08:10.273+0000] {logging_mixin.py:188} INFO - [2026-06-07T11:08:10.273+0000] {dagbag.py:538} INFO - Filling up the DagBag from /opt/airflow/dags/dag_crime_pipeline.py
[2026-06-07T11:08:10.312+0000] {processor.py:840} INFO - DAG(s) 'crime_analytics_pipeline' retrieved from /opt/airflow/dags/dag_crime_pipeline.py
[2026-06-07T11:08:10.342+0000] {logging_mixin.py:188} INFO - [2026-06-07T11:08:10.341+0000] {dag.py:3036} INFO - Sync 1 DAGs
[2026-06-07T11:08:10.365+0000] {logging_mixin.py:188} INFO - [2026-06-07T11:08:10.365+0000] {dag.py:3823} INFO - Setting next_dagrun for crime_analytics_pipeline to 2026-06-06 19:00:00+00:00, run_after=2026-06-13 19:00:00+00:00
[2026-06-07T11:08:10.387+0000] {processor.py:183} INFO - Processing /opt/airflow/dags/dag_crime_pipeline.py took 0.123 seconds
[2026-06-07T11:08:40.482+0000] {processor.py:161} INFO - Started process (PID=11923) to work on /opt/airflow/dags/dag_crime_pipeline.py
[2026-06-07T11:08:40.483+0000] {processor.py:830} INFO - Processing file /opt/airflow/dags/dag_crime_pipeline.py for tasks to queue
[2026-06-07T11:08:40.486+0000] {logging_mixin.py:188} INFO - [2026-06-07T11:08:40.485+0000] {dagbag.py:538} INFO - Filling up the DagBag from /opt/airflow/dags/dag_crime_pipeline.py
[2026-06-07T11:08:40.526+0000] {processor.py:840} INFO - DAG(s) 'crime_analytics_pipeline' retrieved from /opt/airflow/dags/dag_crime_pipeline.py
[2026-06-07T11:08:40.566+0000] {logging_mixin.py:188} INFO - [2026-06-07T11:08:40.566+0000] {dag.py:3036} INFO - Sync 1 DAGs
[2026-06-07T11:08:40.594+0000] {logging_mixin.py:188} INFO - [2026-06-07T11:08:40.594+0000] {dag.py:3823} INFO - Setting next_dagrun for crime_analytics_pipeline to 2026-06-06 19:00:00+00:00, run_after=2026-06-13 19:00:00+00:00
[2026-06-07T11:08:40.637+0000] {processor.py:183} INFO - Processing /opt/airflow/dags/dag_crime_pipeline.py took 0.159 seconds
[2026-06-07T11:09:10.581+0000] {processor.py:161} INFO - Started process (PID=11928) to work on /opt/airflow/dags/dag_crime_pipeline.py
[2026-06-07T11:09:10.582+0000] {processor.py:830} INFO - Processing file /opt/airflow/dags/dag_crime_pipeline.py for tasks to queue
[2026-06-07T11:09:10.584+0000] {logging_mixin.py:188} INFO - [2026-06-07T11:09:10.584+0000] {dagbag.py:538} INFO - Filling up the DagBag from /opt/airflow/dags/dag_crime_pipeline.py
[2026-06-07T11:09:10.623+0000] {processor.py:840} INFO - DAG(s) 'crime_analytics_pipeline' retrieved from /opt/airflow/dags/dag_crime_pipeline.py
[2026-06-07T11:09:10.654+0000] {logging_mixin.py:188} INFO - [2026-06-07T11:09:10.654+0000] {dag.py:3036} INFO - Sync 1 DAGs
[2026-06-07T11:09:10.676+0000] {logging_mixin.py:188} INFO - [2026-06-07T11:09:10.675+0000] {dag.py:3823} INFO - Setting next_dagrun for crime_analytics_pipeline to 2026-06-06 19:00:00+00:00, run_after=2026-06-13 19:00:00+00:00
[2026-06-07T11:09:10.714+0000] {processor.py:183} INFO - Processing /opt/airflow/dags/dag_crime_pipeline.py took 0.138 seconds
[2026-06-07T11:09:40.876+0000] {processor.py:161} INFO - Started process (PID=11933) to work on /opt/airflow/dags/dag_crime_pipeline.py
[2026-06-07T11:09:40.878+0000] {processor.py:830} INFO - Processing file /opt/airflow/dags/dag_crime_pipeline.py for tasks to queue
[2026-06-07T11:09:40.880+0000] {logging_mixin.py:188} INFO - [2026-06-07T11:09:40.880+0000] {dagbag.py:538} INFO - Filling up the DagBag from /opt/airflow/dags/dag_crime_pipeline.py
[2026-06-07T11:09:40.917+0000] {processor.py:840} INFO - DAG(s) 'crime_analytics_pipeline' retrieved from /opt/airflow/dags/dag_crime_pipeline.py
[2026-06-07T11:09:40.953+0000] {logging_mixin.py:188} INFO - [2026-06-07T11:09:40.953+0000] {dag.py:3036} INFO - Sync 1 DAGs
[2026-06-07T11:09:40.974+0000] {logging_mixin.py:188} INFO - [2026-06-07T11:09:40.974+0000] {dag.py:3823} INFO - Setting next_dagrun for crime_analytics_pipeline to 2026-06-06 19:00:00+00:00, run_after=2026-06-13 19:00:00+00:00
[2026-06-07T11:09:41.012+0000] {processor.py:183} INFO - Processing /opt/airflow/dags/dag_crime_pipeline.py took 0.140 seconds
[2026-06-07T11:10:11.087+0000] {processor.py:161} INFO - Started process (PID=11938) to work on /opt/airflow/dags/dag_crime_pipeline.py
[2026-06-07T11:10:11.089+0000] {processor.py:830} INFO - Processing file /opt/airflow/dags/dag_crime_pipeline.py for tasks to queue
[2026-06-07T11:10:11.091+0000] {logging_mixin.py:188} INFO - [2026-06-07T11:10:11.091+0000] {dagbag.py:538} INFO - Filling up the DagBag from /opt/airflow/dags/dag_crime_pipeline.py
[2026-06-07T11:10:11.134+0000] {processor.py:840} INFO - DAG(s) 'crime_analytics_pipeline' retrieved from /opt/airflow/dags/dag_crime_pipeline.py
[2026-06-07T11:10:11.169+0000] {logging_mixin.py:188} INFO - [2026-06-07T11:10:11.168+0000] {dag.py:3036} INFO - Sync 1 DAGs
[2026-06-07T11:10:11.192+0000] {logging_mixin.py:188} INFO - [2026-06-07T11:10:11.192+0000] {dag.py:3823} INFO - Setting next_dagrun for crime_analytics_pipeline to 2026-06-06 19:00:00+00:00, run_after=2026-06-13 19:00:00+00:00
[2026-06-07T11:10:11.215+0000] {processor.py:183} INFO - Processing /opt/airflow/dags/dag_crime_pipeline.py took 0.132 seconds
[2026-06-07T11:10:42.131+0000] {processor.py:161} INFO - Started process (PID=11943) to work on /opt/airflow/dags/dag_crime_pipeline.py
[2026-06-07T11:10:42.132+0000] {processor.py:830} INFO - Processing file /opt/airflow/dags/dag_crime_pipeline.py for tasks to queue
[2026-06-07T11:10:42.135+0000] {logging_mixin.py:188} INFO - [2026-06-07T11:10:42.134+0000] {dagbag.py:538} INFO - Filling up the DagBag from /opt/airflow/dags/dag_crime_pipeline.py
[2026-06-07T11:10:42.170+0000] {processor.py:840} INFO - DAG(s) 'crime_analytics_pipeline' retrieved from /opt/airflow/dags/dag_crime_pipeline.py
[2026-06-07T11:10:42.201+0000] {logging_mixin.py:188} INFO - [2026-06-07T11:10:42.200+0000] {dag.py:3036} INFO - Sync 1 DAGs
[2026-06-07T11:10:42.222+0000] {logging_mixin.py:188} INFO - [2026-06-07T11:10:42.222+0000] {dag.py:3823} INFO - Setting next_dagrun for crime_analytics_pipeline to 2026-06-06 19:00:00+00:00, run_after=2026-06-13 19:00:00+00:00
[2026-06-07T11:10:42.261+0000] {processor.py:183} INFO - Processing /opt/airflow/dags/dag_crime_pipeline.py took 0.134 seconds
[2026-06-07T11:11:13.299+0000] {processor.py:161} INFO - Started process (PID=11948) to work on /opt/airflow/dags/dag_crime_pipeline.py
[2026-06-07T11:11:13.301+0000] {processor.py:830} INFO - Processing file /opt/airflow/dags/dag_crime_pipeline.py for tasks to queue
[2026-06-07T11:11:13.303+0000] {logging_mixin.py:188} INFO - [2026-06-07T11:11:13.303+0000] {dagbag.py:538} INFO - Filling up the DagBag from /opt/airflow/dags/dag_crime_pipeline.py
[2026-06-07T11:11:13.339+0000] {processor.py:840} INFO - DAG(s) 'crime_analytics_pipeline' retrieved from /opt/airflow/dags/dag_crime_pipeline.py
[2026-06-07T11:11:13.368+0000] {logging_mixin.py:188} INFO - [2026-06-07T11:11:13.367+0000] {dag.py:3036} INFO - Sync 1 DAGs
[2026-06-07T11:11:13.392+0000] {logging_mixin.py:188} INFO - [2026-06-07T11:11:13.392+0000] {dag.py:3823} INFO - Setting next_dagrun for crime_analytics_pipeline to 2026-06-06 19:00:00+00:00, run_after=2026-06-13 19:00:00+00:00
[2026-06-07T11:11:13.433+0000] {processor.py:183} INFO - Processing /opt/airflow/dags/dag_crime_pipeline.py took 0.137 seconds
[2026-06-07T11:11:43.521+0000] {processor.py:161} INFO - Started process (PID=11953) to work on /opt/airflow/dags/dag_crime_pipeline.py
[2026-06-07T11:11:43.522+0000] {processor.py:830} INFO - Processing file /opt/airflow/dags/dag_crime_pipeline.py for tasks to queue
[2026-06-07T11:11:43.525+0000] {logging_mixin.py:188} INFO - [2026-06-07T11:11:43.525+0000] {dagbag.py:538} INFO - Filling up the DagBag from /opt/airflow/dags/dag_crime_pipeline.py
[2026-06-07T11:11:43.570+0000] {processor.py:840} INFO - DAG(s) 'crime_analytics_pipeline' retrieved from /opt/airflow/dags/dag_crime_pipeline.py
[2026-06-07T11:11:43.604+0000] {logging_mixin.py:188} INFO - [2026-06-07T11:11:43.604+0000] {dag.py:3036} INFO - Sync 1 DAGs
[2026-06-07T11:11:43.634+0000] {logging_mixin.py:188} INFO - [2026-06-07T11:11:43.634+0000] {dag.py:3823} INFO - Setting next_dagrun for crime_analytics_pipeline to 2026-06-06 19:00:00+00:00, run_after=2026-06-13 19:00:00+00:00
[2026-06-07T11:11:43.686+0000] {processor.py:183} INFO - Processing /opt/airflow/dags/dag_crime_pipeline.py took 0.170 seconds
[2026-06-07T11:12:13.888+0000] {processor.py:161} INFO - Started process (PID=11958) to work on /opt/airflow/dags/dag_crime_pipeline.py
[2026-06-07T11:12:13.890+0000] {processor.py:830} INFO - Processing file /opt/airflow/dags/dag_crime_pipeline.py for tasks to queue
[2026-06-07T11:12:13.909+0000] {logging_mixin.py:188} INFO - [2026-06-07T11:12:13.909+0000] {dagbag.py:538} INFO - Filling up the DagBag from /opt/airflow/dags/dag_crime_pipeline.py
[2026-06-07T11:12:13.950+0000] {processor.py:840} INFO - DAG(s) 'crime_analytics_pipeline' retrieved from /opt/airflow/dags/dag_crime_pipeline.py
[2026-06-07T11:12:13.980+0000] {logging_mixin.py:188} INFO - [2026-06-07T11:12:13.980+0000] {dag.py:3036} INFO - Sync 1 DAGs
[2026-06-07T11:12:14.004+0000] {logging_mixin.py:188} INFO - [2026-06-07T11:12:14.004+0000] {dag.py:3823} INFO - Setting next_dagrun for crime_analytics_pipeline to 2026-06-06 19:00:00+00:00, run_after=2026-06-13 19:00:00+00:00
[2026-06-07T11:12:14.027+0000] {processor.py:183} INFO - Processing /opt/airflow/dags/dag_crime_pipeline.py took 0.144 seconds
[2026-06-07T11:12:44.129+0000] {processor.py:161} INFO - Started process (PID=11963) to work on /opt/airflow/dags/dag_crime_pipeline.py
[2026-06-07T11:12:44.131+0000] {processor.py:830} INFO - Processing file /opt/airflow/dags/dag_crime_pipeline.py for tasks to queue
[2026-06-07T11:12:44.134+0000] {logging_mixin.py:188} INFO - [2026-06-07T11:12:44.133+0000] {dagbag.py:538} INFO - Filling up the DagBag from /opt/airflow/dags/dag_crime_pipeline.py
[2026-06-07T11:12:44.174+0000] {processor.py:840} INFO - DAG(s) 'crime_analytics_pipeline' retrieved from /opt/airflow/dags/dag_crime_pipeline.py
[2026-06-07T11:12:44.207+0000] {logging_mixin.py:188} INFO - [2026-06-07T11:12:44.206+0000] {dag.py:3036} INFO - Sync 1 DAGs
[2026-06-07T11:12:44.229+0000] {logging_mixin.py:188} INFO - [2026-06-07T11:12:44.229+0000] {dag.py:3823} INFO - Setting next_dagrun for crime_analytics_pipeline to 2026-06-06 19:00:00+00:00, run_after=2026-06-13 19:00:00+00:00
[2026-06-07T11:12:44.248+0000] {processor.py:183} INFO - Processing /opt/airflow/dags/dag_crime_pipeline.py took 0.124 seconds
[2026-06-07T11:13:14.325+0000] {processor.py:161} INFO - Started process (PID=11968) to work on /opt/airflow/dags/dag_crime_pipeline.py
[2026-06-07T11:13:14.326+0000] {processor.py:830} INFO - Processing file /opt/airflow/dags/dag_crime_pipeline.py for tasks to queue
[2026-06-07T11:13:14.329+0000] {logging_mixin.py:188} INFO - [2026-06-07T11:13:14.329+0000] {dagbag.py:538} INFO - Filling up the DagBag from /opt/airflow/dags/dag_crime_pipeline.py
[2026-06-07T11:13:14.368+0000] {processor.py:840} INFO - DAG(s) 'crime_analytics_pipeline' retrieved from /opt/airflow/dags/dag_crime_pipeline.py
[2026-06-07T11:13:14.407+0000] {logging_mixin.py:188} INFO - [2026-06-07T11:13:14.406+0000] {dag.py:3036} INFO - Sync 1 DAGs
[2026-06-07T11:13:14.434+0000] {logging_mixin.py:188} INFO - [2026-06-07T11:13:14.434+0000] {dag.py:3823} INFO - Setting next_dagrun for crime_analytics_pipeline to 2026-06-06 19:00:00+00:00, run_after=2026-06-13 19:00:00+00:00
[2026-06-07T11:13:14.473+0000] {processor.py:183} INFO - Processing /opt/airflow/dags/dag_crime_pipeline.py took 0.151 seconds
[2026-06-07T11:13:44.629+0000] {processor.py:161} INFO - Started process (PID=11973) to work on /opt/airflow/dags/dag_crime_pipeline.py
[2026-06-07T11:13:44.630+0000] {processor.py:830} INFO - Processing file /opt/airflow/dags/dag_crime_pipeline.py for tasks to queue
[2026-06-07T11:13:44.633+0000] {logging_mixin.py:188} INFO - [2026-06-07T11:13:44.632+0000] {dagbag.py:538} INFO - Filling up the DagBag from /opt/airflow/dags/dag_crime_pipeline.py
[2026-06-07T11:13:44.673+0000] {processor.py:840} INFO - DAG(s) 'crime_analytics_pipeline' retrieved from /opt/airflow/dags/dag_crime_pipeline.py
[2026-06-07T11:13:44.711+0000] {logging_mixin.py:188} INFO - [2026-06-07T11:13:44.710+0000] {dag.py:3036} INFO - Sync 1 DAGs
[2026-06-07T11:13:44.737+0000] {logging_mixin.py:188} INFO - [2026-06-07T11:13:44.736+0000] {dag.py:3823} INFO - Setting next_dagrun for crime_analytics_pipeline to 2026-06-06 19:00:00+00:00, run_after=2026-06-13 19:00:00+00:00
[2026-06-07T11:13:44.758+0000] {processor.py:183} INFO - Processing /opt/airflow/dags/dag_crime_pipeline.py took 0.133 seconds
[2026-06-07T11:14:14.861+0000] {processor.py:161} INFO - Started process (PID=11978) to work on /opt/airflow/dags/dag_crime_pipeline.py
[2026-06-07T11:14:14.866+0000] {processor.py:830} INFO - Processing file /opt/airflow/dags/dag_crime_pipeline.py for tasks to queue
[2026-06-07T11:14:14.873+0000] {logging_mixin.py:188} INFO - [2026-06-07T11:14:14.872+0000] {dagbag.py:538} INFO - Filling up the DagBag from /opt/airflow/dags/dag_crime_pipeline.py
[2026-06-07T11:14:14.916+0000] {processor.py:840} INFO - DAG(s) 'crime_analytics_pipeline' retrieved from /opt/airflow/dags/dag_crime_pipeline.py
[2026-06-07T11:14:14.956+0000] {logging_mixin.py:188} INFO - [2026-06-07T11:14:14.956+0000] {dag.py:3036} INFO - Sync 1 DAGs
[2026-06-07T11:14:14.983+0000] {logging_mixin.py:188} INFO - [2026-06-07T11:14:14.982+0000] {dag.py:3823} INFO - Setting next_dagrun for crime_analytics_pipeline to 2026-06-06 19:00:00+00:00, run_after=2026-06-13 19:00:00+00:00
[2026-06-07T11:14:15.040+0000] {processor.py:183} INFO - Processing /opt/airflow/dags/dag_crime_pipeline.py took 0.184 seconds
[2026-06-07T11:14:45.118+0000] {processor.py:161} INFO - Started process (PID=11983) to work on /opt/airflow/dags/dag_crime_pipeline.py
[2026-06-07T11:14:45.119+0000] {processor.py:830} INFO - Processing file /opt/airflow/dags/dag_crime_pipeline.py for tasks to queue
[2026-06-07T11:14:45.122+0000] {logging_mixin.py:188} INFO - [2026-06-07T11:14:45.122+0000] {dagbag.py:538} INFO - Filling up the DagBag from /opt/airflow/dags/dag_crime_pipeline.py
[2026-06-07T11:14:45.159+0000] {processor.py:840} INFO - DAG(s) 'crime_analytics_pipeline' retrieved from /opt/airflow/dags/dag_crime_pipeline.py
[2026-06-07T11:14:45.196+0000] {logging_mixin.py:188} INFO - [2026-06-07T11:14:45.196+0000] {dag.py:3036} INFO - Sync 1 DAGs
[2026-06-07T11:14:45.223+0000] {logging_mixin.py:188} INFO - [2026-06-07T11:14:45.223+0000] {dag.py:3823} INFO - Setting next_dagrun for crime_analytics_pipeline to 2026-06-06 19:00:00+00:00, run_after=2026-06-13 19:00:00+00:00
[2026-06-07T11:14:45.244+0000] {processor.py:183} INFO - Processing /opt/airflow/dags/dag_crime_pipeline.py took 0.130 seconds
[2026-06-07T11:15:15.363+0000] {processor.py:161} INFO - Started process (PID=11988) to work on /opt/airflow/dags/dag_crime_pipeline.py
[2026-06-07T11:15:15.366+0000] {processor.py:830} INFO - Processing file /opt/airflow/dags/dag_crime_pipeline.py for tasks to queue
[2026-06-07T11:15:15.369+0000] {logging_mixin.py:188} INFO - [2026-06-07T11:15:15.369+0000] {dagbag.py:538} INFO - Filling up the DagBag from /opt/airflow/dags/dag_crime_pipeline.py
[2026-06-07T11:15:15.414+0000] {processor.py:840} INFO - DAG(s) 'crime_analytics_pipeline' retrieved from /opt/airflow/dags/dag_crime_pipeline.py
[2026-06-07T11:15:15.450+0000] {logging_mixin.py:188} INFO - [2026-06-07T11:15:15.450+0000] {dag.py:3036} INFO - Sync 1 DAGs
[2026-06-07T11:15:15.476+0000] {logging_mixin.py:188} INFO - [2026-06-07T11:15:15.476+0000] {dag.py:3823} INFO - Setting next_dagrun for crime_analytics_pipeline to 2026-06-06 19:00:00+00:00, run_after=2026-06-13 19:00:00+00:00
[2026-06-07T11:15:15.517+0000] {processor.py:183} INFO - Processing /opt/airflow/dags/dag_crime_pipeline.py took 0.160 seconds
[2026-06-07T11:15:45.672+0000] {processor.py:161} INFO - Started process (PID=11993) to work on /opt/airflow/dags/dag_crime_pipeline.py
[2026-06-07T11:15:45.674+0000] {processor.py:830} INFO - Processing file /opt/airflow/dags/dag_crime_pipeline.py for tasks to queue
[2026-06-07T11:15:45.676+0000] {logging_mixin.py:188} INFO - [2026-06-07T11:15:45.676+0000] {dagbag.py:538} INFO - Filling up the DagBag from /opt/airflow/dags/dag_crime_pipeline.py
[2026-06-07T11:15:45.717+0000] {processor.py:840} INFO - DAG(s) 'crime_analytics_pipeline' retrieved from /opt/airflow/dags/dag_crime_pipeline.py
[2026-06-07T11:15:45.755+0000] {logging_mixin.py:188} INFO - [2026-06-07T11:15:45.755+0000] {dag.py:3036} INFO - Sync 1 DAGs
[2026-06-07T11:15:45.780+0000] {logging_mixin.py:188} INFO - [2026-06-07T11:15:45.780+0000] {dag.py:3823} INFO - Setting next_dagrun for crime_analytics_pipeline to 2026-06-06 19:00:00+00:00, run_after=2026-06-13 19:00:00+00:00
[2026-06-07T11:15:45.818+0000] {processor.py:183} INFO - Processing /opt/airflow/dags/dag_crime_pipeline.py took 0.150 seconds
[2026-06-07T11:16:15.885+0000] {processor.py:161} INFO - Started process (PID=11998) to work on /opt/airflow/dags/dag_crime_pipeline.py
[2026-06-07T11:16:15.887+0000] {processor.py:830} INFO - Processing file /opt/airflow/dags/dag_crime_pipeline.py for tasks to queue
[2026-06-07T11:16:15.889+0000] {logging_mixin.py:188} INFO - [2026-06-07T11:16:15.889+0000] {dagbag.py:538} INFO - Filling up the DagBag from /opt/airflow/dags/dag_crime_pipeline.py
[2026-06-07T11:16:15.941+0000] {processor.py:840} INFO - DAG(s) 'crime_analytics_pipeline' retrieved from /opt/airflow/dags/dag_crime_pipeline.py
[2026-06-07T11:16:15.986+0000] {logging_mixin.py:188} INFO - [2026-06-07T11:16:15.986+0000] {dag.py:3036} INFO - Sync 1 DAGs
[2026-06-07T11:16:16.018+0000] {logging_mixin.py:188} INFO - [2026-06-07T11:16:16.017+0000] {dag.py:3823} INFO - Setting next_dagrun for crime_analytics_pipeline to 2026-06-06 19:00:00+00:00, run_after=2026-06-13 19:00:00+00:00
[2026-06-07T11:16:16.060+0000] {processor.py:183} INFO - Processing /opt/airflow/dags/dag_crime_pipeline.py took 0.179 seconds
[2026-06-07T11:16:46.187+0000] {processor.py:161} INFO - Started process (PID=12003) to work on /opt/airflow/dags/dag_crime_pipeline.py
[2026-06-07T11:16:46.189+0000] {processor.py:830} INFO - Processing file /opt/airflow/dags/dag_crime_pipeline.py for tasks to queue
[2026-06-07T11:16:46.194+0000] {logging_mixin.py:188} INFO - [2026-06-07T11:16:46.193+0000] {dagbag.py:538} INFO - Filling up the DagBag from /opt/airflow/dags/dag_crime_pipeline.py
[2026-06-07T11:16:46.238+0000] {processor.py:840} INFO - DAG(s) 'crime_analytics_pipeline' retrieved from /opt/airflow/dags/dag_crime_pipeline.py
[2026-06-07T11:16:46.293+0000] {logging_mixin.py:188} INFO - [2026-06-07T11:16:46.292+0000] {dag.py:3036} INFO - Sync 1 DAGs
[2026-06-07T11:16:46.332+0000] {logging_mixin.py:188} INFO - [2026-06-07T11:16:46.331+0000] {dag.py:3823} INFO - Setting next_dagrun for crime_analytics_pipeline to 2026-06-06 19:00:00+00:00, run_after=2026-06-13 19:00:00+00:00
[2026-06-07T11:16:46.363+0000] {processor.py:183} INFO - Processing /opt/airflow/dags/dag_crime_pipeline.py took 0.181 seconds
[2026-06-07T11:17:16.501+0000] {processor.py:161} INFO - Started process (PID=12008) to work on /opt/airflow/dags/dag_crime_pipeline.py
[2026-06-07T11:17:16.503+0000] {processor.py:830} INFO - Processing file /opt/airflow/dags/dag_crime_pipeline.py for tasks to queue
[2026-06-07T11:17:16.507+0000] {logging_mixin.py:188} INFO - [2026-06-07T11:17:16.506+0000] {dagbag.py:538} INFO - Filling up the DagBag from /opt/airflow/dags/dag_crime_pipeline.py
[2026-06-07T11:17:16.557+0000] {processor.py:840} INFO - DAG(s) 'crime_analytics_pipeline' retrieved from /opt/airflow/dags/dag_crime_pipeline.py
[2026-06-07T11:17:16.597+0000] {logging_mixin.py:188} INFO - [2026-06-07T11:17:16.597+0000] {dag.py:3036} INFO - Sync 1 DAGs
[2026-06-07T11:17:16.622+0000] {logging_mixin.py:188} INFO - [2026-06-07T11:17:16.622+0000] {dag.py:3823} INFO - Setting next_dagrun for crime_analytics_pipeline to 2026-06-06 19:00:00+00:00, run_after=2026-06-13 19:00:00+00:00
[2026-06-07T11:17:16.645+0000] {processor.py:183} INFO - Processing /opt/airflow/dags/dag_crime_pipeline.py took 0.148 seconds
[2026-06-07T11:17:46.749+0000] {processor.py:161} INFO - Started process (PID=12013) to work on /opt/airflow/dags/dag_crime_pipeline.py
[2026-06-07T11:17:46.751+0000] {processor.py:830} INFO - Processing file /opt/airflow/dags/dag_crime_pipeline.py for tasks to queue
[2026-06-07T11:17:46.753+0000] {logging_mixin.py:188} INFO - [2026-06-07T11:17:46.753+0000] {dagbag.py:538} INFO - Filling up the DagBag from /opt/airflow/dags/dag_crime_pipeline.py
[2026-06-07T11:17:46.794+0000] {processor.py:840} INFO - DAG(s) 'crime_analytics_pipeline' retrieved from /opt/airflow/dags/dag_crime_pipeline.py
[2026-06-07T11:17:46.833+0000] {logging_mixin.py:188} INFO - [2026-06-07T11:17:46.833+0000] {dag.py:3036} INFO - Sync 1 DAGs
[2026-06-07T11:17:46.861+0000] {logging_mixin.py:188} INFO - [2026-06-07T11:17:46.860+0000] {dag.py:3823} INFO - Setting next_dagrun for crime_analytics_pipeline to 2026-06-06 19:00:00+00:00, run_after=2026-06-13 19:00:00+00:00
[2026-06-07T11:17:46.885+0000] {processor.py:183} INFO - Processing /opt/airflow/dags/dag_crime_pipeline.py took 0.139 seconds
[2026-06-07T11:18:17.019+0000] {processor.py:161} INFO - Started process (PID=12018) to work on /opt/airflow/dags/dag_crime_pipeline.py
[2026-06-07T11:18:17.021+0000] {processor.py:830} INFO - Processing file /opt/airflow/dags/dag_crime_pipeline.py for tasks to queue
[2026-06-07T11:18:17.023+0000] {logging_mixin.py:188} INFO - [2026-06-07T11:18:17.023+0000] {dagbag.py:538} INFO - Filling up the DagBag from /opt/airflow/dags/dag_crime_pipeline.py
[2026-06-07T11:18:17.063+0000] {processor.py:840} INFO - DAG(s) 'crime_analytics_pipeline' retrieved from /opt/airflow/dags/dag_crime_pipeline.py
[2026-06-07T11:18:17.110+0000] {logging_mixin.py:188} INFO - [2026-06-07T11:18:17.109+0000] {dag.py:3036} INFO - Sync 1 DAGs
[2026-06-07T11:18:17.134+0000] {logging_mixin.py:188} INFO - [2026-06-07T11:18:17.134+0000] {dag.py:3823} INFO - Setting next_dagrun for crime_analytics_pipeline to 2026-06-06 19:00:00+00:00, run_after=2026-06-13 19:00:00+00:00
[2026-06-07T11:18:17.161+0000] {processor.py:183} INFO - Processing /opt/airflow/dags/dag_crime_pipeline.py took 0.146 seconds
[2026-06-07T11:18:48.109+0000] {processor.py:161} INFO - Started process (PID=12023) to work on /opt/airflow/dags/dag_crime_pipeline.py
[2026-06-07T11:18:48.111+0000] {processor.py:830} INFO - Processing file /opt/airflow/dags/dag_crime_pipeline.py for tasks to queue
[2026-06-07T11:18:48.114+0000] {logging_mixin.py:188} INFO - [2026-06-07T11:18:48.114+0000] {dagbag.py:538} INFO - Filling up the DagBag from /opt/airflow/dags/dag_crime_pipeline.py
[2026-06-07T11:18:48.158+0000] {processor.py:840} INFO - DAG(s) 'crime_analytics_pipeline' retrieved from /opt/airflow/dags/dag_crime_pipeline.py
[2026-06-07T11:18:48.205+0000] {logging_mixin.py:188} INFO - [2026-06-07T11:18:48.204+0000] {dag.py:3036} INFO - Sync 1 DAGs
[2026-06-07T11:18:48.241+0000] {logging_mixin.py:188} INFO - [2026-06-07T11:18:48.241+0000] {dag.py:3823} INFO - Setting next_dagrun for crime_analytics_pipeline to 2026-06-06 19:00:00+00:00, run_after=2026-06-13 19:00:00+00:00
[2026-06-07T11:18:48.289+0000] {processor.py:183} INFO - Processing /opt/airflow/dags/dag_crime_pipeline.py took 0.185 seconds
[2026-06-07T11:19:18.378+0000] {processor.py:161} INFO - Started process (PID=12028) to work on /opt/airflow/dags/dag_crime_pipeline.py
[2026-06-07T11:19:18.380+0000] {processor.py:830} INFO - Processing file /opt/airflow/dags/dag_crime_pipeline.py for tasks to queue
[2026-06-07T11:19:18.383+0000] {logging_mixin.py:188} INFO - [2026-06-07T11:19:18.382+0000] {dagbag.py:538} INFO - Filling up the DagBag from /opt/airflow/dags/dag_crime_pipeline.py
[2026-06-07T11:19:18.427+0000] {processor.py:840} INFO - DAG(s) 'crime_analytics_pipeline' retrieved from /opt/airflow/dags/dag_crime_pipeline.py
[2026-06-07T11:19:18.474+0000] {logging_mixin.py:188} INFO - [2026-06-07T11:19:18.473+0000] {dag.py:3036} INFO - Sync 1 DAGs
[2026-06-07T11:19:18.505+0000] {logging_mixin.py:188} INFO - [2026-06-07T11:19:18.505+0000] {dag.py:3823} INFO - Setting next_dagrun for crime_analytics_pipeline to 2026-06-06 19:00:00+00:00, run_after=2026-06-13 19:00:00+00:00
[2026-06-07T11:19:18.549+0000] {processor.py:183} INFO - Processing /opt/airflow/dags/dag_crime_pipeline.py took 0.176 seconds
[2026-06-07T11:19:48.627+0000] {processor.py:161} INFO - Started process (PID=12033) to work on /opt/airflow/dags/dag_crime_pipeline.py
[2026-06-07T11:19:48.628+0000] {processor.py:830} INFO - Processing file /opt/airflow/dags/dag_crime_pipeline.py for tasks to queue
[2026-06-07T11:19:48.632+0000] {logging_mixin.py:188} INFO - [2026-06-07T11:19:48.631+0000] {dagbag.py:538} INFO - Filling up the DagBag from /opt/airflow/dags/dag_crime_pipeline.py
[2026-06-07T11:19:48.674+0000] {processor.py:840} INFO - DAG(s) 'crime_analytics_pipeline' retrieved from /opt/airflow/dags/dag_crime_pipeline.py
[2026-06-07T11:19:48.711+0000] {logging_mixin.py:188} INFO - [2026-06-07T11:19:48.711+0000] {dag.py:3036} INFO - Sync 1 DAGs
[2026-06-07T11:19:48.741+0000] {logging_mixin.py:188} INFO - [2026-06-07T11:19:48.741+0000] {dag.py:3823} INFO - Setting next_dagrun for crime_analytics_pipeline to 2026-06-06 19:00:00+00:00, run_after=2026-06-13 19:00:00+00:00
[2026-06-07T11:19:48.767+0000] {processor.py:183} INFO - Processing /opt/airflow/dags/dag_crime_pipeline.py took 0.144 seconds
[2026-06-07T11:20:18.877+0000] {processor.py:161} INFO - Started process (PID=12038) to work on /opt/airflow/dags/dag_crime_pipeline.py
[2026-06-07T11:20:18.879+0000] {processor.py:830} INFO - Processing file /opt/airflow/dags/dag_crime_pipeline.py for tasks to queue
[2026-06-07T11:20:18.881+0000] {logging_mixin.py:188} INFO - [2026-06-07T11:20:18.881+0000] {dagbag.py:538} INFO - Filling up the DagBag from /opt/airflow/dags/dag_crime_pipeline.py
[2026-06-07T11:20:18.921+0000] {processor.py:840} INFO - DAG(s) 'crime_analytics_pipeline' retrieved from /opt/airflow/dags/dag_crime_pipeline.py
[2026-06-07T11:20:18.959+0000] {logging_mixin.py:188} INFO - [2026-06-07T11:20:18.959+0000] {dag.py:3036} INFO - Sync 1 DAGs
[2026-06-07T11:20:18.989+0000] {logging_mixin.py:188} INFO - [2026-06-07T11:20:18.989+0000] {dag.py:3823} INFO - Setting next_dagrun for crime_analytics_pipeline to 2026-06-06 19:00:00+00:00, run_after=2026-06-13 19:00:00+00:00
[2026-06-07T11:20:19.015+0000] {processor.py:183} INFO - Processing /opt/airflow/dags/dag_crime_pipeline.py took 0.143 seconds
[2026-06-07T11:20:49.182+0000] {processor.py:161} INFO - Started process (PID=12043) to work on /opt/airflow/dags/dag_crime_pipeline.py
[2026-06-07T11:20:49.184+0000] {processor.py:830} INFO - Processing file /opt/airflow/dags/dag_crime_pipeline.py for tasks to queue
[2026-06-07T11:20:49.187+0000] {logging_mixin.py:188} INFO - [2026-06-07T11:20:49.187+0000] {dagbag.py:538} INFO - Filling up the DagBag from /opt/airflow/dags/dag_crime_pipeline.py
[2026-06-07T11:20:49.229+0000] {processor.py:840} INFO - DAG(s) 'crime_analytics_pipeline' retrieved from /opt/airflow/dags/dag_crime_pipeline.py
[2026-06-07T11:20:49.273+0000] {logging_mixin.py:188} INFO - [2026-06-07T11:20:49.272+0000] {dag.py:3036} INFO - Sync 1 DAGs
[2026-06-07T11:20:49.565+0000] {logging_mixin.py:188} INFO - [2026-06-07T11:20:49.564+0000] {dag.py:3823} INFO - Setting next_dagrun for crime_analytics_pipeline to 2026-06-06 19:00:00+00:00, run_after=2026-06-13 19:00:00+00:00
[2026-06-07T11:20:49.608+0000] {processor.py:183} INFO - Processing /opt/airflow/dags/dag_crime_pipeline.py took 0.430 seconds
[2026-06-07T11:21:19.701+0000] {processor.py:161} INFO - Started process (PID=12048) to work on /opt/airflow/dags/dag_crime_pipeline.py
[2026-06-07T11:21:19.702+0000] {processor.py:830} INFO - Processing file /opt/airflow/dags/dag_crime_pipeline.py for tasks to queue
[2026-06-07T11:21:19.705+0000] {logging_mixin.py:188} INFO - [2026-06-07T11:21:19.705+0000] {dagbag.py:538} INFO - Filling up the DagBag from /opt/airflow/dags/dag_crime_pipeline.py
[2026-06-07T11:21:19.978+0000] {processor.py:840} INFO - DAG(s) 'crime_analytics_pipeline' retrieved from /opt/airflow/dags/dag_crime_pipeline.py
[2026-06-07T11:21:20.011+0000] {logging_mixin.py:188} INFO - [2026-06-07T11:21:20.011+0000] {dag.py:3036} INFO - Sync 1 DAGs
[2026-06-07T11:21:20.034+0000] {logging_mixin.py:188} INFO - [2026-06-07T11:21:20.034+0000] {dag.py:3823} INFO - Setting next_dagrun for crime_analytics_pipeline to 2026-06-06 19:00:00+00:00, run_after=2026-06-13 19:00:00+00:00
[2026-06-07T11:21:20.052+0000] {processor.py:183} INFO - Processing /opt/airflow/dags/dag_crime_pipeline.py took 0.356 seconds
[2026-06-07T11:21:50.432+0000] {processor.py:161} INFO - Started process (PID=12053) to work on /opt/airflow/dags/dag_crime_pipeline.py
[2026-06-07T11:21:50.433+0000] {processor.py:830} INFO - Processing file /opt/airflow/dags/dag_crime_pipeline.py for tasks to queue
[2026-06-07T11:21:50.435+0000] {logging_mixin.py:188} INFO - [2026-06-07T11:21:50.435+0000] {dagbag.py:538} INFO - Filling up the DagBag from /opt/airflow/dags/dag_crime_pipeline.py
[2026-06-07T11:21:50.474+0000] {processor.py:840} INFO - DAG(s) 'crime_analytics_pipeline' retrieved from /opt/airflow/dags/dag_crime_pipeline.py
[2026-06-07T11:21:50.517+0000] {logging_mixin.py:188} INFO - [2026-06-07T11:21:50.516+0000] {dag.py:3036} INFO - Sync 1 DAGs
[2026-06-07T11:21:50.541+0000] {logging_mixin.py:188} INFO - [2026-06-07T11:21:50.541+0000] {dag.py:3823} INFO - Setting next_dagrun for crime_analytics_pipeline to 2026-06-06 19:00:00+00:00, run_after=2026-06-13 19:00:00+00:00
[2026-06-07T11:21:50.581+0000] {processor.py:183} INFO - Processing /opt/airflow/dags/dag_crime_pipeline.py took 0.153 seconds
[2026-06-07T11:22:20.676+0000] {processor.py:161} INFO - Started process (PID=12058) to work on /opt/airflow/dags/dag_crime_pipeline.py
[2026-06-07T11:22:20.677+0000] {processor.py:830} INFO - Processing file /opt/airflow/dags/dag_crime_pipeline.py for tasks to queue
[2026-06-07T11:22:20.680+0000] {logging_mixin.py:188} INFO - [2026-06-07T11:22:20.679+0000] {dagbag.py:538} INFO - Filling up the DagBag from /opt/airflow/dags/dag_crime_pipeline.py
[2026-06-07T11:22:20.719+0000] {processor.py:840} INFO - DAG(s) 'crime_analytics_pipeline' retrieved from /opt/airflow/dags/dag_crime_pipeline.py
[2026-06-07T11:22:20.765+0000] {logging_mixin.py:188} INFO - [2026-06-07T11:22:20.764+0000] {dag.py:3036} INFO - Sync 1 DAGs
[2026-06-07T11:22:20.796+0000] {logging_mixin.py:188} INFO - [2026-06-07T11:22:20.796+0000] {dag.py:3823} INFO - Setting next_dagrun for crime_analytics_pipeline to 2026-06-06 19:00:00+00:00, run_after=2026-06-13 19:00:00+00:00
[2026-06-07T11:22:20.823+0000] {processor.py:183} INFO - Processing /opt/airflow/dags/dag_crime_pipeline.py took 0.152 seconds
[2026-06-07T11:22:50.920+0000] {processor.py:161} INFO - Started process (PID=12063) to work on /opt/airflow/dags/dag_crime_pipeline.py
[2026-06-07T11:22:50.922+0000] {processor.py:830} INFO - Processing file /opt/airflow/dags/dag_crime_pipeline.py for tasks to queue
[2026-06-07T11:22:50.926+0000] {logging_mixin.py:188} INFO - [2026-06-07T11:22:50.926+0000] {dagbag.py:538} INFO - Filling up the DagBag from /opt/airflow/dags/dag_crime_pipeline.py
[2026-06-07T11:22:50.973+0000] {processor.py:840} INFO - DAG(s) 'crime_analytics_pipeline' retrieved from /opt/airflow/dags/dag_crime_pipeline.py
[2026-06-07T11:22:51.019+0000] {logging_mixin.py:188} INFO - [2026-06-07T11:22:51.018+0000] {dag.py:3036} INFO - Sync 1 DAGs
[2026-06-07T11:22:51.057+0000] {logging_mixin.py:188} INFO - [2026-06-07T11:22:51.057+0000] {dag.py:3823} INFO - Setting next_dagrun for crime_analytics_pipeline to 2026-06-06 19:00:00+00:00, run_after=2026-06-13 19:00:00+00:00
[2026-06-07T11:22:51.091+0000] {processor.py:183} INFO - Processing /opt/airflow/dags/dag_crime_pipeline.py took 0.176 seconds
[2026-06-07T11:23:21.288+0000] {processor.py:161} INFO - Started process (PID=12068) to work on /opt/airflow/dags/dag_crime_pipeline.py
[2026-06-07T11:23:21.290+0000] {processor.py:830} INFO - Processing file /opt/airflow/dags/dag_crime_pipeline.py for tasks to queue
[2026-06-07T11:23:21.293+0000] {logging_mixin.py:188} INFO - [2026-06-07T11:23:21.293+0000] {dagbag.py:538} INFO - Filling up the DagBag from /opt/airflow/dags/dag_crime_pipeline.py
[2026-06-07T11:23:21.340+0000] {processor.py:840} INFO - DAG(s) 'crime_analytics_pipeline' retrieved from /opt/airflow/dags/dag_crime_pipeline.py
[2026-06-07T11:23:21.393+0000] {logging_mixin.py:188} INFO - [2026-06-07T11:23:21.393+0000] {dag.py:3036} INFO - Sync 1 DAGs
[2026-06-07T11:23:21.439+0000] {logging_mixin.py:188} INFO - [2026-06-07T11:23:21.439+0000] {dag.py:3823} INFO - Setting next_dagrun for crime_analytics_pipeline to 2026-06-06 19:00:00+00:00, run_after=2026-06-13 19:00:00+00:00
[2026-06-07T11:23:21.494+0000] {processor.py:183} INFO - Processing /opt/airflow/dags/dag_crime_pipeline.py took 0.211 seconds
[2026-06-07T11:23:51.605+0000] {processor.py:161} INFO - Started process (PID=12073) to work on /opt/airflow/dags/dag_crime_pipeline.py
[2026-06-07T11:23:51.606+0000] {processor.py:830} INFO - Processing file /opt/airflow/dags/dag_crime_pipeline.py for tasks to queue
[2026-06-07T11:23:51.610+0000] {logging_mixin.py:188} INFO - [2026-06-07T11:23:51.609+0000] {dagbag.py:538} INFO - Filling up the DagBag from /opt/airflow/dags/dag_crime_pipeline.py
[2026-06-07T11:23:51.653+0000] {processor.py:840} INFO - DAG(s) 'crime_analytics_pipeline' retrieved from /opt/airflow/dags/dag_crime_pipeline.py
[2026-06-07T11:23:51.700+0000] {logging_mixin.py:188} INFO - [2026-06-07T11:23:51.699+0000] {dag.py:3036} INFO - Sync 1 DAGs
[2026-06-07T11:23:51.735+0000] {logging_mixin.py:188} INFO - [2026-06-07T11:23:51.734+0000] {dag.py:3823} INFO - Setting next_dagrun for crime_analytics_pipeline to 2026-06-06 19:00:00+00:00, run_after=2026-06-13 19:00:00+00:00
[2026-06-07T11:23:51.764+0000] {processor.py:183} INFO - Processing /opt/airflow/dags/dag_crime_pipeline.py took 0.163 seconds
[2026-06-07T11:24:21.919+0000] {processor.py:161} INFO - Started process (PID=12078) to work on /opt/airflow/dags/dag_crime_pipeline.py
[2026-06-07T11:24:21.921+0000] {processor.py:830} INFO - Processing file /opt/airflow/dags/dag_crime_pipeline.py for tasks to queue
[2026-06-07T11:24:21.925+0000] {logging_mixin.py:188} INFO - [2026-06-07T11:24:21.924+0000] {dagbag.py:538} INFO - Filling up the DagBag from /opt/airflow/dags/dag_crime_pipeline.py
[2026-06-07T11:24:21.970+0000] {processor.py:840} INFO - DAG(s) 'crime_analytics_pipeline' retrieved from /opt/airflow/dags/dag_crime_pipeline.py
[2026-06-07T11:24:22.013+0000] {logging_mixin.py:188} INFO - [2026-06-07T11:24:22.012+0000] {dag.py:3036} INFO - Sync 1 DAGs
[2026-06-07T11:24:22.042+0000] {logging_mixin.py:188} INFO - [2026-06-07T11:24:22.041+0000] {dag.py:3823} INFO - Setting next_dagrun for crime_analytics_pipeline to 2026-06-06 19:00:00+00:00, run_after=2026-06-13 19:00:00+00:00
[2026-06-07T11:24:22.063+0000] {processor.py:183} INFO - Processing /opt/airflow/dags/dag_crime_pipeline.py took 0.149 seconds
[2026-06-07T11:24:52.158+0000] {processor.py:161} INFO - Started process (PID=12083) to work on /opt/airflow/dags/dag_crime_pipeline.py
[2026-06-07T11:24:52.160+0000] {processor.py:830} INFO - Processing file /opt/airflow/dags/dag_crime_pipeline.py for tasks to queue
[2026-06-07T11:24:52.164+0000] {logging_mixin.py:188} INFO - [2026-06-07T11:24:52.163+0000] {dagbag.py:538} INFO - Filling up the DagBag from /opt/airflow/dags/dag_crime_pipeline.py
[2026-06-07T11:24:52.219+0000] {processor.py:840} INFO - DAG(s) 'crime_analytics_pipeline' retrieved from /opt/airflow/dags/dag_crime_pipeline.py
[2026-06-07T11:24:52.266+0000] {logging_mixin.py:188} INFO - [2026-06-07T11:24:52.266+0000] {dag.py:3036} INFO - Sync 1 DAGs
[2026-06-07T11:24:52.296+0000] {logging_mixin.py:188} INFO - [2026-06-07T11:24:52.296+0000] {dag.py:3823} INFO - Setting next_dagrun for crime_analytics_pipeline to 2026-06-06 19:00:00+00:00, run_after=2026-06-13 19:00:00+00:00
[2026-06-07T11:24:52.339+0000] {processor.py:183} INFO - Processing /opt/airflow/dags/dag_crime_pipeline.py took 0.186 seconds
[2026-06-07T11:25:22.520+0000] {processor.py:161} INFO - Started process (PID=12088) to work on /opt/airflow/dags/dag_crime_pipeline.py
[2026-06-07T11:25:22.522+0000] {processor.py:830} INFO - Processing file /opt/airflow/dags/dag_crime_pipeline.py for tasks to queue
[2026-06-07T11:25:22.525+0000] {logging_mixin.py:188} INFO - [2026-06-07T11:25:22.525+0000] {dagbag.py:538} INFO - Filling up the DagBag from /opt/airflow/dags/dag_crime_pipeline.py
[2026-06-07T11:25:22.574+0000] {processor.py:840} INFO - DAG(s) 'crime_analytics_pipeline' retrieved from /opt/airflow/dags/dag_crime_pipeline.py
[2026-06-07T11:25:22.620+0000] {logging_mixin.py:188} INFO - [2026-06-07T11:25:22.620+0000] {dag.py:3036} INFO - Sync 1 DAGs
[2026-06-07T11:25:22.650+0000] {logging_mixin.py:188} INFO - [2026-06-07T11:25:22.649+0000] {dag.py:3823} INFO - Setting next_dagrun for crime_analytics_pipeline to 2026-06-06 19:00:00+00:00, run_after=2026-06-13 19:00:00+00:00
[2026-06-07T11:25:22.674+0000] {processor.py:183} INFO - Processing /opt/airflow/dags/dag_crime_pipeline.py took 0.159 seconds
[2026-06-07T11:25:52.776+0000] {processor.py:161} INFO - Started process (PID=12093) to work on /opt/airflow/dags/dag_crime_pipeline.py
[2026-06-07T11:25:52.777+0000] {processor.py:830} INFO - Processing file /opt/airflow/dags/dag_crime_pipeline.py for tasks to queue
[2026-06-07T11:25:52.780+0000] {logging_mixin.py:188} INFO - [2026-06-07T11:25:52.780+0000] {dagbag.py:538} INFO - Filling up the DagBag from /opt/airflow/dags/dag_crime_pipeline.py
[2026-06-07T11:25:52.828+0000] {processor.py:840} INFO - DAG(s) 'crime_analytics_pipeline' retrieved from /opt/airflow/dags/dag_crime_pipeline.py
[2026-06-07T11:25:52.869+0000] {logging_mixin.py:188} INFO - [2026-06-07T11:25:52.868+0000] {dag.py:3036} INFO - Sync 1 DAGs
[2026-06-07T11:25:52.895+0000] {logging_mixin.py:188} INFO - [2026-06-07T11:25:52.894+0000] {dag.py:3823} INFO - Setting next_dagrun for crime_analytics_pipeline to 2026-06-06 19:00:00+00:00, run_after=2026-06-13 19:00:00+00:00
[2026-06-07T11:25:52.936+0000] {processor.py:183} INFO - Processing /opt/airflow/dags/dag_crime_pipeline.py took 0.164 seconds
[2026-06-07T11:26:23.061+0000] {processor.py:161} INFO - Started process (PID=12098) to work on /opt/airflow/dags/dag_crime_pipeline.py
[2026-06-07T11:26:23.063+0000] {processor.py:830} INFO - Processing file /opt/airflow/dags/dag_crime_pipeline.py for tasks to queue
[2026-06-07T11:26:23.066+0000] {logging_mixin.py:188} INFO - [2026-06-07T11:26:23.066+0000] {dagbag.py:538} INFO - Filling up the DagBag from /opt/airflow/dags/dag_crime_pipeline.py
[2026-06-07T11:26:23.111+0000] {processor.py:840} INFO - DAG(s) 'crime_analytics_pipeline' retrieved from /opt/airflow/dags/dag_crime_pipeline.py
[2026-06-07T11:26:23.158+0000] {logging_mixin.py:188} INFO - [2026-06-07T11:26:23.157+0000] {dag.py:3036} INFO - Sync 1 DAGs
[2026-06-07T11:26:23.190+0000] {logging_mixin.py:188} INFO - [2026-06-07T11:26:23.190+0000] {dag.py:3823} INFO - Setting next_dagrun for crime_analytics_pipeline to 2026-06-06 19:00:00+00:00, run_after=2026-06-13 19:00:00+00:00
[2026-06-07T11:26:23.234+0000] {processor.py:183} INFO - Processing /opt/airflow/dags/dag_crime_pipeline.py took 0.179 seconds
[2026-06-07T11:26:53.351+0000] {processor.py:161} INFO - Started process (PID=12103) to work on /opt/airflow/dags/dag_crime_pipeline.py
[2026-06-07T11:26:53.353+0000] {processor.py:830} INFO - Processing file /opt/airflow/dags/dag_crime_pipeline.py for tasks to queue
[2026-06-07T11:26:53.355+0000] {logging_mixin.py:188} INFO - [2026-06-07T11:26:53.355+0000] {dagbag.py:538} INFO - Filling up the DagBag from /opt/airflow/dags/dag_crime_pipeline.py
[2026-06-07T11:26:53.396+0000] {processor.py:840} INFO - DAG(s) 'crime_analytics_pipeline' retrieved from /opt/airflow/dags/dag_crime_pipeline.py
[2026-06-07T11:26:53.435+0000] {logging_mixin.py:188} INFO - [2026-06-07T11:26:53.435+0000] {dag.py:3036} INFO - Sync 1 DAGs
[2026-06-07T11:26:53.462+0000] {logging_mixin.py:188} INFO - [2026-06-07T11:26:53.462+0000] {dag.py:3823} INFO - Setting next_dagrun for crime_analytics_pipeline to 2026-06-06 19:00:00+00:00, run_after=2026-06-13 19:00:00+00:00
[2026-06-07T11:26:53.505+0000] {processor.py:183} INFO - Processing /opt/airflow/dags/dag_crime_pipeline.py took 0.159 seconds
[2026-06-07T11:27:23.657+0000] {processor.py:161} INFO - Started process (PID=12108) to work on /opt/airflow/dags/dag_crime_pipeline.py
[2026-06-07T11:27:23.659+0000] {processor.py:830} INFO - Processing file /opt/airflow/dags/dag_crime_pipeline.py for tasks to queue
[2026-06-07T11:27:23.662+0000] {logging_mixin.py:188} INFO - [2026-06-07T11:27:23.661+0000] {dagbag.py:538} INFO - Filling up the DagBag from /opt/airflow/dags/dag_crime_pipeline.py
[2026-06-07T11:27:23.710+0000] {processor.py:840} INFO - DAG(s) 'crime_analytics_pipeline' retrieved from /opt/airflow/dags/dag_crime_pipeline.py
[2026-06-07T11:27:23.755+0000] {logging_mixin.py:188} INFO - [2026-06-07T11:27:23.755+0000] {dag.py:3036} INFO - Sync 1 DAGs
[2026-06-07T11:27:23.780+0000] {logging_mixin.py:188} INFO - [2026-06-07T11:27:23.780+0000] {dag.py:3823} INFO - Setting next_dagrun for crime_analytics_pipeline to 2026-06-06 19:00:00+00:00, run_after=2026-06-13 19:00:00+00:00
[2026-06-07T11:27:23.822+0000] {processor.py:183} INFO - Processing /opt/airflow/dags/dag_crime_pipeline.py took 0.168 seconds
[2026-06-07T11:27:53.974+0000] {processor.py:161} INFO - Started process (PID=12113) to work on /opt/airflow/dags/dag_crime_pipeline.py
[2026-06-07T11:27:53.976+0000] {processor.py:830} INFO - Processing file /opt/airflow/dags/dag_crime_pipeline.py for tasks to queue
[2026-06-07T11:27:53.979+0000] {logging_mixin.py:188} INFO - [2026-06-07T11:27:53.979+0000] {dagbag.py:538} INFO - Filling up the DagBag from /opt/airflow/dags/dag_crime_pipeline.py
[2026-06-07T11:27:54.026+0000] {processor.py:840} INFO - DAG(s) 'crime_analytics_pipeline' retrieved from /opt/airflow/dags/dag_crime_pipeline.py
[2026-06-07T11:27:54.064+0000] {logging_mixin.py:188} INFO - [2026-06-07T11:27:54.064+0000] {dag.py:3036} INFO - Sync 1 DAGs
[2026-06-07T11:27:54.090+0000] {logging_mixin.py:188} INFO - [2026-06-07T11:27:54.090+0000] {dag.py:3823} INFO - Setting next_dagrun for crime_analytics_pipeline to 2026-06-06 19:00:00+00:00, run_after=2026-06-13 19:00:00+00:00
[2026-06-07T11:27:54.111+0000] {processor.py:183} INFO - Processing /opt/airflow/dags/dag_crime_pipeline.py took 0.143 seconds
[2026-06-07T11:28:24.246+0000] {processor.py:161} INFO - Started process (PID=12118) to work on /opt/airflow/dags/dag_crime_pipeline.py
[2026-06-07T11:28:24.248+0000] {processor.py:830} INFO - Processing file /opt/airflow/dags/dag_crime_pipeline.py for tasks to queue
[2026-06-07T11:28:24.251+0000] {logging_mixin.py:188} INFO - [2026-06-07T11:28:24.250+0000] {dagbag.py:538} INFO - Filling up the DagBag from /opt/airflow/dags/dag_crime_pipeline.py
[2026-06-07T11:28:24.293+0000] {processor.py:840} INFO - DAG(s) 'crime_analytics_pipeline' retrieved from /opt/airflow/dags/dag_crime_pipeline.py
[2026-06-07T11:28:24.335+0000] {logging_mixin.py:188} INFO - [2026-06-07T11:28:24.335+0000] {dag.py:3036} INFO - Sync 1 DAGs
[2026-06-07T11:28:24.360+0000] {logging_mixin.py:188} INFO - [2026-06-07T11:28:24.360+0000] {dag.py:3823} INFO - Setting next_dagrun for crime_analytics_pipeline to 2026-06-06 19:00:00+00:00, run_after=2026-06-13 19:00:00+00:00
[2026-06-07T11:28:24.402+0000] {processor.py:183} INFO - Processing /opt/airflow/dags/dag_crime_pipeline.py took 0.160 seconds
[2026-06-07T11:28:54.517+0000] {processor.py:161} INFO - Started process (PID=12123) to work on /opt/airflow/dags/dag_crime_pipeline.py
[2026-06-07T11:28:54.519+0000] {processor.py:830} INFO - Processing file /opt/airflow/dags/dag_crime_pipeline.py for tasks to queue
[2026-06-07T11:28:54.522+0000] {logging_mixin.py:188} INFO - [2026-06-07T11:28:54.521+0000] {dagbag.py:538} INFO - Filling up the DagBag from /opt/airflow/dags/dag_crime_pipeline.py
[2026-06-07T11:28:54.590+0000] {processor.py:840} INFO - DAG(s) 'crime_analytics_pipeline' retrieved from /opt/airflow/dags/dag_crime_pipeline.py
[2026-06-07T11:28:54.649+0000] {logging_mixin.py:188} INFO - [2026-06-07T11:28:54.648+0000] {dag.py:3036} INFO - Sync 1 DAGs
[2026-06-07T11:28:54.678+0000] {logging_mixin.py:188} INFO - [2026-06-07T11:28:54.678+0000] {dag.py:3823} INFO - Setting next_dagrun for crime_analytics_pipeline to 2026-06-06 19:00:00+00:00, run_after=2026-06-13 19:00:00+00:00
[2026-06-07T11:28:54.699+0000] {processor.py:183} INFO - Processing /opt/airflow/dags/dag_crime_pipeline.py took 0.186 seconds
[2026-06-07T11:29:24.799+0000] {processor.py:161} INFO - Started process (PID=12128) to work on /opt/airflow/dags/dag_crime_pipeline.py
[2026-06-07T11:29:24.801+0000] {processor.py:830} INFO - Processing file /opt/airflow/dags/dag_crime_pipeline.py for tasks to queue
[2026-06-07T11:29:24.805+0000] {logging_mixin.py:188} INFO - [2026-06-07T11:29:24.804+0000] {dagbag.py:538} INFO - Filling up the DagBag from /opt/airflow/dags/dag_crime_pipeline.py
[2026-06-07T11:29:24.846+0000] {processor.py:840} INFO - DAG(s) 'crime_analytics_pipeline' retrieved from /opt/airflow/dags/dag_crime_pipeline.py
[2026-06-07T11:29:24.890+0000] {logging_mixin.py:188} INFO - [2026-06-07T11:29:24.889+0000] {dag.py:3036} INFO - Sync 1 DAGs
[2026-06-07T11:29:24.924+0000] {logging_mixin.py:188} INFO - [2026-06-07T11:29:24.923+0000] {dag.py:3823} INFO - Setting next_dagrun for crime_analytics_pipeline to 2026-06-06 19:00:00+00:00, run_after=2026-06-13 19:00:00+00:00
[2026-06-07T11:29:24.969+0000] {processor.py:183} INFO - Processing /opt/airflow/dags/dag_crime_pipeline.py took 0.176 seconds
[2026-06-07T11:29:55.133+0000] {processor.py:161} INFO - Started process (PID=12133) to work on /opt/airflow/dags/dag_crime_pipeline.py
[2026-06-07T11:29:55.134+0000] {processor.py:830} INFO - Processing file /opt/airflow/dags/dag_crime_pipeline.py for tasks to queue
[2026-06-07T11:29:55.137+0000] {logging_mixin.py:188} INFO - [2026-06-07T11:29:55.136+0000] {dagbag.py:538} INFO - Filling up the DagBag from /opt/airflow/dags/dag_crime_pipeline.py
[2026-06-07T11:29:55.175+0000] {processor.py:840} INFO - DAG(s) 'crime_analytics_pipeline' retrieved from /opt/airflow/dags/dag_crime_pipeline.py
[2026-06-07T11:29:55.220+0000] {logging_mixin.py:188} INFO - [2026-06-07T11:29:55.219+0000] {dag.py:3036} INFO - Sync 1 DAGs
[2026-06-07T11:29:55.254+0000] {logging_mixin.py:188} INFO - [2026-06-07T11:29:55.254+0000] {dag.py:3823} INFO - Setting next_dagrun for crime_analytics_pipeline to 2026-06-06 19:00:00+00:00, run_after=2026-06-13 19:00:00+00:00
[2026-06-07T11:29:55.283+0000] {processor.py:183} INFO - Processing /opt/airflow/dags/dag_crime_pipeline.py took 0.155 seconds
[2026-06-07T11:30:25.431+0000] {processor.py:161} INFO - Started process (PID=12186) to work on /opt/airflow/dags/dag_crime_pipeline.py
[2026-06-07T11:30:25.433+0000] {processor.py:830} INFO - Processing file /opt/airflow/dags/dag_crime_pipeline.py for tasks to queue
[2026-06-07T11:30:25.439+0000] {logging_mixin.py:188} INFO - [2026-06-07T11:30:25.438+0000] {dagbag.py:538} INFO - Filling up the DagBag from /opt/airflow/dags/dag_crime_pipeline.py
[2026-06-07T11:30:25.493+0000] {processor.py:840} INFO - DAG(s) 'crime_analytics_pipeline' retrieved from /opt/airflow/dags/dag_crime_pipeline.py
[2026-06-07T11:30:25.535+0000] {logging_mixin.py:188} INFO - [2026-06-07T11:30:25.535+0000] {dag.py:3036} INFO - Sync 1 DAGs
[2026-06-07T11:30:25.586+0000] {processor.py:183} INFO - Processing /opt/airflow/dags/dag_crime_pipeline.py took 0.163 seconds
[2026-06-07T11:30:55.688+0000] {processor.py:161} INFO - Started process (PID=12222) to work on /opt/airflow/dags/dag_crime_pipeline.py
[2026-06-07T11:30:55.691+0000] {processor.py:830} INFO - Processing file /opt/airflow/dags/dag_crime_pipeline.py for tasks to queue
[2026-06-07T11:30:55.696+0000] {logging_mixin.py:188} INFO - [2026-06-07T11:30:55.695+0000] {dagbag.py:538} INFO - Filling up the DagBag from /opt/airflow/dags/dag_crime_pipeline.py
[2026-06-07T11:30:55.744+0000] {processor.py:840} INFO - DAG(s) 'crime_analytics_pipeline' retrieved from /opt/airflow/dags/dag_crime_pipeline.py
[2026-06-07T11:30:55.791+0000] {logging_mixin.py:188} INFO - [2026-06-07T11:30:55.790+0000] {dag.py:3036} INFO - Sync 1 DAGs
[2026-06-07T11:30:55.841+0000] {processor.py:183} INFO - Processing /opt/airflow/dags/dag_crime_pipeline.py took 0.160 seconds
[2026-06-07T11:31:26.012+0000] {processor.py:161} INFO - Started process (PID=12227) to work on /opt/airflow/dags/dag_crime_pipeline.py
[2026-06-07T11:31:26.020+0000] {processor.py:830} INFO - Processing file /opt/airflow/dags/dag_crime_pipeline.py for tasks to queue
[2026-06-07T11:31:26.024+0000] {logging_mixin.py:188} INFO - [2026-06-07T11:31:26.024+0000] {dagbag.py:538} INFO - Filling up the DagBag from /opt/airflow/dags/dag_crime_pipeline.py
[2026-06-07T11:31:26.083+0000] {processor.py:840} INFO - DAG(s) 'crime_analytics_pipeline' retrieved from /opt/airflow/dags/dag_crime_pipeline.py
[2026-06-07T11:31:26.132+0000] {logging_mixin.py:188} INFO - [2026-06-07T11:31:26.131+0000] {dag.py:3036} INFO - Sync 1 DAGs
[2026-06-07T11:31:26.230+0000] {processor.py:183} INFO - Processing /opt/airflow/dags/dag_crime_pipeline.py took 0.234 seconds
[2026-06-07T11:31:56.456+0000] {processor.py:161} INFO - Started process (PID=12232) to work on /opt/airflow/dags/dag_crime_pipeline.py
[2026-06-07T11:31:56.458+0000] {processor.py:830} INFO - Processing file /opt/airflow/dags/dag_crime_pipeline.py for tasks to queue
[2026-06-07T11:31:56.462+0000] {logging_mixin.py:188} INFO - [2026-06-07T11:31:56.461+0000] {dagbag.py:538} INFO - Filling up the DagBag from /opt/airflow/dags/dag_crime_pipeline.py
[2026-06-07T11:31:56.506+0000] {processor.py:840} INFO - DAG(s) 'crime_analytics_pipeline' retrieved from /opt/airflow/dags/dag_crime_pipeline.py
[2026-06-07T11:31:56.547+0000] {logging_mixin.py:188} INFO - [2026-06-07T11:31:56.547+0000] {dag.py:3036} INFO - Sync 1 DAGs
[2026-06-07T11:31:56.594+0000] {processor.py:183} INFO - Processing /opt/airflow/dags/dag_crime_pipeline.py took 0.143 seconds
[2026-06-07T11:32:26.694+0000] {processor.py:161} INFO - Started process (PID=12241) to work on /opt/airflow/dags/dag_crime_pipeline.py
[2026-06-07T11:32:26.695+0000] {processor.py:830} INFO - Processing file /opt/airflow/dags/dag_crime_pipeline.py for tasks to queue
[2026-06-07T11:32:26.698+0000] {logging_mixin.py:188} INFO - [2026-06-07T11:32:26.697+0000] {dagbag.py:538} INFO - Filling up the DagBag from /opt/airflow/dags/dag_crime_pipeline.py
[2026-06-07T11:32:26.738+0000] {processor.py:840} INFO - DAG(s) 'crime_analytics_pipeline' retrieved from /opt/airflow/dags/dag_crime_pipeline.py
[2026-06-07T11:32:26.772+0000] {logging_mixin.py:188} INFO - [2026-06-07T11:32:26.772+0000] {dag.py:3036} INFO - Sync 1 DAGs
[2026-06-07T11:32:26.802+0000] {logging_mixin.py:188} INFO - [2026-06-07T11:32:26.802+0000] {dag.py:3823} INFO - Setting next_dagrun for crime_analytics_pipeline to 2026-06-06 19:00:00+00:00, run_after=2026-06-13 19:00:00+00:00
[2026-06-07T11:32:26.828+0000] {processor.py:183} INFO - Processing /opt/airflow/dags/dag_crime_pipeline.py took 0.138 seconds
[2026-06-07T11:32:56.942+0000] {processor.py:161} INFO - Started process (PID=12246) to work on /opt/airflow/dags/dag_crime_pipeline.py
[2026-06-07T11:32:56.943+0000] {processor.py:830} INFO - Processing file /opt/airflow/dags/dag_crime_pipeline.py for tasks to queue
[2026-06-07T11:32:56.945+0000] {logging_mixin.py:188} INFO - [2026-06-07T11:32:56.945+0000] {dagbag.py:538} INFO - Filling up the DagBag from /opt/airflow/dags/dag_crime_pipeline.py
[2026-06-07T11:32:56.989+0000] {processor.py:840} INFO - DAG(s) 'crime_analytics_pipeline' retrieved from /opt/airflow/dags/dag_crime_pipeline.py
[2026-06-07T11:32:57.024+0000] {logging_mixin.py:188} INFO - [2026-06-07T11:32:57.024+0000] {dag.py:3036} INFO - Sync 1 DAGs
[2026-06-07T11:32:57.048+0000] {logging_mixin.py:188} INFO - [2026-06-07T11:32:57.047+0000] {dag.py:3823} INFO - Setting next_dagrun for crime_analytics_pipeline to 2026-06-06 19:00:00+00:00, run_after=2026-06-13 19:00:00+00:00
[2026-06-07T11:32:57.067+0000] {processor.py:183} INFO - Processing /opt/airflow/dags/dag_crime_pipeline.py took 0.129 seconds
[2026-06-07T11:33:27.197+0000] {processor.py:161} INFO - Started process (PID=12251) to work on /opt/airflow/dags/dag_crime_pipeline.py
[2026-06-07T11:33:27.199+0000] {processor.py:830} INFO - Processing file /opt/airflow/dags/dag_crime_pipeline.py for tasks to queue
[2026-06-07T11:33:27.201+0000] {logging_mixin.py:188} INFO - [2026-06-07T11:33:27.201+0000] {dagbag.py:538} INFO - Filling up the DagBag from /opt/airflow/dags/dag_crime_pipeline.py
[2026-06-07T11:33:27.240+0000] {processor.py:840} INFO - DAG(s) 'crime_analytics_pipeline' retrieved from /opt/airflow/dags/dag_crime_pipeline.py
[2026-06-07T11:33:27.272+0000] {logging_mixin.py:188} INFO - [2026-06-07T11:33:27.271+0000] {dag.py:3036} INFO - Sync 1 DAGs
[2026-06-07T11:33:27.292+0000] {logging_mixin.py:188} INFO - [2026-06-07T11:33:27.292+0000] {dag.py:3823} INFO - Setting next_dagrun for crime_analytics_pipeline to 2026-06-06 19:00:00+00:00, run_after=2026-06-13 19:00:00+00:00
[2026-06-07T11:33:27.329+0000] {processor.py:183} INFO - Processing /opt/airflow/dags/dag_crime_pipeline.py took 0.135 seconds
[2026-06-07T11:33:57.421+0000] {processor.py:161} INFO - Started process (PID=12256) to work on /opt/airflow/dags/dag_crime_pipeline.py
[2026-06-07T11:33:57.422+0000] {processor.py:830} INFO - Processing file /opt/airflow/dags/dag_crime_pipeline.py for tasks to queue
[2026-06-07T11:33:57.425+0000] {logging_mixin.py:188} INFO - [2026-06-07T11:33:57.424+0000] {dagbag.py:538} INFO - Filling up the DagBag from /opt/airflow/dags/dag_crime_pipeline.py
[2026-06-07T11:33:57.461+0000] {processor.py:840} INFO - DAG(s) 'crime_analytics_pipeline' retrieved from /opt/airflow/dags/dag_crime_pipeline.py
[2026-06-07T11:33:57.490+0000] {logging_mixin.py:188} INFO - [2026-06-07T11:33:57.490+0000] {dag.py:3036} INFO - Sync 1 DAGs
[2026-06-07T11:33:57.514+0000] {logging_mixin.py:188} INFO - [2026-06-07T11:33:57.514+0000] {dag.py:3823} INFO - Setting next_dagrun for crime_analytics_pipeline to 2026-06-06 19:00:00+00:00, run_after=2026-06-13 19:00:00+00:00
[2026-06-07T11:33:57.534+0000] {processor.py:183} INFO - Processing /opt/airflow/dags/dag_crime_pipeline.py took 0.116 seconds
[2026-06-07T11:34:27.611+0000] {processor.py:161} INFO - Started process (PID=12261) to work on /opt/airflow/dags/dag_crime_pipeline.py
[2026-06-07T11:34:27.613+0000] {processor.py:830} INFO - Processing file /opt/airflow/dags/dag_crime_pipeline.py for tasks to queue
[2026-06-07T11:34:27.616+0000] {logging_mixin.py:188} INFO - [2026-06-07T11:34:27.616+0000] {dagbag.py:538} INFO - Filling up the DagBag from /opt/airflow/dags/dag_crime_pipeline.py
[2026-06-07T11:34:27.655+0000] {processor.py:840} INFO - DAG(s) 'crime_analytics_pipeline' retrieved from /opt/airflow/dags/dag_crime_pipeline.py
[2026-06-07T11:34:27.686+0000] {logging_mixin.py:188} INFO - [2026-06-07T11:34:27.685+0000] {dag.py:3036} INFO - Sync 1 DAGs
[2026-06-07T11:34:27.710+0000] {logging_mixin.py:188} INFO - [2026-06-07T11:34:27.709+0000] {dag.py:3823} INFO - Setting next_dagrun for crime_analytics_pipeline to 2026-06-06 19:00:00+00:00, run_after=2026-06-13 19:00:00+00:00
[2026-06-07T11:34:27.732+0000] {processor.py:183} INFO - Processing /opt/airflow/dags/dag_crime_pipeline.py took 0.128 seconds
[2026-06-07T11:34:57.833+0000] {processor.py:161} INFO - Started process (PID=12266) to work on /opt/airflow/dags/dag_crime_pipeline.py
[2026-06-07T11:34:57.834+0000] {processor.py:830} INFO - Processing file /opt/airflow/dags/dag_crime_pipeline.py for tasks to queue
[2026-06-07T11:34:57.837+0000] {logging_mixin.py:188} INFO - [2026-06-07T11:34:57.837+0000] {dagbag.py:538} INFO - Filling up the DagBag from /opt/airflow/dags/dag_crime_pipeline.py
[2026-06-07T11:34:57.874+0000] {processor.py:840} INFO - DAG(s) 'crime_analytics_pipeline' retrieved from /opt/airflow/dags/dag_crime_pipeline.py
[2026-06-07T11:34:57.907+0000] {logging_mixin.py:188} INFO - [2026-06-07T11:34:57.907+0000] {dag.py:3036} INFO - Sync 1 DAGs
[2026-06-07T11:34:57.928+0000] {logging_mixin.py:188} INFO - [2026-06-07T11:34:57.928+0000] {dag.py:3823} INFO - Setting next_dagrun for crime_analytics_pipeline to 2026-06-06 19:00:00+00:00, run_after=2026-06-13 19:00:00+00:00
[2026-06-07T11:34:57.947+0000] {processor.py:183} INFO - Processing /opt/airflow/dags/dag_crime_pipeline.py took 0.119 seconds
[2026-06-07T11:35:28.057+0000] {processor.py:161} INFO - Started process (PID=12271) to work on /opt/airflow/dags/dag_crime_pipeline.py
[2026-06-07T11:35:28.058+0000] {processor.py:830} INFO - Processing file /opt/airflow/dags/dag_crime_pipeline.py for tasks to queue
[2026-06-07T11:35:28.061+0000] {logging_mixin.py:188} INFO - [2026-06-07T11:35:28.060+0000] {dagbag.py:538} INFO - Filling up the DagBag from /opt/airflow/dags/dag_crime_pipeline.py
[2026-06-07T11:35:28.098+0000] {processor.py:840} INFO - DAG(s) 'crime_analytics_pipeline' retrieved from /opt/airflow/dags/dag_crime_pipeline.py
[2026-06-07T11:35:28.129+0000] {logging_mixin.py:188} INFO - [2026-06-07T11:35:28.129+0000] {dag.py:3036} INFO - Sync 1 DAGs
[2026-06-07T11:35:28.149+0000] {logging_mixin.py:188} INFO - [2026-06-07T11:35:28.149+0000] {dag.py:3823} INFO - Setting next_dagrun for crime_analytics_pipeline to 2026-06-06 19:00:00+00:00, run_after=2026-06-13 19:00:00+00:00
[2026-06-07T11:35:28.168+0000] {processor.py:183} INFO - Processing /opt/airflow/dags/dag_crime_pipeline.py took 0.117 seconds
[2026-06-07T11:35:58.297+0000] {processor.py:161} INFO - Started process (PID=12276) to work on /opt/airflow/dags/dag_crime_pipeline.py
[2026-06-07T11:35:58.299+0000] {processor.py:830} INFO - Processing file /opt/airflow/dags/dag_crime_pipeline.py for tasks to queue
[2026-06-07T11:35:58.302+0000] {logging_mixin.py:188} INFO - [2026-06-07T11:35:58.301+0000] {dagbag.py:538} INFO - Filling up the DagBag from /opt/airflow/dags/dag_crime_pipeline.py
[2026-06-07T11:35:58.348+0000] {processor.py:840} INFO - DAG(s) 'crime_analytics_pipeline' retrieved from /opt/airflow/dags/dag_crime_pipeline.py
[2026-06-07T11:35:58.384+0000] {logging_mixin.py:188} INFO - [2026-06-07T11:35:58.383+0000] {dag.py:3036} INFO - Sync 1 DAGs
[2026-06-07T11:35:58.409+0000] {logging_mixin.py:188} INFO - [2026-06-07T11:35:58.409+0000] {dag.py:3823} INFO - Setting next_dagrun for crime_analytics_pipeline to 2026-06-06 19:00:00+00:00, run_after=2026-06-13 19:00:00+00:00
[2026-06-07T11:35:58.433+0000] {processor.py:183} INFO - Processing /opt/airflow/dags/dag_crime_pipeline.py took 0.140 seconds
[2026-06-07T11:36:28.556+0000] {processor.py:161} INFO - Started process (PID=12281) to work on /opt/airflow/dags/dag_crime_pipeline.py
[2026-06-07T11:36:28.558+0000] {processor.py:830} INFO - Processing file /opt/airflow/dags/dag_crime_pipeline.py for tasks to queue
[2026-06-07T11:36:28.560+0000] {logging_mixin.py:188} INFO - [2026-06-07T11:36:28.560+0000] {dagbag.py:538} INFO - Filling up the DagBag from /opt/airflow/dags/dag_crime_pipeline.py
[2026-06-07T11:36:28.604+0000] {processor.py:840} INFO - DAG(s) 'crime_analytics_pipeline' retrieved from /opt/airflow/dags/dag_crime_pipeline.py
[2026-06-07T11:36:28.640+0000] {logging_mixin.py:188} INFO - [2026-06-07T11:36:28.640+0000] {dag.py:3036} INFO - Sync 1 DAGs
[2026-06-07T11:36:28.661+0000] {logging_mixin.py:188} INFO - [2026-06-07T11:36:28.661+0000] {dag.py:3823} INFO - Setting next_dagrun for crime_analytics_pipeline to 2026-06-06 19:00:00+00:00, run_after=2026-06-13 19:00:00+00:00
[2026-06-07T11:36:28.681+0000] {processor.py:183} INFO - Processing /opt/airflow/dags/dag_crime_pipeline.py took 0.130 seconds
[2026-06-07T11:36:58.803+0000] {processor.py:161} INFO - Started process (PID=12286) to work on /opt/airflow/dags/dag_crime_pipeline.py
[2026-06-07T11:36:58.805+0000] {processor.py:830} INFO - Processing file /opt/airflow/dags/dag_crime_pipeline.py for tasks to queue
[2026-06-07T11:36:58.807+0000] {logging_mixin.py:188} INFO - [2026-06-07T11:36:58.807+0000] {dagbag.py:538} INFO - Filling up the DagBag from /opt/airflow/dags/dag_crime_pipeline.py
[2026-06-07T11:36:58.847+0000] {processor.py:840} INFO - DAG(s) 'crime_analytics_pipeline' retrieved from /opt/airflow/dags/dag_crime_pipeline.py
[2026-06-07T11:36:58.878+0000] {logging_mixin.py:188} INFO - [2026-06-07T11:36:58.878+0000] {dag.py:3036} INFO - Sync 1 DAGs
[2026-06-07T11:36:58.898+0000] {logging_mixin.py:188} INFO - [2026-06-07T11:36:58.898+0000] {dag.py:3823} INFO - Setting next_dagrun for crime_analytics_pipeline to 2026-06-06 19:00:00+00:00, run_after=2026-06-13 19:00:00+00:00
[2026-06-07T11:36:58.916+0000] {processor.py:183} INFO - Processing /opt/airflow/dags/dag_crime_pipeline.py took 0.118 seconds
[2026-06-07T11:37:29.069+0000] {processor.py:161} INFO - Started process (PID=12291) to work on /opt/airflow/dags/dag_crime_pipeline.py
[2026-06-07T11:37:29.071+0000] {processor.py:830} INFO - Processing file /opt/airflow/dags/dag_crime_pipeline.py for tasks to queue
[2026-06-07T11:37:29.074+0000] {logging_mixin.py:188} INFO - [2026-06-07T11:37:29.074+0000] {dagbag.py:538} INFO - Filling up the DagBag from /opt/airflow/dags/dag_crime_pipeline.py
[2026-06-07T11:37:29.117+0000] {processor.py:840} INFO - DAG(s) 'crime_analytics_pipeline' retrieved from /opt/airflow/dags/dag_crime_pipeline.py
[2026-06-07T11:37:29.149+0000] {logging_mixin.py:188} INFO - [2026-06-07T11:37:29.149+0000] {dag.py:3036} INFO - Sync 1 DAGs
[2026-06-07T11:37:29.170+0000] {logging_mixin.py:188} INFO - [2026-06-07T11:37:29.170+0000] {dag.py:3823} INFO - Setting next_dagrun for crime_analytics_pipeline to 2026-06-06 19:00:00+00:00, run_after=2026-06-13 19:00:00+00:00
[2026-06-07T11:37:29.209+0000] {processor.py:183} INFO - Processing /opt/airflow/dags/dag_crime_pipeline.py took 0.143 seconds
[2026-06-07T11:37:59.298+0000] {processor.py:161} INFO - Started process (PID=12296) to work on /opt/airflow/dags/dag_crime_pipeline.py
[2026-06-07T11:37:59.299+0000] {processor.py:830} INFO - Processing file /opt/airflow/dags/dag_crime_pipeline.py for tasks to queue
[2026-06-07T11:37:59.302+0000] {logging_mixin.py:188} INFO - [2026-06-07T11:37:59.301+0000] {dagbag.py:538} INFO - Filling up the DagBag from /opt/airflow/dags/dag_crime_pipeline.py
[2026-06-07T11:37:59.341+0000] {processor.py:840} INFO - DAG(s) 'crime_analytics_pipeline' retrieved from /opt/airflow/dags/dag_crime_pipeline.py
[2026-06-07T11:37:59.378+0000] {logging_mixin.py:188} INFO - [2026-06-07T11:37:59.378+0000] {dag.py:3036} INFO - Sync 1 DAGs
[2026-06-07T11:37:59.400+0000] {logging_mixin.py:188} INFO - [2026-06-07T11:37:59.400+0000] {dag.py:3823} INFO - Setting next_dagrun for crime_analytics_pipeline to 2026-06-06 19:00:00+00:00, run_after=2026-06-13 19:00:00+00:00
[2026-06-07T11:37:59.424+0000] {processor.py:183} INFO - Processing /opt/airflow/dags/dag_crime_pipeline.py took 0.131 seconds
[2026-06-07T11:38:29.599+0000] {processor.py:161} INFO - Started process (PID=12301) to work on /opt/airflow/dags/dag_crime_pipeline.py
[2026-06-07T11:38:29.601+0000] {processor.py:830} INFO - Processing file /opt/airflow/dags/dag_crime_pipeline.py for tasks to queue
[2026-06-07T11:38:29.604+0000] {logging_mixin.py:188} INFO - [2026-06-07T11:38:29.604+0000] {dagbag.py:538} INFO - Filling up the DagBag from /opt/airflow/dags/dag_crime_pipeline.py
[2026-06-07T11:38:29.651+0000] {processor.py:840} INFO - DAG(s) 'crime_analytics_pipeline' retrieved from /opt/airflow/dags/dag_crime_pipeline.py
[2026-06-07T11:38:29.685+0000] {logging_mixin.py:188} INFO - [2026-06-07T11:38:29.685+0000] {dag.py:3036} INFO - Sync 1 DAGs
[2026-06-07T11:38:29.707+0000] {logging_mixin.py:188} INFO - [2026-06-07T11:38:29.707+0000] {dag.py:3823} INFO - Setting next_dagrun for crime_analytics_pipeline to 2026-06-06 19:00:00+00:00, run_after=2026-06-13 19:00:00+00:00
[2026-06-07T11:38:29.727+0000] {processor.py:183} INFO - Processing /opt/airflow/dags/dag_crime_pipeline.py took 0.133 seconds
[2026-06-07T11:38:59.895+0000] {processor.py:161} INFO - Started process (PID=12306) to work on /opt/airflow/dags/dag_crime_pipeline.py
[2026-06-07T11:38:59.897+0000] {processor.py:830} INFO - Processing file /opt/airflow/dags/dag_crime_pipeline.py for tasks to queue
[2026-06-07T11:38:59.900+0000] {logging_mixin.py:188} INFO - [2026-06-07T11:38:59.899+0000] {dagbag.py:538} INFO - Filling up the DagBag from /opt/airflow/dags/dag_crime_pipeline.py
[2026-06-07T11:38:59.941+0000] {processor.py:840} INFO - DAG(s) 'crime_analytics_pipeline' retrieved from /opt/airflow/dags/dag_crime_pipeline.py
[2026-06-07T11:38:59.972+0000] {logging_mixin.py:188} INFO - [2026-06-07T11:38:59.972+0000] {dag.py:3036} INFO - Sync 1 DAGs
[2026-06-07T11:38:59.998+0000] {logging_mixin.py:188} INFO - [2026-06-07T11:38:59.998+0000] {dag.py:3823} INFO - Setting next_dagrun for crime_analytics_pipeline to 2026-06-06 19:00:00+00:00, run_after=2026-06-13 19:00:00+00:00
[2026-06-07T11:39:00.029+0000] {processor.py:183} INFO - Processing /opt/airflow/dags/dag_crime_pipeline.py took 0.139 seconds
[2026-06-07T11:39:30.229+0000] {processor.py:161} INFO - Started process (PID=12311) to work on /opt/airflow/dags/dag_crime_pipeline.py
[2026-06-07T11:39:30.230+0000] {processor.py:830} INFO - Processing file /opt/airflow/dags/dag_crime_pipeline.py for tasks to queue
[2026-06-07T11:39:30.233+0000] {logging_mixin.py:188} INFO - [2026-06-07T11:39:30.232+0000] {dagbag.py:538} INFO - Filling up the DagBag from /opt/airflow/dags/dag_crime_pipeline.py
[2026-06-07T11:39:30.272+0000] {processor.py:840} INFO - DAG(s) 'crime_analytics_pipeline' retrieved from /opt/airflow/dags/dag_crime_pipeline.py
[2026-06-07T11:39:30.303+0000] {logging_mixin.py:188} INFO - [2026-06-07T11:39:30.303+0000] {dag.py:3036} INFO - Sync 1 DAGs
[2026-06-07T11:39:30.324+0000] {logging_mixin.py:188} INFO - [2026-06-07T11:39:30.324+0000] {dag.py:3823} INFO - Setting next_dagrun for crime_analytics_pipeline to 2026-06-06 19:00:00+00:00, run_after=2026-06-13 19:00:00+00:00
[2026-06-07T11:39:30.362+0000] {processor.py:183} INFO - Processing /opt/airflow/dags/dag_crime_pipeline.py took 0.136 seconds
[2026-06-07T11:40:00.446+0000] {processor.py:161} INFO - Started process (PID=12316) to work on /opt/airflow/dags/dag_crime_pipeline.py
[2026-06-07T11:40:00.447+0000] {processor.py:830} INFO - Processing file /opt/airflow/dags/dag_crime_pipeline.py for tasks to queue
[2026-06-07T11:40:00.449+0000] {logging_mixin.py:188} INFO - [2026-06-07T11:40:00.449+0000] {dagbag.py:538} INFO - Filling up the DagBag from /opt/airflow/dags/dag_crime_pipeline.py
[2026-06-07T11:40:00.488+0000] {processor.py:840} INFO - DAG(s) 'crime_analytics_pipeline' retrieved from /opt/airflow/dags/dag_crime_pipeline.py
[2026-06-07T11:40:00.519+0000] {logging_mixin.py:188} INFO - [2026-06-07T11:40:00.519+0000] {dag.py:3036} INFO - Sync 1 DAGs
[2026-06-07T11:40:00.540+0000] {logging_mixin.py:188} INFO - [2026-06-07T11:40:00.540+0000] {dag.py:3823} INFO - Setting next_dagrun for crime_analytics_pipeline to 2026-06-06 19:00:00+00:00, run_after=2026-06-13 19:00:00+00:00
[2026-06-07T11:40:00.578+0000] {processor.py:183} INFO - Processing /opt/airflow/dags/dag_crime_pipeline.py took 0.136 seconds
[2026-06-07T11:40:30.702+0000] {processor.py:161} INFO - Started process (PID=12321) to work on /opt/airflow/dags/dag_crime_pipeline.py
[2026-06-07T11:40:30.703+0000] {processor.py:830} INFO - Processing file /opt/airflow/dags/dag_crime_pipeline.py for tasks to queue
[2026-06-07T11:40:30.706+0000] {logging_mixin.py:188} INFO - [2026-06-07T11:40:30.706+0000] {dagbag.py:538} INFO - Filling up the DagBag from /opt/airflow/dags/dag_crime_pipeline.py
[2026-06-07T11:40:30.745+0000] {processor.py:840} INFO - DAG(s) 'crime_analytics_pipeline' retrieved from /opt/airflow/dags/dag_crime_pipeline.py
[2026-06-07T11:40:30.778+0000] {logging_mixin.py:188} INFO - [2026-06-07T11:40:30.777+0000] {dag.py:3036} INFO - Sync 1 DAGs
[2026-06-07T11:40:30.799+0000] {logging_mixin.py:188} INFO - [2026-06-07T11:40:30.798+0000] {dag.py:3823} INFO - Setting next_dagrun for crime_analytics_pipeline to 2026-06-06 19:00:00+00:00, run_after=2026-06-13 19:00:00+00:00
[2026-06-07T11:40:30.819+0000] {processor.py:183} INFO - Processing /opt/airflow/dags/dag_crime_pipeline.py took 0.121 seconds
[2026-06-07T11:41:00.945+0000] {processor.py:161} INFO - Started process (PID=12326) to work on /opt/airflow/dags/dag_crime_pipeline.py
[2026-06-07T11:41:00.947+0000] {processor.py:830} INFO - Processing file /opt/airflow/dags/dag_crime_pipeline.py for tasks to queue
[2026-06-07T11:41:00.949+0000] {logging_mixin.py:188} INFO - [2026-06-07T11:41:00.949+0000] {dagbag.py:538} INFO - Filling up the DagBag from /opt/airflow/dags/dag_crime_pipeline.py
[2026-06-07T11:41:00.987+0000] {processor.py:840} INFO - DAG(s) 'crime_analytics_pipeline' retrieved from /opt/airflow/dags/dag_crime_pipeline.py
[2026-06-07T11:41:01.023+0000] {logging_mixin.py:188} INFO - [2026-06-07T11:41:01.023+0000] {dag.py:3036} INFO - Sync 1 DAGs
[2026-06-07T11:41:01.046+0000] {logging_mixin.py:188} INFO - [2026-06-07T11:41:01.046+0000] {dag.py:3823} INFO - Setting next_dagrun for crime_analytics_pipeline to 2026-06-06 19:00:00+00:00, run_after=2026-06-13 19:00:00+00:00
[2026-06-07T11:41:01.083+0000] {processor.py:183} INFO - Processing /opt/airflow/dags/dag_crime_pipeline.py took 0.143 seconds
[2026-06-07T11:41:31.214+0000] {processor.py:161} INFO - Started process (PID=12331) to work on /opt/airflow/dags/dag_crime_pipeline.py
[2026-06-07T11:41:31.215+0000] {processor.py:830} INFO - Processing file /opt/airflow/dags/dag_crime_pipeline.py for tasks to queue
[2026-06-07T11:41:31.217+0000] {logging_mixin.py:188} INFO - [2026-06-07T11:41:31.217+0000] {dagbag.py:538} INFO - Filling up the DagBag from /opt/airflow/dags/dag_crime_pipeline.py
[2026-06-07T11:41:31.253+0000] {processor.py:840} INFO - DAG(s) 'crime_analytics_pipeline' retrieved from /opt/airflow/dags/dag_crime_pipeline.py
[2026-06-07T11:41:31.282+0000] {logging_mixin.py:188} INFO - [2026-06-07T11:41:31.281+0000] {dag.py:3036} INFO - Sync 1 DAGs
[2026-06-07T11:41:31.303+0000] {logging_mixin.py:188} INFO - [2026-06-07T11:41:31.303+0000] {dag.py:3823} INFO - Setting next_dagrun for crime_analytics_pipeline to 2026-06-06 19:00:00+00:00, run_after=2026-06-13 19:00:00+00:00
[2026-06-07T11:41:31.336+0000] {processor.py:183} INFO - Processing /opt/airflow/dags/dag_crime_pipeline.py took 0.127 seconds
[2026-06-07T11:42:01.448+0000] {processor.py:161} INFO - Started process (PID=12336) to work on /opt/airflow/dags/dag_crime_pipeline.py
[2026-06-07T11:42:01.449+0000] {processor.py:830} INFO - Processing file /opt/airflow/dags/dag_crime_pipeline.py for tasks to queue
[2026-06-07T11:42:01.452+0000] {logging_mixin.py:188} INFO - [2026-06-07T11:42:01.452+0000] {dagbag.py:538} INFO - Filling up the DagBag from /opt/airflow/dags/dag_crime_pipeline.py
[2026-06-07T11:42:01.502+0000] {processor.py:840} INFO - DAG(s) 'crime_analytics_pipeline' retrieved from /opt/airflow/dags/dag_crime_pipeline.py
[2026-06-07T11:42:01.552+0000] {logging_mixin.py:188} INFO - [2026-06-07T11:42:01.552+0000] {dag.py:3036} INFO - Sync 1 DAGs
[2026-06-07T11:42:01.575+0000] {logging_mixin.py:188} INFO - [2026-06-07T11:42:01.575+0000] {dag.py:3823} INFO - Setting next_dagrun for crime_analytics_pipeline to 2026-06-06 19:00:00+00:00, run_after=2026-06-13 19:00:00+00:00
[2026-06-07T11:42:01.596+0000] {processor.py:183} INFO - Processing /opt/airflow/dags/dag_crime_pipeline.py took 0.153 seconds
[2026-06-07T11:42:31.730+0000] {processor.py:161} INFO - Started process (PID=12341) to work on /opt/airflow/dags/dag_crime_pipeline.py
[2026-06-07T11:42:31.732+0000] {processor.py:830} INFO - Processing file /opt/airflow/dags/dag_crime_pipeline.py for tasks to queue
[2026-06-07T11:42:31.735+0000] {logging_mixin.py:188} INFO - [2026-06-07T11:42:31.734+0000] {dagbag.py:538} INFO - Filling up the DagBag from /opt/airflow/dags/dag_crime_pipeline.py
[2026-06-07T11:42:31.777+0000] {processor.py:840} INFO - DAG(s) 'crime_analytics_pipeline' retrieved from /opt/airflow/dags/dag_crime_pipeline.py
[2026-06-07T11:42:31.812+0000] {logging_mixin.py:188} INFO - [2026-06-07T11:42:31.812+0000] {dag.py:3036} INFO - Sync 1 DAGs
[2026-06-07T11:42:31.837+0000] {logging_mixin.py:188} INFO - [2026-06-07T11:42:31.837+0000] {dag.py:3823} INFO - Setting next_dagrun for crime_analytics_pipeline to 2026-06-06 19:00:00+00:00, run_after=2026-06-13 19:00:00+00:00
[2026-06-07T11:42:31.879+0000] {processor.py:183} INFO - Processing /opt/airflow/dags/dag_crime_pipeline.py took 0.154 seconds
[2026-06-07T11:43:01.974+0000] {processor.py:161} INFO - Started process (PID=12346) to work on /opt/airflow/dags/dag_crime_pipeline.py
[2026-06-07T11:43:01.976+0000] {processor.py:830} INFO - Processing file /opt/airflow/dags/dag_crime_pipeline.py for tasks to queue
[2026-06-07T11:43:01.979+0000] {logging_mixin.py:188} INFO - [2026-06-07T11:43:01.978+0000] {dagbag.py:538} INFO - Filling up the DagBag from /opt/airflow/dags/dag_crime_pipeline.py
[2026-06-07T11:43:02.019+0000] {processor.py:840} INFO - DAG(s) 'crime_analytics_pipeline' retrieved from /opt/airflow/dags/dag_crime_pipeline.py
[2026-06-07T11:43:02.050+0000] {logging_mixin.py:188} INFO - [2026-06-07T11:43:02.050+0000] {dag.py:3036} INFO - Sync 1 DAGs
[2026-06-07T11:43:02.072+0000] {logging_mixin.py:188} INFO - [2026-06-07T11:43:02.072+0000] {dag.py:3823} INFO - Setting next_dagrun for crime_analytics_pipeline to 2026-06-06 19:00:00+00:00, run_after=2026-06-13 19:00:00+00:00
[2026-06-07T11:43:02.091+0000] {processor.py:183} INFO - Processing /opt/airflow/dags/dag_crime_pipeline.py took 0.121 seconds
[2026-06-07T11:43:32.113+0000] {processor.py:161} INFO - Started process (PID=12351) to work on /opt/airflow/dags/dag_crime_pipeline.py
[2026-06-07T11:43:32.115+0000] {processor.py:830} INFO - Processing file /opt/airflow/dags/dag_crime_pipeline.py for tasks to queue
[2026-06-07T11:43:32.118+0000] {logging_mixin.py:188} INFO - [2026-06-07T11:43:32.117+0000] {dagbag.py:538} INFO - Filling up the DagBag from /opt/airflow/dags/dag_crime_pipeline.py
[2026-06-07T11:43:32.158+0000] {processor.py:840} INFO - DAG(s) 'crime_analytics_pipeline' retrieved from /opt/airflow/dags/dag_crime_pipeline.py
[2026-06-07T11:43:32.190+0000] {logging_mixin.py:188} INFO - [2026-06-07T11:43:32.190+0000] {dag.py:3036} INFO - Sync 1 DAGs
[2026-06-07T11:43:32.209+0000] {logging_mixin.py:188} INFO - [2026-06-07T11:43:32.209+0000] {dag.py:3823} INFO - Setting next_dagrun for crime_analytics_pipeline to 2026-06-06 19:00:00+00:00, run_after=2026-06-13 19:00:00+00:00
[2026-06-07T11:43:32.247+0000] {processor.py:183} INFO - Processing /opt/airflow/dags/dag_crime_pipeline.py took 0.139 seconds
[2026-06-07T11:44:02.392+0000] {processor.py:161} INFO - Started process (PID=12356) to work on /opt/airflow/dags/dag_crime_pipeline.py
[2026-06-07T11:44:02.393+0000] {processor.py:830} INFO - Processing file /opt/airflow/dags/dag_crime_pipeline.py for tasks to queue
[2026-06-07T11:44:02.396+0000] {logging_mixin.py:188} INFO - [2026-06-07T11:44:02.396+0000] {dagbag.py:538} INFO - Filling up the DagBag from /opt/airflow/dags/dag_crime_pipeline.py
[2026-06-07T11:44:02.433+0000] {processor.py:840} INFO - DAG(s) 'crime_analytics_pipeline' retrieved from /opt/airflow/dags/dag_crime_pipeline.py
[2026-06-07T11:44:02.465+0000] {logging_mixin.py:188} INFO - [2026-06-07T11:44:02.465+0000] {dag.py:3036} INFO - Sync 1 DAGs
[2026-06-07T11:44:02.487+0000] {logging_mixin.py:188} INFO - [2026-06-07T11:44:02.487+0000] {dag.py:3823} INFO - Setting next_dagrun for crime_analytics_pipeline to 2026-06-06 19:00:00+00:00, run_after=2026-06-13 19:00:00+00:00
[2026-06-07T11:44:02.527+0000] {processor.py:183} INFO - Processing /opt/airflow/dags/dag_crime_pipeline.py took 0.140 seconds
[2026-06-07T11:44:32.615+0000] {processor.py:161} INFO - Started process (PID=12361) to work on /opt/airflow/dags/dag_crime_pipeline.py
[2026-06-07T11:44:32.617+0000] {processor.py:830} INFO - Processing file /opt/airflow/dags/dag_crime_pipeline.py for tasks to queue
[2026-06-07T11:44:32.619+0000] {logging_mixin.py:188} INFO - [2026-06-07T11:44:32.619+0000] {dagbag.py:538} INFO - Filling up the DagBag from /opt/airflow/dags/dag_crime_pipeline.py
[2026-06-07T11:44:32.654+0000] {processor.py:840} INFO - DAG(s) 'crime_analytics_pipeline' retrieved from /opt/airflow/dags/dag_crime_pipeline.py
[2026-06-07T11:44:32.687+0000] {logging_mixin.py:188} INFO - [2026-06-07T11:44:32.687+0000] {dag.py:3036} INFO - Sync 1 DAGs
[2026-06-07T11:44:32.708+0000] {logging_mixin.py:188} INFO - [2026-06-07T11:44:32.708+0000] {dag.py:3823} INFO - Setting next_dagrun for crime_analytics_pipeline to 2026-06-06 19:00:00+00:00, run_after=2026-06-13 19:00:00+00:00
[2026-06-07T11:44:32.730+0000] {processor.py:183} INFO - Processing /opt/airflow/dags/dag_crime_pipeline.py took 0.118 seconds
[2026-06-07T11:45:02.804+0000] {processor.py:161} INFO - Started process (PID=12366) to work on /opt/airflow/dags/dag_crime_pipeline.py
[2026-06-07T11:45:02.805+0000] {processor.py:830} INFO - Processing file /opt/airflow/dags/dag_crime_pipeline.py for tasks to queue
[2026-06-07T11:45:02.808+0000] {logging_mixin.py:188} INFO - [2026-06-07T11:45:02.808+0000] {dagbag.py:538} INFO - Filling up the DagBag from /opt/airflow/dags/dag_crime_pipeline.py
[2026-06-07T11:45:02.846+0000] {processor.py:840} INFO - DAG(s) 'crime_analytics_pipeline' retrieved from /opt/airflow/dags/dag_crime_pipeline.py
[2026-06-07T11:45:02.879+0000] {logging_mixin.py:188} INFO - [2026-06-07T11:45:02.878+0000] {dag.py:3036} INFO - Sync 1 DAGs
[2026-06-07T11:45:02.904+0000] {logging_mixin.py:188} INFO - [2026-06-07T11:45:02.904+0000] {dag.py:3823} INFO - Setting next_dagrun for crime_analytics_pipeline to 2026-06-06 19:00:00+00:00, run_after=2026-06-13 19:00:00+00:00
[2026-06-07T11:45:02.923+0000] {processor.py:183} INFO - Processing /opt/airflow/dags/dag_crime_pipeline.py took 0.123 seconds
[2026-06-07T11:45:33.091+0000] {processor.py:161} INFO - Started process (PID=12371) to work on /opt/airflow/dags/dag_crime_pipeline.py
[2026-06-07T11:45:33.093+0000] {processor.py:830} INFO - Processing file /opt/airflow/dags/dag_crime_pipeline.py for tasks to queue
[2026-06-07T11:45:33.096+0000] {logging_mixin.py:188} INFO - [2026-06-07T11:45:33.095+0000] {dagbag.py:538} INFO - Filling up the DagBag from /opt/airflow/dags/dag_crime_pipeline.py
[2026-06-07T11:45:33.137+0000] {processor.py:840} INFO - DAG(s) 'crime_analytics_pipeline' retrieved from /opt/airflow/dags/dag_crime_pipeline.py
[2026-06-07T11:45:33.167+0000] {logging_mixin.py:188} INFO - [2026-06-07T11:45:33.167+0000] {dag.py:3036} INFO - Sync 1 DAGs
[2026-06-07T11:45:33.189+0000] {logging_mixin.py:188} INFO - [2026-06-07T11:45:33.188+0000] {dag.py:3823} INFO - Setting next_dagrun for crime_analytics_pipeline to 2026-06-06 19:00:00+00:00, run_after=2026-06-13 19:00:00+00:00
[2026-06-07T11:45:33.209+0000] {processor.py:183} INFO - Processing /opt/airflow/dags/dag_crime_pipeline.py took 0.122 seconds
[2026-06-07T11:46:03.303+0000] {processor.py:161} INFO - Started process (PID=12376) to work on /opt/airflow/dags/dag_crime_pipeline.py
[2026-06-07T11:46:03.304+0000] {processor.py:830} INFO - Processing file /opt/airflow/dags/dag_crime_pipeline.py for tasks to queue
[2026-06-07T11:46:03.307+0000] {logging_mixin.py:188} INFO - [2026-06-07T11:46:03.307+0000] {dagbag.py:538} INFO - Filling up the DagBag from /opt/airflow/dags/dag_crime_pipeline.py
[2026-06-07T11:46:03.345+0000] {processor.py:840} INFO - DAG(s) 'crime_analytics_pipeline' retrieved from /opt/airflow/dags/dag_crime_pipeline.py
[2026-06-07T11:46:03.374+0000] {logging_mixin.py:188} INFO - [2026-06-07T11:46:03.374+0000] {dag.py:3036} INFO - Sync 1 DAGs
[2026-06-07T11:46:03.396+0000] {logging_mixin.py:188} INFO - [2026-06-07T11:46:03.395+0000] {dag.py:3823} INFO - Setting next_dagrun for crime_analytics_pipeline to 2026-06-06 19:00:00+00:00, run_after=2026-06-13 19:00:00+00:00
[2026-06-07T11:46:03.413+0000] {processor.py:183} INFO - Processing /opt/airflow/dags/dag_crime_pipeline.py took 0.114 seconds
[2026-06-07T11:46:33.532+0000] {processor.py:161} INFO - Started process (PID=12381) to work on /opt/airflow/dags/dag_crime_pipeline.py
[2026-06-07T11:46:33.534+0000] {processor.py:830} INFO - Processing file /opt/airflow/dags/dag_crime_pipeline.py for tasks to queue
[2026-06-07T11:46:33.537+0000] {logging_mixin.py:188} INFO - [2026-06-07T11:46:33.537+0000] {dagbag.py:538} INFO - Filling up the DagBag from /opt/airflow/dags/dag_crime_pipeline.py
[2026-06-07T11:46:33.575+0000] {processor.py:840} INFO - DAG(s) 'crime_analytics_pipeline' retrieved from /opt/airflow/dags/dag_crime_pipeline.py
[2026-06-07T11:46:33.605+0000] {logging_mixin.py:188} INFO - [2026-06-07T11:46:33.605+0000] {dag.py:3036} INFO - Sync 1 DAGs
[2026-06-07T11:46:33.627+0000] {logging_mixin.py:188} INFO - [2026-06-07T11:46:33.627+0000] {dag.py:3823} INFO - Setting next_dagrun for crime_analytics_pipeline to 2026-06-06 19:00:00+00:00, run_after=2026-06-13 19:00:00+00:00
[2026-06-07T11:46:33.645+0000] {processor.py:183} INFO - Processing /opt/airflow/dags/dag_crime_pipeline.py took 0.117 seconds
[2026-06-07T11:47:03.763+0000] {processor.py:161} INFO - Started process (PID=12386) to work on /opt/airflow/dags/dag_crime_pipeline.py
[2026-06-07T11:47:03.765+0000] {processor.py:830} INFO - Processing file /opt/airflow/dags/dag_crime_pipeline.py for tasks to queue
[2026-06-07T11:47:03.767+0000] {logging_mixin.py:188} INFO - [2026-06-07T11:47:03.767+0000] {dagbag.py:538} INFO - Filling up the DagBag from /opt/airflow/dags/dag_crime_pipeline.py
[2026-06-07T11:47:03.806+0000] {processor.py:840} INFO - DAG(s) 'crime_analytics_pipeline' retrieved from /opt/airflow/dags/dag_crime_pipeline.py
[2026-06-07T11:47:03.839+0000] {logging_mixin.py:188} INFO - [2026-06-07T11:47:03.838+0000] {dag.py:3036} INFO - Sync 1 DAGs
[2026-06-07T11:47:03.859+0000] {logging_mixin.py:188} INFO - [2026-06-07T11:47:03.859+0000] {dag.py:3823} INFO - Setting next_dagrun for crime_analytics_pipeline to 2026-06-06 19:00:00+00:00, run_after=2026-06-13 19:00:00+00:00
[2026-06-07T11:47:03.877+0000] {processor.py:183} INFO - Processing /opt/airflow/dags/dag_crime_pipeline.py took 0.119 seconds
[2026-06-07T11:47:34.016+0000] {processor.py:161} INFO - Started process (PID=12391) to work on /opt/airflow/dags/dag_crime_pipeline.py
[2026-06-07T11:47:34.017+0000] {processor.py:830} INFO - Processing file /opt/airflow/dags/dag_crime_pipeline.py for tasks to queue
[2026-06-07T11:47:34.020+0000] {logging_mixin.py:188} INFO - [2026-06-07T11:47:34.019+0000] {dagbag.py:538} INFO - Filling up the DagBag from /opt/airflow/dags/dag_crime_pipeline.py
[2026-06-07T11:47:34.057+0000] {processor.py:840} INFO - DAG(s) 'crime_analytics_pipeline' retrieved from /opt/airflow/dags/dag_crime_pipeline.py
[2026-06-07T11:47:34.088+0000] {logging_mixin.py:188} INFO - [2026-06-07T11:47:34.087+0000] {dag.py:3036} INFO - Sync 1 DAGs
[2026-06-07T11:47:34.109+0000] {logging_mixin.py:188} INFO - [2026-06-07T11:47:34.109+0000] {dag.py:3823} INFO - Setting next_dagrun for crime_analytics_pipeline to 2026-06-06 19:00:00+00:00, run_after=2026-06-13 19:00:00+00:00
[2026-06-07T11:47:34.128+0000] {processor.py:183} INFO - Processing /opt/airflow/dags/dag_crime_pipeline.py took 0.116 seconds
[2026-06-07T11:48:04.259+0000] {processor.py:161} INFO - Started process (PID=12396) to work on /opt/airflow/dags/dag_crime_pipeline.py
[2026-06-07T11:48:04.261+0000] {processor.py:830} INFO - Processing file /opt/airflow/dags/dag_crime_pipeline.py for tasks to queue
[2026-06-07T11:48:04.264+0000] {logging_mixin.py:188} INFO - [2026-06-07T11:48:04.263+0000] {dagbag.py:538} INFO - Filling up the DagBag from /opt/airflow/dags/dag_crime_pipeline.py
[2026-06-07T11:48:04.299+0000] {processor.py:840} INFO - DAG(s) 'crime_analytics_pipeline' retrieved from /opt/airflow/dags/dag_crime_pipeline.py
[2026-06-07T11:48:04.330+0000] {logging_mixin.py:188} INFO - [2026-06-07T11:48:04.330+0000] {dag.py:3036} INFO - Sync 1 DAGs
[2026-06-07T11:48:04.353+0000] {logging_mixin.py:188} INFO - [2026-06-07T11:48:04.352+0000] {dag.py:3823} INFO - Setting next_dagrun for crime_analytics_pipeline to 2026-06-06 19:00:00+00:00, run_after=2026-06-13 19:00:00+00:00
[2026-06-07T11:48:04.391+0000] {processor.py:183} INFO - Processing /opt/airflow/dags/dag_crime_pipeline.py took 0.136 seconds
[2026-06-07T11:48:34.527+0000] {processor.py:161} INFO - Started process (PID=12401) to work on /opt/airflow/dags/dag_crime_pipeline.py
[2026-06-07T11:48:34.529+0000] {processor.py:830} INFO - Processing file /opt/airflow/dags/dag_crime_pipeline.py for tasks to queue
[2026-06-07T11:48:34.532+0000] {logging_mixin.py:188} INFO - [2026-06-07T11:48:34.531+0000] {dagbag.py:538} INFO - Filling up the DagBag from /opt/airflow/dags/dag_crime_pipeline.py
[2026-06-07T11:48:34.573+0000] {processor.py:840} INFO - DAG(s) 'crime_analytics_pipeline' retrieved from /opt/airflow/dags/dag_crime_pipeline.py
[2026-06-07T11:48:34.604+0000] {logging_mixin.py:188} INFO - [2026-06-07T11:48:34.603+0000] {dag.py:3036} INFO - Sync 1 DAGs
[2026-06-07T11:48:34.625+0000] {logging_mixin.py:188} INFO - [2026-06-07T11:48:34.625+0000] {dag.py:3823} INFO - Setting next_dagrun for crime_analytics_pipeline to 2026-06-06 19:00:00+00:00, run_after=2026-06-13 19:00:00+00:00
[2026-06-07T11:48:34.643+0000] {processor.py:183} INFO - Processing /opt/airflow/dags/dag_crime_pipeline.py took 0.121 seconds
[2026-06-07T11:49:04.703+0000] {processor.py:161} INFO - Started process (PID=12406) to work on /opt/airflow/dags/dag_crime_pipeline.py
[2026-06-07T11:49:04.705+0000] {processor.py:830} INFO - Processing file /opt/airflow/dags/dag_crime_pipeline.py for tasks to queue
[2026-06-07T11:49:04.707+0000] {logging_mixin.py:188} INFO - [2026-06-07T11:49:04.707+0000] {dagbag.py:538} INFO - Filling up the DagBag from /opt/airflow/dags/dag_crime_pipeline.py
[2026-06-07T11:49:04.742+0000] {processor.py:840} INFO - DAG(s) 'crime_analytics_pipeline' retrieved from /opt/airflow/dags/dag_crime_pipeline.py
[2026-06-07T11:49:04.775+0000] {logging_mixin.py:188} INFO - [2026-06-07T11:49:04.774+0000] {dag.py:3036} INFO - Sync 1 DAGs
[2026-06-07T11:49:04.797+0000] {logging_mixin.py:188} INFO - [2026-06-07T11:49:04.796+0000] {dag.py:3823} INFO - Setting next_dagrun for crime_analytics_pipeline to 2026-06-06 19:00:00+00:00, run_after=2026-06-13 19:00:00+00:00
[2026-06-07T11:49:04.817+0000] {processor.py:183} INFO - Processing /opt/airflow/dags/dag_crime_pipeline.py took 0.118 seconds
[2026-06-07T11:49:34.953+0000] {processor.py:161} INFO - Started process (PID=12411) to work on /opt/airflow/dags/dag_crime_pipeline.py
[2026-06-07T11:49:34.954+0000] {processor.py:830} INFO - Processing file /opt/airflow/dags/dag_crime_pipeline.py for tasks to queue
[2026-06-07T11:49:34.957+0000] {logging_mixin.py:188} INFO - [2026-06-07T11:49:34.957+0000] {dagbag.py:538} INFO - Filling up the DagBag from /opt/airflow/dags/dag_crime_pipeline.py
[2026-06-07T11:49:34.993+0000] {processor.py:840} INFO - DAG(s) 'crime_analytics_pipeline' retrieved from /opt/airflow/dags/dag_crime_pipeline.py
[2026-06-07T11:49:35.023+0000] {logging_mixin.py:188} INFO - [2026-06-07T11:49:35.023+0000] {dag.py:3036} INFO - Sync 1 DAGs
[2026-06-07T11:49:35.044+0000] {logging_mixin.py:188} INFO - [2026-06-07T11:49:35.044+0000] {dag.py:3823} INFO - Setting next_dagrun for crime_analytics_pipeline to 2026-06-06 19:00:00+00:00, run_after=2026-06-13 19:00:00+00:00
[2026-06-07T11:49:35.062+0000] {processor.py:183} INFO - Processing /opt/airflow/dags/dag_crime_pipeline.py took 0.113 seconds
[2026-06-07T11:50:05.181+0000] {processor.py:161} INFO - Started process (PID=12416) to work on /opt/airflow/dags/dag_crime_pipeline.py
[2026-06-07T11:50:05.183+0000] {processor.py:830} INFO - Processing file /opt/airflow/dags/dag_crime_pipeline.py for tasks to queue
[2026-06-07T11:50:05.185+0000] {logging_mixin.py:188} INFO - [2026-06-07T11:50:05.185+0000] {dagbag.py:538} INFO - Filling up the DagBag from /opt/airflow/dags/dag_crime_pipeline.py
[2026-06-07T11:50:05.221+0000] {processor.py:840} INFO - DAG(s) 'crime_analytics_pipeline' retrieved from /opt/airflow/dags/dag_crime_pipeline.py
[2026-06-07T11:50:05.251+0000] {logging_mixin.py:188} INFO - [2026-06-07T11:50:05.251+0000] {dag.py:3036} INFO - Sync 1 DAGs
[2026-06-07T11:50:05.271+0000] {logging_mixin.py:188} INFO - [2026-06-07T11:50:05.271+0000] {dag.py:3823} INFO - Setting next_dagrun for crime_analytics_pipeline to 2026-06-06 19:00:00+00:00, run_after=2026-06-13 19:00:00+00:00
[2026-06-07T11:50:05.299+0000] {processor.py:183} INFO - Processing /opt/airflow/dags/dag_crime_pipeline.py took 0.122 seconds
[2026-06-07T11:50:35.435+0000] {processor.py:161} INFO - Started process (PID=12421) to work on /opt/airflow/dags/dag_crime_pipeline.py
[2026-06-07T11:50:35.437+0000] {processor.py:830} INFO - Processing file /opt/airflow/dags/dag_crime_pipeline.py for tasks to queue
[2026-06-07T11:50:35.440+0000] {logging_mixin.py:188} INFO - [2026-06-07T11:50:35.439+0000] {dagbag.py:538} INFO - Filling up the DagBag from /opt/airflow/dags/dag_crime_pipeline.py
[2026-06-07T11:50:35.483+0000] {processor.py:840} INFO - DAG(s) 'crime_analytics_pipeline' retrieved from /opt/airflow/dags/dag_crime_pipeline.py
[2026-06-07T11:50:35.517+0000] {logging_mixin.py:188} INFO - [2026-06-07T11:50:35.516+0000] {dag.py:3036} INFO - Sync 1 DAGs
[2026-06-07T11:50:35.549+0000] {logging_mixin.py:188} INFO - [2026-06-07T11:50:35.548+0000] {dag.py:3823} INFO - Setting next_dagrun for crime_analytics_pipeline to 2026-06-06 19:00:00+00:00, run_after=2026-06-13 19:00:00+00:00
[2026-06-07T11:50:35.601+0000] {processor.py:183} INFO - Processing /opt/airflow/dags/dag_crime_pipeline.py took 0.170 seconds
[2026-06-07T11:51:05.736+0000] {processor.py:161} INFO - Started process (PID=12426) to work on /opt/airflow/dags/dag_crime_pipeline.py
[2026-06-07T11:51:05.738+0000] {processor.py:830} INFO - Processing file /opt/airflow/dags/dag_crime_pipeline.py for tasks to queue
[2026-06-07T11:51:05.741+0000] {logging_mixin.py:188} INFO - [2026-06-07T11:51:05.741+0000] {dagbag.py:538} INFO - Filling up the DagBag from /opt/airflow/dags/dag_crime_pipeline.py
[2026-06-07T11:51:05.779+0000] {processor.py:840} INFO - DAG(s) 'crime_analytics_pipeline' retrieved from /opt/airflow/dags/dag_crime_pipeline.py
[2026-06-07T11:51:05.814+0000] {logging_mixin.py:188} INFO - [2026-06-07T11:51:05.814+0000] {dag.py:3036} INFO - Sync 1 DAGs
[2026-06-07T11:51:05.835+0000] {logging_mixin.py:188} INFO - [2026-06-07T11:51:05.835+0000] {dag.py:3823} INFO - Setting next_dagrun for crime_analytics_pipeline to 2026-06-06 19:00:00+00:00, run_after=2026-06-13 19:00:00+00:00
[2026-06-07T11:51:05.854+0000] {processor.py:183} INFO - Processing /opt/airflow/dags/dag_crime_pipeline.py took 0.122 seconds
[2026-06-07T11:51:36.007+0000] {processor.py:161} INFO - Started process (PID=12431) to work on /opt/airflow/dags/dag_crime_pipeline.py
[2026-06-07T11:51:36.008+0000] {processor.py:830} INFO - Processing file /opt/airflow/dags/dag_crime_pipeline.py for tasks to queue
[2026-06-07T11:51:36.011+0000] {logging_mixin.py:188} INFO - [2026-06-07T11:51:36.010+0000] {dagbag.py:538} INFO - Filling up the DagBag from /opt/airflow/dags/dag_crime_pipeline.py
[2026-06-07T11:51:36.054+0000] {processor.py:840} INFO - DAG(s) 'crime_analytics_pipeline' retrieved from /opt/airflow/dags/dag_crime_pipeline.py
[2026-06-07T11:51:36.088+0000] {logging_mixin.py:188} INFO - [2026-06-07T11:51:36.087+0000] {dag.py:3036} INFO - Sync 1 DAGs
[2026-06-07T11:51:36.110+0000] {logging_mixin.py:188} INFO - [2026-06-07T11:51:36.110+0000] {dag.py:3823} INFO - Setting next_dagrun for crime_analytics_pipeline to 2026-06-06 19:00:00+00:00, run_after=2026-06-13 19:00:00+00:00
[2026-06-07T11:51:36.129+0000] {processor.py:183} INFO - Processing /opt/airflow/dags/dag_crime_pipeline.py took 0.128 seconds
[2026-06-07T11:52:06.240+0000] {processor.py:161} INFO - Started process (PID=12436) to work on /opt/airflow/dags/dag_crime_pipeline.py
[2026-06-07T11:52:06.242+0000] {processor.py:830} INFO - Processing file /opt/airflow/dags/dag_crime_pipeline.py for tasks to queue
[2026-06-07T11:52:06.245+0000] {logging_mixin.py:188} INFO - [2026-06-07T11:52:06.244+0000] {dagbag.py:538} INFO - Filling up the DagBag from /opt/airflow/dags/dag_crime_pipeline.py
[2026-06-07T11:52:06.283+0000] {processor.py:840} INFO - DAG(s) 'crime_analytics_pipeline' retrieved from /opt/airflow/dags/dag_crime_pipeline.py
[2026-06-07T11:52:06.312+0000] {logging_mixin.py:188} INFO - [2026-06-07T11:52:06.312+0000] {dag.py:3036} INFO - Sync 1 DAGs
[2026-06-07T11:52:06.334+0000] {logging_mixin.py:188} INFO - [2026-06-07T11:52:06.334+0000] {dag.py:3823} INFO - Setting next_dagrun for crime_analytics_pipeline to 2026-06-06 19:00:00+00:00, run_after=2026-06-13 19:00:00+00:00
[2026-06-07T11:52:06.352+0000] {processor.py:183} INFO - Processing /opt/airflow/dags/dag_crime_pipeline.py took 0.116 seconds
[2026-06-07T11:52:36.512+0000] {processor.py:161} INFO - Started process (PID=12441) to work on /opt/airflow/dags/dag_crime_pipeline.py
[2026-06-07T11:52:36.513+0000] {processor.py:830} INFO - Processing file /opt/airflow/dags/dag_crime_pipeline.py for tasks to queue
[2026-06-07T11:52:36.516+0000] {logging_mixin.py:188} INFO - [2026-06-07T11:52:36.516+0000] {dagbag.py:538} INFO - Filling up the DagBag from /opt/airflow/dags/dag_crime_pipeline.py
[2026-06-07T11:52:36.562+0000] {processor.py:840} INFO - DAG(s) 'crime_analytics_pipeline' retrieved from /opt/airflow/dags/dag_crime_pipeline.py
[2026-06-07T11:52:36.595+0000] {logging_mixin.py:188} INFO - [2026-06-07T11:52:36.594+0000] {dag.py:3036} INFO - Sync 1 DAGs
[2026-06-07T11:52:36.620+0000] {logging_mixin.py:188} INFO - [2026-06-07T11:52:36.619+0000] {dag.py:3823} INFO - Setting next_dagrun for crime_analytics_pipeline to 2026-06-06 19:00:00+00:00, run_after=2026-06-13 19:00:00+00:00
[2026-06-07T11:52:36.638+0000] {processor.py:183} INFO - Processing /opt/airflow/dags/dag_crime_pipeline.py took 0.130 seconds
[2026-06-07T11:53:06.779+0000] {processor.py:161} INFO - Started process (PID=12446) to work on /opt/airflow/dags/dag_crime_pipeline.py
[2026-06-07T11:53:06.780+0000] {processor.py:830} INFO - Processing file /opt/airflow/dags/dag_crime_pipeline.py for tasks to queue
[2026-06-07T11:53:06.783+0000] {logging_mixin.py:188} INFO - [2026-06-07T11:53:06.782+0000] {dagbag.py:538} INFO - Filling up the DagBag from /opt/airflow/dags/dag_crime_pipeline.py
[2026-06-07T11:53:06.820+0000] {processor.py:840} INFO - DAG(s) 'crime_analytics_pipeline' retrieved from /opt/airflow/dags/dag_crime_pipeline.py
[2026-06-07T11:53:06.851+0000] {logging_mixin.py:188} INFO - [2026-06-07T11:53:06.850+0000] {dag.py:3036} INFO - Sync 1 DAGs
[2026-06-07T11:53:06.872+0000] {logging_mixin.py:188} INFO - [2026-06-07T11:53:06.871+0000] {dag.py:3823} INFO - Setting next_dagrun for crime_analytics_pipeline to 2026-06-06 19:00:00+00:00, run_after=2026-06-13 19:00:00+00:00
[2026-06-07T11:53:06.910+0000] {processor.py:183} INFO - Processing /opt/airflow/dags/dag_crime_pipeline.py took 0.135 seconds
[2026-06-07T11:53:37.055+0000] {processor.py:161} INFO - Started process (PID=12451) to work on /opt/airflow/dags/dag_crime_pipeline.py
[2026-06-07T11:53:37.057+0000] {processor.py:830} INFO - Processing file /opt/airflow/dags/dag_crime_pipeline.py for tasks to queue
[2026-06-07T11:53:37.060+0000] {logging_mixin.py:188} INFO - [2026-06-07T11:53:37.060+0000] {dagbag.py:538} INFO - Filling up the DagBag from /opt/airflow/dags/dag_crime_pipeline.py
[2026-06-07T11:53:37.100+0000] {processor.py:840} INFO - DAG(s) 'crime_analytics_pipeline' retrieved from /opt/airflow/dags/dag_crime_pipeline.py
[2026-06-07T11:53:37.131+0000] {logging_mixin.py:188} INFO - [2026-06-07T11:53:37.131+0000] {dag.py:3036} INFO - Sync 1 DAGs
[2026-06-07T11:53:37.153+0000] {logging_mixin.py:188} INFO - [2026-06-07T11:53:37.152+0000] {dag.py:3823} INFO - Setting next_dagrun for crime_analytics_pipeline to 2026-06-06 19:00:00+00:00, run_after=2026-06-13 19:00:00+00:00
[2026-06-07T11:53:37.189+0000] {processor.py:183} INFO - Processing /opt/airflow/dags/dag_crime_pipeline.py took 0.138 seconds
[2026-06-07T11:54:07.325+0000] {processor.py:161} INFO - Started process (PID=12456) to work on /opt/airflow/dags/dag_crime_pipeline.py
[2026-06-07T11:54:07.327+0000] {processor.py:830} INFO - Processing file /opt/airflow/dags/dag_crime_pipeline.py for tasks to queue
[2026-06-07T11:54:07.330+0000] {logging_mixin.py:188} INFO - [2026-06-07T11:54:07.329+0000] {dagbag.py:538} INFO - Filling up the DagBag from /opt/airflow/dags/dag_crime_pipeline.py
[2026-06-07T11:54:07.366+0000] {processor.py:840} INFO - DAG(s) 'crime_analytics_pipeline' retrieved from /opt/airflow/dags/dag_crime_pipeline.py
[2026-06-07T11:54:07.395+0000] {logging_mixin.py:188} INFO - [2026-06-07T11:54:07.395+0000] {dag.py:3036} INFO - Sync 1 DAGs
[2026-06-07T11:54:07.417+0000] {logging_mixin.py:188} INFO - [2026-06-07T11:54:07.417+0000] {dag.py:3823} INFO - Setting next_dagrun for crime_analytics_pipeline to 2026-06-06 19:00:00+00:00, run_after=2026-06-13 19:00:00+00:00
[2026-06-07T11:54:07.460+0000] {processor.py:183} INFO - Processing /opt/airflow/dags/dag_crime_pipeline.py took 0.140 seconds
[2026-06-07T11:54:37.580+0000] {processor.py:161} INFO - Started process (PID=12461) to work on /opt/airflow/dags/dag_crime_pipeline.py
[2026-06-07T11:54:37.581+0000] {processor.py:830} INFO - Processing file /opt/airflow/dags/dag_crime_pipeline.py for tasks to queue
[2026-06-07T11:54:37.584+0000] {logging_mixin.py:188} INFO - [2026-06-07T11:54:37.583+0000] {dagbag.py:538} INFO - Filling up the DagBag from /opt/airflow/dags/dag_crime_pipeline.py
[2026-06-07T11:54:37.621+0000] {processor.py:840} INFO - DAG(s) 'crime_analytics_pipeline' retrieved from /opt/airflow/dags/dag_crime_pipeline.py
[2026-06-07T11:54:37.652+0000] {logging_mixin.py:188} INFO - [2026-06-07T11:54:37.652+0000] {dag.py:3036} INFO - Sync 1 DAGs
[2026-06-07T11:54:37.673+0000] {logging_mixin.py:188} INFO - [2026-06-07T11:54:37.672+0000] {dag.py:3823} INFO - Setting next_dagrun for crime_analytics_pipeline to 2026-06-06 19:00:00+00:00, run_after=2026-06-13 19:00:00+00:00
[2026-06-07T11:54:37.711+0000] {processor.py:183} INFO - Processing /opt/airflow/dags/dag_crime_pipeline.py took 0.135 seconds
[2026-06-07T11:55:07.842+0000] {processor.py:161} INFO - Started process (PID=12466) to work on /opt/airflow/dags/dag_crime_pipeline.py
[2026-06-07T11:55:07.844+0000] {processor.py:830} INFO - Processing file /opt/airflow/dags/dag_crime_pipeline.py for tasks to queue
[2026-06-07T11:55:07.846+0000] {logging_mixin.py:188} INFO - [2026-06-07T11:55:07.846+0000] {dagbag.py:538} INFO - Filling up the DagBag from /opt/airflow/dags/dag_crime_pipeline.py
[2026-06-07T11:55:07.892+0000] {processor.py:840} INFO - DAG(s) 'crime_analytics_pipeline' retrieved from /opt/airflow/dags/dag_crime_pipeline.py
[2026-06-07T11:55:07.927+0000] {logging_mixin.py:188} INFO - [2026-06-07T11:55:07.926+0000] {dag.py:3036} INFO - Sync 1 DAGs
[2026-06-07T11:55:07.948+0000] {logging_mixin.py:188} INFO - [2026-06-07T11:55:07.948+0000] {dag.py:3823} INFO - Setting next_dagrun for crime_analytics_pipeline to 2026-06-06 19:00:00+00:00, run_after=2026-06-13 19:00:00+00:00
[2026-06-07T11:55:07.968+0000] {processor.py:183} INFO - Processing /opt/airflow/dags/dag_crime_pipeline.py took 0.129 seconds
[2026-06-07T11:55:38.094+0000] {processor.py:161} INFO - Started process (PID=12471) to work on /opt/airflow/dags/dag_crime_pipeline.py
[2026-06-07T11:55:38.095+0000] {processor.py:830} INFO - Processing file /opt/airflow/dags/dag_crime_pipeline.py for tasks to queue
[2026-06-07T11:55:38.098+0000] {logging_mixin.py:188} INFO - [2026-06-07T11:55:38.097+0000] {dagbag.py:538} INFO - Filling up the DagBag from /opt/airflow/dags/dag_crime_pipeline.py
[2026-06-07T11:55:38.137+0000] {processor.py:840} INFO - DAG(s) 'crime_analytics_pipeline' retrieved from /opt/airflow/dags/dag_crime_pipeline.py
[2026-06-07T11:55:38.169+0000] {logging_mixin.py:188} INFO - [2026-06-07T11:55:38.169+0000] {dag.py:3036} INFO - Sync 1 DAGs
[2026-06-07T11:55:38.190+0000] {logging_mixin.py:188} INFO - [2026-06-07T11:55:38.190+0000] {dag.py:3823} INFO - Setting next_dagrun for crime_analytics_pipeline to 2026-06-06 19:00:00+00:00, run_after=2026-06-13 19:00:00+00:00
[2026-06-07T11:55:38.208+0000] {processor.py:183} INFO - Processing /opt/airflow/dags/dag_crime_pipeline.py took 0.119 seconds
[2026-06-07T11:56:08.332+0000] {processor.py:161} INFO - Started process (PID=12476) to work on /opt/airflow/dags/dag_crime_pipeline.py
[2026-06-07T11:56:08.334+0000] {processor.py:830} INFO - Processing file /opt/airflow/dags/dag_crime_pipeline.py for tasks to queue
[2026-06-07T11:56:08.336+0000] {logging_mixin.py:188} INFO - [2026-06-07T11:56:08.336+0000] {dagbag.py:538} INFO - Filling up the DagBag from /opt/airflow/dags/dag_crime_pipeline.py
[2026-06-07T11:56:08.374+0000] {processor.py:840} INFO - DAG(s) 'crime_analytics_pipeline' retrieved from /opt/airflow/dags/dag_crime_pipeline.py
[2026-06-07T11:56:08.404+0000] {logging_mixin.py:188} INFO - [2026-06-07T11:56:08.404+0000] {dag.py:3036} INFO - Sync 1 DAGs
[2026-06-07T11:56:08.424+0000] {logging_mixin.py:188} INFO - [2026-06-07T11:56:08.424+0000] {dag.py:3823} INFO - Setting next_dagrun for crime_analytics_pipeline to 2026-06-06 19:00:00+00:00, run_after=2026-06-13 19:00:00+00:00
[2026-06-07T11:56:08.445+0000] {processor.py:183} INFO - Processing /opt/airflow/dags/dag_crime_pipeline.py took 0.117 seconds
[2026-06-07T11:56:38.524+0000] {processor.py:161} INFO - Started process (PID=12481) to work on /opt/airflow/dags/dag_crime_pipeline.py
[2026-06-07T11:56:38.525+0000] {processor.py:830} INFO - Processing file /opt/airflow/dags/dag_crime_pipeline.py for tasks to queue
[2026-06-07T11:56:38.529+0000] {logging_mixin.py:188} INFO - [2026-06-07T11:56:38.528+0000] {dagbag.py:538} INFO - Filling up the DagBag from /opt/airflow/dags/dag_crime_pipeline.py
[2026-06-07T11:56:38.571+0000] {processor.py:840} INFO - DAG(s) 'crime_analytics_pipeline' retrieved from /opt/airflow/dags/dag_crime_pipeline.py
[2026-06-07T11:56:38.601+0000] {logging_mixin.py:188} INFO - [2026-06-07T11:56:38.601+0000] {dag.py:3036} INFO - Sync 1 DAGs
[2026-06-07T11:56:38.623+0000] {logging_mixin.py:188} INFO - [2026-06-07T11:56:38.623+0000] {dag.py:3823} INFO - Setting next_dagrun for crime_analytics_pipeline to 2026-06-06 19:00:00+00:00, run_after=2026-06-13 19:00:00+00:00
[2026-06-07T11:56:38.642+0000] {processor.py:183} INFO - Processing /opt/airflow/dags/dag_crime_pipeline.py took 0.122 seconds
[2026-06-07T11:57:08.729+0000] {processor.py:161} INFO - Started process (PID=12486) to work on /opt/airflow/dags/dag_crime_pipeline.py
[2026-06-07T11:57:08.731+0000] {processor.py:830} INFO - Processing file /opt/airflow/dags/dag_crime_pipeline.py for tasks to queue
[2026-06-07T11:57:08.733+0000] {logging_mixin.py:188} INFO - [2026-06-07T11:57:08.733+0000] {dagbag.py:538} INFO - Filling up the DagBag from /opt/airflow/dags/dag_crime_pipeline.py
[2026-06-07T11:57:08.771+0000] {processor.py:840} INFO - DAG(s) 'crime_analytics_pipeline' retrieved from /opt/airflow/dags/dag_crime_pipeline.py
[2026-06-07T11:57:08.804+0000] {logging_mixin.py:188} INFO - [2026-06-07T11:57:08.804+0000] {dag.py:3036} INFO - Sync 1 DAGs
[2026-06-07T11:57:08.824+0000] {logging_mixin.py:188} INFO - [2026-06-07T11:57:08.824+0000] {dag.py:3823} INFO - Setting next_dagrun for crime_analytics_pipeline to 2026-06-06 19:00:00+00:00, run_after=2026-06-13 19:00:00+00:00
[2026-06-07T11:57:08.842+0000] {processor.py:183} INFO - Processing /opt/airflow/dags/dag_crime_pipeline.py took 0.118 seconds
[2026-06-07T11:57:38.919+0000] {processor.py:161} INFO - Started process (PID=12491) to work on /opt/airflow/dags/dag_crime_pipeline.py
[2026-06-07T11:57:38.921+0000] {processor.py:830} INFO - Processing file /opt/airflow/dags/dag_crime_pipeline.py for tasks to queue
[2026-06-07T11:57:38.923+0000] {logging_mixin.py:188} INFO - [2026-06-07T11:57:38.923+0000] {dagbag.py:538} INFO - Filling up the DagBag from /opt/airflow/dags/dag_crime_pipeline.py
[2026-06-07T11:57:38.965+0000] {processor.py:840} INFO - DAG(s) 'crime_analytics_pipeline' retrieved from /opt/airflow/dags/dag_crime_pipeline.py
[2026-06-07T11:57:38.995+0000] {logging_mixin.py:188} INFO - [2026-06-07T11:57:38.995+0000] {dag.py:3036} INFO - Sync 1 DAGs
[2026-06-07T11:57:39.018+0000] {logging_mixin.py:188} INFO - [2026-06-07T11:57:39.017+0000] {dag.py:3823} INFO - Setting next_dagrun for crime_analytics_pipeline to 2026-06-06 19:00:00+00:00, run_after=2026-06-13 19:00:00+00:00
[2026-06-07T11:57:39.037+0000] {processor.py:183} INFO - Processing /opt/airflow/dags/dag_crime_pipeline.py took 0.122 seconds
[2026-06-07T11:58:09.122+0000] {processor.py:161} INFO - Started process (PID=12496) to work on /opt/airflow/dags/dag_crime_pipeline.py
[2026-06-07T11:58:09.124+0000] {processor.py:830} INFO - Processing file /opt/airflow/dags/dag_crime_pipeline.py for tasks to queue
[2026-06-07T11:58:09.128+0000] {logging_mixin.py:188} INFO - [2026-06-07T11:58:09.127+0000] {dagbag.py:538} INFO - Filling up the DagBag from /opt/airflow/dags/dag_crime_pipeline.py
[2026-06-07T11:58:09.164+0000] {processor.py:840} INFO - DAG(s) 'crime_analytics_pipeline' retrieved from /opt/airflow/dags/dag_crime_pipeline.py
[2026-06-07T11:58:09.195+0000] {logging_mixin.py:188} INFO - [2026-06-07T11:58:09.195+0000] {dag.py:3036} INFO - Sync 1 DAGs
[2026-06-07T11:58:09.216+0000] {logging_mixin.py:188} INFO - [2026-06-07T11:58:09.216+0000] {dag.py:3823} INFO - Setting next_dagrun for crime_analytics_pipeline to 2026-06-06 19:00:00+00:00, run_after=2026-06-13 19:00:00+00:00
[2026-06-07T11:58:09.233+0000] {processor.py:183} INFO - Processing /opt/airflow/dags/dag_crime_pipeline.py took 0.115 seconds
[2026-06-07T11:58:39.338+0000] {processor.py:161} INFO - Started process (PID=12501) to work on /opt/airflow/dags/dag_crime_pipeline.py
[2026-06-07T11:58:39.339+0000] {processor.py:830} INFO - Processing file /opt/airflow/dags/dag_crime_pipeline.py for tasks to queue
[2026-06-07T11:58:39.342+0000] {logging_mixin.py:188} INFO - [2026-06-07T11:58:39.341+0000] {dagbag.py:538} INFO - Filling up the DagBag from /opt/airflow/dags/dag_crime_pipeline.py
[2026-06-07T11:58:39.378+0000] {processor.py:840} INFO - DAG(s) 'crime_analytics_pipeline' retrieved from /opt/airflow/dags/dag_crime_pipeline.py
[2026-06-07T11:58:39.408+0000] {logging_mixin.py:188} INFO - [2026-06-07T11:58:39.407+0000] {dag.py:3036} INFO - Sync 1 DAGs
[2026-06-07T11:58:39.429+0000] {logging_mixin.py:188} INFO - [2026-06-07T11:58:39.429+0000] {dag.py:3823} INFO - Setting next_dagrun for crime_analytics_pipeline to 2026-06-06 19:00:00+00:00, run_after=2026-06-13 19:00:00+00:00
[2026-06-07T11:58:39.449+0000] {processor.py:183} INFO - Processing /opt/airflow/dags/dag_crime_pipeline.py took 0.115 seconds
[2026-06-07T11:59:09.519+0000] {processor.py:161} INFO - Started process (PID=12506) to work on /opt/airflow/dags/dag_crime_pipeline.py
[2026-06-07T11:59:09.521+0000] {processor.py:830} INFO - Processing file /opt/airflow/dags/dag_crime_pipeline.py for tasks to queue
[2026-06-07T11:59:09.524+0000] {logging_mixin.py:188} INFO - [2026-06-07T11:59:09.523+0000] {dagbag.py:538} INFO - Filling up the DagBag from /opt/airflow/dags/dag_crime_pipeline.py
[2026-06-07T11:59:09.567+0000] {processor.py:840} INFO - DAG(s) 'crime_analytics_pipeline' retrieved from /opt/airflow/dags/dag_crime_pipeline.py
[2026-06-07T11:59:09.600+0000] {logging_mixin.py:188} INFO - [2026-06-07T11:59:09.600+0000] {dag.py:3036} INFO - Sync 1 DAGs
[2026-06-07T11:59:09.620+0000] {logging_mixin.py:188} INFO - [2026-06-07T11:59:09.620+0000] {dag.py:3823} INFO - Setting next_dagrun for crime_analytics_pipeline to 2026-06-06 19:00:00+00:00, run_after=2026-06-13 19:00:00+00:00
[2026-06-07T11:59:09.639+0000] {processor.py:183} INFO - Processing /opt/airflow/dags/dag_crime_pipeline.py took 0.124 seconds
[2026-06-07T11:59:39.746+0000] {processor.py:161} INFO - Started process (PID=12511) to work on /opt/airflow/dags/dag_crime_pipeline.py
[2026-06-07T11:59:39.748+0000] {processor.py:830} INFO - Processing file /opt/airflow/dags/dag_crime_pipeline.py for tasks to queue
[2026-06-07T11:59:39.750+0000] {logging_mixin.py:188} INFO - [2026-06-07T11:59:39.750+0000] {dagbag.py:538} INFO - Filling up the DagBag from /opt/airflow/dags/dag_crime_pipeline.py
[2026-06-07T11:59:39.787+0000] {processor.py:840} INFO - DAG(s) 'crime_analytics_pipeline' retrieved from /opt/airflow/dags/dag_crime_pipeline.py
[2026-06-07T11:59:39.816+0000] {logging_mixin.py:188} INFO - [2026-06-07T11:59:39.816+0000] {dag.py:3036} INFO - Sync 1 DAGs
[2026-06-07T11:59:39.837+0000] {logging_mixin.py:188} INFO - [2026-06-07T11:59:39.836+0000] {dag.py:3823} INFO - Setting next_dagrun for crime_analytics_pipeline to 2026-06-06 19:00:00+00:00, run_after=2026-06-13 19:00:00+00:00
[2026-06-07T11:59:39.855+0000] {processor.py:183} INFO - Processing /opt/airflow/dags/dag_crime_pipeline.py took 0.111 seconds
[2026-06-07T12:00:09.969+0000] {processor.py:161} INFO - Started process (PID=12516) to work on /opt/airflow/dags/dag_crime_pipeline.py
[2026-06-07T12:00:09.970+0000] {processor.py:830} INFO - Processing file /opt/airflow/dags/dag_crime_pipeline.py for tasks to queue
[2026-06-07T12:00:09.973+0000] {logging_mixin.py:188} INFO - [2026-06-07T12:00:09.972+0000] {dagbag.py:538} INFO - Filling up the DagBag from /opt/airflow/dags/dag_crime_pipeline.py
[2026-06-07T12:00:10.014+0000] {processor.py:840} INFO - DAG(s) 'crime_analytics_pipeline' retrieved from /opt/airflow/dags/dag_crime_pipeline.py
[2026-06-07T12:00:10.049+0000] {logging_mixin.py:188} INFO - [2026-06-07T12:00:10.048+0000] {dag.py:3036} INFO - Sync 1 DAGs
[2026-06-07T12:00:10.070+0000] {logging_mixin.py:188} INFO - [2026-06-07T12:00:10.069+0000] {dag.py:3823} INFO - Setting next_dagrun for crime_analytics_pipeline to 2026-06-06 19:00:00+00:00, run_after=2026-06-13 19:00:00+00:00
[2026-06-07T12:00:10.112+0000] {processor.py:183} INFO - Processing /opt/airflow/dags/dag_crime_pipeline.py took 0.146 seconds
[2026-06-07T12:00:40.319+0000] {processor.py:161} INFO - Started process (PID=12521) to work on /opt/airflow/dags/dag_crime_pipeline.py
[2026-06-07T12:00:40.321+0000] {processor.py:830} INFO - Processing file /opt/airflow/dags/dag_crime_pipeline.py for tasks to queue
[2026-06-07T12:00:40.323+0000] {logging_mixin.py:188} INFO - [2026-06-07T12:00:40.323+0000] {dagbag.py:538} INFO - Filling up the DagBag from /opt/airflow/dags/dag_crime_pipeline.py
[2026-06-07T12:00:40.362+0000] {processor.py:840} INFO - DAG(s) 'crime_analytics_pipeline' retrieved from /opt/airflow/dags/dag_crime_pipeline.py
[2026-06-07T12:00:40.394+0000] {logging_mixin.py:188} INFO - [2026-06-07T12:00:40.394+0000] {dag.py:3036} INFO - Sync 1 DAGs
[2026-06-07T12:00:40.416+0000] {logging_mixin.py:188} INFO - [2026-06-07T12:00:40.416+0000] {dag.py:3823} INFO - Setting next_dagrun for crime_analytics_pipeline to 2026-06-06 19:00:00+00:00, run_after=2026-06-13 19:00:00+00:00
[2026-06-07T12:00:40.454+0000] {processor.py:183} INFO - Processing /opt/airflow/dags/dag_crime_pipeline.py took 0.138 seconds
[2026-06-07T12:01:10.601+0000] {processor.py:161} INFO - Started process (PID=12526) to work on /opt/airflow/dags/dag_crime_pipeline.py
[2026-06-07T12:01:10.602+0000] {processor.py:830} INFO - Processing file /opt/airflow/dags/dag_crime_pipeline.py for tasks to queue
[2026-06-07T12:01:10.605+0000] {logging_mixin.py:188} INFO - [2026-06-07T12:01:10.605+0000] {dagbag.py:538} INFO - Filling up the DagBag from /opt/airflow/dags/dag_crime_pipeline.py
[2026-06-07T12:01:10.641+0000] {processor.py:840} INFO - DAG(s) 'crime_analytics_pipeline' retrieved from /opt/airflow/dags/dag_crime_pipeline.py
[2026-06-07T12:01:10.671+0000] {logging_mixin.py:188} INFO - [2026-06-07T12:01:10.670+0000] {dag.py:3036} INFO - Sync 1 DAGs
[2026-06-07T12:01:10.691+0000] {logging_mixin.py:188} INFO - [2026-06-07T12:01:10.691+0000] {dag.py:3823} INFO - Setting next_dagrun for crime_analytics_pipeline to 2026-06-06 19:00:00+00:00, run_after=2026-06-13 19:00:00+00:00
[2026-06-07T12:01:10.714+0000] {processor.py:183} INFO - Processing /opt/airflow/dags/dag_crime_pipeline.py took 0.118 seconds
[2026-06-07T12:01:40.863+0000] {processor.py:161} INFO - Started process (PID=12531) to work on /opt/airflow/dags/dag_crime_pipeline.py
[2026-06-07T12:01:40.865+0000] {processor.py:830} INFO - Processing file /opt/airflow/dags/dag_crime_pipeline.py for tasks to queue
[2026-06-07T12:01:40.868+0000] {logging_mixin.py:188} INFO - [2026-06-07T12:01:40.867+0000] {dagbag.py:538} INFO - Filling up the DagBag from /opt/airflow/dags/dag_crime_pipeline.py
[2026-06-07T12:01:40.905+0000] {processor.py:840} INFO - DAG(s) 'crime_analytics_pipeline' retrieved from /opt/airflow/dags/dag_crime_pipeline.py
[2026-06-07T12:01:40.934+0000] {logging_mixin.py:188} INFO - [2026-06-07T12:01:40.934+0000] {dag.py:3036} INFO - Sync 1 DAGs
[2026-06-07T12:01:40.955+0000] {logging_mixin.py:188} INFO - [2026-06-07T12:01:40.955+0000] {dag.py:3823} INFO - Setting next_dagrun for crime_analytics_pipeline to 2026-06-06 19:00:00+00:00, run_after=2026-06-13 19:00:00+00:00
[2026-06-07T12:01:40.994+0000] {processor.py:183} INFO - Processing /opt/airflow/dags/dag_crime_pipeline.py took 0.135 seconds
[2026-06-07T12:02:11.156+0000] {processor.py:161} INFO - Started process (PID=12536) to work on /opt/airflow/dags/dag_crime_pipeline.py
[2026-06-07T12:02:11.158+0000] {processor.py:830} INFO - Processing file /opt/airflow/dags/dag_crime_pipeline.py for tasks to queue
[2026-06-07T12:02:11.161+0000] {logging_mixin.py:188} INFO - [2026-06-07T12:02:11.160+0000] {dagbag.py:538} INFO - Filling up the DagBag from /opt/airflow/dags/dag_crime_pipeline.py
[2026-06-07T12:02:11.197+0000] {processor.py:840} INFO - DAG(s) 'crime_analytics_pipeline' retrieved from /opt/airflow/dags/dag_crime_pipeline.py
[2026-06-07T12:02:11.227+0000] {logging_mixin.py:188} INFO - [2026-06-07T12:02:11.226+0000] {dag.py:3036} INFO - Sync 1 DAGs
[2026-06-07T12:02:11.247+0000] {logging_mixin.py:188} INFO - [2026-06-07T12:02:11.247+0000] {dag.py:3823} INFO - Setting next_dagrun for crime_analytics_pipeline to 2026-06-06 19:00:00+00:00, run_after=2026-06-13 19:00:00+00:00
[2026-06-07T12:02:11.287+0000] {processor.py:183} INFO - Processing /opt/airflow/dags/dag_crime_pipeline.py took 0.135 seconds
[2026-06-07T12:02:41.426+0000] {processor.py:161} INFO - Started process (PID=12541) to work on /opt/airflow/dags/dag_crime_pipeline.py
[2026-06-07T12:02:41.428+0000] {processor.py:830} INFO - Processing file /opt/airflow/dags/dag_crime_pipeline.py for tasks to queue
[2026-06-07T12:02:41.432+0000] {logging_mixin.py:188} INFO - [2026-06-07T12:02:41.431+0000] {dagbag.py:538} INFO - Filling up the DagBag from /opt/airflow/dags/dag_crime_pipeline.py
[2026-06-07T12:02:41.470+0000] {processor.py:840} INFO - DAG(s) 'crime_analytics_pipeline' retrieved from /opt/airflow/dags/dag_crime_pipeline.py
[2026-06-07T12:02:41.504+0000] {logging_mixin.py:188} INFO - [2026-06-07T12:02:41.504+0000] {dag.py:3036} INFO - Sync 1 DAGs
[2026-06-07T12:02:41.527+0000] {logging_mixin.py:188} INFO - [2026-06-07T12:02:41.527+0000] {dag.py:3823} INFO - Setting next_dagrun for crime_analytics_pipeline to 2026-06-06 19:00:00+00:00, run_after=2026-06-13 19:00:00+00:00
[2026-06-07T12:02:41.567+0000] {processor.py:183} INFO - Processing /opt/airflow/dags/dag_crime_pipeline.py took 0.145 seconds
[2026-06-07T12:03:11.715+0000] {processor.py:161} INFO - Started process (PID=12546) to work on /opt/airflow/dags/dag_crime_pipeline.py
[2026-06-07T12:03:11.717+0000] {processor.py:830} INFO - Processing file /opt/airflow/dags/dag_crime_pipeline.py for tasks to queue
[2026-06-07T12:03:11.719+0000] {logging_mixin.py:188} INFO - [2026-06-07T12:03:11.719+0000] {dagbag.py:538} INFO - Filling up the DagBag from /opt/airflow/dags/dag_crime_pipeline.py
[2026-06-07T12:03:11.756+0000] {processor.py:840} INFO - DAG(s) 'crime_analytics_pipeline' retrieved from /opt/airflow/dags/dag_crime_pipeline.py
[2026-06-07T12:03:11.786+0000] {logging_mixin.py:188} INFO - [2026-06-07T12:03:11.785+0000] {dag.py:3036} INFO - Sync 1 DAGs
[2026-06-07T12:03:11.808+0000] {logging_mixin.py:188} INFO - [2026-06-07T12:03:11.807+0000] {dag.py:3823} INFO - Setting next_dagrun for crime_analytics_pipeline to 2026-06-06 19:00:00+00:00, run_after=2026-06-13 19:00:00+00:00
[2026-06-07T12:03:11.829+0000] {processor.py:183} INFO - Processing /opt/airflow/dags/dag_crime_pipeline.py took 0.117 seconds
[2026-06-07T12:03:41.917+0000] {processor.py:161} INFO - Started process (PID=12551) to work on /opt/airflow/dags/dag_crime_pipeline.py
[2026-06-07T12:03:41.918+0000] {processor.py:830} INFO - Processing file /opt/airflow/dags/dag_crime_pipeline.py for tasks to queue
[2026-06-07T12:03:41.921+0000] {logging_mixin.py:188} INFO - [2026-06-07T12:03:41.920+0000] {dagbag.py:538} INFO - Filling up the DagBag from /opt/airflow/dags/dag_crime_pipeline.py
[2026-06-07T12:03:41.957+0000] {processor.py:840} INFO - DAG(s) 'crime_analytics_pipeline' retrieved from /opt/airflow/dags/dag_crime_pipeline.py
[2026-06-07T12:03:41.988+0000] {logging_mixin.py:188} INFO - [2026-06-07T12:03:41.988+0000] {dag.py:3036} INFO - Sync 1 DAGs
[2026-06-07T12:03:42.010+0000] {logging_mixin.py:188} INFO - [2026-06-07T12:03:42.010+0000] {dag.py:3823} INFO - Setting next_dagrun for crime_analytics_pipeline to 2026-06-06 19:00:00+00:00, run_after=2026-06-13 19:00:00+00:00
[2026-06-07T12:03:42.030+0000] {processor.py:183} INFO - Processing /opt/airflow/dags/dag_crime_pipeline.py took 0.118 seconds
[2026-06-07T12:04:12.184+0000] {processor.py:161} INFO - Started process (PID=12556) to work on /opt/airflow/dags/dag_crime_pipeline.py
[2026-06-07T12:04:12.186+0000] {processor.py:830} INFO - Processing file /opt/airflow/dags/dag_crime_pipeline.py for tasks to queue
[2026-06-07T12:04:12.188+0000] {logging_mixin.py:188} INFO - [2026-06-07T12:04:12.188+0000] {dagbag.py:538} INFO - Filling up the DagBag from /opt/airflow/dags/dag_crime_pipeline.py
[2026-06-07T12:04:12.224+0000] {processor.py:840} INFO - DAG(s) 'crime_analytics_pipeline' retrieved from /opt/airflow/dags/dag_crime_pipeline.py
[2026-06-07T12:04:12.252+0000] {logging_mixin.py:188} INFO - [2026-06-07T12:04:12.252+0000] {dag.py:3036} INFO - Sync 1 DAGs
[2026-06-07T12:04:12.493+0000] {logging_mixin.py:188} INFO - [2026-06-07T12:04:12.493+0000] {dag.py:3823} INFO - Setting next_dagrun for crime_analytics_pipeline to 2026-06-06 19:00:00+00:00, run_after=2026-06-13 19:00:00+00:00
[2026-06-07T12:04:12.512+0000] {processor.py:183} INFO - Processing /opt/airflow/dags/dag_crime_pipeline.py took 0.332 seconds
[2026-06-07T12:04:42.831+0000] {processor.py:161} INFO - Started process (PID=12561) to work on /opt/airflow/dags/dag_crime_pipeline.py
[2026-06-07T12:04:42.832+0000] {processor.py:830} INFO - Processing file /opt/airflow/dags/dag_crime_pipeline.py for tasks to queue
[2026-06-07T12:04:42.836+0000] {logging_mixin.py:188} INFO - [2026-06-07T12:04:42.835+0000] {dagbag.py:538} INFO - Filling up the DagBag from /opt/airflow/dags/dag_crime_pipeline.py
[2026-06-07T12:04:42.874+0000] {processor.py:840} INFO - DAG(s) 'crime_analytics_pipeline' retrieved from /opt/airflow/dags/dag_crime_pipeline.py
[2026-06-07T12:04:42.905+0000] {logging_mixin.py:188} INFO - [2026-06-07T12:04:42.904+0000] {dag.py:3036} INFO - Sync 1 DAGs
[2026-06-07T12:04:42.925+0000] {logging_mixin.py:188} INFO - [2026-06-07T12:04:42.925+0000] {dag.py:3823} INFO - Setting next_dagrun for crime_analytics_pipeline to 2026-06-06 19:00:00+00:00, run_after=2026-06-13 19:00:00+00:00
[2026-06-07T12:04:42.963+0000] {processor.py:183} INFO - Processing /opt/airflow/dags/dag_crime_pipeline.py took 0.137 seconds
[2026-06-07T12:05:13.105+0000] {processor.py:161} INFO - Started process (PID=12566) to work on /opt/airflow/dags/dag_crime_pipeline.py
[2026-06-07T12:05:13.106+0000] {processor.py:830} INFO - Processing file /opt/airflow/dags/dag_crime_pipeline.py for tasks to queue
[2026-06-07T12:05:13.109+0000] {logging_mixin.py:188} INFO - [2026-06-07T12:05:13.108+0000] {dagbag.py:538} INFO - Filling up the DagBag from /opt/airflow/dags/dag_crime_pipeline.py
[2026-06-07T12:05:13.145+0000] {processor.py:840} INFO - DAG(s) 'crime_analytics_pipeline' retrieved from /opt/airflow/dags/dag_crime_pipeline.py
[2026-06-07T12:05:13.183+0000] {logging_mixin.py:188} INFO - [2026-06-07T12:05:13.182+0000] {dag.py:3036} INFO - Sync 1 DAGs
[2026-06-07T12:05:13.205+0000] {logging_mixin.py:188} INFO - [2026-06-07T12:05:13.205+0000] {dag.py:3823} INFO - Setting next_dagrun for crime_analytics_pipeline to 2026-06-06 19:00:00+00:00, run_after=2026-06-13 19:00:00+00:00
[2026-06-07T12:05:13.226+0000] {processor.py:183} INFO - Processing /opt/airflow/dags/dag_crime_pipeline.py took 0.126 seconds
[2026-06-07T12:05:43.369+0000] {processor.py:161} INFO - Started process (PID=12571) to work on /opt/airflow/dags/dag_crime_pipeline.py
[2026-06-07T12:05:43.370+0000] {processor.py:830} INFO - Processing file /opt/airflow/dags/dag_crime_pipeline.py for tasks to queue
[2026-06-07T12:05:43.373+0000] {logging_mixin.py:188} INFO - [2026-06-07T12:05:43.372+0000] {dagbag.py:538} INFO - Filling up the DagBag from /opt/airflow/dags/dag_crime_pipeline.py
[2026-06-07T12:05:43.412+0000] {processor.py:840} INFO - DAG(s) 'crime_analytics_pipeline' retrieved from /opt/airflow/dags/dag_crime_pipeline.py
[2026-06-07T12:05:43.443+0000] {logging_mixin.py:188} INFO - [2026-06-07T12:05:43.442+0000] {dag.py:3036} INFO - Sync 1 DAGs
[2026-06-07T12:05:43.464+0000] {logging_mixin.py:188} INFO - [2026-06-07T12:05:43.463+0000] {dag.py:3823} INFO - Setting next_dagrun for crime_analytics_pipeline to 2026-06-06 19:00:00+00:00, run_after=2026-06-13 19:00:00+00:00
[2026-06-07T12:05:43.503+0000] {processor.py:183} INFO - Processing /opt/airflow/dags/dag_crime_pipeline.py took 0.138 seconds
[2026-06-07T12:06:13.676+0000] {processor.py:161} INFO - Started process (PID=12576) to work on /opt/airflow/dags/dag_crime_pipeline.py
[2026-06-07T12:06:13.678+0000] {processor.py:830} INFO - Processing file /opt/airflow/dags/dag_crime_pipeline.py for tasks to queue
[2026-06-07T12:06:13.682+0000] {logging_mixin.py:188} INFO - [2026-06-07T12:06:13.681+0000] {dagbag.py:538} INFO - Filling up the DagBag from /opt/airflow/dags/dag_crime_pipeline.py
[2026-06-07T12:06:13.723+0000] {processor.py:840} INFO - DAG(s) 'crime_analytics_pipeline' retrieved from /opt/airflow/dags/dag_crime_pipeline.py
[2026-06-07T12:06:13.758+0000] {logging_mixin.py:188} INFO - [2026-06-07T12:06:13.757+0000] {dag.py:3036} INFO - Sync 1 DAGs
[2026-06-07T12:06:13.779+0000] {logging_mixin.py:188} INFO - [2026-06-07T12:06:13.779+0000] {dag.py:3823} INFO - Setting next_dagrun for crime_analytics_pipeline to 2026-06-06 19:00:00+00:00, run_after=2026-06-13 19:00:00+00:00
[2026-06-07T12:06:13.801+0000] {processor.py:183} INFO - Processing /opt/airflow/dags/dag_crime_pipeline.py took 0.130 seconds
[2026-06-07T12:06:43.960+0000] {processor.py:161} INFO - Started process (PID=12581) to work on /opt/airflow/dags/dag_crime_pipeline.py
[2026-06-07T12:06:43.962+0000] {processor.py:830} INFO - Processing file /opt/airflow/dags/dag_crime_pipeline.py for tasks to queue
[2026-06-07T12:06:43.964+0000] {logging_mixin.py:188} INFO - [2026-06-07T12:06:43.964+0000] {dagbag.py:538} INFO - Filling up the DagBag from /opt/airflow/dags/dag_crime_pipeline.py
[2026-06-07T12:06:44.005+0000] {processor.py:840} INFO - DAG(s) 'crime_analytics_pipeline' retrieved from /opt/airflow/dags/dag_crime_pipeline.py
[2026-06-07T12:06:44.038+0000] {logging_mixin.py:188} INFO - [2026-06-07T12:06:44.037+0000] {dag.py:3036} INFO - Sync 1 DAGs
[2026-06-07T12:06:44.060+0000] {logging_mixin.py:188} INFO - [2026-06-07T12:06:44.060+0000] {dag.py:3823} INFO - Setting next_dagrun for crime_analytics_pipeline to 2026-06-06 19:00:00+00:00, run_after=2026-06-13 19:00:00+00:00
[2026-06-07T12:06:44.085+0000] {processor.py:183} INFO - Processing /opt/airflow/dags/dag_crime_pipeline.py took 0.129 seconds
[2026-06-07T12:07:14.222+0000] {processor.py:161} INFO - Started process (PID=12586) to work on /opt/airflow/dags/dag_crime_pipeline.py
[2026-06-07T12:07:14.224+0000] {processor.py:830} INFO - Processing file /opt/airflow/dags/dag_crime_pipeline.py for tasks to queue
[2026-06-07T12:07:14.226+0000] {logging_mixin.py:188} INFO - [2026-06-07T12:07:14.226+0000] {dagbag.py:538} INFO - Filling up the DagBag from /opt/airflow/dags/dag_crime_pipeline.py
[2026-06-07T12:07:14.267+0000] {processor.py:840} INFO - DAG(s) 'crime_analytics_pipeline' retrieved from /opt/airflow/dags/dag_crime_pipeline.py
[2026-06-07T12:07:14.303+0000] {logging_mixin.py:188} INFO - [2026-06-07T12:07:14.303+0000] {dag.py:3036} INFO - Sync 1 DAGs
[2026-06-07T12:07:14.327+0000] {logging_mixin.py:188} INFO - [2026-06-07T12:07:14.326+0000] {dag.py:3823} INFO - Setting next_dagrun for crime_analytics_pipeline to 2026-06-06 19:00:00+00:00, run_after=2026-06-13 19:00:00+00:00
[2026-06-07T12:07:14.351+0000] {processor.py:183} INFO - Processing /opt/airflow/dags/dag_crime_pipeline.py took 0.134 seconds
[2026-06-07T12:07:44.519+0000] {processor.py:161} INFO - Started process (PID=12591) to work on /opt/airflow/dags/dag_crime_pipeline.py
[2026-06-07T12:07:44.521+0000] {processor.py:830} INFO - Processing file /opt/airflow/dags/dag_crime_pipeline.py for tasks to queue
[2026-06-07T12:07:44.524+0000] {logging_mixin.py:188} INFO - [2026-06-07T12:07:44.523+0000] {dagbag.py:538} INFO - Filling up the DagBag from /opt/airflow/dags/dag_crime_pipeline.py
[2026-06-07T12:07:44.564+0000] {processor.py:840} INFO - DAG(s) 'crime_analytics_pipeline' retrieved from /opt/airflow/dags/dag_crime_pipeline.py
[2026-06-07T12:07:44.602+0000] {logging_mixin.py:188} INFO - [2026-06-07T12:07:44.601+0000] {dag.py:3036} INFO - Sync 1 DAGs
[2026-06-07T12:07:44.629+0000] {logging_mixin.py:188} INFO - [2026-06-07T12:07:44.629+0000] {dag.py:3823} INFO - Setting next_dagrun for crime_analytics_pipeline to 2026-06-06 19:00:00+00:00, run_after=2026-06-13 19:00:00+00:00
[2026-06-07T12:07:44.652+0000] {processor.py:183} INFO - Processing /opt/airflow/dags/dag_crime_pipeline.py took 0.138 seconds
[2026-06-07T12:08:14.804+0000] {processor.py:161} INFO - Started process (PID=12596) to work on /opt/airflow/dags/dag_crime_pipeline.py
[2026-06-07T12:08:14.806+0000] {processor.py:830} INFO - Processing file /opt/airflow/dags/dag_crime_pipeline.py for tasks to queue
[2026-06-07T12:08:14.809+0000] {logging_mixin.py:188} INFO - [2026-06-07T12:08:14.809+0000] {dagbag.py:538} INFO - Filling up the DagBag from /opt/airflow/dags/dag_crime_pipeline.py
[2026-06-07T12:08:14.852+0000] {processor.py:840} INFO - DAG(s) 'crime_analytics_pipeline' retrieved from /opt/airflow/dags/dag_crime_pipeline.py
[2026-06-07T12:08:14.889+0000] {logging_mixin.py:188} INFO - [2026-06-07T12:08:14.889+0000] {dag.py:3036} INFO - Sync 1 DAGs
[2026-06-07T12:08:14.916+0000] {logging_mixin.py:188} INFO - [2026-06-07T12:08:14.916+0000] {dag.py:3823} INFO - Setting next_dagrun for crime_analytics_pipeline to 2026-06-06 19:00:00+00:00, run_after=2026-06-13 19:00:00+00:00
[2026-06-07T12:08:14.958+0000] {processor.py:183} INFO - Processing /opt/airflow/dags/dag_crime_pipeline.py took 0.159 seconds
[2026-06-07T12:08:45.078+0000] {processor.py:161} INFO - Started process (PID=12601) to work on /opt/airflow/dags/dag_crime_pipeline.py
[2026-06-07T12:08:45.079+0000] {processor.py:830} INFO - Processing file /opt/airflow/dags/dag_crime_pipeline.py for tasks to queue
[2026-06-07T12:08:45.082+0000] {logging_mixin.py:188} INFO - [2026-06-07T12:08:45.081+0000] {dagbag.py:538} INFO - Filling up the DagBag from /opt/airflow/dags/dag_crime_pipeline.py
[2026-06-07T12:08:45.119+0000] {processor.py:840} INFO - DAG(s) 'crime_analytics_pipeline' retrieved from /opt/airflow/dags/dag_crime_pipeline.py
[2026-06-07T12:08:45.155+0000] {logging_mixin.py:188} INFO - [2026-06-07T12:08:45.154+0000] {dag.py:3036} INFO - Sync 1 DAGs
[2026-06-07T12:08:45.179+0000] {logging_mixin.py:188} INFO - [2026-06-07T12:08:45.179+0000] {dag.py:3823} INFO - Setting next_dagrun for crime_analytics_pipeline to 2026-06-06 19:00:00+00:00, run_after=2026-06-13 19:00:00+00:00
[2026-06-07T12:08:45.218+0000] {processor.py:183} INFO - Processing /opt/airflow/dags/dag_crime_pipeline.py took 0.144 seconds
[2026-06-07T12:09:15.404+0000] {processor.py:161} INFO - Started process (PID=12606) to work on /opt/airflow/dags/dag_crime_pipeline.py
[2026-06-07T12:09:15.405+0000] {processor.py:830} INFO - Processing file /opt/airflow/dags/dag_crime_pipeline.py for tasks to queue
[2026-06-07T12:09:15.408+0000] {logging_mixin.py:188} INFO - [2026-06-07T12:09:15.407+0000] {dagbag.py:538} INFO - Filling up the DagBag from /opt/airflow/dags/dag_crime_pipeline.py
[2026-06-07T12:09:15.449+0000] {processor.py:840} INFO - DAG(s) 'crime_analytics_pipeline' retrieved from /opt/airflow/dags/dag_crime_pipeline.py
[2026-06-07T12:09:15.485+0000] {logging_mixin.py:188} INFO - [2026-06-07T12:09:15.484+0000] {dag.py:3036} INFO - Sync 1 DAGs
[2026-06-07T12:09:15.510+0000] {logging_mixin.py:188} INFO - [2026-06-07T12:09:15.509+0000] {dag.py:3823} INFO - Setting next_dagrun for crime_analytics_pipeline to 2026-06-06 19:00:00+00:00, run_after=2026-06-13 19:00:00+00:00
[2026-06-07T12:09:15.533+0000] {processor.py:183} INFO - Processing /opt/airflow/dags/dag_crime_pipeline.py took 0.134 seconds
[2026-06-07T12:09:45.711+0000] {processor.py:161} INFO - Started process (PID=12611) to work on /opt/airflow/dags/dag_crime_pipeline.py
[2026-06-07T12:09:45.713+0000] {processor.py:830} INFO - Processing file /opt/airflow/dags/dag_crime_pipeline.py for tasks to queue
[2026-06-07T12:09:45.716+0000] {logging_mixin.py:188} INFO - [2026-06-07T12:09:45.716+0000] {dagbag.py:538} INFO - Filling up the DagBag from /opt/airflow/dags/dag_crime_pipeline.py
[2026-06-07T12:09:45.758+0000] {processor.py:840} INFO - DAG(s) 'crime_analytics_pipeline' retrieved from /opt/airflow/dags/dag_crime_pipeline.py
[2026-06-07T12:09:45.794+0000] {logging_mixin.py:188} INFO - [2026-06-07T12:09:45.794+0000] {dag.py:3036} INFO - Sync 1 DAGs
[2026-06-07T12:09:45.820+0000] {logging_mixin.py:188} INFO - [2026-06-07T12:09:45.819+0000] {dag.py:3823} INFO - Setting next_dagrun for crime_analytics_pipeline to 2026-06-06 19:00:00+00:00, run_after=2026-06-13 19:00:00+00:00
[2026-06-07T12:09:45.849+0000] {processor.py:183} INFO - Processing /opt/airflow/dags/dag_crime_pipeline.py took 0.143 seconds
[2026-06-07T12:10:15.988+0000] {processor.py:161} INFO - Started process (PID=12616) to work on /opt/airflow/dags/dag_crime_pipeline.py
[2026-06-07T12:10:15.989+0000] {processor.py:830} INFO - Processing file /opt/airflow/dags/dag_crime_pipeline.py for tasks to queue
[2026-06-07T12:10:15.992+0000] {logging_mixin.py:188} INFO - [2026-06-07T12:10:15.992+0000] {dagbag.py:538} INFO - Filling up the DagBag from /opt/airflow/dags/dag_crime_pipeline.py
[2026-06-07T12:10:16.032+0000] {processor.py:840} INFO - DAG(s) 'crime_analytics_pipeline' retrieved from /opt/airflow/dags/dag_crime_pipeline.py
[2026-06-07T12:10:16.063+0000] {logging_mixin.py:188} INFO - [2026-06-07T12:10:16.063+0000] {dag.py:3036} INFO - Sync 1 DAGs
[2026-06-07T12:10:16.085+0000] {logging_mixin.py:188} INFO - [2026-06-07T12:10:16.084+0000] {dag.py:3823} INFO - Setting next_dagrun for crime_analytics_pipeline to 2026-06-06 19:00:00+00:00, run_after=2026-06-13 19:00:00+00:00
[2026-06-07T12:10:16.123+0000] {processor.py:183} INFO - Processing /opt/airflow/dags/dag_crime_pipeline.py took 0.141 seconds
[2026-06-07T12:10:46.297+0000] {processor.py:161} INFO - Started process (PID=12621) to work on /opt/airflow/dags/dag_crime_pipeline.py
[2026-06-07T12:10:46.299+0000] {processor.py:830} INFO - Processing file /opt/airflow/dags/dag_crime_pipeline.py for tasks to queue
[2026-06-07T12:10:46.302+0000] {logging_mixin.py:188} INFO - [2026-06-07T12:10:46.301+0000] {dagbag.py:538} INFO - Filling up the DagBag from /opt/airflow/dags/dag_crime_pipeline.py
[2026-06-07T12:10:46.343+0000] {processor.py:840} INFO - DAG(s) 'crime_analytics_pipeline' retrieved from /opt/airflow/dags/dag_crime_pipeline.py
[2026-06-07T12:10:46.381+0000] {logging_mixin.py:188} INFO - [2026-06-07T12:10:46.381+0000] {dag.py:3036} INFO - Sync 1 DAGs
[2026-06-07T12:10:46.409+0000] {logging_mixin.py:188} INFO - [2026-06-07T12:10:46.408+0000] {dag.py:3823} INFO - Setting next_dagrun for crime_analytics_pipeline to 2026-06-06 19:00:00+00:00, run_after=2026-06-13 19:00:00+00:00
[2026-06-07T12:10:46.435+0000] {processor.py:183} INFO - Processing /opt/airflow/dags/dag_crime_pipeline.py took 0.143 seconds
[2026-06-07T12:11:16.657+0000] {processor.py:161} INFO - Started process (PID=12626) to work on /opt/airflow/dags/dag_crime_pipeline.py
[2026-06-07T12:11:16.662+0000] {processor.py:830} INFO - Processing file /opt/airflow/dags/dag_crime_pipeline.py for tasks to queue
[2026-06-07T12:11:16.669+0000] {logging_mixin.py:188} INFO - [2026-06-07T12:11:16.668+0000] {dagbag.py:538} INFO - Filling up the DagBag from /opt/airflow/dags/dag_crime_pipeline.py
[2026-06-07T12:11:16.720+0000] {processor.py:840} INFO - DAG(s) 'crime_analytics_pipeline' retrieved from /opt/airflow/dags/dag_crime_pipeline.py
[2026-06-07T12:11:16.751+0000] {logging_mixin.py:188} INFO - [2026-06-07T12:11:16.750+0000] {dag.py:3036} INFO - Sync 1 DAGs
[2026-06-07T12:11:16.773+0000] {logging_mixin.py:188} INFO - [2026-06-07T12:11:16.773+0000] {dag.py:3823} INFO - Setting next_dagrun for crime_analytics_pipeline to 2026-06-06 19:00:00+00:00, run_after=2026-06-13 19:00:00+00:00
[2026-06-07T12:11:16.815+0000] {processor.py:183} INFO - Processing /opt/airflow/dags/dag_crime_pipeline.py took 0.166 seconds
[2026-06-07T12:11:46.976+0000] {processor.py:161} INFO - Started process (PID=12631) to work on /opt/airflow/dags/dag_crime_pipeline.py
[2026-06-07T12:11:46.978+0000] {processor.py:830} INFO - Processing file /opt/airflow/dags/dag_crime_pipeline.py for tasks to queue
[2026-06-07T12:11:46.982+0000] {logging_mixin.py:188} INFO - [2026-06-07T12:11:46.982+0000] {dagbag.py:538} INFO - Filling up the DagBag from /opt/airflow/dags/dag_crime_pipeline.py
[2026-06-07T12:11:47.025+0000] {processor.py:840} INFO - DAG(s) 'crime_analytics_pipeline' retrieved from /opt/airflow/dags/dag_crime_pipeline.py
[2026-06-07T12:11:47.061+0000] {logging_mixin.py:188} INFO - [2026-06-07T12:11:47.061+0000] {dag.py:3036} INFO - Sync 1 DAGs
[2026-06-07T12:11:47.083+0000] {logging_mixin.py:188} INFO - [2026-06-07T12:11:47.083+0000] {dag.py:3823} INFO - Setting next_dagrun for crime_analytics_pipeline to 2026-06-06 19:00:00+00:00, run_after=2026-06-13 19:00:00+00:00
[2026-06-07T12:11:47.103+0000] {processor.py:183} INFO - Processing /opt/airflow/dags/dag_crime_pipeline.py took 0.132 seconds
[2026-06-07T12:12:17.307+0000] {processor.py:161} INFO - Started process (PID=12636) to work on /opt/airflow/dags/dag_crime_pipeline.py
[2026-06-07T12:12:17.308+0000] {processor.py:830} INFO - Processing file /opt/airflow/dags/dag_crime_pipeline.py for tasks to queue
[2026-06-07T12:12:17.311+0000] {logging_mixin.py:188} INFO - [2026-06-07T12:12:17.311+0000] {dagbag.py:538} INFO - Filling up the DagBag from /opt/airflow/dags/dag_crime_pipeline.py
[2026-06-07T12:12:17.352+0000] {processor.py:840} INFO - DAG(s) 'crime_analytics_pipeline' retrieved from /opt/airflow/dags/dag_crime_pipeline.py
[2026-06-07T12:12:17.389+0000] {logging_mixin.py:188} INFO - [2026-06-07T12:12:17.388+0000] {dag.py:3036} INFO - Sync 1 DAGs
[2026-06-07T12:12:17.411+0000] {logging_mixin.py:188} INFO - [2026-06-07T12:12:17.411+0000] {dag.py:3823} INFO - Setting next_dagrun for crime_analytics_pipeline to 2026-06-06 19:00:00+00:00, run_after=2026-06-13 19:00:00+00:00
[2026-06-07T12:12:17.453+0000] {processor.py:183} INFO - Processing /opt/airflow/dags/dag_crime_pipeline.py took 0.151 seconds
[2026-06-07T12:12:47.602+0000] {processor.py:161} INFO - Started process (PID=12641) to work on /opt/airflow/dags/dag_crime_pipeline.py
[2026-06-07T12:12:47.604+0000] {processor.py:830} INFO - Processing file /opt/airflow/dags/dag_crime_pipeline.py for tasks to queue
[2026-06-07T12:12:47.607+0000] {logging_mixin.py:188} INFO - [2026-06-07T12:12:47.607+0000] {dagbag.py:538} INFO - Filling up the DagBag from /opt/airflow/dags/dag_crime_pipeline.py
[2026-06-07T12:12:47.647+0000] {processor.py:840} INFO - DAG(s) 'crime_analytics_pipeline' retrieved from /opt/airflow/dags/dag_crime_pipeline.py
[2026-06-07T12:12:47.681+0000] {logging_mixin.py:188} INFO - [2026-06-07T12:12:47.680+0000] {dag.py:3036} INFO - Sync 1 DAGs
[2026-06-07T12:12:47.705+0000] {logging_mixin.py:188} INFO - [2026-06-07T12:12:47.705+0000] {dag.py:3823} INFO - Setting next_dagrun for crime_analytics_pipeline to 2026-06-06 19:00:00+00:00, run_after=2026-06-13 19:00:00+00:00
[2026-06-07T12:12:47.732+0000] {processor.py:183} INFO - Processing /opt/airflow/dags/dag_crime_pipeline.py took 0.134 seconds
[2026-06-07T12:13:17.904+0000] {processor.py:161} INFO - Started process (PID=12646) to work on /opt/airflow/dags/dag_crime_pipeline.py
[2026-06-07T12:13:17.906+0000] {processor.py:830} INFO - Processing file /opt/airflow/dags/dag_crime_pipeline.py for tasks to queue
[2026-06-07T12:13:17.909+0000] {logging_mixin.py:188} INFO - [2026-06-07T12:13:17.909+0000] {dagbag.py:538} INFO - Filling up the DagBag from /opt/airflow/dags/dag_crime_pipeline.py
[2026-06-07T12:13:17.950+0000] {processor.py:840} INFO - DAG(s) 'crime_analytics_pipeline' retrieved from /opt/airflow/dags/dag_crime_pipeline.py
[2026-06-07T12:13:17.988+0000] {logging_mixin.py:188} INFO - [2026-06-07T12:13:17.987+0000] {dag.py:3036} INFO - Sync 1 DAGs
[2026-06-07T12:13:18.010+0000] {logging_mixin.py:188} INFO - [2026-06-07T12:13:18.010+0000] {dag.py:3823} INFO - Setting next_dagrun for crime_analytics_pipeline to 2026-06-06 19:00:00+00:00, run_after=2026-06-13 19:00:00+00:00
[2026-06-07T12:13:18.029+0000] {processor.py:183} INFO - Processing /opt/airflow/dags/dag_crime_pipeline.py took 0.130 seconds
[2026-06-07T12:13:48.186+0000] {processor.py:161} INFO - Started process (PID=12651) to work on /opt/airflow/dags/dag_crime_pipeline.py
[2026-06-07T12:13:48.188+0000] {processor.py:830} INFO - Processing file /opt/airflow/dags/dag_crime_pipeline.py for tasks to queue
[2026-06-07T12:13:48.191+0000] {logging_mixin.py:188} INFO - [2026-06-07T12:13:48.190+0000] {dagbag.py:538} INFO - Filling up the DagBag from /opt/airflow/dags/dag_crime_pipeline.py
[2026-06-07T12:13:48.228+0000] {processor.py:840} INFO - DAG(s) 'crime_analytics_pipeline' retrieved from /opt/airflow/dags/dag_crime_pipeline.py
[2026-06-07T12:13:48.259+0000] {logging_mixin.py:188} INFO - [2026-06-07T12:13:48.258+0000] {dag.py:3036} INFO - Sync 1 DAGs
[2026-06-07T12:13:48.282+0000] {logging_mixin.py:188} INFO - [2026-06-07T12:13:48.282+0000] {dag.py:3823} INFO - Setting next_dagrun for crime_analytics_pipeline to 2026-06-06 19:00:00+00:00, run_after=2026-06-13 19:00:00+00:00
[2026-06-07T12:13:48.326+0000] {processor.py:183} INFO - Processing /opt/airflow/dags/dag_crime_pipeline.py took 0.143 seconds
[2026-06-07T12:14:18.485+0000] {processor.py:161} INFO - Started process (PID=12656) to work on /opt/airflow/dags/dag_crime_pipeline.py
[2026-06-07T12:14:18.487+0000] {processor.py:830} INFO - Processing file /opt/airflow/dags/dag_crime_pipeline.py for tasks to queue
[2026-06-07T12:14:18.490+0000] {logging_mixin.py:188} INFO - [2026-06-07T12:14:18.489+0000] {dagbag.py:538} INFO - Filling up the DagBag from /opt/airflow/dags/dag_crime_pipeline.py
[2026-06-07T12:14:18.531+0000] {processor.py:840} INFO - DAG(s) 'crime_analytics_pipeline' retrieved from /opt/airflow/dags/dag_crime_pipeline.py
[2026-06-07T12:14:18.567+0000] {logging_mixin.py:188} INFO - [2026-06-07T12:14:18.567+0000] {dag.py:3036} INFO - Sync 1 DAGs
[2026-06-07T12:14:18.590+0000] {logging_mixin.py:188} INFO - [2026-06-07T12:14:18.589+0000] {dag.py:3823} INFO - Setting next_dagrun for crime_analytics_pipeline to 2026-06-06 19:00:00+00:00, run_after=2026-06-13 19:00:00+00:00
[2026-06-07T12:14:18.611+0000] {processor.py:183} INFO - Processing /opt/airflow/dags/dag_crime_pipeline.py took 0.131 seconds
[2026-06-07T12:14:48.764+0000] {processor.py:161} INFO - Started process (PID=12661) to work on /opt/airflow/dags/dag_crime_pipeline.py
[2026-06-07T12:14:48.766+0000] {processor.py:830} INFO - Processing file /opt/airflow/dags/dag_crime_pipeline.py for tasks to queue
[2026-06-07T12:14:48.770+0000] {logging_mixin.py:188} INFO - [2026-06-07T12:14:48.769+0000] {dagbag.py:538} INFO - Filling up the DagBag from /opt/airflow/dags/dag_crime_pipeline.py
[2026-06-07T12:14:48.813+0000] {processor.py:840} INFO - DAG(s) 'crime_analytics_pipeline' retrieved from /opt/airflow/dags/dag_crime_pipeline.py
[2026-06-07T12:14:48.851+0000] {logging_mixin.py:188} INFO - [2026-06-07T12:14:48.850+0000] {dag.py:3036} INFO - Sync 1 DAGs
[2026-06-07T12:14:48.883+0000] {logging_mixin.py:188} INFO - [2026-06-07T12:14:48.883+0000] {dag.py:3823} INFO - Setting next_dagrun for crime_analytics_pipeline to 2026-06-06 19:00:00+00:00, run_after=2026-06-13 19:00:00+00:00
[2026-06-07T12:14:48.912+0000] {processor.py:183} INFO - Processing /opt/airflow/dags/dag_crime_pipeline.py took 0.152 seconds
[2026-06-07T12:15:19.082+0000] {processor.py:161} INFO - Started process (PID=12666) to work on /opt/airflow/dags/dag_crime_pipeline.py
[2026-06-07T12:15:19.084+0000] {processor.py:830} INFO - Processing file /opt/airflow/dags/dag_crime_pipeline.py for tasks to queue
[2026-06-07T12:15:19.087+0000] {logging_mixin.py:188} INFO - [2026-06-07T12:15:19.086+0000] {dagbag.py:538} INFO - Filling up the DagBag from /opt/airflow/dags/dag_crime_pipeline.py
[2026-06-07T12:15:19.126+0000] {processor.py:840} INFO - DAG(s) 'crime_analytics_pipeline' retrieved from /opt/airflow/dags/dag_crime_pipeline.py
[2026-06-07T12:15:19.164+0000] {logging_mixin.py:188} INFO - [2026-06-07T12:15:19.164+0000] {dag.py:3036} INFO - Sync 1 DAGs
[2026-06-07T12:15:19.190+0000] {logging_mixin.py:188} INFO - [2026-06-07T12:15:19.189+0000] {dag.py:3823} INFO - Setting next_dagrun for crime_analytics_pipeline to 2026-06-06 19:00:00+00:00, run_after=2026-06-13 19:00:00+00:00
[2026-06-07T12:15:19.230+0000] {processor.py:183} INFO - Processing /opt/airflow/dags/dag_crime_pipeline.py took 0.152 seconds
[2026-06-07T12:15:49.437+0000] {processor.py:161} INFO - Started process (PID=12671) to work on /opt/airflow/dags/dag_crime_pipeline.py
[2026-06-07T12:15:49.439+0000] {processor.py:830} INFO - Processing file /opt/airflow/dags/dag_crime_pipeline.py for tasks to queue
[2026-06-07T12:15:49.441+0000] {logging_mixin.py:188} INFO - [2026-06-07T12:15:49.441+0000] {dagbag.py:538} INFO - Filling up the DagBag from /opt/airflow/dags/dag_crime_pipeline.py
[2026-06-07T12:15:49.487+0000] {processor.py:840} INFO - DAG(s) 'crime_analytics_pipeline' retrieved from /opt/airflow/dags/dag_crime_pipeline.py
[2026-06-07T12:15:49.524+0000] {logging_mixin.py:188} INFO - [2026-06-07T12:15:49.523+0000] {dag.py:3036} INFO - Sync 1 DAGs
[2026-06-07T12:15:49.548+0000] {logging_mixin.py:188} INFO - [2026-06-07T12:15:49.548+0000] {dag.py:3823} INFO - Setting next_dagrun for crime_analytics_pipeline to 2026-06-06 19:00:00+00:00, run_after=2026-06-13 19:00:00+00:00
[2026-06-07T12:15:49.590+0000] {processor.py:183} INFO - Processing /opt/airflow/dags/dag_crime_pipeline.py took 0.159 seconds
[2026-06-07T12:16:19.759+0000] {processor.py:161} INFO - Started process (PID=12676) to work on /opt/airflow/dags/dag_crime_pipeline.py
[2026-06-07T12:16:19.762+0000] {processor.py:830} INFO - Processing file /opt/airflow/dags/dag_crime_pipeline.py for tasks to queue
[2026-06-07T12:16:19.767+0000] {logging_mixin.py:188} INFO - [2026-06-07T12:16:19.766+0000] {dagbag.py:538} INFO - Filling up the DagBag from /opt/airflow/dags/dag_crime_pipeline.py
[2026-06-07T12:16:19.824+0000] {processor.py:840} INFO - DAG(s) 'crime_analytics_pipeline' retrieved from /opt/airflow/dags/dag_crime_pipeline.py
[2026-06-07T12:16:19.868+0000] {logging_mixin.py:188} INFO - [2026-06-07T12:16:19.867+0000] {dag.py:3036} INFO - Sync 1 DAGs
[2026-06-07T12:16:19.896+0000] {logging_mixin.py:188} INFO - [2026-06-07T12:16:19.896+0000] {dag.py:3823} INFO - Setting next_dagrun for crime_analytics_pipeline to 2026-06-06 19:00:00+00:00, run_after=2026-06-13 19:00:00+00:00
[2026-06-07T12:16:19.921+0000] {processor.py:183} INFO - Processing /opt/airflow/dags/dag_crime_pipeline.py took 0.170 seconds
[2026-06-07T12:16:50.110+0000] {processor.py:161} INFO - Started process (PID=12681) to work on /opt/airflow/dags/dag_crime_pipeline.py
[2026-06-07T12:16:50.112+0000] {processor.py:830} INFO - Processing file /opt/airflow/dags/dag_crime_pipeline.py for tasks to queue
[2026-06-07T12:16:50.115+0000] {logging_mixin.py:188} INFO - [2026-06-07T12:16:50.114+0000] {dagbag.py:538} INFO - Filling up the DagBag from /opt/airflow/dags/dag_crime_pipeline.py
[2026-06-07T12:16:50.154+0000] {processor.py:840} INFO - DAG(s) 'crime_analytics_pipeline' retrieved from /opt/airflow/dags/dag_crime_pipeline.py
[2026-06-07T12:16:50.191+0000] {logging_mixin.py:188} INFO - [2026-06-07T12:16:50.191+0000] {dag.py:3036} INFO - Sync 1 DAGs
[2026-06-07T12:16:50.212+0000] {logging_mixin.py:188} INFO - [2026-06-07T12:16:50.212+0000] {dag.py:3823} INFO - Setting next_dagrun for crime_analytics_pipeline to 2026-06-06 19:00:00+00:00, run_after=2026-06-13 19:00:00+00:00
[2026-06-07T12:16:50.249+0000] {processor.py:183} INFO - Processing /opt/airflow/dags/dag_crime_pipeline.py took 0.143 seconds
[2026-06-07T12:17:20.475+0000] {processor.py:161} INFO - Started process (PID=12686) to work on /opt/airflow/dags/dag_crime_pipeline.py
[2026-06-07T12:17:20.477+0000] {processor.py:830} INFO - Processing file /opt/airflow/dags/dag_crime_pipeline.py for tasks to queue
[2026-06-07T12:17:20.480+0000] {logging_mixin.py:188} INFO - [2026-06-07T12:17:20.479+0000] {dagbag.py:538} INFO - Filling up the DagBag from /opt/airflow/dags/dag_crime_pipeline.py
[2026-06-07T12:17:20.534+0000] {processor.py:840} INFO - DAG(s) 'crime_analytics_pipeline' retrieved from /opt/airflow/dags/dag_crime_pipeline.py
[2026-06-07T12:17:20.628+0000] {logging_mixin.py:188} INFO - [2026-06-07T12:17:20.628+0000] {dag.py:3036} INFO - Sync 1 DAGs
[2026-06-07T12:17:20.653+0000] {logging_mixin.py:188} INFO - [2026-06-07T12:17:20.653+0000] {dag.py:3823} INFO - Setting next_dagrun for crime_analytics_pipeline to 2026-06-06 19:00:00+00:00, run_after=2026-06-13 19:00:00+00:00
[2026-06-07T12:17:20.677+0000] {processor.py:183} INFO - Processing /opt/airflow/dags/dag_crime_pipeline.py took 0.207 seconds
[2026-06-07T12:17:50.879+0000] {processor.py:161} INFO - Started process (PID=12691) to work on /opt/airflow/dags/dag_crime_pipeline.py
[2026-06-07T12:17:50.881+0000] {processor.py:830} INFO - Processing file /opt/airflow/dags/dag_crime_pipeline.py for tasks to queue
[2026-06-07T12:17:50.885+0000] {logging_mixin.py:188} INFO - [2026-06-07T12:17:50.884+0000] {dagbag.py:538} INFO - Filling up the DagBag from /opt/airflow/dags/dag_crime_pipeline.py
[2026-06-07T12:17:50.935+0000] {processor.py:840} INFO - DAG(s) 'crime_analytics_pipeline' retrieved from /opt/airflow/dags/dag_crime_pipeline.py
[2026-06-07T12:17:50.980+0000] {logging_mixin.py:188} INFO - [2026-06-07T12:17:50.979+0000] {dag.py:3036} INFO - Sync 1 DAGs
[2026-06-07T12:17:51.006+0000] {logging_mixin.py:188} INFO - [2026-06-07T12:17:51.006+0000] {dag.py:3823} INFO - Setting next_dagrun for crime_analytics_pipeline to 2026-06-06 19:00:00+00:00, run_after=2026-06-13 19:00:00+00:00
[2026-06-07T12:17:51.050+0000] {processor.py:183} INFO - Processing /opt/airflow/dags/dag_crime_pipeline.py took 0.178 seconds
[2026-06-07T12:18:21.202+0000] {processor.py:161} INFO - Started process (PID=12696) to work on /opt/airflow/dags/dag_crime_pipeline.py
[2026-06-07T12:18:21.203+0000] {processor.py:830} INFO - Processing file /opt/airflow/dags/dag_crime_pipeline.py for tasks to queue
[2026-06-07T12:18:21.207+0000] {logging_mixin.py:188} INFO - [2026-06-07T12:18:21.206+0000] {dagbag.py:538} INFO - Filling up the DagBag from /opt/airflow/dags/dag_crime_pipeline.py
[2026-06-07T12:18:21.248+0000] {processor.py:840} INFO - DAG(s) 'crime_analytics_pipeline' retrieved from /opt/airflow/dags/dag_crime_pipeline.py
[2026-06-07T12:18:21.283+0000] {logging_mixin.py:188} INFO - [2026-06-07T12:18:21.283+0000] {dag.py:3036} INFO - Sync 1 DAGs
[2026-06-07T12:18:21.310+0000] {logging_mixin.py:188} INFO - [2026-06-07T12:18:21.310+0000] {dag.py:3823} INFO - Setting next_dagrun for crime_analytics_pipeline to 2026-06-06 19:00:00+00:00, run_after=2026-06-13 19:00:00+00:00
[2026-06-07T12:18:21.335+0000] {processor.py:183} INFO - Processing /opt/airflow/dags/dag_crime_pipeline.py took 0.138 seconds
[2026-06-07T12:18:51.543+0000] {processor.py:161} INFO - Started process (PID=12701) to work on /opt/airflow/dags/dag_crime_pipeline.py
[2026-06-07T12:18:51.545+0000] {processor.py:830} INFO - Processing file /opt/airflow/dags/dag_crime_pipeline.py for tasks to queue
[2026-06-07T12:18:51.548+0000] {logging_mixin.py:188} INFO - [2026-06-07T12:18:51.547+0000] {dagbag.py:538} INFO - Filling up the DagBag from /opt/airflow/dags/dag_crime_pipeline.py
[2026-06-07T12:18:51.594+0000] {processor.py:840} INFO - DAG(s) 'crime_analytics_pipeline' retrieved from /opt/airflow/dags/dag_crime_pipeline.py
[2026-06-07T12:18:51.632+0000] {logging_mixin.py:188} INFO - [2026-06-07T12:18:51.631+0000] {dag.py:3036} INFO - Sync 1 DAGs
[2026-06-07T12:18:51.659+0000] {logging_mixin.py:188} INFO - [2026-06-07T12:18:51.659+0000] {dag.py:3823} INFO - Setting next_dagrun for crime_analytics_pipeline to 2026-06-06 19:00:00+00:00, run_after=2026-06-13 19:00:00+00:00
[2026-06-07T12:18:51.682+0000] {processor.py:183} INFO - Processing /opt/airflow/dags/dag_crime_pipeline.py took 0.144 seconds
[2026-06-07T12:19:21.852+0000] {processor.py:161} INFO - Started process (PID=12706) to work on /opt/airflow/dags/dag_crime_pipeline.py
[2026-06-07T12:19:21.854+0000] {processor.py:830} INFO - Processing file /opt/airflow/dags/dag_crime_pipeline.py for tasks to queue
[2026-06-07T12:19:21.858+0000] {logging_mixin.py:188} INFO - [2026-06-07T12:19:21.857+0000] {dagbag.py:538} INFO - Filling up the DagBag from /opt/airflow/dags/dag_crime_pipeline.py
[2026-06-07T12:19:21.901+0000] {processor.py:840} INFO - DAG(s) 'crime_analytics_pipeline' retrieved from /opt/airflow/dags/dag_crime_pipeline.py
[2026-06-07T12:19:21.941+0000] {logging_mixin.py:188} INFO - [2026-06-07T12:19:21.940+0000] {dag.py:3036} INFO - Sync 1 DAGs
[2026-06-07T12:19:21.969+0000] {logging_mixin.py:188} INFO - [2026-06-07T12:19:21.969+0000] {dag.py:3823} INFO - Setting next_dagrun for crime_analytics_pipeline to 2026-06-06 19:00:00+00:00, run_after=2026-06-13 19:00:00+00:00
[2026-06-07T12:19:21.997+0000] {processor.py:183} INFO - Processing /opt/airflow/dags/dag_crime_pipeline.py took 0.150 seconds
[2026-06-07T12:19:52.187+0000] {processor.py:161} INFO - Started process (PID=12711) to work on /opt/airflow/dags/dag_crime_pipeline.py
[2026-06-07T12:19:52.189+0000] {processor.py:830} INFO - Processing file /opt/airflow/dags/dag_crime_pipeline.py for tasks to queue
[2026-06-07T12:19:52.191+0000] {logging_mixin.py:188} INFO - [2026-06-07T12:19:52.191+0000] {dagbag.py:538} INFO - Filling up the DagBag from /opt/airflow/dags/dag_crime_pipeline.py
[2026-06-07T12:19:52.233+0000] {processor.py:840} INFO - DAG(s) 'crime_analytics_pipeline' retrieved from /opt/airflow/dags/dag_crime_pipeline.py
[2026-06-07T12:19:52.268+0000] {logging_mixin.py:188} INFO - [2026-06-07T12:19:52.268+0000] {dag.py:3036} INFO - Sync 1 DAGs
[2026-06-07T12:19:52.295+0000] {logging_mixin.py:188} INFO - [2026-06-07T12:19:52.294+0000] {dag.py:3823} INFO - Setting next_dagrun for crime_analytics_pipeline to 2026-06-06 19:00:00+00:00, run_after=2026-06-13 19:00:00+00:00
[2026-06-07T12:19:52.341+0000] {processor.py:183} INFO - Processing /opt/airflow/dags/dag_crime_pipeline.py took 0.158 seconds
[2026-06-07T12:20:22.520+0000] {processor.py:161} INFO - Started process (PID=12716) to work on /opt/airflow/dags/dag_crime_pipeline.py
[2026-06-07T12:20:22.522+0000] {processor.py:830} INFO - Processing file /opt/airflow/dags/dag_crime_pipeline.py for tasks to queue
[2026-06-07T12:20:22.525+0000] {logging_mixin.py:188} INFO - [2026-06-07T12:20:22.524+0000] {dagbag.py:538} INFO - Filling up the DagBag from /opt/airflow/dags/dag_crime_pipeline.py
[2026-06-07T12:20:22.567+0000] {processor.py:840} INFO - DAG(s) 'crime_analytics_pipeline' retrieved from /opt/airflow/dags/dag_crime_pipeline.py
[2026-06-07T12:20:22.604+0000] {logging_mixin.py:188} INFO - [2026-06-07T12:20:22.604+0000] {dag.py:3036} INFO - Sync 1 DAGs
[2026-06-07T12:20:22.632+0000] {logging_mixin.py:188} INFO - [2026-06-07T12:20:22.632+0000] {dag.py:3823} INFO - Setting next_dagrun for crime_analytics_pipeline to 2026-06-06 19:00:00+00:00, run_after=2026-06-13 19:00:00+00:00
[2026-06-07T12:20:22.656+0000] {processor.py:183} INFO - Processing /opt/airflow/dags/dag_crime_pipeline.py took 0.142 seconds
[2026-06-07T12:20:52.861+0000] {processor.py:161} INFO - Started process (PID=12721) to work on /opt/airflow/dags/dag_crime_pipeline.py
[2026-06-07T12:20:52.862+0000] {processor.py:830} INFO - Processing file /opt/airflow/dags/dag_crime_pipeline.py for tasks to queue
[2026-06-07T12:20:52.867+0000] {logging_mixin.py:188} INFO - [2026-06-07T12:20:52.866+0000] {dagbag.py:538} INFO - Filling up the DagBag from /opt/airflow/dags/dag_crime_pipeline.py
[2026-06-07T12:20:52.909+0000] {processor.py:840} INFO - DAG(s) 'crime_analytics_pipeline' retrieved from /opt/airflow/dags/dag_crime_pipeline.py
[2026-06-07T12:20:52.951+0000] {logging_mixin.py:188} INFO - [2026-06-07T12:20:52.950+0000] {dag.py:3036} INFO - Sync 1 DAGs
[2026-06-07T12:20:52.981+0000] {logging_mixin.py:188} INFO - [2026-06-07T12:20:52.980+0000] {dag.py:3823} INFO - Setting next_dagrun for crime_analytics_pipeline to 2026-06-06 19:00:00+00:00, run_after=2026-06-13 19:00:00+00:00
[2026-06-07T12:20:53.007+0000] {processor.py:183} INFO - Processing /opt/airflow/dags/dag_crime_pipeline.py took 0.151 seconds
[2026-06-07T12:21:23.165+0000] {processor.py:161} INFO - Started process (PID=12726) to work on /opt/airflow/dags/dag_crime_pipeline.py
[2026-06-07T12:21:23.167+0000] {processor.py:830} INFO - Processing file /opt/airflow/dags/dag_crime_pipeline.py for tasks to queue
[2026-06-07T12:21:23.170+0000] {logging_mixin.py:188} INFO - [2026-06-07T12:21:23.170+0000] {dagbag.py:538} INFO - Filling up the DagBag from /opt/airflow/dags/dag_crime_pipeline.py
[2026-06-07T12:21:23.208+0000] {processor.py:840} INFO - DAG(s) 'crime_analytics_pipeline' retrieved from /opt/airflow/dags/dag_crime_pipeline.py
[2026-06-07T12:21:23.244+0000] {logging_mixin.py:188} INFO - [2026-06-07T12:21:23.243+0000] {dag.py:3036} INFO - Sync 1 DAGs
[2026-06-07T12:21:23.270+0000] {logging_mixin.py:188} INFO - [2026-06-07T12:21:23.270+0000] {dag.py:3823} INFO - Setting next_dagrun for crime_analytics_pipeline to 2026-06-06 19:00:00+00:00, run_after=2026-06-13 19:00:00+00:00
[2026-06-07T12:21:23.317+0000] {processor.py:183} INFO - Processing /opt/airflow/dags/dag_crime_pipeline.py took 0.157 seconds
[2026-06-07T12:21:53.407+0000] {processor.py:161} INFO - Started process (PID=12731) to work on /opt/airflow/dags/dag_crime_pipeline.py
[2026-06-07T12:21:53.409+0000] {processor.py:830} INFO - Processing file /opt/airflow/dags/dag_crime_pipeline.py for tasks to queue
[2026-06-07T12:21:53.412+0000] {logging_mixin.py:188} INFO - [2026-06-07T12:21:53.412+0000] {dagbag.py:538} INFO - Filling up the DagBag from /opt/airflow/dags/dag_crime_pipeline.py
[2026-06-07T12:21:53.453+0000] {processor.py:840} INFO - DAG(s) 'crime_analytics_pipeline' retrieved from /opt/airflow/dags/dag_crime_pipeline.py
[2026-06-07T12:21:53.493+0000] {logging_mixin.py:188} INFO - [2026-06-07T12:21:53.492+0000] {dag.py:3036} INFO - Sync 1 DAGs
[2026-06-07T12:21:53.520+0000] {logging_mixin.py:188} INFO - [2026-06-07T12:21:53.520+0000] {dag.py:3823} INFO - Setting next_dagrun for crime_analytics_pipeline to 2026-06-06 19:00:00+00:00, run_after=2026-06-13 19:00:00+00:00
[2026-06-07T12:21:53.563+0000] {processor.py:183} INFO - Processing /opt/airflow/dags/dag_crime_pipeline.py took 0.163 seconds
[2026-06-07T12:22:23.652+0000] {processor.py:161} INFO - Started process (PID=12736) to work on /opt/airflow/dags/dag_crime_pipeline.py
[2026-06-07T12:22:23.654+0000] {processor.py:830} INFO - Processing file /opt/airflow/dags/dag_crime_pipeline.py for tasks to queue
[2026-06-07T12:22:23.658+0000] {logging_mixin.py:188} INFO - [2026-06-07T12:22:23.658+0000] {dagbag.py:538} INFO - Filling up the DagBag from /opt/airflow/dags/dag_crime_pipeline.py
[2026-06-07T12:22:23.699+0000] {processor.py:840} INFO - DAG(s) 'crime_analytics_pipeline' retrieved from /opt/airflow/dags/dag_crime_pipeline.py
[2026-06-07T12:22:23.735+0000] {logging_mixin.py:188} INFO - [2026-06-07T12:22:23.735+0000] {dag.py:3036} INFO - Sync 1 DAGs
[2026-06-07T12:22:23.761+0000] {logging_mixin.py:188} INFO - [2026-06-07T12:22:23.760+0000] {dag.py:3823} INFO - Setting next_dagrun for crime_analytics_pipeline to 2026-06-06 19:00:00+00:00, run_after=2026-06-13 19:00:00+00:00
[2026-06-07T12:22:23.786+0000] {processor.py:183} INFO - Processing /opt/airflow/dags/dag_crime_pipeline.py took 0.139 seconds
[2026-06-07T12:22:53.878+0000] {processor.py:161} INFO - Started process (PID=12741) to work on /opt/airflow/dags/dag_crime_pipeline.py
[2026-06-07T12:22:53.880+0000] {processor.py:830} INFO - Processing file /opt/airflow/dags/dag_crime_pipeline.py for tasks to queue
[2026-06-07T12:22:53.882+0000] {logging_mixin.py:188} INFO - [2026-06-07T12:22:53.882+0000] {dagbag.py:538} INFO - Filling up the DagBag from /opt/airflow/dags/dag_crime_pipeline.py
[2026-06-07T12:22:53.930+0000] {processor.py:840} INFO - DAG(s) 'crime_analytics_pipeline' retrieved from /opt/airflow/dags/dag_crime_pipeline.py
[2026-06-07T12:22:53.968+0000] {logging_mixin.py:188} INFO - [2026-06-07T12:22:53.967+0000] {dag.py:3036} INFO - Sync 1 DAGs
[2026-06-07T12:22:53.998+0000] {logging_mixin.py:188} INFO - [2026-06-07T12:22:53.998+0000] {dag.py:3823} INFO - Setting next_dagrun for crime_analytics_pipeline to 2026-06-06 19:00:00+00:00, run_after=2026-06-13 19:00:00+00:00
[2026-06-07T12:22:54.042+0000] {processor.py:183} INFO - Processing /opt/airflow/dags/dag_crime_pipeline.py took 0.170 seconds
[2026-06-07T12:23:24.213+0000] {processor.py:161} INFO - Started process (PID=12746) to work on /opt/airflow/dags/dag_crime_pipeline.py
[2026-06-07T12:23:24.214+0000] {processor.py:830} INFO - Processing file /opt/airflow/dags/dag_crime_pipeline.py for tasks to queue
[2026-06-07T12:23:24.219+0000] {logging_mixin.py:188} INFO - [2026-06-07T12:23:24.219+0000] {dagbag.py:538} INFO - Filling up the DagBag from /opt/airflow/dags/dag_crime_pipeline.py
[2026-06-07T12:23:24.259+0000] {processor.py:840} INFO - DAG(s) 'crime_analytics_pipeline' retrieved from /opt/airflow/dags/dag_crime_pipeline.py
[2026-06-07T12:23:24.293+0000] {logging_mixin.py:188} INFO - [2026-06-07T12:23:24.292+0000] {dag.py:3036} INFO - Sync 1 DAGs
[2026-06-07T12:23:24.319+0000] {logging_mixin.py:188} INFO - [2026-06-07T12:23:24.319+0000] {dag.py:3823} INFO - Setting next_dagrun for crime_analytics_pipeline to 2026-06-06 19:00:00+00:00, run_after=2026-06-13 19:00:00+00:00
[2026-06-07T12:23:24.364+0000] {processor.py:183} INFO - Processing /opt/airflow/dags/dag_crime_pipeline.py took 0.157 seconds
[2026-06-07T12:23:54.541+0000] {processor.py:161} INFO - Started process (PID=12751) to work on /opt/airflow/dags/dag_crime_pipeline.py
[2026-06-07T12:23:54.542+0000] {processor.py:830} INFO - Processing file /opt/airflow/dags/dag_crime_pipeline.py for tasks to queue
[2026-06-07T12:23:54.546+0000] {logging_mixin.py:188} INFO - [2026-06-07T12:23:54.545+0000] {dagbag.py:538} INFO - Filling up the DagBag from /opt/airflow/dags/dag_crime_pipeline.py
[2026-06-07T12:23:54.589+0000] {processor.py:840} INFO - DAG(s) 'crime_analytics_pipeline' retrieved from /opt/airflow/dags/dag_crime_pipeline.py
[2026-06-07T12:23:54.627+0000] {logging_mixin.py:188} INFO - [2026-06-07T12:23:54.626+0000] {dag.py:3036} INFO - Sync 1 DAGs
[2026-06-07T12:23:54.654+0000] {logging_mixin.py:188} INFO - [2026-06-07T12:23:54.654+0000] {dag.py:3823} INFO - Setting next_dagrun for crime_analytics_pipeline to 2026-06-06 19:00:00+00:00, run_after=2026-06-13 19:00:00+00:00
[2026-06-07T12:23:54.697+0000] {processor.py:183} INFO - Processing /opt/airflow/dags/dag_crime_pipeline.py took 0.161 seconds
[2026-06-07T12:24:24.900+0000] {processor.py:161} INFO - Started process (PID=12756) to work on /opt/airflow/dags/dag_crime_pipeline.py
[2026-06-07T12:24:24.903+0000] {processor.py:830} INFO - Processing file /opt/airflow/dags/dag_crime_pipeline.py for tasks to queue
[2026-06-07T12:24:24.906+0000] {logging_mixin.py:188} INFO - [2026-06-07T12:24:24.905+0000] {dagbag.py:538} INFO - Filling up the DagBag from /opt/airflow/dags/dag_crime_pipeline.py
[2026-06-07T12:24:24.950+0000] {processor.py:840} INFO - DAG(s) 'crime_analytics_pipeline' retrieved from /opt/airflow/dags/dag_crime_pipeline.py
[2026-06-07T12:24:25.001+0000] {logging_mixin.py:188} INFO - [2026-06-07T12:24:25.000+0000] {dag.py:3036} INFO - Sync 1 DAGs
[2026-06-07T12:24:25.034+0000] {logging_mixin.py:188} INFO - [2026-06-07T12:24:25.033+0000] {dag.py:3823} INFO - Setting next_dagrun for crime_analytics_pipeline to 2026-06-06 19:00:00+00:00, run_after=2026-06-13 19:00:00+00:00
[2026-06-07T12:24:25.061+0000] {processor.py:183} INFO - Processing /opt/airflow/dags/dag_crime_pipeline.py took 0.166 seconds
[2026-06-07T12:24:55.217+0000] {processor.py:161} INFO - Started process (PID=12761) to work on /opt/airflow/dags/dag_crime_pipeline.py
[2026-06-07T12:24:55.218+0000] {processor.py:830} INFO - Processing file /opt/airflow/dags/dag_crime_pipeline.py for tasks to queue
[2026-06-07T12:24:55.222+0000] {logging_mixin.py:188} INFO - [2026-06-07T12:24:55.221+0000] {dagbag.py:538} INFO - Filling up the DagBag from /opt/airflow/dags/dag_crime_pipeline.py
[2026-06-07T12:24:55.261+0000] {processor.py:840} INFO - DAG(s) 'crime_analytics_pipeline' retrieved from /opt/airflow/dags/dag_crime_pipeline.py
[2026-06-07T12:24:55.298+0000] {logging_mixin.py:188} INFO - [2026-06-07T12:24:55.298+0000] {dag.py:3036} INFO - Sync 1 DAGs
[2026-06-07T12:24:55.327+0000] {logging_mixin.py:188} INFO - [2026-06-07T12:24:55.327+0000] {dag.py:3823} INFO - Setting next_dagrun for crime_analytics_pipeline to 2026-06-06 19:00:00+00:00, run_after=2026-06-13 19:00:00+00:00
[2026-06-07T12:24:55.372+0000] {processor.py:183} INFO - Processing /opt/airflow/dags/dag_crime_pipeline.py took 0.159 seconds
[2026-06-07T12:25:25.526+0000] {processor.py:161} INFO - Started process (PID=12766) to work on /opt/airflow/dags/dag_crime_pipeline.py
[2026-06-07T12:25:25.528+0000] {processor.py:830} INFO - Processing file /opt/airflow/dags/dag_crime_pipeline.py for tasks to queue
[2026-06-07T12:25:25.531+0000] {logging_mixin.py:188} INFO - [2026-06-07T12:25:25.531+0000] {dagbag.py:538} INFO - Filling up the DagBag from /opt/airflow/dags/dag_crime_pipeline.py
[2026-06-07T12:25:25.572+0000] {processor.py:840} INFO - DAG(s) 'crime_analytics_pipeline' retrieved from /opt/airflow/dags/dag_crime_pipeline.py
[2026-06-07T12:25:25.609+0000] {logging_mixin.py:188} INFO - [2026-06-07T12:25:25.609+0000] {dag.py:3036} INFO - Sync 1 DAGs
[2026-06-07T12:25:25.639+0000] {logging_mixin.py:188} INFO - [2026-06-07T12:25:25.639+0000] {dag.py:3823} INFO - Setting next_dagrun for crime_analytics_pipeline to 2026-06-06 19:00:00+00:00, run_after=2026-06-13 19:00:00+00:00
[2026-06-07T12:25:25.669+0000] {processor.py:183} INFO - Processing /opt/airflow/dags/dag_crime_pipeline.py took 0.147 seconds
[2026-06-07T12:25:55.861+0000] {processor.py:161} INFO - Started process (PID=12771) to work on /opt/airflow/dags/dag_crime_pipeline.py
[2026-06-07T12:25:55.863+0000] {processor.py:830} INFO - Processing file /opt/airflow/dags/dag_crime_pipeline.py for tasks to queue
[2026-06-07T12:25:55.867+0000] {logging_mixin.py:188} INFO - [2026-06-07T12:25:55.866+0000] {dagbag.py:538} INFO - Filling up the DagBag from /opt/airflow/dags/dag_crime_pipeline.py
[2026-06-07T12:25:55.907+0000] {processor.py:840} INFO - DAG(s) 'crime_analytics_pipeline' retrieved from /opt/airflow/dags/dag_crime_pipeline.py
[2026-06-07T12:25:55.946+0000] {logging_mixin.py:188} INFO - [2026-06-07T12:25:55.945+0000] {dag.py:3036} INFO - Sync 1 DAGs
[2026-06-07T12:25:55.974+0000] {logging_mixin.py:188} INFO - [2026-06-07T12:25:55.974+0000] {dag.py:3823} INFO - Setting next_dagrun for crime_analytics_pipeline to 2026-06-06 19:00:00+00:00, run_after=2026-06-13 19:00:00+00:00
[2026-06-07T12:25:55.997+0000] {processor.py:183} INFO - Processing /opt/airflow/dags/dag_crime_pipeline.py took 0.140 seconds
[2026-06-07T12:26:26.137+0000] {processor.py:161} INFO - Started process (PID=12776) to work on /opt/airflow/dags/dag_crime_pipeline.py
[2026-06-07T12:26:26.138+0000] {processor.py:830} INFO - Processing file /opt/airflow/dags/dag_crime_pipeline.py for tasks to queue
[2026-06-07T12:26:26.141+0000] {logging_mixin.py:188} INFO - [2026-06-07T12:26:26.141+0000] {dagbag.py:538} INFO - Filling up the DagBag from /opt/airflow/dags/dag_crime_pipeline.py
[2026-06-07T12:26:26.183+0000] {processor.py:840} INFO - DAG(s) 'crime_analytics_pipeline' retrieved from /opt/airflow/dags/dag_crime_pipeline.py
[2026-06-07T12:26:26.223+0000] {logging_mixin.py:188} INFO - [2026-06-07T12:26:26.222+0000] {dag.py:3036} INFO - Sync 1 DAGs
[2026-06-07T12:26:26.250+0000] {logging_mixin.py:188} INFO - [2026-06-07T12:26:26.250+0000] {dag.py:3823} INFO - Setting next_dagrun for crime_analytics_pipeline to 2026-06-06 19:00:00+00:00, run_after=2026-06-13 19:00:00+00:00
[2026-06-07T12:26:26.294+0000] {processor.py:183} INFO - Processing /opt/airflow/dags/dag_crime_pipeline.py took 0.162 seconds
[2026-06-07T12:26:56.494+0000] {processor.py:161} INFO - Started process (PID=12781) to work on /opt/airflow/dags/dag_crime_pipeline.py
[2026-06-07T12:26:56.496+0000] {processor.py:830} INFO - Processing file /opt/airflow/dags/dag_crime_pipeline.py for tasks to queue
[2026-06-07T12:26:56.500+0000] {logging_mixin.py:188} INFO - [2026-06-07T12:26:56.499+0000] {dagbag.py:538} INFO - Filling up the DagBag from /opt/airflow/dags/dag_crime_pipeline.py
[2026-06-07T12:26:56.547+0000] {processor.py:840} INFO - DAG(s) 'crime_analytics_pipeline' retrieved from /opt/airflow/dags/dag_crime_pipeline.py
[2026-06-07T12:26:56.594+0000] {logging_mixin.py:188} INFO - [2026-06-07T12:26:56.593+0000] {dag.py:3036} INFO - Sync 1 DAGs
[2026-06-07T12:26:56.631+0000] {logging_mixin.py:188} INFO - [2026-06-07T12:26:56.630+0000] {dag.py:3823} INFO - Setting next_dagrun for crime_analytics_pipeline to 2026-06-06 19:00:00+00:00, run_after=2026-06-13 19:00:00+00:00
[2026-06-07T12:26:56.663+0000] {processor.py:183} INFO - Processing /opt/airflow/dags/dag_crime_pipeline.py took 0.175 seconds
[2026-06-07T12:27:26.869+0000] {processor.py:161} INFO - Started process (PID=12786) to work on /opt/airflow/dags/dag_crime_pipeline.py
[2026-06-07T12:27:26.871+0000] {processor.py:830} INFO - Processing file /opt/airflow/dags/dag_crime_pipeline.py for tasks to queue
[2026-06-07T12:27:26.875+0000] {logging_mixin.py:188} INFO - [2026-06-07T12:27:26.874+0000] {dagbag.py:538} INFO - Filling up the DagBag from /opt/airflow/dags/dag_crime_pipeline.py
[2026-06-07T12:27:26.919+0000] {processor.py:840} INFO - DAG(s) 'crime_analytics_pipeline' retrieved from /opt/airflow/dags/dag_crime_pipeline.py
[2026-06-07T12:27:26.956+0000] {logging_mixin.py:188} INFO - [2026-06-07T12:27:26.956+0000] {dag.py:3036} INFO - Sync 1 DAGs
[2026-06-07T12:27:26.988+0000] {logging_mixin.py:188} INFO - [2026-06-07T12:27:26.987+0000] {dag.py:3823} INFO - Setting next_dagrun for crime_analytics_pipeline to 2026-06-06 19:00:00+00:00, run_after=2026-06-13 19:00:00+00:00
[2026-06-07T12:27:27.033+0000] {processor.py:183} INFO - Processing /opt/airflow/dags/dag_crime_pipeline.py took 0.168 seconds
[2026-06-07T12:27:57.102+0000] {processor.py:161} INFO - Started process (PID=12791) to work on /opt/airflow/dags/dag_crime_pipeline.py
[2026-06-07T12:27:57.103+0000] {processor.py:830} INFO - Processing file /opt/airflow/dags/dag_crime_pipeline.py for tasks to queue
[2026-06-07T12:27:57.106+0000] {logging_mixin.py:188} INFO - [2026-06-07T12:27:57.106+0000] {dagbag.py:538} INFO - Filling up the DagBag from /opt/airflow/dags/dag_crime_pipeline.py
[2026-06-07T12:27:57.146+0000] {processor.py:840} INFO - DAG(s) 'crime_analytics_pipeline' retrieved from /opt/airflow/dags/dag_crime_pipeline.py
[2026-06-07T12:27:57.182+0000] {logging_mixin.py:188} INFO - [2026-06-07T12:27:57.181+0000] {dag.py:3036} INFO - Sync 1 DAGs
[2026-06-07T12:27:57.211+0000] {logging_mixin.py:188} INFO - [2026-06-07T12:27:57.211+0000] {dag.py:3823} INFO - Setting next_dagrun for crime_analytics_pipeline to 2026-06-06 19:00:00+00:00, run_after=2026-06-13 19:00:00+00:00
[2026-06-07T12:27:57.260+0000] {processor.py:183} INFO - Processing /opt/airflow/dags/dag_crime_pipeline.py took 0.162 seconds
[2026-06-07T12:28:27.494+0000] {processor.py:161} INFO - Started process (PID=12796) to work on /opt/airflow/dags/dag_crime_pipeline.py
[2026-06-07T12:28:27.496+0000] {processor.py:830} INFO - Processing file /opt/airflow/dags/dag_crime_pipeline.py for tasks to queue
[2026-06-07T12:28:27.498+0000] {logging_mixin.py:188} INFO - [2026-06-07T12:28:27.498+0000] {dagbag.py:538} INFO - Filling up the DagBag from /opt/airflow/dags/dag_crime_pipeline.py
[2026-06-07T12:28:27.536+0000] {processor.py:840} INFO - DAG(s) 'crime_analytics_pipeline' retrieved from /opt/airflow/dags/dag_crime_pipeline.py
[2026-06-07T12:28:27.574+0000] {logging_mixin.py:188} INFO - [2026-06-07T12:28:27.573+0000] {dag.py:3036} INFO - Sync 1 DAGs
[2026-06-07T12:28:27.604+0000] {logging_mixin.py:188} INFO - [2026-06-07T12:28:27.604+0000] {dag.py:3823} INFO - Setting next_dagrun for crime_analytics_pipeline to 2026-06-06 19:00:00+00:00, run_after=2026-06-13 19:00:00+00:00
[2026-06-07T12:28:27.629+0000] {processor.py:183} INFO - Processing /opt/airflow/dags/dag_crime_pipeline.py took 0.139 seconds
[2026-06-07T12:28:57.811+0000] {processor.py:161} INFO - Started process (PID=12801) to work on /opt/airflow/dags/dag_crime_pipeline.py
[2026-06-07T12:28:57.813+0000] {processor.py:830} INFO - Processing file /opt/airflow/dags/dag_crime_pipeline.py for tasks to queue
[2026-06-07T12:28:57.816+0000] {logging_mixin.py:188} INFO - [2026-06-07T12:28:57.816+0000] {dagbag.py:538} INFO - Filling up the DagBag from /opt/airflow/dags/dag_crime_pipeline.py
[2026-06-07T12:28:57.858+0000] {processor.py:840} INFO - DAG(s) 'crime_analytics_pipeline' retrieved from /opt/airflow/dags/dag_crime_pipeline.py
[2026-06-07T12:28:57.898+0000] {logging_mixin.py:188} INFO - [2026-06-07T12:28:57.897+0000] {dag.py:3036} INFO - Sync 1 DAGs
[2026-06-07T12:28:57.921+0000] {logging_mixin.py:188} INFO - [2026-06-07T12:28:57.921+0000] {dag.py:3823} INFO - Setting next_dagrun for crime_analytics_pipeline to 2026-06-06 19:00:00+00:00, run_after=2026-06-13 19:00:00+00:00
[2026-06-07T12:28:57.943+0000] {processor.py:183} INFO - Processing /opt/airflow/dags/dag_crime_pipeline.py took 0.136 seconds
[2026-06-07T12:29:28.100+0000] {processor.py:161} INFO - Started process (PID=12806) to work on /opt/airflow/dags/dag_crime_pipeline.py
[2026-06-07T12:29:28.101+0000] {processor.py:830} INFO - Processing file /opt/airflow/dags/dag_crime_pipeline.py for tasks to queue
[2026-06-07T12:29:28.104+0000] {logging_mixin.py:188} INFO - [2026-06-07T12:29:28.103+0000] {dagbag.py:538} INFO - Filling up the DagBag from /opt/airflow/dags/dag_crime_pipeline.py
[2026-06-07T12:29:28.141+0000] {processor.py:840} INFO - DAG(s) 'crime_analytics_pipeline' retrieved from /opt/airflow/dags/dag_crime_pipeline.py
[2026-06-07T12:29:28.176+0000] {logging_mixin.py:188} INFO - [2026-06-07T12:29:28.175+0000] {dag.py:3036} INFO - Sync 1 DAGs
[2026-06-07T12:29:28.201+0000] {logging_mixin.py:188} INFO - [2026-06-07T12:29:28.200+0000] {dag.py:3823} INFO - Setting next_dagrun for crime_analytics_pipeline to 2026-06-06 19:00:00+00:00, run_after=2026-06-13 19:00:00+00:00
[2026-06-07T12:29:28.244+0000] {processor.py:183} INFO - Processing /opt/airflow/dags/dag_crime_pipeline.py took 0.148 seconds
[2026-06-07T12:29:58.443+0000] {processor.py:161} INFO - Started process (PID=12811) to work on /opt/airflow/dags/dag_crime_pipeline.py
[2026-06-07T12:29:58.444+0000] {processor.py:830} INFO - Processing file /opt/airflow/dags/dag_crime_pipeline.py for tasks to queue
[2026-06-07T12:29:58.448+0000] {logging_mixin.py:188} INFO - [2026-06-07T12:29:58.447+0000] {dagbag.py:538} INFO - Filling up the DagBag from /opt/airflow/dags/dag_crime_pipeline.py
[2026-06-07T12:29:58.498+0000] {processor.py:840} INFO - DAG(s) 'crime_analytics_pipeline' retrieved from /opt/airflow/dags/dag_crime_pipeline.py
[2026-06-07T12:29:58.540+0000] {logging_mixin.py:188} INFO - [2026-06-07T12:29:58.540+0000] {dag.py:3036} INFO - Sync 1 DAGs
[2026-06-07T12:29:58.574+0000] {logging_mixin.py:188} INFO - [2026-06-07T12:29:58.574+0000] {dag.py:3823} INFO - Setting next_dagrun for crime_analytics_pipeline to 2026-06-06 19:00:00+00:00, run_after=2026-06-13 19:00:00+00:00
[2026-06-07T12:29:58.624+0000] {processor.py:183} INFO - Processing /opt/airflow/dags/dag_crime_pipeline.py took 0.186 seconds
[2026-06-07T12:30:28.831+0000] {processor.py:161} INFO - Started process (PID=12816) to work on /opt/airflow/dags/dag_crime_pipeline.py
[2026-06-07T12:30:28.833+0000] {processor.py:830} INFO - Processing file /opt/airflow/dags/dag_crime_pipeline.py for tasks to queue
[2026-06-07T12:30:28.836+0000] {logging_mixin.py:188} INFO - [2026-06-07T12:30:28.836+0000] {dagbag.py:538} INFO - Filling up the DagBag from /opt/airflow/dags/dag_crime_pipeline.py
[2026-06-07T12:30:28.881+0000] {processor.py:840} INFO - DAG(s) 'crime_analytics_pipeline' retrieved from /opt/airflow/dags/dag_crime_pipeline.py
[2026-06-07T12:30:28.919+0000] {logging_mixin.py:188} INFO - [2026-06-07T12:30:28.919+0000] {dag.py:3036} INFO - Sync 1 DAGs
[2026-06-07T12:30:28.948+0000] {logging_mixin.py:188} INFO - [2026-06-07T12:30:28.948+0000] {dag.py:3823} INFO - Setting next_dagrun for crime_analytics_pipeline to 2026-06-06 19:00:00+00:00, run_after=2026-06-13 19:00:00+00:00
[2026-06-07T12:30:28.972+0000] {processor.py:183} INFO - Processing /opt/airflow/dags/dag_crime_pipeline.py took 0.146 seconds
[2026-06-07T12:30:59.144+0000] {processor.py:161} INFO - Started process (PID=12821) to work on /opt/airflow/dags/dag_crime_pipeline.py
[2026-06-07T12:30:59.145+0000] {processor.py:830} INFO - Processing file /opt/airflow/dags/dag_crime_pipeline.py for tasks to queue
[2026-06-07T12:30:59.147+0000] {logging_mixin.py:188} INFO - [2026-06-07T12:30:59.147+0000] {dagbag.py:538} INFO - Filling up the DagBag from /opt/airflow/dags/dag_crime_pipeline.py
[2026-06-07T12:30:59.185+0000] {processor.py:840} INFO - DAG(s) 'crime_analytics_pipeline' retrieved from /opt/airflow/dags/dag_crime_pipeline.py
[2026-06-07T12:30:59.223+0000] {logging_mixin.py:188} INFO - [2026-06-07T12:30:59.222+0000] {dag.py:3036} INFO - Sync 1 DAGs
[2026-06-07T12:30:59.251+0000] {logging_mixin.py:188} INFO - [2026-06-07T12:30:59.251+0000] {dag.py:3823} INFO - Setting next_dagrun for crime_analytics_pipeline to 2026-06-06 19:00:00+00:00, run_after=2026-06-13 19:00:00+00:00
[2026-06-07T12:30:59.294+0000] {processor.py:183} INFO - Processing /opt/airflow/dags/dag_crime_pipeline.py took 0.156 seconds
[2026-06-07T12:31:29.460+0000] {processor.py:161} INFO - Started process (PID=12826) to work on /opt/airflow/dags/dag_crime_pipeline.py
[2026-06-07T12:31:29.463+0000] {processor.py:830} INFO - Processing file /opt/airflow/dags/dag_crime_pipeline.py for tasks to queue
[2026-06-07T12:31:29.466+0000] {logging_mixin.py:188} INFO - [2026-06-07T12:31:29.466+0000] {dagbag.py:538} INFO - Filling up the DagBag from /opt/airflow/dags/dag_crime_pipeline.py
[2026-06-07T12:31:29.509+0000] {processor.py:840} INFO - DAG(s) 'crime_analytics_pipeline' retrieved from /opt/airflow/dags/dag_crime_pipeline.py
[2026-06-07T12:31:29.563+0000] {logging_mixin.py:188} INFO - [2026-06-07T12:31:29.563+0000] {dag.py:3036} INFO - Sync 1 DAGs
[2026-06-07T12:31:29.597+0000] {logging_mixin.py:188} INFO - [2026-06-07T12:31:29.597+0000] {dag.py:3823} INFO - Setting next_dagrun for crime_analytics_pipeline to 2026-06-06 19:00:00+00:00, run_after=2026-06-13 19:00:00+00:00
[2026-06-07T12:31:29.623+0000] {processor.py:183} INFO - Processing /opt/airflow/dags/dag_crime_pipeline.py took 0.167 seconds
[2026-06-07T12:31:59.808+0000] {processor.py:161} INFO - Started process (PID=12831) to work on /opt/airflow/dags/dag_crime_pipeline.py
[2026-06-07T12:31:59.810+0000] {processor.py:830} INFO - Processing file /opt/airflow/dags/dag_crime_pipeline.py for tasks to queue
[2026-06-07T12:31:59.813+0000] {logging_mixin.py:188} INFO - [2026-06-07T12:31:59.813+0000] {dagbag.py:538} INFO - Filling up the DagBag from /opt/airflow/dags/dag_crime_pipeline.py
[2026-06-07T12:31:59.858+0000] {processor.py:840} INFO - DAG(s) 'crime_analytics_pipeline' retrieved from /opt/airflow/dags/dag_crime_pipeline.py
[2026-06-07T12:31:59.899+0000] {logging_mixin.py:188} INFO - [2026-06-07T12:31:59.898+0000] {dag.py:3036} INFO - Sync 1 DAGs
[2026-06-07T12:31:59.928+0000] {logging_mixin.py:188} INFO - [2026-06-07T12:31:59.928+0000] {dag.py:3823} INFO - Setting next_dagrun for crime_analytics_pipeline to 2026-06-06 19:00:00+00:00, run_after=2026-06-13 19:00:00+00:00
[2026-06-07T12:31:59.954+0000] {processor.py:183} INFO - Processing /opt/airflow/dags/dag_crime_pipeline.py took 0.151 seconds
[2026-06-07T12:32:30.103+0000] {processor.py:161} INFO - Started process (PID=12836) to work on /opt/airflow/dags/dag_crime_pipeline.py
[2026-06-07T12:32:30.104+0000] {processor.py:830} INFO - Processing file /opt/airflow/dags/dag_crime_pipeline.py for tasks to queue
[2026-06-07T12:32:30.107+0000] {logging_mixin.py:188} INFO - [2026-06-07T12:32:30.107+0000] {dagbag.py:538} INFO - Filling up the DagBag from /opt/airflow/dags/dag_crime_pipeline.py
[2026-06-07T12:32:30.149+0000] {processor.py:840} INFO - DAG(s) 'crime_analytics_pipeline' retrieved from /opt/airflow/dags/dag_crime_pipeline.py
[2026-06-07T12:32:30.188+0000] {logging_mixin.py:188} INFO - [2026-06-07T12:32:30.188+0000] {dag.py:3036} INFO - Sync 1 DAGs
[2026-06-07T12:32:30.217+0000] {logging_mixin.py:188} INFO - [2026-06-07T12:32:30.217+0000] {dag.py:3823} INFO - Setting next_dagrun for crime_analytics_pipeline to 2026-06-06 19:00:00+00:00, run_after=2026-06-13 19:00:00+00:00
[2026-06-07T12:32:30.241+0000] {processor.py:183} INFO - Processing /opt/airflow/dags/dag_crime_pipeline.py took 0.143 seconds
[2026-06-07T12:33:00.385+0000] {processor.py:161} INFO - Started process (PID=12841) to work on /opt/airflow/dags/dag_crime_pipeline.py
[2026-06-07T12:33:00.387+0000] {processor.py:830} INFO - Processing file /opt/airflow/dags/dag_crime_pipeline.py for tasks to queue
[2026-06-07T12:33:00.390+0000] {logging_mixin.py:188} INFO - [2026-06-07T12:33:00.390+0000] {dagbag.py:538} INFO - Filling up the DagBag from /opt/airflow/dags/dag_crime_pipeline.py
[2026-06-07T12:33:00.433+0000] {processor.py:840} INFO - DAG(s) 'crime_analytics_pipeline' retrieved from /opt/airflow/dags/dag_crime_pipeline.py
[2026-06-07T12:33:00.473+0000] {logging_mixin.py:188} INFO - [2026-06-07T12:33:00.473+0000] {dag.py:3036} INFO - Sync 1 DAGs
[2026-06-07T12:33:00.499+0000] {logging_mixin.py:188} INFO - [2026-06-07T12:33:00.498+0000] {dag.py:3823} INFO - Setting next_dagrun for crime_analytics_pipeline to 2026-06-06 19:00:00+00:00, run_after=2026-06-13 19:00:00+00:00
[2026-06-07T12:33:00.520+0000] {processor.py:183} INFO - Processing /opt/airflow/dags/dag_crime_pipeline.py took 0.140 seconds
[2026-06-07T12:33:30.725+0000] {processor.py:161} INFO - Started process (PID=12846) to work on /opt/airflow/dags/dag_crime_pipeline.py
[2026-06-07T12:33:30.727+0000] {processor.py:830} INFO - Processing file /opt/airflow/dags/dag_crime_pipeline.py for tasks to queue
[2026-06-07T12:33:30.730+0000] {logging_mixin.py:188} INFO - [2026-06-07T12:33:30.730+0000] {dagbag.py:538} INFO - Filling up the DagBag from /opt/airflow/dags/dag_crime_pipeline.py
[2026-06-07T12:33:30.773+0000] {processor.py:840} INFO - DAG(s) 'crime_analytics_pipeline' retrieved from /opt/airflow/dags/dag_crime_pipeline.py
[2026-06-07T12:33:30.810+0000] {logging_mixin.py:188} INFO - [2026-06-07T12:33:30.810+0000] {dag.py:3036} INFO - Sync 1 DAGs
[2026-06-07T12:33:30.837+0000] {logging_mixin.py:188} INFO - [2026-06-07T12:33:30.837+0000] {dag.py:3823} INFO - Setting next_dagrun for crime_analytics_pipeline to 2026-06-06 19:00:00+00:00, run_after=2026-06-13 19:00:00+00:00
[2026-06-07T12:33:30.860+0000] {processor.py:183} INFO - Processing /opt/airflow/dags/dag_crime_pipeline.py took 0.141 seconds
[2026-06-07T12:34:01.021+0000] {processor.py:161} INFO - Started process (PID=12851) to work on /opt/airflow/dags/dag_crime_pipeline.py
[2026-06-07T12:34:01.022+0000] {processor.py:830} INFO - Processing file /opt/airflow/dags/dag_crime_pipeline.py for tasks to queue
[2026-06-07T12:34:01.025+0000] {logging_mixin.py:188} INFO - [2026-06-07T12:34:01.024+0000] {dagbag.py:538} INFO - Filling up the DagBag from /opt/airflow/dags/dag_crime_pipeline.py
[2026-06-07T12:34:01.063+0000] {processor.py:840} INFO - DAG(s) 'crime_analytics_pipeline' retrieved from /opt/airflow/dags/dag_crime_pipeline.py
[2026-06-07T12:34:01.096+0000] {logging_mixin.py:188} INFO - [2026-06-07T12:34:01.096+0000] {dag.py:3036} INFO - Sync 1 DAGs
[2026-06-07T12:34:01.121+0000] {logging_mixin.py:188} INFO - [2026-06-07T12:34:01.121+0000] {dag.py:3823} INFO - Setting next_dagrun for crime_analytics_pipeline to 2026-06-06 19:00:00+00:00, run_after=2026-06-13 19:00:00+00:00
[2026-06-07T12:34:01.141+0000] {processor.py:183} INFO - Processing /opt/airflow/dags/dag_crime_pipeline.py took 0.125 seconds
[2026-06-07T12:34:31.292+0000] {processor.py:161} INFO - Started process (PID=12856) to work on /opt/airflow/dags/dag_crime_pipeline.py
[2026-06-07T12:34:31.294+0000] {processor.py:830} INFO - Processing file /opt/airflow/dags/dag_crime_pipeline.py for tasks to queue
[2026-06-07T12:34:31.298+0000] {logging_mixin.py:188} INFO - [2026-06-07T12:34:31.297+0000] {dagbag.py:538} INFO - Filling up the DagBag from /opt/airflow/dags/dag_crime_pipeline.py
[2026-06-07T12:34:31.340+0000] {processor.py:840} INFO - DAG(s) 'crime_analytics_pipeline' retrieved from /opt/airflow/dags/dag_crime_pipeline.py
[2026-06-07T12:34:31.381+0000] {logging_mixin.py:188} INFO - [2026-06-07T12:34:31.381+0000] {dag.py:3036} INFO - Sync 1 DAGs
[2026-06-07T12:34:31.410+0000] {logging_mixin.py:188} INFO - [2026-06-07T12:34:31.410+0000] {dag.py:3823} INFO - Setting next_dagrun for crime_analytics_pipeline to 2026-06-06 19:00:00+00:00, run_after=2026-06-13 19:00:00+00:00
[2026-06-07T12:34:31.448+0000] {processor.py:183} INFO - Processing /opt/airflow/dags/dag_crime_pipeline.py took 0.160 seconds
[2026-06-07T12:35:01.672+0000] {processor.py:161} INFO - Started process (PID=12861) to work on /opt/airflow/dags/dag_crime_pipeline.py
[2026-06-07T12:35:01.674+0000] {processor.py:830} INFO - Processing file /opt/airflow/dags/dag_crime_pipeline.py for tasks to queue
[2026-06-07T12:35:01.677+0000] {logging_mixin.py:188} INFO - [2026-06-07T12:35:01.676+0000] {dagbag.py:538} INFO - Filling up the DagBag from /opt/airflow/dags/dag_crime_pipeline.py
[2026-06-07T12:35:01.722+0000] {processor.py:840} INFO - DAG(s) 'crime_analytics_pipeline' retrieved from /opt/airflow/dags/dag_crime_pipeline.py
[2026-06-07T12:35:01.763+0000] {logging_mixin.py:188} INFO - [2026-06-07T12:35:01.762+0000] {dag.py:3036} INFO - Sync 1 DAGs
[2026-06-07T12:35:01.795+0000] {logging_mixin.py:188} INFO - [2026-06-07T12:35:01.795+0000] {dag.py:3823} INFO - Setting next_dagrun for crime_analytics_pipeline to 2026-06-06 19:00:00+00:00, run_after=2026-06-13 19:00:00+00:00
[2026-06-07T12:35:01.828+0000] {processor.py:183} INFO - Processing /opt/airflow/dags/dag_crime_pipeline.py took 0.161 seconds
[2026-06-07T12:35:31.992+0000] {processor.py:161} INFO - Started process (PID=12866) to work on /opt/airflow/dags/dag_crime_pipeline.py
[2026-06-07T12:35:31.994+0000] {processor.py:830} INFO - Processing file /opt/airflow/dags/dag_crime_pipeline.py for tasks to queue
[2026-06-07T12:35:31.997+0000] {logging_mixin.py:188} INFO - [2026-06-07T12:35:31.996+0000] {dagbag.py:538} INFO - Filling up the DagBag from /opt/airflow/dags/dag_crime_pipeline.py
[2026-06-07T12:35:32.034+0000] {processor.py:840} INFO - DAG(s) 'crime_analytics_pipeline' retrieved from /opt/airflow/dags/dag_crime_pipeline.py
[2026-06-07T12:35:32.067+0000] {logging_mixin.py:188} INFO - [2026-06-07T12:35:32.067+0000] {dag.py:3036} INFO - Sync 1 DAGs
[2026-06-07T12:35:32.091+0000] {logging_mixin.py:188} INFO - [2026-06-07T12:35:32.091+0000] {dag.py:3823} INFO - Setting next_dagrun for crime_analytics_pipeline to 2026-06-06 19:00:00+00:00, run_after=2026-06-13 19:00:00+00:00
[2026-06-07T12:35:32.132+0000] {processor.py:183} INFO - Processing /opt/airflow/dags/dag_crime_pipeline.py took 0.144 seconds
[2026-06-07T12:36:02.347+0000] {processor.py:161} INFO - Started process (PID=12871) to work on /opt/airflow/dags/dag_crime_pipeline.py
[2026-06-07T12:36:02.349+0000] {processor.py:830} INFO - Processing file /opt/airflow/dags/dag_crime_pipeline.py for tasks to queue
[2026-06-07T12:36:02.352+0000] {logging_mixin.py:188} INFO - [2026-06-07T12:36:02.352+0000] {dagbag.py:538} INFO - Filling up the DagBag from /opt/airflow/dags/dag_crime_pipeline.py
[2026-06-07T12:36:02.391+0000] {processor.py:840} INFO - DAG(s) 'crime_analytics_pipeline' retrieved from /opt/airflow/dags/dag_crime_pipeline.py
[2026-06-07T12:36:02.429+0000] {logging_mixin.py:188} INFO - [2026-06-07T12:36:02.428+0000] {dag.py:3036} INFO - Sync 1 DAGs
[2026-06-07T12:36:02.455+0000] {logging_mixin.py:188} INFO - [2026-06-07T12:36:02.455+0000] {dag.py:3823} INFO - Setting next_dagrun for crime_analytics_pipeline to 2026-06-06 19:00:00+00:00, run_after=2026-06-13 19:00:00+00:00
[2026-06-07T12:36:02.502+0000] {processor.py:183} INFO - Processing /opt/airflow/dags/dag_crime_pipeline.py took 0.159 seconds
[2026-06-07T12:36:32.680+0000] {processor.py:161} INFO - Started process (PID=12876) to work on /opt/airflow/dags/dag_crime_pipeline.py
[2026-06-07T12:36:32.682+0000] {processor.py:830} INFO - Processing file /opt/airflow/dags/dag_crime_pipeline.py for tasks to queue
[2026-06-07T12:36:32.687+0000] {logging_mixin.py:188} INFO - [2026-06-07T12:36:32.686+0000] {dagbag.py:538} INFO - Filling up the DagBag from /opt/airflow/dags/dag_crime_pipeline.py
[2026-06-07T12:36:32.732+0000] {processor.py:840} INFO - DAG(s) 'crime_analytics_pipeline' retrieved from /opt/airflow/dags/dag_crime_pipeline.py
[2026-06-07T12:36:32.774+0000] {logging_mixin.py:188} INFO - [2026-06-07T12:36:32.773+0000] {dag.py:3036} INFO - Sync 1 DAGs
[2026-06-07T12:36:32.806+0000] {logging_mixin.py:188} INFO - [2026-06-07T12:36:32.806+0000] {dag.py:3823} INFO - Setting next_dagrun for crime_analytics_pipeline to 2026-06-06 19:00:00+00:00, run_after=2026-06-13 19:00:00+00:00
[2026-06-07T12:36:32.831+0000] {processor.py:183} INFO - Processing /opt/airflow/dags/dag_crime_pipeline.py took 0.158 seconds
[2026-06-07T12:37:02.997+0000] {processor.py:161} INFO - Started process (PID=12881) to work on /opt/airflow/dags/dag_crime_pipeline.py
[2026-06-07T12:37:02.999+0000] {processor.py:830} INFO - Processing file /opt/airflow/dags/dag_crime_pipeline.py for tasks to queue
[2026-06-07T12:37:03.002+0000] {logging_mixin.py:188} INFO - [2026-06-07T12:37:03.002+0000] {dagbag.py:538} INFO - Filling up the DagBag from /opt/airflow/dags/dag_crime_pipeline.py
[2026-06-07T12:37:03.042+0000] {processor.py:840} INFO - DAG(s) 'crime_analytics_pipeline' retrieved from /opt/airflow/dags/dag_crime_pipeline.py
[2026-06-07T12:37:03.076+0000] {logging_mixin.py:188} INFO - [2026-06-07T12:37:03.075+0000] {dag.py:3036} INFO - Sync 1 DAGs
[2026-06-07T12:37:03.100+0000] {logging_mixin.py:188} INFO - [2026-06-07T12:37:03.100+0000] {dag.py:3823} INFO - Setting next_dagrun for crime_analytics_pipeline to 2026-06-06 19:00:00+00:00, run_after=2026-06-13 19:00:00+00:00
[2026-06-07T12:37:03.119+0000] {processor.py:183} INFO - Processing /opt/airflow/dags/dag_crime_pipeline.py took 0.127 seconds
[2026-06-07T12:37:33.305+0000] {processor.py:161} INFO - Started process (PID=12886) to work on /opt/airflow/dags/dag_crime_pipeline.py
[2026-06-07T12:37:33.306+0000] {processor.py:830} INFO - Processing file /opt/airflow/dags/dag_crime_pipeline.py for tasks to queue
[2026-06-07T12:37:33.310+0000] {logging_mixin.py:188} INFO - [2026-06-07T12:37:33.309+0000] {dagbag.py:538} INFO - Filling up the DagBag from /opt/airflow/dags/dag_crime_pipeline.py
[2026-06-07T12:37:33.355+0000] {processor.py:840} INFO - DAG(s) 'crime_analytics_pipeline' retrieved from /opt/airflow/dags/dag_crime_pipeline.py
[2026-06-07T12:37:33.406+0000] {logging_mixin.py:188} INFO - [2026-06-07T12:37:33.406+0000] {dag.py:3036} INFO - Sync 1 DAGs
[2026-06-07T12:37:33.442+0000] {logging_mixin.py:188} INFO - [2026-06-07T12:37:33.441+0000] {dag.py:3823} INFO - Setting next_dagrun for crime_analytics_pipeline to 2026-06-06 19:00:00+00:00, run_after=2026-06-13 19:00:00+00:00
[2026-06-07T12:37:33.491+0000] {processor.py:183} INFO - Processing /opt/airflow/dags/dag_crime_pipeline.py took 0.192 seconds
[2026-06-07T12:38:03.642+0000] {processor.py:161} INFO - Started process (PID=12891) to work on /opt/airflow/dags/dag_crime_pipeline.py
[2026-06-07T12:38:03.644+0000] {processor.py:830} INFO - Processing file /opt/airflow/dags/dag_crime_pipeline.py for tasks to queue
[2026-06-07T12:38:03.648+0000] {logging_mixin.py:188} INFO - [2026-06-07T12:38:03.647+0000] {dagbag.py:538} INFO - Filling up the DagBag from /opt/airflow/dags/dag_crime_pipeline.py
[2026-06-07T12:38:03.688+0000] {processor.py:840} INFO - DAG(s) 'crime_analytics_pipeline' retrieved from /opt/airflow/dags/dag_crime_pipeline.py
[2026-06-07T12:38:03.730+0000] {logging_mixin.py:188} INFO - [2026-06-07T12:38:03.729+0000] {dag.py:3036} INFO - Sync 1 DAGs
[2026-06-07T12:38:03.761+0000] {logging_mixin.py:188} INFO - [2026-06-07T12:38:03.761+0000] {dag.py:3823} INFO - Setting next_dagrun for crime_analytics_pipeline to 2026-06-06 19:00:00+00:00, run_after=2026-06-13 19:00:00+00:00
[2026-06-07T12:38:03.804+0000] {processor.py:183} INFO - Processing /opt/airflow/dags/dag_crime_pipeline.py took 0.168 seconds
[2026-06-07T12:38:33.997+0000] {processor.py:161} INFO - Started process (PID=12896) to work on /opt/airflow/dags/dag_crime_pipeline.py
[2026-06-07T12:38:33.999+0000] {processor.py:830} INFO - Processing file /opt/airflow/dags/dag_crime_pipeline.py for tasks to queue
[2026-06-07T12:38:34.001+0000] {logging_mixin.py:188} INFO - [2026-06-07T12:38:34.001+0000] {dagbag.py:538} INFO - Filling up the DagBag from /opt/airflow/dags/dag_crime_pipeline.py
[2026-06-07T12:38:34.038+0000] {processor.py:840} INFO - DAG(s) 'crime_analytics_pipeline' retrieved from /opt/airflow/dags/dag_crime_pipeline.py
[2026-06-07T12:38:34.072+0000] {logging_mixin.py:188} INFO - [2026-06-07T12:38:34.072+0000] {dag.py:3036} INFO - Sync 1 DAGs
[2026-06-07T12:38:34.097+0000] {logging_mixin.py:188} INFO - [2026-06-07T12:38:34.097+0000] {dag.py:3823} INFO - Setting next_dagrun for crime_analytics_pipeline to 2026-06-06 19:00:00+00:00, run_after=2026-06-13 19:00:00+00:00
[2026-06-07T12:38:34.138+0000] {processor.py:183} INFO - Processing /opt/airflow/dags/dag_crime_pipeline.py took 0.146 seconds
[2026-06-07T12:39:04.312+0000] {processor.py:161} INFO - Started process (PID=12901) to work on /opt/airflow/dags/dag_crime_pipeline.py
[2026-06-07T12:39:04.313+0000] {processor.py:830} INFO - Processing file /opt/airflow/dags/dag_crime_pipeline.py for tasks to queue
[2026-06-07T12:39:04.316+0000] {logging_mixin.py:188} INFO - [2026-06-07T12:39:04.315+0000] {dagbag.py:538} INFO - Filling up the DagBag from /opt/airflow/dags/dag_crime_pipeline.py
[2026-06-07T12:39:04.356+0000] {processor.py:840} INFO - DAG(s) 'crime_analytics_pipeline' retrieved from /opt/airflow/dags/dag_crime_pipeline.py
[2026-06-07T12:39:04.391+0000] {logging_mixin.py:188} INFO - [2026-06-07T12:39:04.391+0000] {dag.py:3036} INFO - Sync 1 DAGs
[2026-06-07T12:39:04.415+0000] {logging_mixin.py:188} INFO - [2026-06-07T12:39:04.415+0000] {dag.py:3823} INFO - Setting next_dagrun for crime_analytics_pipeline to 2026-06-06 19:00:00+00:00, run_after=2026-06-13 19:00:00+00:00
[2026-06-07T12:39:04.435+0000] {processor.py:183} INFO - Processing /opt/airflow/dags/dag_crime_pipeline.py took 0.127 seconds
[2026-06-07T12:39:34.627+0000] {processor.py:161} INFO - Started process (PID=12906) to work on /opt/airflow/dags/dag_crime_pipeline.py
[2026-06-07T12:39:34.628+0000] {processor.py:830} INFO - Processing file /opt/airflow/dags/dag_crime_pipeline.py for tasks to queue
[2026-06-07T12:39:34.631+0000] {logging_mixin.py:188} INFO - [2026-06-07T12:39:34.630+0000] {dagbag.py:538} INFO - Filling up the DagBag from /opt/airflow/dags/dag_crime_pipeline.py
[2026-06-07T12:39:34.667+0000] {processor.py:840} INFO - DAG(s) 'crime_analytics_pipeline' retrieved from /opt/airflow/dags/dag_crime_pipeline.py
[2026-06-07T12:39:34.699+0000] {logging_mixin.py:188} INFO - [2026-06-07T12:39:34.699+0000] {dag.py:3036} INFO - Sync 1 DAGs
[2026-06-07T12:39:34.726+0000] {logging_mixin.py:188} INFO - [2026-06-07T12:39:34.725+0000] {dag.py:3823} INFO - Setting next_dagrun for crime_analytics_pipeline to 2026-06-06 19:00:00+00:00, run_after=2026-06-13 19:00:00+00:00
[2026-06-07T12:39:34.748+0000] {processor.py:183} INFO - Processing /opt/airflow/dags/dag_crime_pipeline.py took 0.127 seconds
[2026-06-07T12:40:04.930+0000] {processor.py:161} INFO - Started process (PID=12911) to work on /opt/airflow/dags/dag_crime_pipeline.py
[2026-06-07T12:40:04.932+0000] {processor.py:830} INFO - Processing file /opt/airflow/dags/dag_crime_pipeline.py for tasks to queue
[2026-06-07T12:40:04.934+0000] {logging_mixin.py:188} INFO - [2026-06-07T12:40:04.934+0000] {dagbag.py:538} INFO - Filling up the DagBag from /opt/airflow/dags/dag_crime_pipeline.py
[2026-06-07T12:40:04.972+0000] {processor.py:840} INFO - DAG(s) 'crime_analytics_pipeline' retrieved from /opt/airflow/dags/dag_crime_pipeline.py
[2026-06-07T12:40:05.002+0000] {logging_mixin.py:188} INFO - [2026-06-07T12:40:05.002+0000] {dag.py:3036} INFO - Sync 1 DAGs
[2026-06-07T12:40:05.027+0000] {logging_mixin.py:188} INFO - [2026-06-07T12:40:05.027+0000] {dag.py:3823} INFO - Setting next_dagrun for crime_analytics_pipeline to 2026-06-06 19:00:00+00:00, run_after=2026-06-13 19:00:00+00:00
[2026-06-07T12:40:05.048+0000] {processor.py:183} INFO - Processing /opt/airflow/dags/dag_crime_pipeline.py took 0.121 seconds
[2026-06-07T12:40:35.124+0000] {processor.py:161} INFO - Started process (PID=12916) to work on /opt/airflow/dags/dag_crime_pipeline.py
[2026-06-07T12:40:35.125+0000] {processor.py:830} INFO - Processing file /opt/airflow/dags/dag_crime_pipeline.py for tasks to queue
[2026-06-07T12:40:35.127+0000] {logging_mixin.py:188} INFO - [2026-06-07T12:40:35.127+0000] {dagbag.py:538} INFO - Filling up the DagBag from /opt/airflow/dags/dag_crime_pipeline.py
[2026-06-07T12:40:35.171+0000] {processor.py:840} INFO - DAG(s) 'crime_analytics_pipeline' retrieved from /opt/airflow/dags/dag_crime_pipeline.py
[2026-06-07T12:40:35.202+0000] {logging_mixin.py:188} INFO - [2026-06-07T12:40:35.202+0000] {dag.py:3036} INFO - Sync 1 DAGs
[2026-06-07T12:40:35.226+0000] {logging_mixin.py:188} INFO - [2026-06-07T12:40:35.226+0000] {dag.py:3823} INFO - Setting next_dagrun for crime_analytics_pipeline to 2026-06-06 19:00:00+00:00, run_after=2026-06-13 19:00:00+00:00
[2026-06-07T12:40:35.246+0000] {processor.py:183} INFO - Processing /opt/airflow/dags/dag_crime_pipeline.py took 0.126 seconds
[2026-06-07T12:41:05.457+0000] {processor.py:161} INFO - Started process (PID=12921) to work on /opt/airflow/dags/dag_crime_pipeline.py
[2026-06-07T12:41:05.458+0000] {processor.py:830} INFO - Processing file /opt/airflow/dags/dag_crime_pipeline.py for tasks to queue
[2026-06-07T12:41:05.461+0000] {logging_mixin.py:188} INFO - [2026-06-07T12:41:05.460+0000] {dagbag.py:538} INFO - Filling up the DagBag from /opt/airflow/dags/dag_crime_pipeline.py
[2026-06-07T12:41:05.499+0000] {processor.py:840} INFO - DAG(s) 'crime_analytics_pipeline' retrieved from /opt/airflow/dags/dag_crime_pipeline.py
[2026-06-07T12:41:05.530+0000] {logging_mixin.py:188} INFO - [2026-06-07T12:41:05.529+0000] {dag.py:3036} INFO - Sync 1 DAGs
[2026-06-07T12:41:05.554+0000] {logging_mixin.py:188} INFO - [2026-06-07T12:41:05.553+0000] {dag.py:3823} INFO - Setting next_dagrun for crime_analytics_pipeline to 2026-06-06 19:00:00+00:00, run_after=2026-06-13 19:00:00+00:00
[2026-06-07T12:41:05.574+0000] {processor.py:183} INFO - Processing /opt/airflow/dags/dag_crime_pipeline.py took 0.121 seconds
[2026-06-07T12:41:35.649+0000] {processor.py:161} INFO - Started process (PID=12926) to work on /opt/airflow/dags/dag_crime_pipeline.py
[2026-06-07T12:41:35.651+0000] {processor.py:830} INFO - Processing file /opt/airflow/dags/dag_crime_pipeline.py for tasks to queue
[2026-06-07T12:41:35.654+0000] {logging_mixin.py:188} INFO - [2026-06-07T12:41:35.653+0000] {dagbag.py:538} INFO - Filling up the DagBag from /opt/airflow/dags/dag_crime_pipeline.py
[2026-06-07T12:41:35.692+0000] {processor.py:840} INFO - DAG(s) 'crime_analytics_pipeline' retrieved from /opt/airflow/dags/dag_crime_pipeline.py
[2026-06-07T12:41:35.724+0000] {logging_mixin.py:188} INFO - [2026-06-07T12:41:35.724+0000] {dag.py:3036} INFO - Sync 1 DAGs
[2026-06-07T12:41:35.747+0000] {logging_mixin.py:188} INFO - [2026-06-07T12:41:35.747+0000] {dag.py:3823} INFO - Setting next_dagrun for crime_analytics_pipeline to 2026-06-06 19:00:00+00:00, run_after=2026-06-13 19:00:00+00:00
[2026-06-07T12:41:35.786+0000] {processor.py:183} INFO - Processing /opt/airflow/dags/dag_crime_pipeline.py took 0.142 seconds
[2026-06-07T12:42:05.954+0000] {processor.py:161} INFO - Started process (PID=12931) to work on /opt/airflow/dags/dag_crime_pipeline.py
[2026-06-07T12:42:05.956+0000] {processor.py:830} INFO - Processing file /opt/airflow/dags/dag_crime_pipeline.py for tasks to queue
[2026-06-07T12:42:05.959+0000] {logging_mixin.py:188} INFO - [2026-06-07T12:42:05.958+0000] {dagbag.py:538} INFO - Filling up the DagBag from /opt/airflow/dags/dag_crime_pipeline.py
[2026-06-07T12:42:05.995+0000] {processor.py:840} INFO - DAG(s) 'crime_analytics_pipeline' retrieved from /opt/airflow/dags/dag_crime_pipeline.py
[2026-06-07T12:42:06.023+0000] {logging_mixin.py:188} INFO - [2026-06-07T12:42:06.022+0000] {dag.py:3036} INFO - Sync 1 DAGs
[2026-06-07T12:42:06.046+0000] {logging_mixin.py:188} INFO - [2026-06-07T12:42:06.046+0000] {dag.py:3823} INFO - Setting next_dagrun for crime_analytics_pipeline to 2026-06-06 19:00:00+00:00, run_after=2026-06-13 19:00:00+00:00
[2026-06-07T12:42:06.086+0000] {processor.py:183} INFO - Processing /opt/airflow/dags/dag_crime_pipeline.py took 0.136 seconds
[2026-06-07T12:42:36.271+0000] {processor.py:161} INFO - Started process (PID=12936) to work on /opt/airflow/dags/dag_crime_pipeline.py
[2026-06-07T12:42:36.273+0000] {processor.py:830} INFO - Processing file /opt/airflow/dags/dag_crime_pipeline.py for tasks to queue
[2026-06-07T12:42:36.276+0000] {logging_mixin.py:188} INFO - [2026-06-07T12:42:36.275+0000] {dagbag.py:538} INFO - Filling up the DagBag from /opt/airflow/dags/dag_crime_pipeline.py
[2026-06-07T12:42:36.311+0000] {processor.py:840} INFO - DAG(s) 'crime_analytics_pipeline' retrieved from /opt/airflow/dags/dag_crime_pipeline.py
[2026-06-07T12:42:36.340+0000] {logging_mixin.py:188} INFO - [2026-06-07T12:42:36.340+0000] {dag.py:3036} INFO - Sync 1 DAGs
[2026-06-07T12:42:36.368+0000] {logging_mixin.py:188} INFO - [2026-06-07T12:42:36.368+0000] {dag.py:3823} INFO - Setting next_dagrun for crime_analytics_pipeline to 2026-06-06 19:00:00+00:00, run_after=2026-06-13 19:00:00+00:00
[2026-06-07T12:42:36.408+0000] {processor.py:183} INFO - Processing /opt/airflow/dags/dag_crime_pipeline.py took 0.140 seconds
[2026-06-07T12:43:06.721+0000] {processor.py:161} INFO - Started process (PID=12941) to work on /opt/airflow/dags/dag_crime_pipeline.py
[2026-06-07T12:43:06.723+0000] {processor.py:830} INFO - Processing file /opt/airflow/dags/dag_crime_pipeline.py for tasks to queue
[2026-06-07T12:43:06.726+0000] {logging_mixin.py:188} INFO - [2026-06-07T12:43:06.726+0000] {dagbag.py:538} INFO - Filling up the DagBag from /opt/airflow/dags/dag_crime_pipeline.py
[2026-06-07T12:43:06.769+0000] {processor.py:840} INFO - DAG(s) 'crime_analytics_pipeline' retrieved from /opt/airflow/dags/dag_crime_pipeline.py
[2026-06-07T12:43:06.808+0000] {logging_mixin.py:188} INFO - [2026-06-07T12:43:06.807+0000] {dag.py:3036} INFO - Sync 1 DAGs
[2026-06-07T12:43:06.834+0000] {logging_mixin.py:188} INFO - [2026-06-07T12:43:06.834+0000] {dag.py:3823} INFO - Setting next_dagrun for crime_analytics_pipeline to 2026-06-06 19:00:00+00:00, run_after=2026-06-13 19:00:00+00:00
[2026-06-07T12:43:06.858+0000] {processor.py:183} INFO - Processing /opt/airflow/dags/dag_crime_pipeline.py took 0.142 seconds
[2026-06-07T12:43:36.960+0000] {processor.py:161} INFO - Started process (PID=12946) to work on /opt/airflow/dags/dag_crime_pipeline.py
[2026-06-07T12:43:36.961+0000] {processor.py:830} INFO - Processing file /opt/airflow/dags/dag_crime_pipeline.py for tasks to queue
[2026-06-07T12:43:36.965+0000] {logging_mixin.py:188} INFO - [2026-06-07T12:43:36.965+0000] {dagbag.py:538} INFO - Filling up the DagBag from /opt/airflow/dags/dag_crime_pipeline.py
[2026-06-07T12:43:37.008+0000] {processor.py:840} INFO - DAG(s) 'crime_analytics_pipeline' retrieved from /opt/airflow/dags/dag_crime_pipeline.py
[2026-06-07T12:43:37.047+0000] {logging_mixin.py:188} INFO - [2026-06-07T12:43:37.046+0000] {dag.py:3036} INFO - Sync 1 DAGs
[2026-06-07T12:43:37.074+0000] {logging_mixin.py:188} INFO - [2026-06-07T12:43:37.074+0000] {dag.py:3823} INFO - Setting next_dagrun for crime_analytics_pipeline to 2026-06-06 19:00:00+00:00, run_after=2026-06-13 19:00:00+00:00
[2026-06-07T12:43:37.097+0000] {processor.py:183} INFO - Processing /opt/airflow/dags/dag_crime_pipeline.py took 0.141 seconds
[2026-06-07T12:44:07.305+0000] {processor.py:161} INFO - Started process (PID=12951) to work on /opt/airflow/dags/dag_crime_pipeline.py
[2026-06-07T12:44:07.307+0000] {processor.py:830} INFO - Processing file /opt/airflow/dags/dag_crime_pipeline.py for tasks to queue
[2026-06-07T12:44:07.310+0000] {logging_mixin.py:188} INFO - [2026-06-07T12:44:07.309+0000] {dagbag.py:538} INFO - Filling up the DagBag from /opt/airflow/dags/dag_crime_pipeline.py
[2026-06-07T12:44:07.356+0000] {processor.py:840} INFO - DAG(s) 'crime_analytics_pipeline' retrieved from /opt/airflow/dags/dag_crime_pipeline.py
[2026-06-07T12:44:07.395+0000] {logging_mixin.py:188} INFO - [2026-06-07T12:44:07.395+0000] {dag.py:3036} INFO - Sync 1 DAGs
[2026-06-07T12:44:07.425+0000] {logging_mixin.py:188} INFO - [2026-06-07T12:44:07.424+0000] {dag.py:3823} INFO - Setting next_dagrun for crime_analytics_pipeline to 2026-06-06 19:00:00+00:00, run_after=2026-06-13 19:00:00+00:00
[2026-06-07T12:44:07.473+0000] {processor.py:183} INFO - Processing /opt/airflow/dags/dag_crime_pipeline.py took 0.173 seconds
[2026-06-07T12:44:37.686+0000] {processor.py:161} INFO - Started process (PID=12956) to work on /opt/airflow/dags/dag_crime_pipeline.py
[2026-06-07T12:44:37.688+0000] {processor.py:830} INFO - Processing file /opt/airflow/dags/dag_crime_pipeline.py for tasks to queue
[2026-06-07T12:44:37.691+0000] {logging_mixin.py:188} INFO - [2026-06-07T12:44:37.690+0000] {dagbag.py:538} INFO - Filling up the DagBag from /opt/airflow/dags/dag_crime_pipeline.py
[2026-06-07T12:44:37.734+0000] {processor.py:840} INFO - DAG(s) 'crime_analytics_pipeline' retrieved from /opt/airflow/dags/dag_crime_pipeline.py
[2026-06-07T12:44:37.774+0000] {logging_mixin.py:188} INFO - [2026-06-07T12:44:37.773+0000] {dag.py:3036} INFO - Sync 1 DAGs
[2026-06-07T12:44:37.802+0000] {logging_mixin.py:188} INFO - [2026-06-07T12:44:37.801+0000] {dag.py:3823} INFO - Setting next_dagrun for crime_analytics_pipeline to 2026-06-06 19:00:00+00:00, run_after=2026-06-13 19:00:00+00:00
[2026-06-07T12:44:37.827+0000] {processor.py:183} INFO - Processing /opt/airflow/dags/dag_crime_pipeline.py took 0.146 seconds
[2026-06-07T12:45:08.039+0000] {processor.py:161} INFO - Started process (PID=12961) to work on /opt/airflow/dags/dag_crime_pipeline.py
[2026-06-07T12:45:08.040+0000] {processor.py:830} INFO - Processing file /opt/airflow/dags/dag_crime_pipeline.py for tasks to queue
[2026-06-07T12:45:08.043+0000] {logging_mixin.py:188} INFO - [2026-06-07T12:45:08.042+0000] {dagbag.py:538} INFO - Filling up the DagBag from /opt/airflow/dags/dag_crime_pipeline.py
[2026-06-07T12:45:08.092+0000] {processor.py:840} INFO - DAG(s) 'crime_analytics_pipeline' retrieved from /opt/airflow/dags/dag_crime_pipeline.py
[2026-06-07T12:45:08.148+0000] {logging_mixin.py:188} INFO - [2026-06-07T12:45:08.148+0000] {dag.py:3036} INFO - Sync 1 DAGs
[2026-06-07T12:45:08.199+0000] {logging_mixin.py:188} INFO - [2026-06-07T12:45:08.199+0000] {dag.py:3823} INFO - Setting next_dagrun for crime_analytics_pipeline to 2026-06-06 19:00:00+00:00, run_after=2026-06-13 19:00:00+00:00
[2026-06-07T12:45:08.239+0000] {processor.py:183} INFO - Processing /opt/airflow/dags/dag_crime_pipeline.py took 0.204 seconds
[2026-06-07T12:45:38.446+0000] {processor.py:161} INFO - Started process (PID=12966) to work on /opt/airflow/dags/dag_crime_pipeline.py
[2026-06-07T12:45:38.448+0000] {processor.py:830} INFO - Processing file /opt/airflow/dags/dag_crime_pipeline.py for tasks to queue
[2026-06-07T12:45:38.451+0000] {logging_mixin.py:188} INFO - [2026-06-07T12:45:38.451+0000] {dagbag.py:538} INFO - Filling up the DagBag from /opt/airflow/dags/dag_crime_pipeline.py
[2026-06-07T12:45:38.492+0000] {processor.py:840} INFO - DAG(s) 'crime_analytics_pipeline' retrieved from /opt/airflow/dags/dag_crime_pipeline.py
[2026-06-07T12:45:38.531+0000] {logging_mixin.py:188} INFO - [2026-06-07T12:45:38.530+0000] {dag.py:3036} INFO - Sync 1 DAGs
[2026-06-07T12:45:38.609+0000] {logging_mixin.py:188} INFO - [2026-06-07T12:45:38.609+0000] {dag.py:3823} INFO - Setting next_dagrun for crime_analytics_pipeline to 2026-06-06 19:00:00+00:00, run_after=2026-06-13 19:00:00+00:00
[2026-06-07T12:45:38.888+0000] {processor.py:183} INFO - Processing /opt/airflow/dags/dag_crime_pipeline.py took 0.447 seconds
[2026-06-07T12:46:09.110+0000] {processor.py:161} INFO - Started process (PID=12971) to work on /opt/airflow/dags/dag_crime_pipeline.py
[2026-06-07T12:46:09.111+0000] {processor.py:830} INFO - Processing file /opt/airflow/dags/dag_crime_pipeline.py for tasks to queue
[2026-06-07T12:46:09.114+0000] {logging_mixin.py:188} INFO - [2026-06-07T12:46:09.114+0000] {dagbag.py:538} INFO - Filling up the DagBag from /opt/airflow/dags/dag_crime_pipeline.py
[2026-06-07T12:46:09.155+0000] {processor.py:840} INFO - DAG(s) 'crime_analytics_pipeline' retrieved from /opt/airflow/dags/dag_crime_pipeline.py
[2026-06-07T12:46:09.189+0000] {logging_mixin.py:188} INFO - [2026-06-07T12:46:09.189+0000] {dag.py:3036} INFO - Sync 1 DAGs
[2026-06-07T12:46:09.217+0000] {logging_mixin.py:188} INFO - [2026-06-07T12:46:09.216+0000] {dag.py:3823} INFO - Setting next_dagrun for crime_analytics_pipeline to 2026-06-06 19:00:00+00:00, run_after=2026-06-13 19:00:00+00:00
[2026-06-07T12:46:09.241+0000] {processor.py:183} INFO - Processing /opt/airflow/dags/dag_crime_pipeline.py took 0.136 seconds
[2026-06-07T12:46:39.440+0000] {processor.py:161} INFO - Started process (PID=12976) to work on /opt/airflow/dags/dag_crime_pipeline.py
[2026-06-07T12:46:39.442+0000] {processor.py:830} INFO - Processing file /opt/airflow/dags/dag_crime_pipeline.py for tasks to queue
[2026-06-07T12:46:39.445+0000] {logging_mixin.py:188} INFO - [2026-06-07T12:46:39.444+0000] {dagbag.py:538} INFO - Filling up the DagBag from /opt/airflow/dags/dag_crime_pipeline.py
[2026-06-07T12:46:39.486+0000] {processor.py:840} INFO - DAG(s) 'crime_analytics_pipeline' retrieved from /opt/airflow/dags/dag_crime_pipeline.py
[2026-06-07T12:46:39.527+0000] {logging_mixin.py:188} INFO - [2026-06-07T12:46:39.526+0000] {dag.py:3036} INFO - Sync 1 DAGs
[2026-06-07T12:46:39.556+0000] {logging_mixin.py:188} INFO - [2026-06-07T12:46:39.556+0000] {dag.py:3823} INFO - Setting next_dagrun for crime_analytics_pipeline to 2026-06-06 19:00:00+00:00, run_after=2026-06-13 19:00:00+00:00
[2026-06-07T12:46:39.583+0000] {processor.py:183} INFO - Processing /opt/airflow/dags/dag_crime_pipeline.py took 0.148 seconds
[2026-06-07T12:47:09.661+0000] {processor.py:161} INFO - Started process (PID=12981) to work on /opt/airflow/dags/dag_crime_pipeline.py
[2026-06-07T12:47:09.663+0000] {processor.py:830} INFO - Processing file /opt/airflow/dags/dag_crime_pipeline.py for tasks to queue
[2026-06-07T12:47:09.666+0000] {logging_mixin.py:188} INFO - [2026-06-07T12:47:09.665+0000] {dagbag.py:538} INFO - Filling up the DagBag from /opt/airflow/dags/dag_crime_pipeline.py
[2026-06-07T12:47:09.707+0000] {processor.py:840} INFO - DAG(s) 'crime_analytics_pipeline' retrieved from /opt/airflow/dags/dag_crime_pipeline.py
[2026-06-07T12:47:09.746+0000] {logging_mixin.py:188} INFO - [2026-06-07T12:47:09.745+0000] {dag.py:3036} INFO - Sync 1 DAGs
[2026-06-07T12:47:09.777+0000] {logging_mixin.py:188} INFO - [2026-06-07T12:47:09.776+0000] {dag.py:3823} INFO - Setting next_dagrun for crime_analytics_pipeline to 2026-06-06 19:00:00+00:00, run_after=2026-06-13 19:00:00+00:00
[2026-06-07T12:47:09.800+0000] {processor.py:183} INFO - Processing /opt/airflow/dags/dag_crime_pipeline.py took 0.144 seconds
[2026-06-07T12:47:39.972+0000] {processor.py:161} INFO - Started process (PID=12986) to work on /opt/airflow/dags/dag_crime_pipeline.py
[2026-06-07T12:47:39.974+0000] {processor.py:830} INFO - Processing file /opt/airflow/dags/dag_crime_pipeline.py for tasks to queue
[2026-06-07T12:47:39.978+0000] {logging_mixin.py:188} INFO - [2026-06-07T12:47:39.977+0000] {dagbag.py:538} INFO - Filling up the DagBag from /opt/airflow/dags/dag_crime_pipeline.py
[2026-06-07T12:47:40.081+0000] {processor.py:840} INFO - DAG(s) 'crime_analytics_pipeline' retrieved from /opt/airflow/dags/dag_crime_pipeline.py
[2026-06-07T12:47:40.116+0000] {logging_mixin.py:188} INFO - [2026-06-07T12:47:40.115+0000] {dag.py:3036} INFO - Sync 1 DAGs
[2026-06-07T12:47:40.361+0000] {logging_mixin.py:188} INFO - [2026-06-07T12:47:40.361+0000] {dag.py:3823} INFO - Setting next_dagrun for crime_analytics_pipeline to 2026-06-06 19:00:00+00:00, run_after=2026-06-13 19:00:00+00:00
[2026-06-07T12:47:40.410+0000] {processor.py:183} INFO - Processing /opt/airflow/dags/dag_crime_pipeline.py took 0.442 seconds
[2026-06-07T12:48:10.659+0000] {processor.py:161} INFO - Started process (PID=12991) to work on /opt/airflow/dags/dag_crime_pipeline.py
[2026-06-07T12:48:10.661+0000] {processor.py:830} INFO - Processing file /opt/airflow/dags/dag_crime_pipeline.py for tasks to queue
[2026-06-07T12:48:10.664+0000] {logging_mixin.py:188} INFO - [2026-06-07T12:48:10.664+0000] {dagbag.py:538} INFO - Filling up the DagBag from /opt/airflow/dags/dag_crime_pipeline.py
[2026-06-07T12:48:10.710+0000] {processor.py:840} INFO - DAG(s) 'crime_analytics_pipeline' retrieved from /opt/airflow/dags/dag_crime_pipeline.py
[2026-06-07T12:48:10.753+0000] {logging_mixin.py:188} INFO - [2026-06-07T12:48:10.752+0000] {dag.py:3036} INFO - Sync 1 DAGs
[2026-06-07T12:48:10.782+0000] {logging_mixin.py:188} INFO - [2026-06-07T12:48:10.782+0000] {dag.py:3823} INFO - Setting next_dagrun for crime_analytics_pipeline to 2026-06-06 19:00:00+00:00, run_after=2026-06-13 19:00:00+00:00
[2026-06-07T12:48:10.812+0000] {processor.py:183} INFO - Processing /opt/airflow/dags/dag_crime_pipeline.py took 0.159 seconds
[2026-06-07T12:48:41.043+0000] {processor.py:161} INFO - Started process (PID=13044) to work on /opt/airflow/dags/dag_crime_pipeline.py
[2026-06-07T12:48:41.045+0000] {processor.py:830} INFO - Processing file /opt/airflow/dags/dag_crime_pipeline.py for tasks to queue
[2026-06-07T12:48:41.047+0000] {logging_mixin.py:188} INFO - [2026-06-07T12:48:41.047+0000] {dagbag.py:538} INFO - Filling up the DagBag from /opt/airflow/dags/dag_crime_pipeline.py
[2026-06-07T12:48:41.101+0000] {processor.py:840} INFO - DAG(s) 'crime_analytics_pipeline' retrieved from /opt/airflow/dags/dag_crime_pipeline.py
[2026-06-07T12:48:41.397+0000] {logging_mixin.py:188} INFO - [2026-06-07T12:48:41.396+0000] {dag.py:3036} INFO - Sync 1 DAGs
[2026-06-07T12:48:41.442+0000] {processor.py:183} INFO - Processing /opt/airflow/dags/dag_crime_pipeline.py took 0.405 seconds
[2026-06-07T12:49:11.718+0000] {processor.py:161} INFO - Started process (PID=13080) to work on /opt/airflow/dags/dag_crime_pipeline.py
[2026-06-07T12:49:11.724+0000] {processor.py:830} INFO - Processing file /opt/airflow/dags/dag_crime_pipeline.py for tasks to queue
[2026-06-07T12:49:11.729+0000] {logging_mixin.py:188} INFO - [2026-06-07T12:49:11.728+0000] {dagbag.py:538} INFO - Filling up the DagBag from /opt/airflow/dags/dag_crime_pipeline.py
[2026-06-07T12:49:11.810+0000] {processor.py:840} INFO - DAG(s) 'crime_analytics_pipeline' retrieved from /opt/airflow/dags/dag_crime_pipeline.py
[2026-06-07T12:49:11.883+0000] {logging_mixin.py:188} INFO - [2026-06-07T12:49:11.883+0000] {dag.py:3036} INFO - Sync 1 DAGs
[2026-06-07T12:49:12.281+0000] {processor.py:183} INFO - Processing /opt/airflow/dags/dag_crime_pipeline.py took 0.569 seconds
[2026-06-07T12:49:42.480+0000] {processor.py:161} INFO - Started process (PID=13085) to work on /opt/airflow/dags/dag_crime_pipeline.py
[2026-06-07T12:49:42.489+0000] {processor.py:830} INFO - Processing file /opt/airflow/dags/dag_crime_pipeline.py for tasks to queue
[2026-06-07T12:49:42.492+0000] {logging_mixin.py:188} INFO - [2026-06-07T12:49:42.491+0000] {dagbag.py:538} INFO - Filling up the DagBag from /opt/airflow/dags/dag_crime_pipeline.py
[2026-06-07T12:49:42.807+0000] {processor.py:840} INFO - DAG(s) 'crime_analytics_pipeline' retrieved from /opt/airflow/dags/dag_crime_pipeline.py
[2026-06-07T12:49:42.860+0000] {logging_mixin.py:188} INFO - [2026-06-07T12:49:42.859+0000] {dag.py:3036} INFO - Sync 1 DAGs
[2026-06-07T12:49:42.947+0000] {processor.py:183} INFO - Processing /opt/airflow/dags/dag_crime_pipeline.py took 0.472 seconds
[2026-06-07T12:50:13.245+0000] {processor.py:161} INFO - Started process (PID=13090) to work on /opt/airflow/dags/dag_crime_pipeline.py
[2026-06-07T12:50:13.247+0000] {processor.py:830} INFO - Processing file /opt/airflow/dags/dag_crime_pipeline.py for tasks to queue
[2026-06-07T12:50:13.250+0000] {logging_mixin.py:188} INFO - [2026-06-07T12:50:13.249+0000] {dagbag.py:538} INFO - Filling up the DagBag from /opt/airflow/dags/dag_crime_pipeline.py
[2026-06-07T12:50:13.301+0000] {processor.py:840} INFO - DAG(s) 'crime_analytics_pipeline' retrieved from /opt/airflow/dags/dag_crime_pipeline.py
[2026-06-07T12:50:13.339+0000] {logging_mixin.py:188} INFO - [2026-06-07T12:50:13.338+0000] {dag.py:3036} INFO - Sync 1 DAGs
[2026-06-07T12:50:13.409+0000] {processor.py:183} INFO - Processing /opt/airflow/dags/dag_crime_pipeline.py took 0.171 seconds
[2026-06-07T12:50:43.658+0000] {processor.py:161} INFO - Started process (PID=13099) to work on /opt/airflow/dags/dag_crime_pipeline.py
[2026-06-07T12:50:43.660+0000] {processor.py:830} INFO - Processing file /opt/airflow/dags/dag_crime_pipeline.py for tasks to queue
[2026-06-07T12:50:43.666+0000] {logging_mixin.py:188} INFO - [2026-06-07T12:50:43.665+0000] {dagbag.py:538} INFO - Filling up the DagBag from /opt/airflow/dags/dag_crime_pipeline.py
[2026-06-07T12:50:43.713+0000] {processor.py:840} INFO - DAG(s) 'crime_analytics_pipeline' retrieved from /opt/airflow/dags/dag_crime_pipeline.py
[2026-06-07T12:50:43.755+0000] {logging_mixin.py:188} INFO - [2026-06-07T12:50:43.754+0000] {dag.py:3036} INFO - Sync 1 DAGs
[2026-06-07T12:50:43.815+0000] {processor.py:183} INFO - Processing /opt/airflow/dags/dag_crime_pipeline.py took 0.164 seconds
[2026-06-07T12:51:14.066+0000] {processor.py:161} INFO - Started process (PID=13104) to work on /opt/airflow/dags/dag_crime_pipeline.py
[2026-06-07T12:51:14.068+0000] {processor.py:830} INFO - Processing file /opt/airflow/dags/dag_crime_pipeline.py for tasks to queue
[2026-06-07T12:51:14.070+0000] {logging_mixin.py:188} INFO - [2026-06-07T12:51:14.070+0000] {dagbag.py:538} INFO - Filling up the DagBag from /opt/airflow/dags/dag_crime_pipeline.py
[2026-06-07T12:51:14.115+0000] {processor.py:840} INFO - DAG(s) 'crime_analytics_pipeline' retrieved from /opt/airflow/dags/dag_crime_pipeline.py
[2026-06-07T12:51:14.147+0000] {logging_mixin.py:188} INFO - [2026-06-07T12:51:14.147+0000] {dag.py:3036} INFO - Sync 1 DAGs
[2026-06-07T12:51:14.168+0000] {logging_mixin.py:188} INFO - [2026-06-07T12:51:14.167+0000] {dag.py:3823} INFO - Setting next_dagrun for crime_analytics_pipeline to 2026-06-06 19:00:00+00:00, run_after=2026-06-13 19:00:00+00:00
[2026-06-07T12:51:14.188+0000] {processor.py:183} INFO - Processing /opt/airflow/dags/dag_crime_pipeline.py took 0.129 seconds
[2026-06-07T12:51:44.259+0000] {processor.py:161} INFO - Started process (PID=13109) to work on /opt/airflow/dags/dag_crime_pipeline.py
[2026-06-07T12:51:44.261+0000] {processor.py:830} INFO - Processing file /opt/airflow/dags/dag_crime_pipeline.py for tasks to queue
[2026-06-07T12:51:44.264+0000] {logging_mixin.py:188} INFO - [2026-06-07T12:51:44.263+0000] {dagbag.py:538} INFO - Filling up the DagBag from /opt/airflow/dags/dag_crime_pipeline.py
[2026-06-07T12:51:44.307+0000] {processor.py:840} INFO - DAG(s) 'crime_analytics_pipeline' retrieved from /opt/airflow/dags/dag_crime_pipeline.py
[2026-06-07T12:51:44.344+0000] {logging_mixin.py:188} INFO - [2026-06-07T12:51:44.344+0000] {dag.py:3036} INFO - Sync 1 DAGs
[2026-06-07T12:51:44.369+0000] {logging_mixin.py:188} INFO - [2026-06-07T12:51:44.369+0000] {dag.py:3823} INFO - Setting next_dagrun for crime_analytics_pipeline to 2026-06-06 19:00:00+00:00, run_after=2026-06-13 19:00:00+00:00
[2026-06-07T12:51:44.394+0000] {processor.py:183} INFO - Processing /opt/airflow/dags/dag_crime_pipeline.py took 0.140 seconds
[2026-06-07T12:52:14.649+0000] {processor.py:161} INFO - Started process (PID=13114) to work on /opt/airflow/dags/dag_crime_pipeline.py
[2026-06-07T12:52:14.651+0000] {processor.py:830} INFO - Processing file /opt/airflow/dags/dag_crime_pipeline.py for tasks to queue
[2026-06-07T12:52:14.654+0000] {logging_mixin.py:188} INFO - [2026-06-07T12:52:14.653+0000] {dagbag.py:538} INFO - Filling up the DagBag from /opt/airflow/dags/dag_crime_pipeline.py
[2026-06-07T12:52:14.696+0000] {processor.py:840} INFO - DAG(s) 'crime_analytics_pipeline' retrieved from /opt/airflow/dags/dag_crime_pipeline.py
[2026-06-07T12:52:14.732+0000] {logging_mixin.py:188} INFO - [2026-06-07T12:52:14.732+0000] {dag.py:3036} INFO - Sync 1 DAGs
[2026-06-07T12:52:14.756+0000] {logging_mixin.py:188} INFO - [2026-06-07T12:52:14.756+0000] {dag.py:3823} INFO - Setting next_dagrun for crime_analytics_pipeline to 2026-06-06 19:00:00+00:00, run_after=2026-06-13 19:00:00+00:00
[2026-06-07T12:52:14.777+0000] {processor.py:183} INFO - Processing /opt/airflow/dags/dag_crime_pipeline.py took 0.132 seconds
[2026-06-07T12:52:44.909+0000] {processor.py:161} INFO - Started process (PID=13119) to work on /opt/airflow/dags/dag_crime_pipeline.py
[2026-06-07T12:52:44.911+0000] {processor.py:830} INFO - Processing file /opt/airflow/dags/dag_crime_pipeline.py for tasks to queue
[2026-06-07T12:52:44.914+0000] {logging_mixin.py:188} INFO - [2026-06-07T12:52:44.914+0000] {dagbag.py:538} INFO - Filling up the DagBag from /opt/airflow/dags/dag_crime_pipeline.py
[2026-06-07T12:52:44.957+0000] {processor.py:840} INFO - DAG(s) 'crime_analytics_pipeline' retrieved from /opt/airflow/dags/dag_crime_pipeline.py
[2026-06-07T12:52:44.993+0000] {logging_mixin.py:188} INFO - [2026-06-07T12:52:44.993+0000] {dag.py:3036} INFO - Sync 1 DAGs
[2026-06-07T12:52:45.016+0000] {logging_mixin.py:188} INFO - [2026-06-07T12:52:45.016+0000] {dag.py:3823} INFO - Setting next_dagrun for crime_analytics_pipeline to 2026-06-06 19:00:00+00:00, run_after=2026-06-13 19:00:00+00:00
[2026-06-07T12:52:45.035+0000] {processor.py:183} INFO - Processing /opt/airflow/dags/dag_crime_pipeline.py took 0.131 seconds
[2026-06-07T12:53:15.215+0000] {processor.py:161} INFO - Started process (PID=13124) to work on /opt/airflow/dags/dag_crime_pipeline.py
[2026-06-07T12:53:15.217+0000] {processor.py:830} INFO - Processing file /opt/airflow/dags/dag_crime_pipeline.py for tasks to queue
[2026-06-07T12:53:15.219+0000] {logging_mixin.py:188} INFO - [2026-06-07T12:53:15.219+0000] {dagbag.py:538} INFO - Filling up the DagBag from /opt/airflow/dags/dag_crime_pipeline.py
[2026-06-07T12:53:15.260+0000] {processor.py:840} INFO - DAG(s) 'crime_analytics_pipeline' retrieved from /opt/airflow/dags/dag_crime_pipeline.py
[2026-06-07T12:53:15.301+0000] {logging_mixin.py:188} INFO - [2026-06-07T12:53:15.300+0000] {dag.py:3036} INFO - Sync 1 DAGs
[2026-06-07T12:53:15.325+0000] {logging_mixin.py:188} INFO - [2026-06-07T12:53:15.325+0000] {dag.py:3823} INFO - Setting next_dagrun for crime_analytics_pipeline to 2026-06-06 19:00:00+00:00, run_after=2026-06-13 19:00:00+00:00
[2026-06-07T12:53:15.346+0000] {processor.py:183} INFO - Processing /opt/airflow/dags/dag_crime_pipeline.py took 0.135 seconds
[2026-06-07T12:53:45.417+0000] {processor.py:161} INFO - Started process (PID=13129) to work on /opt/airflow/dags/dag_crime_pipeline.py
[2026-06-07T12:53:45.419+0000] {processor.py:830} INFO - Processing file /opt/airflow/dags/dag_crime_pipeline.py for tasks to queue
[2026-06-07T12:53:45.423+0000] {logging_mixin.py:188} INFO - [2026-06-07T12:53:45.422+0000] {dagbag.py:538} INFO - Filling up the DagBag from /opt/airflow/dags/dag_crime_pipeline.py
[2026-06-07T12:53:45.467+0000] {processor.py:840} INFO - DAG(s) 'crime_analytics_pipeline' retrieved from /opt/airflow/dags/dag_crime_pipeline.py
[2026-06-07T12:53:45.505+0000] {logging_mixin.py:188} INFO - [2026-06-07T12:53:45.505+0000] {dag.py:3036} INFO - Sync 1 DAGs
[2026-06-07T12:53:45.535+0000] {logging_mixin.py:188} INFO - [2026-06-07T12:53:45.535+0000] {dag.py:3823} INFO - Setting next_dagrun for crime_analytics_pipeline to 2026-06-06 19:00:00+00:00, run_after=2026-06-13 19:00:00+00:00
[2026-06-07T12:53:45.564+0000] {processor.py:183} INFO - Processing /opt/airflow/dags/dag_crime_pipeline.py took 0.152 seconds
[2026-06-07T12:54:15.759+0000] {processor.py:161} INFO - Started process (PID=13134) to work on /opt/airflow/dags/dag_crime_pipeline.py
[2026-06-07T12:54:15.761+0000] {processor.py:830} INFO - Processing file /opt/airflow/dags/dag_crime_pipeline.py for tasks to queue
[2026-06-07T12:54:15.765+0000] {logging_mixin.py:188} INFO - [2026-06-07T12:54:15.764+0000] {dagbag.py:538} INFO - Filling up the DagBag from /opt/airflow/dags/dag_crime_pipeline.py
[2026-06-07T12:54:15.810+0000] {processor.py:840} INFO - DAG(s) 'crime_analytics_pipeline' retrieved from /opt/airflow/dags/dag_crime_pipeline.py
[2026-06-07T12:54:15.855+0000] {logging_mixin.py:188} INFO - [2026-06-07T12:54:15.855+0000] {dag.py:3036} INFO - Sync 1 DAGs
[2026-06-07T12:54:15.881+0000] {logging_mixin.py:188} INFO - [2026-06-07T12:54:15.881+0000] {dag.py:3823} INFO - Setting next_dagrun for crime_analytics_pipeline to 2026-06-06 19:00:00+00:00, run_after=2026-06-13 19:00:00+00:00
[2026-06-07T12:54:15.905+0000] {processor.py:183} INFO - Processing /opt/airflow/dags/dag_crime_pipeline.py took 0.151 seconds
[2026-06-07T12:54:46.001+0000] {processor.py:161} INFO - Started process (PID=13139) to work on /opt/airflow/dags/dag_crime_pipeline.py
[2026-06-07T12:54:46.004+0000] {processor.py:830} INFO - Processing file /opt/airflow/dags/dag_crime_pipeline.py for tasks to queue
[2026-06-07T12:54:46.007+0000] {logging_mixin.py:188} INFO - [2026-06-07T12:54:46.007+0000] {dagbag.py:538} INFO - Filling up the DagBag from /opt/airflow/dags/dag_crime_pipeline.py
[2026-06-07T12:54:46.053+0000] {processor.py:840} INFO - DAG(s) 'crime_analytics_pipeline' retrieved from /opt/airflow/dags/dag_crime_pipeline.py
[2026-06-07T12:54:46.094+0000] {logging_mixin.py:188} INFO - [2026-06-07T12:54:46.093+0000] {dag.py:3036} INFO - Sync 1 DAGs
[2026-06-07T12:54:46.123+0000] {logging_mixin.py:188} INFO - [2026-06-07T12:54:46.122+0000] {dag.py:3823} INFO - Setting next_dagrun for crime_analytics_pipeline to 2026-06-06 19:00:00+00:00, run_after=2026-06-13 19:00:00+00:00
[2026-06-07T12:54:46.166+0000] {processor.py:183} INFO - Processing /opt/airflow/dags/dag_crime_pipeline.py took 0.169 seconds
[2026-06-07T12:55:16.301+0000] {processor.py:161} INFO - Started process (PID=13144) to work on /opt/airflow/dags/dag_crime_pipeline.py
[2026-06-07T12:55:16.302+0000] {processor.py:830} INFO - Processing file /opt/airflow/dags/dag_crime_pipeline.py for tasks to queue
[2026-06-07T12:55:16.306+0000] {logging_mixin.py:188} INFO - [2026-06-07T12:55:16.306+0000] {dagbag.py:538} INFO - Filling up the DagBag from /opt/airflow/dags/dag_crime_pipeline.py
[2026-06-07T12:55:16.354+0000] {processor.py:840} INFO - DAG(s) 'crime_analytics_pipeline' retrieved from /opt/airflow/dags/dag_crime_pipeline.py
[2026-06-07T12:55:16.399+0000] {logging_mixin.py:188} INFO - [2026-06-07T12:55:16.398+0000] {dag.py:3036} INFO - Sync 1 DAGs
[2026-06-07T12:55:16.429+0000] {logging_mixin.py:188} INFO - [2026-06-07T12:55:16.429+0000] {dag.py:3823} INFO - Setting next_dagrun for crime_analytics_pipeline to 2026-06-06 19:00:00+00:00, run_after=2026-06-13 19:00:00+00:00
[2026-06-07T12:55:16.457+0000] {processor.py:183} INFO - Processing /opt/airflow/dags/dag_crime_pipeline.py took 0.162 seconds
[2026-06-07T12:55:46.644+0000] {processor.py:161} INFO - Started process (PID=13149) to work on /opt/airflow/dags/dag_crime_pipeline.py
[2026-06-07T12:55:46.646+0000] {processor.py:830} INFO - Processing file /opt/airflow/dags/dag_crime_pipeline.py for tasks to queue
[2026-06-07T12:55:46.649+0000] {logging_mixin.py:188} INFO - [2026-06-07T12:55:46.649+0000] {dagbag.py:538} INFO - Filling up the DagBag from /opt/airflow/dags/dag_crime_pipeline.py
[2026-06-07T12:55:46.694+0000] {processor.py:840} INFO - DAG(s) 'crime_analytics_pipeline' retrieved from /opt/airflow/dags/dag_crime_pipeline.py
[2026-06-07T12:55:46.725+0000] {logging_mixin.py:188} INFO - [2026-06-07T12:55:46.725+0000] {dag.py:3036} INFO - Sync 1 DAGs
[2026-06-07T12:55:46.753+0000] {logging_mixin.py:188} INFO - [2026-06-07T12:55:46.753+0000] {dag.py:3823} INFO - Setting next_dagrun for crime_analytics_pipeline to 2026-06-06 19:00:00+00:00, run_after=2026-06-13 19:00:00+00:00
[2026-06-07T12:55:46.777+0000] {processor.py:183} INFO - Processing /opt/airflow/dags/dag_crime_pipeline.py took 0.139 seconds
[2026-06-07T12:56:16.981+0000] {processor.py:161} INFO - Started process (PID=13154) to work on /opt/airflow/dags/dag_crime_pipeline.py
[2026-06-07T12:56:16.983+0000] {processor.py:830} INFO - Processing file /opt/airflow/dags/dag_crime_pipeline.py for tasks to queue
[2026-06-07T12:56:16.986+0000] {logging_mixin.py:188} INFO - [2026-06-07T12:56:16.985+0000] {dagbag.py:538} INFO - Filling up the DagBag from /opt/airflow/dags/dag_crime_pipeline.py
[2026-06-07T12:56:17.031+0000] {processor.py:840} INFO - DAG(s) 'crime_analytics_pipeline' retrieved from /opt/airflow/dags/dag_crime_pipeline.py
[2026-06-07T12:56:17.068+0000] {logging_mixin.py:188} INFO - [2026-06-07T12:56:17.068+0000] {dag.py:3036} INFO - Sync 1 DAGs
[2026-06-07T12:56:17.091+0000] {logging_mixin.py:188} INFO - [2026-06-07T12:56:17.091+0000] {dag.py:3823} INFO - Setting next_dagrun for crime_analytics_pipeline to 2026-06-06 19:00:00+00:00, run_after=2026-06-13 19:00:00+00:00
[2026-06-07T12:56:17.111+0000] {processor.py:183} INFO - Processing /opt/airflow/dags/dag_crime_pipeline.py took 0.135 seconds
[2026-06-07T12:56:47.219+0000] {processor.py:161} INFO - Started process (PID=13159) to work on /opt/airflow/dags/dag_crime_pipeline.py
[2026-06-07T12:56:47.220+0000] {processor.py:830} INFO - Processing file /opt/airflow/dags/dag_crime_pipeline.py for tasks to queue
[2026-06-07T12:56:47.224+0000] {logging_mixin.py:188} INFO - [2026-06-07T12:56:47.223+0000] {dagbag.py:538} INFO - Filling up the DagBag from /opt/airflow/dags/dag_crime_pipeline.py
[2026-06-07T12:56:47.266+0000] {processor.py:840} INFO - DAG(s) 'crime_analytics_pipeline' retrieved from /opt/airflow/dags/dag_crime_pipeline.py
[2026-06-07T12:56:47.304+0000] {logging_mixin.py:188} INFO - [2026-06-07T12:56:47.303+0000] {dag.py:3036} INFO - Sync 1 DAGs
[2026-06-07T12:56:47.327+0000] {logging_mixin.py:188} INFO - [2026-06-07T12:56:47.326+0000] {dag.py:3823} INFO - Setting next_dagrun for crime_analytics_pipeline to 2026-06-06 19:00:00+00:00, run_after=2026-06-13 19:00:00+00:00
[2026-06-07T12:56:47.349+0000] {processor.py:183} INFO - Processing /opt/airflow/dags/dag_crime_pipeline.py took 0.134 seconds
[2026-06-07T12:57:17.576+0000] {processor.py:161} INFO - Started process (PID=13164) to work on /opt/airflow/dags/dag_crime_pipeline.py
[2026-06-07T12:57:17.578+0000] {processor.py:830} INFO - Processing file /opt/airflow/dags/dag_crime_pipeline.py for tasks to queue
[2026-06-07T12:57:17.581+0000] {logging_mixin.py:188} INFO - [2026-06-07T12:57:17.581+0000] {dagbag.py:538} INFO - Filling up the DagBag from /opt/airflow/dags/dag_crime_pipeline.py
[2026-06-07T12:57:17.622+0000] {processor.py:840} INFO - DAG(s) 'crime_analytics_pipeline' retrieved from /opt/airflow/dags/dag_crime_pipeline.py
[2026-06-07T12:57:17.659+0000] {logging_mixin.py:188} INFO - [2026-06-07T12:57:17.659+0000] {dag.py:3036} INFO - Sync 1 DAGs
[2026-06-07T12:57:17.686+0000] {logging_mixin.py:188} INFO - [2026-06-07T12:57:17.686+0000] {dag.py:3823} INFO - Setting next_dagrun for crime_analytics_pipeline to 2026-06-06 19:00:00+00:00, run_after=2026-06-13 19:00:00+00:00
[2026-06-07T12:57:17.710+0000] {processor.py:183} INFO - Processing /opt/airflow/dags/dag_crime_pipeline.py took 0.138 seconds
[2026-06-07T12:57:47.781+0000] {processor.py:161} INFO - Started process (PID=13169) to work on /opt/airflow/dags/dag_crime_pipeline.py
[2026-06-07T12:57:47.783+0000] {processor.py:830} INFO - Processing file /opt/airflow/dags/dag_crime_pipeline.py for tasks to queue
[2026-06-07T12:57:47.786+0000] {logging_mixin.py:188} INFO - [2026-06-07T12:57:47.785+0000] {dagbag.py:538} INFO - Filling up the DagBag from /opt/airflow/dags/dag_crime_pipeline.py
[2026-06-07T12:57:47.826+0000] {processor.py:840} INFO - DAG(s) 'crime_analytics_pipeline' retrieved from /opt/airflow/dags/dag_crime_pipeline.py
[2026-06-07T12:57:47.857+0000] {logging_mixin.py:188} INFO - [2026-06-07T12:57:47.856+0000] {dag.py:3036} INFO - Sync 1 DAGs
[2026-06-07T12:57:47.877+0000] {logging_mixin.py:188} INFO - [2026-06-07T12:57:47.877+0000] {dag.py:3823} INFO - Setting next_dagrun for crime_analytics_pipeline to 2026-06-06 19:00:00+00:00, run_after=2026-06-13 19:00:00+00:00
[2026-06-07T12:57:47.897+0000] {processor.py:183} INFO - Processing /opt/airflow/dags/dag_crime_pipeline.py took 0.120 seconds
[2026-06-07T12:58:18.133+0000] {processor.py:161} INFO - Started process (PID=13222) to work on /opt/airflow/dags/dag_crime_pipeline.py
[2026-06-07T12:58:18.135+0000] {processor.py:830} INFO - Processing file /opt/airflow/dags/dag_crime_pipeline.py for tasks to queue
[2026-06-07T12:58:18.139+0000] {logging_mixin.py:188} INFO - [2026-06-07T12:58:18.138+0000] {dagbag.py:538} INFO - Filling up the DagBag from /opt/airflow/dags/dag_crime_pipeline.py
[2026-06-07T12:58:18.185+0000] {processor.py:840} INFO - DAG(s) 'crime_analytics_pipeline' retrieved from /opt/airflow/dags/dag_crime_pipeline.py
[2026-06-07T12:58:18.223+0000] {logging_mixin.py:188} INFO - [2026-06-07T12:58:18.223+0000] {dag.py:3036} INFO - Sync 1 DAGs
[2026-06-07T12:58:18.270+0000] {processor.py:183} INFO - Processing /opt/airflow/dags/dag_crime_pipeline.py took 0.144 seconds
[2026-06-07T12:58:48.378+0000] {processor.py:161} INFO - Started process (PID=13258) to work on /opt/airflow/dags/dag_crime_pipeline.py
[2026-06-07T12:58:48.381+0000] {processor.py:830} INFO - Processing file /opt/airflow/dags/dag_crime_pipeline.py for tasks to queue
[2026-06-07T12:58:48.385+0000] {logging_mixin.py:188} INFO - [2026-06-07T12:58:48.384+0000] {dagbag.py:538} INFO - Filling up the DagBag from /opt/airflow/dags/dag_crime_pipeline.py
[2026-06-07T12:58:48.434+0000] {processor.py:840} INFO - DAG(s) 'crime_analytics_pipeline' retrieved from /opt/airflow/dags/dag_crime_pipeline.py
[2026-06-07T12:58:48.482+0000] {logging_mixin.py:188} INFO - [2026-06-07T12:58:48.481+0000] {dag.py:3036} INFO - Sync 1 DAGs
[2026-06-07T12:58:48.531+0000] {processor.py:183} INFO - Processing /opt/airflow/dags/dag_crime_pipeline.py took 0.160 seconds
[2026-06-07T12:59:18.734+0000] {processor.py:161} INFO - Started process (PID=13263) to work on /opt/airflow/dags/dag_crime_pipeline.py
[2026-06-07T12:59:18.736+0000] {processor.py:830} INFO - Processing file /opt/airflow/dags/dag_crime_pipeline.py for tasks to queue
[2026-06-07T12:59:18.740+0000] {logging_mixin.py:188} INFO - [2026-06-07T12:59:18.739+0000] {dagbag.py:538} INFO - Filling up the DagBag from /opt/airflow/dags/dag_crime_pipeline.py
[2026-06-07T12:59:18.794+0000] {processor.py:840} INFO - DAG(s) 'crime_analytics_pipeline' retrieved from /opt/airflow/dags/dag_crime_pipeline.py
[2026-06-07T12:59:18.834+0000] {logging_mixin.py:188} INFO - [2026-06-07T12:59:18.834+0000] {dag.py:3036} INFO - Sync 1 DAGs
[2026-06-07T12:59:18.913+0000] {processor.py:183} INFO - Processing /opt/airflow/dags/dag_crime_pipeline.py took 0.185 seconds
[2026-06-07T12:59:49.045+0000] {processor.py:161} INFO - Started process (PID=13268) to work on /opt/airflow/dags/dag_crime_pipeline.py
[2026-06-07T12:59:49.052+0000] {processor.py:830} INFO - Processing file /opt/airflow/dags/dag_crime_pipeline.py for tasks to queue
[2026-06-07T12:59:49.056+0000] {logging_mixin.py:188} INFO - [2026-06-07T12:59:49.055+0000] {dagbag.py:538} INFO - Filling up the DagBag from /opt/airflow/dags/dag_crime_pipeline.py
[2026-06-07T12:59:49.143+0000] {processor.py:840} INFO - DAG(s) 'crime_analytics_pipeline' retrieved from /opt/airflow/dags/dag_crime_pipeline.py
[2026-06-07T12:59:49.205+0000] {logging_mixin.py:188} INFO - [2026-06-07T12:59:49.204+0000] {dag.py:3036} INFO - Sync 1 DAGs
[2026-06-07T12:59:49.311+0000] {processor.py:183} INFO - Processing /opt/airflow/dags/dag_crime_pipeline.py took 0.273 seconds
[2026-06-07T13:00:19.463+0000] {processor.py:161} INFO - Started process (PID=13277) to work on /opt/airflow/dags/dag_crime_pipeline.py
[2026-06-07T13:00:19.466+0000] {processor.py:830} INFO - Processing file /opt/airflow/dags/dag_crime_pipeline.py for tasks to queue
[2026-06-07T13:00:19.470+0000] {logging_mixin.py:188} INFO - [2026-06-07T13:00:19.469+0000] {dagbag.py:538} INFO - Filling up the DagBag from /opt/airflow/dags/dag_crime_pipeline.py
[2026-06-07T13:00:19.520+0000] {processor.py:840} INFO - DAG(s) 'crime_analytics_pipeline' retrieved from /opt/airflow/dags/dag_crime_pipeline.py
[2026-06-07T13:00:19.572+0000] {logging_mixin.py:188} INFO - [2026-06-07T13:00:19.571+0000] {dag.py:3036} INFO - Sync 1 DAGs
[2026-06-07T13:00:19.651+0000] {processor.py:183} INFO - Processing /opt/airflow/dags/dag_crime_pipeline.py took 0.194 seconds
[2026-06-07T13:00:49.836+0000] {processor.py:161} INFO - Started process (PID=13282) to work on /opt/airflow/dags/dag_crime_pipeline.py
[2026-06-07T13:00:49.838+0000] {processor.py:830} INFO - Processing file /opt/airflow/dags/dag_crime_pipeline.py for tasks to queue
[2026-06-07T13:00:49.842+0000] {logging_mixin.py:188} INFO - [2026-06-07T13:00:49.841+0000] {dagbag.py:538} INFO - Filling up the DagBag from /opt/airflow/dags/dag_crime_pipeline.py
[2026-06-07T13:00:49.889+0000] {processor.py:840} INFO - DAG(s) 'crime_analytics_pipeline' retrieved from /opt/airflow/dags/dag_crime_pipeline.py
[2026-06-07T13:00:49.925+0000] {logging_mixin.py:188} INFO - [2026-06-07T13:00:49.924+0000] {dag.py:3036} INFO - Sync 1 DAGs
[2026-06-07T13:00:49.948+0000] {logging_mixin.py:188} INFO - [2026-06-07T13:00:49.947+0000] {dag.py:3823} INFO - Setting next_dagrun for crime_analytics_pipeline to 2026-06-06 19:00:00+00:00, run_after=2026-06-13 19:00:00+00:00
[2026-06-07T13:00:49.975+0000] {processor.py:183} INFO - Processing /opt/airflow/dags/dag_crime_pipeline.py took 0.145 seconds
[2026-06-07T13:01:20.114+0000] {processor.py:161} INFO - Started process (PID=13287) to work on /opt/airflow/dags/dag_crime_pipeline.py
[2026-06-07T13:01:20.115+0000] {processor.py:830} INFO - Processing file /opt/airflow/dags/dag_crime_pipeline.py for tasks to queue
[2026-06-07T13:01:20.119+0000] {logging_mixin.py:188} INFO - [2026-06-07T13:01:20.118+0000] {dagbag.py:538} INFO - Filling up the DagBag from /opt/airflow/dags/dag_crime_pipeline.py
[2026-06-07T13:01:20.170+0000] {processor.py:840} INFO - DAG(s) 'crime_analytics_pipeline' retrieved from /opt/airflow/dags/dag_crime_pipeline.py
[2026-06-07T13:01:20.212+0000] {logging_mixin.py:188} INFO - [2026-06-07T13:01:20.211+0000] {dag.py:3036} INFO - Sync 1 DAGs
[2026-06-07T13:01:20.244+0000] {logging_mixin.py:188} INFO - [2026-06-07T13:01:20.244+0000] {dag.py:3823} INFO - Setting next_dagrun for crime_analytics_pipeline to 2026-06-06 19:00:00+00:00, run_after=2026-06-13 19:00:00+00:00
[2026-06-07T13:01:20.267+0000] {processor.py:183} INFO - Processing /opt/airflow/dags/dag_crime_pipeline.py took 0.159 seconds
[2026-06-07T13:01:50.409+0000] {processor.py:161} INFO - Started process (PID=13292) to work on /opt/airflow/dags/dag_crime_pipeline.py
[2026-06-07T13:01:50.410+0000] {processor.py:830} INFO - Processing file /opt/airflow/dags/dag_crime_pipeline.py for tasks to queue
[2026-06-07T13:01:50.413+0000] {logging_mixin.py:188} INFO - [2026-06-07T13:01:50.413+0000] {dagbag.py:538} INFO - Filling up the DagBag from /opt/airflow/dags/dag_crime_pipeline.py
[2026-06-07T13:01:50.458+0000] {processor.py:840} INFO - DAG(s) 'crime_analytics_pipeline' retrieved from /opt/airflow/dags/dag_crime_pipeline.py
[2026-06-07T13:01:50.492+0000] {logging_mixin.py:188} INFO - [2026-06-07T13:01:50.491+0000] {dag.py:3036} INFO - Sync 1 DAGs
[2026-06-07T13:01:50.516+0000] {logging_mixin.py:188} INFO - [2026-06-07T13:01:50.516+0000] {dag.py:3823} INFO - Setting next_dagrun for crime_analytics_pipeline to 2026-06-06 19:00:00+00:00, run_after=2026-06-13 19:00:00+00:00
[2026-06-07T13:01:50.539+0000] {processor.py:183} INFO - Processing /opt/airflow/dags/dag_crime_pipeline.py took 0.136 seconds
[2026-06-07T13:02:20.764+0000] {processor.py:161} INFO - Started process (PID=13297) to work on /opt/airflow/dags/dag_crime_pipeline.py
[2026-06-07T13:02:20.766+0000] {processor.py:830} INFO - Processing file /opt/airflow/dags/dag_crime_pipeline.py for tasks to queue
[2026-06-07T13:02:20.769+0000] {logging_mixin.py:188} INFO - [2026-06-07T13:02:20.768+0000] {dagbag.py:538} INFO - Filling up the DagBag from /opt/airflow/dags/dag_crime_pipeline.py
[2026-06-07T13:02:20.813+0000] {processor.py:840} INFO - DAG(s) 'crime_analytics_pipeline' retrieved from /opt/airflow/dags/dag_crime_pipeline.py
[2026-06-07T13:02:20.851+0000] {logging_mixin.py:188} INFO - [2026-06-07T13:02:20.850+0000] {dag.py:3036} INFO - Sync 1 DAGs
[2026-06-07T13:02:20.882+0000] {logging_mixin.py:188} INFO - [2026-06-07T13:02:20.882+0000] {dag.py:3823} INFO - Setting next_dagrun for crime_analytics_pipeline to 2026-06-06 19:00:00+00:00, run_after=2026-06-13 19:00:00+00:00
[2026-06-07T13:02:20.911+0000] {processor.py:183} INFO - Processing /opt/airflow/dags/dag_crime_pipeline.py took 0.151 seconds
[2026-06-07T13:02:51.153+0000] {processor.py:161} INFO - Started process (PID=13350) to work on /opt/airflow/dags/dag_crime_pipeline.py
[2026-06-07T13:02:51.156+0000] {processor.py:830} INFO - Processing file /opt/airflow/dags/dag_crime_pipeline.py for tasks to queue
[2026-06-07T13:02:51.162+0000] {logging_mixin.py:188} INFO - [2026-06-07T13:02:51.161+0000] {dagbag.py:538} INFO - Filling up the DagBag from /opt/airflow/dags/dag_crime_pipeline.py
[2026-06-07T13:02:51.209+0000] {processor.py:840} INFO - DAG(s) 'crime_analytics_pipeline' retrieved from /opt/airflow/dags/dag_crime_pipeline.py
[2026-06-07T13:02:51.254+0000] {logging_mixin.py:188} INFO - [2026-06-07T13:02:51.253+0000] {dag.py:3036} INFO - Sync 1 DAGs
[2026-06-07T13:02:51.309+0000] {processor.py:183} INFO - Processing /opt/airflow/dags/dag_crime_pipeline.py took 0.163 seconds
[2026-06-07T13:03:21.397+0000] {processor.py:161} INFO - Started process (PID=13386) to work on /opt/airflow/dags/dag_crime_pipeline.py
[2026-06-07T13:03:21.399+0000] {processor.py:830} INFO - Processing file /opt/airflow/dags/dag_crime_pipeline.py for tasks to queue
[2026-06-07T13:03:21.402+0000] {logging_mixin.py:188} INFO - [2026-06-07T13:03:21.402+0000] {dagbag.py:538} INFO - Filling up the DagBag from /opt/airflow/dags/dag_crime_pipeline.py
[2026-06-07T13:03:21.453+0000] {processor.py:840} INFO - DAG(s) 'crime_analytics_pipeline' retrieved from /opt/airflow/dags/dag_crime_pipeline.py
[2026-06-07T13:03:21.498+0000] {logging_mixin.py:188} INFO - [2026-06-07T13:03:21.498+0000] {dag.py:3036} INFO - Sync 1 DAGs
[2026-06-07T13:03:21.547+0000] {processor.py:183} INFO - Processing /opt/airflow/dags/dag_crime_pipeline.py took 0.155 seconds
[2026-06-07T13:03:51.781+0000] {processor.py:161} INFO - Started process (PID=13391) to work on /opt/airflow/dags/dag_crime_pipeline.py
[2026-06-07T13:03:51.789+0000] {processor.py:830} INFO - Processing file /opt/airflow/dags/dag_crime_pipeline.py for tasks to queue
[2026-06-07T13:03:51.793+0000] {logging_mixin.py:188} INFO - [2026-06-07T13:03:51.792+0000] {dagbag.py:538} INFO - Filling up the DagBag from /opt/airflow/dags/dag_crime_pipeline.py
[2026-06-07T13:03:51.849+0000] {processor.py:840} INFO - DAG(s) 'crime_analytics_pipeline' retrieved from /opt/airflow/dags/dag_crime_pipeline.py
[2026-06-07T13:03:51.897+0000] {logging_mixin.py:188} INFO - [2026-06-07T13:03:51.896+0000] {dag.py:3036} INFO - Sync 1 DAGs
[2026-06-07T13:03:51.964+0000] {processor.py:183} INFO - Processing /opt/airflow/dags/dag_crime_pipeline.py took 0.189 seconds
[2026-06-07T13:04:22.082+0000] {processor.py:161} INFO - Started process (PID=13396) to work on /opt/airflow/dags/dag_crime_pipeline.py
[2026-06-07T13:04:22.083+0000] {processor.py:830} INFO - Processing file /opt/airflow/dags/dag_crime_pipeline.py for tasks to queue
[2026-06-07T13:04:22.088+0000] {logging_mixin.py:188} INFO - [2026-06-07T13:04:22.087+0000] {dagbag.py:538} INFO - Filling up the DagBag from /opt/airflow/dags/dag_crime_pipeline.py
[2026-06-07T13:04:22.141+0000] {processor.py:840} INFO - DAG(s) 'crime_analytics_pipeline' retrieved from /opt/airflow/dags/dag_crime_pipeline.py
[2026-06-07T13:04:22.188+0000] {logging_mixin.py:188} INFO - [2026-06-07T13:04:22.187+0000] {dag.py:3036} INFO - Sync 1 DAGs
[2026-06-07T13:04:22.281+0000] {processor.py:183} INFO - Processing /opt/airflow/dags/dag_crime_pipeline.py took 0.207 seconds
[2026-06-07T13:04:52.585+0000] {processor.py:161} INFO - Started process (PID=13405) to work on /opt/airflow/dags/dag_crime_pipeline.py
[2026-06-07T13:04:52.587+0000] {processor.py:830} INFO - Processing file /opt/airflow/dags/dag_crime_pipeline.py for tasks to queue
[2026-06-07T13:04:52.590+0000] {logging_mixin.py:188} INFO - [2026-06-07T13:04:52.590+0000] {dagbag.py:538} INFO - Filling up the DagBag from /opt/airflow/dags/dag_crime_pipeline.py
[2026-06-07T13:04:52.634+0000] {processor.py:840} INFO - DAG(s) 'crime_analytics_pipeline' retrieved from /opt/airflow/dags/dag_crime_pipeline.py
[2026-06-07T13:04:52.671+0000] {logging_mixin.py:188} INFO - [2026-06-07T13:04:52.671+0000] {dag.py:3036} INFO - Sync 1 DAGs
[2026-06-07T13:04:52.698+0000] {logging_mixin.py:188} INFO - [2026-06-07T13:04:52.698+0000] {dag.py:3823} INFO - Setting next_dagrun for crime_analytics_pipeline to 2026-06-06 19:00:00+00:00, run_after=2026-06-13 19:00:00+00:00
[2026-06-07T13:04:52.741+0000] {processor.py:183} INFO - Processing /opt/airflow/dags/dag_crime_pipeline.py took 0.160 seconds
[2026-06-07T13:05:22.968+0000] {processor.py:161} INFO - Started process (PID=13410) to work on /opt/airflow/dags/dag_crime_pipeline.py
[2026-06-07T13:05:22.970+0000] {processor.py:830} INFO - Processing file /opt/airflow/dags/dag_crime_pipeline.py for tasks to queue
[2026-06-07T13:05:22.972+0000] {logging_mixin.py:188} INFO - [2026-06-07T13:05:22.972+0000] {dagbag.py:538} INFO - Filling up the DagBag from /opt/airflow/dags/dag_crime_pipeline.py
[2026-06-07T13:05:23.010+0000] {processor.py:840} INFO - DAG(s) 'crime_analytics_pipeline' retrieved from /opt/airflow/dags/dag_crime_pipeline.py
[2026-06-07T13:05:23.040+0000] {logging_mixin.py:188} INFO - [2026-06-07T13:05:23.039+0000] {dag.py:3036} INFO - Sync 1 DAGs
[2026-06-07T13:05:23.061+0000] {logging_mixin.py:188} INFO - [2026-06-07T13:05:23.061+0000] {dag.py:3823} INFO - Setting next_dagrun for crime_analytics_pipeline to 2026-06-06 19:00:00+00:00, run_after=2026-06-13 19:00:00+00:00
[2026-06-07T13:05:23.098+0000] {processor.py:183} INFO - Processing /opt/airflow/dags/dag_crime_pipeline.py took 0.135 seconds
[2026-06-07T13:05:53.173+0000] {processor.py:161} INFO - Started process (PID=13415) to work on /opt/airflow/dags/dag_crime_pipeline.py
[2026-06-07T13:05:53.174+0000] {processor.py:830} INFO - Processing file /opt/airflow/dags/dag_crime_pipeline.py for tasks to queue
[2026-06-07T13:05:53.178+0000] {logging_mixin.py:188} INFO - [2026-06-07T13:05:53.177+0000] {dagbag.py:538} INFO - Filling up the DagBag from /opt/airflow/dags/dag_crime_pipeline.py
[2026-06-07T13:05:53.213+0000] {processor.py:840} INFO - DAG(s) 'crime_analytics_pipeline' retrieved from /opt/airflow/dags/dag_crime_pipeline.py
[2026-06-07T13:05:53.243+0000] {logging_mixin.py:188} INFO - [2026-06-07T13:05:53.243+0000] {dag.py:3036} INFO - Sync 1 DAGs
[2026-06-07T13:05:53.266+0000] {logging_mixin.py:188} INFO - [2026-06-07T13:05:53.265+0000] {dag.py:3823} INFO - Setting next_dagrun for crime_analytics_pipeline to 2026-06-06 19:00:00+00:00, run_after=2026-06-13 19:00:00+00:00
[2026-06-07T13:05:53.303+0000] {processor.py:183} INFO - Processing /opt/airflow/dags/dag_crime_pipeline.py took 0.134 seconds
[2026-06-07T13:06:23.491+0000] {processor.py:161} INFO - Started process (PID=13420) to work on /opt/airflow/dags/dag_crime_pipeline.py
[2026-06-07T13:06:23.493+0000] {processor.py:830} INFO - Processing file /opt/airflow/dags/dag_crime_pipeline.py for tasks to queue
[2026-06-07T13:06:23.495+0000] {logging_mixin.py:188} INFO - [2026-06-07T13:06:23.495+0000] {dagbag.py:538} INFO - Filling up the DagBag from /opt/airflow/dags/dag_crime_pipeline.py
[2026-06-07T13:06:23.530+0000] {processor.py:840} INFO - DAG(s) 'crime_analytics_pipeline' retrieved from /opt/airflow/dags/dag_crime_pipeline.py
[2026-06-07T13:06:23.558+0000] {logging_mixin.py:188} INFO - [2026-06-07T13:06:23.558+0000] {dag.py:3036} INFO - Sync 1 DAGs
[2026-06-07T13:06:23.581+0000] {logging_mixin.py:188} INFO - [2026-06-07T13:06:23.580+0000] {dag.py:3823} INFO - Setting next_dagrun for crime_analytics_pipeline to 2026-06-06 19:00:00+00:00, run_after=2026-06-13 19:00:00+00:00
[2026-06-07T13:06:23.599+0000] {processor.py:183} INFO - Processing /opt/airflow/dags/dag_crime_pipeline.py took 0.111 seconds
[2026-06-07T13:06:53.705+0000] {processor.py:161} INFO - Started process (PID=13425) to work on /opt/airflow/dags/dag_crime_pipeline.py
[2026-06-07T13:06:53.706+0000] {processor.py:830} INFO - Processing file /opt/airflow/dags/dag_crime_pipeline.py for tasks to queue
[2026-06-07T13:06:53.710+0000] {logging_mixin.py:188} INFO - [2026-06-07T13:06:53.709+0000] {dagbag.py:538} INFO - Filling up the DagBag from /opt/airflow/dags/dag_crime_pipeline.py
[2026-06-07T13:06:53.750+0000] {processor.py:840} INFO - DAG(s) 'crime_analytics_pipeline' retrieved from /opt/airflow/dags/dag_crime_pipeline.py
[2026-06-07T13:06:53.783+0000] {logging_mixin.py:188} INFO - [2026-06-07T13:06:53.783+0000] {dag.py:3036} INFO - Sync 1 DAGs
[2026-06-07T13:06:53.803+0000] {logging_mixin.py:188} INFO - [2026-06-07T13:06:53.803+0000] {dag.py:3823} INFO - Setting next_dagrun for crime_analytics_pipeline to 2026-06-06 19:00:00+00:00, run_after=2026-06-13 19:00:00+00:00
[2026-06-07T13:06:53.823+0000] {processor.py:183} INFO - Processing /opt/airflow/dags/dag_crime_pipeline.py took 0.123 seconds
[2026-06-07T13:07:24.034+0000] {processor.py:161} INFO - Started process (PID=13430) to work on /opt/airflow/dags/dag_crime_pipeline.py
[2026-06-07T13:07:24.036+0000] {processor.py:830} INFO - Processing file /opt/airflow/dags/dag_crime_pipeline.py for tasks to queue
[2026-06-07T13:07:24.038+0000] {logging_mixin.py:188} INFO - [2026-06-07T13:07:24.038+0000] {dagbag.py:538} INFO - Filling up the DagBag from /opt/airflow/dags/dag_crime_pipeline.py
[2026-06-07T13:07:24.076+0000] {processor.py:840} INFO - DAG(s) 'crime_analytics_pipeline' retrieved from /opt/airflow/dags/dag_crime_pipeline.py
[2026-06-07T13:07:24.106+0000] {logging_mixin.py:188} INFO - [2026-06-07T13:07:24.106+0000] {dag.py:3036} INFO - Sync 1 DAGs
[2026-06-07T13:07:24.129+0000] {logging_mixin.py:188} INFO - [2026-06-07T13:07:24.129+0000] {dag.py:3823} INFO - Setting next_dagrun for crime_analytics_pipeline to 2026-06-06 19:00:00+00:00, run_after=2026-06-13 19:00:00+00:00
[2026-06-07T13:07:24.149+0000] {processor.py:183} INFO - Processing /opt/airflow/dags/dag_crime_pipeline.py took 0.118 seconds
[2026-06-07T13:07:54.264+0000] {processor.py:161} INFO - Started process (PID=13435) to work on /opt/airflow/dags/dag_crime_pipeline.py
[2026-06-07T13:07:54.266+0000] {processor.py:830} INFO - Processing file /opt/airflow/dags/dag_crime_pipeline.py for tasks to queue
[2026-06-07T13:07:54.269+0000] {logging_mixin.py:188} INFO - [2026-06-07T13:07:54.269+0000] {dagbag.py:538} INFO - Filling up the DagBag from /opt/airflow/dags/dag_crime_pipeline.py
[2026-06-07T13:07:54.312+0000] {processor.py:840} INFO - DAG(s) 'crime_analytics_pipeline' retrieved from /opt/airflow/dags/dag_crime_pipeline.py
[2026-06-07T13:07:54.353+0000] {logging_mixin.py:188} INFO - [2026-06-07T13:07:54.353+0000] {dag.py:3036} INFO - Sync 1 DAGs
[2026-06-07T13:07:54.382+0000] {logging_mixin.py:188} INFO - [2026-06-07T13:07:54.382+0000] {dag.py:3823} INFO - Setting next_dagrun for crime_analytics_pipeline to 2026-06-06 19:00:00+00:00, run_after=2026-06-13 19:00:00+00:00
[2026-06-07T13:07:54.428+0000] {processor.py:183} INFO - Processing /opt/airflow/dags/dag_crime_pipeline.py took 0.169 seconds
[2026-06-07T13:08:24.589+0000] {processor.py:161} INFO - Started process (PID=13440) to work on /opt/airflow/dags/dag_crime_pipeline.py
[2026-06-07T13:08:24.590+0000] {processor.py:830} INFO - Processing file /opt/airflow/dags/dag_crime_pipeline.py for tasks to queue
[2026-06-07T13:08:24.595+0000] {logging_mixin.py:188} INFO - [2026-06-07T13:08:24.594+0000] {dagbag.py:538} INFO - Filling up the DagBag from /opt/airflow/dags/dag_crime_pipeline.py
[2026-06-07T13:08:24.637+0000] {processor.py:840} INFO - DAG(s) 'crime_analytics_pipeline' retrieved from /opt/airflow/dags/dag_crime_pipeline.py
[2026-06-07T13:08:24.673+0000] {logging_mixin.py:188} INFO - [2026-06-07T13:08:24.673+0000] {dag.py:3036} INFO - Sync 1 DAGs
[2026-06-07T13:08:24.698+0000] {logging_mixin.py:188} INFO - [2026-06-07T13:08:24.697+0000] {dag.py:3823} INFO - Setting next_dagrun for crime_analytics_pipeline to 2026-06-06 19:00:00+00:00, run_after=2026-06-13 19:00:00+00:00
[2026-06-07T13:08:24.743+0000] {processor.py:183} INFO - Processing /opt/airflow/dags/dag_crime_pipeline.py took 0.159 seconds
[2026-06-07T13:08:54.854+0000] {processor.py:161} INFO - Started process (PID=13445) to work on /opt/airflow/dags/dag_crime_pipeline.py
[2026-06-07T13:08:54.856+0000] {processor.py:830} INFO - Processing file /opt/airflow/dags/dag_crime_pipeline.py for tasks to queue
[2026-06-07T13:08:54.860+0000] {logging_mixin.py:188} INFO - [2026-06-07T13:08:54.859+0000] {dagbag.py:538} INFO - Filling up the DagBag from /opt/airflow/dags/dag_crime_pipeline.py
[2026-06-07T13:08:54.902+0000] {processor.py:840} INFO - DAG(s) 'crime_analytics_pipeline' retrieved from /opt/airflow/dags/dag_crime_pipeline.py
[2026-06-07T13:08:54.937+0000] {logging_mixin.py:188} INFO - [2026-06-07T13:08:54.937+0000] {dag.py:3036} INFO - Sync 1 DAGs
[2026-06-07T13:08:54.961+0000] {logging_mixin.py:188} INFO - [2026-06-07T13:08:54.961+0000] {dag.py:3823} INFO - Setting next_dagrun for crime_analytics_pipeline to 2026-06-06 19:00:00+00:00, run_after=2026-06-13 19:00:00+00:00
[2026-06-07T13:08:55.004+0000] {processor.py:183} INFO - Processing /opt/airflow/dags/dag_crime_pipeline.py took 0.155 seconds
[2026-06-07T13:09:25.180+0000] {processor.py:161} INFO - Started process (PID=13450) to work on /opt/airflow/dags/dag_crime_pipeline.py
[2026-06-07T13:09:25.182+0000] {processor.py:830} INFO - Processing file /opt/airflow/dags/dag_crime_pipeline.py for tasks to queue
[2026-06-07T13:09:25.185+0000] {logging_mixin.py:188} INFO - [2026-06-07T13:09:25.184+0000] {dagbag.py:538} INFO - Filling up the DagBag from /opt/airflow/dags/dag_crime_pipeline.py
[2026-06-07T13:09:25.228+0000] {processor.py:840} INFO - DAG(s) 'crime_analytics_pipeline' retrieved from /opt/airflow/dags/dag_crime_pipeline.py
[2026-06-07T13:09:25.264+0000] {logging_mixin.py:188} INFO - [2026-06-07T13:09:25.263+0000] {dag.py:3036} INFO - Sync 1 DAGs
[2026-06-07T13:09:25.289+0000] {logging_mixin.py:188} INFO - [2026-06-07T13:09:25.289+0000] {dag.py:3823} INFO - Setting next_dagrun for crime_analytics_pipeline to 2026-06-06 19:00:00+00:00, run_after=2026-06-13 19:00:00+00:00
[2026-06-07T13:09:25.310+0000] {processor.py:183} INFO - Processing /opt/airflow/dags/dag_crime_pipeline.py took 0.134 seconds
[2026-06-07T13:09:55.453+0000] {processor.py:161} INFO - Started process (PID=13455) to work on /opt/airflow/dags/dag_crime_pipeline.py
[2026-06-07T13:09:55.455+0000] {processor.py:830} INFO - Processing file /opt/airflow/dags/dag_crime_pipeline.py for tasks to queue
[2026-06-07T13:09:55.459+0000] {logging_mixin.py:188} INFO - [2026-06-07T13:09:55.458+0000] {dagbag.py:538} INFO - Filling up the DagBag from /opt/airflow/dags/dag_crime_pipeline.py
[2026-06-07T13:09:55.505+0000] {processor.py:840} INFO - DAG(s) 'crime_analytics_pipeline' retrieved from /opt/airflow/dags/dag_crime_pipeline.py
[2026-06-07T13:09:55.547+0000] {logging_mixin.py:188} INFO - [2026-06-07T13:09:55.546+0000] {dag.py:3036} INFO - Sync 1 DAGs
[2026-06-07T13:09:55.570+0000] {logging_mixin.py:188} INFO - [2026-06-07T13:09:55.570+0000] {dag.py:3823} INFO - Setting next_dagrun for crime_analytics_pipeline to 2026-06-06 19:00:00+00:00, run_after=2026-06-13 19:00:00+00:00
[2026-06-07T13:09:55.591+0000] {processor.py:183} INFO - Processing /opt/airflow/dags/dag_crime_pipeline.py took 0.142 seconds
[2026-06-07T13:10:25.757+0000] {processor.py:161} INFO - Started process (PID=13460) to work on /opt/airflow/dags/dag_crime_pipeline.py
[2026-06-07T13:10:25.758+0000] {processor.py:830} INFO - Processing file /opt/airflow/dags/dag_crime_pipeline.py for tasks to queue
[2026-06-07T13:10:25.762+0000] {logging_mixin.py:188} INFO - [2026-06-07T13:10:25.761+0000] {dagbag.py:538} INFO - Filling up the DagBag from /opt/airflow/dags/dag_crime_pipeline.py
[2026-06-07T13:10:25.804+0000] {processor.py:840} INFO - DAG(s) 'crime_analytics_pipeline' retrieved from /opt/airflow/dags/dag_crime_pipeline.py
[2026-06-07T13:10:25.841+0000] {logging_mixin.py:188} INFO - [2026-06-07T13:10:25.840+0000] {dag.py:3036} INFO - Sync 1 DAGs
[2026-06-07T13:10:25.866+0000] {logging_mixin.py:188} INFO - [2026-06-07T13:10:25.866+0000] {dag.py:3823} INFO - Setting next_dagrun for crime_analytics_pipeline to 2026-06-06 19:00:00+00:00, run_after=2026-06-13 19:00:00+00:00
[2026-06-07T13:10:25.907+0000] {processor.py:183} INFO - Processing /opt/airflow/dags/dag_crime_pipeline.py took 0.156 seconds
[2026-06-07T13:10:56.008+0000] {processor.py:161} INFO - Started process (PID=13465) to work on /opt/airflow/dags/dag_crime_pipeline.py
[2026-06-07T13:10:56.010+0000] {processor.py:830} INFO - Processing file /opt/airflow/dags/dag_crime_pipeline.py for tasks to queue
[2026-06-07T13:10:56.013+0000] {logging_mixin.py:188} INFO - [2026-06-07T13:10:56.012+0000] {dagbag.py:538} INFO - Filling up the DagBag from /opt/airflow/dags/dag_crime_pipeline.py
[2026-06-07T13:10:56.052+0000] {processor.py:840} INFO - DAG(s) 'crime_analytics_pipeline' retrieved from /opt/airflow/dags/dag_crime_pipeline.py
[2026-06-07T13:10:56.085+0000] {logging_mixin.py:188} INFO - [2026-06-07T13:10:56.084+0000] {dag.py:3036} INFO - Sync 1 DAGs
[2026-06-07T13:10:56.107+0000] {logging_mixin.py:188} INFO - [2026-06-07T13:10:56.106+0000] {dag.py:3823} INFO - Setting next_dagrun for crime_analytics_pipeline to 2026-06-06 19:00:00+00:00, run_after=2026-06-13 19:00:00+00:00
[2026-06-07T13:10:56.146+0000] {processor.py:183} INFO - Processing /opt/airflow/dags/dag_crime_pipeline.py took 0.143 seconds
[2026-06-07T15:05:47.666+0000] {processor.py:161} INFO - Started process (PID=13470) to work on /opt/airflow/dags/dag_crime_pipeline.py
[2026-06-07T15:05:47.670+0000] {processor.py:830} INFO - Processing file /opt/airflow/dags/dag_crime_pipeline.py for tasks to queue
[2026-06-07T15:05:47.681+0000] {logging_mixin.py:188} INFO - [2026-06-07T15:05:47.679+0000] {dagbag.py:538} INFO - Filling up the DagBag from /opt/airflow/dags/dag_crime_pipeline.py
[2026-06-07T15:05:47.746+0000] {processor.py:840} INFO - DAG(s) 'crime_analytics_pipeline' retrieved from /opt/airflow/dags/dag_crime_pipeline.py
[2026-06-07T15:05:47.805+0000] {logging_mixin.py:188} INFO - [2026-06-07T15:05:47.805+0000] {dag.py:3036} INFO - Sync 1 DAGs
[2026-06-07T15:05:47.875+0000] {logging_mixin.py:188} INFO - [2026-06-07T15:05:47.874+0000] {dag.py:3823} INFO - Setting next_dagrun for crime_analytics_pipeline to 2026-06-06 19:00:00+00:00, run_after=2026-06-13 19:00:00+00:00
[2026-06-07T15:05:47.936+0000] {processor.py:183} INFO - Processing /opt/airflow/dags/dag_crime_pipeline.py took 0.283 seconds
[2026-06-07T15:06:18.242+0000] {processor.py:161} INFO - Started process (PID=13477) to work on /opt/airflow/dags/dag_crime_pipeline.py
[2026-06-07T15:06:18.244+0000] {processor.py:830} INFO - Processing file /opt/airflow/dags/dag_crime_pipeline.py for tasks to queue
[2026-06-07T15:06:18.250+0000] {logging_mixin.py:188} INFO - [2026-06-07T15:06:18.250+0000] {dagbag.py:538} INFO - Filling up the DagBag from /opt/airflow/dags/dag_crime_pipeline.py
[2026-06-07T15:06:18.295+0000] {processor.py:840} INFO - DAG(s) 'crime_analytics_pipeline' retrieved from /opt/airflow/dags/dag_crime_pipeline.py
[2026-06-07T15:06:18.341+0000] {logging_mixin.py:188} INFO - [2026-06-07T15:06:18.341+0000] {dag.py:3036} INFO - Sync 1 DAGs
[2026-06-07T15:06:18.368+0000] {logging_mixin.py:188} INFO - [2026-06-07T15:06:18.368+0000] {dag.py:3823} INFO - Setting next_dagrun for crime_analytics_pipeline to 2026-06-06 19:00:00+00:00, run_after=2026-06-13 19:00:00+00:00
[2026-06-07T15:06:18.391+0000] {processor.py:183} INFO - Processing /opt/airflow/dags/dag_crime_pipeline.py took 0.156 seconds
[2026-06-07T15:06:48.469+0000] {processor.py:161} INFO - Started process (PID=13482) to work on /opt/airflow/dags/dag_crime_pipeline.py
[2026-06-07T15:06:48.471+0000] {processor.py:830} INFO - Processing file /opt/airflow/dags/dag_crime_pipeline.py for tasks to queue
[2026-06-07T15:06:48.474+0000] {logging_mixin.py:188} INFO - [2026-06-07T15:06:48.473+0000] {dagbag.py:538} INFO - Filling up the DagBag from /opt/airflow/dags/dag_crime_pipeline.py
[2026-06-07T15:06:48.518+0000] {processor.py:840} INFO - DAG(s) 'crime_analytics_pipeline' retrieved from /opt/airflow/dags/dag_crime_pipeline.py
[2026-06-07T15:06:48.563+0000] {logging_mixin.py:188} INFO - [2026-06-07T15:06:48.562+0000] {dag.py:3036} INFO - Sync 1 DAGs
[2026-06-07T15:06:48.595+0000] {logging_mixin.py:188} INFO - [2026-06-07T15:06:48.595+0000] {dag.py:3823} INFO - Setting next_dagrun for crime_analytics_pipeline to 2026-06-06 19:00:00+00:00, run_after=2026-06-13 19:00:00+00:00
[2026-06-07T15:06:48.623+0000] {processor.py:183} INFO - Processing /opt/airflow/dags/dag_crime_pipeline.py took 0.159 seconds
[2026-06-07T15:07:18.870+0000] {processor.py:161} INFO - Started process (PID=13487) to work on /opt/airflow/dags/dag_crime_pipeline.py
[2026-06-07T15:07:18.871+0000] {processor.py:830} INFO - Processing file /opt/airflow/dags/dag_crime_pipeline.py for tasks to queue
[2026-06-07T15:07:18.875+0000] {logging_mixin.py:188} INFO - [2026-06-07T15:07:18.874+0000] {dagbag.py:538} INFO - Filling up the DagBag from /opt/airflow/dags/dag_crime_pipeline.py
[2026-06-07T15:07:18.916+0000] {processor.py:840} INFO - DAG(s) 'crime_analytics_pipeline' retrieved from /opt/airflow/dags/dag_crime_pipeline.py
[2026-06-07T15:07:18.954+0000] {logging_mixin.py:188} INFO - [2026-06-07T15:07:18.953+0000] {dag.py:3036} INFO - Sync 1 DAGs
[2026-06-07T15:07:18.977+0000] {logging_mixin.py:188} INFO - [2026-06-07T15:07:18.977+0000] {dag.py:3823} INFO - Setting next_dagrun for crime_analytics_pipeline to 2026-06-06 19:00:00+00:00, run_after=2026-06-13 19:00:00+00:00
[2026-06-07T15:07:19.017+0000] {processor.py:183} INFO - Processing /opt/airflow/dags/dag_crime_pipeline.py took 0.152 seconds
[2026-06-07T15:07:49.153+0000] {processor.py:161} INFO - Started process (PID=13492) to work on /opt/airflow/dags/dag_crime_pipeline.py
[2026-06-07T15:07:49.154+0000] {processor.py:830} INFO - Processing file /opt/airflow/dags/dag_crime_pipeline.py for tasks to queue
[2026-06-07T15:07:49.156+0000] {logging_mixin.py:188} INFO - [2026-06-07T15:07:49.156+0000] {dagbag.py:538} INFO - Filling up the DagBag from /opt/airflow/dags/dag_crime_pipeline.py
[2026-06-07T15:07:49.196+0000] {processor.py:840} INFO - DAG(s) 'crime_analytics_pipeline' retrieved from /opt/airflow/dags/dag_crime_pipeline.py
[2026-06-07T15:07:49.227+0000] {logging_mixin.py:188} INFO - [2026-06-07T15:07:49.227+0000] {dag.py:3036} INFO - Sync 1 DAGs
[2026-06-07T15:07:49.258+0000] {logging_mixin.py:188} INFO - [2026-06-07T15:07:49.258+0000] {dag.py:3823} INFO - Setting next_dagrun for crime_analytics_pipeline to 2026-06-06 19:00:00+00:00, run_after=2026-06-13 19:00:00+00:00
[2026-06-07T15:07:49.306+0000] {processor.py:183} INFO - Processing /opt/airflow/dags/dag_crime_pipeline.py took 0.158 seconds
[2026-06-07T15:08:19.521+0000] {processor.py:161} INFO - Started process (PID=13497) to work on /opt/airflow/dags/dag_crime_pipeline.py
[2026-06-07T15:08:19.523+0000] {processor.py:830} INFO - Processing file /opt/airflow/dags/dag_crime_pipeline.py for tasks to queue
[2026-06-07T15:08:19.526+0000] {logging_mixin.py:188} INFO - [2026-06-07T15:08:19.526+0000] {dagbag.py:538} INFO - Filling up the DagBag from /opt/airflow/dags/dag_crime_pipeline.py
[2026-06-07T15:08:19.570+0000] {processor.py:840} INFO - DAG(s) 'crime_analytics_pipeline' retrieved from /opt/airflow/dags/dag_crime_pipeline.py
[2026-06-07T15:08:19.612+0000] {logging_mixin.py:188} INFO - [2026-06-07T15:08:19.611+0000] {dag.py:3036} INFO - Sync 1 DAGs
[2026-06-07T15:08:19.644+0000] {logging_mixin.py:188} INFO - [2026-06-07T15:08:19.643+0000] {dag.py:3823} INFO - Setting next_dagrun for crime_analytics_pipeline to 2026-06-06 19:00:00+00:00, run_after=2026-06-13 19:00:00+00:00
[2026-06-07T15:08:19.689+0000] {processor.py:183} INFO - Processing /opt/airflow/dags/dag_crime_pipeline.py took 0.173 seconds
[2026-06-07T15:08:49.807+0000] {processor.py:161} INFO - Started process (PID=13502) to work on /opt/airflow/dags/dag_crime_pipeline.py
[2026-06-07T15:08:49.809+0000] {processor.py:830} INFO - Processing file /opt/airflow/dags/dag_crime_pipeline.py for tasks to queue
[2026-06-07T15:08:49.812+0000] {logging_mixin.py:188} INFO - [2026-06-07T15:08:49.811+0000] {dagbag.py:538} INFO - Filling up the DagBag from /opt/airflow/dags/dag_crime_pipeline.py
[2026-06-07T15:08:49.856+0000] {processor.py:840} INFO - DAG(s) 'crime_analytics_pipeline' retrieved from /opt/airflow/dags/dag_crime_pipeline.py
[2026-06-07T15:08:49.892+0000] {logging_mixin.py:188} INFO - [2026-06-07T15:08:49.891+0000] {dag.py:3036} INFO - Sync 1 DAGs
[2026-06-07T15:08:49.923+0000] {logging_mixin.py:188} INFO - [2026-06-07T15:08:49.923+0000] {dag.py:3823} INFO - Setting next_dagrun for crime_analytics_pipeline to 2026-06-06 19:00:00+00:00, run_after=2026-06-13 19:00:00+00:00
[2026-06-07T15:08:49.968+0000] {processor.py:183} INFO - Processing /opt/airflow/dags/dag_crime_pipeline.py took 0.166 seconds
[2026-06-07T15:09:20.210+0000] {processor.py:161} INFO - Started process (PID=13507) to work on /opt/airflow/dags/dag_crime_pipeline.py
[2026-06-07T15:09:20.212+0000] {processor.py:830} INFO - Processing file /opt/airflow/dags/dag_crime_pipeline.py for tasks to queue
[2026-06-07T15:09:20.215+0000] {logging_mixin.py:188} INFO - [2026-06-07T15:09:20.214+0000] {dagbag.py:538} INFO - Filling up the DagBag from /opt/airflow/dags/dag_crime_pipeline.py
[2026-06-07T15:09:20.264+0000] {processor.py:840} INFO - DAG(s) 'crime_analytics_pipeline' retrieved from /opt/airflow/dags/dag_crime_pipeline.py
[2026-06-07T15:09:20.328+0000] {logging_mixin.py:188} INFO - [2026-06-07T15:09:20.328+0000] {dag.py:3036} INFO - Sync 1 DAGs
[2026-06-07T15:09:20.351+0000] {logging_mixin.py:188} INFO - [2026-06-07T15:09:20.351+0000] {dag.py:3823} INFO - Setting next_dagrun for crime_analytics_pipeline to 2026-06-06 19:00:00+00:00, run_after=2026-06-13 19:00:00+00:00
[2026-06-07T15:09:20.373+0000] {processor.py:183} INFO - Processing /opt/airflow/dags/dag_crime_pipeline.py took 0.173 seconds
[2026-06-07T15:09:50.444+0000] {processor.py:161} INFO - Started process (PID=13512) to work on /opt/airflow/dags/dag_crime_pipeline.py
[2026-06-07T15:09:50.446+0000] {processor.py:830} INFO - Processing file /opt/airflow/dags/dag_crime_pipeline.py for tasks to queue
[2026-06-07T15:09:50.449+0000] {logging_mixin.py:188} INFO - [2026-06-07T15:09:50.448+0000] {dagbag.py:538} INFO - Filling up the DagBag from /opt/airflow/dags/dag_crime_pipeline.py
[2026-06-07T15:09:50.491+0000] {processor.py:840} INFO - DAG(s) 'crime_analytics_pipeline' retrieved from /opt/airflow/dags/dag_crime_pipeline.py
[2026-06-07T15:09:50.532+0000] {logging_mixin.py:188} INFO - [2026-06-07T15:09:50.532+0000] {dag.py:3036} INFO - Sync 1 DAGs
[2026-06-07T15:09:50.564+0000] {logging_mixin.py:188} INFO - [2026-06-07T15:09:50.564+0000] {dag.py:3823} INFO - Setting next_dagrun for crime_analytics_pipeline to 2026-06-06 19:00:00+00:00, run_after=2026-06-13 19:00:00+00:00
[2026-06-07T15:09:50.590+0000] {processor.py:183} INFO - Processing /opt/airflow/dags/dag_crime_pipeline.py took 0.150 seconds
[2026-06-07T15:10:20.864+0000] {processor.py:161} INFO - Started process (PID=13517) to work on /opt/airflow/dags/dag_crime_pipeline.py
[2026-06-07T15:10:20.866+0000] {processor.py:830} INFO - Processing file /opt/airflow/dags/dag_crime_pipeline.py for tasks to queue
[2026-06-07T15:10:20.869+0000] {logging_mixin.py:188} INFO - [2026-06-07T15:10:20.869+0000] {dagbag.py:538} INFO - Filling up the DagBag from /opt/airflow/dags/dag_crime_pipeline.py
[2026-06-07T15:10:20.915+0000] {processor.py:840} INFO - DAG(s) 'crime_analytics_pipeline' retrieved from /opt/airflow/dags/dag_crime_pipeline.py
[2026-06-07T15:10:20.956+0000] {logging_mixin.py:188} INFO - [2026-06-07T15:10:20.956+0000] {dag.py:3036} INFO - Sync 1 DAGs
[2026-06-07T15:10:20.987+0000] {logging_mixin.py:188} INFO - [2026-06-07T15:10:20.987+0000] {dag.py:3823} INFO - Setting next_dagrun for crime_analytics_pipeline to 2026-06-06 19:00:00+00:00, run_after=2026-06-13 19:00:00+00:00
[2026-06-07T15:10:21.018+0000] {processor.py:183} INFO - Processing /opt/airflow/dags/dag_crime_pipeline.py took 0.158 seconds
[2026-06-07T15:10:51.139+0000] {processor.py:161} INFO - Started process (PID=13522) to work on /opt/airflow/dags/dag_crime_pipeline.py
[2026-06-07T15:10:51.141+0000] {processor.py:830} INFO - Processing file /opt/airflow/dags/dag_crime_pipeline.py for tasks to queue
[2026-06-07T15:10:51.144+0000] {logging_mixin.py:188} INFO - [2026-06-07T15:10:51.143+0000] {dagbag.py:538} INFO - Filling up the DagBag from /opt/airflow/dags/dag_crime_pipeline.py
[2026-06-07T15:10:51.185+0000] {processor.py:840} INFO - DAG(s) 'crime_analytics_pipeline' retrieved from /opt/airflow/dags/dag_crime_pipeline.py
[2026-06-07T15:10:51.218+0000] {logging_mixin.py:188} INFO - [2026-06-07T15:10:51.218+0000] {dag.py:3036} INFO - Sync 1 DAGs
[2026-06-07T15:10:51.244+0000] {logging_mixin.py:188} INFO - [2026-06-07T15:10:51.243+0000] {dag.py:3823} INFO - Setting next_dagrun for crime_analytics_pipeline to 2026-06-06 19:00:00+00:00, run_after=2026-06-13 19:00:00+00:00
[2026-06-07T15:10:51.266+0000] {processor.py:183} INFO - Processing /opt/airflow/dags/dag_crime_pipeline.py took 0.130 seconds
[2026-06-07T15:11:21.478+0000] {processor.py:161} INFO - Started process (PID=13527) to work on /opt/airflow/dags/dag_crime_pipeline.py
[2026-06-07T15:11:21.480+0000] {processor.py:830} INFO - Processing file /opt/airflow/dags/dag_crime_pipeline.py for tasks to queue
[2026-06-07T15:11:21.483+0000] {logging_mixin.py:188} INFO - [2026-06-07T15:11:21.483+0000] {dagbag.py:538} INFO - Filling up the DagBag from /opt/airflow/dags/dag_crime_pipeline.py
[2026-06-07T15:11:21.525+0000] {processor.py:840} INFO - DAG(s) 'crime_analytics_pipeline' retrieved from /opt/airflow/dags/dag_crime_pipeline.py
[2026-06-07T15:11:21.562+0000] {logging_mixin.py:188} INFO - [2026-06-07T15:11:21.562+0000] {dag.py:3036} INFO - Sync 1 DAGs
[2026-06-07T15:11:21.617+0000] {logging_mixin.py:188} INFO - [2026-06-07T15:11:21.616+0000] {dag.py:3823} INFO - Setting next_dagrun for crime_analytics_pipeline to 2026-06-06 19:00:00+00:00, run_after=2026-06-13 19:00:00+00:00
[2026-06-07T15:11:21.674+0000] {processor.py:183} INFO - Processing /opt/airflow/dags/dag_crime_pipeline.py took 0.201 seconds
[2026-06-07T15:11:51.913+0000] {processor.py:161} INFO - Started process (PID=13532) to work on /opt/airflow/dags/dag_crime_pipeline.py
[2026-06-07T15:11:51.915+0000] {processor.py:830} INFO - Processing file /opt/airflow/dags/dag_crime_pipeline.py for tasks to queue
[2026-06-07T15:11:51.918+0000] {logging_mixin.py:188} INFO - [2026-06-07T15:11:51.917+0000] {dagbag.py:538} INFO - Filling up the DagBag from /opt/airflow/dags/dag_crime_pipeline.py
[2026-06-07T15:11:51.959+0000] {processor.py:840} INFO - DAG(s) 'crime_analytics_pipeline' retrieved from /opt/airflow/dags/dag_crime_pipeline.py
[2026-06-07T15:11:51.999+0000] {logging_mixin.py:188} INFO - [2026-06-07T15:11:51.999+0000] {dag.py:3036} INFO - Sync 1 DAGs
[2026-06-07T15:11:52.027+0000] {logging_mixin.py:188} INFO - [2026-06-07T15:11:52.027+0000] {dag.py:3823} INFO - Setting next_dagrun for crime_analytics_pipeline to 2026-06-06 19:00:00+00:00, run_after=2026-06-13 19:00:00+00:00
[2026-06-07T15:11:52.067+0000] {processor.py:183} INFO - Processing /opt/airflow/dags/dag_crime_pipeline.py took 0.159 seconds
[2026-06-07T15:12:22.154+0000] {processor.py:161} INFO - Started process (PID=13537) to work on /opt/airflow/dags/dag_crime_pipeline.py
[2026-06-07T15:12:22.155+0000] {processor.py:830} INFO - Processing file /opt/airflow/dags/dag_crime_pipeline.py for tasks to queue
[2026-06-07T15:12:22.158+0000] {logging_mixin.py:188} INFO - [2026-06-07T15:12:22.157+0000] {dagbag.py:538} INFO - Filling up the DagBag from /opt/airflow/dags/dag_crime_pipeline.py
[2026-06-07T15:12:22.196+0000] {processor.py:840} INFO - DAG(s) 'crime_analytics_pipeline' retrieved from /opt/airflow/dags/dag_crime_pipeline.py
[2026-06-07T15:12:22.228+0000] {logging_mixin.py:188} INFO - [2026-06-07T15:12:22.228+0000] {dag.py:3036} INFO - Sync 1 DAGs
[2026-06-07T15:12:22.256+0000] {logging_mixin.py:188} INFO - [2026-06-07T15:12:22.256+0000] {dag.py:3823} INFO - Setting next_dagrun for crime_analytics_pipeline to 2026-06-06 19:00:00+00:00, run_after=2026-06-13 19:00:00+00:00
[2026-06-07T15:12:22.281+0000] {processor.py:183} INFO - Processing /opt/airflow/dags/dag_crime_pipeline.py took 0.131 seconds
[2026-06-07T15:12:52.561+0000] {processor.py:161} INFO - Started process (PID=13542) to work on /opt/airflow/dags/dag_crime_pipeline.py
[2026-06-07T15:12:52.563+0000] {processor.py:830} INFO - Processing file /opt/airflow/dags/dag_crime_pipeline.py for tasks to queue
[2026-06-07T15:12:52.566+0000] {logging_mixin.py:188} INFO - [2026-06-07T15:12:52.566+0000] {dagbag.py:538} INFO - Filling up the DagBag from /opt/airflow/dags/dag_crime_pipeline.py
[2026-06-07T15:12:52.607+0000] {processor.py:840} INFO - DAG(s) 'crime_analytics_pipeline' retrieved from /opt/airflow/dags/dag_crime_pipeline.py
[2026-06-07T15:12:52.638+0000] {logging_mixin.py:188} INFO - [2026-06-07T15:12:52.638+0000] {dag.py:3036} INFO - Sync 1 DAGs
[2026-06-07T15:12:52.663+0000] {logging_mixin.py:188} INFO - [2026-06-07T15:12:52.662+0000] {dag.py:3823} INFO - Setting next_dagrun for crime_analytics_pipeline to 2026-06-06 19:00:00+00:00, run_after=2026-06-13 19:00:00+00:00
[2026-06-07T15:12:52.687+0000] {processor.py:183} INFO - Processing /opt/airflow/dags/dag_crime_pipeline.py took 0.130 seconds
[2026-06-07T15:13:22.802+0000] {processor.py:161} INFO - Started process (PID=13547) to work on /opt/airflow/dags/dag_crime_pipeline.py
[2026-06-07T15:13:22.804+0000] {processor.py:830} INFO - Processing file /opt/airflow/dags/dag_crime_pipeline.py for tasks to queue
[2026-06-07T15:13:22.807+0000] {logging_mixin.py:188} INFO - [2026-06-07T15:13:22.806+0000] {dagbag.py:538} INFO - Filling up the DagBag from /opt/airflow/dags/dag_crime_pipeline.py
[2026-06-07T15:13:22.848+0000] {processor.py:840} INFO - DAG(s) 'crime_analytics_pipeline' retrieved from /opt/airflow/dags/dag_crime_pipeline.py
[2026-06-07T15:13:22.887+0000] {logging_mixin.py:188} INFO - [2026-06-07T15:13:22.886+0000] {dag.py:3036} INFO - Sync 1 DAGs
[2026-06-07T15:13:22.915+0000] {logging_mixin.py:188} INFO - [2026-06-07T15:13:22.915+0000] {dag.py:3823} INFO - Setting next_dagrun for crime_analytics_pipeline to 2026-06-06 19:00:00+00:00, run_after=2026-06-13 19:00:00+00:00
[2026-06-07T15:13:22.938+0000] {processor.py:183} INFO - Processing /opt/airflow/dags/dag_crime_pipeline.py took 0.142 seconds
[2026-06-07T15:13:53.098+0000] {processor.py:161} INFO - Started process (PID=13552) to work on /opt/airflow/dags/dag_crime_pipeline.py
[2026-06-07T15:13:53.099+0000] {processor.py:830} INFO - Processing file /opt/airflow/dags/dag_crime_pipeline.py for tasks to queue
[2026-06-07T15:13:53.103+0000] {logging_mixin.py:188} INFO - [2026-06-07T15:13:53.102+0000] {dagbag.py:538} INFO - Filling up the DagBag from /opt/airflow/dags/dag_crime_pipeline.py
[2026-06-07T15:13:53.144+0000] {processor.py:840} INFO - DAG(s) 'crime_analytics_pipeline' retrieved from /opt/airflow/dags/dag_crime_pipeline.py
[2026-06-07T15:13:53.179+0000] {logging_mixin.py:188} INFO - [2026-06-07T15:13:53.178+0000] {dag.py:3036} INFO - Sync 1 DAGs
[2026-06-07T15:13:53.205+0000] {logging_mixin.py:188} INFO - [2026-06-07T15:13:53.204+0000] {dag.py:3823} INFO - Setting next_dagrun for crime_analytics_pipeline to 2026-06-06 19:00:00+00:00, run_after=2026-06-13 19:00:00+00:00
[2026-06-07T15:13:53.226+0000] {processor.py:183} INFO - Processing /opt/airflow/dags/dag_crime_pipeline.py took 0.133 seconds
[2026-06-07T15:14:23.383+0000] {processor.py:161} INFO - Started process (PID=13557) to work on /opt/airflow/dags/dag_crime_pipeline.py
[2026-06-07T15:14:23.385+0000] {processor.py:830} INFO - Processing file /opt/airflow/dags/dag_crime_pipeline.py for tasks to queue
[2026-06-07T15:14:23.388+0000] {logging_mixin.py:188} INFO - [2026-06-07T15:14:23.388+0000] {dagbag.py:538} INFO - Filling up the DagBag from /opt/airflow/dags/dag_crime_pipeline.py
[2026-06-07T15:14:23.430+0000] {processor.py:840} INFO - DAG(s) 'crime_analytics_pipeline' retrieved from /opt/airflow/dags/dag_crime_pipeline.py
[2026-06-07T15:14:23.469+0000] {logging_mixin.py:188} INFO - [2026-06-07T15:14:23.468+0000] {dag.py:3036} INFO - Sync 1 DAGs
[2026-06-07T15:14:23.497+0000] {logging_mixin.py:188} INFO - [2026-06-07T15:14:23.496+0000] {dag.py:3823} INFO - Setting next_dagrun for crime_analytics_pipeline to 2026-06-06 19:00:00+00:00, run_after=2026-06-13 19:00:00+00:00
[2026-06-07T15:14:23.522+0000] {processor.py:183} INFO - Processing /opt/airflow/dags/dag_crime_pipeline.py took 0.144 seconds
[2026-06-07T15:14:53.734+0000] {processor.py:161} INFO - Started process (PID=13562) to work on /opt/airflow/dags/dag_crime_pipeline.py
[2026-06-07T15:14:53.736+0000] {processor.py:830} INFO - Processing file /opt/airflow/dags/dag_crime_pipeline.py for tasks to queue
[2026-06-07T15:14:53.738+0000] {logging_mixin.py:188} INFO - [2026-06-07T15:14:53.738+0000] {dagbag.py:538} INFO - Filling up the DagBag from /opt/airflow/dags/dag_crime_pipeline.py
[2026-06-07T15:14:53.782+0000] {processor.py:840} INFO - DAG(s) 'crime_analytics_pipeline' retrieved from /opt/airflow/dags/dag_crime_pipeline.py
[2026-06-07T15:14:53.824+0000] {logging_mixin.py:188} INFO - [2026-06-07T15:14:53.824+0000] {dag.py:3036} INFO - Sync 1 DAGs
[2026-06-07T15:14:53.853+0000] {logging_mixin.py:188} INFO - [2026-06-07T15:14:53.853+0000] {dag.py:3823} INFO - Setting next_dagrun for crime_analytics_pipeline to 2026-06-06 19:00:00+00:00, run_after=2026-06-13 19:00:00+00:00
[2026-06-07T15:14:53.877+0000] {processor.py:183} INFO - Processing /opt/airflow/dags/dag_crime_pipeline.py took 0.147 seconds
[2026-06-07T15:15:23.967+0000] {processor.py:161} INFO - Started process (PID=13567) to work on /opt/airflow/dags/dag_crime_pipeline.py
[2026-06-07T15:15:23.968+0000] {processor.py:830} INFO - Processing file /opt/airflow/dags/dag_crime_pipeline.py for tasks to queue
[2026-06-07T15:15:23.971+0000] {logging_mixin.py:188} INFO - [2026-06-07T15:15:23.971+0000] {dagbag.py:538} INFO - Filling up the DagBag from /opt/airflow/dags/dag_crime_pipeline.py
[2026-06-07T15:15:24.013+0000] {processor.py:840} INFO - DAG(s) 'crime_analytics_pipeline' retrieved from /opt/airflow/dags/dag_crime_pipeline.py
[2026-06-07T15:15:24.049+0000] {logging_mixin.py:188} INFO - [2026-06-07T15:15:24.048+0000] {dag.py:3036} INFO - Sync 1 DAGs
[2026-06-07T15:15:24.074+0000] {logging_mixin.py:188} INFO - [2026-06-07T15:15:24.074+0000] {dag.py:3823} INFO - Setting next_dagrun for crime_analytics_pipeline to 2026-06-06 19:00:00+00:00, run_after=2026-06-13 19:00:00+00:00
[2026-06-07T15:15:24.095+0000] {processor.py:183} INFO - Processing /opt/airflow/dags/dag_crime_pipeline.py took 0.134 seconds
[2026-06-07T15:15:54.403+0000] {processor.py:161} INFO - Started process (PID=13572) to work on /opt/airflow/dags/dag_crime_pipeline.py
[2026-06-07T15:15:54.405+0000] {processor.py:830} INFO - Processing file /opt/airflow/dags/dag_crime_pipeline.py for tasks to queue
[2026-06-07T15:15:54.408+0000] {logging_mixin.py:188} INFO - [2026-06-07T15:15:54.407+0000] {dagbag.py:538} INFO - Filling up the DagBag from /opt/airflow/dags/dag_crime_pipeline.py
[2026-06-07T15:15:54.450+0000] {processor.py:840} INFO - DAG(s) 'crime_analytics_pipeline' retrieved from /opt/airflow/dags/dag_crime_pipeline.py
[2026-06-07T15:15:54.487+0000] {logging_mixin.py:188} INFO - [2026-06-07T15:15:54.487+0000] {dag.py:3036} INFO - Sync 1 DAGs
[2026-06-07T15:15:54.515+0000] {logging_mixin.py:188} INFO - [2026-06-07T15:15:54.515+0000] {dag.py:3823} INFO - Setting next_dagrun for crime_analytics_pipeline to 2026-06-06 19:00:00+00:00, run_after=2026-06-13 19:00:00+00:00
[2026-06-07T15:15:54.556+0000] {processor.py:183} INFO - Processing /opt/airflow/dags/dag_crime_pipeline.py took 0.157 seconds
[2026-06-07T15:16:24.662+0000] {processor.py:161} INFO - Started process (PID=13577) to work on /opt/airflow/dags/dag_crime_pipeline.py
[2026-06-07T15:16:24.664+0000] {processor.py:830} INFO - Processing file /opt/airflow/dags/dag_crime_pipeline.py for tasks to queue
[2026-06-07T15:16:24.666+0000] {logging_mixin.py:188} INFO - [2026-06-07T15:16:24.666+0000] {dagbag.py:538} INFO - Filling up the DagBag from /opt/airflow/dags/dag_crime_pipeline.py
[2026-06-07T15:16:24.711+0000] {processor.py:840} INFO - DAG(s) 'crime_analytics_pipeline' retrieved from /opt/airflow/dags/dag_crime_pipeline.py
[2026-06-07T15:16:24.755+0000] {logging_mixin.py:188} INFO - [2026-06-07T15:16:24.754+0000] {dag.py:3036} INFO - Sync 1 DAGs
[2026-06-07T15:16:24.784+0000] {logging_mixin.py:188} INFO - [2026-06-07T15:16:24.784+0000] {dag.py:3823} INFO - Setting next_dagrun for crime_analytics_pipeline to 2026-06-06 19:00:00+00:00, run_after=2026-06-13 19:00:00+00:00
[2026-06-07T15:16:24.812+0000] {processor.py:183} INFO - Processing /opt/airflow/dags/dag_crime_pipeline.py took 0.155 seconds
[2026-06-07T15:16:55.054+0000] {processor.py:161} INFO - Started process (PID=13582) to work on /opt/airflow/dags/dag_crime_pipeline.py
[2026-06-07T15:16:55.055+0000] {processor.py:830} INFO - Processing file /opt/airflow/dags/dag_crime_pipeline.py for tasks to queue
[2026-06-07T15:16:55.058+0000] {logging_mixin.py:188} INFO - [2026-06-07T15:16:55.058+0000] {dagbag.py:538} INFO - Filling up the DagBag from /opt/airflow/dags/dag_crime_pipeline.py
[2026-06-07T15:16:55.093+0000] {processor.py:840} INFO - DAG(s) 'crime_analytics_pipeline' retrieved from /opt/airflow/dags/dag_crime_pipeline.py
[2026-06-07T15:16:55.128+0000] {logging_mixin.py:188} INFO - [2026-06-07T15:16:55.128+0000] {dag.py:3036} INFO - Sync 1 DAGs
[2026-06-07T15:16:55.155+0000] {logging_mixin.py:188} INFO - [2026-06-07T15:16:55.155+0000] {dag.py:3823} INFO - Setting next_dagrun for crime_analytics_pipeline to 2026-06-06 19:00:00+00:00, run_after=2026-06-13 19:00:00+00:00
[2026-06-07T15:16:55.181+0000] {processor.py:183} INFO - Processing /opt/airflow/dags/dag_crime_pipeline.py took 0.131 seconds
[2026-06-07T15:17:25.291+0000] {processor.py:161} INFO - Started process (PID=13587) to work on /opt/airflow/dags/dag_crime_pipeline.py
[2026-06-07T15:17:25.292+0000] {processor.py:830} INFO - Processing file /opt/airflow/dags/dag_crime_pipeline.py for tasks to queue
[2026-06-07T15:17:25.297+0000] {logging_mixin.py:188} INFO - [2026-06-07T15:17:25.297+0000] {dagbag.py:538} INFO - Filling up the DagBag from /opt/airflow/dags/dag_crime_pipeline.py
[2026-06-07T15:17:25.342+0000] {processor.py:840} INFO - DAG(s) 'crime_analytics_pipeline' retrieved from /opt/airflow/dags/dag_crime_pipeline.py
[2026-06-07T15:17:25.375+0000] {logging_mixin.py:188} INFO - [2026-06-07T15:17:25.374+0000] {dag.py:3036} INFO - Sync 1 DAGs
[2026-06-07T15:17:25.406+0000] {logging_mixin.py:188} INFO - [2026-06-07T15:17:25.406+0000] {dag.py:3823} INFO - Setting next_dagrun for crime_analytics_pipeline to 2026-06-06 19:00:00+00:00, run_after=2026-06-13 19:00:00+00:00
[2026-06-07T15:17:25.434+0000] {processor.py:183} INFO - Processing /opt/airflow/dags/dag_crime_pipeline.py took 0.149 seconds
[2026-06-07T15:17:55.643+0000] {processor.py:161} INFO - Started process (PID=13592) to work on /opt/airflow/dags/dag_crime_pipeline.py
[2026-06-07T15:17:55.645+0000] {processor.py:830} INFO - Processing file /opt/airflow/dags/dag_crime_pipeline.py for tasks to queue
[2026-06-07T15:17:55.647+0000] {logging_mixin.py:188} INFO - [2026-06-07T15:17:55.647+0000] {dagbag.py:538} INFO - Filling up the DagBag from /opt/airflow/dags/dag_crime_pipeline.py
[2026-06-07T15:17:55.691+0000] {processor.py:840} INFO - DAG(s) 'crime_analytics_pipeline' retrieved from /opt/airflow/dags/dag_crime_pipeline.py
[2026-06-07T15:17:55.729+0000] {logging_mixin.py:188} INFO - [2026-06-07T15:17:55.728+0000] {dag.py:3036} INFO - Sync 1 DAGs
[2026-06-07T15:17:55.758+0000] {logging_mixin.py:188} INFO - [2026-06-07T15:17:55.757+0000] {dag.py:3823} INFO - Setting next_dagrun for crime_analytics_pipeline to 2026-06-06 19:00:00+00:00, run_after=2026-06-13 19:00:00+00:00
[2026-06-07T15:17:55.780+0000] {processor.py:183} INFO - Processing /opt/airflow/dags/dag_crime_pipeline.py took 0.141 seconds
[2026-06-07T15:18:25.907+0000] {processor.py:161} INFO - Started process (PID=13597) to work on /opt/airflow/dags/dag_crime_pipeline.py
[2026-06-07T15:18:25.909+0000] {processor.py:830} INFO - Processing file /opt/airflow/dags/dag_crime_pipeline.py for tasks to queue
[2026-06-07T15:18:25.913+0000] {logging_mixin.py:188} INFO - [2026-06-07T15:18:25.912+0000] {dagbag.py:538} INFO - Filling up the DagBag from /opt/airflow/dags/dag_crime_pipeline.py
[2026-06-07T15:18:25.962+0000] {processor.py:840} INFO - DAG(s) 'crime_analytics_pipeline' retrieved from /opt/airflow/dags/dag_crime_pipeline.py
[2026-06-07T15:18:26.006+0000] {logging_mixin.py:188} INFO - [2026-06-07T15:18:26.006+0000] {dag.py:3036} INFO - Sync 1 DAGs
[2026-06-07T15:18:26.035+0000] {logging_mixin.py:188} INFO - [2026-06-07T15:18:26.035+0000] {dag.py:3823} INFO - Setting next_dagrun for crime_analytics_pipeline to 2026-06-06 19:00:00+00:00, run_after=2026-06-13 19:00:00+00:00
[2026-06-07T15:18:26.057+0000] {processor.py:183} INFO - Processing /opt/airflow/dags/dag_crime_pipeline.py took 0.156 seconds
[2026-06-07T15:18:56.277+0000] {processor.py:161} INFO - Started process (PID=13602) to work on /opt/airflow/dags/dag_crime_pipeline.py
[2026-06-07T15:18:56.278+0000] {processor.py:830} INFO - Processing file /opt/airflow/dags/dag_crime_pipeline.py for tasks to queue
[2026-06-07T15:18:56.281+0000] {logging_mixin.py:188} INFO - [2026-06-07T15:18:56.281+0000] {dagbag.py:538} INFO - Filling up the DagBag from /opt/airflow/dags/dag_crime_pipeline.py
[2026-06-07T15:18:56.325+0000] {processor.py:840} INFO - DAG(s) 'crime_analytics_pipeline' retrieved from /opt/airflow/dags/dag_crime_pipeline.py
[2026-06-07T15:18:56.369+0000] {logging_mixin.py:188} INFO - [2026-06-07T15:18:56.368+0000] {dag.py:3036} INFO - Sync 1 DAGs
[2026-06-07T15:18:56.397+0000] {logging_mixin.py:188} INFO - [2026-06-07T15:18:56.397+0000] {dag.py:3823} INFO - Setting next_dagrun for crime_analytics_pipeline to 2026-06-06 19:00:00+00:00, run_after=2026-06-13 19:00:00+00:00
[2026-06-07T15:18:56.420+0000] {processor.py:183} INFO - Processing /opt/airflow/dags/dag_crime_pipeline.py took 0.147 seconds
[2026-06-07T15:19:26.537+0000] {processor.py:161} INFO - Started process (PID=13607) to work on /opt/airflow/dags/dag_crime_pipeline.py
[2026-06-07T15:19:26.539+0000] {processor.py:830} INFO - Processing file /opt/airflow/dags/dag_crime_pipeline.py for tasks to queue
[2026-06-07T15:19:26.544+0000] {logging_mixin.py:188} INFO - [2026-06-07T15:19:26.543+0000] {dagbag.py:538} INFO - Filling up the DagBag from /opt/airflow/dags/dag_crime_pipeline.py
[2026-06-07T15:19:26.589+0000] {processor.py:840} INFO - DAG(s) 'crime_analytics_pipeline' retrieved from /opt/airflow/dags/dag_crime_pipeline.py
[2026-06-07T15:19:26.630+0000] {logging_mixin.py:188} INFO - [2026-06-07T15:19:26.630+0000] {dag.py:3036} INFO - Sync 1 DAGs
[2026-06-07T15:19:26.658+0000] {logging_mixin.py:188} INFO - [2026-06-07T15:19:26.658+0000] {dag.py:3823} INFO - Setting next_dagrun for crime_analytics_pipeline to 2026-06-06 19:00:00+00:00, run_after=2026-06-13 19:00:00+00:00
[2026-06-07T15:19:26.682+0000] {processor.py:183} INFO - Processing /opt/airflow/dags/dag_crime_pipeline.py took 0.149 seconds
[2026-06-07T15:19:56.896+0000] {processor.py:161} INFO - Started process (PID=13612) to work on /opt/airflow/dags/dag_crime_pipeline.py
[2026-06-07T15:19:56.898+0000] {processor.py:830} INFO - Processing file /opt/airflow/dags/dag_crime_pipeline.py for tasks to queue
[2026-06-07T15:19:56.901+0000] {logging_mixin.py:188} INFO - [2026-06-07T15:19:56.901+0000] {dagbag.py:538} INFO - Filling up the DagBag from /opt/airflow/dags/dag_crime_pipeline.py
[2026-06-07T15:19:56.944+0000] {processor.py:840} INFO - DAG(s) 'crime_analytics_pipeline' retrieved from /opt/airflow/dags/dag_crime_pipeline.py
[2026-06-07T15:19:56.984+0000] {logging_mixin.py:188} INFO - [2026-06-07T15:19:56.984+0000] {dag.py:3036} INFO - Sync 1 DAGs
[2026-06-07T15:19:57.013+0000] {logging_mixin.py:188} INFO - [2026-06-07T15:19:57.013+0000] {dag.py:3823} INFO - Setting next_dagrun for crime_analytics_pipeline to 2026-06-06 19:00:00+00:00, run_after=2026-06-13 19:00:00+00:00
[2026-06-07T15:19:57.056+0000] {processor.py:183} INFO - Processing /opt/airflow/dags/dag_crime_pipeline.py took 0.165 seconds
[2026-06-07T15:20:27.184+0000] {processor.py:161} INFO - Started process (PID=13617) to work on /opt/airflow/dags/dag_crime_pipeline.py
[2026-06-07T15:20:27.185+0000] {processor.py:830} INFO - Processing file /opt/airflow/dags/dag_crime_pipeline.py for tasks to queue
[2026-06-07T15:20:27.188+0000] {logging_mixin.py:188} INFO - [2026-06-07T15:20:27.187+0000] {dagbag.py:538} INFO - Filling up the DagBag from /opt/airflow/dags/dag_crime_pipeline.py
[2026-06-07T15:20:27.225+0000] {processor.py:840} INFO - DAG(s) 'crime_analytics_pipeline' retrieved from /opt/airflow/dags/dag_crime_pipeline.py
[2026-06-07T15:20:27.260+0000] {logging_mixin.py:188} INFO - [2026-06-07T15:20:27.260+0000] {dag.py:3036} INFO - Sync 1 DAGs
[2026-06-07T15:20:27.288+0000] {logging_mixin.py:188} INFO - [2026-06-07T15:20:27.288+0000] {dag.py:3823} INFO - Setting next_dagrun for crime_analytics_pipeline to 2026-06-06 19:00:00+00:00, run_after=2026-06-13 19:00:00+00:00
[2026-06-07T15:20:27.332+0000] {processor.py:183} INFO - Processing /opt/airflow/dags/dag_crime_pipeline.py took 0.152 seconds
[2026-06-07T15:20:57.587+0000] {processor.py:161} INFO - Started process (PID=13622) to work on /opt/airflow/dags/dag_crime_pipeline.py
[2026-06-07T15:20:57.588+0000] {processor.py:830} INFO - Processing file /opt/airflow/dags/dag_crime_pipeline.py for tasks to queue
[2026-06-07T15:20:57.592+0000] {logging_mixin.py:188} INFO - [2026-06-07T15:20:57.591+0000] {dagbag.py:538} INFO - Filling up the DagBag from /opt/airflow/dags/dag_crime_pipeline.py
[2026-06-07T15:20:57.641+0000] {processor.py:840} INFO - DAG(s) 'crime_analytics_pipeline' retrieved from /opt/airflow/dags/dag_crime_pipeline.py
[2026-06-07T15:20:57.685+0000] {logging_mixin.py:188} INFO - [2026-06-07T15:20:57.684+0000] {dag.py:3036} INFO - Sync 1 DAGs
[2026-06-07T15:20:57.728+0000] {logging_mixin.py:188} INFO - [2026-06-07T15:20:57.726+0000] {dag.py:3823} INFO - Setting next_dagrun for crime_analytics_pipeline to 2026-06-06 19:00:00+00:00, run_after=2026-06-13 19:00:00+00:00
[2026-06-07T15:20:57.773+0000] {processor.py:183} INFO - Processing /opt/airflow/dags/dag_crime_pipeline.py took 0.191 seconds
[2026-06-07T15:21:28.038+0000] {processor.py:161} INFO - Started process (PID=13627) to work on /opt/airflow/dags/dag_crime_pipeline.py
[2026-06-07T15:21:28.040+0000] {processor.py:830} INFO - Processing file /opt/airflow/dags/dag_crime_pipeline.py for tasks to queue
[2026-06-07T15:21:28.043+0000] {logging_mixin.py:188} INFO - [2026-06-07T15:21:28.042+0000] {dagbag.py:538} INFO - Filling up the DagBag from /opt/airflow/dags/dag_crime_pipeline.py
[2026-06-07T15:21:28.079+0000] {processor.py:840} INFO - DAG(s) 'crime_analytics_pipeline' retrieved from /opt/airflow/dags/dag_crime_pipeline.py
[2026-06-07T15:21:28.112+0000] {logging_mixin.py:188} INFO - [2026-06-07T15:21:28.112+0000] {dag.py:3036} INFO - Sync 1 DAGs
[2026-06-07T15:21:28.139+0000] {logging_mixin.py:188} INFO - [2026-06-07T15:21:28.139+0000] {dag.py:3823} INFO - Setting next_dagrun for crime_analytics_pipeline to 2026-06-06 19:00:00+00:00, run_after=2026-06-13 19:00:00+00:00
[2026-06-07T15:21:28.160+0000] {processor.py:183} INFO - Processing /opt/airflow/dags/dag_crime_pipeline.py took 0.127 seconds
[2026-06-07T15:21:58.292+0000] {processor.py:161} INFO - Started process (PID=13632) to work on /opt/airflow/dags/dag_crime_pipeline.py
[2026-06-07T15:21:58.295+0000] {processor.py:830} INFO - Processing file /opt/airflow/dags/dag_crime_pipeline.py for tasks to queue
[2026-06-07T15:21:58.298+0000] {logging_mixin.py:188} INFO - [2026-06-07T15:21:58.297+0000] {dagbag.py:538} INFO - Filling up the DagBag from /opt/airflow/dags/dag_crime_pipeline.py
[2026-06-07T15:21:58.345+0000] {processor.py:840} INFO - DAG(s) 'crime_analytics_pipeline' retrieved from /opt/airflow/dags/dag_crime_pipeline.py
[2026-06-07T15:21:58.385+0000] {logging_mixin.py:188} INFO - [2026-06-07T15:21:58.385+0000] {dag.py:3036} INFO - Sync 1 DAGs
[2026-06-07T15:21:58.413+0000] {logging_mixin.py:188} INFO - [2026-06-07T15:21:58.413+0000] {dag.py:3823} INFO - Setting next_dagrun for crime_analytics_pipeline to 2026-06-06 19:00:00+00:00, run_after=2026-06-13 19:00:00+00:00
[2026-06-07T15:21:58.435+0000] {processor.py:183} INFO - Processing /opt/airflow/dags/dag_crime_pipeline.py took 0.148 seconds
[2026-06-07T15:22:28.670+0000] {processor.py:161} INFO - Started process (PID=13637) to work on /opt/airflow/dags/dag_crime_pipeline.py
[2026-06-07T15:22:28.671+0000] {processor.py:830} INFO - Processing file /opt/airflow/dags/dag_crime_pipeline.py for tasks to queue
[2026-06-07T15:22:28.675+0000] {logging_mixin.py:188} INFO - [2026-06-07T15:22:28.674+0000] {dagbag.py:538} INFO - Filling up the DagBag from /opt/airflow/dags/dag_crime_pipeline.py
[2026-06-07T15:22:28.719+0000] {processor.py:840} INFO - DAG(s) 'crime_analytics_pipeline' retrieved from /opt/airflow/dags/dag_crime_pipeline.py
[2026-06-07T15:22:28.762+0000] {logging_mixin.py:188} INFO - [2026-06-07T15:22:28.761+0000] {dag.py:3036} INFO - Sync 1 DAGs
[2026-06-07T15:22:28.792+0000] {logging_mixin.py:188} INFO - [2026-06-07T15:22:28.792+0000] {dag.py:3823} INFO - Setting next_dagrun for crime_analytics_pipeline to 2026-06-06 19:00:00+00:00, run_after=2026-06-13 19:00:00+00:00
[2026-06-07T15:22:28.819+0000] {processor.py:183} INFO - Processing /opt/airflow/dags/dag_crime_pipeline.py took 0.153 seconds
[2026-06-07T15:22:58.917+0000] {processor.py:161} INFO - Started process (PID=13642) to work on /opt/airflow/dags/dag_crime_pipeline.py
[2026-06-07T15:22:58.919+0000] {processor.py:830} INFO - Processing file /opt/airflow/dags/dag_crime_pipeline.py for tasks to queue
[2026-06-07T15:22:58.922+0000] {logging_mixin.py:188} INFO - [2026-06-07T15:22:58.921+0000] {dagbag.py:538} INFO - Filling up the DagBag from /opt/airflow/dags/dag_crime_pipeline.py
[2026-06-07T15:22:58.964+0000] {processor.py:840} INFO - DAG(s) 'crime_analytics_pipeline' retrieved from /opt/airflow/dags/dag_crime_pipeline.py
[2026-06-07T15:22:59.009+0000] {logging_mixin.py:188} INFO - [2026-06-07T15:22:59.009+0000] {dag.py:3036} INFO - Sync 1 DAGs
[2026-06-07T15:22:59.042+0000] {logging_mixin.py:188} INFO - [2026-06-07T15:22:59.041+0000] {dag.py:3823} INFO - Setting next_dagrun for crime_analytics_pipeline to 2026-06-06 19:00:00+00:00, run_after=2026-06-13 19:00:00+00:00
[2026-06-07T15:22:59.067+0000] {processor.py:183} INFO - Processing /opt/airflow/dags/dag_crime_pipeline.py took 0.154 seconds
[2026-06-07T15:23:29.280+0000] {processor.py:161} INFO - Started process (PID=13647) to work on /opt/airflow/dags/dag_crime_pipeline.py
[2026-06-07T15:23:29.282+0000] {processor.py:830} INFO - Processing file /opt/airflow/dags/dag_crime_pipeline.py for tasks to queue
[2026-06-07T15:23:29.285+0000] {logging_mixin.py:188} INFO - [2026-06-07T15:23:29.285+0000] {dagbag.py:538} INFO - Filling up the DagBag from /opt/airflow/dags/dag_crime_pipeline.py
[2026-06-07T15:23:29.330+0000] {processor.py:840} INFO - DAG(s) 'crime_analytics_pipeline' retrieved from /opt/airflow/dags/dag_crime_pipeline.py
[2026-06-07T15:23:29.375+0000] {logging_mixin.py:188} INFO - [2026-06-07T15:23:29.374+0000] {dag.py:3036} INFO - Sync 1 DAGs
[2026-06-07T15:23:29.405+0000] {logging_mixin.py:188} INFO - [2026-06-07T15:23:29.405+0000] {dag.py:3823} INFO - Setting next_dagrun for crime_analytics_pipeline to 2026-06-06 19:00:00+00:00, run_after=2026-06-13 19:00:00+00:00
[2026-06-07T15:23:29.430+0000] {processor.py:183} INFO - Processing /opt/airflow/dags/dag_crime_pipeline.py took 0.156 seconds
[2026-06-07T15:23:59.570+0000] {processor.py:161} INFO - Started process (PID=13652) to work on /opt/airflow/dags/dag_crime_pipeline.py
[2026-06-07T15:23:59.572+0000] {processor.py:830} INFO - Processing file /opt/airflow/dags/dag_crime_pipeline.py for tasks to queue
[2026-06-07T15:23:59.576+0000] {logging_mixin.py:188} INFO - [2026-06-07T15:23:59.575+0000] {dagbag.py:538} INFO - Filling up the DagBag from /opt/airflow/dags/dag_crime_pipeline.py
[2026-06-07T15:23:59.622+0000] {processor.py:840} INFO - DAG(s) 'crime_analytics_pipeline' retrieved from /opt/airflow/dags/dag_crime_pipeline.py
[2026-06-07T15:23:59.656+0000] {logging_mixin.py:188} INFO - [2026-06-07T15:23:59.655+0000] {dag.py:3036} INFO - Sync 1 DAGs
[2026-06-07T15:23:59.686+0000] {logging_mixin.py:188} INFO - [2026-06-07T15:23:59.686+0000] {dag.py:3823} INFO - Setting next_dagrun for crime_analytics_pipeline to 2026-06-06 19:00:00+00:00, run_after=2026-06-13 19:00:00+00:00
[2026-06-07T15:23:59.711+0000] {processor.py:183} INFO - Processing /opt/airflow/dags/dag_crime_pipeline.py took 0.147 seconds
[2026-06-07T15:24:30.001+0000] {processor.py:161} INFO - Started process (PID=13657) to work on /opt/airflow/dags/dag_crime_pipeline.py
[2026-06-07T15:24:30.003+0000] {processor.py:830} INFO - Processing file /opt/airflow/dags/dag_crime_pipeline.py for tasks to queue
[2026-06-07T15:24:30.016+0000] {logging_mixin.py:188} INFO - [2026-06-07T15:24:30.015+0000] {dagbag.py:538} INFO - Filling up the DagBag from /opt/airflow/dags/dag_crime_pipeline.py
[2026-06-07T15:24:30.061+0000] {processor.py:840} INFO - DAG(s) 'crime_analytics_pipeline' retrieved from /opt/airflow/dags/dag_crime_pipeline.py
[2026-06-07T15:24:30.096+0000] {logging_mixin.py:188} INFO - [2026-06-07T15:24:30.096+0000] {dag.py:3036} INFO - Sync 1 DAGs
[2026-06-07T15:24:30.122+0000] {logging_mixin.py:188} INFO - [2026-06-07T15:24:30.121+0000] {dag.py:3823} INFO - Setting next_dagrun for crime_analytics_pipeline to 2026-06-06 19:00:00+00:00, run_after=2026-06-13 19:00:00+00:00
[2026-06-07T15:24:30.144+0000] {processor.py:183} INFO - Processing /opt/airflow/dags/dag_crime_pipeline.py took 0.148 seconds
[2026-06-07T15:25:00.272+0000] {processor.py:161} INFO - Started process (PID=13662) to work on /opt/airflow/dags/dag_crime_pipeline.py
[2026-06-07T15:25:00.274+0000] {processor.py:830} INFO - Processing file /opt/airflow/dags/dag_crime_pipeline.py for tasks to queue
[2026-06-07T15:25:00.277+0000] {logging_mixin.py:188} INFO - [2026-06-07T15:25:00.276+0000] {dagbag.py:538} INFO - Filling up the DagBag from /opt/airflow/dags/dag_crime_pipeline.py
[2026-06-07T15:25:00.324+0000] {processor.py:840} INFO - DAG(s) 'crime_analytics_pipeline' retrieved from /opt/airflow/dags/dag_crime_pipeline.py
[2026-06-07T15:25:00.371+0000] {logging_mixin.py:188} INFO - [2026-06-07T15:25:00.370+0000] {dag.py:3036} INFO - Sync 1 DAGs
[2026-06-07T15:25:00.400+0000] {logging_mixin.py:188} INFO - [2026-06-07T15:25:00.400+0000] {dag.py:3823} INFO - Setting next_dagrun for crime_analytics_pipeline to 2026-06-06 19:00:00+00:00, run_after=2026-06-13 19:00:00+00:00
[2026-06-07T15:25:00.444+0000] {processor.py:183} INFO - Processing /opt/airflow/dags/dag_crime_pipeline.py took 0.177 seconds
[2026-06-07T15:25:30.706+0000] {processor.py:161} INFO - Started process (PID=13667) to work on /opt/airflow/dags/dag_crime_pipeline.py
[2026-06-07T15:25:30.708+0000] {processor.py:830} INFO - Processing file /opt/airflow/dags/dag_crime_pipeline.py for tasks to queue
[2026-06-07T15:25:30.710+0000] {logging_mixin.py:188} INFO - [2026-06-07T15:25:30.710+0000] {dagbag.py:538} INFO - Filling up the DagBag from /opt/airflow/dags/dag_crime_pipeline.py
[2026-06-07T15:25:30.762+0000] {processor.py:840} INFO - DAG(s) 'crime_analytics_pipeline' retrieved from /opt/airflow/dags/dag_crime_pipeline.py
[2026-06-07T15:25:30.803+0000] {logging_mixin.py:188} INFO - [2026-06-07T15:25:30.802+0000] {dag.py:3036} INFO - Sync 1 DAGs
[2026-06-07T15:25:30.833+0000] {logging_mixin.py:188} INFO - [2026-06-07T15:25:30.832+0000] {dag.py:3823} INFO - Setting next_dagrun for crime_analytics_pipeline to 2026-06-06 19:00:00+00:00, run_after=2026-06-13 19:00:00+00:00
[2026-06-07T15:25:30.859+0000] {processor.py:183} INFO - Processing /opt/airflow/dags/dag_crime_pipeline.py took 0.158 seconds
[2026-06-07T15:26:01.061+0000] {processor.py:161} INFO - Started process (PID=13672) to work on /opt/airflow/dags/dag_crime_pipeline.py
[2026-06-07T15:26:01.063+0000] {processor.py:830} INFO - Processing file /opt/airflow/dags/dag_crime_pipeline.py for tasks to queue
[2026-06-07T15:26:01.065+0000] {logging_mixin.py:188} INFO - [2026-06-07T15:26:01.065+0000] {dagbag.py:538} INFO - Filling up the DagBag from /opt/airflow/dags/dag_crime_pipeline.py
[2026-06-07T15:26:01.102+0000] {processor.py:840} INFO - DAG(s) 'crime_analytics_pipeline' retrieved from /opt/airflow/dags/dag_crime_pipeline.py
[2026-06-07T15:26:01.147+0000] {logging_mixin.py:188} INFO - [2026-06-07T15:26:01.146+0000] {dag.py:3036} INFO - Sync 1 DAGs
[2026-06-07T15:26:01.177+0000] {logging_mixin.py:188} INFO - [2026-06-07T15:26:01.177+0000] {dag.py:3823} INFO - Setting next_dagrun for crime_analytics_pipeline to 2026-06-06 19:00:00+00:00, run_after=2026-06-13 19:00:00+00:00
[2026-06-07T15:26:01.456+0000] {processor.py:183} INFO - Processing /opt/airflow/dags/dag_crime_pipeline.py took 0.399 seconds
[2026-06-07T15:26:31.756+0000] {processor.py:161} INFO - Started process (PID=13677) to work on /opt/airflow/dags/dag_crime_pipeline.py
[2026-06-07T15:26:31.758+0000] {processor.py:830} INFO - Processing file /opt/airflow/dags/dag_crime_pipeline.py for tasks to queue
[2026-06-07T15:26:31.761+0000] {logging_mixin.py:188} INFO - [2026-06-07T15:26:31.761+0000] {dagbag.py:538} INFO - Filling up the DagBag from /opt/airflow/dags/dag_crime_pipeline.py
[2026-06-07T15:26:31.805+0000] {processor.py:840} INFO - DAG(s) 'crime_analytics_pipeline' retrieved from /opt/airflow/dags/dag_crime_pipeline.py
[2026-06-07T15:26:31.845+0000] {logging_mixin.py:188} INFO - [2026-06-07T15:26:31.845+0000] {dag.py:3036} INFO - Sync 1 DAGs
[2026-06-07T15:26:31.875+0000] {logging_mixin.py:188} INFO - [2026-06-07T15:26:31.874+0000] {dag.py:3823} INFO - Setting next_dagrun for crime_analytics_pipeline to 2026-06-06 19:00:00+00:00, run_after=2026-06-13 19:00:00+00:00
[2026-06-07T15:26:31.900+0000] {processor.py:183} INFO - Processing /opt/airflow/dags/dag_crime_pipeline.py took 0.148 seconds
[2026-06-07T15:27:02.069+0000] {processor.py:161} INFO - Started process (PID=13682) to work on /opt/airflow/dags/dag_crime_pipeline.py
[2026-06-07T15:27:02.070+0000] {processor.py:830} INFO - Processing file /opt/airflow/dags/dag_crime_pipeline.py for tasks to queue
[2026-06-07T15:27:02.074+0000] {logging_mixin.py:188} INFO - [2026-06-07T15:27:02.073+0000] {dagbag.py:538} INFO - Filling up the DagBag from /opt/airflow/dags/dag_crime_pipeline.py
[2026-06-07T15:27:02.111+0000] {processor.py:840} INFO - DAG(s) 'crime_analytics_pipeline' retrieved from /opt/airflow/dags/dag_crime_pipeline.py
[2026-06-07T15:27:02.145+0000] {logging_mixin.py:188} INFO - [2026-06-07T15:27:02.144+0000] {dag.py:3036} INFO - Sync 1 DAGs
[2026-06-07T15:27:02.378+0000] {logging_mixin.py:188} INFO - [2026-06-07T15:27:02.378+0000] {dag.py:3823} INFO - Setting next_dagrun for crime_analytics_pipeline to 2026-06-06 19:00:00+00:00, run_after=2026-06-13 19:00:00+00:00
[2026-06-07T15:27:02.414+0000] {processor.py:183} INFO - Processing /opt/airflow/dags/dag_crime_pipeline.py took 0.350 seconds
[2026-06-07T15:27:32.852+0000] {processor.py:161} INFO - Started process (PID=13687) to work on /opt/airflow/dags/dag_crime_pipeline.py
[2026-06-07T15:27:32.854+0000] {processor.py:830} INFO - Processing file /opt/airflow/dags/dag_crime_pipeline.py for tasks to queue
[2026-06-07T15:27:32.857+0000] {logging_mixin.py:188} INFO - [2026-06-07T15:27:32.856+0000] {dagbag.py:538} INFO - Filling up the DagBag from /opt/airflow/dags/dag_crime_pipeline.py
[2026-06-07T15:27:32.900+0000] {processor.py:840} INFO - DAG(s) 'crime_analytics_pipeline' retrieved from /opt/airflow/dags/dag_crime_pipeline.py
[2026-06-07T15:27:32.937+0000] {logging_mixin.py:188} INFO - [2026-06-07T15:27:32.937+0000] {dag.py:3036} INFO - Sync 1 DAGs
[2026-06-07T15:27:32.968+0000] {logging_mixin.py:188} INFO - [2026-06-07T15:27:32.968+0000] {dag.py:3823} INFO - Setting next_dagrun for crime_analytics_pipeline to 2026-06-06 19:00:00+00:00, run_after=2026-06-13 19:00:00+00:00
[2026-06-07T15:27:32.997+0000] {processor.py:183} INFO - Processing /opt/airflow/dags/dag_crime_pipeline.py took 0.149 seconds
[2026-06-07T15:28:03.075+0000] {processor.py:161} INFO - Started process (PID=13692) to work on /opt/airflow/dags/dag_crime_pipeline.py
[2026-06-07T15:28:03.077+0000] {processor.py:830} INFO - Processing file /opt/airflow/dags/dag_crime_pipeline.py for tasks to queue
[2026-06-07T15:28:03.080+0000] {logging_mixin.py:188} INFO - [2026-06-07T15:28:03.079+0000] {dagbag.py:538} INFO - Filling up the DagBag from /opt/airflow/dags/dag_crime_pipeline.py
[2026-06-07T15:28:03.121+0000] {processor.py:840} INFO - DAG(s) 'crime_analytics_pipeline' retrieved from /opt/airflow/dags/dag_crime_pipeline.py
[2026-06-07T15:28:03.156+0000] {logging_mixin.py:188} INFO - [2026-06-07T15:28:03.155+0000] {dag.py:3036} INFO - Sync 1 DAGs
[2026-06-07T15:28:03.180+0000] {logging_mixin.py:188} INFO - [2026-06-07T15:28:03.180+0000] {dag.py:3823} INFO - Setting next_dagrun for crime_analytics_pipeline to 2026-06-06 19:00:00+00:00, run_after=2026-06-13 19:00:00+00:00
[2026-06-07T15:28:03.200+0000] {processor.py:183} INFO - Processing /opt/airflow/dags/dag_crime_pipeline.py took 0.130 seconds
[2026-06-07T15:28:33.473+0000] {processor.py:161} INFO - Started process (PID=13697) to work on /opt/airflow/dags/dag_crime_pipeline.py
[2026-06-07T15:28:33.474+0000] {processor.py:830} INFO - Processing file /opt/airflow/dags/dag_crime_pipeline.py for tasks to queue
[2026-06-07T15:28:33.477+0000] {logging_mixin.py:188} INFO - [2026-06-07T15:28:33.476+0000] {dagbag.py:538} INFO - Filling up the DagBag from /opt/airflow/dags/dag_crime_pipeline.py
[2026-06-07T15:28:33.517+0000] {processor.py:840} INFO - DAG(s) 'crime_analytics_pipeline' retrieved from /opt/airflow/dags/dag_crime_pipeline.py
[2026-06-07T15:28:33.551+0000] {logging_mixin.py:188} INFO - [2026-06-07T15:28:33.550+0000] {dag.py:3036} INFO - Sync 1 DAGs
[2026-06-07T15:28:33.579+0000] {logging_mixin.py:188} INFO - [2026-06-07T15:28:33.579+0000] {dag.py:3823} INFO - Setting next_dagrun for crime_analytics_pipeline to 2026-06-06 19:00:00+00:00, run_after=2026-06-13 19:00:00+00:00
[2026-06-07T15:28:33.625+0000] {processor.py:183} INFO - Processing /opt/airflow/dags/dag_crime_pipeline.py took 0.156 seconds
[2026-06-07T15:29:03.720+0000] {processor.py:161} INFO - Started process (PID=13750) to work on /opt/airflow/dags/dag_crime_pipeline.py
[2026-06-07T15:29:03.721+0000] {processor.py:830} INFO - Processing file /opt/airflow/dags/dag_crime_pipeline.py for tasks to queue
[2026-06-07T15:29:03.725+0000] {logging_mixin.py:188} INFO - [2026-06-07T15:29:03.725+0000] {dagbag.py:538} INFO - Filling up the DagBag from /opt/airflow/dags/dag_crime_pipeline.py
[2026-06-07T15:29:03.771+0000] {processor.py:840} INFO - DAG(s) 'crime_analytics_pipeline' retrieved from /opt/airflow/dags/dag_crime_pipeline.py
[2026-06-07T15:29:03.818+0000] {logging_mixin.py:188} INFO - [2026-06-07T15:29:03.817+0000] {dag.py:3036} INFO - Sync 1 DAGs
[2026-06-07T15:29:03.888+0000] {processor.py:183} INFO - Processing /opt/airflow/dags/dag_crime_pipeline.py took 0.175 seconds
[2026-06-07T15:29:34.156+0000] {processor.py:161} INFO - Started process (PID=13786) to work on /opt/airflow/dags/dag_crime_pipeline.py
[2026-06-07T15:29:34.165+0000] {processor.py:830} INFO - Processing file /opt/airflow/dags/dag_crime_pipeline.py for tasks to queue
[2026-06-07T15:29:34.176+0000] {logging_mixin.py:188} INFO - [2026-06-07T15:29:34.175+0000] {dagbag.py:538} INFO - Filling up the DagBag from /opt/airflow/dags/dag_crime_pipeline.py
[2026-06-07T15:29:34.236+0000] {processor.py:840} INFO - DAG(s) 'crime_analytics_pipeline' retrieved from /opt/airflow/dags/dag_crime_pipeline.py
[2026-06-07T15:29:34.293+0000] {logging_mixin.py:188} INFO - [2026-06-07T15:29:34.292+0000] {dag.py:3036} INFO - Sync 1 DAGs
[2026-06-07T15:29:34.430+0000] {processor.py:183} INFO - Processing /opt/airflow/dags/dag_crime_pipeline.py took 0.279 seconds
[2026-06-07T15:30:04.756+0000] {processor.py:161} INFO - Started process (PID=13791) to work on /opt/airflow/dags/dag_crime_pipeline.py
[2026-06-07T15:30:04.757+0000] {processor.py:830} INFO - Processing file /opt/airflow/dags/dag_crime_pipeline.py for tasks to queue
[2026-06-07T15:30:04.761+0000] {logging_mixin.py:188} INFO - [2026-06-07T15:30:04.760+0000] {dagbag.py:538} INFO - Filling up the DagBag from /opt/airflow/dags/dag_crime_pipeline.py
[2026-06-07T15:30:04.806+0000] {processor.py:840} INFO - DAG(s) 'crime_analytics_pipeline' retrieved from /opt/airflow/dags/dag_crime_pipeline.py
[2026-06-07T15:30:04.843+0000] {logging_mixin.py:188} INFO - [2026-06-07T15:30:04.843+0000] {dag.py:3036} INFO - Sync 1 DAGs
[2026-06-07T15:30:04.895+0000] {processor.py:183} INFO - Processing /opt/airflow/dags/dag_crime_pipeline.py took 0.144 seconds
[2026-06-07T15:30:35.081+0000] {processor.py:161} INFO - Started process (PID=13796) to work on /opt/airflow/dags/dag_crime_pipeline.py
[2026-06-07T15:30:35.089+0000] {processor.py:830} INFO - Processing file /opt/airflow/dags/dag_crime_pipeline.py for tasks to queue
[2026-06-07T15:30:35.093+0000] {logging_mixin.py:188} INFO - [2026-06-07T15:30:35.093+0000] {dagbag.py:538} INFO - Filling up the DagBag from /opt/airflow/dags/dag_crime_pipeline.py
[2026-06-07T15:30:35.165+0000] {processor.py:840} INFO - DAG(s) 'crime_analytics_pipeline' retrieved from /opt/airflow/dags/dag_crime_pipeline.py
[2026-06-07T15:30:35.207+0000] {logging_mixin.py:188} INFO - [2026-06-07T15:30:35.206+0000] {dag.py:3036} INFO - Sync 1 DAGs
[2026-06-07T15:30:35.313+0000] {processor.py:183} INFO - Processing /opt/airflow/dags/dag_crime_pipeline.py took 0.237 seconds
[2026-06-07T15:31:05.562+0000] {processor.py:161} INFO - Started process (PID=13801) to work on /opt/airflow/dags/dag_crime_pipeline.py
[2026-06-07T15:31:05.569+0000] {processor.py:830} INFO - Processing file /opt/airflow/dags/dag_crime_pipeline.py for tasks to queue
[2026-06-07T15:31:05.574+0000] {logging_mixin.py:188} INFO - [2026-06-07T15:31:05.573+0000] {dagbag.py:538} INFO - Filling up the DagBag from /opt/airflow/dags/dag_crime_pipeline.py
[2026-06-07T15:31:05.634+0000] {processor.py:840} INFO - DAG(s) 'crime_analytics_pipeline' retrieved from /opt/airflow/dags/dag_crime_pipeline.py
[2026-06-07T15:31:05.690+0000] {logging_mixin.py:188} INFO - [2026-06-07T15:31:05.689+0000] {dag.py:3036} INFO - Sync 1 DAGs
[2026-06-07T15:31:05.818+0000] {processor.py:183} INFO - Processing /opt/airflow/dags/dag_crime_pipeline.py took 0.262 seconds
[2026-06-07T15:31:36.163+0000] {processor.py:161} INFO - Started process (PID=13810) to work on /opt/airflow/dags/dag_crime_pipeline.py
[2026-06-07T15:31:36.165+0000] {processor.py:830} INFO - Processing file /opt/airflow/dags/dag_crime_pipeline.py for tasks to queue
[2026-06-07T15:31:36.169+0000] {logging_mixin.py:188} INFO - [2026-06-07T15:31:36.168+0000] {dagbag.py:538} INFO - Filling up the DagBag from /opt/airflow/dags/dag_crime_pipeline.py
[2026-06-07T15:31:36.212+0000] {processor.py:840} INFO - DAG(s) 'crime_analytics_pipeline' retrieved from /opt/airflow/dags/dag_crime_pipeline.py
[2026-06-07T15:31:36.244+0000] {logging_mixin.py:188} INFO - [2026-06-07T15:31:36.243+0000] {dag.py:3036} INFO - Sync 1 DAGs
[2026-06-07T15:31:36.267+0000] {logging_mixin.py:188} INFO - [2026-06-07T15:31:36.267+0000] {dag.py:3823} INFO - Setting next_dagrun for crime_analytics_pipeline to 2026-06-06 19:00:00+00:00, run_after=2026-06-13 19:00:00+00:00
[2026-06-07T15:31:36.309+0000] {processor.py:183} INFO - Processing /opt/airflow/dags/dag_crime_pipeline.py took 0.151 seconds
[2026-06-07T15:32:06.418+0000] {processor.py:161} INFO - Started process (PID=13815) to work on /opt/airflow/dags/dag_crime_pipeline.py
[2026-06-07T15:32:06.420+0000] {processor.py:830} INFO - Processing file /opt/airflow/dags/dag_crime_pipeline.py for tasks to queue
[2026-06-07T15:32:06.423+0000] {logging_mixin.py:188} INFO - [2026-06-07T15:32:06.422+0000] {dagbag.py:538} INFO - Filling up the DagBag from /opt/airflow/dags/dag_crime_pipeline.py
[2026-06-07T15:32:06.467+0000] {processor.py:840} INFO - DAG(s) 'crime_analytics_pipeline' retrieved from /opt/airflow/dags/dag_crime_pipeline.py
[2026-06-07T15:32:06.506+0000] {logging_mixin.py:188} INFO - [2026-06-07T15:32:06.506+0000] {dag.py:3036} INFO - Sync 1 DAGs
[2026-06-07T15:32:06.532+0000] {logging_mixin.py:188} INFO - [2026-06-07T15:32:06.532+0000] {dag.py:3823} INFO - Setting next_dagrun for crime_analytics_pipeline to 2026-06-06 19:00:00+00:00, run_after=2026-06-13 19:00:00+00:00
[2026-06-07T15:32:06.576+0000] {processor.py:183} INFO - Processing /opt/airflow/dags/dag_crime_pipeline.py took 0.163 seconds
[2026-06-07T15:32:36.817+0000] {processor.py:161} INFO - Started process (PID=13820) to work on /opt/airflow/dags/dag_crime_pipeline.py
[2026-06-07T15:32:36.819+0000] {processor.py:830} INFO - Processing file /opt/airflow/dags/dag_crime_pipeline.py for tasks to queue
[2026-06-07T15:32:36.822+0000] {logging_mixin.py:188} INFO - [2026-06-07T15:32:36.821+0000] {dagbag.py:538} INFO - Filling up the DagBag from /opt/airflow/dags/dag_crime_pipeline.py
[2026-06-07T15:32:36.860+0000] {processor.py:840} INFO - DAG(s) 'crime_analytics_pipeline' retrieved from /opt/airflow/dags/dag_crime_pipeline.py
[2026-06-07T15:32:36.891+0000] {logging_mixin.py:188} INFO - [2026-06-07T15:32:36.891+0000] {dag.py:3036} INFO - Sync 1 DAGs
[2026-06-07T15:32:36.910+0000] {logging_mixin.py:188} INFO - [2026-06-07T15:32:36.910+0000] {dag.py:3823} INFO - Setting next_dagrun for crime_analytics_pipeline to 2026-06-06 19:00:00+00:00, run_after=2026-06-13 19:00:00+00:00
[2026-06-07T15:32:36.949+0000] {processor.py:183} INFO - Processing /opt/airflow/dags/dag_crime_pipeline.py took 0.135 seconds
[2026-06-07T15:33:07.115+0000] {processor.py:161} INFO - Started process (PID=13825) to work on /opt/airflow/dags/dag_crime_pipeline.py
[2026-06-07T15:33:07.117+0000] {processor.py:830} INFO - Processing file /opt/airflow/dags/dag_crime_pipeline.py for tasks to queue
[2026-06-07T15:33:07.120+0000] {logging_mixin.py:188} INFO - [2026-06-07T15:33:07.119+0000] {dagbag.py:538} INFO - Filling up the DagBag from /opt/airflow/dags/dag_crime_pipeline.py
[2026-06-07T15:33:07.163+0000] {processor.py:840} INFO - DAG(s) 'crime_analytics_pipeline' retrieved from /opt/airflow/dags/dag_crime_pipeline.py
[2026-06-07T15:33:07.199+0000] {logging_mixin.py:188} INFO - [2026-06-07T15:33:07.198+0000] {dag.py:3036} INFO - Sync 1 DAGs
[2026-06-07T15:33:07.225+0000] {logging_mixin.py:188} INFO - [2026-06-07T15:33:07.224+0000] {dag.py:3823} INFO - Setting next_dagrun for crime_analytics_pipeline to 2026-06-06 19:00:00+00:00, run_after=2026-06-13 19:00:00+00:00
[2026-06-07T15:33:07.251+0000] {processor.py:183} INFO - Processing /opt/airflow/dags/dag_crime_pipeline.py took 0.141 seconds
[2026-06-07T15:33:37.549+0000] {processor.py:161} INFO - Started process (PID=13830) to work on /opt/airflow/dags/dag_crime_pipeline.py
[2026-06-07T15:33:37.550+0000] {processor.py:830} INFO - Processing file /opt/airflow/dags/dag_crime_pipeline.py for tasks to queue
[2026-06-07T15:33:37.554+0000] {logging_mixin.py:188} INFO - [2026-06-07T15:33:37.553+0000] {dagbag.py:538} INFO - Filling up the DagBag from /opt/airflow/dags/dag_crime_pipeline.py
[2026-06-07T15:33:37.598+0000] {processor.py:840} INFO - DAG(s) 'crime_analytics_pipeline' retrieved from /opt/airflow/dags/dag_crime_pipeline.py
[2026-06-07T15:33:37.634+0000] {logging_mixin.py:188} INFO - [2026-06-07T15:33:37.634+0000] {dag.py:3036} INFO - Sync 1 DAGs
[2026-06-07T15:33:37.656+0000] {logging_mixin.py:188} INFO - [2026-06-07T15:33:37.656+0000] {dag.py:3823} INFO - Setting next_dagrun for crime_analytics_pipeline to 2026-06-06 19:00:00+00:00, run_after=2026-06-13 19:00:00+00:00
[2026-06-07T15:33:37.697+0000] {processor.py:183} INFO - Processing /opt/airflow/dags/dag_crime_pipeline.py took 0.153 seconds
[2026-06-07T15:34:07.856+0000] {processor.py:161} INFO - Started process (PID=13835) to work on /opt/airflow/dags/dag_crime_pipeline.py
[2026-06-07T15:34:07.858+0000] {processor.py:830} INFO - Processing file /opt/airflow/dags/dag_crime_pipeline.py for tasks to queue
[2026-06-07T15:34:07.861+0000] {logging_mixin.py:188} INFO - [2026-06-07T15:34:07.861+0000] {dagbag.py:538} INFO - Filling up the DagBag from /opt/airflow/dags/dag_crime_pipeline.py
[2026-06-07T15:34:07.907+0000] {processor.py:840} INFO - DAG(s) 'crime_analytics_pipeline' retrieved from /opt/airflow/dags/dag_crime_pipeline.py
[2026-06-07T15:34:07.949+0000] {logging_mixin.py:188} INFO - [2026-06-07T15:34:07.948+0000] {dag.py:3036} INFO - Sync 1 DAGs
[2026-06-07T15:34:07.973+0000] {logging_mixin.py:188} INFO - [2026-06-07T15:34:07.973+0000] {dag.py:3823} INFO - Setting next_dagrun for crime_analytics_pipeline to 2026-06-06 19:00:00+00:00, run_after=2026-06-13 19:00:00+00:00
[2026-06-07T15:34:07.995+0000] {processor.py:183} INFO - Processing /opt/airflow/dags/dag_crime_pipeline.py took 0.142 seconds
[2026-06-07T15:34:38.380+0000] {processor.py:161} INFO - Started process (PID=13840) to work on /opt/airflow/dags/dag_crime_pipeline.py
[2026-06-07T15:34:38.381+0000] {processor.py:830} INFO - Processing file /opt/airflow/dags/dag_crime_pipeline.py for tasks to queue
[2026-06-07T15:34:38.387+0000] {logging_mixin.py:188} INFO - [2026-06-07T15:34:38.386+0000] {dagbag.py:538} INFO - Filling up the DagBag from /opt/airflow/dags/dag_crime_pipeline.py
[2026-06-07T15:34:38.441+0000] {processor.py:840} INFO - DAG(s) 'crime_analytics_pipeline' retrieved from /opt/airflow/dags/dag_crime_pipeline.py
[2026-06-07T15:34:38.474+0000] {logging_mixin.py:188} INFO - [2026-06-07T15:34:38.474+0000] {dag.py:3036} INFO - Sync 1 DAGs
[2026-06-07T15:34:38.497+0000] {logging_mixin.py:188} INFO - [2026-06-07T15:34:38.497+0000] {dag.py:3823} INFO - Setting next_dagrun for crime_analytics_pipeline to 2026-06-06 19:00:00+00:00, run_after=2026-06-13 19:00:00+00:00
[2026-06-07T15:34:38.538+0000] {processor.py:183} INFO - Processing /opt/airflow/dags/dag_crime_pipeline.py took 0.163 seconds
[2026-06-07T15:35:08.657+0000] {processor.py:161} INFO - Started process (PID=13845) to work on /opt/airflow/dags/dag_crime_pipeline.py
[2026-06-07T15:35:08.659+0000] {processor.py:830} INFO - Processing file /opt/airflow/dags/dag_crime_pipeline.py for tasks to queue
[2026-06-07T15:35:08.662+0000] {logging_mixin.py:188} INFO - [2026-06-07T15:35:08.662+0000] {dagbag.py:538} INFO - Filling up the DagBag from /opt/airflow/dags/dag_crime_pipeline.py
[2026-06-07T15:35:08.706+0000] {processor.py:840} INFO - DAG(s) 'crime_analytics_pipeline' retrieved from /opt/airflow/dags/dag_crime_pipeline.py
[2026-06-07T15:35:08.740+0000] {logging_mixin.py:188} INFO - [2026-06-07T15:35:08.740+0000] {dag.py:3036} INFO - Sync 1 DAGs
[2026-06-07T15:35:08.771+0000] {logging_mixin.py:188} INFO - [2026-06-07T15:35:08.770+0000] {dag.py:3823} INFO - Setting next_dagrun for crime_analytics_pipeline to 2026-06-06 19:00:00+00:00, run_after=2026-06-13 19:00:00+00:00
[2026-06-07T15:35:08.815+0000] {processor.py:183} INFO - Processing /opt/airflow/dags/dag_crime_pipeline.py took 0.163 seconds
[2026-06-07T15:35:39.067+0000] {processor.py:161} INFO - Started process (PID=13850) to work on /opt/airflow/dags/dag_crime_pipeline.py
[2026-06-07T15:35:39.069+0000] {processor.py:830} INFO - Processing file /opt/airflow/dags/dag_crime_pipeline.py for tasks to queue
[2026-06-07T15:35:39.071+0000] {logging_mixin.py:188} INFO - [2026-06-07T15:35:39.071+0000] {dagbag.py:538} INFO - Filling up the DagBag from /opt/airflow/dags/dag_crime_pipeline.py
[2026-06-07T15:35:39.116+0000] {processor.py:840} INFO - DAG(s) 'crime_analytics_pipeline' retrieved from /opt/airflow/dags/dag_crime_pipeline.py
[2026-06-07T15:35:39.158+0000] {logging_mixin.py:188} INFO - [2026-06-07T15:35:39.158+0000] {dag.py:3036} INFO - Sync 1 DAGs
[2026-06-07T15:35:39.185+0000] {logging_mixin.py:188} INFO - [2026-06-07T15:35:39.185+0000] {dag.py:3823} INFO - Setting next_dagrun for crime_analytics_pipeline to 2026-06-06 19:00:00+00:00, run_after=2026-06-13 19:00:00+00:00
[2026-06-07T15:35:39.234+0000] {processor.py:183} INFO - Processing /opt/airflow/dags/dag_crime_pipeline.py took 0.171 seconds
[2026-06-07T15:36:09.362+0000] {processor.py:161} INFO - Started process (PID=13855) to work on /opt/airflow/dags/dag_crime_pipeline.py
[2026-06-07T15:36:09.363+0000] {processor.py:830} INFO - Processing file /opt/airflow/dags/dag_crime_pipeline.py for tasks to queue
[2026-06-07T15:36:09.366+0000] {logging_mixin.py:188} INFO - [2026-06-07T15:36:09.366+0000] {dagbag.py:538} INFO - Filling up the DagBag from /opt/airflow/dags/dag_crime_pipeline.py
[2026-06-07T15:36:09.413+0000] {processor.py:840} INFO - DAG(s) 'crime_analytics_pipeline' retrieved from /opt/airflow/dags/dag_crime_pipeline.py
[2026-06-07T15:36:09.454+0000] {logging_mixin.py:188} INFO - [2026-06-07T15:36:09.453+0000] {dag.py:3036} INFO - Sync 1 DAGs
[2026-06-07T15:36:09.487+0000] {logging_mixin.py:188} INFO - [2026-06-07T15:36:09.487+0000] {dag.py:3823} INFO - Setting next_dagrun for crime_analytics_pipeline to 2026-06-06 19:00:00+00:00, run_after=2026-06-13 19:00:00+00:00
[2026-06-07T15:36:09.516+0000] {processor.py:183} INFO - Processing /opt/airflow/dags/dag_crime_pipeline.py took 0.159 seconds
[2026-06-07T15:36:39.711+0000] {processor.py:161} INFO - Started process (PID=13860) to work on /opt/airflow/dags/dag_crime_pipeline.py
[2026-06-07T15:36:39.713+0000] {processor.py:830} INFO - Processing file /opt/airflow/dags/dag_crime_pipeline.py for tasks to queue
[2026-06-07T15:36:39.716+0000] {logging_mixin.py:188} INFO - [2026-06-07T15:36:39.715+0000] {dagbag.py:538} INFO - Filling up the DagBag from /opt/airflow/dags/dag_crime_pipeline.py
[2026-06-07T15:36:39.761+0000] {processor.py:840} INFO - DAG(s) 'crime_analytics_pipeline' retrieved from /opt/airflow/dags/dag_crime_pipeline.py
[2026-06-07T15:36:39.798+0000] {logging_mixin.py:188} INFO - [2026-06-07T15:36:39.797+0000] {dag.py:3036} INFO - Sync 1 DAGs
[2026-06-07T15:36:39.821+0000] {logging_mixin.py:188} INFO - [2026-06-07T15:36:39.821+0000] {dag.py:3823} INFO - Setting next_dagrun for crime_analytics_pipeline to 2026-06-06 19:00:00+00:00, run_after=2026-06-13 19:00:00+00:00
[2026-06-07T15:36:39.840+0000] {processor.py:183} INFO - Processing /opt/airflow/dags/dag_crime_pipeline.py took 0.134 seconds
[2026-06-07T15:37:10.030+0000] {processor.py:161} INFO - Started process (PID=13865) to work on /opt/airflow/dags/dag_crime_pipeline.py
[2026-06-07T15:37:10.032+0000] {processor.py:830} INFO - Processing file /opt/airflow/dags/dag_crime_pipeline.py for tasks to queue
[2026-06-07T15:37:10.034+0000] {logging_mixin.py:188} INFO - [2026-06-07T15:37:10.034+0000] {dagbag.py:538} INFO - Filling up the DagBag from /opt/airflow/dags/dag_crime_pipeline.py
[2026-06-07T15:37:10.082+0000] {processor.py:840} INFO - DAG(s) 'crime_analytics_pipeline' retrieved from /opt/airflow/dags/dag_crime_pipeline.py
[2026-06-07T15:37:10.118+0000] {logging_mixin.py:188} INFO - [2026-06-07T15:37:10.118+0000] {dag.py:3036} INFO - Sync 1 DAGs
[2026-06-07T15:37:10.148+0000] {logging_mixin.py:188} INFO - [2026-06-07T15:37:10.148+0000] {dag.py:3823} INFO - Setting next_dagrun for crime_analytics_pipeline to 2026-06-06 19:00:00+00:00, run_after=2026-06-13 19:00:00+00:00
[2026-06-07T15:37:10.194+0000] {processor.py:183} INFO - Processing /opt/airflow/dags/dag_crime_pipeline.py took 0.168 seconds
[2026-06-07T15:37:40.378+0000] {processor.py:161} INFO - Started process (PID=13870) to work on /opt/airflow/dags/dag_crime_pipeline.py
[2026-06-07T15:37:40.379+0000] {processor.py:830} INFO - Processing file /opt/airflow/dags/dag_crime_pipeline.py for tasks to queue
[2026-06-07T15:37:40.382+0000] {logging_mixin.py:188} INFO - [2026-06-07T15:37:40.382+0000] {dagbag.py:538} INFO - Filling up the DagBag from /opt/airflow/dags/dag_crime_pipeline.py
[2026-06-07T15:37:40.425+0000] {processor.py:840} INFO - DAG(s) 'crime_analytics_pipeline' retrieved from /opt/airflow/dags/dag_crime_pipeline.py
[2026-06-07T15:37:40.468+0000] {logging_mixin.py:188} INFO - [2026-06-07T15:37:40.467+0000] {dag.py:3036} INFO - Sync 1 DAGs
[2026-06-07T15:37:40.496+0000] {logging_mixin.py:188} INFO - [2026-06-07T15:37:40.495+0000] {dag.py:3823} INFO - Setting next_dagrun for crime_analytics_pipeline to 2026-06-06 19:00:00+00:00, run_after=2026-06-13 19:00:00+00:00
[2026-06-07T15:37:40.539+0000] {processor.py:183} INFO - Processing /opt/airflow/dags/dag_crime_pipeline.py took 0.167 seconds
[2026-06-07T15:38:10.750+0000] {processor.py:161} INFO - Started process (PID=13875) to work on /opt/airflow/dags/dag_crime_pipeline.py
[2026-06-07T15:38:10.752+0000] {processor.py:830} INFO - Processing file /opt/airflow/dags/dag_crime_pipeline.py for tasks to queue
[2026-06-07T15:38:10.756+0000] {logging_mixin.py:188} INFO - [2026-06-07T15:38:10.755+0000] {dagbag.py:538} INFO - Filling up the DagBag from /opt/airflow/dags/dag_crime_pipeline.py
[2026-06-07T15:38:10.807+0000] {processor.py:840} INFO - DAG(s) 'crime_analytics_pipeline' retrieved from /opt/airflow/dags/dag_crime_pipeline.py
[2026-06-07T15:38:10.848+0000] {logging_mixin.py:188} INFO - [2026-06-07T15:38:10.847+0000] {dag.py:3036} INFO - Sync 1 DAGs
[2026-06-07T15:38:10.872+0000] {logging_mixin.py:188} INFO - [2026-06-07T15:38:10.872+0000] {dag.py:3823} INFO - Setting next_dagrun for crime_analytics_pipeline to 2026-06-06 19:00:00+00:00, run_after=2026-06-13 19:00:00+00:00
[2026-06-07T15:38:10.901+0000] {processor.py:183} INFO - Processing /opt/airflow/dags/dag_crime_pipeline.py took 0.155 seconds
[2026-06-07T15:38:41.166+0000] {processor.py:161} INFO - Started process (PID=13880) to work on /opt/airflow/dags/dag_crime_pipeline.py
[2026-06-07T15:38:41.168+0000] {processor.py:830} INFO - Processing file /opt/airflow/dags/dag_crime_pipeline.py for tasks to queue
[2026-06-07T15:38:41.171+0000] {logging_mixin.py:188} INFO - [2026-06-07T15:38:41.170+0000] {dagbag.py:538} INFO - Filling up the DagBag from /opt/airflow/dags/dag_crime_pipeline.py
[2026-06-07T15:38:41.215+0000] {processor.py:840} INFO - DAG(s) 'crime_analytics_pipeline' retrieved from /opt/airflow/dags/dag_crime_pipeline.py
[2026-06-07T15:38:41.257+0000] {logging_mixin.py:188} INFO - [2026-06-07T15:38:41.256+0000] {dag.py:3036} INFO - Sync 1 DAGs
[2026-06-07T15:38:41.285+0000] {logging_mixin.py:188} INFO - [2026-06-07T15:38:41.285+0000] {dag.py:3823} INFO - Setting next_dagrun for crime_analytics_pipeline to 2026-06-06 19:00:00+00:00, run_after=2026-06-13 19:00:00+00:00
[2026-06-07T15:38:41.309+0000] {processor.py:183} INFO - Processing /opt/airflow/dags/dag_crime_pipeline.py took 0.147 seconds
[2026-06-07T15:39:11.425+0000] {processor.py:161} INFO - Started process (PID=13885) to work on /opt/airflow/dags/dag_crime_pipeline.py
[2026-06-07T15:39:11.427+0000] {processor.py:830} INFO - Processing file /opt/airflow/dags/dag_crime_pipeline.py for tasks to queue
[2026-06-07T15:39:11.431+0000] {logging_mixin.py:188} INFO - [2026-06-07T15:39:11.430+0000] {dagbag.py:538} INFO - Filling up the DagBag from /opt/airflow/dags/dag_crime_pipeline.py
[2026-06-07T15:39:11.474+0000] {processor.py:840} INFO - DAG(s) 'crime_analytics_pipeline' retrieved from /opt/airflow/dags/dag_crime_pipeline.py
[2026-06-07T15:39:11.509+0000] {logging_mixin.py:188} INFO - [2026-06-07T15:39:11.509+0000] {dag.py:3036} INFO - Sync 1 DAGs
[2026-06-07T15:39:11.535+0000] {logging_mixin.py:188} INFO - [2026-06-07T15:39:11.535+0000] {dag.py:3823} INFO - Setting next_dagrun for crime_analytics_pipeline to 2026-06-06 19:00:00+00:00, run_after=2026-06-13 19:00:00+00:00
[2026-06-07T15:39:11.558+0000] {processor.py:183} INFO - Processing /opt/airflow/dags/dag_crime_pipeline.py took 0.137 seconds
[2026-06-07T15:39:41.809+0000] {processor.py:161} INFO - Started process (PID=13890) to work on /opt/airflow/dags/dag_crime_pipeline.py
[2026-06-07T15:39:41.811+0000] {processor.py:830} INFO - Processing file /opt/airflow/dags/dag_crime_pipeline.py for tasks to queue
[2026-06-07T15:39:41.813+0000] {logging_mixin.py:188} INFO - [2026-06-07T15:39:41.813+0000] {dagbag.py:538} INFO - Filling up the DagBag from /opt/airflow/dags/dag_crime_pipeline.py
[2026-06-07T15:39:41.859+0000] {processor.py:840} INFO - DAG(s) 'crime_analytics_pipeline' retrieved from /opt/airflow/dags/dag_crime_pipeline.py
[2026-06-07T15:39:41.889+0000] {logging_mixin.py:188} INFO - [2026-06-07T15:39:41.889+0000] {dag.py:3036} INFO - Sync 1 DAGs
[2026-06-07T15:39:41.911+0000] {logging_mixin.py:188} INFO - [2026-06-07T15:39:41.911+0000] {dag.py:3823} INFO - Setting next_dagrun for crime_analytics_pipeline to 2026-06-06 19:00:00+00:00, run_after=2026-06-13 19:00:00+00:00
[2026-06-07T15:39:41.948+0000] {processor.py:183} INFO - Processing /opt/airflow/dags/dag_crime_pipeline.py took 0.143 seconds
[2026-06-07T15:40:12.065+0000] {processor.py:161} INFO - Started process (PID=13895) to work on /opt/airflow/dags/dag_crime_pipeline.py
[2026-06-07T15:40:12.067+0000] {processor.py:830} INFO - Processing file /opt/airflow/dags/dag_crime_pipeline.py for tasks to queue
[2026-06-07T15:40:12.069+0000] {logging_mixin.py:188} INFO - [2026-06-07T15:40:12.069+0000] {dagbag.py:538} INFO - Filling up the DagBag from /opt/airflow/dags/dag_crime_pipeline.py
[2026-06-07T15:40:12.108+0000] {processor.py:840} INFO - DAG(s) 'crime_analytics_pipeline' retrieved from /opt/airflow/dags/dag_crime_pipeline.py
[2026-06-07T15:40:12.141+0000] {logging_mixin.py:188} INFO - [2026-06-07T15:40:12.140+0000] {dag.py:3036} INFO - Sync 1 DAGs
[2026-06-07T15:40:12.165+0000] {logging_mixin.py:188} INFO - [2026-06-07T15:40:12.165+0000] {dag.py:3823} INFO - Setting next_dagrun for crime_analytics_pipeline to 2026-06-06 19:00:00+00:00, run_after=2026-06-13 19:00:00+00:00
[2026-06-07T15:40:12.183+0000] {processor.py:183} INFO - Processing /opt/airflow/dags/dag_crime_pipeline.py took 0.123 seconds
[2026-06-07T15:40:42.485+0000] {processor.py:161} INFO - Started process (PID=13900) to work on /opt/airflow/dags/dag_crime_pipeline.py
[2026-06-07T15:40:42.487+0000] {processor.py:830} INFO - Processing file /opt/airflow/dags/dag_crime_pipeline.py for tasks to queue
[2026-06-07T15:40:42.490+0000] {logging_mixin.py:188} INFO - [2026-06-07T15:40:42.490+0000] {dagbag.py:538} INFO - Filling up the DagBag from /opt/airflow/dags/dag_crime_pipeline.py
[2026-06-07T15:40:42.534+0000] {processor.py:840} INFO - DAG(s) 'crime_analytics_pipeline' retrieved from /opt/airflow/dags/dag_crime_pipeline.py
[2026-06-07T15:40:42.570+0000] {logging_mixin.py:188} INFO - [2026-06-07T15:40:42.569+0000] {dag.py:3036} INFO - Sync 1 DAGs
[2026-06-07T15:40:42.597+0000] {logging_mixin.py:188} INFO - [2026-06-07T15:40:42.596+0000] {dag.py:3823} INFO - Setting next_dagrun for crime_analytics_pipeline to 2026-06-06 19:00:00+00:00, run_after=2026-06-13 19:00:00+00:00
[2026-06-07T15:40:42.624+0000] {processor.py:183} INFO - Processing /opt/airflow/dags/dag_crime_pipeline.py took 0.143 seconds
[2026-06-07T15:41:12.804+0000] {processor.py:161} INFO - Started process (PID=13905) to work on /opt/airflow/dags/dag_crime_pipeline.py
[2026-06-07T15:41:12.806+0000] {processor.py:830} INFO - Processing file /opt/airflow/dags/dag_crime_pipeline.py for tasks to queue
[2026-06-07T15:41:12.809+0000] {logging_mixin.py:188} INFO - [2026-06-07T15:41:12.808+0000] {dagbag.py:538} INFO - Filling up the DagBag from /opt/airflow/dags/dag_crime_pipeline.py
[2026-06-07T15:41:12.847+0000] {processor.py:840} INFO - DAG(s) 'crime_analytics_pipeline' retrieved from /opt/airflow/dags/dag_crime_pipeline.py
[2026-06-07T15:41:12.879+0000] {logging_mixin.py:188} INFO - [2026-06-07T15:41:12.878+0000] {dag.py:3036} INFO - Sync 1 DAGs
[2026-06-07T15:41:12.900+0000] {logging_mixin.py:188} INFO - [2026-06-07T15:41:12.900+0000] {dag.py:3823} INFO - Setting next_dagrun for crime_analytics_pipeline to 2026-06-06 19:00:00+00:00, run_after=2026-06-13 19:00:00+00:00
[2026-06-07T15:41:12.939+0000] {processor.py:183} INFO - Processing /opt/airflow/dags/dag_crime_pipeline.py took 0.139 seconds
[2026-06-07T15:41:43.140+0000] {processor.py:161} INFO - Started process (PID=13910) to work on /opt/airflow/dags/dag_crime_pipeline.py
[2026-06-07T15:41:43.142+0000] {processor.py:830} INFO - Processing file /opt/airflow/dags/dag_crime_pipeline.py for tasks to queue
[2026-06-07T15:41:43.145+0000] {logging_mixin.py:188} INFO - [2026-06-07T15:41:43.145+0000] {dagbag.py:538} INFO - Filling up the DagBag from /opt/airflow/dags/dag_crime_pipeline.py
[2026-06-07T15:41:43.216+0000] {processor.py:840} INFO - DAG(s) 'crime_analytics_pipeline' retrieved from /opt/airflow/dags/dag_crime_pipeline.py
[2026-06-07T15:41:43.266+0000] {logging_mixin.py:188} INFO - [2026-06-07T15:41:43.266+0000] {dag.py:3036} INFO - Sync 1 DAGs
[2026-06-07T15:41:43.300+0000] {logging_mixin.py:188} INFO - [2026-06-07T15:41:43.300+0000] {dag.py:3823} INFO - Setting next_dagrun for crime_analytics_pipeline to 2026-06-06 19:00:00+00:00, run_after=2026-06-13 19:00:00+00:00
[2026-06-07T15:41:43.327+0000] {processor.py:183} INFO - Processing /opt/airflow/dags/dag_crime_pipeline.py took 0.193 seconds
[2026-06-07T15:42:13.439+0000] {processor.py:161} INFO - Started process (PID=13915) to work on /opt/airflow/dags/dag_crime_pipeline.py
[2026-06-07T15:42:13.440+0000] {processor.py:830} INFO - Processing file /opt/airflow/dags/dag_crime_pipeline.py for tasks to queue
[2026-06-07T15:42:13.445+0000] {logging_mixin.py:188} INFO - [2026-06-07T15:42:13.444+0000] {dagbag.py:538} INFO - Filling up the DagBag from /opt/airflow/dags/dag_crime_pipeline.py
[2026-06-07T15:42:13.491+0000] {processor.py:840} INFO - DAG(s) 'crime_analytics_pipeline' retrieved from /opt/airflow/dags/dag_crime_pipeline.py
[2026-06-07T15:42:13.532+0000] {logging_mixin.py:188} INFO - [2026-06-07T15:42:13.531+0000] {dag.py:3036} INFO - Sync 1 DAGs
[2026-06-07T15:42:13.559+0000] {logging_mixin.py:188} INFO - [2026-06-07T15:42:13.559+0000] {dag.py:3823} INFO - Setting next_dagrun for crime_analytics_pipeline to 2026-06-06 19:00:00+00:00, run_after=2026-06-13 19:00:00+00:00
[2026-06-07T15:42:13.588+0000] {processor.py:183} INFO - Processing /opt/airflow/dags/dag_crime_pipeline.py took 0.154 seconds
[2026-06-07T15:42:43.881+0000] {processor.py:161} INFO - Started process (PID=13920) to work on /opt/airflow/dags/dag_crime_pipeline.py
[2026-06-07T15:42:43.883+0000] {processor.py:830} INFO - Processing file /opt/airflow/dags/dag_crime_pipeline.py for tasks to queue
[2026-06-07T15:42:43.886+0000] {logging_mixin.py:188} INFO - [2026-06-07T15:42:43.886+0000] {dagbag.py:538} INFO - Filling up the DagBag from /opt/airflow/dags/dag_crime_pipeline.py
[2026-06-07T15:42:43.928+0000] {processor.py:840} INFO - DAG(s) 'crime_analytics_pipeline' retrieved from /opt/airflow/dags/dag_crime_pipeline.py
[2026-06-07T15:42:43.968+0000] {logging_mixin.py:188} INFO - [2026-06-07T15:42:43.967+0000] {dag.py:3036} INFO - Sync 1 DAGs
[2026-06-07T15:42:44.035+0000] {processor.py:183} INFO - Processing /opt/airflow/dags/dag_crime_pipeline.py took 0.159 seconds
[2026-06-07T15:43:14.170+0000] {processor.py:161} INFO - Started process (PID=13973) to work on /opt/airflow/dags/dag_crime_pipeline.py
[2026-06-07T15:43:14.173+0000] {processor.py:830} INFO - Processing file /opt/airflow/dags/dag_crime_pipeline.py for tasks to queue
[2026-06-07T15:43:14.176+0000] {logging_mixin.py:188} INFO - [2026-06-07T15:43:14.175+0000] {dagbag.py:538} INFO - Filling up the DagBag from /opt/airflow/dags/dag_crime_pipeline.py
[2026-06-07T15:43:14.223+0000] {processor.py:840} INFO - DAG(s) 'crime_analytics_pipeline' retrieved from /opt/airflow/dags/dag_crime_pipeline.py
[2026-06-07T15:43:14.263+0000] {logging_mixin.py:188} INFO - [2026-06-07T15:43:14.262+0000] {dag.py:3036} INFO - Sync 1 DAGs
[2026-06-07T15:43:14.336+0000] {processor.py:183} INFO - Processing /opt/airflow/dags/dag_crime_pipeline.py took 0.170 seconds
[2026-06-07T15:43:44.603+0000] {processor.py:161} INFO - Started process (PID=14009) to work on /opt/airflow/dags/dag_crime_pipeline.py
[2026-06-07T15:43:44.606+0000] {processor.py:830} INFO - Processing file /opt/airflow/dags/dag_crime_pipeline.py for tasks to queue
[2026-06-07T15:43:44.611+0000] {logging_mixin.py:188} INFO - [2026-06-07T15:43:44.610+0000] {dagbag.py:538} INFO - Filling up the DagBag from /opt/airflow/dags/dag_crime_pipeline.py
[2026-06-07T15:43:44.660+0000] {processor.py:840} INFO - DAG(s) 'crime_analytics_pipeline' retrieved from /opt/airflow/dags/dag_crime_pipeline.py
[2026-06-07T15:43:44.705+0000] {logging_mixin.py:188} INFO - [2026-06-07T15:43:44.704+0000] {dag.py:3036} INFO - Sync 1 DAGs
[2026-06-07T15:43:44.761+0000] {processor.py:183} INFO - Processing /opt/airflow/dags/dag_crime_pipeline.py took 0.165 seconds
[2026-06-07T15:44:15.020+0000] {processor.py:161} INFO - Started process (PID=14014) to work on /opt/airflow/dags/dag_crime_pipeline.py
[2026-06-07T15:44:15.022+0000] {processor.py:830} INFO - Processing file /opt/airflow/dags/dag_crime_pipeline.py for tasks to queue
[2026-06-07T15:44:15.026+0000] {logging_mixin.py:188} INFO - [2026-06-07T15:44:15.025+0000] {dagbag.py:538} INFO - Filling up the DagBag from /opt/airflow/dags/dag_crime_pipeline.py
[2026-06-07T15:44:15.070+0000] {processor.py:840} INFO - DAG(s) 'crime_analytics_pipeline' retrieved from /opt/airflow/dags/dag_crime_pipeline.py
[2026-06-07T15:44:15.106+0000] {logging_mixin.py:188} INFO - [2026-06-07T15:44:15.105+0000] {dag.py:3036} INFO - Sync 1 DAGs
[2026-06-07T15:44:15.179+0000] {processor.py:183} INFO - Processing /opt/airflow/dags/dag_crime_pipeline.py took 0.165 seconds
[2026-06-07T15:44:45.444+0000] {processor.py:161} INFO - Started process (PID=14019) to work on /opt/airflow/dags/dag_crime_pipeline.py
[2026-06-07T15:44:45.446+0000] {processor.py:830} INFO - Processing file /opt/airflow/dags/dag_crime_pipeline.py for tasks to queue
[2026-06-07T15:44:45.451+0000] {logging_mixin.py:188} INFO - [2026-06-07T15:44:45.451+0000] {dagbag.py:538} INFO - Filling up the DagBag from /opt/airflow/dags/dag_crime_pipeline.py
[2026-06-07T15:44:45.510+0000] {processor.py:840} INFO - DAG(s) 'crime_analytics_pipeline' retrieved from /opt/airflow/dags/dag_crime_pipeline.py
[2026-06-07T15:44:45.554+0000] {logging_mixin.py:188} INFO - [2026-06-07T15:44:45.553+0000] {dag.py:3036} INFO - Sync 1 DAGs
[2026-06-07T15:44:45.634+0000] {processor.py:183} INFO - Processing /opt/airflow/dags/dag_crime_pipeline.py took 0.196 seconds
[2026-06-07T15:45:15.819+0000] {processor.py:161} INFO - Started process (PID=14028) to work on /opt/airflow/dags/dag_crime_pipeline.py
[2026-06-07T15:45:15.822+0000] {processor.py:830} INFO - Processing file /opt/airflow/dags/dag_crime_pipeline.py for tasks to queue
[2026-06-07T15:45:15.825+0000] {logging_mixin.py:188} INFO - [2026-06-07T15:45:15.824+0000] {dagbag.py:538} INFO - Filling up the DagBag from /opt/airflow/dags/dag_crime_pipeline.py
[2026-06-07T15:45:15.867+0000] {processor.py:840} INFO - DAG(s) 'crime_analytics_pipeline' retrieved from /opt/airflow/dags/dag_crime_pipeline.py
[2026-06-07T15:45:15.906+0000] {logging_mixin.py:188} INFO - [2026-06-07T15:45:15.906+0000] {dag.py:3036} INFO - Sync 1 DAGs
[2026-06-07T15:45:15.973+0000] {processor.py:183} INFO - Processing /opt/airflow/dags/dag_crime_pipeline.py took 0.159 seconds
[2026-06-07T15:45:46.230+0000] {processor.py:161} INFO - Started process (PID=14033) to work on /opt/airflow/dags/dag_crime_pipeline.py
[2026-06-07T15:45:46.232+0000] {processor.py:830} INFO - Processing file /opt/airflow/dags/dag_crime_pipeline.py for tasks to queue
[2026-06-07T15:45:46.236+0000] {logging_mixin.py:188} INFO - [2026-06-07T15:45:46.235+0000] {dagbag.py:538} INFO - Filling up the DagBag from /opt/airflow/dags/dag_crime_pipeline.py
[2026-06-07T15:45:46.283+0000] {processor.py:840} INFO - DAG(s) 'crime_analytics_pipeline' retrieved from /opt/airflow/dags/dag_crime_pipeline.py
[2026-06-07T15:45:46.317+0000] {logging_mixin.py:188} INFO - [2026-06-07T15:45:46.317+0000] {dag.py:3036} INFO - Sync 1 DAGs
[2026-06-07T15:45:46.348+0000] {logging_mixin.py:188} INFO - [2026-06-07T15:45:46.348+0000] {dag.py:3823} INFO - Setting next_dagrun for crime_analytics_pipeline to 2026-06-06 19:00:00+00:00, run_after=2026-06-13 19:00:00+00:00
[2026-06-07T15:45:46.392+0000] {processor.py:183} INFO - Processing /opt/airflow/dags/dag_crime_pipeline.py took 0.167 seconds
[2026-06-07T15:46:16.591+0000] {processor.py:161} INFO - Started process (PID=14038) to work on /opt/airflow/dags/dag_crime_pipeline.py
[2026-06-07T15:46:16.592+0000] {processor.py:830} INFO - Processing file /opt/airflow/dags/dag_crime_pipeline.py for tasks to queue
[2026-06-07T15:46:16.595+0000] {logging_mixin.py:188} INFO - [2026-06-07T15:46:16.595+0000] {dagbag.py:538} INFO - Filling up the DagBag from /opt/airflow/dags/dag_crime_pipeline.py
[2026-06-07T15:46:16.641+0000] {processor.py:840} INFO - DAG(s) 'crime_analytics_pipeline' retrieved from /opt/airflow/dags/dag_crime_pipeline.py
[2026-06-07T15:46:16.682+0000] {logging_mixin.py:188} INFO - [2026-06-07T15:46:16.681+0000] {dag.py:3036} INFO - Sync 1 DAGs
[2026-06-07T15:46:16.706+0000] {logging_mixin.py:188} INFO - [2026-06-07T15:46:16.706+0000] {dag.py:3823} INFO - Setting next_dagrun for crime_analytics_pipeline to 2026-06-06 19:00:00+00:00, run_after=2026-06-13 19:00:00+00:00
[2026-06-07T15:46:16.728+0000] {processor.py:183} INFO - Processing /opt/airflow/dags/dag_crime_pipeline.py took 0.141 seconds
[2026-06-07T15:46:46.943+0000] {processor.py:161} INFO - Started process (PID=14043) to work on /opt/airflow/dags/dag_crime_pipeline.py
[2026-06-07T15:46:46.944+0000] {processor.py:830} INFO - Processing file /opt/airflow/dags/dag_crime_pipeline.py for tasks to queue
[2026-06-07T15:46:46.948+0000] {logging_mixin.py:188} INFO - [2026-06-07T15:46:46.947+0000] {dagbag.py:538} INFO - Filling up the DagBag from /opt/airflow/dags/dag_crime_pipeline.py
[2026-06-07T15:46:46.993+0000] {processor.py:840} INFO - DAG(s) 'crime_analytics_pipeline' retrieved from /opt/airflow/dags/dag_crime_pipeline.py
[2026-06-07T15:46:47.034+0000] {logging_mixin.py:188} INFO - [2026-06-07T15:46:47.034+0000] {dag.py:3036} INFO - Sync 1 DAGs
[2026-06-07T15:46:47.064+0000] {logging_mixin.py:188} INFO - [2026-06-07T15:46:47.063+0000] {dag.py:3823} INFO - Setting next_dagrun for crime_analytics_pipeline to 2026-06-06 19:00:00+00:00, run_after=2026-06-13 19:00:00+00:00
[2026-06-07T15:46:47.092+0000] {processor.py:183} INFO - Processing /opt/airflow/dags/dag_crime_pipeline.py took 0.157 seconds
[2026-06-07T15:47:17.287+0000] {processor.py:161} INFO - Started process (PID=14048) to work on /opt/airflow/dags/dag_crime_pipeline.py
[2026-06-07T15:47:17.289+0000] {processor.py:830} INFO - Processing file /opt/airflow/dags/dag_crime_pipeline.py for tasks to queue
[2026-06-07T15:47:17.293+0000] {logging_mixin.py:188} INFO - [2026-06-07T15:47:17.292+0000] {dagbag.py:538} INFO - Filling up the DagBag from /opt/airflow/dags/dag_crime_pipeline.py
[2026-06-07T15:47:17.338+0000] {processor.py:840} INFO - DAG(s) 'crime_analytics_pipeline' retrieved from /opt/airflow/dags/dag_crime_pipeline.py
[2026-06-07T15:47:17.379+0000] {logging_mixin.py:188} INFO - [2026-06-07T15:47:17.378+0000] {dag.py:3036} INFO - Sync 1 DAGs
[2026-06-07T15:47:17.409+0000] {logging_mixin.py:188} INFO - [2026-06-07T15:47:17.409+0000] {dag.py:3823} INFO - Setting next_dagrun for crime_analytics_pipeline to 2026-06-06 19:00:00+00:00, run_after=2026-06-13 19:00:00+00:00
[2026-06-07T15:47:17.443+0000] {processor.py:183} INFO - Processing /opt/airflow/dags/dag_crime_pipeline.py took 0.161 seconds
[2026-06-07T15:47:47.677+0000] {processor.py:161} INFO - Started process (PID=14053) to work on /opt/airflow/dags/dag_crime_pipeline.py
[2026-06-07T15:47:47.678+0000] {processor.py:830} INFO - Processing file /opt/airflow/dags/dag_crime_pipeline.py for tasks to queue
[2026-06-07T15:47:47.682+0000] {logging_mixin.py:188} INFO - [2026-06-07T15:47:47.681+0000] {dagbag.py:538} INFO - Filling up the DagBag from /opt/airflow/dags/dag_crime_pipeline.py
[2026-06-07T15:47:47.725+0000] {processor.py:840} INFO - DAG(s) 'crime_analytics_pipeline' retrieved from /opt/airflow/dags/dag_crime_pipeline.py
[2026-06-07T15:47:47.763+0000] {logging_mixin.py:188} INFO - [2026-06-07T15:47:47.763+0000] {dag.py:3036} INFO - Sync 1 DAGs
[2026-06-07T15:47:47.792+0000] {logging_mixin.py:188} INFO - [2026-06-07T15:47:47.792+0000] {dag.py:3823} INFO - Setting next_dagrun for crime_analytics_pipeline to 2026-06-06 19:00:00+00:00, run_after=2026-06-13 19:00:00+00:00
[2026-06-07T15:47:47.833+0000] {processor.py:183} INFO - Processing /opt/airflow/dags/dag_crime_pipeline.py took 0.161 seconds
[2026-06-07T15:48:17.996+0000] {processor.py:161} INFO - Started process (PID=14058) to work on /opt/airflow/dags/dag_crime_pipeline.py
[2026-06-07T15:48:17.998+0000] {processor.py:830} INFO - Processing file /opt/airflow/dags/dag_crime_pipeline.py for tasks to queue
[2026-06-07T15:48:18.001+0000] {logging_mixin.py:188} INFO - [2026-06-07T15:48:18.001+0000] {dagbag.py:538} INFO - Filling up the DagBag from /opt/airflow/dags/dag_crime_pipeline.py
[2026-06-07T15:48:18.042+0000] {processor.py:840} INFO - DAG(s) 'crime_analytics_pipeline' retrieved from /opt/airflow/dags/dag_crime_pipeline.py
[2026-06-07T15:48:18.078+0000] {logging_mixin.py:188} INFO - [2026-06-07T15:48:18.078+0000] {dag.py:3036} INFO - Sync 1 DAGs
[2026-06-07T15:48:18.099+0000] {logging_mixin.py:188} INFO - [2026-06-07T15:48:18.099+0000] {dag.py:3823} INFO - Setting next_dagrun for crime_analytics_pipeline to 2026-06-06 19:00:00+00:00, run_after=2026-06-13 19:00:00+00:00
[2026-06-07T15:48:18.137+0000] {processor.py:183} INFO - Processing /opt/airflow/dags/dag_crime_pipeline.py took 0.146 seconds
[2026-06-07T15:48:48.409+0000] {processor.py:161} INFO - Started process (PID=14066) to work on /opt/airflow/dags/dag_crime_pipeline.py
[2026-06-07T15:48:48.412+0000] {processor.py:830} INFO - Processing file /opt/airflow/dags/dag_crime_pipeline.py for tasks to queue
[2026-06-07T15:48:48.416+0000] {logging_mixin.py:188} INFO - [2026-06-07T15:48:48.415+0000] {dagbag.py:538} INFO - Filling up the DagBag from /opt/airflow/dags/dag_crime_pipeline.py
[2026-06-07T15:48:48.464+0000] {processor.py:840} INFO - DAG(s) 'crime_analytics_pipeline' retrieved from /opt/airflow/dags/dag_crime_pipeline.py
[2026-06-07T15:48:48.508+0000] {logging_mixin.py:188} INFO - [2026-06-07T15:48:48.508+0000] {dag.py:3036} INFO - Sync 1 DAGs
[2026-06-07T15:48:48.567+0000] {processor.py:183} INFO - Processing /opt/airflow/dags/dag_crime_pipeline.py took 0.165 seconds
[2026-06-07T15:49:18.781+0000] {processor.py:161} INFO - Started process (PID=14132) to work on /opt/airflow/dags/dag_crime_pipeline.py
[2026-06-07T15:49:18.783+0000] {processor.py:830} INFO - Processing file /opt/airflow/dags/dag_crime_pipeline.py for tasks to queue
[2026-06-07T15:49:18.789+0000] {logging_mixin.py:188} INFO - [2026-06-07T15:49:18.788+0000] {dagbag.py:538} INFO - Filling up the DagBag from /opt/airflow/dags/dag_crime_pipeline.py
[2026-06-07T15:49:18.846+0000] {processor.py:840} INFO - DAG(s) 'crime_analytics_pipeline' retrieved from /opt/airflow/dags/dag_crime_pipeline.py
[2026-06-07T15:49:18.891+0000] {logging_mixin.py:188} INFO - [2026-06-07T15:49:18.891+0000] {dag.py:3036} INFO - Sync 1 DAGs
[2026-06-07T15:49:18.971+0000] {processor.py:183} INFO - Processing /opt/airflow/dags/dag_crime_pipeline.py took 0.195 seconds
[2026-06-07T15:49:49.174+0000] {processor.py:161} INFO - Started process (PID=14152) to work on /opt/airflow/dags/dag_crime_pipeline.py
[2026-06-07T15:49:49.175+0000] {processor.py:830} INFO - Processing file /opt/airflow/dags/dag_crime_pipeline.py for tasks to queue
[2026-06-07T15:49:49.179+0000] {logging_mixin.py:188} INFO - [2026-06-07T15:49:49.178+0000] {dagbag.py:538} INFO - Filling up the DagBag from /opt/airflow/dags/dag_crime_pipeline.py
[2026-06-07T15:49:49.225+0000] {processor.py:840} INFO - DAG(s) 'crime_analytics_pipeline' retrieved from /opt/airflow/dags/dag_crime_pipeline.py
[2026-06-07T15:49:49.265+0000] {logging_mixin.py:188} INFO - [2026-06-07T15:49:49.265+0000] {dag.py:3036} INFO - Sync 1 DAGs
[2026-06-07T15:49:49.312+0000] {processor.py:183} INFO - Processing /opt/airflow/dags/dag_crime_pipeline.py took 0.143 seconds
[2026-06-07T15:50:19.570+0000] {processor.py:161} INFO - Started process (PID=14157) to work on /opt/airflow/dags/dag_crime_pipeline.py
[2026-06-07T15:50:19.578+0000] {processor.py:830} INFO - Processing file /opt/airflow/dags/dag_crime_pipeline.py for tasks to queue
[2026-06-07T15:50:19.581+0000] {logging_mixin.py:188} INFO - [2026-06-07T15:50:19.580+0000] {dagbag.py:538} INFO - Filling up the DagBag from /opt/airflow/dags/dag_crime_pipeline.py
[2026-06-07T15:50:19.640+0000] {processor.py:840} INFO - DAG(s) 'crime_analytics_pipeline' retrieved from /opt/airflow/dags/dag_crime_pipeline.py
[2026-06-07T15:50:19.706+0000] {logging_mixin.py:188} INFO - [2026-06-07T15:50:19.706+0000] {dag.py:3036} INFO - Sync 1 DAGs
[2026-06-07T15:50:19.773+0000] {processor.py:183} INFO - Processing /opt/airflow/dags/dag_crime_pipeline.py took 0.207 seconds
[2026-06-07T15:50:50.142+0000] {processor.py:161} INFO - Started process (PID=14162) to work on /opt/airflow/dags/dag_crime_pipeline.py
[2026-06-07T15:50:50.144+0000] {processor.py:830} INFO - Processing file /opt/airflow/dags/dag_crime_pipeline.py for tasks to queue
[2026-06-07T15:50:50.149+0000] {logging_mixin.py:188} INFO - [2026-06-07T15:50:50.148+0000] {dagbag.py:538} INFO - Filling up the DagBag from /opt/airflow/dags/dag_crime_pipeline.py
[2026-06-07T15:50:50.197+0000] {processor.py:840} INFO - DAG(s) 'crime_analytics_pipeline' retrieved from /opt/airflow/dags/dag_crime_pipeline.py
[2026-06-07T15:50:50.237+0000] {logging_mixin.py:188} INFO - [2026-06-07T15:50:50.237+0000] {dag.py:3036} INFO - Sync 1 DAGs
[2026-06-07T15:50:50.286+0000] {processor.py:183} INFO - Processing /opt/airflow/dags/dag_crime_pipeline.py took 0.151 seconds
[2026-06-07T15:51:20.532+0000] {processor.py:161} INFO - Started process (PID=14171) to work on /opt/airflow/dags/dag_crime_pipeline.py
[2026-06-07T15:51:20.534+0000] {processor.py:830} INFO - Processing file /opt/airflow/dags/dag_crime_pipeline.py for tasks to queue
[2026-06-07T15:51:20.538+0000] {logging_mixin.py:188} INFO - [2026-06-07T15:51:20.537+0000] {dagbag.py:538} INFO - Filling up the DagBag from /opt/airflow/dags/dag_crime_pipeline.py
[2026-06-07T15:51:20.579+0000] {processor.py:840} INFO - DAG(s) 'crime_analytics_pipeline' retrieved from /opt/airflow/dags/dag_crime_pipeline.py
[2026-06-07T15:51:20.615+0000] {logging_mixin.py:188} INFO - [2026-06-07T15:51:20.615+0000] {dag.py:3036} INFO - Sync 1 DAGs
[2026-06-07T15:51:20.638+0000] {logging_mixin.py:188} INFO - [2026-06-07T15:51:20.638+0000] {dag.py:3823} INFO - Setting next_dagrun for crime_analytics_pipeline to 2026-06-06 19:00:00+00:00, run_after=2026-06-13 19:00:00+00:00
[2026-06-07T15:51:20.678+0000] {processor.py:183} INFO - Processing /opt/airflow/dags/dag_crime_pipeline.py took 0.151 seconds
[2026-06-07T15:51:50.895+0000] {processor.py:161} INFO - Started process (PID=14176) to work on /opt/airflow/dags/dag_crime_pipeline.py
[2026-06-07T15:51:50.897+0000] {processor.py:830} INFO - Processing file /opt/airflow/dags/dag_crime_pipeline.py for tasks to queue
[2026-06-07T15:51:50.900+0000] {logging_mixin.py:188} INFO - [2026-06-07T15:51:50.900+0000] {dagbag.py:538} INFO - Filling up the DagBag from /opt/airflow/dags/dag_crime_pipeline.py
[2026-06-07T15:51:50.947+0000] {processor.py:840} INFO - DAG(s) 'crime_analytics_pipeline' retrieved from /opt/airflow/dags/dag_crime_pipeline.py
[2026-06-07T15:51:50.986+0000] {logging_mixin.py:188} INFO - [2026-06-07T15:51:50.986+0000] {dag.py:3036} INFO - Sync 1 DAGs
[2026-06-07T15:51:51.017+0000] {logging_mixin.py:188} INFO - [2026-06-07T15:51:51.016+0000] {dag.py:3823} INFO - Setting next_dagrun for crime_analytics_pipeline to 2026-06-06 19:00:00+00:00, run_after=2026-06-13 19:00:00+00:00
[2026-06-07T15:51:51.045+0000] {processor.py:183} INFO - Processing /opt/airflow/dags/dag_crime_pipeline.py took 0.155 seconds
[2026-06-07T15:52:21.197+0000] {processor.py:161} INFO - Started process (PID=14181) to work on /opt/airflow/dags/dag_crime_pipeline.py
[2026-06-07T15:52:21.198+0000] {processor.py:830} INFO - Processing file /opt/airflow/dags/dag_crime_pipeline.py for tasks to queue
[2026-06-07T15:52:21.203+0000] {logging_mixin.py:188} INFO - [2026-06-07T15:52:21.201+0000] {dagbag.py:538} INFO - Filling up the DagBag from /opt/airflow/dags/dag_crime_pipeline.py
[2026-06-07T15:52:21.245+0000] {processor.py:840} INFO - DAG(s) 'crime_analytics_pipeline' retrieved from /opt/airflow/dags/dag_crime_pipeline.py
[2026-06-07T15:52:21.287+0000] {logging_mixin.py:188} INFO - [2026-06-07T15:52:21.287+0000] {dag.py:3036} INFO - Sync 1 DAGs
[2026-06-07T15:52:21.313+0000] {logging_mixin.py:188} INFO - [2026-06-07T15:52:21.313+0000] {dag.py:3823} INFO - Setting next_dagrun for crime_analytics_pipeline to 2026-06-06 19:00:00+00:00, run_after=2026-06-13 19:00:00+00:00
[2026-06-07T15:52:21.336+0000] {processor.py:183} INFO - Processing /opt/airflow/dags/dag_crime_pipeline.py took 0.145 seconds
[2026-06-07T15:52:51.638+0000] {processor.py:161} INFO - Started process (PID=14186) to work on /opt/airflow/dags/dag_crime_pipeline.py
[2026-06-07T15:52:51.640+0000] {processor.py:830} INFO - Processing file /opt/airflow/dags/dag_crime_pipeline.py for tasks to queue
[2026-06-07T15:52:51.643+0000] {logging_mixin.py:188} INFO - [2026-06-07T15:52:51.643+0000] {dagbag.py:538} INFO - Filling up the DagBag from /opt/airflow/dags/dag_crime_pipeline.py
[2026-06-07T15:52:51.686+0000] {processor.py:840} INFO - DAG(s) 'crime_analytics_pipeline' retrieved from /opt/airflow/dags/dag_crime_pipeline.py
[2026-06-07T15:52:51.721+0000] {logging_mixin.py:188} INFO - [2026-06-07T15:52:51.720+0000] {dag.py:3036} INFO - Sync 1 DAGs
[2026-06-07T15:52:51.741+0000] {logging_mixin.py:188} INFO - [2026-06-07T15:52:51.741+0000] {dag.py:3823} INFO - Setting next_dagrun for crime_analytics_pipeline to 2026-06-06 19:00:00+00:00, run_after=2026-06-13 19:00:00+00:00
[2026-06-07T15:52:51.781+0000] {processor.py:183} INFO - Processing /opt/airflow/dags/dag_crime_pipeline.py took 0.147 seconds
[2026-06-07T15:53:22.009+0000] {processor.py:161} INFO - Started process (PID=14191) to work on /opt/airflow/dags/dag_crime_pipeline.py
[2026-06-07T15:53:22.011+0000] {processor.py:830} INFO - Processing file /opt/airflow/dags/dag_crime_pipeline.py for tasks to queue
[2026-06-07T15:53:22.015+0000] {logging_mixin.py:188} INFO - [2026-06-07T15:53:22.015+0000] {dagbag.py:538} INFO - Filling up the DagBag from /opt/airflow/dags/dag_crime_pipeline.py
[2026-06-07T15:53:22.060+0000] {processor.py:840} INFO - DAG(s) 'crime_analytics_pipeline' retrieved from /opt/airflow/dags/dag_crime_pipeline.py
[2026-06-07T15:53:22.100+0000] {logging_mixin.py:188} INFO - [2026-06-07T15:53:22.099+0000] {dag.py:3036} INFO - Sync 1 DAGs
[2026-06-07T15:53:22.130+0000] {logging_mixin.py:188} INFO - [2026-06-07T15:53:22.129+0000] {dag.py:3823} INFO - Setting next_dagrun for crime_analytics_pipeline to 2026-06-06 19:00:00+00:00, run_after=2026-06-13 19:00:00+00:00
[2026-06-07T15:53:22.173+0000] {processor.py:183} INFO - Processing /opt/airflow/dags/dag_crime_pipeline.py took 0.170 seconds
[2026-06-07T15:53:52.448+0000] {processor.py:161} INFO - Started process (PID=14196) to work on /opt/airflow/dags/dag_crime_pipeline.py
[2026-06-07T15:53:52.450+0000] {processor.py:830} INFO - Processing file /opt/airflow/dags/dag_crime_pipeline.py for tasks to queue
[2026-06-07T15:53:52.453+0000] {logging_mixin.py:188} INFO - [2026-06-07T15:53:52.452+0000] {dagbag.py:538} INFO - Filling up the DagBag from /opt/airflow/dags/dag_crime_pipeline.py
[2026-06-07T15:53:52.496+0000] {processor.py:840} INFO - DAG(s) 'crime_analytics_pipeline' retrieved from /opt/airflow/dags/dag_crime_pipeline.py
[2026-06-07T15:53:52.534+0000] {logging_mixin.py:188} INFO - [2026-06-07T15:53:52.534+0000] {dag.py:3036} INFO - Sync 1 DAGs
[2026-06-07T15:53:52.562+0000] {logging_mixin.py:188} INFO - [2026-06-07T15:53:52.562+0000] {dag.py:3823} INFO - Setting next_dagrun for crime_analytics_pipeline to 2026-06-06 19:00:00+00:00, run_after=2026-06-13 19:00:00+00:00
[2026-06-07T15:53:52.586+0000] {processor.py:183} INFO - Processing /opt/airflow/dags/dag_crime_pipeline.py took 0.143 seconds
[2026-06-07T15:54:22.695+0000] {processor.py:161} INFO - Started process (PID=14201) to work on /opt/airflow/dags/dag_crime_pipeline.py
[2026-06-07T15:54:22.698+0000] {processor.py:830} INFO - Processing file /opt/airflow/dags/dag_crime_pipeline.py for tasks to queue
[2026-06-07T15:54:22.700+0000] {logging_mixin.py:188} INFO - [2026-06-07T15:54:22.700+0000] {dagbag.py:538} INFO - Filling up the DagBag from /opt/airflow/dags/dag_crime_pipeline.py
[2026-06-07T15:54:22.744+0000] {processor.py:840} INFO - DAG(s) 'crime_analytics_pipeline' retrieved from /opt/airflow/dags/dag_crime_pipeline.py
[2026-06-07T15:54:22.784+0000] {logging_mixin.py:188} INFO - [2026-06-07T15:54:22.784+0000] {dag.py:3036} INFO - Sync 1 DAGs
[2026-06-07T15:54:22.813+0000] {logging_mixin.py:188} INFO - [2026-06-07T15:54:22.813+0000] {dag.py:3823} INFO - Setting next_dagrun for crime_analytics_pipeline to 2026-06-06 19:00:00+00:00, run_after=2026-06-13 19:00:00+00:00
[2026-06-07T15:54:22.860+0000] {processor.py:183} INFO - Processing /opt/airflow/dags/dag_crime_pipeline.py took 0.169 seconds
[2026-06-07T15:54:53.126+0000] {processor.py:161} INFO - Started process (PID=14206) to work on /opt/airflow/dags/dag_crime_pipeline.py
[2026-06-07T15:54:53.128+0000] {processor.py:830} INFO - Processing file /opt/airflow/dags/dag_crime_pipeline.py for tasks to queue
[2026-06-07T15:54:53.132+0000] {logging_mixin.py:188} INFO - [2026-06-07T15:54:53.132+0000] {dagbag.py:538} INFO - Filling up the DagBag from /opt/airflow/dags/dag_crime_pipeline.py
[2026-06-07T15:54:53.178+0000] {processor.py:840} INFO - DAG(s) 'crime_analytics_pipeline' retrieved from /opt/airflow/dags/dag_crime_pipeline.py
[2026-06-07T15:54:53.219+0000] {logging_mixin.py:188} INFO - [2026-06-07T15:54:53.218+0000] {dag.py:3036} INFO - Sync 1 DAGs
[2026-06-07T15:54:53.247+0000] {logging_mixin.py:188} INFO - [2026-06-07T15:54:53.246+0000] {dag.py:3823} INFO - Setting next_dagrun for crime_analytics_pipeline to 2026-06-06 19:00:00+00:00, run_after=2026-06-13 19:00:00+00:00
[2026-06-07T15:54:53.293+0000] {processor.py:183} INFO - Processing /opt/airflow/dags/dag_crime_pipeline.py took 0.171 seconds
[2026-06-07T15:55:23.416+0000] {processor.py:161} INFO - Started process (PID=14211) to work on /opt/airflow/dags/dag_crime_pipeline.py
[2026-06-07T15:55:23.418+0000] {processor.py:830} INFO - Processing file /opt/airflow/dags/dag_crime_pipeline.py for tasks to queue
[2026-06-07T15:55:23.421+0000] {logging_mixin.py:188} INFO - [2026-06-07T15:55:23.420+0000] {dagbag.py:538} INFO - Filling up the DagBag from /opt/airflow/dags/dag_crime_pipeline.py
[2026-06-07T15:55:23.466+0000] {processor.py:840} INFO - DAG(s) 'crime_analytics_pipeline' retrieved from /opt/airflow/dags/dag_crime_pipeline.py
[2026-06-07T15:55:23.506+0000] {logging_mixin.py:188} INFO - [2026-06-07T15:55:23.505+0000] {dag.py:3036} INFO - Sync 1 DAGs
[2026-06-07T15:55:23.530+0000] {logging_mixin.py:188} INFO - [2026-06-07T15:55:23.530+0000] {dag.py:3823} INFO - Setting next_dagrun for crime_analytics_pipeline to 2026-06-06 19:00:00+00:00, run_after=2026-06-13 19:00:00+00:00
[2026-06-07T15:55:23.573+0000] {processor.py:183} INFO - Processing /opt/airflow/dags/dag_crime_pipeline.py took 0.163 seconds
[2026-06-07T15:55:53.865+0000] {processor.py:161} INFO - Started process (PID=14216) to work on /opt/airflow/dags/dag_crime_pipeline.py
[2026-06-07T15:55:53.866+0000] {processor.py:830} INFO - Processing file /opt/airflow/dags/dag_crime_pipeline.py for tasks to queue
[2026-06-07T15:55:53.869+0000] {logging_mixin.py:188} INFO - [2026-06-07T15:55:53.869+0000] {dagbag.py:538} INFO - Filling up the DagBag from /opt/airflow/dags/dag_crime_pipeline.py
[2026-06-07T15:55:53.914+0000] {processor.py:840} INFO - DAG(s) 'crime_analytics_pipeline' retrieved from /opt/airflow/dags/dag_crime_pipeline.py
[2026-06-07T15:55:53.955+0000] {logging_mixin.py:188} INFO - [2026-06-07T15:55:53.954+0000] {dag.py:3036} INFO - Sync 1 DAGs
[2026-06-07T15:55:53.984+0000] {logging_mixin.py:188} INFO - [2026-06-07T15:55:53.984+0000] {dag.py:3823} INFO - Setting next_dagrun for crime_analytics_pipeline to 2026-06-06 19:00:00+00:00, run_after=2026-06-13 19:00:00+00:00
[2026-06-07T15:55:54.051+0000] {processor.py:183} INFO - Processing /opt/airflow/dags/dag_crime_pipeline.py took 0.190 seconds
[2026-06-07T15:56:24.216+0000] {processor.py:161} INFO - Started process (PID=14221) to work on /opt/airflow/dags/dag_crime_pipeline.py
[2026-06-07T15:56:24.218+0000] {processor.py:830} INFO - Processing file /opt/airflow/dags/dag_crime_pipeline.py for tasks to queue
[2026-06-07T15:56:24.222+0000] {logging_mixin.py:188} INFO - [2026-06-07T15:56:24.221+0000] {dagbag.py:538} INFO - Filling up the DagBag from /opt/airflow/dags/dag_crime_pipeline.py
[2026-06-07T15:56:24.260+0000] {processor.py:840} INFO - DAG(s) 'crime_analytics_pipeline' retrieved from /opt/airflow/dags/dag_crime_pipeline.py
[2026-06-07T15:56:24.291+0000] {logging_mixin.py:188} INFO - [2026-06-07T15:56:24.290+0000] {dag.py:3036} INFO - Sync 1 DAGs
[2026-06-07T15:56:24.318+0000] {logging_mixin.py:188} INFO - [2026-06-07T15:56:24.318+0000] {dag.py:3823} INFO - Setting next_dagrun for crime_analytics_pipeline to 2026-06-06 19:00:00+00:00, run_after=2026-06-13 19:00:00+00:00
[2026-06-07T15:56:24.339+0000] {processor.py:183} INFO - Processing /opt/airflow/dags/dag_crime_pipeline.py took 0.127 seconds
[2026-06-07T15:56:54.628+0000] {processor.py:161} INFO - Started process (PID=14226) to work on /opt/airflow/dags/dag_crime_pipeline.py
[2026-06-07T15:56:54.630+0000] {processor.py:830} INFO - Processing file /opt/airflow/dags/dag_crime_pipeline.py for tasks to queue
[2026-06-07T15:56:54.633+0000] {logging_mixin.py:188} INFO - [2026-06-07T15:56:54.632+0000] {dagbag.py:538} INFO - Filling up the DagBag from /opt/airflow/dags/dag_crime_pipeline.py
[2026-06-07T15:56:54.675+0000] {processor.py:840} INFO - DAG(s) 'crime_analytics_pipeline' retrieved from /opt/airflow/dags/dag_crime_pipeline.py
[2026-06-07T15:56:54.716+0000] {logging_mixin.py:188} INFO - [2026-06-07T15:56:54.715+0000] {dag.py:3036} INFO - Sync 1 DAGs
[2026-06-07T15:56:54.741+0000] {logging_mixin.py:188} INFO - [2026-06-07T15:56:54.741+0000] {dag.py:3823} INFO - Setting next_dagrun for crime_analytics_pipeline to 2026-06-06 19:00:00+00:00, run_after=2026-06-13 19:00:00+00:00
[2026-06-07T15:56:54.765+0000] {processor.py:183} INFO - Processing /opt/airflow/dags/dag_crime_pipeline.py took 0.142 seconds
[2026-06-07T15:57:24.958+0000] {processor.py:161} INFO - Started process (PID=14231) to work on /opt/airflow/dags/dag_crime_pipeline.py
[2026-06-07T15:57:24.960+0000] {processor.py:830} INFO - Processing file /opt/airflow/dags/dag_crime_pipeline.py for tasks to queue
[2026-06-07T15:57:24.964+0000] {logging_mixin.py:188} INFO - [2026-06-07T15:57:24.963+0000] {dagbag.py:538} INFO - Filling up the DagBag from /opt/airflow/dags/dag_crime_pipeline.py
[2026-06-07T15:57:25.013+0000] {processor.py:840} INFO - DAG(s) 'crime_analytics_pipeline' retrieved from /opt/airflow/dags/dag_crime_pipeline.py
[2026-06-07T15:57:25.050+0000] {logging_mixin.py:188} INFO - [2026-06-07T15:57:25.050+0000] {dag.py:3036} INFO - Sync 1 DAGs
[2026-06-07T15:57:25.078+0000] {logging_mixin.py:188} INFO - [2026-06-07T15:57:25.078+0000] {dag.py:3823} INFO - Setting next_dagrun for crime_analytics_pipeline to 2026-06-06 19:00:00+00:00, run_after=2026-06-13 19:00:00+00:00
[2026-06-07T15:57:25.106+0000] {processor.py:183} INFO - Processing /opt/airflow/dags/dag_crime_pipeline.py took 0.153 seconds
[2026-06-07T15:57:55.278+0000] {processor.py:161} INFO - Started process (PID=14236) to work on /opt/airflow/dags/dag_crime_pipeline.py
[2026-06-07T15:57:55.281+0000] {processor.py:830} INFO - Processing file /opt/airflow/dags/dag_crime_pipeline.py for tasks to queue
[2026-06-07T15:57:55.284+0000] {logging_mixin.py:188} INFO - [2026-06-07T15:57:55.283+0000] {dagbag.py:538} INFO - Filling up the DagBag from /opt/airflow/dags/dag_crime_pipeline.py
[2026-06-07T15:57:55.330+0000] {processor.py:840} INFO - DAG(s) 'crime_analytics_pipeline' retrieved from /opt/airflow/dags/dag_crime_pipeline.py
[2026-06-07T15:57:55.373+0000] {logging_mixin.py:188} INFO - [2026-06-07T15:57:55.372+0000] {dag.py:3036} INFO - Sync 1 DAGs
[2026-06-07T15:57:55.405+0000] {logging_mixin.py:188} INFO - [2026-06-07T15:57:55.404+0000] {dag.py:3823} INFO - Setting next_dagrun for crime_analytics_pipeline to 2026-06-06 19:00:00+00:00, run_after=2026-06-13 19:00:00+00:00
[2026-06-07T15:57:55.429+0000] {processor.py:183} INFO - Processing /opt/airflow/dags/dag_crime_pipeline.py took 0.154 seconds
[2026-06-07T15:58:25.686+0000] {processor.py:161} INFO - Started process (PID=14289) to work on /opt/airflow/dags/dag_crime_pipeline.py
[2026-06-07T15:58:25.688+0000] {processor.py:830} INFO - Processing file /opt/airflow/dags/dag_crime_pipeline.py for tasks to queue
[2026-06-07T15:58:25.693+0000] {logging_mixin.py:188} INFO - [2026-06-07T15:58:25.693+0000] {dagbag.py:538} INFO - Filling up the DagBag from /opt/airflow/dags/dag_crime_pipeline.py
[2026-06-07T15:58:25.746+0000] {processor.py:840} INFO - DAG(s) 'crime_analytics_pipeline' retrieved from /opt/airflow/dags/dag_crime_pipeline.py
[2026-06-07T15:58:25.784+0000] {logging_mixin.py:188} INFO - [2026-06-07T15:58:25.783+0000] {dag.py:3036} INFO - Sync 1 DAGs
[2026-06-07T15:58:25.840+0000] {processor.py:183} INFO - Processing /opt/airflow/dags/dag_crime_pipeline.py took 0.164 seconds
[2026-06-07T15:58:56.075+0000] {processor.py:161} INFO - Started process (PID=14325) to work on /opt/airflow/dags/dag_crime_pipeline.py
[2026-06-07T15:58:56.077+0000] {processor.py:830} INFO - Processing file /opt/airflow/dags/dag_crime_pipeline.py for tasks to queue
[2026-06-07T15:58:56.083+0000] {logging_mixin.py:188} INFO - [2026-06-07T15:58:56.082+0000] {dagbag.py:538} INFO - Filling up the DagBag from /opt/airflow/dags/dag_crime_pipeline.py
[2026-06-07T15:58:56.140+0000] {processor.py:840} INFO - DAG(s) 'crime_analytics_pipeline' retrieved from /opt/airflow/dags/dag_crime_pipeline.py
[2026-06-07T15:58:56.188+0000] {logging_mixin.py:188} INFO - [2026-06-07T15:58:56.188+0000] {dag.py:3036} INFO - Sync 1 DAGs
[2026-06-07T15:58:56.263+0000] {processor.py:183} INFO - Processing /opt/airflow/dags/dag_crime_pipeline.py took 0.197 seconds
[2026-06-07T15:59:26.539+0000] {processor.py:161} INFO - Started process (PID=14330) to work on /opt/airflow/dags/dag_crime_pipeline.py
[2026-06-07T15:59:26.544+0000] {processor.py:830} INFO - Processing file /opt/airflow/dags/dag_crime_pipeline.py for tasks to queue
[2026-06-07T15:59:26.549+0000] {logging_mixin.py:188} INFO - [2026-06-07T15:59:26.549+0000] {dagbag.py:538} INFO - Filling up the DagBag from /opt/airflow/dags/dag_crime_pipeline.py
[2026-06-07T15:59:26.609+0000] {processor.py:840} INFO - DAG(s) 'crime_analytics_pipeline' retrieved from /opt/airflow/dags/dag_crime_pipeline.py
[2026-06-07T15:59:26.650+0000] {logging_mixin.py:188} INFO - [2026-06-07T15:59:26.649+0000] {dag.py:3036} INFO - Sync 1 DAGs
[2026-06-07T15:59:26.737+0000] {processor.py:183} INFO - Processing /opt/airflow/dags/dag_crime_pipeline.py took 0.205 seconds
[2026-06-07T15:59:57.090+0000] {processor.py:161} INFO - Started process (PID=14335) to work on /opt/airflow/dags/dag_crime_pipeline.py
[2026-06-07T15:59:57.097+0000] {processor.py:830} INFO - Processing file /opt/airflow/dags/dag_crime_pipeline.py for tasks to queue
[2026-06-07T15:59:57.102+0000] {logging_mixin.py:188} INFO - [2026-06-07T15:59:57.100+0000] {dagbag.py:538} INFO - Filling up the DagBag from /opt/airflow/dags/dag_crime_pipeline.py
[2026-06-07T15:59:57.195+0000] {processor.py:840} INFO - DAG(s) 'crime_analytics_pipeline' retrieved from /opt/airflow/dags/dag_crime_pipeline.py
[2026-06-07T15:59:57.248+0000] {logging_mixin.py:188} INFO - [2026-06-07T15:59:57.247+0000] {dag.py:3036} INFO - Sync 1 DAGs
[2026-06-07T15:59:57.296+0000] {processor.py:183} INFO - Processing /opt/airflow/dags/dag_crime_pipeline.py took 0.220 seconds
[2026-06-07T16:00:27.489+0000] {processor.py:161} INFO - Started process (PID=14344) to work on /opt/airflow/dags/dag_crime_pipeline.py
[2026-06-07T16:00:27.491+0000] {processor.py:830} INFO - Processing file /opt/airflow/dags/dag_crime_pipeline.py for tasks to queue
[2026-06-07T16:00:27.494+0000] {logging_mixin.py:188} INFO - [2026-06-07T16:00:27.493+0000] {dagbag.py:538} INFO - Filling up the DagBag from /opt/airflow/dags/dag_crime_pipeline.py
[2026-06-07T16:00:27.540+0000] {processor.py:840} INFO - DAG(s) 'crime_analytics_pipeline' retrieved from /opt/airflow/dags/dag_crime_pipeline.py
[2026-06-07T16:00:27.581+0000] {logging_mixin.py:188} INFO - [2026-06-07T16:00:27.580+0000] {dag.py:3036} INFO - Sync 1 DAGs
[2026-06-07T16:00:27.625+0000] {processor.py:183} INFO - Processing /opt/airflow/dags/dag_crime_pipeline.py took 0.141 seconds
[2026-06-07T16:00:57.931+0000] {processor.py:161} INFO - Started process (PID=14349) to work on /opt/airflow/dags/dag_crime_pipeline.py
[2026-06-07T16:00:57.933+0000] {processor.py:830} INFO - Processing file /opt/airflow/dags/dag_crime_pipeline.py for tasks to queue
[2026-06-07T16:00:57.936+0000] {logging_mixin.py:188} INFO - [2026-06-07T16:00:57.936+0000] {dagbag.py:538} INFO - Filling up the DagBag from /opt/airflow/dags/dag_crime_pipeline.py
[2026-06-07T16:00:57.972+0000] {processor.py:840} INFO - DAG(s) 'crime_analytics_pipeline' retrieved from /opt/airflow/dags/dag_crime_pipeline.py
[2026-06-07T16:00:58.005+0000] {logging_mixin.py:188} INFO - [2026-06-07T16:00:58.005+0000] {dag.py:3036} INFO - Sync 1 DAGs
[2026-06-07T16:00:58.032+0000] {logging_mixin.py:188} INFO - [2026-06-07T16:00:58.031+0000] {dag.py:3823} INFO - Setting next_dagrun for crime_analytics_pipeline to 2026-06-06 19:00:00+00:00, run_after=2026-06-13 19:00:00+00:00
[2026-06-07T16:00:58.074+0000] {processor.py:183} INFO - Processing /opt/airflow/dags/dag_crime_pipeline.py took 0.147 seconds
[2026-06-07T16:01:28.188+0000] {processor.py:161} INFO - Started process (PID=14354) to work on /opt/airflow/dags/dag_crime_pipeline.py
[2026-06-07T16:01:28.190+0000] {processor.py:830} INFO - Processing file /opt/airflow/dags/dag_crime_pipeline.py for tasks to queue
[2026-06-07T16:01:28.194+0000] {logging_mixin.py:188} INFO - [2026-06-07T16:01:28.193+0000] {dagbag.py:538} INFO - Filling up the DagBag from /opt/airflow/dags/dag_crime_pipeline.py
[2026-06-07T16:01:28.237+0000] {processor.py:840} INFO - DAG(s) 'crime_analytics_pipeline' retrieved from /opt/airflow/dags/dag_crime_pipeline.py
[2026-06-07T16:01:28.276+0000] {logging_mixin.py:188} INFO - [2026-06-07T16:01:28.275+0000] {dag.py:3036} INFO - Sync 1 DAGs
[2026-06-07T16:01:28.302+0000] {logging_mixin.py:188} INFO - [2026-06-07T16:01:28.301+0000] {dag.py:3823} INFO - Setting next_dagrun for crime_analytics_pipeline to 2026-06-06 19:00:00+00:00, run_after=2026-06-13 19:00:00+00:00
[2026-06-07T16:01:28.325+0000] {processor.py:183} INFO - Processing /opt/airflow/dags/dag_crime_pipeline.py took 0.142 seconds
[2026-06-07T16:01:58.660+0000] {processor.py:161} INFO - Started process (PID=14359) to work on /opt/airflow/dags/dag_crime_pipeline.py
[2026-06-07T16:01:58.661+0000] {processor.py:830} INFO - Processing file /opt/airflow/dags/dag_crime_pipeline.py for tasks to queue
[2026-06-07T16:01:58.665+0000] {logging_mixin.py:188} INFO - [2026-06-07T16:01:58.664+0000] {dagbag.py:538} INFO - Filling up the DagBag from /opt/airflow/dags/dag_crime_pipeline.py
[2026-06-07T16:01:58.710+0000] {processor.py:840} INFO - DAG(s) 'crime_analytics_pipeline' retrieved from /opt/airflow/dags/dag_crime_pipeline.py
[2026-06-07T16:01:58.745+0000] {logging_mixin.py:188} INFO - [2026-06-07T16:01:58.745+0000] {dag.py:3036} INFO - Sync 1 DAGs
[2026-06-07T16:01:58.769+0000] {logging_mixin.py:188} INFO - [2026-06-07T16:01:58.769+0000] {dag.py:3823} INFO - Setting next_dagrun for crime_analytics_pipeline to 2026-06-06 19:00:00+00:00, run_after=2026-06-13 19:00:00+00:00
[2026-06-07T16:01:58.813+0000] {processor.py:183} INFO - Processing /opt/airflow/dags/dag_crime_pipeline.py took 0.157 seconds
[2026-06-07T16:02:28.929+0000] {processor.py:161} INFO - Started process (PID=14364) to work on /opt/airflow/dags/dag_crime_pipeline.py
[2026-06-07T16:02:28.931+0000] {processor.py:830} INFO - Processing file /opt/airflow/dags/dag_crime_pipeline.py for tasks to queue
[2026-06-07T16:02:28.934+0000] {logging_mixin.py:188} INFO - [2026-06-07T16:02:28.934+0000] {dagbag.py:538} INFO - Filling up the DagBag from /opt/airflow/dags/dag_crime_pipeline.py
[2026-06-07T16:02:28.978+0000] {processor.py:840} INFO - DAG(s) 'crime_analytics_pipeline' retrieved from /opt/airflow/dags/dag_crime_pipeline.py
[2026-06-07T16:02:29.010+0000] {logging_mixin.py:188} INFO - [2026-06-07T16:02:29.010+0000] {dag.py:3036} INFO - Sync 1 DAGs
[2026-06-07T16:02:29.032+0000] {logging_mixin.py:188} INFO - [2026-06-07T16:02:29.032+0000] {dag.py:3823} INFO - Setting next_dagrun for crime_analytics_pipeline to 2026-06-06 19:00:00+00:00, run_after=2026-06-13 19:00:00+00:00
[2026-06-07T16:02:29.075+0000] {processor.py:183} INFO - Processing /opt/airflow/dags/dag_crime_pipeline.py took 0.151 seconds
[2026-06-07T16:02:59.338+0000] {processor.py:161} INFO - Started process (PID=14369) to work on /opt/airflow/dags/dag_crime_pipeline.py
[2026-06-07T16:02:59.339+0000] {processor.py:830} INFO - Processing file /opt/airflow/dags/dag_crime_pipeline.py for tasks to queue
[2026-06-07T16:02:59.342+0000] {logging_mixin.py:188} INFO - [2026-06-07T16:02:59.341+0000] {dagbag.py:538} INFO - Filling up the DagBag from /opt/airflow/dags/dag_crime_pipeline.py
[2026-06-07T16:02:59.383+0000] {processor.py:840} INFO - DAG(s) 'crime_analytics_pipeline' retrieved from /opt/airflow/dags/dag_crime_pipeline.py
[2026-06-07T16:02:59.424+0000] {logging_mixin.py:188} INFO - [2026-06-07T16:02:59.424+0000] {dag.py:3036} INFO - Sync 1 DAGs
[2026-06-07T16:02:59.450+0000] {logging_mixin.py:188} INFO - [2026-06-07T16:02:59.450+0000] {dag.py:3823} INFO - Setting next_dagrun for crime_analytics_pipeline to 2026-06-06 19:00:00+00:00, run_after=2026-06-13 19:00:00+00:00
[2026-06-07T16:02:59.475+0000] {processor.py:183} INFO - Processing /opt/airflow/dags/dag_crime_pipeline.py took 0.142 seconds
[2026-06-07T16:03:29.640+0000] {processor.py:161} INFO - Started process (PID=14374) to work on /opt/airflow/dags/dag_crime_pipeline.py
[2026-06-07T16:03:29.642+0000] {processor.py:830} INFO - Processing file /opt/airflow/dags/dag_crime_pipeline.py for tasks to queue
[2026-06-07T16:03:29.645+0000] {logging_mixin.py:188} INFO - [2026-06-07T16:03:29.644+0000] {dagbag.py:538} INFO - Filling up the DagBag from /opt/airflow/dags/dag_crime_pipeline.py
[2026-06-07T16:03:29.693+0000] {processor.py:840} INFO - DAG(s) 'crime_analytics_pipeline' retrieved from /opt/airflow/dags/dag_crime_pipeline.py
[2026-06-07T16:03:29.753+0000] {logging_mixin.py:188} INFO - [2026-06-07T16:03:29.752+0000] {dag.py:3036} INFO - Sync 1 DAGs
[2026-06-07T16:03:29.797+0000] {logging_mixin.py:188} INFO - [2026-06-07T16:03:29.796+0000] {dag.py:3823} INFO - Setting next_dagrun for crime_analytics_pipeline to 2026-06-06 19:00:00+00:00, run_after=2026-06-13 19:00:00+00:00
[2026-06-07T16:03:29.828+0000] {processor.py:183} INFO - Processing /opt/airflow/dags/dag_crime_pipeline.py took 0.194 seconds
[2026-06-07T16:03:59.998+0000] {processor.py:161} INFO - Started process (PID=14379) to work on /opt/airflow/dags/dag_crime_pipeline.py
[2026-06-07T16:04:00.000+0000] {processor.py:830} INFO - Processing file /opt/airflow/dags/dag_crime_pipeline.py for tasks to queue
[2026-06-07T16:04:00.003+0000] {logging_mixin.py:188} INFO - [2026-06-07T16:04:00.002+0000] {dagbag.py:538} INFO - Filling up the DagBag from /opt/airflow/dags/dag_crime_pipeline.py
[2026-06-07T16:04:00.046+0000] {processor.py:840} INFO - DAG(s) 'crime_analytics_pipeline' retrieved from /opt/airflow/dags/dag_crime_pipeline.py
[2026-06-07T16:04:00.093+0000] {logging_mixin.py:188} INFO - [2026-06-07T16:04:00.093+0000] {dag.py:3036} INFO - Sync 1 DAGs
[2026-06-07T16:04:00.117+0000] {logging_mixin.py:188} INFO - [2026-06-07T16:04:00.117+0000] {dag.py:3823} INFO - Setting next_dagrun for crime_analytics_pipeline to 2026-06-06 19:00:00+00:00, run_after=2026-06-13 19:00:00+00:00
[2026-06-07T16:04:00.138+0000] {processor.py:183} INFO - Processing /opt/airflow/dags/dag_crime_pipeline.py took 0.144 seconds
[2026-06-07T16:04:30.402+0000] {processor.py:161} INFO - Started process (PID=14384) to work on /opt/airflow/dags/dag_crime_pipeline.py
[2026-06-07T16:04:30.404+0000] {processor.py:830} INFO - Processing file /opt/airflow/dags/dag_crime_pipeline.py for tasks to queue
[2026-06-07T16:04:30.408+0000] {logging_mixin.py:188} INFO - [2026-06-07T16:04:30.407+0000] {dagbag.py:538} INFO - Filling up the DagBag from /opt/airflow/dags/dag_crime_pipeline.py
[2026-06-07T16:04:30.449+0000] {processor.py:840} INFO - DAG(s) 'crime_analytics_pipeline' retrieved from /opt/airflow/dags/dag_crime_pipeline.py
[2026-06-07T16:04:30.487+0000] {logging_mixin.py:188} INFO - [2026-06-07T16:04:30.486+0000] {dag.py:3036} INFO - Sync 1 DAGs
[2026-06-07T16:04:30.512+0000] {logging_mixin.py:188} INFO - [2026-06-07T16:04:30.511+0000] {dag.py:3823} INFO - Setting next_dagrun for crime_analytics_pipeline to 2026-06-06 19:00:00+00:00, run_after=2026-06-13 19:00:00+00:00
[2026-06-07T16:04:30.531+0000] {processor.py:183} INFO - Processing /opt/airflow/dags/dag_crime_pipeline.py took 0.134 seconds
[2026-06-07T16:05:00.753+0000] {processor.py:161} INFO - Started process (PID=14389) to work on /opt/airflow/dags/dag_crime_pipeline.py
[2026-06-07T16:05:00.755+0000] {processor.py:830} INFO - Processing file /opt/airflow/dags/dag_crime_pipeline.py for tasks to queue
[2026-06-07T16:05:00.758+0000] {logging_mixin.py:188} INFO - [2026-06-07T16:05:00.757+0000] {dagbag.py:538} INFO - Filling up the DagBag from /opt/airflow/dags/dag_crime_pipeline.py
[2026-06-07T16:05:00.801+0000] {processor.py:840} INFO - DAG(s) 'crime_analytics_pipeline' retrieved from /opt/airflow/dags/dag_crime_pipeline.py
[2026-06-07T16:05:00.832+0000] {logging_mixin.py:188} INFO - [2026-06-07T16:05:00.832+0000] {dag.py:3036} INFO - Sync 1 DAGs
[2026-06-07T16:05:00.852+0000] {logging_mixin.py:188} INFO - [2026-06-07T16:05:00.852+0000] {dag.py:3823} INFO - Setting next_dagrun for crime_analytics_pipeline to 2026-06-06 19:00:00+00:00, run_after=2026-06-13 19:00:00+00:00
[2026-06-07T16:05:00.898+0000] {processor.py:183} INFO - Processing /opt/airflow/dags/dag_crime_pipeline.py took 0.151 seconds
[2026-06-07T16:05:31.142+0000] {processor.py:161} INFO - Started process (PID=14394) to work on /opt/airflow/dags/dag_crime_pipeline.py
[2026-06-07T16:05:31.144+0000] {processor.py:830} INFO - Processing file /opt/airflow/dags/dag_crime_pipeline.py for tasks to queue
[2026-06-07T16:05:31.147+0000] {logging_mixin.py:188} INFO - [2026-06-07T16:05:31.146+0000] {dagbag.py:538} INFO - Filling up the DagBag from /opt/airflow/dags/dag_crime_pipeline.py
[2026-06-07T16:05:31.189+0000] {processor.py:840} INFO - DAG(s) 'crime_analytics_pipeline' retrieved from /opt/airflow/dags/dag_crime_pipeline.py
[2026-06-07T16:05:31.225+0000] {logging_mixin.py:188} INFO - [2026-06-07T16:05:31.225+0000] {dag.py:3036} INFO - Sync 1 DAGs
[2026-06-07T16:05:31.251+0000] {logging_mixin.py:188} INFO - [2026-06-07T16:05:31.251+0000] {dag.py:3823} INFO - Setting next_dagrun for crime_analytics_pipeline to 2026-06-06 19:00:00+00:00, run_after=2026-06-13 19:00:00+00:00
[2026-06-07T16:05:31.293+0000] {processor.py:183} INFO - Processing /opt/airflow/dags/dag_crime_pipeline.py took 0.156 seconds
[2026-06-07T16:06:01.501+0000] {processor.py:161} INFO - Started process (PID=14399) to work on /opt/airflow/dags/dag_crime_pipeline.py
[2026-06-07T16:06:01.503+0000] {processor.py:830} INFO - Processing file /opt/airflow/dags/dag_crime_pipeline.py for tasks to queue
[2026-06-07T16:06:01.506+0000] {logging_mixin.py:188} INFO - [2026-06-07T16:06:01.505+0000] {dagbag.py:538} INFO - Filling up the DagBag from /opt/airflow/dags/dag_crime_pipeline.py
[2026-06-07T16:06:01.549+0000] {processor.py:840} INFO - DAG(s) 'crime_analytics_pipeline' retrieved from /opt/airflow/dags/dag_crime_pipeline.py
[2026-06-07T16:06:01.586+0000] {logging_mixin.py:188} INFO - [2026-06-07T16:06:01.586+0000] {dag.py:3036} INFO - Sync 1 DAGs
[2026-06-07T16:06:01.613+0000] {logging_mixin.py:188} INFO - [2026-06-07T16:06:01.612+0000] {dag.py:3823} INFO - Setting next_dagrun for crime_analytics_pipeline to 2026-06-06 19:00:00+00:00, run_after=2026-06-13 19:00:00+00:00
[2026-06-07T16:06:01.656+0000] {processor.py:183} INFO - Processing /opt/airflow/dags/dag_crime_pipeline.py took 0.161 seconds
[2026-06-07T16:06:31.813+0000] {processor.py:161} INFO - Started process (PID=14404) to work on /opt/airflow/dags/dag_crime_pipeline.py
[2026-06-07T16:06:31.814+0000] {processor.py:830} INFO - Processing file /opt/airflow/dags/dag_crime_pipeline.py for tasks to queue
[2026-06-07T16:06:31.818+0000] {logging_mixin.py:188} INFO - [2026-06-07T16:06:31.817+0000] {dagbag.py:538} INFO - Filling up the DagBag from /opt/airflow/dags/dag_crime_pipeline.py
[2026-06-07T16:06:31.858+0000] {processor.py:840} INFO - DAG(s) 'crime_analytics_pipeline' retrieved from /opt/airflow/dags/dag_crime_pipeline.py
[2026-06-07T16:06:31.891+0000] {logging_mixin.py:188} INFO - [2026-06-07T16:06:31.891+0000] {dag.py:3036} INFO - Sync 1 DAGs
[2026-06-07T16:06:31.911+0000] {logging_mixin.py:188} INFO - [2026-06-07T16:06:31.911+0000] {dag.py:3823} INFO - Setting next_dagrun for crime_analytics_pipeline to 2026-06-06 19:00:00+00:00, run_after=2026-06-13 19:00:00+00:00
[2026-06-07T16:06:31.954+0000] {processor.py:183} INFO - Processing /opt/airflow/dags/dag_crime_pipeline.py took 0.146 seconds
[2026-06-07T16:07:02.301+0000] {processor.py:161} INFO - Started process (PID=14409) to work on /opt/airflow/dags/dag_crime_pipeline.py
[2026-06-07T16:07:02.302+0000] {processor.py:830} INFO - Processing file /opt/airflow/dags/dag_crime_pipeline.py for tasks to queue
[2026-06-07T16:07:02.305+0000] {logging_mixin.py:188} INFO - [2026-06-07T16:07:02.305+0000] {dagbag.py:538} INFO - Filling up the DagBag from /opt/airflow/dags/dag_crime_pipeline.py
[2026-06-07T16:07:02.347+0000] {processor.py:840} INFO - DAG(s) 'crime_analytics_pipeline' retrieved from /opt/airflow/dags/dag_crime_pipeline.py
[2026-06-07T16:07:02.383+0000] {logging_mixin.py:188} INFO - [2026-06-07T16:07:02.382+0000] {dag.py:3036} INFO - Sync 1 DAGs
[2026-06-07T16:07:02.408+0000] {logging_mixin.py:188} INFO - [2026-06-07T16:07:02.407+0000] {dag.py:3823} INFO - Setting next_dagrun for crime_analytics_pipeline to 2026-06-06 19:00:00+00:00, run_after=2026-06-13 19:00:00+00:00
[2026-06-07T16:07:02.431+0000] {processor.py:183} INFO - Processing /opt/airflow/dags/dag_crime_pipeline.py took 0.135 seconds
[2026-06-07T16:07:32.592+0000] {processor.py:161} INFO - Started process (PID=14414) to work on /opt/airflow/dags/dag_crime_pipeline.py
[2026-06-07T16:07:32.594+0000] {processor.py:830} INFO - Processing file /opt/airflow/dags/dag_crime_pipeline.py for tasks to queue
[2026-06-07T16:07:32.597+0000] {logging_mixin.py:188} INFO - [2026-06-07T16:07:32.597+0000] {dagbag.py:538} INFO - Filling up the DagBag from /opt/airflow/dags/dag_crime_pipeline.py
[2026-06-07T16:07:32.648+0000] {processor.py:840} INFO - DAG(s) 'crime_analytics_pipeline' retrieved from /opt/airflow/dags/dag_crime_pipeline.py
[2026-06-07T16:07:32.685+0000] {logging_mixin.py:188} INFO - [2026-06-07T16:07:32.685+0000] {dag.py:3036} INFO - Sync 1 DAGs
[2026-06-07T16:07:32.708+0000] {logging_mixin.py:188} INFO - [2026-06-07T16:07:32.708+0000] {dag.py:3823} INFO - Setting next_dagrun for crime_analytics_pipeline to 2026-06-06 19:00:00+00:00, run_after=2026-06-13 19:00:00+00:00
[2026-06-07T16:07:32.755+0000] {processor.py:183} INFO - Processing /opt/airflow/dags/dag_crime_pipeline.py took 0.169 seconds
[2026-06-07T16:08:02.990+0000] {processor.py:161} INFO - Started process (PID=14419) to work on /opt/airflow/dags/dag_crime_pipeline.py
[2026-06-07T16:08:02.993+0000] {processor.py:830} INFO - Processing file /opt/airflow/dags/dag_crime_pipeline.py for tasks to queue
[2026-06-07T16:08:02.996+0000] {logging_mixin.py:188} INFO - [2026-06-07T16:08:02.995+0000] {dagbag.py:538} INFO - Filling up the DagBag from /opt/airflow/dags/dag_crime_pipeline.py
[2026-06-07T16:08:03.039+0000] {processor.py:840} INFO - DAG(s) 'crime_analytics_pipeline' retrieved from /opt/airflow/dags/dag_crime_pipeline.py
[2026-06-07T16:08:03.073+0000] {logging_mixin.py:188} INFO - [2026-06-07T16:08:03.072+0000] {dag.py:3036} INFO - Sync 1 DAGs
[2026-06-07T16:08:03.097+0000] {logging_mixin.py:188} INFO - [2026-06-07T16:08:03.096+0000] {dag.py:3823} INFO - Setting next_dagrun for crime_analytics_pipeline to 2026-06-06 19:00:00+00:00, run_after=2026-06-13 19:00:00+00:00
[2026-06-07T16:08:03.137+0000] {processor.py:183} INFO - Processing /opt/airflow/dags/dag_crime_pipeline.py took 0.151 seconds
[2026-06-07T16:08:33.321+0000] {processor.py:161} INFO - Started process (PID=14424) to work on /opt/airflow/dags/dag_crime_pipeline.py
[2026-06-07T16:08:33.323+0000] {processor.py:830} INFO - Processing file /opt/airflow/dags/dag_crime_pipeline.py for tasks to queue
[2026-06-07T16:08:33.325+0000] {logging_mixin.py:188} INFO - [2026-06-07T16:08:33.325+0000] {dagbag.py:538} INFO - Filling up the DagBag from /opt/airflow/dags/dag_crime_pipeline.py
[2026-06-07T16:08:33.368+0000] {processor.py:840} INFO - DAG(s) 'crime_analytics_pipeline' retrieved from /opt/airflow/dags/dag_crime_pipeline.py
[2026-06-07T16:08:33.405+0000] {logging_mixin.py:188} INFO - [2026-06-07T16:08:33.404+0000] {dag.py:3036} INFO - Sync 1 DAGs
[2026-06-07T16:08:33.429+0000] {logging_mixin.py:188} INFO - [2026-06-07T16:08:33.429+0000] {dag.py:3823} INFO - Setting next_dagrun for crime_analytics_pipeline to 2026-06-06 19:00:00+00:00, run_after=2026-06-13 19:00:00+00:00
[2026-06-07T16:08:33.474+0000] {processor.py:183} INFO - Processing /opt/airflow/dags/dag_crime_pipeline.py took 0.158 seconds
[2026-06-07T16:09:03.699+0000] {processor.py:161} INFO - Started process (PID=14429) to work on /opt/airflow/dags/dag_crime_pipeline.py
[2026-06-07T16:09:03.701+0000] {processor.py:830} INFO - Processing file /opt/airflow/dags/dag_crime_pipeline.py for tasks to queue
[2026-06-07T16:09:03.705+0000] {logging_mixin.py:188} INFO - [2026-06-07T16:09:03.705+0000] {dagbag.py:538} INFO - Filling up the DagBag from /opt/airflow/dags/dag_crime_pipeline.py
[2026-06-07T16:09:03.751+0000] {processor.py:840} INFO - DAG(s) 'crime_analytics_pipeline' retrieved from /opt/airflow/dags/dag_crime_pipeline.py
[2026-06-07T16:09:03.788+0000] {logging_mixin.py:188} INFO - [2026-06-07T16:09:03.788+0000] {dag.py:3036} INFO - Sync 1 DAGs
[2026-06-07T16:09:03.810+0000] {logging_mixin.py:188} INFO - [2026-06-07T16:09:03.810+0000] {dag.py:3823} INFO - Setting next_dagrun for crime_analytics_pipeline to 2026-06-06 19:00:00+00:00, run_after=2026-06-13 19:00:00+00:00
[2026-06-07T16:09:03.830+0000] {processor.py:183} INFO - Processing /opt/airflow/dags/dag_crime_pipeline.py took 0.136 seconds
[2026-06-07T16:09:34.075+0000] {processor.py:161} INFO - Started process (PID=14434) to work on /opt/airflow/dags/dag_crime_pipeline.py
[2026-06-07T16:09:34.077+0000] {processor.py:830} INFO - Processing file /opt/airflow/dags/dag_crime_pipeline.py for tasks to queue
[2026-06-07T16:09:34.080+0000] {logging_mixin.py:188} INFO - [2026-06-07T16:09:34.080+0000] {dagbag.py:538} INFO - Filling up the DagBag from /opt/airflow/dags/dag_crime_pipeline.py
[2026-06-07T16:09:34.121+0000] {processor.py:840} INFO - DAG(s) 'crime_analytics_pipeline' retrieved from /opt/airflow/dags/dag_crime_pipeline.py
[2026-06-07T16:09:34.157+0000] {logging_mixin.py:188} INFO - [2026-06-07T16:09:34.157+0000] {dag.py:3036} INFO - Sync 1 DAGs
[2026-06-07T16:09:34.182+0000] {logging_mixin.py:188} INFO - [2026-06-07T16:09:34.181+0000] {dag.py:3823} INFO - Setting next_dagrun for crime_analytics_pipeline to 2026-06-06 19:00:00+00:00, run_after=2026-06-13 19:00:00+00:00
[2026-06-07T16:09:34.204+0000] {processor.py:183} INFO - Processing /opt/airflow/dags/dag_crime_pipeline.py took 0.134 seconds
[2026-06-07T16:10:04.430+0000] {processor.py:161} INFO - Started process (PID=14439) to work on /opt/airflow/dags/dag_crime_pipeline.py
[2026-06-07T16:10:04.432+0000] {processor.py:830} INFO - Processing file /opt/airflow/dags/dag_crime_pipeline.py for tasks to queue
[2026-06-07T16:10:04.436+0000] {logging_mixin.py:188} INFO - [2026-06-07T16:10:04.435+0000] {dagbag.py:538} INFO - Filling up the DagBag from /opt/airflow/dags/dag_crime_pipeline.py
[2026-06-07T16:10:04.477+0000] {processor.py:840} INFO - DAG(s) 'crime_analytics_pipeline' retrieved from /opt/airflow/dags/dag_crime_pipeline.py
[2026-06-07T16:10:04.514+0000] {logging_mixin.py:188} INFO - [2026-06-07T16:10:04.513+0000] {dag.py:3036} INFO - Sync 1 DAGs
[2026-06-07T16:10:04.537+0000] {logging_mixin.py:188} INFO - [2026-06-07T16:10:04.537+0000] {dag.py:3823} INFO - Setting next_dagrun for crime_analytics_pipeline to 2026-06-06 19:00:00+00:00, run_after=2026-06-13 19:00:00+00:00
[2026-06-07T16:10:04.580+0000] {processor.py:183} INFO - Processing /opt/airflow/dags/dag_crime_pipeline.py took 0.155 seconds
[2026-06-07T16:10:34.840+0000] {processor.py:161} INFO - Started process (PID=14444) to work on /opt/airflow/dags/dag_crime_pipeline.py
[2026-06-07T16:10:34.842+0000] {processor.py:830} INFO - Processing file /opt/airflow/dags/dag_crime_pipeline.py for tasks to queue
[2026-06-07T16:10:34.845+0000] {logging_mixin.py:188} INFO - [2026-06-07T16:10:34.844+0000] {dagbag.py:538} INFO - Filling up the DagBag from /opt/airflow/dags/dag_crime_pipeline.py
[2026-06-07T16:10:34.911+0000] {processor.py:840} INFO - DAG(s) 'crime_analytics_pipeline' retrieved from /opt/airflow/dags/dag_crime_pipeline.py
[2026-06-07T16:10:34.956+0000] {logging_mixin.py:188} INFO - [2026-06-07T16:10:34.955+0000] {dag.py:3036} INFO - Sync 1 DAGs
[2026-06-07T16:10:35.644+0000] {logging_mixin.py:188} INFO - [2026-06-07T16:10:35.644+0000] {dag.py:3823} INFO - Setting next_dagrun for crime_analytics_pipeline to 2026-06-06 19:00:00+00:00, run_after=2026-06-13 19:00:00+00:00
[2026-06-07T16:10:35.683+0000] {processor.py:183} INFO - Processing /opt/airflow/dags/dag_crime_pipeline.py took 0.849 seconds
[2026-06-07T16:11:06.064+0000] {processor.py:161} INFO - Started process (PID=14449) to work on /opt/airflow/dags/dag_crime_pipeline.py
[2026-06-07T16:11:06.065+0000] {processor.py:830} INFO - Processing file /opt/airflow/dags/dag_crime_pipeline.py for tasks to queue
[2026-06-07T16:11:06.070+0000] {logging_mixin.py:188} INFO - [2026-06-07T16:11:06.069+0000] {dagbag.py:538} INFO - Filling up the DagBag from /opt/airflow/dags/dag_crime_pipeline.py
[2026-06-07T16:11:06.112+0000] {processor.py:840} INFO - DAG(s) 'crime_analytics_pipeline' retrieved from /opt/airflow/dags/dag_crime_pipeline.py
[2026-06-07T16:11:06.148+0000] {logging_mixin.py:188} INFO - [2026-06-07T16:11:06.148+0000] {dag.py:3036} INFO - Sync 1 DAGs
[2026-06-07T16:11:06.171+0000] {logging_mixin.py:188} INFO - [2026-06-07T16:11:06.171+0000] {dag.py:3823} INFO - Setting next_dagrun for crime_analytics_pipeline to 2026-06-06 19:00:00+00:00, run_after=2026-06-13 19:00:00+00:00
[2026-06-07T16:11:06.210+0000] {processor.py:183} INFO - Processing /opt/airflow/dags/dag_crime_pipeline.py took 0.151 seconds
[2026-06-07T16:11:36.389+0000] {processor.py:161} INFO - Started process (PID=14454) to work on /opt/airflow/dags/dag_crime_pipeline.py
[2026-06-07T16:11:36.390+0000] {processor.py:830} INFO - Processing file /opt/airflow/dags/dag_crime_pipeline.py for tasks to queue
[2026-06-07T16:11:36.393+0000] {logging_mixin.py:188} INFO - [2026-06-07T16:11:36.393+0000] {dagbag.py:538} INFO - Filling up the DagBag from /opt/airflow/dags/dag_crime_pipeline.py
[2026-06-07T16:11:36.447+0000] {processor.py:840} INFO - DAG(s) 'crime_analytics_pipeline' retrieved from /opt/airflow/dags/dag_crime_pipeline.py
[2026-06-07T16:11:36.758+0000] {logging_mixin.py:188} INFO - [2026-06-07T16:11:36.758+0000] {dag.py:3036} INFO - Sync 1 DAGs
[2026-06-07T16:11:36.781+0000] {logging_mixin.py:188} INFO - [2026-06-07T16:11:36.780+0000] {dag.py:3823} INFO - Setting next_dagrun for crime_analytics_pipeline to 2026-06-06 19:00:00+00:00, run_after=2026-06-13 19:00:00+00:00
[2026-06-07T16:11:36.803+0000] {processor.py:183} INFO - Processing /opt/airflow/dags/dag_crime_pipeline.py took 0.419 seconds
[2026-06-07T16:12:07.561+0000] {processor.py:161} INFO - Started process (PID=14459) to work on /opt/airflow/dags/dag_crime_pipeline.py
[2026-06-07T16:12:07.563+0000] {processor.py:830} INFO - Processing file /opt/airflow/dags/dag_crime_pipeline.py for tasks to queue
[2026-06-07T16:12:07.566+0000] {logging_mixin.py:188} INFO - [2026-06-07T16:12:07.565+0000] {dagbag.py:538} INFO - Filling up the DagBag from /opt/airflow/dags/dag_crime_pipeline.py
[2026-06-07T16:12:07.606+0000] {processor.py:840} INFO - DAG(s) 'crime_analytics_pipeline' retrieved from /opt/airflow/dags/dag_crime_pipeline.py
[2026-06-07T16:12:07.643+0000] {logging_mixin.py:188} INFO - [2026-06-07T16:12:07.642+0000] {dag.py:3036} INFO - Sync 1 DAGs
[2026-06-07T16:12:07.670+0000] {logging_mixin.py:188} INFO - [2026-06-07T16:12:07.670+0000] {dag.py:3823} INFO - Setting next_dagrun for crime_analytics_pipeline to 2026-06-06 19:00:00+00:00, run_after=2026-06-13 19:00:00+00:00
[2026-06-07T16:12:07.712+0000] {processor.py:183} INFO - Processing /opt/airflow/dags/dag_crime_pipeline.py took 0.156 seconds
[2026-06-07T16:12:37.997+0000] {processor.py:161} INFO - Started process (PID=14464) to work on /opt/airflow/dags/dag_crime_pipeline.py
[2026-06-07T16:12:37.998+0000] {processor.py:830} INFO - Processing file /opt/airflow/dags/dag_crime_pipeline.py for tasks to queue
[2026-06-07T16:12:38.002+0000] {logging_mixin.py:188} INFO - [2026-06-07T16:12:38.001+0000] {dagbag.py:538} INFO - Filling up the DagBag from /opt/airflow/dags/dag_crime_pipeline.py
[2026-06-07T16:12:38.046+0000] {processor.py:840} INFO - DAG(s) 'crime_analytics_pipeline' retrieved from /opt/airflow/dags/dag_crime_pipeline.py
[2026-06-07T16:12:38.081+0000] {logging_mixin.py:188} INFO - [2026-06-07T16:12:38.080+0000] {dag.py:3036} INFO - Sync 1 DAGs
[2026-06-07T16:12:38.105+0000] {logging_mixin.py:188} INFO - [2026-06-07T16:12:38.104+0000] {dag.py:3823} INFO - Setting next_dagrun for crime_analytics_pipeline to 2026-06-06 19:00:00+00:00, run_after=2026-06-13 19:00:00+00:00
[2026-06-07T16:12:38.128+0000] {processor.py:183} INFO - Processing /opt/airflow/dags/dag_crime_pipeline.py took 0.136 seconds
[2026-06-07T16:13:08.421+0000] {processor.py:161} INFO - Started process (PID=14469) to work on /opt/airflow/dags/dag_crime_pipeline.py
[2026-06-07T16:13:08.423+0000] {processor.py:830} INFO - Processing file /opt/airflow/dags/dag_crime_pipeline.py for tasks to queue
[2026-06-07T16:13:08.427+0000] {logging_mixin.py:188} INFO - [2026-06-07T16:13:08.426+0000] {dagbag.py:538} INFO - Filling up the DagBag from /opt/airflow/dags/dag_crime_pipeline.py
[2026-06-07T16:13:08.469+0000] {processor.py:840} INFO - DAG(s) 'crime_analytics_pipeline' retrieved from /opt/airflow/dags/dag_crime_pipeline.py
[2026-06-07T16:13:08.506+0000] {logging_mixin.py:188} INFO - [2026-06-07T16:13:08.505+0000] {dag.py:3036} INFO - Sync 1 DAGs
[2026-06-07T16:13:08.534+0000] {logging_mixin.py:188} INFO - [2026-06-07T16:13:08.533+0000] {dag.py:3823} INFO - Setting next_dagrun for crime_analytics_pipeline to 2026-06-06 19:00:00+00:00, run_after=2026-06-13 19:00:00+00:00
[2026-06-07T16:13:08.578+0000] {processor.py:183} INFO - Processing /opt/airflow/dags/dag_crime_pipeline.py took 0.162 seconds
[2026-06-07T16:13:38.810+0000] {processor.py:161} INFO - Started process (PID=14477) to work on /opt/airflow/dags/dag_crime_pipeline.py
[2026-06-07T16:13:38.812+0000] {processor.py:830} INFO - Processing file /opt/airflow/dags/dag_crime_pipeline.py for tasks to queue
[2026-06-07T16:13:38.817+0000] {logging_mixin.py:188} INFO - [2026-06-07T16:13:38.816+0000] {dagbag.py:538} INFO - Filling up the DagBag from /opt/airflow/dags/dag_crime_pipeline.py
[2026-06-07T16:13:38.865+0000] {processor.py:840} INFO - DAG(s) 'crime_analytics_pipeline' retrieved from /opt/airflow/dags/dag_crime_pipeline.py
[2026-06-07T16:13:38.903+0000] {logging_mixin.py:188} INFO - [2026-06-07T16:13:38.903+0000] {dag.py:3036} INFO - Sync 1 DAGs
[2026-06-07T16:13:38.954+0000] {processor.py:183} INFO - Processing /opt/airflow/dags/dag_crime_pipeline.py took 0.152 seconds
[2026-06-07T16:14:09.103+0000] {processor.py:161} INFO - Started process (PID=14543) to work on /opt/airflow/dags/dag_crime_pipeline.py
[2026-06-07T16:14:09.105+0000] {processor.py:830} INFO - Processing file /opt/airflow/dags/dag_crime_pipeline.py for tasks to queue
[2026-06-07T16:14:09.109+0000] {logging_mixin.py:188} INFO - [2026-06-07T16:14:09.109+0000] {dagbag.py:538} INFO - Filling up the DagBag from /opt/airflow/dags/dag_crime_pipeline.py
[2026-06-07T16:14:09.160+0000] {processor.py:840} INFO - DAG(s) 'crime_analytics_pipeline' retrieved from /opt/airflow/dags/dag_crime_pipeline.py
[2026-06-07T16:14:09.211+0000] {logging_mixin.py:188} INFO - [2026-06-07T16:14:09.209+0000] {dag.py:3036} INFO - Sync 1 DAGs
[2026-06-07T16:14:09.268+0000] {processor.py:183} INFO - Processing /opt/airflow/dags/dag_crime_pipeline.py took 0.171 seconds
[2026-06-07T16:14:39.548+0000] {processor.py:161} INFO - Started process (PID=14563) to work on /opt/airflow/dags/dag_crime_pipeline.py
[2026-06-07T16:14:39.550+0000] {processor.py:830} INFO - Processing file /opt/airflow/dags/dag_crime_pipeline.py for tasks to queue
[2026-06-07T16:14:39.555+0000] {logging_mixin.py:188} INFO - [2026-06-07T16:14:39.554+0000] {dagbag.py:538} INFO - Filling up the DagBag from /opt/airflow/dags/dag_crime_pipeline.py
[2026-06-07T16:14:39.597+0000] {processor.py:840} INFO - DAG(s) 'crime_analytics_pipeline' retrieved from /opt/airflow/dags/dag_crime_pipeline.py
[2026-06-07T16:14:39.634+0000] {logging_mixin.py:188} INFO - [2026-06-07T16:14:39.634+0000] {dag.py:3036} INFO - Sync 1 DAGs
[2026-06-07T16:14:39.724+0000] {processor.py:183} INFO - Processing /opt/airflow/dags/dag_crime_pipeline.py took 0.181 seconds
[2026-06-07T16:15:09.866+0000] {processor.py:161} INFO - Started process (PID=14568) to work on /opt/airflow/dags/dag_crime_pipeline.py
[2026-06-07T16:15:09.875+0000] {processor.py:830} INFO - Processing file /opt/airflow/dags/dag_crime_pipeline.py for tasks to queue
[2026-06-07T16:15:09.879+0000] {logging_mixin.py:188} INFO - [2026-06-07T16:15:09.878+0000] {dagbag.py:538} INFO - Filling up the DagBag from /opt/airflow/dags/dag_crime_pipeline.py
[2026-06-07T16:15:09.942+0000] {processor.py:840} INFO - DAG(s) 'crime_analytics_pipeline' retrieved from /opt/airflow/dags/dag_crime_pipeline.py
[2026-06-07T16:15:09.993+0000] {logging_mixin.py:188} INFO - [2026-06-07T16:15:09.992+0000] {dag.py:3036} INFO - Sync 1 DAGs
[2026-06-07T16:15:10.095+0000] {processor.py:183} INFO - Processing /opt/airflow/dags/dag_crime_pipeline.py took 0.233 seconds
[2026-06-07T16:15:40.427+0000] {processor.py:161} INFO - Started process (PID=14573) to work on /opt/airflow/dags/dag_crime_pipeline.py
[2026-06-07T16:15:40.429+0000] {processor.py:830} INFO - Processing file /opt/airflow/dags/dag_crime_pipeline.py for tasks to queue
[2026-06-07T16:15:40.433+0000] {logging_mixin.py:188} INFO - [2026-06-07T16:15:40.433+0000] {dagbag.py:538} INFO - Filling up the DagBag from /opt/airflow/dags/dag_crime_pipeline.py
[2026-06-07T16:15:40.481+0000] {processor.py:840} INFO - DAG(s) 'crime_analytics_pipeline' retrieved from /opt/airflow/dags/dag_crime_pipeline.py
[2026-06-07T16:15:40.526+0000] {logging_mixin.py:188} INFO - [2026-06-07T16:15:40.526+0000] {dag.py:3036} INFO - Sync 1 DAGs
[2026-06-07T16:15:40.580+0000] {processor.py:183} INFO - Processing /opt/airflow/dags/dag_crime_pipeline.py took 0.160 seconds
[2026-06-07T16:16:10.751+0000] {processor.py:161} INFO - Started process (PID=14582) to work on /opt/airflow/dags/dag_crime_pipeline.py
[2026-06-07T16:16:10.753+0000] {processor.py:830} INFO - Processing file /opt/airflow/dags/dag_crime_pipeline.py for tasks to queue
[2026-06-07T16:16:10.759+0000] {logging_mixin.py:188} INFO - [2026-06-07T16:16:10.758+0000] {dagbag.py:538} INFO - Filling up the DagBag from /opt/airflow/dags/dag_crime_pipeline.py
[2026-06-07T16:16:10.808+0000] {processor.py:840} INFO - DAG(s) 'crime_analytics_pipeline' retrieved from /opt/airflow/dags/dag_crime_pipeline.py
[2026-06-07T16:16:10.849+0000] {logging_mixin.py:188} INFO - [2026-06-07T16:16:10.848+0000] {dag.py:3036} INFO - Sync 1 DAGs
[2026-06-07T16:16:10.918+0000] {processor.py:183} INFO - Processing /opt/airflow/dags/dag_crime_pipeline.py took 0.175 seconds
[2026-06-07T16:16:41.157+0000] {processor.py:161} INFO - Started process (PID=14587) to work on /opt/airflow/dags/dag_crime_pipeline.py
[2026-06-07T16:16:41.159+0000] {processor.py:830} INFO - Processing file /opt/airflow/dags/dag_crime_pipeline.py for tasks to queue
[2026-06-07T16:16:41.162+0000] {logging_mixin.py:188} INFO - [2026-06-07T16:16:41.161+0000] {dagbag.py:538} INFO - Filling up the DagBag from /opt/airflow/dags/dag_crime_pipeline.py
[2026-06-07T16:16:41.206+0000] {processor.py:840} INFO - DAG(s) 'crime_analytics_pipeline' retrieved from /opt/airflow/dags/dag_crime_pipeline.py
[2026-06-07T16:16:41.242+0000] {logging_mixin.py:188} INFO - [2026-06-07T16:16:41.242+0000] {dag.py:3036} INFO - Sync 1 DAGs
[2026-06-07T16:16:41.269+0000] {logging_mixin.py:188} INFO - [2026-06-07T16:16:41.268+0000] {dag.py:3823} INFO - Setting next_dagrun for crime_analytics_pipeline to 2026-06-06 19:00:00+00:00, run_after=2026-06-13 19:00:00+00:00
[2026-06-07T16:16:41.291+0000] {processor.py:183} INFO - Processing /opt/airflow/dags/dag_crime_pipeline.py took 0.139 seconds
[2026-06-07T16:17:11.451+0000] {processor.py:161} INFO - Started process (PID=14592) to work on /opt/airflow/dags/dag_crime_pipeline.py
[2026-06-07T16:17:11.453+0000] {processor.py:830} INFO - Processing file /opt/airflow/dags/dag_crime_pipeline.py for tasks to queue
[2026-06-07T16:17:11.456+0000] {logging_mixin.py:188} INFO - [2026-06-07T16:17:11.455+0000] {dagbag.py:538} INFO - Filling up the DagBag from /opt/airflow/dags/dag_crime_pipeline.py
[2026-06-07T16:17:11.497+0000] {processor.py:840} INFO - DAG(s) 'crime_analytics_pipeline' retrieved from /opt/airflow/dags/dag_crime_pipeline.py
[2026-06-07T16:17:11.536+0000] {logging_mixin.py:188} INFO - [2026-06-07T16:17:11.535+0000] {dag.py:3036} INFO - Sync 1 DAGs
[2026-06-07T16:17:11.564+0000] {logging_mixin.py:188} INFO - [2026-06-07T16:17:11.564+0000] {dag.py:3823} INFO - Setting next_dagrun for crime_analytics_pipeline to 2026-06-06 19:00:00+00:00, run_after=2026-06-13 19:00:00+00:00
[2026-06-07T16:17:11.605+0000] {processor.py:183} INFO - Processing /opt/airflow/dags/dag_crime_pipeline.py took 0.159 seconds
[2026-06-07T16:17:41.836+0000] {processor.py:161} INFO - Started process (PID=14597) to work on /opt/airflow/dags/dag_crime_pipeline.py
[2026-06-07T16:17:41.837+0000] {processor.py:830} INFO - Processing file /opt/airflow/dags/dag_crime_pipeline.py for tasks to queue
[2026-06-07T16:17:41.840+0000] {logging_mixin.py:188} INFO - [2026-06-07T16:17:41.840+0000] {dagbag.py:538} INFO - Filling up the DagBag from /opt/airflow/dags/dag_crime_pipeline.py
[2026-06-07T16:17:41.880+0000] {processor.py:840} INFO - DAG(s) 'crime_analytics_pipeline' retrieved from /opt/airflow/dags/dag_crime_pipeline.py
[2026-06-07T16:17:41.912+0000] {logging_mixin.py:188} INFO - [2026-06-07T16:17:41.912+0000] {dag.py:3036} INFO - Sync 1 DAGs
[2026-06-07T16:17:41.936+0000] {logging_mixin.py:188} INFO - [2026-06-07T16:17:41.936+0000] {dag.py:3823} INFO - Setting next_dagrun for crime_analytics_pipeline to 2026-06-06 19:00:00+00:00, run_after=2026-06-13 19:00:00+00:00
[2026-06-07T16:17:41.973+0000] {processor.py:183} INFO - Processing /opt/airflow/dags/dag_crime_pipeline.py took 0.142 seconds
[2026-06-07T16:18:12.181+0000] {processor.py:161} INFO - Started process (PID=14602) to work on /opt/airflow/dags/dag_crime_pipeline.py
[2026-06-07T16:18:12.183+0000] {processor.py:830} INFO - Processing file /opt/airflow/dags/dag_crime_pipeline.py for tasks to queue
[2026-06-07T16:18:12.186+0000] {logging_mixin.py:188} INFO - [2026-06-07T16:18:12.185+0000] {dagbag.py:538} INFO - Filling up the DagBag from /opt/airflow/dags/dag_crime_pipeline.py
[2026-06-07T16:18:12.227+0000] {processor.py:840} INFO - DAG(s) 'crime_analytics_pipeline' retrieved from /opt/airflow/dags/dag_crime_pipeline.py
[2026-06-07T16:18:12.266+0000] {logging_mixin.py:188} INFO - [2026-06-07T16:18:12.265+0000] {dag.py:3036} INFO - Sync 1 DAGs
[2026-06-07T16:18:12.290+0000] {logging_mixin.py:188} INFO - [2026-06-07T16:18:12.290+0000] {dag.py:3823} INFO - Setting next_dagrun for crime_analytics_pipeline to 2026-06-06 19:00:00+00:00, run_after=2026-06-13 19:00:00+00:00
[2026-06-07T16:18:12.335+0000] {processor.py:183} INFO - Processing /opt/airflow/dags/dag_crime_pipeline.py took 0.159 seconds
[2026-06-07T16:18:42.571+0000] {processor.py:161} INFO - Started process (PID=14607) to work on /opt/airflow/dags/dag_crime_pipeline.py
[2026-06-07T16:18:42.572+0000] {processor.py:830} INFO - Processing file /opt/airflow/dags/dag_crime_pipeline.py for tasks to queue
[2026-06-07T16:18:42.575+0000] {logging_mixin.py:188} INFO - [2026-06-07T16:18:42.575+0000] {dagbag.py:538} INFO - Filling up the DagBag from /opt/airflow/dags/dag_crime_pipeline.py
[2026-06-07T16:18:42.620+0000] {processor.py:840} INFO - DAG(s) 'crime_analytics_pipeline' retrieved from /opt/airflow/dags/dag_crime_pipeline.py
[2026-06-07T16:18:42.652+0000] {logging_mixin.py:188} INFO - [2026-06-07T16:18:42.651+0000] {dag.py:3036} INFO - Sync 1 DAGs
[2026-06-07T16:18:42.679+0000] {logging_mixin.py:188} INFO - [2026-06-07T16:18:42.678+0000] {dag.py:3823} INFO - Setting next_dagrun for crime_analytics_pipeline to 2026-06-06 19:00:00+00:00, run_after=2026-06-13 19:00:00+00:00
[2026-06-07T16:18:42.702+0000] {processor.py:183} INFO - Processing /opt/airflow/dags/dag_crime_pipeline.py took 0.135 seconds
[2026-06-07T16:19:12.899+0000] {processor.py:161} INFO - Started process (PID=14612) to work on /opt/airflow/dags/dag_crime_pipeline.py
[2026-06-07T16:19:12.901+0000] {processor.py:830} INFO - Processing file /opt/airflow/dags/dag_crime_pipeline.py for tasks to queue
[2026-06-07T16:19:12.904+0000] {logging_mixin.py:188} INFO - [2026-06-07T16:19:12.904+0000] {dagbag.py:538} INFO - Filling up the DagBag from /opt/airflow/dags/dag_crime_pipeline.py
[2026-06-07T16:19:12.945+0000] {processor.py:840} INFO - DAG(s) 'crime_analytics_pipeline' retrieved from /opt/airflow/dags/dag_crime_pipeline.py
[2026-06-07T16:19:12.977+0000] {logging_mixin.py:188} INFO - [2026-06-07T16:19:12.977+0000] {dag.py:3036} INFO - Sync 1 DAGs
[2026-06-07T16:19:13.005+0000] {logging_mixin.py:188} INFO - [2026-06-07T16:19:13.005+0000] {dag.py:3823} INFO - Setting next_dagrun for crime_analytics_pipeline to 2026-06-06 19:00:00+00:00, run_after=2026-06-13 19:00:00+00:00
[2026-06-07T16:19:13.030+0000] {processor.py:183} INFO - Processing /opt/airflow/dags/dag_crime_pipeline.py took 0.135 seconds
[2026-06-07T16:19:43.327+0000] {processor.py:161} INFO - Started process (PID=14617) to work on /opt/airflow/dags/dag_crime_pipeline.py
[2026-06-07T16:19:43.328+0000] {processor.py:830} INFO - Processing file /opt/airflow/dags/dag_crime_pipeline.py for tasks to queue
[2026-06-07T16:19:43.332+0000] {logging_mixin.py:188} INFO - [2026-06-07T16:19:43.331+0000] {dagbag.py:538} INFO - Filling up the DagBag from /opt/airflow/dags/dag_crime_pipeline.py
[2026-06-07T16:19:43.379+0000] {processor.py:840} INFO - DAG(s) 'crime_analytics_pipeline' retrieved from /opt/airflow/dags/dag_crime_pipeline.py
[2026-06-07T16:19:43.418+0000] {logging_mixin.py:188} INFO - [2026-06-07T16:19:43.417+0000] {dag.py:3036} INFO - Sync 1 DAGs
[2026-06-07T16:19:43.442+0000] {logging_mixin.py:188} INFO - [2026-06-07T16:19:43.442+0000] {dag.py:3823} INFO - Setting next_dagrun for crime_analytics_pipeline to 2026-06-06 19:00:00+00:00, run_after=2026-06-13 19:00:00+00:00
[2026-06-07T16:19:43.464+0000] {processor.py:183} INFO - Processing /opt/airflow/dags/dag_crime_pipeline.py took 0.143 seconds
[2026-06-07T16:20:13.601+0000] {processor.py:161} INFO - Started process (PID=14622) to work on /opt/airflow/dags/dag_crime_pipeline.py
[2026-06-07T16:20:13.603+0000] {processor.py:830} INFO - Processing file /opt/airflow/dags/dag_crime_pipeline.py for tasks to queue
[2026-06-07T16:20:13.606+0000] {logging_mixin.py:188} INFO - [2026-06-07T16:20:13.605+0000] {dagbag.py:538} INFO - Filling up the DagBag from /opt/airflow/dags/dag_crime_pipeline.py
[2026-06-07T16:20:13.648+0000] {processor.py:840} INFO - DAG(s) 'crime_analytics_pipeline' retrieved from /opt/airflow/dags/dag_crime_pipeline.py
[2026-06-07T16:20:13.686+0000] {logging_mixin.py:188} INFO - [2026-06-07T16:20:13.685+0000] {dag.py:3036} INFO - Sync 1 DAGs
[2026-06-07T16:20:13.712+0000] {logging_mixin.py:188} INFO - [2026-06-07T16:20:13.711+0000] {dag.py:3823} INFO - Setting next_dagrun for crime_analytics_pipeline to 2026-06-06 19:00:00+00:00, run_after=2026-06-13 19:00:00+00:00
[2026-06-07T16:20:13.755+0000] {processor.py:183} INFO - Processing /opt/airflow/dags/dag_crime_pipeline.py took 0.160 seconds
[2026-06-07T16:20:43.989+0000] {processor.py:161} INFO - Started process (PID=14627) to work on /opt/airflow/dags/dag_crime_pipeline.py
[2026-06-07T16:20:43.990+0000] {processor.py:830} INFO - Processing file /opt/airflow/dags/dag_crime_pipeline.py for tasks to queue
[2026-06-07T16:20:43.994+0000] {logging_mixin.py:188} INFO - [2026-06-07T16:20:43.993+0000] {dagbag.py:538} INFO - Filling up the DagBag from /opt/airflow/dags/dag_crime_pipeline.py
[2026-06-07T16:20:44.037+0000] {processor.py:840} INFO - DAG(s) 'crime_analytics_pipeline' retrieved from /opt/airflow/dags/dag_crime_pipeline.py
[2026-06-07T16:20:44.074+0000] {logging_mixin.py:188} INFO - [2026-06-07T16:20:44.073+0000] {dag.py:3036} INFO - Sync 1 DAGs
[2026-06-07T16:20:44.098+0000] {logging_mixin.py:188} INFO - [2026-06-07T16:20:44.098+0000] {dag.py:3823} INFO - Setting next_dagrun for crime_analytics_pipeline to 2026-06-06 19:00:00+00:00, run_after=2026-06-13 19:00:00+00:00
[2026-06-07T16:20:44.123+0000] {processor.py:183} INFO - Processing /opt/airflow/dags/dag_crime_pipeline.py took 0.140 seconds
[2026-06-07T16:21:14.317+0000] {processor.py:161} INFO - Started process (PID=14632) to work on /opt/airflow/dags/dag_crime_pipeline.py
[2026-06-07T16:21:14.319+0000] {processor.py:830} INFO - Processing file /opt/airflow/dags/dag_crime_pipeline.py for tasks to queue
[2026-06-07T16:21:14.322+0000] {logging_mixin.py:188} INFO - [2026-06-07T16:21:14.322+0000] {dagbag.py:538} INFO - Filling up the DagBag from /opt/airflow/dags/dag_crime_pipeline.py
[2026-06-07T16:21:14.364+0000] {processor.py:840} INFO - DAG(s) 'crime_analytics_pipeline' retrieved from /opt/airflow/dags/dag_crime_pipeline.py
[2026-06-07T16:21:14.402+0000] {logging_mixin.py:188} INFO - [2026-06-07T16:21:14.401+0000] {dag.py:3036} INFO - Sync 1 DAGs
[2026-06-07T16:21:14.429+0000] {logging_mixin.py:188} INFO - [2026-06-07T16:21:14.429+0000] {dag.py:3823} INFO - Setting next_dagrun for crime_analytics_pipeline to 2026-06-06 19:00:00+00:00, run_after=2026-06-13 19:00:00+00:00
[2026-06-07T16:21:14.454+0000] {processor.py:183} INFO - Processing /opt/airflow/dags/dag_crime_pipeline.py took 0.141 seconds
[2026-06-07T16:21:44.652+0000] {processor.py:161} INFO - Started process (PID=14637) to work on /opt/airflow/dags/dag_crime_pipeline.py
[2026-06-07T16:21:44.655+0000] {processor.py:830} INFO - Processing file /opt/airflow/dags/dag_crime_pipeline.py for tasks to queue
[2026-06-07T16:21:44.658+0000] {logging_mixin.py:188} INFO - [2026-06-07T16:21:44.657+0000] {dagbag.py:538} INFO - Filling up the DagBag from /opt/airflow/dags/dag_crime_pipeline.py
[2026-06-07T16:21:44.701+0000] {processor.py:840} INFO - DAG(s) 'crime_analytics_pipeline' retrieved from /opt/airflow/dags/dag_crime_pipeline.py
[2026-06-07T16:21:44.737+0000] {logging_mixin.py:188} INFO - [2026-06-07T16:21:44.736+0000] {dag.py:3036} INFO - Sync 1 DAGs
[2026-06-07T16:21:44.759+0000] {logging_mixin.py:188} INFO - [2026-06-07T16:21:44.758+0000] {dag.py:3823} INFO - Setting next_dagrun for crime_analytics_pipeline to 2026-06-06 19:00:00+00:00, run_after=2026-06-13 19:00:00+00:00
[2026-06-07T16:21:44.781+0000] {processor.py:183} INFO - Processing /opt/airflow/dags/dag_crime_pipeline.py took 0.133 seconds
[2026-06-07T16:22:15.099+0000] {processor.py:161} INFO - Started process (PID=14642) to work on /opt/airflow/dags/dag_crime_pipeline.py
[2026-06-07T16:22:15.101+0000] {processor.py:830} INFO - Processing file /opt/airflow/dags/dag_crime_pipeline.py for tasks to queue
[2026-06-07T16:22:15.105+0000] {logging_mixin.py:188} INFO - [2026-06-07T16:22:15.104+0000] {dagbag.py:538} INFO - Filling up the DagBag from /opt/airflow/dags/dag_crime_pipeline.py
[2026-06-07T16:22:15.145+0000] {processor.py:840} INFO - DAG(s) 'crime_analytics_pipeline' retrieved from /opt/airflow/dags/dag_crime_pipeline.py
[2026-06-07T16:22:15.180+0000] {logging_mixin.py:188} INFO - [2026-06-07T16:22:15.180+0000] {dag.py:3036} INFO - Sync 1 DAGs
[2026-06-07T16:22:15.208+0000] {logging_mixin.py:188} INFO - [2026-06-07T16:22:15.208+0000] {dag.py:3823} INFO - Setting next_dagrun for crime_analytics_pipeline to 2026-06-06 19:00:00+00:00, run_after=2026-06-13 19:00:00+00:00
[2026-06-07T16:22:15.230+0000] {processor.py:183} INFO - Processing /opt/airflow/dags/dag_crime_pipeline.py took 0.134 seconds
[2026-06-07T16:22:45.400+0000] {processor.py:161} INFO - Started process (PID=14647) to work on /opt/airflow/dags/dag_crime_pipeline.py
[2026-06-07T16:22:45.402+0000] {processor.py:830} INFO - Processing file /opt/airflow/dags/dag_crime_pipeline.py for tasks to queue
[2026-06-07T16:22:45.406+0000] {logging_mixin.py:188} INFO - [2026-06-07T16:22:45.405+0000] {dagbag.py:538} INFO - Filling up the DagBag from /opt/airflow/dags/dag_crime_pipeline.py
[2026-06-07T16:22:45.446+0000] {processor.py:840} INFO - DAG(s) 'crime_analytics_pipeline' retrieved from /opt/airflow/dags/dag_crime_pipeline.py
[2026-06-07T16:22:45.488+0000] {logging_mixin.py:188} INFO - [2026-06-07T16:22:45.487+0000] {dag.py:3036} INFO - Sync 1 DAGs
[2026-06-07T16:22:45.515+0000] {logging_mixin.py:188} INFO - [2026-06-07T16:22:45.515+0000] {dag.py:3823} INFO - Setting next_dagrun for crime_analytics_pipeline to 2026-06-06 19:00:00+00:00, run_after=2026-06-13 19:00:00+00:00
[2026-06-07T16:22:45.535+0000] {processor.py:183} INFO - Processing /opt/airflow/dags/dag_crime_pipeline.py took 0.140 seconds
[2026-06-07T16:23:15.792+0000] {processor.py:161} INFO - Started process (PID=14652) to work on /opt/airflow/dags/dag_crime_pipeline.py
[2026-06-07T16:23:15.794+0000] {processor.py:830} INFO - Processing file /opt/airflow/dags/dag_crime_pipeline.py for tasks to queue
[2026-06-07T16:23:15.797+0000] {logging_mixin.py:188} INFO - [2026-06-07T16:23:15.797+0000] {dagbag.py:538} INFO - Filling up the DagBag from /opt/airflow/dags/dag_crime_pipeline.py
[2026-06-07T16:23:15.836+0000] {processor.py:840} INFO - DAG(s) 'crime_analytics_pipeline' retrieved from /opt/airflow/dags/dag_crime_pipeline.py
[2026-06-07T16:23:15.873+0000] {logging_mixin.py:188} INFO - [2026-06-07T16:23:15.873+0000] {dag.py:3036} INFO - Sync 1 DAGs
[2026-06-07T16:23:15.897+0000] {logging_mixin.py:188} INFO - [2026-06-07T16:23:15.896+0000] {dag.py:3823} INFO - Setting next_dagrun for crime_analytics_pipeline to 2026-06-06 19:00:00+00:00, run_after=2026-06-13 19:00:00+00:00
[2026-06-07T16:23:15.917+0000] {processor.py:183} INFO - Processing /opt/airflow/dags/dag_crime_pipeline.py took 0.129 seconds
[2026-06-07T16:23:46.106+0000] {processor.py:161} INFO - Started process (PID=14657) to work on /opt/airflow/dags/dag_crime_pipeline.py
[2026-06-07T16:23:46.108+0000] {processor.py:830} INFO - Processing file /opt/airflow/dags/dag_crime_pipeline.py for tasks to queue
[2026-06-07T16:23:46.111+0000] {logging_mixin.py:188} INFO - [2026-06-07T16:23:46.111+0000] {dagbag.py:538} INFO - Filling up the DagBag from /opt/airflow/dags/dag_crime_pipeline.py
[2026-06-07T16:23:46.151+0000] {processor.py:840} INFO - DAG(s) 'crime_analytics_pipeline' retrieved from /opt/airflow/dags/dag_crime_pipeline.py
[2026-06-07T16:23:46.184+0000] {logging_mixin.py:188} INFO - [2026-06-07T16:23:46.184+0000] {dag.py:3036} INFO - Sync 1 DAGs
[2026-06-07T16:23:46.208+0000] {logging_mixin.py:188} INFO - [2026-06-07T16:23:46.208+0000] {dag.py:3823} INFO - Setting next_dagrun for crime_analytics_pipeline to 2026-06-06 19:00:00+00:00, run_after=2026-06-13 19:00:00+00:00
[2026-06-07T16:23:46.229+0000] {processor.py:183} INFO - Processing /opt/airflow/dags/dag_crime_pipeline.py took 0.128 seconds
[2026-06-07T16:24:16.558+0000] {processor.py:161} INFO - Started process (PID=14662) to work on /opt/airflow/dags/dag_crime_pipeline.py
[2026-06-07T16:24:16.560+0000] {processor.py:830} INFO - Processing file /opt/airflow/dags/dag_crime_pipeline.py for tasks to queue
[2026-06-07T16:24:16.563+0000] {logging_mixin.py:188} INFO - [2026-06-07T16:24:16.562+0000] {dagbag.py:538} INFO - Filling up the DagBag from /opt/airflow/dags/dag_crime_pipeline.py
[2026-06-07T16:24:16.604+0000] {processor.py:840} INFO - DAG(s) 'crime_analytics_pipeline' retrieved from /opt/airflow/dags/dag_crime_pipeline.py
[2026-06-07T16:24:16.641+0000] {logging_mixin.py:188} INFO - [2026-06-07T16:24:16.641+0000] {dag.py:3036} INFO - Sync 1 DAGs
[2026-06-07T16:24:16.666+0000] {logging_mixin.py:188} INFO - [2026-06-07T16:24:16.666+0000] {dag.py:3823} INFO - Setting next_dagrun for crime_analytics_pipeline to 2026-06-06 19:00:00+00:00, run_after=2026-06-13 19:00:00+00:00
[2026-06-07T16:24:16.711+0000] {processor.py:183} INFO - Processing /opt/airflow/dags/dag_crime_pipeline.py took 0.157 seconds
[2026-06-07T16:24:46.858+0000] {processor.py:161} INFO - Started process (PID=14667) to work on /opt/airflow/dags/dag_crime_pipeline.py
[2026-06-07T16:24:46.859+0000] {processor.py:830} INFO - Processing file /opt/airflow/dags/dag_crime_pipeline.py for tasks to queue
[2026-06-07T16:24:46.862+0000] {logging_mixin.py:188} INFO - [2026-06-07T16:24:46.862+0000] {dagbag.py:538} INFO - Filling up the DagBag from /opt/airflow/dags/dag_crime_pipeline.py
[2026-06-07T16:24:46.902+0000] {processor.py:840} INFO - DAG(s) 'crime_analytics_pipeline' retrieved from /opt/airflow/dags/dag_crime_pipeline.py
[2026-06-07T16:24:46.932+0000] {logging_mixin.py:188} INFO - [2026-06-07T16:24:46.931+0000] {dag.py:3036} INFO - Sync 1 DAGs
[2026-06-07T16:24:46.953+0000] {logging_mixin.py:188} INFO - [2026-06-07T16:24:46.953+0000] {dag.py:3823} INFO - Setting next_dagrun for crime_analytics_pipeline to 2026-06-06 19:00:00+00:00, run_after=2026-06-13 19:00:00+00:00
[2026-06-07T16:24:46.974+0000] {processor.py:183} INFO - Processing /opt/airflow/dags/dag_crime_pipeline.py took 0.121 seconds
[2026-06-07T16:25:17.257+0000] {processor.py:161} INFO - Started process (PID=14672) to work on /opt/airflow/dags/dag_crime_pipeline.py
[2026-06-07T16:25:17.259+0000] {processor.py:830} INFO - Processing file /opt/airflow/dags/dag_crime_pipeline.py for tasks to queue
[2026-06-07T16:25:17.262+0000] {logging_mixin.py:188} INFO - [2026-06-07T16:25:17.261+0000] {dagbag.py:538} INFO - Filling up the DagBag from /opt/airflow/dags/dag_crime_pipeline.py
[2026-06-07T16:25:17.305+0000] {processor.py:840} INFO - DAG(s) 'crime_analytics_pipeline' retrieved from /opt/airflow/dags/dag_crime_pipeline.py
[2026-06-07T16:25:17.340+0000] {logging_mixin.py:188} INFO - [2026-06-07T16:25:17.339+0000] {dag.py:3036} INFO - Sync 1 DAGs
[2026-06-07T16:25:17.366+0000] {logging_mixin.py:188} INFO - [2026-06-07T16:25:17.366+0000] {dag.py:3823} INFO - Setting next_dagrun for crime_analytics_pipeline to 2026-06-06 19:00:00+00:00, run_after=2026-06-13 19:00:00+00:00
[2026-06-07T16:25:17.408+0000] {processor.py:183} INFO - Processing /opt/airflow/dags/dag_crime_pipeline.py took 0.156 seconds
[2026-06-07T16:25:47.577+0000] {processor.py:161} INFO - Started process (PID=14677) to work on /opt/airflow/dags/dag_crime_pipeline.py
[2026-06-07T16:25:47.579+0000] {processor.py:830} INFO - Processing file /opt/airflow/dags/dag_crime_pipeline.py for tasks to queue
[2026-06-07T16:25:47.582+0000] {logging_mixin.py:188} INFO - [2026-06-07T16:25:47.581+0000] {dagbag.py:538} INFO - Filling up the DagBag from /opt/airflow/dags/dag_crime_pipeline.py
[2026-06-07T16:25:47.623+0000] {processor.py:840} INFO - DAG(s) 'crime_analytics_pipeline' retrieved from /opt/airflow/dags/dag_crime_pipeline.py
[2026-06-07T16:25:47.668+0000] {logging_mixin.py:188} INFO - [2026-06-07T16:25:47.667+0000] {dag.py:3036} INFO - Sync 1 DAGs
[2026-06-07T16:25:47.697+0000] {logging_mixin.py:188} INFO - [2026-06-07T16:25:47.696+0000] {dag.py:3823} INFO - Setting next_dagrun for crime_analytics_pipeline to 2026-06-06 19:00:00+00:00, run_after=2026-06-13 19:00:00+00:00
[2026-06-07T16:25:47.738+0000] {processor.py:183} INFO - Processing /opt/airflow/dags/dag_crime_pipeline.py took 0.166 seconds
[2026-06-07T16:26:18.034+0000] {processor.py:161} INFO - Started process (PID=14682) to work on /opt/airflow/dags/dag_crime_pipeline.py
[2026-06-07T16:26:18.036+0000] {processor.py:830} INFO - Processing file /opt/airflow/dags/dag_crime_pipeline.py for tasks to queue
[2026-06-07T16:26:18.039+0000] {logging_mixin.py:188} INFO - [2026-06-07T16:26:18.039+0000] {dagbag.py:538} INFO - Filling up the DagBag from /opt/airflow/dags/dag_crime_pipeline.py
[2026-06-07T16:26:18.080+0000] {processor.py:840} INFO - DAG(s) 'crime_analytics_pipeline' retrieved from /opt/airflow/dags/dag_crime_pipeline.py
[2026-06-07T16:26:18.116+0000] {logging_mixin.py:188} INFO - [2026-06-07T16:26:18.116+0000] {dag.py:3036} INFO - Sync 1 DAGs
[2026-06-07T16:26:18.141+0000] {logging_mixin.py:188} INFO - [2026-06-07T16:26:18.140+0000] {dag.py:3823} INFO - Setting next_dagrun for crime_analytics_pipeline to 2026-06-06 19:00:00+00:00, run_after=2026-06-13 19:00:00+00:00
[2026-06-07T16:26:18.163+0000] {processor.py:183} INFO - Processing /opt/airflow/dags/dag_crime_pipeline.py took 0.134 seconds
[2026-06-07T16:26:48.353+0000] {processor.py:161} INFO - Started process (PID=14687) to work on /opt/airflow/dags/dag_crime_pipeline.py
[2026-06-07T16:26:48.355+0000] {processor.py:830} INFO - Processing file /opt/airflow/dags/dag_crime_pipeline.py for tasks to queue
[2026-06-07T16:26:48.358+0000] {logging_mixin.py:188} INFO - [2026-06-07T16:26:48.358+0000] {dagbag.py:538} INFO - Filling up the DagBag from /opt/airflow/dags/dag_crime_pipeline.py
[2026-06-07T16:26:48.411+0000] {processor.py:840} INFO - DAG(s) 'crime_analytics_pipeline' retrieved from /opt/airflow/dags/dag_crime_pipeline.py
[2026-06-07T16:26:48.462+0000] {logging_mixin.py:188} INFO - [2026-06-07T16:26:48.462+0000] {dag.py:3036} INFO - Sync 1 DAGs
[2026-06-07T16:26:48.491+0000] {logging_mixin.py:188} INFO - [2026-06-07T16:26:48.490+0000] {dag.py:3823} INFO - Setting next_dagrun for crime_analytics_pipeline to 2026-06-06 19:00:00+00:00, run_after=2026-06-13 19:00:00+00:00
[2026-06-07T16:26:48.515+0000] {processor.py:183} INFO - Processing /opt/airflow/dags/dag_crime_pipeline.py took 0.167 seconds
[2026-06-07T16:27:18.802+0000] {processor.py:161} INFO - Started process (PID=14692) to work on /opt/airflow/dags/dag_crime_pipeline.py
[2026-06-07T16:27:18.804+0000] {processor.py:830} INFO - Processing file /opt/airflow/dags/dag_crime_pipeline.py for tasks to queue
[2026-06-07T16:27:18.807+0000] {logging_mixin.py:188} INFO - [2026-06-07T16:27:18.806+0000] {dagbag.py:538} INFO - Filling up the DagBag from /opt/airflow/dags/dag_crime_pipeline.py
[2026-06-07T16:27:18.843+0000] {processor.py:840} INFO - DAG(s) 'crime_analytics_pipeline' retrieved from /opt/airflow/dags/dag_crime_pipeline.py
[2026-06-07T16:27:18.875+0000] {logging_mixin.py:188} INFO - [2026-06-07T16:27:18.874+0000] {dag.py:3036} INFO - Sync 1 DAGs
[2026-06-07T16:27:18.896+0000] {logging_mixin.py:188} INFO - [2026-06-07T16:27:18.896+0000] {dag.py:3823} INFO - Setting next_dagrun for crime_analytics_pipeline to 2026-06-06 19:00:00+00:00, run_after=2026-06-13 19:00:00+00:00
[2026-06-07T16:27:18.938+0000] {processor.py:183} INFO - Processing /opt/airflow/dags/dag_crime_pipeline.py took 0.139 seconds
[2026-06-07T16:27:49.190+0000] {processor.py:161} INFO - Started process (PID=14697) to work on /opt/airflow/dags/dag_crime_pipeline.py
[2026-06-07T16:27:49.193+0000] {processor.py:830} INFO - Processing file /opt/airflow/dags/dag_crime_pipeline.py for tasks to queue
[2026-06-07T16:27:49.196+0000] {logging_mixin.py:188} INFO - [2026-06-07T16:27:49.196+0000] {dagbag.py:538} INFO - Filling up the DagBag from /opt/airflow/dags/dag_crime_pipeline.py
[2026-06-07T16:27:49.237+0000] {processor.py:840} INFO - DAG(s) 'crime_analytics_pipeline' retrieved from /opt/airflow/dags/dag_crime_pipeline.py
[2026-06-07T16:27:49.272+0000] {logging_mixin.py:188} INFO - [2026-06-07T16:27:49.272+0000] {dag.py:3036} INFO - Sync 1 DAGs
[2026-06-07T16:27:49.296+0000] {logging_mixin.py:188} INFO - [2026-06-07T16:27:49.296+0000] {dag.py:3823} INFO - Setting next_dagrun for crime_analytics_pipeline to 2026-06-06 19:00:00+00:00, run_after=2026-06-13 19:00:00+00:00
[2026-06-07T16:27:49.339+0000] {processor.py:183} INFO - Processing /opt/airflow/dags/dag_crime_pipeline.py took 0.154 seconds
[2026-06-07T16:28:19.580+0000] {processor.py:161} INFO - Started process (PID=14702) to work on /opt/airflow/dags/dag_crime_pipeline.py
[2026-06-07T16:28:19.582+0000] {processor.py:830} INFO - Processing file /opt/airflow/dags/dag_crime_pipeline.py for tasks to queue
[2026-06-07T16:28:19.585+0000] {logging_mixin.py:188} INFO - [2026-06-07T16:28:19.585+0000] {dagbag.py:538} INFO - Filling up the DagBag from /opt/airflow/dags/dag_crime_pipeline.py
[2026-06-07T16:28:19.628+0000] {processor.py:840} INFO - DAG(s) 'crime_analytics_pipeline' retrieved from /opt/airflow/dags/dag_crime_pipeline.py
[2026-06-07T16:28:19.663+0000] {logging_mixin.py:188} INFO - [2026-06-07T16:28:19.663+0000] {dag.py:3036} INFO - Sync 1 DAGs
[2026-06-07T16:28:19.689+0000] {logging_mixin.py:188} INFO - [2026-06-07T16:28:19.688+0000] {dag.py:3823} INFO - Setting next_dagrun for crime_analytics_pipeline to 2026-06-06 19:00:00+00:00, run_after=2026-06-13 19:00:00+00:00
[2026-06-07T16:28:19.730+0000] {processor.py:183} INFO - Processing /opt/airflow/dags/dag_crime_pipeline.py took 0.155 seconds
[2026-06-07T16:28:49.935+0000] {processor.py:161} INFO - Started process (PID=14707) to work on /opt/airflow/dags/dag_crime_pipeline.py
[2026-06-07T16:28:49.936+0000] {processor.py:830} INFO - Processing file /opt/airflow/dags/dag_crime_pipeline.py for tasks to queue
[2026-06-07T16:28:49.940+0000] {logging_mixin.py:188} INFO - [2026-06-07T16:28:49.939+0000] {dagbag.py:538} INFO - Filling up the DagBag from /opt/airflow/dags/dag_crime_pipeline.py
[2026-06-07T16:28:49.982+0000] {processor.py:840} INFO - DAG(s) 'crime_analytics_pipeline' retrieved from /opt/airflow/dags/dag_crime_pipeline.py
[2026-06-07T16:28:50.020+0000] {logging_mixin.py:188} INFO - [2026-06-07T16:28:50.019+0000] {dag.py:3036} INFO - Sync 1 DAGs
[2026-06-07T16:28:50.043+0000] {logging_mixin.py:188} INFO - [2026-06-07T16:28:50.043+0000] {dag.py:3823} INFO - Setting next_dagrun for crime_analytics_pipeline to 2026-06-06 19:00:00+00:00, run_after=2026-06-13 19:00:00+00:00
[2026-06-07T16:28:50.083+0000] {processor.py:183} INFO - Processing /opt/airflow/dags/dag_crime_pipeline.py took 0.153 seconds
[2026-06-07T16:29:20.340+0000] {processor.py:161} INFO - Started process (PID=14712) to work on /opt/airflow/dags/dag_crime_pipeline.py
[2026-06-07T16:29:20.341+0000] {processor.py:830} INFO - Processing file /opt/airflow/dags/dag_crime_pipeline.py for tasks to queue
[2026-06-07T16:29:20.345+0000] {logging_mixin.py:188} INFO - [2026-06-07T16:29:20.344+0000] {dagbag.py:538} INFO - Filling up the DagBag from /opt/airflow/dags/dag_crime_pipeline.py
[2026-06-07T16:29:20.389+0000] {processor.py:840} INFO - DAG(s) 'crime_analytics_pipeline' retrieved from /opt/airflow/dags/dag_crime_pipeline.py
[2026-06-07T16:29:20.424+0000] {logging_mixin.py:188} INFO - [2026-06-07T16:29:20.424+0000] {dag.py:3036} INFO - Sync 1 DAGs
[2026-06-07T16:29:20.449+0000] {logging_mixin.py:188} INFO - [2026-06-07T16:29:20.449+0000] {dag.py:3823} INFO - Setting next_dagrun for crime_analytics_pipeline to 2026-06-06 19:00:00+00:00, run_after=2026-06-13 19:00:00+00:00
[2026-06-07T16:29:20.493+0000] {processor.py:183} INFO - Processing /opt/airflow/dags/dag_crime_pipeline.py took 0.158 seconds
[2026-06-07T16:29:50.687+0000] {processor.py:161} INFO - Started process (PID=14717) to work on /opt/airflow/dags/dag_crime_pipeline.py
[2026-06-07T16:29:50.689+0000] {processor.py:830} INFO - Processing file /opt/airflow/dags/dag_crime_pipeline.py for tasks to queue
[2026-06-07T16:29:50.692+0000] {logging_mixin.py:188} INFO - [2026-06-07T16:29:50.692+0000] {dagbag.py:538} INFO - Filling up the DagBag from /opt/airflow/dags/dag_crime_pipeline.py
[2026-06-07T16:29:50.733+0000] {processor.py:840} INFO - DAG(s) 'crime_analytics_pipeline' retrieved from /opt/airflow/dags/dag_crime_pipeline.py
[2026-06-07T16:29:50.767+0000] {logging_mixin.py:188} INFO - [2026-06-07T16:29:50.767+0000] {dag.py:3036} INFO - Sync 1 DAGs
[2026-06-07T16:29:50.790+0000] {logging_mixin.py:188} INFO - [2026-06-07T16:29:50.790+0000] {dag.py:3823} INFO - Setting next_dagrun for crime_analytics_pipeline to 2026-06-06 19:00:00+00:00, run_after=2026-06-13 19:00:00+00:00
[2026-06-07T16:29:50.812+0000] {processor.py:183} INFO - Processing /opt/airflow/dags/dag_crime_pipeline.py took 0.131 seconds
[2026-06-07T16:30:21.134+0000] {processor.py:161} INFO - Started process (PID=14722) to work on /opt/airflow/dags/dag_crime_pipeline.py
[2026-06-07T16:30:21.136+0000] {processor.py:830} INFO - Processing file /opt/airflow/dags/dag_crime_pipeline.py for tasks to queue
[2026-06-07T16:30:21.139+0000] {logging_mixin.py:188} INFO - [2026-06-07T16:30:21.138+0000] {dagbag.py:538} INFO - Filling up the DagBag from /opt/airflow/dags/dag_crime_pipeline.py
[2026-06-07T16:30:21.179+0000] {processor.py:840} INFO - DAG(s) 'crime_analytics_pipeline' retrieved from /opt/airflow/dags/dag_crime_pipeline.py
[2026-06-07T16:30:21.209+0000] {logging_mixin.py:188} INFO - [2026-06-07T16:30:21.209+0000] {dag.py:3036} INFO - Sync 1 DAGs
[2026-06-07T16:30:21.230+0000] {logging_mixin.py:188} INFO - [2026-06-07T16:30:21.230+0000] {dag.py:3823} INFO - Setting next_dagrun for crime_analytics_pipeline to 2026-06-06 19:00:00+00:00, run_after=2026-06-13 19:00:00+00:00
[2026-06-07T16:30:21.252+0000] {processor.py:183} INFO - Processing /opt/airflow/dags/dag_crime_pipeline.py took 0.122 seconds
[2026-06-07T16:30:51.480+0000] {processor.py:161} INFO - Started process (PID=14727) to work on /opt/airflow/dags/dag_crime_pipeline.py
[2026-06-07T16:30:51.482+0000] {processor.py:830} INFO - Processing file /opt/airflow/dags/dag_crime_pipeline.py for tasks to queue
[2026-06-07T16:30:51.485+0000] {logging_mixin.py:188} INFO - [2026-06-07T16:30:51.485+0000] {dagbag.py:538} INFO - Filling up the DagBag from /opt/airflow/dags/dag_crime_pipeline.py
[2026-06-07T16:30:51.525+0000] {processor.py:840} INFO - DAG(s) 'crime_analytics_pipeline' retrieved from /opt/airflow/dags/dag_crime_pipeline.py
[2026-06-07T16:30:51.563+0000] {logging_mixin.py:188} INFO - [2026-06-07T16:30:51.563+0000] {dag.py:3036} INFO - Sync 1 DAGs
[2026-06-07T16:30:51.589+0000] {logging_mixin.py:188} INFO - [2026-06-07T16:30:51.589+0000] {dag.py:3823} INFO - Setting next_dagrun for crime_analytics_pipeline to 2026-06-06 19:00:00+00:00, run_after=2026-06-13 19:00:00+00:00
[2026-06-07T16:30:51.631+0000] {processor.py:183} INFO - Processing /opt/airflow/dags/dag_crime_pipeline.py took 0.157 seconds
[2026-06-07T16:31:21.872+0000] {processor.py:161} INFO - Started process (PID=14732) to work on /opt/airflow/dags/dag_crime_pipeline.py
[2026-06-07T16:31:21.873+0000] {processor.py:830} INFO - Processing file /opt/airflow/dags/dag_crime_pipeline.py for tasks to queue
[2026-06-07T16:31:21.876+0000] {logging_mixin.py:188} INFO - [2026-06-07T16:31:21.875+0000] {dagbag.py:538} INFO - Filling up the DagBag from /opt/airflow/dags/dag_crime_pipeline.py
[2026-06-07T16:31:21.913+0000] {processor.py:840} INFO - DAG(s) 'crime_analytics_pipeline' retrieved from /opt/airflow/dags/dag_crime_pipeline.py
[2026-06-07T16:31:21.951+0000] {logging_mixin.py:188} INFO - [2026-06-07T16:31:21.951+0000] {dag.py:3036} INFO - Sync 1 DAGs
[2026-06-07T16:31:22.011+0000] {logging_mixin.py:188} INFO - [2026-06-07T16:31:22.011+0000] {dag.py:3823} INFO - Setting next_dagrun for crime_analytics_pipeline to 2026-06-06 19:00:00+00:00, run_after=2026-06-13 19:00:00+00:00
[2026-06-07T16:31:22.065+0000] {processor.py:183} INFO - Processing /opt/airflow/dags/dag_crime_pipeline.py took 0.197 seconds
[2026-06-07T16:31:52.310+0000] {processor.py:161} INFO - Started process (PID=14737) to work on /opt/airflow/dags/dag_crime_pipeline.py
[2026-06-07T16:31:52.311+0000] {processor.py:830} INFO - Processing file /opt/airflow/dags/dag_crime_pipeline.py for tasks to queue
[2026-06-07T16:31:52.315+0000] {logging_mixin.py:188} INFO - [2026-06-07T16:31:52.314+0000] {dagbag.py:538} INFO - Filling up the DagBag from /opt/airflow/dags/dag_crime_pipeline.py
[2026-06-07T16:31:52.355+0000] {processor.py:840} INFO - DAG(s) 'crime_analytics_pipeline' retrieved from /opt/airflow/dags/dag_crime_pipeline.py
[2026-06-07T16:31:52.393+0000] {logging_mixin.py:188} INFO - [2026-06-07T16:31:52.392+0000] {dag.py:3036} INFO - Sync 1 DAGs
[2026-06-07T16:31:52.416+0000] {logging_mixin.py:188} INFO - [2026-06-07T16:31:52.416+0000] {dag.py:3823} INFO - Setting next_dagrun for crime_analytics_pipeline to 2026-06-06 19:00:00+00:00, run_after=2026-06-13 19:00:00+00:00
[2026-06-07T16:31:52.458+0000] {processor.py:183} INFO - Processing /opt/airflow/dags/dag_crime_pipeline.py took 0.153 seconds
[2026-06-07T16:32:22.653+0000] {processor.py:161} INFO - Started process (PID=14742) to work on /opt/airflow/dags/dag_crime_pipeline.py
[2026-06-07T16:32:22.655+0000] {processor.py:830} INFO - Processing file /opt/airflow/dags/dag_crime_pipeline.py for tasks to queue
[2026-06-07T16:32:22.657+0000] {logging_mixin.py:188} INFO - [2026-06-07T16:32:22.657+0000] {dagbag.py:538} INFO - Filling up the DagBag from /opt/airflow/dags/dag_crime_pipeline.py
[2026-06-07T16:32:22.703+0000] {processor.py:840} INFO - DAG(s) 'crime_analytics_pipeline' retrieved from /opt/airflow/dags/dag_crime_pipeline.py
[2026-06-07T16:32:22.738+0000] {logging_mixin.py:188} INFO - [2026-06-07T16:32:22.738+0000] {dag.py:3036} INFO - Sync 1 DAGs
[2026-06-07T16:32:22.765+0000] {logging_mixin.py:188} INFO - [2026-06-07T16:32:22.765+0000] {dag.py:3823} INFO - Setting next_dagrun for crime_analytics_pipeline to 2026-06-06 19:00:00+00:00, run_after=2026-06-13 19:00:00+00:00
[2026-06-07T16:32:22.813+0000] {processor.py:183} INFO - Processing /opt/airflow/dags/dag_crime_pipeline.py took 0.165 seconds
[2026-06-07T16:32:53.109+0000] {processor.py:161} INFO - Started process (PID=14747) to work on /opt/airflow/dags/dag_crime_pipeline.py
[2026-06-07T16:32:53.110+0000] {processor.py:830} INFO - Processing file /opt/airflow/dags/dag_crime_pipeline.py for tasks to queue
[2026-06-07T16:32:53.113+0000] {logging_mixin.py:188} INFO - [2026-06-07T16:32:53.113+0000] {dagbag.py:538} INFO - Filling up the DagBag from /opt/airflow/dags/dag_crime_pipeline.py
[2026-06-07T16:32:53.149+0000] {processor.py:840} INFO - DAG(s) 'crime_analytics_pipeline' retrieved from /opt/airflow/dags/dag_crime_pipeline.py
[2026-06-07T16:32:53.182+0000] {logging_mixin.py:188} INFO - [2026-06-07T16:32:53.181+0000] {dag.py:3036} INFO - Sync 1 DAGs
[2026-06-07T16:32:53.218+0000] {logging_mixin.py:188} INFO - [2026-06-07T16:32:53.218+0000] {dag.py:3823} INFO - Setting next_dagrun for crime_analytics_pipeline to 2026-06-06 19:00:00+00:00, run_after=2026-06-13 19:00:00+00:00
[2026-06-07T16:32:53.237+0000] {processor.py:183} INFO - Processing /opt/airflow/dags/dag_crime_pipeline.py took 0.133 seconds
[2026-06-07T16:33:23.416+0000] {processor.py:161} INFO - Started process (PID=14752) to work on /opt/airflow/dags/dag_crime_pipeline.py
[2026-06-07T16:33:23.418+0000] {processor.py:830} INFO - Processing file /opt/airflow/dags/dag_crime_pipeline.py for tasks to queue
[2026-06-07T16:33:23.420+0000] {logging_mixin.py:188} INFO - [2026-06-07T16:33:23.419+0000] {dagbag.py:538} INFO - Filling up the DagBag from /opt/airflow/dags/dag_crime_pipeline.py
[2026-06-07T16:33:23.458+0000] {processor.py:840} INFO - DAG(s) 'crime_analytics_pipeline' retrieved from /opt/airflow/dags/dag_crime_pipeline.py
[2026-06-07T16:33:23.491+0000] {logging_mixin.py:188} INFO - [2026-06-07T16:33:23.491+0000] {dag.py:3036} INFO - Sync 1 DAGs
[2026-06-07T16:33:23.516+0000] {logging_mixin.py:188} INFO - [2026-06-07T16:33:23.515+0000] {dag.py:3823} INFO - Setting next_dagrun for crime_analytics_pipeline to 2026-06-06 19:00:00+00:00, run_after=2026-06-13 19:00:00+00:00
[2026-06-07T16:33:23.555+0000] {processor.py:183} INFO - Processing /opt/airflow/dags/dag_crime_pipeline.py took 0.143 seconds
[2026-06-07T16:33:53.828+0000] {processor.py:161} INFO - Started process (PID=14757) to work on /opt/airflow/dags/dag_crime_pipeline.py
[2026-06-07T16:33:53.830+0000] {processor.py:830} INFO - Processing file /opt/airflow/dags/dag_crime_pipeline.py for tasks to queue
[2026-06-07T16:33:53.834+0000] {logging_mixin.py:188} INFO - [2026-06-07T16:33:53.833+0000] {dagbag.py:538} INFO - Filling up the DagBag from /opt/airflow/dags/dag_crime_pipeline.py
[2026-06-07T16:33:53.878+0000] {processor.py:840} INFO - DAG(s) 'crime_analytics_pipeline' retrieved from /opt/airflow/dags/dag_crime_pipeline.py
[2026-06-07T16:33:53.912+0000] {logging_mixin.py:188} INFO - [2026-06-07T16:33:53.911+0000] {dag.py:3036} INFO - Sync 1 DAGs
[2026-06-07T16:33:53.940+0000] {logging_mixin.py:188} INFO - [2026-06-07T16:33:53.939+0000] {dag.py:3823} INFO - Setting next_dagrun for crime_analytics_pipeline to 2026-06-06 19:00:00+00:00, run_after=2026-06-13 19:00:00+00:00
[2026-06-07T16:33:53.984+0000] {processor.py:183} INFO - Processing /opt/airflow/dags/dag_crime_pipeline.py took 0.160 seconds
[2026-06-07T16:34:24.205+0000] {processor.py:161} INFO - Started process (PID=14762) to work on /opt/airflow/dags/dag_crime_pipeline.py
[2026-06-07T16:34:24.207+0000] {processor.py:830} INFO - Processing file /opt/airflow/dags/dag_crime_pipeline.py for tasks to queue
[2026-06-07T16:34:24.210+0000] {logging_mixin.py:188} INFO - [2026-06-07T16:34:24.210+0000] {dagbag.py:538} INFO - Filling up the DagBag from /opt/airflow/dags/dag_crime_pipeline.py
[2026-06-07T16:34:24.256+0000] {processor.py:840} INFO - DAG(s) 'crime_analytics_pipeline' retrieved from /opt/airflow/dags/dag_crime_pipeline.py
[2026-06-07T16:34:24.298+0000] {logging_mixin.py:188} INFO - [2026-06-07T16:34:24.298+0000] {dag.py:3036} INFO - Sync 1 DAGs
[2026-06-07T16:34:24.326+0000] {logging_mixin.py:188} INFO - [2026-06-07T16:34:24.326+0000] {dag.py:3823} INFO - Setting next_dagrun for crime_analytics_pipeline to 2026-06-06 19:00:00+00:00, run_after=2026-06-13 19:00:00+00:00
[2026-06-07T16:34:24.376+0000] {processor.py:183} INFO - Processing /opt/airflow/dags/dag_crime_pipeline.py took 0.177 seconds
[2026-06-07T16:34:54.602+0000] {processor.py:161} INFO - Started process (PID=14767) to work on /opt/airflow/dags/dag_crime_pipeline.py
[2026-06-07T16:34:54.603+0000] {processor.py:830} INFO - Processing file /opt/airflow/dags/dag_crime_pipeline.py for tasks to queue
[2026-06-07T16:34:54.607+0000] {logging_mixin.py:188} INFO - [2026-06-07T16:34:54.606+0000] {dagbag.py:538} INFO - Filling up the DagBag from /opt/airflow/dags/dag_crime_pipeline.py
[2026-06-07T16:34:54.654+0000] {processor.py:840} INFO - DAG(s) 'crime_analytics_pipeline' retrieved from /opt/airflow/dags/dag_crime_pipeline.py
[2026-06-07T16:34:54.692+0000] {logging_mixin.py:188} INFO - [2026-06-07T16:34:54.691+0000] {dag.py:3036} INFO - Sync 1 DAGs
[2026-06-07T16:34:54.721+0000] {logging_mixin.py:188} INFO - [2026-06-07T16:34:54.721+0000] {dag.py:3823} INFO - Setting next_dagrun for crime_analytics_pipeline to 2026-06-06 19:00:00+00:00, run_after=2026-06-13 19:00:00+00:00
[2026-06-07T16:34:54.745+0000] {processor.py:183} INFO - Processing /opt/airflow/dags/dag_crime_pipeline.py took 0.148 seconds
[2026-06-07T16:35:24.948+0000] {processor.py:161} INFO - Started process (PID=14772) to work on /opt/airflow/dags/dag_crime_pipeline.py
[2026-06-07T16:35:24.949+0000] {processor.py:830} INFO - Processing file /opt/airflow/dags/dag_crime_pipeline.py for tasks to queue
[2026-06-07T16:35:24.952+0000] {logging_mixin.py:188} INFO - [2026-06-07T16:35:24.951+0000] {dagbag.py:538} INFO - Filling up the DagBag from /opt/airflow/dags/dag_crime_pipeline.py
[2026-06-07T16:35:24.996+0000] {processor.py:840} INFO - DAG(s) 'crime_analytics_pipeline' retrieved from /opt/airflow/dags/dag_crime_pipeline.py
[2026-06-07T16:35:25.034+0000] {logging_mixin.py:188} INFO - [2026-06-07T16:35:25.033+0000] {dag.py:3036} INFO - Sync 1 DAGs
[2026-06-07T16:35:25.067+0000] {logging_mixin.py:188} INFO - [2026-06-07T16:35:25.067+0000] {dag.py:3823} INFO - Setting next_dagrun for crime_analytics_pipeline to 2026-06-06 19:00:00+00:00, run_after=2026-06-13 19:00:00+00:00
[2026-06-07T16:35:25.092+0000] {processor.py:183} INFO - Processing /opt/airflow/dags/dag_crime_pipeline.py took 0.149 seconds
[2026-06-07T16:35:55.366+0000] {processor.py:161} INFO - Started process (PID=14777) to work on /opt/airflow/dags/dag_crime_pipeline.py
[2026-06-07T16:35:55.368+0000] {processor.py:830} INFO - Processing file /opt/airflow/dags/dag_crime_pipeline.py for tasks to queue
[2026-06-07T16:35:55.372+0000] {logging_mixin.py:188} INFO - [2026-06-07T16:35:55.371+0000] {dagbag.py:538} INFO - Filling up the DagBag from /opt/airflow/dags/dag_crime_pipeline.py
[2026-06-07T16:35:55.413+0000] {processor.py:840} INFO - DAG(s) 'crime_analytics_pipeline' retrieved from /opt/airflow/dags/dag_crime_pipeline.py
[2026-06-07T16:35:55.455+0000] {logging_mixin.py:188} INFO - [2026-06-07T16:35:55.455+0000] {dag.py:3036} INFO - Sync 1 DAGs
[2026-06-07T16:35:55.488+0000] {logging_mixin.py:188} INFO - [2026-06-07T16:35:55.488+0000] {dag.py:3823} INFO - Setting next_dagrun for crime_analytics_pipeline to 2026-06-06 19:00:00+00:00, run_after=2026-06-13 19:00:00+00:00
[2026-06-07T16:35:55.521+0000] {processor.py:183} INFO - Processing /opt/airflow/dags/dag_crime_pipeline.py took 0.159 seconds
[2026-06-07T16:36:25.760+0000] {processor.py:161} INFO - Started process (PID=14782) to work on /opt/airflow/dags/dag_crime_pipeline.py
[2026-06-07T16:36:25.761+0000] {processor.py:830} INFO - Processing file /opt/airflow/dags/dag_crime_pipeline.py for tasks to queue
[2026-06-07T16:36:25.764+0000] {logging_mixin.py:188} INFO - [2026-06-07T16:36:25.764+0000] {dagbag.py:538} INFO - Filling up the DagBag from /opt/airflow/dags/dag_crime_pipeline.py
[2026-06-07T16:36:25.805+0000] {processor.py:840} INFO - DAG(s) 'crime_analytics_pipeline' retrieved from /opt/airflow/dags/dag_crime_pipeline.py
[2026-06-07T16:36:25.840+0000] {logging_mixin.py:188} INFO - [2026-06-07T16:36:25.840+0000] {dag.py:3036} INFO - Sync 1 DAGs
[2026-06-07T16:36:25.866+0000] {logging_mixin.py:188} INFO - [2026-06-07T16:36:25.866+0000] {dag.py:3823} INFO - Setting next_dagrun for crime_analytics_pipeline to 2026-06-06 19:00:00+00:00, run_after=2026-06-13 19:00:00+00:00
[2026-06-07T16:36:25.912+0000] {processor.py:183} INFO - Processing /opt/airflow/dags/dag_crime_pipeline.py took 0.157 seconds
[2026-06-07T16:36:56.124+0000] {processor.py:161} INFO - Started process (PID=14787) to work on /opt/airflow/dags/dag_crime_pipeline.py
[2026-06-07T16:36:56.126+0000] {processor.py:830} INFO - Processing file /opt/airflow/dags/dag_crime_pipeline.py for tasks to queue
[2026-06-07T16:36:56.129+0000] {logging_mixin.py:188} INFO - [2026-06-07T16:36:56.129+0000] {dagbag.py:538} INFO - Filling up the DagBag from /opt/airflow/dags/dag_crime_pipeline.py
[2026-06-07T16:36:56.168+0000] {processor.py:840} INFO - DAG(s) 'crime_analytics_pipeline' retrieved from /opt/airflow/dags/dag_crime_pipeline.py
[2026-06-07T16:36:56.202+0000] {logging_mixin.py:188} INFO - [2026-06-07T16:36:56.201+0000] {dag.py:3036} INFO - Sync 1 DAGs
[2026-06-07T16:36:56.226+0000] {logging_mixin.py:188} INFO - [2026-06-07T16:36:56.225+0000] {dag.py:3823} INFO - Setting next_dagrun for crime_analytics_pipeline to 2026-06-06 19:00:00+00:00, run_after=2026-06-13 19:00:00+00:00
[2026-06-07T16:36:56.247+0000] {processor.py:183} INFO - Processing /opt/airflow/dags/dag_crime_pipeline.py took 0.126 seconds
[2026-06-07T16:37:26.521+0000] {processor.py:161} INFO - Started process (PID=14792) to work on /opt/airflow/dags/dag_crime_pipeline.py
[2026-06-07T16:37:26.524+0000] {processor.py:830} INFO - Processing file /opt/airflow/dags/dag_crime_pipeline.py for tasks to queue
[2026-06-07T16:37:26.527+0000] {logging_mixin.py:188} INFO - [2026-06-07T16:37:26.526+0000] {dagbag.py:538} INFO - Filling up the DagBag from /opt/airflow/dags/dag_crime_pipeline.py
[2026-06-07T16:37:26.567+0000] {processor.py:840} INFO - DAG(s) 'crime_analytics_pipeline' retrieved from /opt/airflow/dags/dag_crime_pipeline.py
[2026-06-07T16:37:26.601+0000] {logging_mixin.py:188} INFO - [2026-06-07T16:37:26.601+0000] {dag.py:3036} INFO - Sync 1 DAGs
[2026-06-07T16:37:26.625+0000] {logging_mixin.py:188} INFO - [2026-06-07T16:37:26.625+0000] {dag.py:3823} INFO - Setting next_dagrun for crime_analytics_pipeline to 2026-06-06 19:00:00+00:00, run_after=2026-06-13 19:00:00+00:00
[2026-06-07T16:37:26.648+0000] {processor.py:183} INFO - Processing /opt/airflow/dags/dag_crime_pipeline.py took 0.132 seconds
[2026-06-07T16:37:56.981+0000] {processor.py:161} INFO - Started process (PID=14797) to work on /opt/airflow/dags/dag_crime_pipeline.py
[2026-06-07T16:37:56.983+0000] {processor.py:830} INFO - Processing file /opt/airflow/dags/dag_crime_pipeline.py for tasks to queue
[2026-06-07T16:37:56.986+0000] {logging_mixin.py:188} INFO - [2026-06-07T16:37:56.985+0000] {dagbag.py:538} INFO - Filling up the DagBag from /opt/airflow/dags/dag_crime_pipeline.py
[2026-06-07T16:37:57.033+0000] {processor.py:840} INFO - DAG(s) 'crime_analytics_pipeline' retrieved from /opt/airflow/dags/dag_crime_pipeline.py
[2026-06-07T16:37:57.074+0000] {logging_mixin.py:188} INFO - [2026-06-07T16:37:57.074+0000] {dag.py:3036} INFO - Sync 1 DAGs
[2026-06-07T16:37:57.100+0000] {logging_mixin.py:188} INFO - [2026-06-07T16:37:57.100+0000] {dag.py:3823} INFO - Setting next_dagrun for crime_analytics_pipeline to 2026-06-06 19:00:00+00:00, run_after=2026-06-13 19:00:00+00:00
[2026-06-07T16:37:57.146+0000] {processor.py:183} INFO - Processing /opt/airflow/dags/dag_crime_pipeline.py took 0.168 seconds
[2026-06-07T16:38:27.287+0000] {processor.py:161} INFO - Started process (PID=14802) to work on /opt/airflow/dags/dag_crime_pipeline.py
[2026-06-07T16:38:27.288+0000] {processor.py:830} INFO - Processing file /opt/airflow/dags/dag_crime_pipeline.py for tasks to queue
[2026-06-07T16:38:27.292+0000] {logging_mixin.py:188} INFO - [2026-06-07T16:38:27.291+0000] {dagbag.py:538} INFO - Filling up the DagBag from /opt/airflow/dags/dag_crime_pipeline.py
[2026-06-07T16:38:27.329+0000] {processor.py:840} INFO - DAG(s) 'crime_analytics_pipeline' retrieved from /opt/airflow/dags/dag_crime_pipeline.py
[2026-06-07T16:38:27.362+0000] {logging_mixin.py:188} INFO - [2026-06-07T16:38:27.361+0000] {dag.py:3036} INFO - Sync 1 DAGs
[2026-06-07T16:38:27.386+0000] {logging_mixin.py:188} INFO - [2026-06-07T16:38:27.386+0000] {dag.py:3823} INFO - Setting next_dagrun for crime_analytics_pipeline to 2026-06-06 19:00:00+00:00, run_after=2026-06-13 19:00:00+00:00
[2026-06-07T16:38:27.427+0000] {processor.py:183} INFO - Processing /opt/airflow/dags/dag_crime_pipeline.py took 0.145 seconds
[2026-06-07T16:38:57.736+0000] {processor.py:161} INFO - Started process (PID=14807) to work on /opt/airflow/dags/dag_crime_pipeline.py
[2026-06-07T16:38:57.737+0000] {processor.py:830} INFO - Processing file /opt/airflow/dags/dag_crime_pipeline.py for tasks to queue
[2026-06-07T16:38:57.739+0000] {logging_mixin.py:188} INFO - [2026-06-07T16:38:57.739+0000] {dagbag.py:538} INFO - Filling up the DagBag from /opt/airflow/dags/dag_crime_pipeline.py
[2026-06-07T16:38:57.777+0000] {processor.py:840} INFO - DAG(s) 'crime_analytics_pipeline' retrieved from /opt/airflow/dags/dag_crime_pipeline.py
[2026-06-07T16:38:57.808+0000] {logging_mixin.py:188} INFO - [2026-06-07T16:38:57.807+0000] {dag.py:3036} INFO - Sync 1 DAGs
[2026-06-07T16:38:57.831+0000] {logging_mixin.py:188} INFO - [2026-06-07T16:38:57.831+0000] {dag.py:3823} INFO - Setting next_dagrun for crime_analytics_pipeline to 2026-06-06 19:00:00+00:00, run_after=2026-06-13 19:00:00+00:00
[2026-06-07T16:38:57.870+0000] {processor.py:183} INFO - Processing /opt/airflow/dags/dag_crime_pipeline.py took 0.138 seconds
[2026-06-07T16:39:28.038+0000] {processor.py:161} INFO - Started process (PID=14812) to work on /opt/airflow/dags/dag_crime_pipeline.py
[2026-06-07T16:39:28.040+0000] {processor.py:830} INFO - Processing file /opt/airflow/dags/dag_crime_pipeline.py for tasks to queue
[2026-06-07T16:39:28.044+0000] {logging_mixin.py:188} INFO - [2026-06-07T16:39:28.043+0000] {dagbag.py:538} INFO - Filling up the DagBag from /opt/airflow/dags/dag_crime_pipeline.py
[2026-06-07T16:39:28.090+0000] {processor.py:840} INFO - DAG(s) 'crime_analytics_pipeline' retrieved from /opt/airflow/dags/dag_crime_pipeline.py
[2026-06-07T16:39:28.131+0000] {logging_mixin.py:188} INFO - [2026-06-07T16:39:28.131+0000] {dag.py:3036} INFO - Sync 1 DAGs
[2026-06-07T16:39:28.159+0000] {logging_mixin.py:188} INFO - [2026-06-07T16:39:28.159+0000] {dag.py:3823} INFO - Setting next_dagrun for crime_analytics_pipeline to 2026-06-06 19:00:00+00:00, run_after=2026-06-13 19:00:00+00:00
[2026-06-07T16:39:28.203+0000] {processor.py:183} INFO - Processing /opt/airflow/dags/dag_crime_pipeline.py took 0.171 seconds
[2026-06-07T16:39:58.543+0000] {processor.py:161} INFO - Started process (PID=14817) to work on /opt/airflow/dags/dag_crime_pipeline.py
[2026-06-07T16:39:58.544+0000] {processor.py:830} INFO - Processing file /opt/airflow/dags/dag_crime_pipeline.py for tasks to queue
[2026-06-07T16:39:58.548+0000] {logging_mixin.py:188} INFO - [2026-06-07T16:39:58.548+0000] {dagbag.py:538} INFO - Filling up the DagBag from /opt/airflow/dags/dag_crime_pipeline.py
[2026-06-07T16:39:58.588+0000] {processor.py:840} INFO - DAG(s) 'crime_analytics_pipeline' retrieved from /opt/airflow/dags/dag_crime_pipeline.py
[2026-06-07T16:39:58.616+0000] {logging_mixin.py:188} INFO - [2026-06-07T16:39:58.616+0000] {dag.py:3036} INFO - Sync 1 DAGs
[2026-06-07T16:39:58.638+0000] {logging_mixin.py:188} INFO - [2026-06-07T16:39:58.638+0000] {dag.py:3823} INFO - Setting next_dagrun for crime_analytics_pipeline to 2026-06-06 19:00:00+00:00, run_after=2026-06-13 19:00:00+00:00
[2026-06-07T16:39:58.659+0000] {processor.py:183} INFO - Processing /opt/airflow/dags/dag_crime_pipeline.py took 0.120 seconds
[2026-06-07T16:40:28.839+0000] {processor.py:161} INFO - Started process (PID=14870) to work on /opt/airflow/dags/dag_crime_pipeline.py
[2026-06-07T16:40:28.841+0000] {processor.py:830} INFO - Processing file /opt/airflow/dags/dag_crime_pipeline.py for tasks to queue
[2026-06-07T16:40:28.846+0000] {logging_mixin.py:188} INFO - [2026-06-07T16:40:28.845+0000] {dagbag.py:538} INFO - Filling up the DagBag from /opt/airflow/dags/dag_crime_pipeline.py
[2026-06-07T16:40:28.891+0000] {processor.py:840} INFO - DAG(s) 'crime_analytics_pipeline' retrieved from /opt/airflow/dags/dag_crime_pipeline.py
[2026-06-07T16:40:28.929+0000] {logging_mixin.py:188} INFO - [2026-06-07T16:40:28.929+0000] {dag.py:3036} INFO - Sync 1 DAGs
[2026-06-07T16:40:28.984+0000] {processor.py:183} INFO - Processing /opt/airflow/dags/dag_crime_pipeline.py took 0.151 seconds
[2026-06-07T16:40:59.548+0000] {processor.py:161} INFO - Started process (PID=14875) to work on /opt/airflow/dags/dag_crime_pipeline.py
[2026-06-07T16:40:59.550+0000] {processor.py:830} INFO - Processing file /opt/airflow/dags/dag_crime_pipeline.py for tasks to queue
[2026-06-07T16:40:59.554+0000] {logging_mixin.py:188} INFO - [2026-06-07T16:40:59.553+0000] {dagbag.py:538} INFO - Filling up the DagBag from /opt/airflow/dags/dag_crime_pipeline.py
[2026-06-07T16:40:59.600+0000] {processor.py:840} INFO - DAG(s) 'crime_analytics_pipeline' retrieved from /opt/airflow/dags/dag_crime_pipeline.py
[2026-06-07T16:40:59.640+0000] {logging_mixin.py:188} INFO - [2026-06-07T16:40:59.639+0000] {dag.py:3036} INFO - Sync 1 DAGs
[2026-06-07T16:40:59.699+0000] {processor.py:183} INFO - Processing /opt/airflow/dags/dag_crime_pipeline.py took 0.157 seconds
[2026-06-07T16:41:29.953+0000] {processor.py:161} INFO - Started process (PID=14880) to work on /opt/airflow/dags/dag_crime_pipeline.py
[2026-06-07T16:41:29.955+0000] {processor.py:830} INFO - Processing file /opt/airflow/dags/dag_crime_pipeline.py for tasks to queue
[2026-06-07T16:41:29.958+0000] {logging_mixin.py:188} INFO - [2026-06-07T16:41:29.957+0000] {dagbag.py:538} INFO - Filling up the DagBag from /opt/airflow/dags/dag_crime_pipeline.py
[2026-06-07T16:41:30.001+0000] {processor.py:840} INFO - DAG(s) 'crime_analytics_pipeline' retrieved from /opt/airflow/dags/dag_crime_pipeline.py
[2026-06-07T16:41:30.048+0000] {logging_mixin.py:188} INFO - [2026-06-07T16:41:30.047+0000] {dag.py:3036} INFO - Sync 1 DAGs
[2026-06-07T16:41:30.103+0000] {processor.py:183} INFO - Processing /opt/airflow/dags/dag_crime_pipeline.py took 0.156 seconds
[2026-06-07T16:42:00.394+0000] {processor.py:161} INFO - Started process (PID=14885) to work on /opt/airflow/dags/dag_crime_pipeline.py
[2026-06-07T16:42:00.396+0000] {processor.py:830} INFO - Processing file /opt/airflow/dags/dag_crime_pipeline.py for tasks to queue
[2026-06-07T16:42:00.400+0000] {logging_mixin.py:188} INFO - [2026-06-07T16:42:00.399+0000] {dagbag.py:538} INFO - Filling up the DagBag from /opt/airflow/dags/dag_crime_pipeline.py
[2026-06-07T16:42:00.446+0000] {processor.py:840} INFO - DAG(s) 'crime_analytics_pipeline' retrieved from /opt/airflow/dags/dag_crime_pipeline.py
[2026-06-07T16:42:00.491+0000] {logging_mixin.py:188} INFO - [2026-06-07T16:42:00.491+0000] {dag.py:3036} INFO - Sync 1 DAGs
[2026-06-07T16:42:00.550+0000] {processor.py:183} INFO - Processing /opt/airflow/dags/dag_crime_pipeline.py took 0.160 seconds
[2026-06-07T16:42:30.759+0000] {processor.py:161} INFO - Started process (PID=14937) to work on /opt/airflow/dags/dag_crime_pipeline.py
[2026-06-07T16:42:30.761+0000] {processor.py:830} INFO - Processing file /opt/airflow/dags/dag_crime_pipeline.py for tasks to queue
[2026-06-07T16:42:30.767+0000] {logging_mixin.py:188} INFO - [2026-06-07T16:42:30.766+0000] {dagbag.py:538} INFO - Filling up the DagBag from /opt/airflow/dags/dag_crime_pipeline.py
[2026-06-07T16:42:30.829+0000] {processor.py:840} INFO - DAG(s) 'crime_analytics_pipeline' retrieved from /opt/airflow/dags/dag_crime_pipeline.py
[2026-06-07T16:42:30.876+0000] {logging_mixin.py:188} INFO - [2026-06-07T16:42:30.875+0000] {dag.py:3036} INFO - Sync 1 DAGs
[2026-06-07T16:42:30.942+0000] {processor.py:183} INFO - Processing /opt/airflow/dags/dag_crime_pipeline.py took 0.192 seconds
[2026-06-07T16:43:01.177+0000] {processor.py:161} INFO - Started process (PID=14974) to work on /opt/airflow/dags/dag_crime_pipeline.py
[2026-06-07T16:43:01.186+0000] {processor.py:830} INFO - Processing file /opt/airflow/dags/dag_crime_pipeline.py for tasks to queue
[2026-06-07T16:43:01.194+0000] {logging_mixin.py:188} INFO - [2026-06-07T16:43:01.194+0000] {dagbag.py:538} INFO - Filling up the DagBag from /opt/airflow/dags/dag_crime_pipeline.py
[2026-06-07T16:43:01.250+0000] {processor.py:840} INFO - DAG(s) 'crime_analytics_pipeline' retrieved from /opt/airflow/dags/dag_crime_pipeline.py
[2026-06-07T16:43:01.313+0000] {logging_mixin.py:188} INFO - [2026-06-07T16:43:01.312+0000] {dag.py:3036} INFO - Sync 1 DAGs
[2026-06-07T16:43:01.406+0000] {processor.py:183} INFO - Processing /opt/airflow/dags/dag_crime_pipeline.py took 0.239 seconds
[2026-06-07T16:43:31.599+0000] {processor.py:161} INFO - Started process (PID=14979) to work on /opt/airflow/dags/dag_crime_pipeline.py
[2026-06-07T16:43:31.601+0000] {processor.py:830} INFO - Processing file /opt/airflow/dags/dag_crime_pipeline.py for tasks to queue
[2026-06-07T16:43:31.605+0000] {logging_mixin.py:188} INFO - [2026-06-07T16:43:31.605+0000] {dagbag.py:538} INFO - Filling up the DagBag from /opt/airflow/dags/dag_crime_pipeline.py
[2026-06-07T16:43:31.694+0000] {processor.py:840} INFO - DAG(s) 'crime_analytics_pipeline' retrieved from /opt/airflow/dags/dag_crime_pipeline.py
[2026-06-07T16:43:31.758+0000] {logging_mixin.py:188} INFO - [2026-06-07T16:43:31.758+0000] {dag.py:3036} INFO - Sync 1 DAGs
[2026-06-07T16:43:31.876+0000] {processor.py:183} INFO - Processing /opt/airflow/dags/dag_crime_pipeline.py took 0.284 seconds
[2026-06-07T16:44:02.181+0000] {processor.py:161} INFO - Started process (PID=14984) to work on /opt/airflow/dags/dag_crime_pipeline.py
[2026-06-07T16:44:02.183+0000] {processor.py:830} INFO - Processing file /opt/airflow/dags/dag_crime_pipeline.py for tasks to queue
[2026-06-07T16:44:02.192+0000] {logging_mixin.py:188} INFO - [2026-06-07T16:44:02.191+0000] {dagbag.py:538} INFO - Filling up the DagBag from /opt/airflow/dags/dag_crime_pipeline.py
[2026-06-07T16:44:02.263+0000] {processor.py:840} INFO - DAG(s) 'crime_analytics_pipeline' retrieved from /opt/airflow/dags/dag_crime_pipeline.py
[2026-06-07T16:44:02.325+0000] {logging_mixin.py:188} INFO - [2026-06-07T16:44:02.324+0000] {dag.py:3036} INFO - Sync 1 DAGs
[2026-06-07T16:44:02.424+0000] {processor.py:183} INFO - Processing /opt/airflow/dags/dag_crime_pipeline.py took 0.251 seconds
[2026-06-07T16:44:32.705+0000] {processor.py:161} INFO - Started process (PID=14989) to work on /opt/airflow/dags/dag_crime_pipeline.py
[2026-06-07T16:44:32.713+0000] {processor.py:830} INFO - Processing file /opt/airflow/dags/dag_crime_pipeline.py for tasks to queue
[2026-06-07T16:44:32.718+0000] {logging_mixin.py:188} INFO - [2026-06-07T16:44:32.717+0000] {dagbag.py:538} INFO - Filling up the DagBag from /opt/airflow/dags/dag_crime_pipeline.py
[2026-06-07T16:44:32.778+0000] {processor.py:840} INFO - DAG(s) 'crime_analytics_pipeline' retrieved from /opt/airflow/dags/dag_crime_pipeline.py
[2026-06-07T16:44:32.836+0000] {logging_mixin.py:188} INFO - [2026-06-07T16:44:32.836+0000] {dag.py:3036} INFO - Sync 1 DAGs
[2026-06-07T16:44:32.926+0000] {processor.py:183} INFO - Processing /opt/airflow/dags/dag_crime_pipeline.py took 0.226 seconds
[2026-06-07T16:45:03.200+0000] {processor.py:161} INFO - Started process (PID=14998) to work on /opt/airflow/dags/dag_crime_pipeline.py
[2026-06-07T16:45:03.203+0000] {processor.py:830} INFO - Processing file /opt/airflow/dags/dag_crime_pipeline.py for tasks to queue
[2026-06-07T16:45:03.207+0000] {logging_mixin.py:188} INFO - [2026-06-07T16:45:03.206+0000] {dagbag.py:538} INFO - Filling up the DagBag from /opt/airflow/dags/dag_crime_pipeline.py
[2026-06-07T16:45:03.257+0000] {processor.py:840} INFO - DAG(s) 'crime_analytics_pipeline' retrieved from /opt/airflow/dags/dag_crime_pipeline.py
[2026-06-07T16:45:03.300+0000] {logging_mixin.py:188} INFO - [2026-06-07T16:45:03.300+0000] {dag.py:3036} INFO - Sync 1 DAGs
[2026-06-07T16:45:03.359+0000] {processor.py:183} INFO - Processing /opt/airflow/dags/dag_crime_pipeline.py took 0.166 seconds
[2026-06-07T16:45:33.708+0000] {processor.py:161} INFO - Started process (PID=15003) to work on /opt/airflow/dags/dag_crime_pipeline.py
[2026-06-07T16:45:33.709+0000] {processor.py:830} INFO - Processing file /opt/airflow/dags/dag_crime_pipeline.py for tasks to queue
[2026-06-07T16:45:33.713+0000] {logging_mixin.py:188} INFO - [2026-06-07T16:45:33.712+0000] {dagbag.py:538} INFO - Filling up the DagBag from /opt/airflow/dags/dag_crime_pipeline.py
[2026-06-07T16:45:33.756+0000] {processor.py:840} INFO - DAG(s) 'crime_analytics_pipeline' retrieved from /opt/airflow/dags/dag_crime_pipeline.py
[2026-06-07T16:45:33.800+0000] {logging_mixin.py:188} INFO - [2026-06-07T16:45:33.799+0000] {dag.py:3036} INFO - Sync 1 DAGs
[2026-06-07T16:45:33.835+0000] {logging_mixin.py:188} INFO - [2026-06-07T16:45:33.835+0000] {dag.py:3823} INFO - Setting next_dagrun for crime_analytics_pipeline to 2026-06-06 19:00:00+00:00, run_after=2026-06-13 19:00:00+00:00
[2026-06-07T16:45:33.871+0000] {processor.py:183} INFO - Processing /opt/airflow/dags/dag_crime_pipeline.py took 0.167 seconds
[2026-06-07T16:46:04.063+0000] {processor.py:161} INFO - Started process (PID=15008) to work on /opt/airflow/dags/dag_crime_pipeline.py
[2026-06-07T16:46:04.065+0000] {processor.py:830} INFO - Processing file /opt/airflow/dags/dag_crime_pipeline.py for tasks to queue
[2026-06-07T16:46:04.070+0000] {logging_mixin.py:188} INFO - [2026-06-07T16:46:04.069+0000] {dagbag.py:538} INFO - Filling up the DagBag from /opt/airflow/dags/dag_crime_pipeline.py
[2026-06-07T16:46:04.115+0000] {processor.py:840} INFO - DAG(s) 'crime_analytics_pipeline' retrieved from /opt/airflow/dags/dag_crime_pipeline.py
[2026-06-07T16:46:04.149+0000] {logging_mixin.py:188} INFO - [2026-06-07T16:46:04.149+0000] {dag.py:3036} INFO - Sync 1 DAGs
[2026-06-07T16:46:04.175+0000] {logging_mixin.py:188} INFO - [2026-06-07T16:46:04.175+0000] {dag.py:3823} INFO - Setting next_dagrun for crime_analytics_pipeline to 2026-06-06 19:00:00+00:00, run_after=2026-06-13 19:00:00+00:00
[2026-06-07T16:46:04.198+0000] {processor.py:183} INFO - Processing /opt/airflow/dags/dag_crime_pipeline.py took 0.140 seconds
[2026-06-07T16:46:34.520+0000] {processor.py:161} INFO - Started process (PID=15061) to work on /opt/airflow/dags/dag_crime_pipeline.py
[2026-06-07T16:46:34.522+0000] {processor.py:830} INFO - Processing file /opt/airflow/dags/dag_crime_pipeline.py for tasks to queue
[2026-06-07T16:46:34.527+0000] {logging_mixin.py:188} INFO - [2026-06-07T16:46:34.527+0000] {dagbag.py:538} INFO - Filling up the DagBag from /opt/airflow/dags/dag_crime_pipeline.py
[2026-06-07T16:46:34.583+0000] {processor.py:840} INFO - DAG(s) 'crime_analytics_pipeline' retrieved from /opt/airflow/dags/dag_crime_pipeline.py
[2026-06-07T16:46:34.634+0000] {logging_mixin.py:188} INFO - [2026-06-07T16:46:34.633+0000] {dag.py:3036} INFO - Sync 1 DAGs
[2026-06-07T16:46:34.711+0000] {processor.py:183} INFO - Processing /opt/airflow/dags/dag_crime_pipeline.py took 0.197 seconds
[2026-06-07T16:47:04.870+0000] {processor.py:161} INFO - Started process (PID=15145) to work on /opt/airflow/dags/dag_crime_pipeline.py
[2026-06-07T16:47:04.872+0000] {processor.py:830} INFO - Processing file /opt/airflow/dags/dag_crime_pipeline.py for tasks to queue
[2026-06-07T16:47:04.876+0000] {logging_mixin.py:188} INFO - [2026-06-07T16:47:04.875+0000] {dagbag.py:538} INFO - Filling up the DagBag from /opt/airflow/dags/dag_crime_pipeline.py
[2026-06-07T16:47:04.926+0000] {processor.py:840} INFO - DAG(s) 'crime_analytics_pipeline' retrieved from /opt/airflow/dags/dag_crime_pipeline.py
[2026-06-07T16:47:04.965+0000] {logging_mixin.py:188} INFO - [2026-06-07T16:47:04.964+0000] {dag.py:3036} INFO - Sync 1 DAGs
[2026-06-07T16:47:05.010+0000] {processor.py:183} INFO - Processing /opt/airflow/dags/dag_crime_pipeline.py took 0.145 seconds
[2026-06-07T16:47:35.356+0000] {processor.py:161} INFO - Started process (PID=15150) to work on /opt/airflow/dags/dag_crime_pipeline.py
[2026-06-07T16:47:35.357+0000] {processor.py:830} INFO - Processing file /opt/airflow/dags/dag_crime_pipeline.py for tasks to queue
[2026-06-07T16:47:35.361+0000] {logging_mixin.py:188} INFO - [2026-06-07T16:47:35.360+0000] {dagbag.py:538} INFO - Filling up the DagBag from /opt/airflow/dags/dag_crime_pipeline.py
[2026-06-07T16:47:35.401+0000] {processor.py:840} INFO - DAG(s) 'crime_analytics_pipeline' retrieved from /opt/airflow/dags/dag_crime_pipeline.py
[2026-06-07T16:47:35.436+0000] {logging_mixin.py:188} INFO - [2026-06-07T16:47:35.435+0000] {dag.py:3036} INFO - Sync 1 DAGs
[2026-06-07T16:47:35.457+0000] {logging_mixin.py:188} INFO - [2026-06-07T16:47:35.457+0000] {dag.py:3823} INFO - Setting next_dagrun for crime_analytics_pipeline to 2026-06-06 19:00:00+00:00, run_after=2026-06-13 19:00:00+00:00
[2026-06-07T16:47:35.493+0000] {processor.py:183} INFO - Processing /opt/airflow/dags/dag_crime_pipeline.py took 0.141 seconds
[2026-06-07T16:48:05.697+0000] {processor.py:161} INFO - Started process (PID=15155) to work on /opt/airflow/dags/dag_crime_pipeline.py
[2026-06-07T16:48:05.698+0000] {processor.py:830} INFO - Processing file /opt/airflow/dags/dag_crime_pipeline.py for tasks to queue
[2026-06-07T16:48:05.701+0000] {logging_mixin.py:188} INFO - [2026-06-07T16:48:05.701+0000] {dagbag.py:538} INFO - Filling up the DagBag from /opt/airflow/dags/dag_crime_pipeline.py
[2026-06-07T16:48:05.738+0000] {processor.py:840} INFO - DAG(s) 'crime_analytics_pipeline' retrieved from /opt/airflow/dags/dag_crime_pipeline.py
[2026-06-07T16:48:05.768+0000] {logging_mixin.py:188} INFO - [2026-06-07T16:48:05.768+0000] {dag.py:3036} INFO - Sync 1 DAGs
[2026-06-07T16:48:05.788+0000] {logging_mixin.py:188} INFO - [2026-06-07T16:48:05.787+0000] {dag.py:3823} INFO - Setting next_dagrun for crime_analytics_pipeline to 2026-06-06 19:00:00+00:00, run_after=2026-06-13 19:00:00+00:00
[2026-06-07T16:48:05.808+0000] {processor.py:183} INFO - Processing /opt/airflow/dags/dag_crime_pipeline.py took 0.116 seconds
[2026-06-07T16:48:36.142+0000] {processor.py:161} INFO - Started process (PID=15208) to work on /opt/airflow/dags/dag_crime_pipeline.py
[2026-06-07T16:48:36.161+0000] {processor.py:830} INFO - Processing file /opt/airflow/dags/dag_crime_pipeline.py for tasks to queue
[2026-06-07T16:48:36.167+0000] {logging_mixin.py:188} INFO - [2026-06-07T16:48:36.166+0000] {dagbag.py:538} INFO - Filling up the DagBag from /opt/airflow/dags/dag_crime_pipeline.py
[2026-06-07T16:48:36.217+0000] {processor.py:840} INFO - DAG(s) 'crime_analytics_pipeline' retrieved from /opt/airflow/dags/dag_crime_pipeline.py
[2026-06-07T16:48:36.255+0000] {logging_mixin.py:188} INFO - [2026-06-07T16:48:36.255+0000] {dag.py:3036} INFO - Sync 1 DAGs
[2026-06-07T16:48:36.309+0000] {processor.py:183} INFO - Processing /opt/airflow/dags/dag_crime_pipeline.py took 0.173 seconds
[2026-06-07T16:49:06.575+0000] {processor.py:161} INFO - Started process (PID=15244) to work on /opt/airflow/dags/dag_crime_pipeline.py
[2026-06-07T16:49:06.577+0000] {processor.py:830} INFO - Processing file /opt/airflow/dags/dag_crime_pipeline.py for tasks to queue
[2026-06-07T16:49:06.586+0000] {logging_mixin.py:188} INFO - [2026-06-07T16:49:06.585+0000] {dagbag.py:538} INFO - Filling up the DagBag from /opt/airflow/dags/dag_crime_pipeline.py
[2026-06-07T16:49:06.665+0000] {processor.py:840} INFO - DAG(s) 'crime_analytics_pipeline' retrieved from /opt/airflow/dags/dag_crime_pipeline.py
[2026-06-07T16:49:06.729+0000] {logging_mixin.py:188} INFO - [2026-06-07T16:49:06.729+0000] {dag.py:3036} INFO - Sync 1 DAGs
[2026-06-07T16:49:06.831+0000] {processor.py:183} INFO - Processing /opt/airflow/dags/dag_crime_pipeline.py took 0.263 seconds
[2026-06-07T16:49:37.004+0000] {processor.py:161} INFO - Started process (PID=15249) to work on /opt/airflow/dags/dag_crime_pipeline.py
[2026-06-07T16:49:37.005+0000] {processor.py:830} INFO - Processing file /opt/airflow/dags/dag_crime_pipeline.py for tasks to queue
[2026-06-07T16:49:37.008+0000] {logging_mixin.py:188} INFO - [2026-06-07T16:49:37.008+0000] {dagbag.py:538} INFO - Filling up the DagBag from /opt/airflow/dags/dag_crime_pipeline.py
[2026-06-07T16:49:37.050+0000] {processor.py:840} INFO - DAG(s) 'crime_analytics_pipeline' retrieved from /opt/airflow/dags/dag_crime_pipeline.py
[2026-06-07T16:49:37.093+0000] {logging_mixin.py:188} INFO - [2026-06-07T16:49:37.093+0000] {dag.py:3036} INFO - Sync 1 DAGs
[2026-06-07T16:49:37.165+0000] {processor.py:183} INFO - Processing /opt/airflow/dags/dag_crime_pipeline.py took 0.166 seconds
[2026-06-07T16:50:07.571+0000] {processor.py:161} INFO - Started process (PID=15254) to work on /opt/airflow/dags/dag_crime_pipeline.py
[2026-06-07T16:50:07.577+0000] {processor.py:830} INFO - Processing file /opt/airflow/dags/dag_crime_pipeline.py for tasks to queue
[2026-06-07T16:50:07.581+0000] {logging_mixin.py:188} INFO - [2026-06-07T16:50:07.580+0000] {dagbag.py:538} INFO - Filling up the DagBag from /opt/airflow/dags/dag_crime_pipeline.py
[2026-06-07T16:50:07.635+0000] {processor.py:840} INFO - DAG(s) 'crime_analytics_pipeline' retrieved from /opt/airflow/dags/dag_crime_pipeline.py
[2026-06-07T16:50:07.682+0000] {logging_mixin.py:188} INFO - [2026-06-07T16:50:07.682+0000] {dag.py:3036} INFO - Sync 1 DAGs
[2026-06-07T16:50:07.782+0000] {processor.py:183} INFO - Processing /opt/airflow/dags/dag_crime_pipeline.py took 0.217 seconds
[2026-06-07T16:50:38.006+0000] {processor.py:161} INFO - Started process (PID=15259) to work on /opt/airflow/dags/dag_crime_pipeline.py
[2026-06-07T16:50:38.013+0000] {processor.py:830} INFO - Processing file /opt/airflow/dags/dag_crime_pipeline.py for tasks to queue
[2026-06-07T16:50:38.022+0000] {logging_mixin.py:188} INFO - [2026-06-07T16:50:38.021+0000] {dagbag.py:538} INFO - Filling up the DagBag from /opt/airflow/dags/dag_crime_pipeline.py
[2026-06-07T16:50:38.100+0000] {processor.py:840} INFO - DAG(s) 'crime_analytics_pipeline' retrieved from /opt/airflow/dags/dag_crime_pipeline.py
[2026-06-07T16:50:38.172+0000] {logging_mixin.py:188} INFO - [2026-06-07T16:50:38.172+0000] {dag.py:3036} INFO - Sync 1 DAGs
[2026-06-07T16:50:38.297+0000] {processor.py:183} INFO - Processing /opt/airflow/dags/dag_crime_pipeline.py took 0.297 seconds
[2026-06-07T16:51:08.706+0000] {processor.py:161} INFO - Started process (PID=15268) to work on /opt/airflow/dags/dag_crime_pipeline.py
[2026-06-07T16:51:08.707+0000] {processor.py:830} INFO - Processing file /opt/airflow/dags/dag_crime_pipeline.py for tasks to queue
[2026-06-07T16:51:08.710+0000] {logging_mixin.py:188} INFO - [2026-06-07T16:51:08.710+0000] {dagbag.py:538} INFO - Filling up the DagBag from /opt/airflow/dags/dag_crime_pipeline.py
[2026-06-07T16:51:08.747+0000] {processor.py:840} INFO - DAG(s) 'crime_analytics_pipeline' retrieved from /opt/airflow/dags/dag_crime_pipeline.py
[2026-06-07T16:51:08.779+0000] {logging_mixin.py:188} INFO - [2026-06-07T16:51:08.779+0000] {dag.py:3036} INFO - Sync 1 DAGs
[2026-06-07T16:51:08.800+0000] {logging_mixin.py:188} INFO - [2026-06-07T16:51:08.800+0000] {dag.py:3823} INFO - Setting next_dagrun for crime_analytics_pipeline to 2026-06-06 19:00:00+00:00, run_after=2026-06-13 19:00:00+00:00
[2026-06-07T16:51:08.817+0000] {processor.py:183} INFO - Processing /opt/airflow/dags/dag_crime_pipeline.py took 0.115 seconds
[2026-06-07T16:51:39.018+0000] {processor.py:161} INFO - Started process (PID=15273) to work on /opt/airflow/dags/dag_crime_pipeline.py
[2026-06-07T16:51:39.020+0000] {processor.py:830} INFO - Processing file /opt/airflow/dags/dag_crime_pipeline.py for tasks to queue
[2026-06-07T16:51:39.023+0000] {logging_mixin.py:188} INFO - [2026-06-07T16:51:39.022+0000] {dagbag.py:538} INFO - Filling up the DagBag from /opt/airflow/dags/dag_crime_pipeline.py
[2026-06-07T16:51:39.061+0000] {processor.py:840} INFO - DAG(s) 'crime_analytics_pipeline' retrieved from /opt/airflow/dags/dag_crime_pipeline.py
[2026-06-07T16:51:39.093+0000] {logging_mixin.py:188} INFO - [2026-06-07T16:51:39.092+0000] {dag.py:3036} INFO - Sync 1 DAGs
[2026-06-07T16:51:39.112+0000] {logging_mixin.py:188} INFO - [2026-06-07T16:51:39.112+0000] {dag.py:3823} INFO - Setting next_dagrun for crime_analytics_pipeline to 2026-06-06 19:00:00+00:00, run_after=2026-06-13 19:00:00+00:00
[2026-06-07T16:51:39.150+0000] {processor.py:183} INFO - Processing /opt/airflow/dags/dag_crime_pipeline.py took 0.136 seconds
[2026-06-07T16:52:09.410+0000] {processor.py:161} INFO - Started process (PID=15278) to work on /opt/airflow/dags/dag_crime_pipeline.py
[2026-06-07T16:52:09.412+0000] {processor.py:830} INFO - Processing file /opt/airflow/dags/dag_crime_pipeline.py for tasks to queue
[2026-06-07T16:52:09.415+0000] {logging_mixin.py:188} INFO - [2026-06-07T16:52:09.414+0000] {dagbag.py:538} INFO - Filling up the DagBag from /opt/airflow/dags/dag_crime_pipeline.py
[2026-06-07T16:52:09.452+0000] {processor.py:840} INFO - DAG(s) 'crime_analytics_pipeline' retrieved from /opt/airflow/dags/dag_crime_pipeline.py
[2026-06-07T16:52:09.482+0000] {logging_mixin.py:188} INFO - [2026-06-07T16:52:09.482+0000] {dag.py:3036} INFO - Sync 1 DAGs
[2026-06-07T16:52:09.504+0000] {logging_mixin.py:188} INFO - [2026-06-07T16:52:09.504+0000] {dag.py:3823} INFO - Setting next_dagrun for crime_analytics_pipeline to 2026-06-06 19:00:00+00:00, run_after=2026-06-13 19:00:00+00:00
[2026-06-07T16:52:09.541+0000] {processor.py:183} INFO - Processing /opt/airflow/dags/dag_crime_pipeline.py took 0.135 seconds
[2026-06-07T16:52:39.777+0000] {processor.py:161} INFO - Started process (PID=15283) to work on /opt/airflow/dags/dag_crime_pipeline.py
[2026-06-07T16:52:39.779+0000] {processor.py:830} INFO - Processing file /opt/airflow/dags/dag_crime_pipeline.py for tasks to queue
[2026-06-07T16:52:39.782+0000] {logging_mixin.py:188} INFO - [2026-06-07T16:52:39.781+0000] {dagbag.py:538} INFO - Filling up the DagBag from /opt/airflow/dags/dag_crime_pipeline.py
[2026-06-07T16:52:39.819+0000] {processor.py:840} INFO - DAG(s) 'crime_analytics_pipeline' retrieved from /opt/airflow/dags/dag_crime_pipeline.py
[2026-06-07T16:52:39.853+0000] {logging_mixin.py:188} INFO - [2026-06-07T16:52:39.853+0000] {dag.py:3036} INFO - Sync 1 DAGs
[2026-06-07T16:52:39.876+0000] {logging_mixin.py:188} INFO - [2026-06-07T16:52:39.876+0000] {dag.py:3823} INFO - Setting next_dagrun for crime_analytics_pipeline to 2026-06-06 19:00:00+00:00, run_after=2026-06-13 19:00:00+00:00
[2026-06-07T16:52:39.900+0000] {processor.py:183} INFO - Processing /opt/airflow/dags/dag_crime_pipeline.py took 0.126 seconds
[2026-06-07T16:53:10.171+0000] {processor.py:161} INFO - Started process (PID=15288) to work on /opt/airflow/dags/dag_crime_pipeline.py
[2026-06-07T16:53:10.173+0000] {processor.py:830} INFO - Processing file /opt/airflow/dags/dag_crime_pipeline.py for tasks to queue
[2026-06-07T16:53:10.177+0000] {logging_mixin.py:188} INFO - [2026-06-07T16:53:10.177+0000] {dagbag.py:538} INFO - Filling up the DagBag from /opt/airflow/dags/dag_crime_pipeline.py
[2026-06-07T16:53:10.224+0000] {processor.py:840} INFO - DAG(s) 'crime_analytics_pipeline' retrieved from /opt/airflow/dags/dag_crime_pipeline.py
[2026-06-07T16:53:10.256+0000] {logging_mixin.py:188} INFO - [2026-06-07T16:53:10.256+0000] {dag.py:3036} INFO - Sync 1 DAGs
[2026-06-07T16:53:10.277+0000] {logging_mixin.py:188} INFO - [2026-06-07T16:53:10.276+0000] {dag.py:3823} INFO - Setting next_dagrun for crime_analytics_pipeline to 2026-06-06 19:00:00+00:00, run_after=2026-06-13 19:00:00+00:00
[2026-06-07T16:53:10.315+0000] {processor.py:183} INFO - Processing /opt/airflow/dags/dag_crime_pipeline.py took 0.149 seconds
[2026-06-07T16:53:40.574+0000] {processor.py:161} INFO - Started process (PID=15293) to work on /opt/airflow/dags/dag_crime_pipeline.py
[2026-06-07T16:53:40.576+0000] {processor.py:830} INFO - Processing file /opt/airflow/dags/dag_crime_pipeline.py for tasks to queue
[2026-06-07T16:53:40.579+0000] {logging_mixin.py:188} INFO - [2026-06-07T16:53:40.578+0000] {dagbag.py:538} INFO - Filling up the DagBag from /opt/airflow/dags/dag_crime_pipeline.py
[2026-06-07T16:53:40.625+0000] {processor.py:840} INFO - DAG(s) 'crime_analytics_pipeline' retrieved from /opt/airflow/dags/dag_crime_pipeline.py
[2026-06-07T16:53:40.664+0000] {logging_mixin.py:188} INFO - [2026-06-07T16:53:40.663+0000] {dag.py:3036} INFO - Sync 1 DAGs
[2026-06-07T16:53:40.691+0000] {logging_mixin.py:188} INFO - [2026-06-07T16:53:40.691+0000] {dag.py:3823} INFO - Setting next_dagrun for crime_analytics_pipeline to 2026-06-06 19:00:00+00:00, run_after=2026-06-13 19:00:00+00:00
[2026-06-07T16:53:40.729+0000] {processor.py:183} INFO - Processing /opt/airflow/dags/dag_crime_pipeline.py took 0.161 seconds
[2026-06-07T16:54:10.926+0000] {processor.py:161} INFO - Started process (PID=15298) to work on /opt/airflow/dags/dag_crime_pipeline.py
[2026-06-07T16:54:10.928+0000] {processor.py:830} INFO - Processing file /opt/airflow/dags/dag_crime_pipeline.py for tasks to queue
[2026-06-07T16:54:10.931+0000] {logging_mixin.py:188} INFO - [2026-06-07T16:54:10.931+0000] {dagbag.py:538} INFO - Filling up the DagBag from /opt/airflow/dags/dag_crime_pipeline.py
[2026-06-07T16:54:10.972+0000] {processor.py:840} INFO - DAG(s) 'crime_analytics_pipeline' retrieved from /opt/airflow/dags/dag_crime_pipeline.py
[2026-06-07T16:54:11.012+0000] {logging_mixin.py:188} INFO - [2026-06-07T16:54:11.011+0000] {dag.py:3036} INFO - Sync 1 DAGs
[2026-06-07T16:54:11.038+0000] {logging_mixin.py:188} INFO - [2026-06-07T16:54:11.038+0000] {dag.py:3823} INFO - Setting next_dagrun for crime_analytics_pipeline to 2026-06-06 19:00:00+00:00, run_after=2026-06-13 19:00:00+00:00
[2026-06-07T16:54:11.060+0000] {processor.py:183} INFO - Processing /opt/airflow/dags/dag_crime_pipeline.py took 0.138 seconds
[2026-06-07T16:54:41.310+0000] {processor.py:161} INFO - Started process (PID=15303) to work on /opt/airflow/dags/dag_crime_pipeline.py
[2026-06-07T16:54:41.312+0000] {processor.py:830} INFO - Processing file /opt/airflow/dags/dag_crime_pipeline.py for tasks to queue
[2026-06-07T16:54:41.315+0000] {logging_mixin.py:188} INFO - [2026-06-07T16:54:41.314+0000] {dagbag.py:538} INFO - Filling up the DagBag from /opt/airflow/dags/dag_crime_pipeline.py
[2026-06-07T16:54:41.351+0000] {processor.py:840} INFO - DAG(s) 'crime_analytics_pipeline' retrieved from /opt/airflow/dags/dag_crime_pipeline.py
[2026-06-07T16:54:41.382+0000] {logging_mixin.py:188} INFO - [2026-06-07T16:54:41.381+0000] {dag.py:3036} INFO - Sync 1 DAGs
[2026-06-07T16:54:41.401+0000] {logging_mixin.py:188} INFO - [2026-06-07T16:54:41.401+0000] {dag.py:3823} INFO - Setting next_dagrun for crime_analytics_pipeline to 2026-06-06 19:00:00+00:00, run_after=2026-06-13 19:00:00+00:00
[2026-06-07T16:54:41.441+0000] {processor.py:183} INFO - Processing /opt/airflow/dags/dag_crime_pipeline.py took 0.134 seconds
[2026-06-07T16:55:11.728+0000] {processor.py:161} INFO - Started process (PID=15308) to work on /opt/airflow/dags/dag_crime_pipeline.py
[2026-06-07T16:55:11.729+0000] {processor.py:830} INFO - Processing file /opt/airflow/dags/dag_crime_pipeline.py for tasks to queue
[2026-06-07T16:55:11.733+0000] {logging_mixin.py:188} INFO - [2026-06-07T16:55:11.732+0000] {dagbag.py:538} INFO - Filling up the DagBag from /opt/airflow/dags/dag_crime_pipeline.py
[2026-06-07T16:55:11.769+0000] {processor.py:840} INFO - DAG(s) 'crime_analytics_pipeline' retrieved from /opt/airflow/dags/dag_crime_pipeline.py
[2026-06-07T16:55:11.799+0000] {logging_mixin.py:188} INFO - [2026-06-07T16:55:11.798+0000] {dag.py:3036} INFO - Sync 1 DAGs
[2026-06-07T16:55:11.819+0000] {logging_mixin.py:188} INFO - [2026-06-07T16:55:11.819+0000] {dag.py:3823} INFO - Setting next_dagrun for crime_analytics_pipeline to 2026-06-06 19:00:00+00:00, run_after=2026-06-13 19:00:00+00:00
[2026-06-07T16:55:11.838+0000] {processor.py:183} INFO - Processing /opt/airflow/dags/dag_crime_pipeline.py took 0.113 seconds
[2026-06-07T16:55:42.090+0000] {processor.py:161} INFO - Started process (PID=15313) to work on /opt/airflow/dags/dag_crime_pipeline.py
[2026-06-07T16:55:42.091+0000] {processor.py:830} INFO - Processing file /opt/airflow/dags/dag_crime_pipeline.py for tasks to queue
[2026-06-07T16:55:42.094+0000] {logging_mixin.py:188} INFO - [2026-06-07T16:55:42.094+0000] {dagbag.py:538} INFO - Filling up the DagBag from /opt/airflow/dags/dag_crime_pipeline.py
[2026-06-07T16:55:42.135+0000] {processor.py:840} INFO - DAG(s) 'crime_analytics_pipeline' retrieved from /opt/airflow/dags/dag_crime_pipeline.py
[2026-06-07T16:55:42.171+0000] {logging_mixin.py:188} INFO - [2026-06-07T16:55:42.170+0000] {dag.py:3036} INFO - Sync 1 DAGs
[2026-06-07T16:55:42.518+0000] {logging_mixin.py:188} INFO - [2026-06-07T16:55:42.518+0000] {dag.py:3823} INFO - Setting next_dagrun for crime_analytics_pipeline to 2026-06-06 19:00:00+00:00, run_after=2026-06-13 19:00:00+00:00
[2026-06-07T16:55:42.538+0000] {processor.py:183} INFO - Processing /opt/airflow/dags/dag_crime_pipeline.py took 0.452 seconds
[2026-06-07T16:56:12.925+0000] {processor.py:161} INFO - Started process (PID=15318) to work on /opt/airflow/dags/dag_crime_pipeline.py
[2026-06-07T16:56:12.927+0000] {processor.py:830} INFO - Processing file /opt/airflow/dags/dag_crime_pipeline.py for tasks to queue
[2026-06-07T16:56:12.930+0000] {logging_mixin.py:188} INFO - [2026-06-07T16:56:12.929+0000] {dagbag.py:538} INFO - Filling up the DagBag from /opt/airflow/dags/dag_crime_pipeline.py
[2026-06-07T16:56:13.181+0000] {processor.py:840} INFO - DAG(s) 'crime_analytics_pipeline' retrieved from /opt/airflow/dags/dag_crime_pipeline.py
[2026-06-07T16:56:13.209+0000] {logging_mixin.py:188} INFO - [2026-06-07T16:56:13.209+0000] {dag.py:3036} INFO - Sync 1 DAGs
[2026-06-07T16:56:13.231+0000] {logging_mixin.py:188} INFO - [2026-06-07T16:56:13.230+0000] {dag.py:3823} INFO - Setting next_dagrun for crime_analytics_pipeline to 2026-06-06 19:00:00+00:00, run_after=2026-06-13 19:00:00+00:00
[2026-06-07T16:56:13.272+0000] {processor.py:183} INFO - Processing /opt/airflow/dags/dag_crime_pipeline.py took 0.351 seconds
[2026-06-07T16:56:43.429+0000] {processor.py:161} INFO - Started process (PID=15323) to work on /opt/airflow/dags/dag_crime_pipeline.py
[2026-06-07T16:56:43.431+0000] {processor.py:830} INFO - Processing file /opt/airflow/dags/dag_crime_pipeline.py for tasks to queue
[2026-06-07T16:56:43.434+0000] {logging_mixin.py:188} INFO - [2026-06-07T16:56:43.434+0000] {dagbag.py:538} INFO - Filling up the DagBag from /opt/airflow/dags/dag_crime_pipeline.py
[2026-06-07T16:56:43.475+0000] {processor.py:840} INFO - DAG(s) 'crime_analytics_pipeline' retrieved from /opt/airflow/dags/dag_crime_pipeline.py
[2026-06-07T16:56:43.518+0000] {logging_mixin.py:188} INFO - [2026-06-07T16:56:43.517+0000] {dag.py:3036} INFO - Sync 1 DAGs
[2026-06-07T16:56:43.548+0000] {logging_mixin.py:188} INFO - [2026-06-07T16:56:43.548+0000] {dag.py:3823} INFO - Setting next_dagrun for crime_analytics_pipeline to 2026-06-06 19:00:00+00:00, run_after=2026-06-13 19:00:00+00:00
[2026-06-07T16:56:43.591+0000] {processor.py:183} INFO - Processing /opt/airflow/dags/dag_crime_pipeline.py took 0.167 seconds
[2026-06-07T16:57:14.032+0000] {processor.py:161} INFO - Started process (PID=15328) to work on /opt/airflow/dags/dag_crime_pipeline.py
[2026-06-07T16:57:14.034+0000] {processor.py:830} INFO - Processing file /opt/airflow/dags/dag_crime_pipeline.py for tasks to queue
[2026-06-07T16:57:14.037+0000] {logging_mixin.py:188} INFO - [2026-06-07T16:57:14.036+0000] {dagbag.py:538} INFO - Filling up the DagBag from /opt/airflow/dags/dag_crime_pipeline.py
[2026-06-07T16:57:14.076+0000] {processor.py:840} INFO - DAG(s) 'crime_analytics_pipeline' retrieved from /opt/airflow/dags/dag_crime_pipeline.py
[2026-06-07T16:57:14.113+0000] {logging_mixin.py:188} INFO - [2026-06-07T16:57:14.112+0000] {dag.py:3036} INFO - Sync 1 DAGs
[2026-06-07T16:57:14.139+0000] {logging_mixin.py:188} INFO - [2026-06-07T16:57:14.139+0000] {dag.py:3823} INFO - Setting next_dagrun for crime_analytics_pipeline to 2026-06-06 19:00:00+00:00, run_after=2026-06-13 19:00:00+00:00
[2026-06-07T16:57:14.185+0000] {processor.py:183} INFO - Processing /opt/airflow/dags/dag_crime_pipeline.py took 0.158 seconds
[2026-06-07T16:57:44.406+0000] {processor.py:161} INFO - Started process (PID=15333) to work on /opt/airflow/dags/dag_crime_pipeline.py
[2026-06-07T16:57:44.407+0000] {processor.py:830} INFO - Processing file /opt/airflow/dags/dag_crime_pipeline.py for tasks to queue
[2026-06-07T16:57:44.410+0000] {logging_mixin.py:188} INFO - [2026-06-07T16:57:44.410+0000] {dagbag.py:538} INFO - Filling up the DagBag from /opt/airflow/dags/dag_crime_pipeline.py
[2026-06-07T16:57:44.452+0000] {processor.py:840} INFO - DAG(s) 'crime_analytics_pipeline' retrieved from /opt/airflow/dags/dag_crime_pipeline.py
[2026-06-07T16:57:44.492+0000] {logging_mixin.py:188} INFO - [2026-06-07T16:57:44.492+0000] {dag.py:3036} INFO - Sync 1 DAGs
[2026-06-07T16:57:44.519+0000] {logging_mixin.py:188} INFO - [2026-06-07T16:57:44.519+0000] {dag.py:3823} INFO - Setting next_dagrun for crime_analytics_pipeline to 2026-06-06 19:00:00+00:00, run_after=2026-06-13 19:00:00+00:00
[2026-06-07T16:57:44.567+0000] {processor.py:183} INFO - Processing /opt/airflow/dags/dag_crime_pipeline.py took 0.165 seconds
[2026-06-07T16:58:14.885+0000] {processor.py:161} INFO - Started process (PID=15338) to work on /opt/airflow/dags/dag_crime_pipeline.py
[2026-06-07T16:58:14.886+0000] {processor.py:830} INFO - Processing file /opt/airflow/dags/dag_crime_pipeline.py for tasks to queue
[2026-06-07T16:58:14.889+0000] {logging_mixin.py:188} INFO - [2026-06-07T16:58:14.889+0000] {dagbag.py:538} INFO - Filling up the DagBag from /opt/airflow/dags/dag_crime_pipeline.py
[2026-06-07T16:58:14.933+0000] {processor.py:840} INFO - DAG(s) 'crime_analytics_pipeline' retrieved from /opt/airflow/dags/dag_crime_pipeline.py
[2026-06-07T16:58:14.969+0000] {logging_mixin.py:188} INFO - [2026-06-07T16:58:14.968+0000] {dag.py:3036} INFO - Sync 1 DAGs
[2026-06-07T16:58:14.994+0000] {logging_mixin.py:188} INFO - [2026-06-07T16:58:14.994+0000] {dag.py:3823} INFO - Setting next_dagrun for crime_analytics_pipeline to 2026-06-06 19:00:00+00:00, run_after=2026-06-13 19:00:00+00:00
[2026-06-07T16:58:15.040+0000] {processor.py:183} INFO - Processing /opt/airflow/dags/dag_crime_pipeline.py took 0.159 seconds
[2026-06-07T16:58:45.268+0000] {processor.py:161} INFO - Started process (PID=15343) to work on /opt/airflow/dags/dag_crime_pipeline.py
[2026-06-07T16:58:45.270+0000] {processor.py:830} INFO - Processing file /opt/airflow/dags/dag_crime_pipeline.py for tasks to queue
[2026-06-07T16:58:45.273+0000] {logging_mixin.py:188} INFO - [2026-06-07T16:58:45.272+0000] {dagbag.py:538} INFO - Filling up the DagBag from /opt/airflow/dags/dag_crime_pipeline.py
[2026-06-07T16:58:45.315+0000] {processor.py:840} INFO - DAG(s) 'crime_analytics_pipeline' retrieved from /opt/airflow/dags/dag_crime_pipeline.py
[2026-06-07T16:58:45.354+0000] {logging_mixin.py:188} INFO - [2026-06-07T16:58:45.353+0000] {dag.py:3036} INFO - Sync 1 DAGs
[2026-06-07T16:58:45.377+0000] {logging_mixin.py:188} INFO - [2026-06-07T16:58:45.377+0000] {dag.py:3823} INFO - Setting next_dagrun for crime_analytics_pipeline to 2026-06-06 19:00:00+00:00, run_after=2026-06-13 19:00:00+00:00
[2026-06-07T16:58:45.433+0000] {processor.py:183} INFO - Processing /opt/airflow/dags/dag_crime_pipeline.py took 0.170 seconds
[2026-06-07T16:59:15.727+0000] {processor.py:161} INFO - Started process (PID=15350) to work on /opt/airflow/dags/dag_crime_pipeline.py
[2026-06-07T16:59:15.730+0000] {processor.py:830} INFO - Processing file /opt/airflow/dags/dag_crime_pipeline.py for tasks to queue
[2026-06-07T16:59:15.733+0000] {logging_mixin.py:188} INFO - [2026-06-07T16:59:15.733+0000] {dagbag.py:538} INFO - Filling up the DagBag from /opt/airflow/dags/dag_crime_pipeline.py
[2026-06-07T16:59:15.785+0000] {processor.py:840} INFO - DAG(s) 'crime_analytics_pipeline' retrieved from /opt/airflow/dags/dag_crime_pipeline.py
[2026-06-07T16:59:15.825+0000] {logging_mixin.py:188} INFO - [2026-06-07T16:59:15.824+0000] {dag.py:3036} INFO - Sync 1 DAGs
[2026-06-07T16:59:15.871+0000] {processor.py:183} INFO - Processing /opt/airflow/dags/dag_crime_pipeline.py took 0.149 seconds
[2026-06-07T16:59:46.134+0000] {processor.py:161} INFO - Started process (PID=15355) to work on /opt/airflow/dags/dag_crime_pipeline.py
[2026-06-07T16:59:46.136+0000] {processor.py:830} INFO - Processing file /opt/airflow/dags/dag_crime_pipeline.py for tasks to queue
[2026-06-07T16:59:46.140+0000] {logging_mixin.py:188} INFO - [2026-06-07T16:59:46.139+0000] {dagbag.py:538} INFO - Filling up the DagBag from /opt/airflow/dags/dag_crime_pipeline.py
[2026-06-07T16:59:46.188+0000] {processor.py:840} INFO - DAG(s) 'crime_analytics_pipeline' retrieved from /opt/airflow/dags/dag_crime_pipeline.py
[2026-06-07T16:59:46.228+0000] {logging_mixin.py:188} INFO - [2026-06-07T16:59:46.227+0000] {dag.py:3036} INFO - Sync 1 DAGs
[2026-06-07T16:59:46.255+0000] {logging_mixin.py:188} INFO - [2026-06-07T16:59:46.255+0000] {dag.py:3823} INFO - Setting next_dagrun for crime_analytics_pipeline to 2026-06-06 19:00:00+00:00, run_after=2026-06-13 19:00:00+00:00
[2026-06-07T16:59:46.280+0000] {processor.py:183} INFO - Processing /opt/airflow/dags/dag_crime_pipeline.py took 0.151 seconds
[2026-06-07T17:00:16.514+0000] {processor.py:161} INFO - Started process (PID=15360) to work on /opt/airflow/dags/dag_crime_pipeline.py
[2026-06-07T17:00:16.516+0000] {processor.py:830} INFO - Processing file /opt/airflow/dags/dag_crime_pipeline.py for tasks to queue
[2026-06-07T17:00:16.520+0000] {logging_mixin.py:188} INFO - [2026-06-07T17:00:16.519+0000] {dagbag.py:538} INFO - Filling up the DagBag from /opt/airflow/dags/dag_crime_pipeline.py
[2026-06-07T17:00:16.572+0000] {processor.py:840} INFO - DAG(s) 'crime_analytics_pipeline' retrieved from /opt/airflow/dags/dag_crime_pipeline.py
[2026-06-07T17:00:16.605+0000] {logging_mixin.py:188} INFO - [2026-06-07T17:00:16.605+0000] {dag.py:3036} INFO - Sync 1 DAGs
[2026-06-07T17:00:16.628+0000] {logging_mixin.py:188} INFO - [2026-06-07T17:00:16.628+0000] {dag.py:3823} INFO - Setting next_dagrun for crime_analytics_pipeline to 2026-06-06 19:00:00+00:00, run_after=2026-06-13 19:00:00+00:00
[2026-06-07T17:00:16.655+0000] {processor.py:183} INFO - Processing /opt/airflow/dags/dag_crime_pipeline.py took 0.145 seconds
[2026-06-07T17:00:46.929+0000] {processor.py:161} INFO - Started process (PID=15365) to work on /opt/airflow/dags/dag_crime_pipeline.py
[2026-06-07T17:00:46.931+0000] {processor.py:830} INFO - Processing file /opt/airflow/dags/dag_crime_pipeline.py for tasks to queue
[2026-06-07T17:00:46.933+0000] {logging_mixin.py:188} INFO - [2026-06-07T17:00:46.933+0000] {dagbag.py:538} INFO - Filling up the DagBag from /opt/airflow/dags/dag_crime_pipeline.py
[2026-06-07T17:00:46.974+0000] {processor.py:840} INFO - DAG(s) 'crime_analytics_pipeline' retrieved from /opt/airflow/dags/dag_crime_pipeline.py
[2026-06-07T17:00:47.008+0000] {logging_mixin.py:188} INFO - [2026-06-07T17:00:47.007+0000] {dag.py:3036} INFO - Sync 1 DAGs
[2026-06-07T17:00:47.033+0000] {logging_mixin.py:188} INFO - [2026-06-07T17:00:47.033+0000] {dag.py:3823} INFO - Setting next_dagrun for crime_analytics_pipeline to 2026-06-06 19:00:00+00:00, run_after=2026-06-13 19:00:00+00:00
[2026-06-07T17:00:47.059+0000] {processor.py:183} INFO - Processing /opt/airflow/dags/dag_crime_pipeline.py took 0.134 seconds
[2026-06-07T17:01:17.404+0000] {processor.py:161} INFO - Started process (PID=15370) to work on /opt/airflow/dags/dag_crime_pipeline.py
[2026-06-07T17:01:17.406+0000] {processor.py:830} INFO - Processing file /opt/airflow/dags/dag_crime_pipeline.py for tasks to queue
[2026-06-07T17:01:17.410+0000] {logging_mixin.py:188} INFO - [2026-06-07T17:01:17.409+0000] {dagbag.py:538} INFO - Filling up the DagBag from /opt/airflow/dags/dag_crime_pipeline.py
[2026-06-07T17:01:17.482+0000] {processor.py:840} INFO - DAG(s) 'crime_analytics_pipeline' retrieved from /opt/airflow/dags/dag_crime_pipeline.py
[2026-06-07T17:01:17.530+0000] {logging_mixin.py:188} INFO - [2026-06-07T17:01:17.530+0000] {dag.py:3036} INFO - Sync 1 DAGs
[2026-06-07T17:01:17.557+0000] {logging_mixin.py:188} INFO - [2026-06-07T17:01:17.557+0000] {dag.py:3823} INFO - Setting next_dagrun for crime_analytics_pipeline to 2026-06-06 19:00:00+00:00, run_after=2026-06-13 19:00:00+00:00
[2026-06-07T17:01:17.579+0000] {processor.py:183} INFO - Processing /opt/airflow/dags/dag_crime_pipeline.py took 0.180 seconds
[2026-06-07T17:01:47.734+0000] {processor.py:161} INFO - Started process (PID=15375) to work on /opt/airflow/dags/dag_crime_pipeline.py
[2026-06-07T17:01:47.736+0000] {processor.py:830} INFO - Processing file /opt/airflow/dags/dag_crime_pipeline.py for tasks to queue
[2026-06-07T17:01:47.739+0000] {logging_mixin.py:188} INFO - [2026-06-07T17:01:47.738+0000] {dagbag.py:538} INFO - Filling up the DagBag from /opt/airflow/dags/dag_crime_pipeline.py
[2026-06-07T17:01:47.776+0000] {processor.py:840} INFO - DAG(s) 'crime_analytics_pipeline' retrieved from /opt/airflow/dags/dag_crime_pipeline.py
[2026-06-07T17:01:47.814+0000] {logging_mixin.py:188} INFO - [2026-06-07T17:01:47.814+0000] {dag.py:3036} INFO - Sync 1 DAGs
[2026-06-07T17:01:47.837+0000] {logging_mixin.py:188} INFO - [2026-06-07T17:01:47.837+0000] {dag.py:3823} INFO - Setting next_dagrun for crime_analytics_pipeline to 2026-06-06 19:00:00+00:00, run_after=2026-06-13 19:00:00+00:00
[2026-06-07T17:01:47.863+0000] {processor.py:183} INFO - Processing /opt/airflow/dags/dag_crime_pipeline.py took 0.134 seconds
[2026-06-07T17:02:18.061+0000] {processor.py:161} INFO - Started process (PID=15380) to work on /opt/airflow/dags/dag_crime_pipeline.py
[2026-06-07T17:02:18.062+0000] {processor.py:830} INFO - Processing file /opt/airflow/dags/dag_crime_pipeline.py for tasks to queue
[2026-06-07T17:02:18.065+0000] {logging_mixin.py:188} INFO - [2026-06-07T17:02:18.065+0000] {dagbag.py:538} INFO - Filling up the DagBag from /opt/airflow/dags/dag_crime_pipeline.py
[2026-06-07T17:02:18.103+0000] {processor.py:840} INFO - DAG(s) 'crime_analytics_pipeline' retrieved from /opt/airflow/dags/dag_crime_pipeline.py
[2026-06-07T17:02:18.141+0000] {logging_mixin.py:188} INFO - [2026-06-07T17:02:18.140+0000] {dag.py:3036} INFO - Sync 1 DAGs
[2026-06-07T17:02:18.163+0000] {logging_mixin.py:188} INFO - [2026-06-07T17:02:18.162+0000] {dag.py:3823} INFO - Setting next_dagrun for crime_analytics_pipeline to 2026-06-06 19:00:00+00:00, run_after=2026-06-13 19:00:00+00:00
[2026-06-07T17:02:18.202+0000] {processor.py:183} INFO - Processing /opt/airflow/dags/dag_crime_pipeline.py took 0.145 seconds
[2026-06-07T17:02:48.530+0000] {processor.py:161} INFO - Started process (PID=15433) to work on /opt/airflow/dags/dag_crime_pipeline.py
[2026-06-07T17:02:48.532+0000] {processor.py:830} INFO - Processing file /opt/airflow/dags/dag_crime_pipeline.py for tasks to queue
[2026-06-07T17:02:48.535+0000] {logging_mixin.py:188} INFO - [2026-06-07T17:02:48.535+0000] {dagbag.py:538} INFO - Filling up the DagBag from /opt/airflow/dags/dag_crime_pipeline.py
[2026-06-07T17:02:48.580+0000] {processor.py:840} INFO - DAG(s) 'crime_analytics_pipeline' retrieved from /opt/airflow/dags/dag_crime_pipeline.py
[2026-06-07T17:02:48.618+0000] {logging_mixin.py:188} INFO - [2026-06-07T17:02:48.617+0000] {dag.py:3036} INFO - Sync 1 DAGs
[2026-06-07T17:02:48.673+0000] {processor.py:183} INFO - Processing /opt/airflow/dags/dag_crime_pipeline.py took 0.148 seconds
[2026-06-07T17:03:18.931+0000] {processor.py:161} INFO - Started process (PID=15469) to work on /opt/airflow/dags/dag_crime_pipeline.py
[2026-06-07T17:03:18.939+0000] {processor.py:830} INFO - Processing file /opt/airflow/dags/dag_crime_pipeline.py for tasks to queue
[2026-06-07T17:03:18.942+0000] {logging_mixin.py:188} INFO - [2026-06-07T17:03:18.942+0000] {dagbag.py:538} INFO - Filling up the DagBag from /opt/airflow/dags/dag_crime_pipeline.py
[2026-06-07T17:03:18.990+0000] {processor.py:840} INFO - DAG(s) 'crime_analytics_pipeline' retrieved from /opt/airflow/dags/dag_crime_pipeline.py
[2026-06-07T17:03:19.034+0000] {logging_mixin.py:188} INFO - [2026-06-07T17:03:19.033+0000] {dag.py:3036} INFO - Sync 1 DAGs
[2026-06-07T17:03:19.146+0000] {processor.py:183} INFO - Processing /opt/airflow/dags/dag_crime_pipeline.py took 0.220 seconds
[2026-06-07T17:03:49.431+0000] {processor.py:161} INFO - Started process (PID=15474) to work on /opt/airflow/dags/dag_crime_pipeline.py
[2026-06-07T17:03:49.437+0000] {processor.py:830} INFO - Processing file /opt/airflow/dags/dag_crime_pipeline.py for tasks to queue
[2026-06-07T17:03:49.441+0000] {logging_mixin.py:188} INFO - [2026-06-07T17:03:49.441+0000] {dagbag.py:538} INFO - Filling up the DagBag from /opt/airflow/dags/dag_crime_pipeline.py
[2026-06-07T17:03:49.508+0000] {processor.py:840} INFO - DAG(s) 'crime_analytics_pipeline' retrieved from /opt/airflow/dags/dag_crime_pipeline.py
[2026-06-07T17:03:49.563+0000] {logging_mixin.py:188} INFO - [2026-06-07T17:03:49.562+0000] {dag.py:3036} INFO - Sync 1 DAGs
[2026-06-07T17:03:49.629+0000] {processor.py:183} INFO - Processing /opt/airflow/dags/dag_crime_pipeline.py took 0.208 seconds
[2026-06-07T17:04:19.936+0000] {processor.py:161} INFO - Started process (PID=15479) to work on /opt/airflow/dags/dag_crime_pipeline.py
[2026-06-07T17:04:19.942+0000] {processor.py:830} INFO - Processing file /opt/airflow/dags/dag_crime_pipeline.py for tasks to queue
[2026-06-07T17:04:19.947+0000] {logging_mixin.py:188} INFO - [2026-06-07T17:04:19.946+0000] {dagbag.py:538} INFO - Filling up the DagBag from /opt/airflow/dags/dag_crime_pipeline.py
[2026-06-07T17:04:20.015+0000] {processor.py:840} INFO - DAG(s) 'crime_analytics_pipeline' retrieved from /opt/airflow/dags/dag_crime_pipeline.py
[2026-06-07T17:04:20.068+0000] {logging_mixin.py:188} INFO - [2026-06-07T17:04:20.067+0000] {dag.py:3036} INFO - Sync 1 DAGs
[2026-06-07T17:04:20.177+0000] {processor.py:183} INFO - Processing /opt/airflow/dags/dag_crime_pipeline.py took 0.247 seconds
[2026-06-07T17:04:50.452+0000] {processor.py:161} INFO - Started process (PID=15484) to work on /opt/airflow/dags/dag_crime_pipeline.py
[2026-06-07T17:04:50.454+0000] {processor.py:830} INFO - Processing file /opt/airflow/dags/dag_crime_pipeline.py for tasks to queue
[2026-06-07T17:04:50.461+0000] {logging_mixin.py:188} INFO - [2026-06-07T17:04:50.460+0000] {dagbag.py:538} INFO - Filling up the DagBag from /opt/airflow/dags/dag_crime_pipeline.py
[2026-06-07T17:04:50.529+0000] {processor.py:840} INFO - DAG(s) 'crime_analytics_pipeline' retrieved from /opt/airflow/dags/dag_crime_pipeline.py
[2026-06-07T17:04:50.587+0000] {logging_mixin.py:188} INFO - [2026-06-07T17:04:50.587+0000] {dag.py:3036} INFO - Sync 1 DAGs
[2026-06-07T17:04:50.650+0000] {processor.py:183} INFO - Processing /opt/airflow/dags/dag_crime_pipeline.py took 0.208 seconds
[2026-06-07T17:05:20.908+0000] {processor.py:161} INFO - Started process (PID=15493) to work on /opt/airflow/dags/dag_crime_pipeline.py
[2026-06-07T17:05:20.910+0000] {processor.py:830} INFO - Processing file /opt/airflow/dags/dag_crime_pipeline.py for tasks to queue
[2026-06-07T17:05:20.913+0000] {logging_mixin.py:188} INFO - [2026-06-07T17:05:20.912+0000] {dagbag.py:538} INFO - Filling up the DagBag from /opt/airflow/dags/dag_crime_pipeline.py
[2026-06-07T17:05:20.951+0000] {processor.py:840} INFO - DAG(s) 'crime_analytics_pipeline' retrieved from /opt/airflow/dags/dag_crime_pipeline.py
[2026-06-07T17:05:20.983+0000] {logging_mixin.py:188} INFO - [2026-06-07T17:05:20.983+0000] {dag.py:3036} INFO - Sync 1 DAGs
[2026-06-07T17:05:21.010+0000] {logging_mixin.py:188} INFO - [2026-06-07T17:05:21.010+0000] {dag.py:3823} INFO - Setting next_dagrun for crime_analytics_pipeline to 2026-06-06 19:00:00+00:00, run_after=2026-06-13 19:00:00+00:00
[2026-06-07T17:05:21.058+0000] {processor.py:183} INFO - Processing /opt/airflow/dags/dag_crime_pipeline.py took 0.154 seconds
[2026-06-07T17:05:51.300+0000] {processor.py:161} INFO - Started process (PID=15498) to work on /opt/airflow/dags/dag_crime_pipeline.py
[2026-06-07T17:05:51.302+0000] {processor.py:830} INFO - Processing file /opt/airflow/dags/dag_crime_pipeline.py for tasks to queue
[2026-06-07T17:05:51.305+0000] {logging_mixin.py:188} INFO - [2026-06-07T17:05:51.304+0000] {dagbag.py:538} INFO - Filling up the DagBag from /opt/airflow/dags/dag_crime_pipeline.py
[2026-06-07T17:05:51.344+0000] {processor.py:840} INFO - DAG(s) 'crime_analytics_pipeline' retrieved from /opt/airflow/dags/dag_crime_pipeline.py
[2026-06-07T17:05:51.377+0000] {logging_mixin.py:188} INFO - [2026-06-07T17:05:51.377+0000] {dag.py:3036} INFO - Sync 1 DAGs
[2026-06-07T17:05:51.399+0000] {logging_mixin.py:188} INFO - [2026-06-07T17:05:51.399+0000] {dag.py:3823} INFO - Setting next_dagrun for crime_analytics_pipeline to 2026-06-06 19:00:00+00:00, run_after=2026-06-13 19:00:00+00:00
[2026-06-07T17:05:51.440+0000] {processor.py:183} INFO - Processing /opt/airflow/dags/dag_crime_pipeline.py took 0.145 seconds
[2026-06-07T17:06:21.824+0000] {processor.py:161} INFO - Started process (PID=15503) to work on /opt/airflow/dags/dag_crime_pipeline.py
[2026-06-07T17:06:21.825+0000] {processor.py:830} INFO - Processing file /opt/airflow/dags/dag_crime_pipeline.py for tasks to queue
[2026-06-07T17:06:21.828+0000] {logging_mixin.py:188} INFO - [2026-06-07T17:06:21.827+0000] {dagbag.py:538} INFO - Filling up the DagBag from /opt/airflow/dags/dag_crime_pipeline.py
[2026-06-07T17:06:21.887+0000] {processor.py:840} INFO - DAG(s) 'crime_analytics_pipeline' retrieved from /opt/airflow/dags/dag_crime_pipeline.py
[2026-06-07T17:06:21.930+0000] {logging_mixin.py:188} INFO - [2026-06-07T17:06:21.929+0000] {dag.py:3036} INFO - Sync 1 DAGs
[2026-06-07T17:06:21.955+0000] {logging_mixin.py:188} INFO - [2026-06-07T17:06:21.955+0000] {dag.py:3823} INFO - Setting next_dagrun for crime_analytics_pipeline to 2026-06-06 19:00:00+00:00, run_after=2026-06-13 19:00:00+00:00
[2026-06-07T17:06:21.980+0000] {processor.py:183} INFO - Processing /opt/airflow/dags/dag_crime_pipeline.py took 0.160 seconds
