[2026-05-31T09:04:10.270+0000] {processor.py:161} INFO - Started process (PID=222) to work on /opt/airflow/dags/dag_crime_pipeline.py
[2026-05-31T09:04:10.272+0000] {processor.py:830} INFO - Processing file /opt/airflow/dags/dag_crime_pipeline.py for tasks to queue
[2026-05-31T09:04:10.274+0000] {logging_mixin.py:188} INFO - [2026-05-31T09:04:10.274+0000] {dagbag.py:538} INFO - Filling up the DagBag from /opt/airflow/dags/dag_crime_pipeline.py
[2026-05-31T09:04:10.355+0000] {processor.py:840} INFO - DAG(s) 'crime_analytics_pipeline' retrieved from /opt/airflow/dags/dag_crime_pipeline.py
[2026-05-31T09:04:10.572+0000] {logging_mixin.py:188} INFO - [2026-05-31T09:04:10.571+0000] {dag.py:3036} INFO - Sync 1 DAGs
[2026-05-31T09:04:10.606+0000] {logging_mixin.py:188} INFO - [2026-05-31T09:04:10.606+0000] {dag.py:3823} INFO - Setting next_dagrun for crime_analytics_pipeline to 2026-05-30 19:00:00+00:00, run_after=2026-06-06 19:00:00+00:00
[2026-05-31T09:04:10.654+0000] {processor.py:183} INFO - Processing /opt/airflow/dags/dag_crime_pipeline.py took 0.390 seconds
[2026-05-31T09:04:40.882+0000] {processor.py:161} INFO - Started process (PID=284) to work on /opt/airflow/dags/dag_crime_pipeline.py
[2026-05-31T09:04:40.884+0000] {processor.py:830} INFO - Processing file /opt/airflow/dags/dag_crime_pipeline.py for tasks to queue
[2026-05-31T09:04:40.887+0000] {logging_mixin.py:188} INFO - [2026-05-31T09:04:40.887+0000] {dagbag.py:538} INFO - Filling up the DagBag from /opt/airflow/dags/dag_crime_pipeline.py
[2026-05-31T09:04:40.941+0000] {processor.py:840} INFO - DAG(s) 'crime_analytics_pipeline' retrieved from /opt/airflow/dags/dag_crime_pipeline.py
[2026-05-31T09:04:40.966+0000] {logging_mixin.py:188} INFO - [2026-05-31T09:04:40.965+0000] {dag.py:3036} INFO - Sync 1 DAGs
[2026-05-31T09:04:41.026+0000] {processor.py:183} INFO - Processing /opt/airflow/dags/dag_crime_pipeline.py took 0.149 seconds
[2026-05-31T09:05:11.192+0000] {processor.py:161} INFO - Started process (PID=298) to work on /opt/airflow/dags/dag_crime_pipeline.py
[2026-05-31T09:05:11.194+0000] {processor.py:830} INFO - Processing file /opt/airflow/dags/dag_crime_pipeline.py for tasks to queue
[2026-05-31T09:05:11.198+0000] {logging_mixin.py:188} INFO - [2026-05-31T09:05:11.197+0000] {dagbag.py:538} INFO - Filling up the DagBag from /opt/airflow/dags/dag_crime_pipeline.py
[2026-05-31T09:05:11.241+0000] {processor.py:840} INFO - DAG(s) 'crime_analytics_pipeline' retrieved from /opt/airflow/dags/dag_crime_pipeline.py
[2026-05-31T09:05:11.675+0000] {logging_mixin.py:188} INFO - [2026-05-31T09:05:11.674+0000] {dag.py:3036} INFO - Sync 1 DAGs
[2026-05-31T09:05:11.752+0000] {processor.py:183} INFO - Processing /opt/airflow/dags/dag_crime_pipeline.py took 0.564 seconds
[2026-05-31T09:05:42.127+0000] {processor.py:161} INFO - Started process (PID=307) to work on /opt/airflow/dags/dag_crime_pipeline.py
[2026-05-31T09:05:42.128+0000] {processor.py:830} INFO - Processing file /opt/airflow/dags/dag_crime_pipeline.py for tasks to queue
[2026-05-31T09:05:42.132+0000] {logging_mixin.py:188} INFO - [2026-05-31T09:05:42.131+0000] {dagbag.py:538} INFO - Filling up the DagBag from /opt/airflow/dags/dag_crime_pipeline.py
[2026-05-31T09:05:42.175+0000] {processor.py:840} INFO - DAG(s) 'crime_analytics_pipeline' retrieved from /opt/airflow/dags/dag_crime_pipeline.py
[2026-05-31T09:05:42.212+0000] {logging_mixin.py:188} INFO - [2026-05-31T09:05:42.211+0000] {dag.py:3036} INFO - Sync 1 DAGs
[2026-05-31T09:05:42.280+0000] {processor.py:183} INFO - Processing /opt/airflow/dags/dag_crime_pipeline.py took 0.158 seconds
[2026-05-31T09:06:12.514+0000] {processor.py:161} INFO - Started process (PID=314) to work on /opt/airflow/dags/dag_crime_pipeline.py
[2026-05-31T09:06:12.516+0000] {processor.py:830} INFO - Processing file /opt/airflow/dags/dag_crime_pipeline.py for tasks to queue
[2026-05-31T09:06:12.519+0000] {logging_mixin.py:188} INFO - [2026-05-31T09:06:12.518+0000] {dagbag.py:538} INFO - Filling up the DagBag from /opt/airflow/dags/dag_crime_pipeline.py
[2026-05-31T09:06:12.564+0000] {processor.py:840} INFO - DAG(s) 'crime_analytics_pipeline' retrieved from /opt/airflow/dags/dag_crime_pipeline.py
[2026-05-31T09:06:12.608+0000] {logging_mixin.py:188} INFO - [2026-05-31T09:06:12.608+0000] {dag.py:3036} INFO - Sync 1 DAGs
[2026-05-31T09:06:12.687+0000] {processor.py:183} INFO - Processing /opt/airflow/dags/dag_crime_pipeline.py took 0.179 seconds
[2026-05-31T09:06:42.946+0000] {processor.py:161} INFO - Started process (PID=324) to work on /opt/airflow/dags/dag_crime_pipeline.py
[2026-05-31T09:06:42.948+0000] {processor.py:830} INFO - Processing file /opt/airflow/dags/dag_crime_pipeline.py for tasks to queue
[2026-05-31T09:06:42.952+0000] {logging_mixin.py:188} INFO - [2026-05-31T09:06:42.951+0000] {dagbag.py:538} INFO - Filling up the DagBag from /opt/airflow/dags/dag_crime_pipeline.py
[2026-05-31T09:06:43.011+0000] {processor.py:840} INFO - DAG(s) 'crime_analytics_pipeline' retrieved from /opt/airflow/dags/dag_crime_pipeline.py
[2026-05-31T09:06:43.062+0000] {logging_mixin.py:188} INFO - [2026-05-31T09:06:43.061+0000] {dag.py:3036} INFO - Sync 1 DAGs
[2026-05-31T09:06:43.114+0000] {processor.py:183} INFO - Processing /opt/airflow/dags/dag_crime_pipeline.py took 0.173 seconds
[2026-05-31T09:07:13.345+0000] {processor.py:161} INFO - Started process (PID=331) to work on /opt/airflow/dags/dag_crime_pipeline.py
[2026-05-31T09:07:13.346+0000] {processor.py:830} INFO - Processing file /opt/airflow/dags/dag_crime_pipeline.py for tasks to queue
[2026-05-31T09:07:13.350+0000] {logging_mixin.py:188} INFO - [2026-05-31T09:07:13.350+0000] {dagbag.py:538} INFO - Filling up the DagBag from /opt/airflow/dags/dag_crime_pipeline.py
[2026-05-31T09:07:13.402+0000] {processor.py:840} INFO - DAG(s) 'crime_analytics_pipeline' retrieved from /opt/airflow/dags/dag_crime_pipeline.py
[2026-05-31T09:07:13.451+0000] {logging_mixin.py:188} INFO - [2026-05-31T09:07:13.450+0000] {dag.py:3036} INFO - Sync 1 DAGs
[2026-05-31T09:07:13.562+0000] {processor.py:183} INFO - Processing /opt/airflow/dags/dag_crime_pipeline.py took 0.223 seconds
[2026-05-31T09:07:43.740+0000] {processor.py:161} INFO - Started process (PID=338) to work on /opt/airflow/dags/dag_crime_pipeline.py
[2026-05-31T09:07:43.743+0000] {processor.py:830} INFO - Processing file /opt/airflow/dags/dag_crime_pipeline.py for tasks to queue
[2026-05-31T09:07:43.746+0000] {logging_mixin.py:188} INFO - [2026-05-31T09:07:43.746+0000] {dagbag.py:538} INFO - Filling up the DagBag from /opt/airflow/dags/dag_crime_pipeline.py
[2026-05-31T09:07:43.801+0000] {processor.py:840} INFO - DAG(s) 'crime_analytics_pipeline' retrieved from /opt/airflow/dags/dag_crime_pipeline.py
[2026-05-31T09:07:43.853+0000] {logging_mixin.py:188} INFO - [2026-05-31T09:07:43.852+0000] {dag.py:3036} INFO - Sync 1 DAGs
[2026-05-31T09:07:44.219+0000] {processor.py:183} INFO - Processing /opt/airflow/dags/dag_crime_pipeline.py took 0.483 seconds
[2026-05-31T09:08:14.593+0000] {processor.py:161} INFO - Started process (PID=346) to work on /opt/airflow/dags/dag_crime_pipeline.py
[2026-05-31T09:08:14.595+0000] {processor.py:830} INFO - Processing file /opt/airflow/dags/dag_crime_pipeline.py for tasks to queue
[2026-05-31T09:08:14.598+0000] {logging_mixin.py:188} INFO - [2026-05-31T09:08:14.597+0000] {dagbag.py:538} INFO - Filling up the DagBag from /opt/airflow/dags/dag_crime_pipeline.py
[2026-05-31T09:08:14.643+0000] {processor.py:840} INFO - DAG(s) 'crime_analytics_pipeline' retrieved from /opt/airflow/dags/dag_crime_pipeline.py
[2026-05-31T09:08:14.684+0000] {logging_mixin.py:188} INFO - [2026-05-31T09:08:14.684+0000] {dag.py:3036} INFO - Sync 1 DAGs
[2026-05-31T09:08:14.755+0000] {processor.py:183} INFO - Processing /opt/airflow/dags/dag_crime_pipeline.py took 0.168 seconds
[2026-05-31T09:08:45.106+0000] {processor.py:161} INFO - Started process (PID=356) to work on /opt/airflow/dags/dag_crime_pipeline.py
[2026-05-31T09:08:45.108+0000] {processor.py:830} INFO - Processing file /opt/airflow/dags/dag_crime_pipeline.py for tasks to queue
[2026-05-31T09:08:45.113+0000] {logging_mixin.py:188} INFO - [2026-05-31T09:08:45.112+0000] {dagbag.py:538} INFO - Filling up the DagBag from /opt/airflow/dags/dag_crime_pipeline.py
[2026-05-31T09:08:45.156+0000] {processor.py:840} INFO - DAG(s) 'crime_analytics_pipeline' retrieved from /opt/airflow/dags/dag_crime_pipeline.py
[2026-05-31T09:08:45.192+0000] {logging_mixin.py:188} INFO - [2026-05-31T09:08:45.192+0000] {dag.py:3036} INFO - Sync 1 DAGs
[2026-05-31T09:08:45.263+0000] {processor.py:183} INFO - Processing /opt/airflow/dags/dag_crime_pipeline.py took 0.161 seconds
[2026-05-31T09:09:15.396+0000] {processor.py:161} INFO - Started process (PID=365) to work on /opt/airflow/dags/dag_crime_pipeline.py
[2026-05-31T09:09:15.397+0000] {processor.py:830} INFO - Processing file /opt/airflow/dags/dag_crime_pipeline.py for tasks to queue
[2026-05-31T09:09:15.401+0000] {logging_mixin.py:188} INFO - [2026-05-31T09:09:15.401+0000] {dagbag.py:538} INFO - Filling up the DagBag from /opt/airflow/dags/dag_crime_pipeline.py
[2026-05-31T09:09:15.446+0000] {processor.py:840} INFO - DAG(s) 'crime_analytics_pipeline' retrieved from /opt/airflow/dags/dag_crime_pipeline.py
[2026-05-31T09:09:15.486+0000] {logging_mixin.py:188} INFO - [2026-05-31T09:09:15.486+0000] {dag.py:3036} INFO - Sync 1 DAGs
[2026-05-31T09:09:15.554+0000] {processor.py:183} INFO - Processing /opt/airflow/dags/dag_crime_pipeline.py took 0.169 seconds
[2026-05-31T09:09:45.666+0000] {processor.py:161} INFO - Started process (PID=398) to work on /opt/airflow/dags/dag_crime_pipeline.py
[2026-05-31T09:09:45.668+0000] {processor.py:830} INFO - Processing file /opt/airflow/dags/dag_crime_pipeline.py for tasks to queue
[2026-05-31T09:09:45.672+0000] {logging_mixin.py:188} INFO - [2026-05-31T09:09:45.671+0000] {dagbag.py:538} INFO - Filling up the DagBag from /opt/airflow/dags/dag_crime_pipeline.py
[2026-05-31T09:09:45.722+0000] {processor.py:840} INFO - DAG(s) 'crime_analytics_pipeline' retrieved from /opt/airflow/dags/dag_crime_pipeline.py
[2026-05-31T09:09:45.766+0000] {logging_mixin.py:188} INFO - [2026-05-31T09:09:45.766+0000] {dag.py:3036} INFO - Sync 1 DAGs
[2026-05-31T09:09:45.852+0000] {processor.py:183} INFO - Processing /opt/airflow/dags/dag_crime_pipeline.py took 0.191 seconds
[2026-05-31T09:10:15.942+0000] {processor.py:161} INFO - Started process (PID=450) to work on /opt/airflow/dags/dag_crime_pipeline.py
[2026-05-31T09:10:15.944+0000] {processor.py:830} INFO - Processing file /opt/airflow/dags/dag_crime_pipeline.py for tasks to queue
[2026-05-31T09:10:15.950+0000] {logging_mixin.py:188} INFO - [2026-05-31T09:10:15.949+0000] {dagbag.py:538} INFO - Filling up the DagBag from /opt/airflow/dags/dag_crime_pipeline.py
[2026-05-31T09:10:16.002+0000] {processor.py:840} INFO - DAG(s) 'crime_analytics_pipeline' retrieved from /opt/airflow/dags/dag_crime_pipeline.py
[2026-05-31T09:10:16.046+0000] {logging_mixin.py:188} INFO - [2026-05-31T09:10:16.045+0000] {dag.py:3036} INFO - Sync 1 DAGs
[2026-05-31T09:10:16.097+0000] {processor.py:183} INFO - Processing /opt/airflow/dags/dag_crime_pipeline.py took 0.160 seconds
[2026-05-31T09:10:46.241+0000] {processor.py:161} INFO - Started process (PID=524) to work on /opt/airflow/dags/dag_crime_pipeline.py
[2026-05-31T09:10:46.242+0000] {processor.py:830} INFO - Processing file /opt/airflow/dags/dag_crime_pipeline.py for tasks to queue
[2026-05-31T09:10:46.246+0000] {logging_mixin.py:188} INFO - [2026-05-31T09:10:46.245+0000] {dagbag.py:538} INFO - Filling up the DagBag from /opt/airflow/dags/dag_crime_pipeline.py
[2026-05-31T09:10:46.296+0000] {processor.py:840} INFO - DAG(s) 'crime_analytics_pipeline' retrieved from /opt/airflow/dags/dag_crime_pipeline.py
[2026-05-31T09:10:46.342+0000] {logging_mixin.py:188} INFO - [2026-05-31T09:10:46.342+0000] {dag.py:3036} INFO - Sync 1 DAGs
[2026-05-31T09:10:46.389+0000] {processor.py:183} INFO - Processing /opt/airflow/dags/dag_crime_pipeline.py took 0.152 seconds
[2026-05-31T09:11:16.538+0000] {processor.py:161} INFO - Started process (PID=623) to work on /opt/airflow/dags/dag_crime_pipeline.py
[2026-05-31T09:11:16.540+0000] {processor.py:830} INFO - Processing file /opt/airflow/dags/dag_crime_pipeline.py for tasks to queue
[2026-05-31T09:11:16.543+0000] {logging_mixin.py:188} INFO - [2026-05-31T09:11:16.543+0000] {dagbag.py:538} INFO - Filling up the DagBag from /opt/airflow/dags/dag_crime_pipeline.py
[2026-05-31T09:11:16.598+0000] {processor.py:840} INFO - DAG(s) 'crime_analytics_pipeline' retrieved from /opt/airflow/dags/dag_crime_pipeline.py
[2026-05-31T09:11:16.642+0000] {logging_mixin.py:188} INFO - [2026-05-31T09:11:16.641+0000] {dag.py:3036} INFO - Sync 1 DAGs
[2026-05-31T09:11:16.697+0000] {processor.py:183} INFO - Processing /opt/airflow/dags/dag_crime_pipeline.py took 0.164 seconds
[2026-05-31T09:11:46.923+0000] {processor.py:161} INFO - Started process (PID=699) to work on /opt/airflow/dags/dag_crime_pipeline.py
[2026-05-31T09:11:46.925+0000] {processor.py:830} INFO - Processing file /opt/airflow/dags/dag_crime_pipeline.py for tasks to queue
[2026-05-31T09:11:46.929+0000] {logging_mixin.py:188} INFO - [2026-05-31T09:11:46.929+0000] {dagbag.py:538} INFO - Filling up the DagBag from /opt/airflow/dags/dag_crime_pipeline.py
[2026-05-31T09:11:46.975+0000] {processor.py:840} INFO - DAG(s) 'crime_analytics_pipeline' retrieved from /opt/airflow/dags/dag_crime_pipeline.py
[2026-05-31T09:11:47.014+0000] {logging_mixin.py:188} INFO - [2026-05-31T09:11:47.013+0000] {dag.py:3036} INFO - Sync 1 DAGs
[2026-05-31T09:11:47.059+0000] {processor.py:183} INFO - Processing /opt/airflow/dags/dag_crime_pipeline.py took 0.141 seconds
[2026-05-31T09:12:17.194+0000] {processor.py:161} INFO - Started process (PID=750) to work on /opt/airflow/dags/dag_crime_pipeline.py
[2026-05-31T09:12:17.196+0000] {processor.py:830} INFO - Processing file /opt/airflow/dags/dag_crime_pipeline.py for tasks to queue
[2026-05-31T09:12:17.201+0000] {logging_mixin.py:188} INFO - [2026-05-31T09:12:17.200+0000] {dagbag.py:538} INFO - Filling up the DagBag from /opt/airflow/dags/dag_crime_pipeline.py
[2026-05-31T09:12:17.250+0000] {processor.py:840} INFO - DAG(s) 'crime_analytics_pipeline' retrieved from /opt/airflow/dags/dag_crime_pipeline.py
[2026-05-31T09:12:17.294+0000] {logging_mixin.py:188} INFO - [2026-05-31T09:12:17.294+0000] {dag.py:3036} INFO - Sync 1 DAGs
[2026-05-31T09:12:17.362+0000] {processor.py:183} INFO - Processing /opt/airflow/dags/dag_crime_pipeline.py took 0.174 seconds
[2026-05-31T09:12:47.475+0000] {processor.py:161} INFO - Started process (PID=755) to work on /opt/airflow/dags/dag_crime_pipeline.py
[2026-05-31T09:12:47.477+0000] {processor.py:830} INFO - Processing file /opt/airflow/dags/dag_crime_pipeline.py for tasks to queue
[2026-05-31T09:12:47.481+0000] {logging_mixin.py:188} INFO - [2026-05-31T09:12:47.480+0000] {dagbag.py:538} INFO - Filling up the DagBag from /opt/airflow/dags/dag_crime_pipeline.py
[2026-05-31T09:12:47.531+0000] {processor.py:840} INFO - DAG(s) 'crime_analytics_pipeline' retrieved from /opt/airflow/dags/dag_crime_pipeline.py
[2026-05-31T09:12:47.567+0000] {logging_mixin.py:188} INFO - [2026-05-31T09:12:47.567+0000] {dag.py:3036} INFO - Sync 1 DAGs
[2026-05-31T09:12:47.613+0000] {processor.py:183} INFO - Processing /opt/airflow/dags/dag_crime_pipeline.py took 0.142 seconds
[2026-05-31T09:13:17.763+0000] {processor.py:161} INFO - Started process (PID=760) to work on /opt/airflow/dags/dag_crime_pipeline.py
[2026-05-31T09:13:17.764+0000] {processor.py:830} INFO - Processing file /opt/airflow/dags/dag_crime_pipeline.py for tasks to queue
[2026-05-31T09:13:17.768+0000] {logging_mixin.py:188} INFO - [2026-05-31T09:13:17.767+0000] {dagbag.py:538} INFO - Filling up the DagBag from /opt/airflow/dags/dag_crime_pipeline.py
[2026-05-31T09:13:17.817+0000] {processor.py:840} INFO - DAG(s) 'crime_analytics_pipeline' retrieved from /opt/airflow/dags/dag_crime_pipeline.py
[2026-05-31T09:13:17.854+0000] {logging_mixin.py:188} INFO - [2026-05-31T09:13:17.853+0000] {dag.py:3036} INFO - Sync 1 DAGs
[2026-05-31T09:13:17.915+0000] {processor.py:183} INFO - Processing /opt/airflow/dags/dag_crime_pipeline.py took 0.158 seconds
[2026-05-31T09:13:48.043+0000] {processor.py:161} INFO - Started process (PID=765) to work on /opt/airflow/dags/dag_crime_pipeline.py
[2026-05-31T09:13:48.045+0000] {processor.py:830} INFO - Processing file /opt/airflow/dags/dag_crime_pipeline.py for tasks to queue
[2026-05-31T09:13:48.048+0000] {logging_mixin.py:188} INFO - [2026-05-31T09:13:48.047+0000] {dagbag.py:538} INFO - Filling up the DagBag from /opt/airflow/dags/dag_crime_pipeline.py
[2026-05-31T09:13:48.095+0000] {processor.py:840} INFO - DAG(s) 'crime_analytics_pipeline' retrieved from /opt/airflow/dags/dag_crime_pipeline.py
[2026-05-31T09:13:48.134+0000] {logging_mixin.py:188} INFO - [2026-05-31T09:13:48.133+0000] {dag.py:3036} INFO - Sync 1 DAGs
[2026-05-31T09:13:48.206+0000] {processor.py:183} INFO - Processing /opt/airflow/dags/dag_crime_pipeline.py took 0.168 seconds
[2026-05-31T09:14:18.403+0000] {processor.py:161} INFO - Started process (PID=770) to work on /opt/airflow/dags/dag_crime_pipeline.py
[2026-05-31T09:14:18.405+0000] {processor.py:830} INFO - Processing file /opt/airflow/dags/dag_crime_pipeline.py for tasks to queue
[2026-05-31T09:14:18.413+0000] {logging_mixin.py:188} INFO - [2026-05-31T09:14:18.411+0000] {dagbag.py:538} INFO - Filling up the DagBag from /opt/airflow/dags/dag_crime_pipeline.py
[2026-05-31T09:14:18.454+0000] {processor.py:840} INFO - DAG(s) 'crime_analytics_pipeline' retrieved from /opt/airflow/dags/dag_crime_pipeline.py
[2026-05-31T09:14:18.489+0000] {logging_mixin.py:188} INFO - [2026-05-31T09:14:18.488+0000] {dag.py:3036} INFO - Sync 1 DAGs
[2026-05-31T09:14:18.557+0000] {processor.py:183} INFO - Processing /opt/airflow/dags/dag_crime_pipeline.py took 0.162 seconds
[2026-05-31T09:14:48.853+0000] {processor.py:161} INFO - Started process (PID=775) to work on /opt/airflow/dags/dag_crime_pipeline.py
[2026-05-31T09:14:48.854+0000] {processor.py:830} INFO - Processing file /opt/airflow/dags/dag_crime_pipeline.py for tasks to queue
[2026-05-31T09:14:48.858+0000] {logging_mixin.py:188} INFO - [2026-05-31T09:14:48.857+0000] {dagbag.py:538} INFO - Filling up the DagBag from /opt/airflow/dags/dag_crime_pipeline.py
[2026-05-31T09:14:48.902+0000] {processor.py:840} INFO - DAG(s) 'crime_analytics_pipeline' retrieved from /opt/airflow/dags/dag_crime_pipeline.py
[2026-05-31T09:14:48.938+0000] {logging_mixin.py:188} INFO - [2026-05-31T09:14:48.937+0000] {dag.py:3036} INFO - Sync 1 DAGs
[2026-05-31T09:14:48.977+0000] {processor.py:183} INFO - Processing /opt/airflow/dags/dag_crime_pipeline.py took 0.131 seconds
[2026-05-31T09:15:19.255+0000] {processor.py:161} INFO - Started process (PID=780) to work on /opt/airflow/dags/dag_crime_pipeline.py
[2026-05-31T09:15:19.256+0000] {processor.py:830} INFO - Processing file /opt/airflow/dags/dag_crime_pipeline.py for tasks to queue
[2026-05-31T09:15:19.260+0000] {logging_mixin.py:188} INFO - [2026-05-31T09:15:19.259+0000] {dagbag.py:538} INFO - Filling up the DagBag from /opt/airflow/dags/dag_crime_pipeline.py
[2026-05-31T09:15:19.297+0000] {processor.py:840} INFO - DAG(s) 'crime_analytics_pipeline' retrieved from /opt/airflow/dags/dag_crime_pipeline.py
[2026-05-31T09:15:19.333+0000] {logging_mixin.py:188} INFO - [2026-05-31T09:15:19.332+0000] {dag.py:3036} INFO - Sync 1 DAGs
[2026-05-31T09:15:19.395+0000] {processor.py:183} INFO - Processing /opt/airflow/dags/dag_crime_pipeline.py took 0.144 seconds
[2026-05-31T09:15:49.588+0000] {processor.py:161} INFO - Started process (PID=785) to work on /opt/airflow/dags/dag_crime_pipeline.py
[2026-05-31T09:15:49.590+0000] {processor.py:830} INFO - Processing file /opt/airflow/dags/dag_crime_pipeline.py for tasks to queue
[2026-05-31T09:15:49.593+0000] {logging_mixin.py:188} INFO - [2026-05-31T09:15:49.592+0000] {dagbag.py:538} INFO - Filling up the DagBag from /opt/airflow/dags/dag_crime_pipeline.py
[2026-05-31T09:15:49.631+0000] {processor.py:840} INFO - DAG(s) 'crime_analytics_pipeline' retrieved from /opt/airflow/dags/dag_crime_pipeline.py
[2026-05-31T09:15:49.664+0000] {logging_mixin.py:188} INFO - [2026-05-31T09:15:49.663+0000] {dag.py:3036} INFO - Sync 1 DAGs
[2026-05-31T09:15:49.723+0000] {processor.py:183} INFO - Processing /opt/airflow/dags/dag_crime_pipeline.py took 0.140 seconds
[2026-05-31T09:16:20.386+0000] {processor.py:161} INFO - Started process (PID=790) to work on /opt/airflow/dags/dag_crime_pipeline.py
[2026-05-31T09:16:20.387+0000] {processor.py:830} INFO - Processing file /opt/airflow/dags/dag_crime_pipeline.py for tasks to queue
[2026-05-31T09:16:20.390+0000] {logging_mixin.py:188} INFO - [2026-05-31T09:16:20.389+0000] {dagbag.py:538} INFO - Filling up the DagBag from /opt/airflow/dags/dag_crime_pipeline.py
[2026-05-31T09:16:20.430+0000] {processor.py:840} INFO - DAG(s) 'crime_analytics_pipeline' retrieved from /opt/airflow/dags/dag_crime_pipeline.py
[2026-05-31T09:16:20.468+0000] {logging_mixin.py:188} INFO - [2026-05-31T09:16:20.467+0000] {dag.py:3036} INFO - Sync 1 DAGs
[2026-05-31T09:16:20.519+0000] {processor.py:183} INFO - Processing /opt/airflow/dags/dag_crime_pipeline.py took 0.137 seconds
[2026-05-31T09:16:50.848+0000] {processor.py:161} INFO - Started process (PID=843) to work on /opt/airflow/dags/dag_crime_pipeline.py
[2026-05-31T09:16:50.850+0000] {processor.py:830} INFO - Processing file /opt/airflow/dags/dag_crime_pipeline.py for tasks to queue
[2026-05-31T09:16:50.854+0000] {logging_mixin.py:188} INFO - [2026-05-31T09:16:50.853+0000] {dagbag.py:538} INFO - Filling up the DagBag from /opt/airflow/dags/dag_crime_pipeline.py
[2026-05-31T09:16:50.907+0000] {processor.py:840} INFO - DAG(s) 'crime_analytics_pipeline' retrieved from /opt/airflow/dags/dag_crime_pipeline.py
[2026-05-31T09:16:50.954+0000] {logging_mixin.py:188} INFO - [2026-05-31T09:16:50.954+0000] {dag.py:3036} INFO - Sync 1 DAGs
[2026-05-31T09:16:51.030+0000] {processor.py:183} INFO - Processing /opt/airflow/dags/dag_crime_pipeline.py took 0.186 seconds
[2026-05-31T09:17:21.274+0000] {processor.py:161} INFO - Started process (PID=871) to work on /opt/airflow/dags/dag_crime_pipeline.py
[2026-05-31T09:17:21.276+0000] {processor.py:830} INFO - Processing file /opt/airflow/dags/dag_crime_pipeline.py for tasks to queue
[2026-05-31T09:17:21.279+0000] {logging_mixin.py:188} INFO - [2026-05-31T09:17:21.278+0000] {dagbag.py:538} INFO - Filling up the DagBag from /opt/airflow/dags/dag_crime_pipeline.py
[2026-05-31T09:17:21.323+0000] {processor.py:840} INFO - DAG(s) 'crime_analytics_pipeline' retrieved from /opt/airflow/dags/dag_crime_pipeline.py
[2026-05-31T09:17:21.361+0000] {logging_mixin.py:188} INFO - [2026-05-31T09:17:21.360+0000] {dag.py:3036} INFO - Sync 1 DAGs
[2026-05-31T09:17:21.422+0000] {processor.py:183} INFO - Processing /opt/airflow/dags/dag_crime_pipeline.py took 0.152 seconds
[2026-05-31T09:17:51.897+0000] {processor.py:161} INFO - Started process (PID=876) to work on /opt/airflow/dags/dag_crime_pipeline.py
[2026-05-31T09:17:51.900+0000] {processor.py:830} INFO - Processing file /opt/airflow/dags/dag_crime_pipeline.py for tasks to queue
[2026-05-31T09:17:51.903+0000] {logging_mixin.py:188} INFO - [2026-05-31T09:17:51.902+0000] {dagbag.py:538} INFO - Filling up the DagBag from /opt/airflow/dags/dag_crime_pipeline.py
[2026-05-31T09:17:52.003+0000] {processor.py:840} INFO - DAG(s) 'crime_analytics_pipeline' retrieved from /opt/airflow/dags/dag_crime_pipeline.py
[2026-05-31T09:17:52.052+0000] {logging_mixin.py:188} INFO - [2026-05-31T09:17:52.051+0000] {dag.py:3036} INFO - Sync 1 DAGs
[2026-05-31T09:17:52.103+0000] {processor.py:183} INFO - Processing /opt/airflow/dags/dag_crime_pipeline.py took 0.220 seconds
[2026-05-31T09:18:22.261+0000] {processor.py:161} INFO - Started process (PID=881) to work on /opt/airflow/dags/dag_crime_pipeline.py
[2026-05-31T09:18:22.263+0000] {processor.py:830} INFO - Processing file /opt/airflow/dags/dag_crime_pipeline.py for tasks to queue
[2026-05-31T09:18:22.266+0000] {logging_mixin.py:188} INFO - [2026-05-31T09:18:22.266+0000] {dagbag.py:538} INFO - Filling up the DagBag from /opt/airflow/dags/dag_crime_pipeline.py
[2026-05-31T09:18:22.323+0000] {processor.py:840} INFO - DAG(s) 'crime_analytics_pipeline' retrieved from /opt/airflow/dags/dag_crime_pipeline.py
[2026-05-31T09:18:22.373+0000] {logging_mixin.py:188} INFO - [2026-05-31T09:18:22.372+0000] {dag.py:3036} INFO - Sync 1 DAGs
[2026-05-31T09:18:22.439+0000] {processor.py:183} INFO - Processing /opt/airflow/dags/dag_crime_pipeline.py took 0.184 seconds
[2026-05-31T09:18:52.820+0000] {processor.py:161} INFO - Started process (PID=886) to work on /opt/airflow/dags/dag_crime_pipeline.py
[2026-05-31T09:18:52.822+0000] {processor.py:830} INFO - Processing file /opt/airflow/dags/dag_crime_pipeline.py for tasks to queue
[2026-05-31T09:18:52.826+0000] {logging_mixin.py:188} INFO - [2026-05-31T09:18:52.826+0000] {dagbag.py:538} INFO - Filling up the DagBag from /opt/airflow/dags/dag_crime_pipeline.py
[2026-05-31T09:18:52.874+0000] {processor.py:840} INFO - DAG(s) 'crime_analytics_pipeline' retrieved from /opt/airflow/dags/dag_crime_pipeline.py
[2026-05-31T09:18:52.922+0000] {logging_mixin.py:188} INFO - [2026-05-31T09:18:52.922+0000] {dag.py:3036} INFO - Sync 1 DAGs
[2026-05-31T09:18:52.987+0000] {processor.py:183} INFO - Processing /opt/airflow/dags/dag_crime_pipeline.py took 0.171 seconds
[2026-05-31T09:19:23.095+0000] {processor.py:161} INFO - Started process (PID=962) to work on /opt/airflow/dags/dag_crime_pipeline.py
[2026-05-31T09:19:23.097+0000] {processor.py:830} INFO - Processing file /opt/airflow/dags/dag_crime_pipeline.py for tasks to queue
[2026-05-31T09:19:23.100+0000] {logging_mixin.py:188} INFO - [2026-05-31T09:19:23.099+0000] {dagbag.py:538} INFO - Filling up the DagBag from /opt/airflow/dags/dag_crime_pipeline.py
[2026-05-31T09:19:23.145+0000] {processor.py:840} INFO - DAG(s) 'crime_analytics_pipeline' retrieved from /opt/airflow/dags/dag_crime_pipeline.py
[2026-05-31T09:19:23.188+0000] {logging_mixin.py:188} INFO - [2026-05-31T09:19:23.187+0000] {dag.py:3036} INFO - Sync 1 DAGs
[2026-05-31T09:19:23.243+0000] {processor.py:183} INFO - Processing /opt/airflow/dags/dag_crime_pipeline.py took 0.151 seconds
[2026-05-31T09:19:53.688+0000] {processor.py:161} INFO - Started process (PID=967) to work on /opt/airflow/dags/dag_crime_pipeline.py
[2026-05-31T09:19:53.690+0000] {processor.py:830} INFO - Processing file /opt/airflow/dags/dag_crime_pipeline.py for tasks to queue
[2026-05-31T09:19:53.692+0000] {logging_mixin.py:188} INFO - [2026-05-31T09:19:53.692+0000] {dagbag.py:538} INFO - Filling up the DagBag from /opt/airflow/dags/dag_crime_pipeline.py
[2026-05-31T09:19:53.740+0000] {processor.py:840} INFO - DAG(s) 'crime_analytics_pipeline' retrieved from /opt/airflow/dags/dag_crime_pipeline.py
[2026-05-31T09:19:53.774+0000] {logging_mixin.py:188} INFO - [2026-05-31T09:19:53.773+0000] {dag.py:3036} INFO - Sync 1 DAGs
[2026-05-31T09:19:53.821+0000] {processor.py:183} INFO - Processing /opt/airflow/dags/dag_crime_pipeline.py took 0.137 seconds
[2026-05-31T09:20:24.081+0000] {processor.py:161} INFO - Started process (PID=972) to work on /opt/airflow/dags/dag_crime_pipeline.py
[2026-05-31T09:20:24.082+0000] {processor.py:830} INFO - Processing file /opt/airflow/dags/dag_crime_pipeline.py for tasks to queue
[2026-05-31T09:20:24.085+0000] {logging_mixin.py:188} INFO - [2026-05-31T09:20:24.084+0000] {dagbag.py:538} INFO - Filling up the DagBag from /opt/airflow/dags/dag_crime_pipeline.py
[2026-05-31T09:20:24.124+0000] {processor.py:840} INFO - DAG(s) 'crime_analytics_pipeline' retrieved from /opt/airflow/dags/dag_crime_pipeline.py
[2026-05-31T09:20:24.155+0000] {logging_mixin.py:188} INFO - [2026-05-31T09:20:24.154+0000] {dag.py:3036} INFO - Sync 1 DAGs
[2026-05-31T09:20:24.194+0000] {processor.py:183} INFO - Processing /opt/airflow/dags/dag_crime_pipeline.py took 0.117 seconds
[2026-05-31T09:20:54.930+0000] {processor.py:161} INFO - Started process (PID=977) to work on /opt/airflow/dags/dag_crime_pipeline.py
[2026-05-31T09:20:54.932+0000] {processor.py:830} INFO - Processing file /opt/airflow/dags/dag_crime_pipeline.py for tasks to queue
[2026-05-31T09:20:54.935+0000] {logging_mixin.py:188} INFO - [2026-05-31T09:20:54.934+0000] {dagbag.py:538} INFO - Filling up the DagBag from /opt/airflow/dags/dag_crime_pipeline.py
[2026-05-31T09:20:54.974+0000] {processor.py:840} INFO - DAG(s) 'crime_analytics_pipeline' retrieved from /opt/airflow/dags/dag_crime_pipeline.py
[2026-05-31T09:20:55.006+0000] {logging_mixin.py:188} INFO - [2026-05-31T09:20:55.005+0000] {dag.py:3036} INFO - Sync 1 DAGs
[2026-05-31T09:20:55.047+0000] {processor.py:183} INFO - Processing /opt/airflow/dags/dag_crime_pipeline.py took 0.122 seconds
[2026-05-31T09:21:25.575+0000] {processor.py:161} INFO - Started process (PID=982) to work on /opt/airflow/dags/dag_crime_pipeline.py
[2026-05-31T09:21:25.577+0000] {processor.py:830} INFO - Processing file /opt/airflow/dags/dag_crime_pipeline.py for tasks to queue
[2026-05-31T09:21:25.580+0000] {logging_mixin.py:188} INFO - [2026-05-31T09:21:25.580+0000] {dagbag.py:538} INFO - Filling up the DagBag from /opt/airflow/dags/dag_crime_pipeline.py
[2026-05-31T09:21:25.623+0000] {processor.py:840} INFO - DAG(s) 'crime_analytics_pipeline' retrieved from /opt/airflow/dags/dag_crime_pipeline.py
[2026-05-31T09:21:25.660+0000] {logging_mixin.py:188} INFO - [2026-05-31T09:21:25.660+0000] {dag.py:3036} INFO - Sync 1 DAGs
[2026-05-31T09:21:25.737+0000] {processor.py:183} INFO - Processing /opt/airflow/dags/dag_crime_pipeline.py took 0.166 seconds
[2026-05-31T09:21:56.198+0000] {processor.py:161} INFO - Started process (PID=987) to work on /opt/airflow/dags/dag_crime_pipeline.py
[2026-05-31T09:21:56.199+0000] {processor.py:830} INFO - Processing file /opt/airflow/dags/dag_crime_pipeline.py for tasks to queue
[2026-05-31T09:21:56.202+0000] {logging_mixin.py:188} INFO - [2026-05-31T09:21:56.201+0000] {dagbag.py:538} INFO - Filling up the DagBag from /opt/airflow/dags/dag_crime_pipeline.py
[2026-05-31T09:21:56.243+0000] {processor.py:840} INFO - DAG(s) 'crime_analytics_pipeline' retrieved from /opt/airflow/dags/dag_crime_pipeline.py
[2026-05-31T09:21:56.277+0000] {logging_mixin.py:188} INFO - [2026-05-31T09:21:56.277+0000] {dag.py:3036} INFO - Sync 1 DAGs
[2026-05-31T09:21:56.321+0000] {processor.py:183} INFO - Processing /opt/airflow/dags/dag_crime_pipeline.py took 0.127 seconds
[2026-05-31T09:22:26.709+0000] {processor.py:161} INFO - Started process (PID=1016) to work on /opt/airflow/dags/dag_crime_pipeline.py
[2026-05-31T09:22:26.711+0000] {processor.py:830} INFO - Processing file /opt/airflow/dags/dag_crime_pipeline.py for tasks to queue
[2026-05-31T09:22:26.718+0000] {logging_mixin.py:188} INFO - [2026-05-31T09:22:26.717+0000] {dagbag.py:538} INFO - Filling up the DagBag from /opt/airflow/dags/dag_crime_pipeline.py
[2026-05-31T09:22:26.781+0000] {processor.py:840} INFO - DAG(s) 'crime_analytics_pipeline' retrieved from /opt/airflow/dags/dag_crime_pipeline.py
[2026-05-31T09:22:26.848+0000] {logging_mixin.py:188} INFO - [2026-05-31T09:22:26.847+0000] {dag.py:3036} INFO - Sync 1 DAGs
[2026-05-31T09:22:26.929+0000] {processor.py:183} INFO - Processing /opt/airflow/dags/dag_crime_pipeline.py took 0.228 seconds
[2026-05-31T09:22:57.278+0000] {processor.py:161} INFO - Started process (PID=1068) to work on /opt/airflow/dags/dag_crime_pipeline.py
[2026-05-31T09:22:57.280+0000] {processor.py:830} INFO - Processing file /opt/airflow/dags/dag_crime_pipeline.py for tasks to queue
[2026-05-31T09:22:57.284+0000] {logging_mixin.py:188} INFO - [2026-05-31T09:22:57.284+0000] {dagbag.py:538} INFO - Filling up the DagBag from /opt/airflow/dags/dag_crime_pipeline.py
[2026-05-31T09:22:57.337+0000] {processor.py:840} INFO - DAG(s) 'crime_analytics_pipeline' retrieved from /opt/airflow/dags/dag_crime_pipeline.py
[2026-05-31T09:22:57.379+0000] {logging_mixin.py:188} INFO - [2026-05-31T09:22:57.379+0000] {dag.py:3036} INFO - Sync 1 DAGs
[2026-05-31T09:22:57.436+0000] {processor.py:183} INFO - Processing /opt/airflow/dags/dag_crime_pipeline.py took 0.163 seconds
[2026-05-31T09:23:28.047+0000] {processor.py:161} INFO - Started process (PID=1073) to work on /opt/airflow/dags/dag_crime_pipeline.py
[2026-05-31T09:23:28.049+0000] {processor.py:830} INFO - Processing file /opt/airflow/dags/dag_crime_pipeline.py for tasks to queue
[2026-05-31T09:23:28.053+0000] {logging_mixin.py:188} INFO - [2026-05-31T09:23:28.052+0000] {dagbag.py:538} INFO - Filling up the DagBag from /opt/airflow/dags/dag_crime_pipeline.py
[2026-05-31T09:23:28.111+0000] {processor.py:840} INFO - DAG(s) 'crime_analytics_pipeline' retrieved from /opt/airflow/dags/dag_crime_pipeline.py
[2026-05-31T09:23:28.160+0000] {logging_mixin.py:188} INFO - [2026-05-31T09:23:28.160+0000] {dag.py:3036} INFO - Sync 1 DAGs
[2026-05-31T09:23:28.213+0000] {processor.py:183} INFO - Processing /opt/airflow/dags/dag_crime_pipeline.py took 0.171 seconds
[2026-05-31T09:23:58.489+0000] {processor.py:161} INFO - Started process (PID=1078) to work on /opt/airflow/dags/dag_crime_pipeline.py
[2026-05-31T09:23:58.490+0000] {processor.py:830} INFO - Processing file /opt/airflow/dags/dag_crime_pipeline.py for tasks to queue
[2026-05-31T09:23:58.493+0000] {logging_mixin.py:188} INFO - [2026-05-31T09:23:58.493+0000] {dagbag.py:538} INFO - Filling up the DagBag from /opt/airflow/dags/dag_crime_pipeline.py
[2026-05-31T09:23:58.536+0000] {processor.py:840} INFO - DAG(s) 'crime_analytics_pipeline' retrieved from /opt/airflow/dags/dag_crime_pipeline.py
[2026-05-31T09:23:58.576+0000] {logging_mixin.py:188} INFO - [2026-05-31T09:23:58.575+0000] {dag.py:3036} INFO - Sync 1 DAGs
[2026-05-31T09:23:58.662+0000] {processor.py:183} INFO - Processing /opt/airflow/dags/dag_crime_pipeline.py took 0.177 seconds
[2026-05-31T09:24:29.505+0000] {processor.py:161} INFO - Started process (PID=1154) to work on /opt/airflow/dags/dag_crime_pipeline.py
[2026-05-31T09:24:29.507+0000] {processor.py:830} INFO - Processing file /opt/airflow/dags/dag_crime_pipeline.py for tasks to queue
[2026-05-31T09:24:29.511+0000] {logging_mixin.py:188} INFO - [2026-05-31T09:24:29.511+0000] {dagbag.py:538} INFO - Filling up the DagBag from /opt/airflow/dags/dag_crime_pipeline.py
[2026-05-31T09:24:29.562+0000] {processor.py:840} INFO - DAG(s) 'crime_analytics_pipeline' retrieved from /opt/airflow/dags/dag_crime_pipeline.py
[2026-05-31T09:24:29.614+0000] {logging_mixin.py:188} INFO - [2026-05-31T09:24:29.613+0000] {dag.py:3036} INFO - Sync 1 DAGs
[2026-05-31T09:24:29.703+0000] {processor.py:183} INFO - Processing /opt/airflow/dags/dag_crime_pipeline.py took 0.204 seconds
[2026-05-31T09:25:00.166+0000] {processor.py:161} INFO - Started process (PID=1228) to work on /opt/airflow/dags/dag_crime_pipeline.py
[2026-05-31T09:25:00.169+0000] {processor.py:830} INFO - Processing file /opt/airflow/dags/dag_crime_pipeline.py for tasks to queue
[2026-05-31T09:25:00.173+0000] {logging_mixin.py:188} INFO - [2026-05-31T09:25:00.172+0000] {dagbag.py:538} INFO - Filling up the DagBag from /opt/airflow/dags/dag_crime_pipeline.py
[2026-05-31T09:25:00.226+0000] {processor.py:840} INFO - DAG(s) 'crime_analytics_pipeline' retrieved from /opt/airflow/dags/dag_crime_pipeline.py
[2026-05-31T09:25:00.263+0000] {logging_mixin.py:188} INFO - [2026-05-31T09:25:00.263+0000] {dag.py:3036} INFO - Sync 1 DAGs
[2026-05-31T09:25:00.317+0000] {processor.py:183} INFO - Processing /opt/airflow/dags/dag_crime_pipeline.py took 0.156 seconds
[2026-05-31T09:25:30.969+0000] {processor.py:161} INFO - Started process (PID=1302) to work on /opt/airflow/dags/dag_crime_pipeline.py
[2026-05-31T09:25:30.971+0000] {processor.py:830} INFO - Processing file /opt/airflow/dags/dag_crime_pipeline.py for tasks to queue
[2026-05-31T09:25:30.974+0000] {logging_mixin.py:188} INFO - [2026-05-31T09:25:30.973+0000] {dagbag.py:538} INFO - Filling up the DagBag from /opt/airflow/dags/dag_crime_pipeline.py
[2026-05-31T09:25:31.031+0000] {processor.py:840} INFO - DAG(s) 'crime_analytics_pipeline' retrieved from /opt/airflow/dags/dag_crime_pipeline.py
[2026-05-31T09:25:31.070+0000] {logging_mixin.py:188} INFO - [2026-05-31T09:25:31.070+0000] {dag.py:3036} INFO - Sync 1 DAGs
[2026-05-31T09:25:31.125+0000] {processor.py:183} INFO - Processing /opt/airflow/dags/dag_crime_pipeline.py took 0.162 seconds
[2026-05-31T09:26:01.676+0000] {processor.py:161} INFO - Started process (PID=1376) to work on /opt/airflow/dags/dag_crime_pipeline.py
[2026-05-31T09:26:01.678+0000] {processor.py:830} INFO - Processing file /opt/airflow/dags/dag_crime_pipeline.py for tasks to queue
[2026-05-31T09:26:01.682+0000] {logging_mixin.py:188} INFO - [2026-05-31T09:26:01.681+0000] {dagbag.py:538} INFO - Filling up the DagBag from /opt/airflow/dags/dag_crime_pipeline.py
[2026-05-31T09:26:01.736+0000] {processor.py:840} INFO - DAG(s) 'crime_analytics_pipeline' retrieved from /opt/airflow/dags/dag_crime_pipeline.py
[2026-05-31T09:26:01.787+0000] {logging_mixin.py:188} INFO - [2026-05-31T09:26:01.787+0000] {dag.py:3036} INFO - Sync 1 DAGs
[2026-05-31T09:26:01.842+0000] {processor.py:183} INFO - Processing /opt/airflow/dags/dag_crime_pipeline.py took 0.171 seconds
[2026-05-31T09:26:32.483+0000] {processor.py:161} INFO - Started process (PID=1437) to work on /opt/airflow/dags/dag_crime_pipeline.py
[2026-05-31T09:26:32.485+0000] {processor.py:830} INFO - Processing file /opt/airflow/dags/dag_crime_pipeline.py for tasks to queue
[2026-05-31T09:26:32.490+0000] {logging_mixin.py:188} INFO - [2026-05-31T09:26:32.489+0000] {dagbag.py:538} INFO - Filling up the DagBag from /opt/airflow/dags/dag_crime_pipeline.py
[2026-05-31T09:26:32.537+0000] {processor.py:840} INFO - DAG(s) 'crime_analytics_pipeline' retrieved from /opt/airflow/dags/dag_crime_pipeline.py
[2026-05-31T09:26:32.587+0000] {logging_mixin.py:188} INFO - [2026-05-31T09:26:32.586+0000] {dag.py:3036} INFO - Sync 1 DAGs
[2026-05-31T09:26:32.653+0000] {processor.py:183} INFO - Processing /opt/airflow/dags/dag_crime_pipeline.py took 0.175 seconds
[2026-05-31T09:27:03.438+0000] {processor.py:161} INFO - Started process (PID=1445) to work on /opt/airflow/dags/dag_crime_pipeline.py
[2026-05-31T09:27:03.439+0000] {processor.py:830} INFO - Processing file /opt/airflow/dags/dag_crime_pipeline.py for tasks to queue
[2026-05-31T09:27:03.442+0000] {logging_mixin.py:188} INFO - [2026-05-31T09:27:03.442+0000] {dagbag.py:538} INFO - Filling up the DagBag from /opt/airflow/dags/dag_crime_pipeline.py
[2026-05-31T09:27:03.482+0000] {processor.py:840} INFO - DAG(s) 'crime_analytics_pipeline' retrieved from /opt/airflow/dags/dag_crime_pipeline.py
[2026-05-31T09:27:03.513+0000] {logging_mixin.py:188} INFO - [2026-05-31T09:27:03.513+0000] {dag.py:3036} INFO - Sync 1 DAGs
[2026-05-31T09:27:03.577+0000] {processor.py:183} INFO - Processing /opt/airflow/dags/dag_crime_pipeline.py took 0.144 seconds
[2026-05-31T09:27:33.931+0000] {processor.py:161} INFO - Started process (PID=1450) to work on /opt/airflow/dags/dag_crime_pipeline.py
[2026-05-31T09:27:33.933+0000] {processor.py:830} INFO - Processing file /opt/airflow/dags/dag_crime_pipeline.py for tasks to queue
[2026-05-31T09:27:33.936+0000] {logging_mixin.py:188} INFO - [2026-05-31T09:27:33.936+0000] {dagbag.py:538} INFO - Filling up the DagBag from /opt/airflow/dags/dag_crime_pipeline.py
[2026-05-31T09:27:33.994+0000] {processor.py:840} INFO - DAG(s) 'crime_analytics_pipeline' retrieved from /opt/airflow/dags/dag_crime_pipeline.py
[2026-05-31T09:27:34.041+0000] {logging_mixin.py:188} INFO - [2026-05-31T09:27:34.041+0000] {dag.py:3036} INFO - Sync 1 DAGs
[2026-05-31T09:27:34.081+0000] {processor.py:183} INFO - Processing /opt/airflow/dags/dag_crime_pipeline.py took 0.154 seconds
[2026-05-31T09:28:04.298+0000] {processor.py:161} INFO - Started process (PID=1455) to work on /opt/airflow/dags/dag_crime_pipeline.py
[2026-05-31T09:28:04.300+0000] {processor.py:830} INFO - Processing file /opt/airflow/dags/dag_crime_pipeline.py for tasks to queue
[2026-05-31T09:28:04.304+0000] {logging_mixin.py:188} INFO - [2026-05-31T09:28:04.303+0000] {dagbag.py:538} INFO - Filling up the DagBag from /opt/airflow/dags/dag_crime_pipeline.py
[2026-05-31T09:28:04.353+0000] {processor.py:840} INFO - DAG(s) 'crime_analytics_pipeline' retrieved from /opt/airflow/dags/dag_crime_pipeline.py
[2026-05-31T09:28:04.393+0000] {logging_mixin.py:188} INFO - [2026-05-31T09:28:04.393+0000] {dag.py:3036} INFO - Sync 1 DAGs
[2026-05-31T09:28:04.456+0000] {processor.py:183} INFO - Processing /opt/airflow/dags/dag_crime_pipeline.py took 0.163 seconds
[2026-05-31T09:28:34.710+0000] {processor.py:161} INFO - Started process (PID=1460) to work on /opt/airflow/dags/dag_crime_pipeline.py
[2026-05-31T09:28:34.712+0000] {processor.py:830} INFO - Processing file /opt/airflow/dags/dag_crime_pipeline.py for tasks to queue
[2026-05-31T09:28:34.715+0000] {logging_mixin.py:188} INFO - [2026-05-31T09:28:34.714+0000] {dagbag.py:538} INFO - Filling up the DagBag from /opt/airflow/dags/dag_crime_pipeline.py
[2026-05-31T09:28:34.775+0000] {processor.py:840} INFO - DAG(s) 'crime_analytics_pipeline' retrieved from /opt/airflow/dags/dag_crime_pipeline.py
[2026-05-31T09:28:34.822+0000] {logging_mixin.py:188} INFO - [2026-05-31T09:28:34.821+0000] {dag.py:3036} INFO - Sync 1 DAGs
[2026-05-31T09:28:34.894+0000] {processor.py:183} INFO - Processing /opt/airflow/dags/dag_crime_pipeline.py took 0.187 seconds
[2026-05-31T09:29:05.218+0000] {processor.py:161} INFO - Started process (PID=1465) to work on /opt/airflow/dags/dag_crime_pipeline.py
[2026-05-31T09:29:05.220+0000] {processor.py:830} INFO - Processing file /opt/airflow/dags/dag_crime_pipeline.py for tasks to queue
[2026-05-31T09:29:05.223+0000] {logging_mixin.py:188} INFO - [2026-05-31T09:29:05.223+0000] {dagbag.py:538} INFO - Filling up the DagBag from /opt/airflow/dags/dag_crime_pipeline.py
[2026-05-31T09:29:05.266+0000] {processor.py:840} INFO - DAG(s) 'crime_analytics_pipeline' retrieved from /opt/airflow/dags/dag_crime_pipeline.py
[2026-05-31T09:29:05.296+0000] {logging_mixin.py:188} INFO - [2026-05-31T09:29:05.295+0000] {dag.py:3036} INFO - Sync 1 DAGs
[2026-05-31T09:29:05.335+0000] {processor.py:183} INFO - Processing /opt/airflow/dags/dag_crime_pipeline.py took 0.120 seconds
[2026-05-31T09:29:35.501+0000] {processor.py:161} INFO - Started process (PID=1470) to work on /opt/airflow/dags/dag_crime_pipeline.py
[2026-05-31T09:29:35.502+0000] {processor.py:830} INFO - Processing file /opt/airflow/dags/dag_crime_pipeline.py for tasks to queue
[2026-05-31T09:29:35.505+0000] {logging_mixin.py:188} INFO - [2026-05-31T09:29:35.505+0000] {dagbag.py:538} INFO - Filling up the DagBag from /opt/airflow/dags/dag_crime_pipeline.py
[2026-05-31T09:29:35.546+0000] {processor.py:840} INFO - DAG(s) 'crime_analytics_pipeline' retrieved from /opt/airflow/dags/dag_crime_pipeline.py
[2026-05-31T09:29:35.581+0000] {logging_mixin.py:188} INFO - [2026-05-31T09:29:35.580+0000] {dag.py:3036} INFO - Sync 1 DAGs
[2026-05-31T09:29:35.647+0000] {processor.py:183} INFO - Processing /opt/airflow/dags/dag_crime_pipeline.py took 0.151 seconds
[2026-05-31T09:30:06.130+0000] {processor.py:161} INFO - Started process (PID=1475) to work on /opt/airflow/dags/dag_crime_pipeline.py
[2026-05-31T09:30:06.131+0000] {processor.py:830} INFO - Processing file /opt/airflow/dags/dag_crime_pipeline.py for tasks to queue
[2026-05-31T09:30:06.134+0000] {logging_mixin.py:188} INFO - [2026-05-31T09:30:06.134+0000] {dagbag.py:538} INFO - Filling up the DagBag from /opt/airflow/dags/dag_crime_pipeline.py
[2026-05-31T09:30:06.174+0000] {processor.py:840} INFO - DAG(s) 'crime_analytics_pipeline' retrieved from /opt/airflow/dags/dag_crime_pipeline.py
[2026-05-31T09:30:06.206+0000] {logging_mixin.py:188} INFO - [2026-05-31T09:30:06.205+0000] {dag.py:3036} INFO - Sync 1 DAGs
[2026-05-31T09:30:06.246+0000] {processor.py:183} INFO - Processing /opt/airflow/dags/dag_crime_pipeline.py took 0.120 seconds
[2026-05-31T09:30:36.813+0000] {processor.py:161} INFO - Started process (PID=1480) to work on /opt/airflow/dags/dag_crime_pipeline.py
[2026-05-31T09:30:36.815+0000] {processor.py:830} INFO - Processing file /opt/airflow/dags/dag_crime_pipeline.py for tasks to queue
[2026-05-31T09:30:36.819+0000] {logging_mixin.py:188} INFO - [2026-05-31T09:30:36.818+0000] {dagbag.py:538} INFO - Filling up the DagBag from /opt/airflow/dags/dag_crime_pipeline.py
[2026-05-31T09:30:36.871+0000] {processor.py:840} INFO - DAG(s) 'crime_analytics_pipeline' retrieved from /opt/airflow/dags/dag_crime_pipeline.py
[2026-05-31T09:30:36.913+0000] {logging_mixin.py:188} INFO - [2026-05-31T09:30:36.913+0000] {dag.py:3036} INFO - Sync 1 DAGs
[2026-05-31T09:30:36.991+0000] {processor.py:183} INFO - Processing /opt/airflow/dags/dag_crime_pipeline.py took 0.182 seconds
[2026-05-31T09:31:07.107+0000] {processor.py:161} INFO - Started process (PID=1559) to work on /opt/airflow/dags/dag_crime_pipeline.py
[2026-05-31T09:31:07.108+0000] {processor.py:830} INFO - Processing file /opt/airflow/dags/dag_crime_pipeline.py for tasks to queue
[2026-05-31T09:31:07.113+0000] {logging_mixin.py:188} INFO - [2026-05-31T09:31:07.112+0000] {dagbag.py:538} INFO - Filling up the DagBag from /opt/airflow/dags/dag_crime_pipeline.py
[2026-05-31T09:31:07.169+0000] {processor.py:840} INFO - DAG(s) 'crime_analytics_pipeline' retrieved from /opt/airflow/dags/dag_crime_pipeline.py
[2026-05-31T09:31:07.213+0000] {logging_mixin.py:188} INFO - [2026-05-31T09:31:07.212+0000] {dag.py:3036} INFO - Sync 1 DAGs
[2026-05-31T09:31:07.267+0000] {processor.py:183} INFO - Processing /opt/airflow/dags/dag_crime_pipeline.py took 0.166 seconds
[2026-05-31T09:31:37.518+0000] {processor.py:161} INFO - Started process (PID=1575) to work on /opt/airflow/dags/dag_crime_pipeline.py
[2026-05-31T09:31:37.520+0000] {processor.py:830} INFO - Processing file /opt/airflow/dags/dag_crime_pipeline.py for tasks to queue
[2026-05-31T09:31:37.523+0000] {logging_mixin.py:188} INFO - [2026-05-31T09:31:37.523+0000] {dagbag.py:538} INFO - Filling up the DagBag from /opt/airflow/dags/dag_crime_pipeline.py
[2026-05-31T09:31:37.568+0000] {processor.py:840} INFO - DAG(s) 'crime_analytics_pipeline' retrieved from /opt/airflow/dags/dag_crime_pipeline.py
[2026-05-31T09:31:37.606+0000] {logging_mixin.py:188} INFO - [2026-05-31T09:31:37.605+0000] {dag.py:3036} INFO - Sync 1 DAGs
[2026-05-31T09:31:37.661+0000] {processor.py:183} INFO - Processing /opt/airflow/dags/dag_crime_pipeline.py took 0.147 seconds
[2026-05-31T09:32:08.063+0000] {processor.py:161} INFO - Started process (PID=1583) to work on /opt/airflow/dags/dag_crime_pipeline.py
[2026-05-31T09:32:08.065+0000] {processor.py:830} INFO - Processing file /opt/airflow/dags/dag_crime_pipeline.py for tasks to queue
[2026-05-31T09:32:08.069+0000] {logging_mixin.py:188} INFO - [2026-05-31T09:32:08.068+0000] {dagbag.py:538} INFO - Filling up the DagBag from /opt/airflow/dags/dag_crime_pipeline.py
[2026-05-31T09:32:08.114+0000] {processor.py:840} INFO - DAG(s) 'crime_analytics_pipeline' retrieved from /opt/airflow/dags/dag_crime_pipeline.py
[2026-05-31T09:32:08.156+0000] {logging_mixin.py:188} INFO - [2026-05-31T09:32:08.155+0000] {dag.py:3036} INFO - Sync 1 DAGs
[2026-05-31T09:32:08.220+0000] {processor.py:183} INFO - Processing /opt/airflow/dags/dag_crime_pipeline.py took 0.161 seconds
[2026-05-31T09:32:38.335+0000] {processor.py:161} INFO - Started process (PID=1591) to work on /opt/airflow/dags/dag_crime_pipeline.py
[2026-05-31T09:32:38.337+0000] {processor.py:830} INFO - Processing file /opt/airflow/dags/dag_crime_pipeline.py for tasks to queue
[2026-05-31T09:32:38.342+0000] {logging_mixin.py:188} INFO - [2026-05-31T09:32:38.341+0000] {dagbag.py:538} INFO - Filling up the DagBag from /opt/airflow/dags/dag_crime_pipeline.py
[2026-05-31T09:32:38.403+0000] {processor.py:840} INFO - DAG(s) 'crime_analytics_pipeline' retrieved from /opt/airflow/dags/dag_crime_pipeline.py
[2026-05-31T09:32:38.457+0000] {logging_mixin.py:188} INFO - [2026-05-31T09:32:38.456+0000] {dag.py:3036} INFO - Sync 1 DAGs
[2026-05-31T09:32:38.533+0000] {processor.py:183} INFO - Processing /opt/airflow/dags/dag_crime_pipeline.py took 0.204 seconds
[2026-05-31T09:33:08.832+0000] {processor.py:161} INFO - Started process (PID=1599) to work on /opt/airflow/dags/dag_crime_pipeline.py
[2026-05-31T09:33:08.834+0000] {processor.py:830} INFO - Processing file /opt/airflow/dags/dag_crime_pipeline.py for tasks to queue
[2026-05-31T09:33:08.837+0000] {logging_mixin.py:188} INFO - [2026-05-31T09:33:08.837+0000] {dagbag.py:538} INFO - Filling up the DagBag from /opt/airflow/dags/dag_crime_pipeline.py
[2026-05-31T09:33:08.881+0000] {processor.py:840} INFO - DAG(s) 'crime_analytics_pipeline' retrieved from /opt/airflow/dags/dag_crime_pipeline.py
[2026-05-31T09:33:08.918+0000] {logging_mixin.py:188} INFO - [2026-05-31T09:33:08.917+0000] {dag.py:3036} INFO - Sync 1 DAGs
[2026-05-31T09:33:08.991+0000] {processor.py:183} INFO - Processing /opt/airflow/dags/dag_crime_pipeline.py took 0.163 seconds
[2026-05-31T09:33:39.097+0000] {processor.py:161} INFO - Started process (PID=1606) to work on /opt/airflow/dags/dag_crime_pipeline.py
[2026-05-31T09:33:39.099+0000] {processor.py:830} INFO - Processing file /opt/airflow/dags/dag_crime_pipeline.py for tasks to queue
[2026-05-31T09:33:39.102+0000] {logging_mixin.py:188} INFO - [2026-05-31T09:33:39.101+0000] {dagbag.py:538} INFO - Filling up the DagBag from /opt/airflow/dags/dag_crime_pipeline.py
[2026-05-31T09:33:39.146+0000] {processor.py:840} INFO - DAG(s) 'crime_analytics_pipeline' retrieved from /opt/airflow/dags/dag_crime_pipeline.py
[2026-05-31T09:33:39.181+0000] {logging_mixin.py:188} INFO - [2026-05-31T09:33:39.181+0000] {dag.py:3036} INFO - Sync 1 DAGs
[2026-05-31T09:33:39.235+0000] {processor.py:183} INFO - Processing /opt/airflow/dags/dag_crime_pipeline.py took 0.143 seconds
[2026-05-31T09:34:09.475+0000] {processor.py:161} INFO - Started process (PID=1613) to work on /opt/airflow/dags/dag_crime_pipeline.py
[2026-05-31T09:34:09.476+0000] {processor.py:830} INFO - Processing file /opt/airflow/dags/dag_crime_pipeline.py for tasks to queue
[2026-05-31T09:34:09.480+0000] {logging_mixin.py:188} INFO - [2026-05-31T09:34:09.479+0000] {dagbag.py:538} INFO - Filling up the DagBag from /opt/airflow/dags/dag_crime_pipeline.py
[2026-05-31T09:34:09.526+0000] {processor.py:840} INFO - DAG(s) 'crime_analytics_pipeline' retrieved from /opt/airflow/dags/dag_crime_pipeline.py
[2026-05-31T09:34:09.564+0000] {logging_mixin.py:188} INFO - [2026-05-31T09:34:09.563+0000] {dag.py:3036} INFO - Sync 1 DAGs
[2026-05-31T09:34:09.612+0000] {processor.py:183} INFO - Processing /opt/airflow/dags/dag_crime_pipeline.py took 0.142 seconds
[2026-05-31T09:34:39.955+0000] {processor.py:161} INFO - Started process (PID=1620) to work on /opt/airflow/dags/dag_crime_pipeline.py
[2026-05-31T09:34:39.956+0000] {processor.py:830} INFO - Processing file /opt/airflow/dags/dag_crime_pipeline.py for tasks to queue
[2026-05-31T09:34:39.960+0000] {logging_mixin.py:188} INFO - [2026-05-31T09:34:39.959+0000] {dagbag.py:538} INFO - Filling up the DagBag from /opt/airflow/dags/dag_crime_pipeline.py
[2026-05-31T09:34:40.006+0000] {processor.py:840} INFO - DAG(s) 'crime_analytics_pipeline' retrieved from /opt/airflow/dags/dag_crime_pipeline.py
[2026-05-31T09:34:40.047+0000] {logging_mixin.py:188} INFO - [2026-05-31T09:34:40.046+0000] {dag.py:3036} INFO - Sync 1 DAGs
[2026-05-31T09:34:40.123+0000] {processor.py:183} INFO - Processing /opt/airflow/dags/dag_crime_pipeline.py took 0.172 seconds
[2026-05-31T09:35:10.312+0000] {processor.py:161} INFO - Started process (PID=1630) to work on /opt/airflow/dags/dag_crime_pipeline.py
[2026-05-31T09:35:10.313+0000] {processor.py:830} INFO - Processing file /opt/airflow/dags/dag_crime_pipeline.py for tasks to queue
[2026-05-31T09:35:10.317+0000] {logging_mixin.py:188} INFO - [2026-05-31T09:35:10.316+0000] {dagbag.py:538} INFO - Filling up the DagBag from /opt/airflow/dags/dag_crime_pipeline.py
[2026-05-31T09:35:10.365+0000] {processor.py:840} INFO - DAG(s) 'crime_analytics_pipeline' retrieved from /opt/airflow/dags/dag_crime_pipeline.py
[2026-05-31T09:35:10.411+0000] {logging_mixin.py:188} INFO - [2026-05-31T09:35:10.410+0000] {dag.py:3036} INFO - Sync 1 DAGs
[2026-05-31T09:35:10.483+0000] {processor.py:183} INFO - Processing /opt/airflow/dags/dag_crime_pipeline.py took 0.176 seconds
[2026-05-31T09:35:40.714+0000] {processor.py:161} INFO - Started process (PID=1639) to work on /opt/airflow/dags/dag_crime_pipeline.py
[2026-05-31T09:35:40.715+0000] {processor.py:830} INFO - Processing file /opt/airflow/dags/dag_crime_pipeline.py for tasks to queue
[2026-05-31T09:35:40.719+0000] {logging_mixin.py:188} INFO - [2026-05-31T09:35:40.718+0000] {dagbag.py:538} INFO - Filling up the DagBag from /opt/airflow/dags/dag_crime_pipeline.py
[2026-05-31T09:35:40.770+0000] {processor.py:840} INFO - DAG(s) 'crime_analytics_pipeline' retrieved from /opt/airflow/dags/dag_crime_pipeline.py
[2026-05-31T09:35:40.814+0000] {logging_mixin.py:188} INFO - [2026-05-31T09:35:40.814+0000] {dag.py:3036} INFO - Sync 1 DAGs
[2026-05-31T09:35:40.885+0000] {processor.py:183} INFO - Processing /opt/airflow/dags/dag_crime_pipeline.py took 0.177 seconds
[2026-05-31T09:36:11.128+0000] {processor.py:161} INFO - Started process (PID=1672) to work on /opt/airflow/dags/dag_crime_pipeline.py
[2026-05-31T09:36:11.131+0000] {processor.py:830} INFO - Processing file /opt/airflow/dags/dag_crime_pipeline.py for tasks to queue
[2026-05-31T09:36:11.134+0000] {logging_mixin.py:188} INFO - [2026-05-31T09:36:11.134+0000] {dagbag.py:538} INFO - Filling up the DagBag from /opt/airflow/dags/dag_crime_pipeline.py
[2026-05-31T09:36:11.239+0000] {processor.py:840} INFO - DAG(s) 'crime_analytics_pipeline' retrieved from /opt/airflow/dags/dag_crime_pipeline.py
[2026-05-31T09:36:11.277+0000] {logging_mixin.py:188} INFO - [2026-05-31T09:36:11.276+0000] {dag.py:3036} INFO - Sync 1 DAGs
[2026-05-31T09:36:11.350+0000] {processor.py:183} INFO - Processing /opt/airflow/dags/dag_crime_pipeline.py took 0.232 seconds
[2026-05-31T09:36:41.622+0000] {processor.py:161} INFO - Started process (PID=1746) to work on /opt/airflow/dags/dag_crime_pipeline.py
[2026-05-31T09:36:41.623+0000] {processor.py:830} INFO - Processing file /opt/airflow/dags/dag_crime_pipeline.py for tasks to queue
[2026-05-31T09:36:41.627+0000] {logging_mixin.py:188} INFO - [2026-05-31T09:36:41.626+0000] {dagbag.py:538} INFO - Filling up the DagBag from /opt/airflow/dags/dag_crime_pipeline.py
[2026-05-31T09:36:41.671+0000] {processor.py:840} INFO - DAG(s) 'crime_analytics_pipeline' retrieved from /opt/airflow/dags/dag_crime_pipeline.py
[2026-05-31T09:36:41.714+0000] {logging_mixin.py:188} INFO - [2026-05-31T09:36:41.714+0000] {dag.py:3036} INFO - Sync 1 DAGs
[2026-05-31T09:36:41.763+0000] {processor.py:183} INFO - Processing /opt/airflow/dags/dag_crime_pipeline.py took 0.146 seconds
[2026-05-31T09:37:12.202+0000] {processor.py:161} INFO - Started process (PID=1820) to work on /opt/airflow/dags/dag_crime_pipeline.py
[2026-05-31T09:37:12.203+0000] {processor.py:830} INFO - Processing file /opt/airflow/dags/dag_crime_pipeline.py for tasks to queue
[2026-05-31T09:37:12.207+0000] {logging_mixin.py:188} INFO - [2026-05-31T09:37:12.206+0000] {dagbag.py:538} INFO - Filling up the DagBag from /opt/airflow/dags/dag_crime_pipeline.py
[2026-05-31T09:37:12.254+0000] {processor.py:840} INFO - DAG(s) 'crime_analytics_pipeline' retrieved from /opt/airflow/dags/dag_crime_pipeline.py
[2026-05-31T09:37:12.300+0000] {logging_mixin.py:188} INFO - [2026-05-31T09:37:12.299+0000] {dag.py:3036} INFO - Sync 1 DAGs
[2026-05-31T09:37:12.363+0000] {processor.py:183} INFO - Processing /opt/airflow/dags/dag_crime_pipeline.py took 0.165 seconds
[2026-05-31T09:37:42.572+0000] {processor.py:161} INFO - Started process (PID=1896) to work on /opt/airflow/dags/dag_crime_pipeline.py
[2026-05-31T09:37:42.574+0000] {processor.py:830} INFO - Processing file /opt/airflow/dags/dag_crime_pipeline.py for tasks to queue
[2026-05-31T09:37:42.578+0000] {logging_mixin.py:188} INFO - [2026-05-31T09:37:42.577+0000] {dagbag.py:538} INFO - Filling up the DagBag from /opt/airflow/dags/dag_crime_pipeline.py
[2026-05-31T09:37:42.624+0000] {processor.py:840} INFO - DAG(s) 'crime_analytics_pipeline' retrieved from /opt/airflow/dags/dag_crime_pipeline.py
[2026-05-31T09:37:42.665+0000] {logging_mixin.py:188} INFO - [2026-05-31T09:37:42.664+0000] {dag.py:3036} INFO - Sync 1 DAGs
[2026-05-31T09:37:42.709+0000] {processor.py:183} INFO - Processing /opt/airflow/dags/dag_crime_pipeline.py took 0.143 seconds
[2026-05-31T09:38:13.141+0000] {processor.py:161} INFO - Started process (PID=1970) to work on /opt/airflow/dags/dag_crime_pipeline.py
[2026-05-31T09:38:13.143+0000] {processor.py:830} INFO - Processing file /opt/airflow/dags/dag_crime_pipeline.py for tasks to queue
[2026-05-31T09:38:13.146+0000] {logging_mixin.py:188} INFO - [2026-05-31T09:38:13.146+0000] {dagbag.py:538} INFO - Filling up the DagBag from /opt/airflow/dags/dag_crime_pipeline.py
[2026-05-31T09:38:13.214+0000] {processor.py:840} INFO - DAG(s) 'crime_analytics_pipeline' retrieved from /opt/airflow/dags/dag_crime_pipeline.py
[2026-05-31T09:38:13.269+0000] {logging_mixin.py:188} INFO - [2026-05-31T09:38:13.268+0000] {dag.py:3036} INFO - Sync 1 DAGs
[2026-05-31T09:38:13.321+0000] {processor.py:183} INFO - Processing /opt/airflow/dags/dag_crime_pipeline.py took 0.184 seconds
[2026-05-31T09:38:43.506+0000] {processor.py:161} INFO - Started process (PID=2069) to work on /opt/airflow/dags/dag_crime_pipeline.py
[2026-05-31T09:38:43.508+0000] {processor.py:830} INFO - Processing file /opt/airflow/dags/dag_crime_pipeline.py for tasks to queue
[2026-05-31T09:38:43.513+0000] {logging_mixin.py:188} INFO - [2026-05-31T09:38:43.512+0000] {dagbag.py:538} INFO - Filling up the DagBag from /opt/airflow/dags/dag_crime_pipeline.py
[2026-05-31T09:38:43.570+0000] {processor.py:840} INFO - DAG(s) 'crime_analytics_pipeline' retrieved from /opt/airflow/dags/dag_crime_pipeline.py
[2026-05-31T09:38:43.614+0000] {logging_mixin.py:188} INFO - [2026-05-31T09:38:43.614+0000] {dag.py:3036} INFO - Sync 1 DAGs
[2026-05-31T09:38:43.699+0000] {processor.py:183} INFO - Processing /opt/airflow/dags/dag_crime_pipeline.py took 0.200 seconds
[2026-05-31T09:39:14.067+0000] {processor.py:161} INFO - Started process (PID=2120) to work on /opt/airflow/dags/dag_crime_pipeline.py
[2026-05-31T09:39:14.069+0000] {processor.py:830} INFO - Processing file /opt/airflow/dags/dag_crime_pipeline.py for tasks to queue
[2026-05-31T09:39:14.072+0000] {logging_mixin.py:188} INFO - [2026-05-31T09:39:14.071+0000] {dagbag.py:538} INFO - Filling up the DagBag from /opt/airflow/dags/dag_crime_pipeline.py
[2026-05-31T09:39:14.127+0000] {processor.py:840} INFO - DAG(s) 'crime_analytics_pipeline' retrieved from /opt/airflow/dags/dag_crime_pipeline.py
[2026-05-31T09:39:14.180+0000] {logging_mixin.py:188} INFO - [2026-05-31T09:39:14.179+0000] {dag.py:3036} INFO - Sync 1 DAGs
[2026-05-31T09:39:14.233+0000] {processor.py:183} INFO - Processing /opt/airflow/dags/dag_crime_pipeline.py took 0.171 seconds
[2026-05-31T09:39:44.396+0000] {processor.py:161} INFO - Started process (PID=2194) to work on /opt/airflow/dags/dag_crime_pipeline.py
[2026-05-31T09:39:44.398+0000] {processor.py:830} INFO - Processing file /opt/airflow/dags/dag_crime_pipeline.py for tasks to queue
[2026-05-31T09:39:44.401+0000] {logging_mixin.py:188} INFO - [2026-05-31T09:39:44.400+0000] {dagbag.py:538} INFO - Filling up the DagBag from /opt/airflow/dags/dag_crime_pipeline.py
[2026-05-31T09:39:44.452+0000] {processor.py:840} INFO - DAG(s) 'crime_analytics_pipeline' retrieved from /opt/airflow/dags/dag_crime_pipeline.py
[2026-05-31T09:39:44.490+0000] {logging_mixin.py:188} INFO - [2026-05-31T09:39:44.489+0000] {dag.py:3036} INFO - Sync 1 DAGs
[2026-05-31T09:39:44.541+0000] {processor.py:183} INFO - Processing /opt/airflow/dags/dag_crime_pipeline.py took 0.150 seconds
[2026-05-31T09:40:14.934+0000] {processor.py:161} INFO - Started process (PID=2268) to work on /opt/airflow/dags/dag_crime_pipeline.py
[2026-05-31T09:40:14.937+0000] {processor.py:830} INFO - Processing file /opt/airflow/dags/dag_crime_pipeline.py for tasks to queue
[2026-05-31T09:40:14.942+0000] {logging_mixin.py:188} INFO - [2026-05-31T09:40:14.941+0000] {dagbag.py:538} INFO - Filling up the DagBag from /opt/airflow/dags/dag_crime_pipeline.py
[2026-05-31T09:40:14.995+0000] {processor.py:840} INFO - DAG(s) 'crime_analytics_pipeline' retrieved from /opt/airflow/dags/dag_crime_pipeline.py
[2026-05-31T09:40:15.033+0000] {logging_mixin.py:188} INFO - [2026-05-31T09:40:15.032+0000] {dag.py:3036} INFO - Sync 1 DAGs
[2026-05-31T09:40:15.110+0000] {processor.py:183} INFO - Processing /opt/airflow/dags/dag_crime_pipeline.py took 0.180 seconds
[2026-05-31T09:40:45.547+0000] {processor.py:161} INFO - Started process (PID=2342) to work on /opt/airflow/dags/dag_crime_pipeline.py
[2026-05-31T09:40:45.549+0000] {processor.py:830} INFO - Processing file /opt/airflow/dags/dag_crime_pipeline.py for tasks to queue
[2026-05-31T09:40:45.554+0000] {logging_mixin.py:188} INFO - [2026-05-31T09:40:45.553+0000] {dagbag.py:538} INFO - Filling up the DagBag from /opt/airflow/dags/dag_crime_pipeline.py
[2026-05-31T09:40:45.613+0000] {processor.py:840} INFO - DAG(s) 'crime_analytics_pipeline' retrieved from /opt/airflow/dags/dag_crime_pipeline.py
[2026-05-31T09:40:45.656+0000] {logging_mixin.py:188} INFO - [2026-05-31T09:40:45.655+0000] {dag.py:3036} INFO - Sync 1 DAGs
[2026-05-31T09:40:45.723+0000] {processor.py:183} INFO - Processing /opt/airflow/dags/dag_crime_pipeline.py took 0.181 seconds
[2026-05-31T09:41:15.868+0000] {processor.py:161} INFO - Started process (PID=2416) to work on /opt/airflow/dags/dag_crime_pipeline.py
[2026-05-31T09:41:15.870+0000] {processor.py:830} INFO - Processing file /opt/airflow/dags/dag_crime_pipeline.py for tasks to queue
[2026-05-31T09:41:15.876+0000] {logging_mixin.py:188} INFO - [2026-05-31T09:41:15.875+0000] {dagbag.py:538} INFO - Filling up the DagBag from /opt/airflow/dags/dag_crime_pipeline.py
[2026-05-31T09:41:15.930+0000] {processor.py:840} INFO - DAG(s) 'crime_analytics_pipeline' retrieved from /opt/airflow/dags/dag_crime_pipeline.py
[2026-05-31T09:41:15.978+0000] {logging_mixin.py:188} INFO - [2026-05-31T09:41:15.977+0000] {dag.py:3036} INFO - Sync 1 DAGs
[2026-05-31T09:41:16.031+0000] {processor.py:183} INFO - Processing /opt/airflow/dags/dag_crime_pipeline.py took 0.171 seconds
[2026-05-31T09:41:47.044+0000] {processor.py:161} INFO - Started process (PID=2490) to work on /opt/airflow/dags/dag_crime_pipeline.py
[2026-05-31T09:41:47.046+0000] {processor.py:830} INFO - Processing file /opt/airflow/dags/dag_crime_pipeline.py for tasks to queue
[2026-05-31T09:41:47.051+0000] {logging_mixin.py:188} INFO - [2026-05-31T09:41:47.050+0000] {dagbag.py:538} INFO - Filling up the DagBag from /opt/airflow/dags/dag_crime_pipeline.py
[2026-05-31T09:41:47.102+0000] {processor.py:840} INFO - DAG(s) 'crime_analytics_pipeline' retrieved from /opt/airflow/dags/dag_crime_pipeline.py
[2026-05-31T09:41:47.148+0000] {logging_mixin.py:188} INFO - [2026-05-31T09:41:47.147+0000] {dag.py:3036} INFO - Sync 1 DAGs
[2026-05-31T09:41:47.200+0000] {processor.py:183} INFO - Processing /opt/airflow/dags/dag_crime_pipeline.py took 0.162 seconds
[2026-05-31T09:42:18.156+0000] {processor.py:161} INFO - Started process (PID=2564) to work on /opt/airflow/dags/dag_crime_pipeline.py
[2026-05-31T09:42:18.159+0000] {processor.py:830} INFO - Processing file /opt/airflow/dags/dag_crime_pipeline.py for tasks to queue
[2026-05-31T09:42:18.164+0000] {logging_mixin.py:188} INFO - [2026-05-31T09:42:18.163+0000] {dagbag.py:538} INFO - Filling up the DagBag from /opt/airflow/dags/dag_crime_pipeline.py
[2026-05-31T09:42:18.213+0000] {processor.py:840} INFO - DAG(s) 'crime_analytics_pipeline' retrieved from /opt/airflow/dags/dag_crime_pipeline.py
[2026-05-31T09:42:18.257+0000] {logging_mixin.py:188} INFO - [2026-05-31T09:42:18.255+0000] {dag.py:3036} INFO - Sync 1 DAGs
[2026-05-31T09:42:18.315+0000] {processor.py:183} INFO - Processing /opt/airflow/dags/dag_crime_pipeline.py took 0.164 seconds
[2026-05-31T09:42:48.821+0000] {processor.py:161} INFO - Started process (PID=2637) to work on /opt/airflow/dags/dag_crime_pipeline.py
[2026-05-31T09:42:48.823+0000] {processor.py:830} INFO - Processing file /opt/airflow/dags/dag_crime_pipeline.py for tasks to queue
[2026-05-31T09:42:48.828+0000] {logging_mixin.py:188} INFO - [2026-05-31T09:42:48.827+0000] {dagbag.py:538} INFO - Filling up the DagBag from /opt/airflow/dags/dag_crime_pipeline.py
[2026-05-31T09:42:48.888+0000] {processor.py:840} INFO - DAG(s) 'crime_analytics_pipeline' retrieved from /opt/airflow/dags/dag_crime_pipeline.py
[2026-05-31T09:42:48.930+0000] {logging_mixin.py:188} INFO - [2026-05-31T09:42:48.929+0000] {dag.py:3036} INFO - Sync 1 DAGs
[2026-05-31T09:42:49.002+0000] {processor.py:183} INFO - Processing /opt/airflow/dags/dag_crime_pipeline.py took 0.188 seconds
[2026-05-31T09:43:19.151+0000] {processor.py:161} INFO - Started process (PID=2719) to work on /opt/airflow/dags/dag_crime_pipeline.py
[2026-05-31T09:43:19.153+0000] {processor.py:830} INFO - Processing file /opt/airflow/dags/dag_crime_pipeline.py for tasks to queue
[2026-05-31T09:43:19.158+0000] {logging_mixin.py:188} INFO - [2026-05-31T09:43:19.157+0000] {dagbag.py:538} INFO - Filling up the DagBag from /opt/airflow/dags/dag_crime_pipeline.py
[2026-05-31T09:43:19.207+0000] {processor.py:840} INFO - DAG(s) 'crime_analytics_pipeline' retrieved from /opt/airflow/dags/dag_crime_pipeline.py
[2026-05-31T09:43:19.253+0000] {logging_mixin.py:188} INFO - [2026-05-31T09:43:19.253+0000] {dag.py:3036} INFO - Sync 1 DAGs
[2026-05-31T09:43:19.319+0000] {processor.py:183} INFO - Processing /opt/airflow/dags/dag_crime_pipeline.py took 0.174 seconds
[2026-05-31T09:43:49.630+0000] {processor.py:161} INFO - Started process (PID=2728) to work on /opt/airflow/dags/dag_crime_pipeline.py
[2026-05-31T09:43:49.631+0000] {processor.py:830} INFO - Processing file /opt/airflow/dags/dag_crime_pipeline.py for tasks to queue
[2026-05-31T09:43:49.635+0000] {logging_mixin.py:188} INFO - [2026-05-31T09:43:49.634+0000] {dagbag.py:538} INFO - Filling up the DagBag from /opt/airflow/dags/dag_crime_pipeline.py
[2026-05-31T09:43:49.686+0000] {processor.py:840} INFO - DAG(s) 'crime_analytics_pipeline' retrieved from /opt/airflow/dags/dag_crime_pipeline.py
[2026-05-31T09:43:49.731+0000] {logging_mixin.py:188} INFO - [2026-05-31T09:43:49.730+0000] {dag.py:3036} INFO - Sync 1 DAGs
[2026-05-31T09:43:49.804+0000] {processor.py:183} INFO - Processing /opt/airflow/dags/dag_crime_pipeline.py took 0.180 seconds
[2026-05-31T09:44:20.330+0000] {processor.py:161} INFO - Started process (PID=2785) to work on /opt/airflow/dags/dag_crime_pipeline.py
[2026-05-31T09:44:20.333+0000] {processor.py:830} INFO - Processing file /opt/airflow/dags/dag_crime_pipeline.py for tasks to queue
[2026-05-31T09:44:20.337+0000] {logging_mixin.py:188} INFO - [2026-05-31T09:44:20.337+0000] {dagbag.py:538} INFO - Filling up the DagBag from /opt/airflow/dags/dag_crime_pipeline.py
[2026-05-31T09:44:20.399+0000] {processor.py:840} INFO - DAG(s) 'crime_analytics_pipeline' retrieved from /opt/airflow/dags/dag_crime_pipeline.py
[2026-05-31T09:44:20.448+0000] {logging_mixin.py:188} INFO - [2026-05-31T09:44:20.447+0000] {dag.py:3036} INFO - Sync 1 DAGs
[2026-05-31T09:44:20.506+0000] {processor.py:183} INFO - Processing /opt/airflow/dags/dag_crime_pipeline.py took 0.182 seconds
[2026-05-31T09:44:50.706+0000] {processor.py:161} INFO - Started process (PID=2791) to work on /opt/airflow/dags/dag_crime_pipeline.py
[2026-05-31T09:44:50.708+0000] {processor.py:830} INFO - Processing file /opt/airflow/dags/dag_crime_pipeline.py for tasks to queue
[2026-05-31T09:44:50.713+0000] {logging_mixin.py:188} INFO - [2026-05-31T09:44:50.712+0000] {dagbag.py:538} INFO - Filling up the DagBag from /opt/airflow/dags/dag_crime_pipeline.py
[2026-05-31T09:44:50.772+0000] {processor.py:840} INFO - DAG(s) 'crime_analytics_pipeline' retrieved from /opt/airflow/dags/dag_crime_pipeline.py
[2026-05-31T09:44:50.815+0000] {logging_mixin.py:188} INFO - [2026-05-31T09:44:50.814+0000] {dag.py:3036} INFO - Sync 1 DAGs
[2026-05-31T09:44:50.865+0000] {processor.py:183} INFO - Processing /opt/airflow/dags/dag_crime_pipeline.py took 0.165 seconds
[2026-05-31T09:45:21.092+0000] {processor.py:161} INFO - Started process (PID=2845) to work on /opt/airflow/dags/dag_crime_pipeline.py
[2026-05-31T09:45:21.094+0000] {processor.py:830} INFO - Processing file /opt/airflow/dags/dag_crime_pipeline.py for tasks to queue
[2026-05-31T09:45:21.096+0000] {logging_mixin.py:188} INFO - [2026-05-31T09:45:21.096+0000] {dagbag.py:538} INFO - Filling up the DagBag from /opt/airflow/dags/dag_crime_pipeline.py
[2026-05-31T09:45:21.141+0000] {processor.py:840} INFO - DAG(s) 'crime_analytics_pipeline' retrieved from /opt/airflow/dags/dag_crime_pipeline.py
[2026-05-31T09:45:21.184+0000] {logging_mixin.py:188} INFO - [2026-05-31T09:45:21.183+0000] {dag.py:3036} INFO - Sync 1 DAGs
[2026-05-31T09:45:21.261+0000] {processor.py:183} INFO - Processing /opt/airflow/dags/dag_crime_pipeline.py took 0.172 seconds
[2026-05-31T09:45:51.466+0000] {processor.py:161} INFO - Started process (PID=2850) to work on /opt/airflow/dags/dag_crime_pipeline.py
[2026-05-31T09:45:51.468+0000] {processor.py:830} INFO - Processing file /opt/airflow/dags/dag_crime_pipeline.py for tasks to queue
[2026-05-31T09:45:51.472+0000] {logging_mixin.py:188} INFO - [2026-05-31T09:45:51.471+0000] {dagbag.py:538} INFO - Filling up the DagBag from /opt/airflow/dags/dag_crime_pipeline.py
[2026-05-31T09:45:51.518+0000] {processor.py:840} INFO - DAG(s) 'crime_analytics_pipeline' retrieved from /opt/airflow/dags/dag_crime_pipeline.py
[2026-05-31T09:45:51.552+0000] {logging_mixin.py:188} INFO - [2026-05-31T09:45:51.552+0000] {dag.py:3036} INFO - Sync 1 DAGs
[2026-05-31T09:45:51.604+0000] {processor.py:183} INFO - Processing /opt/airflow/dags/dag_crime_pipeline.py took 0.144 seconds
[2026-05-31T09:46:21.962+0000] {processor.py:161} INFO - Started process (PID=2855) to work on /opt/airflow/dags/dag_crime_pipeline.py
[2026-05-31T09:46:21.964+0000] {processor.py:830} INFO - Processing file /opt/airflow/dags/dag_crime_pipeline.py for tasks to queue
[2026-05-31T09:46:21.969+0000] {logging_mixin.py:188} INFO - [2026-05-31T09:46:21.968+0000] {dagbag.py:538} INFO - Filling up the DagBag from /opt/airflow/dags/dag_crime_pipeline.py
[2026-05-31T09:46:22.031+0000] {processor.py:840} INFO - DAG(s) 'crime_analytics_pipeline' retrieved from /opt/airflow/dags/dag_crime_pipeline.py
[2026-05-31T09:46:22.091+0000] {logging_mixin.py:188} INFO - [2026-05-31T09:46:22.091+0000] {dag.py:3036} INFO - Sync 1 DAGs
[2026-05-31T09:46:22.185+0000] {processor.py:183} INFO - Processing /opt/airflow/dags/dag_crime_pipeline.py took 0.230 seconds
[2026-05-31T09:46:52.513+0000] {processor.py:161} INFO - Started process (PID=2860) to work on /opt/airflow/dags/dag_crime_pipeline.py
[2026-05-31T09:46:52.515+0000] {processor.py:830} INFO - Processing file /opt/airflow/dags/dag_crime_pipeline.py for tasks to queue
[2026-05-31T09:46:52.518+0000] {logging_mixin.py:188} INFO - [2026-05-31T09:46:52.518+0000] {dagbag.py:538} INFO - Filling up the DagBag from /opt/airflow/dags/dag_crime_pipeline.py
[2026-05-31T09:46:52.596+0000] {processor.py:840} INFO - DAG(s) 'crime_analytics_pipeline' retrieved from /opt/airflow/dags/dag_crime_pipeline.py
[2026-05-31T09:46:52.654+0000] {logging_mixin.py:188} INFO - [2026-05-31T09:46:52.653+0000] {dag.py:3036} INFO - Sync 1 DAGs
[2026-05-31T09:46:52.730+0000] {processor.py:183} INFO - Processing /opt/airflow/dags/dag_crime_pipeline.py took 0.223 seconds
[2026-05-31T09:47:23.546+0000] {processor.py:161} INFO - Started process (PID=2865) to work on /opt/airflow/dags/dag_crime_pipeline.py
[2026-05-31T09:47:23.555+0000] {processor.py:830} INFO - Processing file /opt/airflow/dags/dag_crime_pipeline.py for tasks to queue
[2026-05-31T09:47:23.658+0000] {logging_mixin.py:188} INFO - [2026-05-31T09:47:23.644+0000] {dagbag.py:538} INFO - Filling up the DagBag from /opt/airflow/dags/dag_crime_pipeline.py
[2026-05-31T09:47:24.102+0000] {processor.py:840} INFO - DAG(s) 'crime_analytics_pipeline' retrieved from /opt/airflow/dags/dag_crime_pipeline.py
[2026-05-31T09:47:24.460+0000] {logging_mixin.py:188} INFO - [2026-05-31T09:47:24.460+0000] {dag.py:3036} INFO - Sync 1 DAGs
[2026-05-31T09:47:24.761+0000] {processor.py:183} INFO - Processing /opt/airflow/dags/dag_crime_pipeline.py took 1.337 seconds
[2026-05-31T09:47:55.281+0000] {processor.py:161} INFO - Started process (PID=2886) to work on /opt/airflow/dags/dag_crime_pipeline.py
[2026-05-31T09:47:55.283+0000] {processor.py:830} INFO - Processing file /opt/airflow/dags/dag_crime_pipeline.py for tasks to queue
[2026-05-31T09:47:55.292+0000] {logging_mixin.py:188} INFO - [2026-05-31T09:47:55.291+0000] {dagbag.py:538} INFO - Filling up the DagBag from /opt/airflow/dags/dag_crime_pipeline.py
[2026-05-31T09:47:55.368+0000] {processor.py:840} INFO - DAG(s) 'crime_analytics_pipeline' retrieved from /opt/airflow/dags/dag_crime_pipeline.py
[2026-05-31T09:47:55.435+0000] {logging_mixin.py:188} INFO - [2026-05-31T09:47:55.434+0000] {dag.py:3036} INFO - Sync 1 DAGs
[2026-05-31T09:47:55.522+0000] {processor.py:183} INFO - Processing /opt/airflow/dags/dag_crime_pipeline.py took 0.254 seconds
[2026-05-31T09:48:25.728+0000] {processor.py:161} INFO - Started process (PID=2906) to work on /opt/airflow/dags/dag_crime_pipeline.py
[2026-05-31T09:48:25.730+0000] {processor.py:830} INFO - Processing file /opt/airflow/dags/dag_crime_pipeline.py for tasks to queue
[2026-05-31T09:48:25.741+0000] {logging_mixin.py:188} INFO - [2026-05-31T09:48:25.739+0000] {dagbag.py:538} INFO - Filling up the DagBag from /opt/airflow/dags/dag_crime_pipeline.py
[2026-05-31T09:48:25.846+0000] {processor.py:840} INFO - DAG(s) 'crime_analytics_pipeline' retrieved from /opt/airflow/dags/dag_crime_pipeline.py
[2026-05-31T09:48:25.938+0000] {logging_mixin.py:188} INFO - [2026-05-31T09:48:25.938+0000] {dag.py:3036} INFO - Sync 1 DAGs
[2026-05-31T09:48:26.000+0000] {processor.py:183} INFO - Processing /opt/airflow/dags/dag_crime_pipeline.py took 0.293 seconds
[2026-05-31T09:48:56.157+0000] {processor.py:161} INFO - Started process (PID=2911) to work on /opt/airflow/dags/dag_crime_pipeline.py
[2026-05-31T09:48:56.163+0000] {processor.py:830} INFO - Processing file /opt/airflow/dags/dag_crime_pipeline.py for tasks to queue
[2026-05-31T09:48:56.180+0000] {logging_mixin.py:188} INFO - [2026-05-31T09:48:56.179+0000] {dagbag.py:538} INFO - Filling up the DagBag from /opt/airflow/dags/dag_crime_pipeline.py
[2026-05-31T09:48:56.284+0000] {processor.py:840} INFO - DAG(s) 'crime_analytics_pipeline' retrieved from /opt/airflow/dags/dag_crime_pipeline.py
[2026-05-31T09:48:56.329+0000] {logging_mixin.py:188} INFO - [2026-05-31T09:48:56.329+0000] {dag.py:3036} INFO - Sync 1 DAGs
[2026-05-31T09:48:56.402+0000] {processor.py:183} INFO - Processing /opt/airflow/dags/dag_crime_pipeline.py took 0.257 seconds
[2026-05-31T09:49:26.644+0000] {processor.py:161} INFO - Started process (PID=2916) to work on /opt/airflow/dags/dag_crime_pipeline.py
[2026-05-31T09:49:26.646+0000] {processor.py:830} INFO - Processing file /opt/airflow/dags/dag_crime_pipeline.py for tasks to queue
[2026-05-31T09:49:26.655+0000] {logging_mixin.py:188} INFO - [2026-05-31T09:49:26.655+0000] {dagbag.py:538} INFO - Filling up the DagBag from /opt/airflow/dags/dag_crime_pipeline.py
[2026-05-31T09:49:26.738+0000] {processor.py:840} INFO - DAG(s) 'crime_analytics_pipeline' retrieved from /opt/airflow/dags/dag_crime_pipeline.py
[2026-05-31T09:49:26.817+0000] {logging_mixin.py:188} INFO - [2026-05-31T09:49:26.817+0000] {dag.py:3036} INFO - Sync 1 DAGs
[2026-05-31T09:49:26.914+0000] {processor.py:183} INFO - Processing /opt/airflow/dags/dag_crime_pipeline.py took 0.283 seconds
[2026-05-31T09:49:57.289+0000] {processor.py:161} INFO - Started process (PID=2936) to work on /opt/airflow/dags/dag_crime_pipeline.py
[2026-05-31T09:49:57.297+0000] {processor.py:830} INFO - Processing file /opt/airflow/dags/dag_crime_pipeline.py for tasks to queue
[2026-05-31T09:49:57.304+0000] {logging_mixin.py:188} INFO - [2026-05-31T09:49:57.303+0000] {dagbag.py:538} INFO - Filling up the DagBag from /opt/airflow/dags/dag_crime_pipeline.py
[2026-05-31T09:49:57.361+0000] {processor.py:840} INFO - DAG(s) 'crime_analytics_pipeline' retrieved from /opt/airflow/dags/dag_crime_pipeline.py
[2026-05-31T09:49:57.410+0000] {logging_mixin.py:188} INFO - [2026-05-31T09:49:57.409+0000] {dag.py:3036} INFO - Sync 1 DAGs
[2026-05-31T09:49:57.474+0000] {processor.py:183} INFO - Processing /opt/airflow/dags/dag_crime_pipeline.py took 0.192 seconds
[2026-05-31T09:50:27.700+0000] {processor.py:161} INFO - Started process (PID=2945) to work on /opt/airflow/dags/dag_crime_pipeline.py
[2026-05-31T09:50:27.702+0000] {processor.py:830} INFO - Processing file /opt/airflow/dags/dag_crime_pipeline.py for tasks to queue
[2026-05-31T09:50:27.707+0000] {logging_mixin.py:188} INFO - [2026-05-31T09:50:27.706+0000] {dagbag.py:538} INFO - Filling up the DagBag from /opt/airflow/dags/dag_crime_pipeline.py
[2026-05-31T09:50:27.759+0000] {processor.py:840} INFO - DAG(s) 'crime_analytics_pipeline' retrieved from /opt/airflow/dags/dag_crime_pipeline.py
[2026-05-31T09:50:27.806+0000] {logging_mixin.py:188} INFO - [2026-05-31T09:50:27.805+0000] {dag.py:3036} INFO - Sync 1 DAGs
[2026-05-31T09:50:27.871+0000] {processor.py:183} INFO - Processing /opt/airflow/dags/dag_crime_pipeline.py took 0.177 seconds
[2026-05-31T09:50:58.547+0000] {processor.py:161} INFO - Started process (PID=2950) to work on /opt/airflow/dags/dag_crime_pipeline.py
[2026-05-31T09:50:58.548+0000] {processor.py:830} INFO - Processing file /opt/airflow/dags/dag_crime_pipeline.py for tasks to queue
[2026-05-31T09:50:58.553+0000] {logging_mixin.py:188} INFO - [2026-05-31T09:50:58.552+0000] {dagbag.py:538} INFO - Filling up the DagBag from /opt/airflow/dags/dag_crime_pipeline.py
[2026-05-31T09:50:58.602+0000] {processor.py:840} INFO - DAG(s) 'crime_analytics_pipeline' retrieved from /opt/airflow/dags/dag_crime_pipeline.py
[2026-05-31T09:50:58.639+0000] {logging_mixin.py:188} INFO - [2026-05-31T09:50:58.639+0000] {dag.py:3036} INFO - Sync 1 DAGs
[2026-05-31T09:50:58.704+0000] {logging_mixin.py:188} INFO - [2026-05-31T09:50:58.703+0000] {dag.py:3823} INFO - Setting next_dagrun for crime_analytics_pipeline to 2026-05-30 19:00:00+00:00, run_after=2026-06-06 19:00:00+00:00
[2026-05-31T09:50:58.737+0000] {processor.py:183} INFO - Processing /opt/airflow/dags/dag_crime_pipeline.py took 0.195 seconds
[2026-05-31T09:51:28.850+0000] {processor.py:161} INFO - Started process (PID=2955) to work on /opt/airflow/dags/dag_crime_pipeline.py
[2026-05-31T09:51:28.851+0000] {processor.py:830} INFO - Processing file /opt/airflow/dags/dag_crime_pipeline.py for tasks to queue
[2026-05-31T09:51:28.855+0000] {logging_mixin.py:188} INFO - [2026-05-31T09:51:28.855+0000] {dagbag.py:538} INFO - Filling up the DagBag from /opt/airflow/dags/dag_crime_pipeline.py
[2026-05-31T09:51:28.899+0000] {processor.py:840} INFO - DAG(s) 'crime_analytics_pipeline' retrieved from /opt/airflow/dags/dag_crime_pipeline.py
[2026-05-31T09:51:28.933+0000] {logging_mixin.py:188} INFO - [2026-05-31T09:51:28.933+0000] {dag.py:3036} INFO - Sync 1 DAGs
[2026-05-31T09:51:28.958+0000] {logging_mixin.py:188} INFO - [2026-05-31T09:51:28.958+0000] {dag.py:3823} INFO - Setting next_dagrun for crime_analytics_pipeline to 2026-05-30 19:00:00+00:00, run_after=2026-06-06 19:00:00+00:00
[2026-05-31T09:51:28.998+0000] {processor.py:183} INFO - Processing /opt/airflow/dags/dag_crime_pipeline.py took 0.152 seconds
[2026-05-31T09:51:59.328+0000] {processor.py:161} INFO - Started process (PID=2960) to work on /opt/airflow/dags/dag_crime_pipeline.py
[2026-05-31T09:51:59.331+0000] {processor.py:830} INFO - Processing file /opt/airflow/dags/dag_crime_pipeline.py for tasks to queue
[2026-05-31T09:51:59.336+0000] {logging_mixin.py:188} INFO - [2026-05-31T09:51:59.335+0000] {dagbag.py:538} INFO - Filling up the DagBag from /opt/airflow/dags/dag_crime_pipeline.py
[2026-05-31T09:51:59.392+0000] {processor.py:840} INFO - DAG(s) 'crime_analytics_pipeline' retrieved from /opt/airflow/dags/dag_crime_pipeline.py
[2026-05-31T09:51:59.435+0000] {logging_mixin.py:188} INFO - [2026-05-31T09:51:59.434+0000] {dag.py:3036} INFO - Sync 1 DAGs
[2026-05-31T09:51:59.468+0000] {logging_mixin.py:188} INFO - [2026-05-31T09:51:59.468+0000] {dag.py:3823} INFO - Setting next_dagrun for crime_analytics_pipeline to 2026-05-30 19:00:00+00:00, run_after=2026-06-06 19:00:00+00:00
[2026-05-31T09:51:59.495+0000] {processor.py:183} INFO - Processing /opt/airflow/dags/dag_crime_pipeline.py took 0.172 seconds
[2026-05-31T09:52:29.839+0000] {processor.py:161} INFO - Started process (PID=2965) to work on /opt/airflow/dags/dag_crime_pipeline.py
[2026-05-31T09:52:29.841+0000] {processor.py:830} INFO - Processing file /opt/airflow/dags/dag_crime_pipeline.py for tasks to queue
[2026-05-31T09:52:29.845+0000] {logging_mixin.py:188} INFO - [2026-05-31T09:52:29.844+0000] {dagbag.py:538} INFO - Filling up the DagBag from /opt/airflow/dags/dag_crime_pipeline.py
[2026-05-31T09:52:29.906+0000] {processor.py:840} INFO - DAG(s) 'crime_analytics_pipeline' retrieved from /opt/airflow/dags/dag_crime_pipeline.py
[2026-05-31T09:52:29.955+0000] {logging_mixin.py:188} INFO - [2026-05-31T09:52:29.955+0000] {dag.py:3036} INFO - Sync 1 DAGs
[2026-05-31T09:52:29.990+0000] {logging_mixin.py:188} INFO - [2026-05-31T09:52:29.989+0000] {dag.py:3823} INFO - Setting next_dagrun for crime_analytics_pipeline to 2026-05-30 19:00:00+00:00, run_after=2026-06-06 19:00:00+00:00
[2026-05-31T09:52:30.024+0000] {processor.py:183} INFO - Processing /opt/airflow/dags/dag_crime_pipeline.py took 0.190 seconds
[2026-05-31T09:53:00.431+0000] {processor.py:161} INFO - Started process (PID=2970) to work on /opt/airflow/dags/dag_crime_pipeline.py
[2026-05-31T09:53:00.432+0000] {processor.py:830} INFO - Processing file /opt/airflow/dags/dag_crime_pipeline.py for tasks to queue
[2026-05-31T09:53:00.436+0000] {logging_mixin.py:188} INFO - [2026-05-31T09:53:00.435+0000] {dagbag.py:538} INFO - Filling up the DagBag from /opt/airflow/dags/dag_crime_pipeline.py
[2026-05-31T09:53:00.483+0000] {processor.py:840} INFO - DAG(s) 'crime_analytics_pipeline' retrieved from /opt/airflow/dags/dag_crime_pipeline.py
[2026-05-31T09:53:00.529+0000] {logging_mixin.py:188} INFO - [2026-05-31T09:53:00.529+0000] {dag.py:3036} INFO - Sync 1 DAGs
[2026-05-31T09:53:00.557+0000] {logging_mixin.py:188} INFO - [2026-05-31T09:53:00.556+0000] {dag.py:3823} INFO - Setting next_dagrun for crime_analytics_pipeline to 2026-05-30 19:00:00+00:00, run_after=2026-06-06 19:00:00+00:00
[2026-05-31T09:53:00.582+0000] {processor.py:183} INFO - Processing /opt/airflow/dags/dag_crime_pipeline.py took 0.155 seconds
[2026-05-31T09:53:30.904+0000] {processor.py:161} INFO - Started process (PID=2975) to work on /opt/airflow/dags/dag_crime_pipeline.py
[2026-05-31T09:53:30.906+0000] {processor.py:830} INFO - Processing file /opt/airflow/dags/dag_crime_pipeline.py for tasks to queue
[2026-05-31T09:53:30.910+0000] {logging_mixin.py:188} INFO - [2026-05-31T09:53:30.909+0000] {dagbag.py:538} INFO - Filling up the DagBag from /opt/airflow/dags/dag_crime_pipeline.py
[2026-05-31T09:53:30.976+0000] {processor.py:840} INFO - DAG(s) 'crime_analytics_pipeline' retrieved from /opt/airflow/dags/dag_crime_pipeline.py
[2026-05-31T09:53:31.018+0000] {logging_mixin.py:188} INFO - [2026-05-31T09:53:31.017+0000] {dag.py:3036} INFO - Sync 1 DAGs
[2026-05-31T09:53:31.043+0000] {logging_mixin.py:188} INFO - [2026-05-31T09:53:31.043+0000] {dag.py:3823} INFO - Setting next_dagrun for crime_analytics_pipeline to 2026-05-30 19:00:00+00:00, run_after=2026-06-06 19:00:00+00:00
[2026-05-31T09:53:31.067+0000] {processor.py:183} INFO - Processing /opt/airflow/dags/dag_crime_pipeline.py took 0.169 seconds
[2026-05-31T09:54:01.259+0000] {processor.py:161} INFO - Started process (PID=2980) to work on /opt/airflow/dags/dag_crime_pipeline.py
[2026-05-31T09:54:01.261+0000] {processor.py:830} INFO - Processing file /opt/airflow/dags/dag_crime_pipeline.py for tasks to queue
[2026-05-31T09:54:01.264+0000] {logging_mixin.py:188} INFO - [2026-05-31T09:54:01.264+0000] {dagbag.py:538} INFO - Filling up the DagBag from /opt/airflow/dags/dag_crime_pipeline.py
[2026-05-31T09:54:01.308+0000] {processor.py:840} INFO - DAG(s) 'crime_analytics_pipeline' retrieved from /opt/airflow/dags/dag_crime_pipeline.py
[2026-05-31T09:54:01.342+0000] {logging_mixin.py:188} INFO - [2026-05-31T09:54:01.341+0000] {dag.py:3036} INFO - Sync 1 DAGs
[2026-05-31T09:54:01.366+0000] {logging_mixin.py:188} INFO - [2026-05-31T09:54:01.365+0000] {dag.py:3823} INFO - Setting next_dagrun for crime_analytics_pipeline to 2026-05-30 19:00:00+00:00, run_after=2026-06-06 19:00:00+00:00
[2026-05-31T09:54:01.405+0000] {processor.py:183} INFO - Processing /opt/airflow/dags/dag_crime_pipeline.py took 0.152 seconds
[2026-05-31T09:54:31.981+0000] {processor.py:161} INFO - Started process (PID=2985) to work on /opt/airflow/dags/dag_crime_pipeline.py
[2026-05-31T09:54:31.982+0000] {processor.py:830} INFO - Processing file /opt/airflow/dags/dag_crime_pipeline.py for tasks to queue
[2026-05-31T09:54:31.986+0000] {logging_mixin.py:188} INFO - [2026-05-31T09:54:31.986+0000] {dagbag.py:538} INFO - Filling up the DagBag from /opt/airflow/dags/dag_crime_pipeline.py
[2026-05-31T09:54:32.030+0000] {processor.py:840} INFO - DAG(s) 'crime_analytics_pipeline' retrieved from /opt/airflow/dags/dag_crime_pipeline.py
[2026-05-31T09:54:32.083+0000] {logging_mixin.py:188} INFO - [2026-05-31T09:54:32.082+0000] {dag.py:3036} INFO - Sync 1 DAGs
[2026-05-31T09:54:32.111+0000] {logging_mixin.py:188} INFO - [2026-05-31T09:54:32.110+0000] {dag.py:3823} INFO - Setting next_dagrun for crime_analytics_pipeline to 2026-05-30 19:00:00+00:00, run_after=2026-06-06 19:00:00+00:00
[2026-05-31T09:54:32.137+0000] {processor.py:183} INFO - Processing /opt/airflow/dags/dag_crime_pipeline.py took 0.159 seconds
[2026-05-31T09:55:02.505+0000] {processor.py:161} INFO - Started process (PID=2990) to work on /opt/airflow/dags/dag_crime_pipeline.py
[2026-05-31T09:55:02.507+0000] {processor.py:830} INFO - Processing file /opt/airflow/dags/dag_crime_pipeline.py for tasks to queue
[2026-05-31T09:55:02.512+0000] {logging_mixin.py:188} INFO - [2026-05-31T09:55:02.511+0000] {dagbag.py:538} INFO - Filling up the DagBag from /opt/airflow/dags/dag_crime_pipeline.py
[2026-05-31T09:55:02.559+0000] {processor.py:840} INFO - DAG(s) 'crime_analytics_pipeline' retrieved from /opt/airflow/dags/dag_crime_pipeline.py
[2026-05-31T09:55:02.605+0000] {logging_mixin.py:188} INFO - [2026-05-31T09:55:02.605+0000] {dag.py:3036} INFO - Sync 1 DAGs
[2026-05-31T09:55:02.635+0000] {logging_mixin.py:188} INFO - [2026-05-31T09:55:02.635+0000] {dag.py:3823} INFO - Setting next_dagrun for crime_analytics_pipeline to 2026-05-30 19:00:00+00:00, run_after=2026-06-06 19:00:00+00:00
[2026-05-31T09:55:02.665+0000] {processor.py:183} INFO - Processing /opt/airflow/dags/dag_crime_pipeline.py took 0.165 seconds
[2026-05-31T09:55:33.307+0000] {processor.py:161} INFO - Started process (PID=2995) to work on /opt/airflow/dags/dag_crime_pipeline.py
[2026-05-31T09:55:33.308+0000] {processor.py:830} INFO - Processing file /opt/airflow/dags/dag_crime_pipeline.py for tasks to queue
[2026-05-31T09:55:33.313+0000] {logging_mixin.py:188} INFO - [2026-05-31T09:55:33.312+0000] {dagbag.py:538} INFO - Filling up the DagBag from /opt/airflow/dags/dag_crime_pipeline.py
[2026-05-31T09:55:33.361+0000] {processor.py:840} INFO - DAG(s) 'crime_analytics_pipeline' retrieved from /opt/airflow/dags/dag_crime_pipeline.py
[2026-05-31T09:55:33.427+0000] {logging_mixin.py:188} INFO - [2026-05-31T09:55:33.427+0000] {dag.py:3036} INFO - Sync 1 DAGs
[2026-05-31T09:55:33.499+0000] {logging_mixin.py:188} INFO - [2026-05-31T09:55:33.498+0000] {dag.py:3823} INFO - Setting next_dagrun for crime_analytics_pipeline to 2026-05-30 19:00:00+00:00, run_after=2026-06-06 19:00:00+00:00
[2026-05-31T09:55:33.527+0000] {processor.py:183} INFO - Processing /opt/airflow/dags/dag_crime_pipeline.py took 0.225 seconds
[2026-05-31T09:56:03.904+0000] {processor.py:161} INFO - Started process (PID=3000) to work on /opt/airflow/dags/dag_crime_pipeline.py
[2026-05-31T09:56:03.907+0000] {processor.py:830} INFO - Processing file /opt/airflow/dags/dag_crime_pipeline.py for tasks to queue
[2026-05-31T09:56:03.911+0000] {logging_mixin.py:188} INFO - [2026-05-31T09:56:03.910+0000] {dagbag.py:538} INFO - Filling up the DagBag from /opt/airflow/dags/dag_crime_pipeline.py
[2026-05-31T09:56:03.957+0000] {processor.py:840} INFO - DAG(s) 'crime_analytics_pipeline' retrieved from /opt/airflow/dags/dag_crime_pipeline.py
[2026-05-31T09:56:04.000+0000] {logging_mixin.py:188} INFO - [2026-05-31T09:56:03.999+0000] {dag.py:3036} INFO - Sync 1 DAGs
[2026-05-31T09:56:04.026+0000] {logging_mixin.py:188} INFO - [2026-05-31T09:56:04.026+0000] {dag.py:3823} INFO - Setting next_dagrun for crime_analytics_pipeline to 2026-05-30 19:00:00+00:00, run_after=2026-06-06 19:00:00+00:00
[2026-05-31T09:56:04.085+0000] {processor.py:183} INFO - Processing /opt/airflow/dags/dag_crime_pipeline.py took 0.186 seconds
[2026-05-31T09:56:34.531+0000] {processor.py:161} INFO - Started process (PID=3055) to work on /opt/airflow/dags/dag_crime_pipeline.py
[2026-05-31T09:56:34.533+0000] {processor.py:830} INFO - Processing file /opt/airflow/dags/dag_crime_pipeline.py for tasks to queue
[2026-05-31T09:56:34.541+0000] {logging_mixin.py:188} INFO - [2026-05-31T09:56:34.540+0000] {dagbag.py:538} INFO - Filling up the DagBag from /opt/airflow/dags/dag_crime_pipeline.py
[2026-05-31T09:56:34.591+0000] {processor.py:840} INFO - DAG(s) 'crime_analytics_pipeline' retrieved from /opt/airflow/dags/dag_crime_pipeline.py
[2026-05-31T09:56:34.629+0000] {logging_mixin.py:188} INFO - [2026-05-31T09:56:34.629+0000] {dag.py:3036} INFO - Sync 1 DAGs
[2026-05-31T09:56:34.688+0000] {processor.py:183} INFO - Processing /opt/airflow/dags/dag_crime_pipeline.py took 0.163 seconds
[2026-05-31T09:57:05.217+0000] {processor.py:161} INFO - Started process (PID=3060) to work on /opt/airflow/dags/dag_crime_pipeline.py
[2026-05-31T09:57:05.218+0000] {processor.py:830} INFO - Processing file /opt/airflow/dags/dag_crime_pipeline.py for tasks to queue
[2026-05-31T09:57:05.222+0000] {logging_mixin.py:188} INFO - [2026-05-31T09:57:05.222+0000] {dagbag.py:538} INFO - Filling up the DagBag from /opt/airflow/dags/dag_crime_pipeline.py
[2026-05-31T09:57:05.267+0000] {processor.py:840} INFO - DAG(s) 'crime_analytics_pipeline' retrieved from /opt/airflow/dags/dag_crime_pipeline.py
[2026-05-31T09:57:05.302+0000] {logging_mixin.py:188} INFO - [2026-05-31T09:57:05.302+0000] {dag.py:3036} INFO - Sync 1 DAGs
[2026-05-31T09:57:05.346+0000] {processor.py:183} INFO - Processing /opt/airflow/dags/dag_crime_pipeline.py took 0.133 seconds
[2026-05-31T09:57:35.954+0000] {processor.py:161} INFO - Started process (PID=3065) to work on /opt/airflow/dags/dag_crime_pipeline.py
[2026-05-31T09:57:35.956+0000] {processor.py:830} INFO - Processing file /opt/airflow/dags/dag_crime_pipeline.py for tasks to queue
[2026-05-31T09:57:35.959+0000] {logging_mixin.py:188} INFO - [2026-05-31T09:57:35.959+0000] {dagbag.py:538} INFO - Filling up the DagBag from /opt/airflow/dags/dag_crime_pipeline.py
[2026-05-31T09:57:36.007+0000] {processor.py:840} INFO - DAG(s) 'crime_analytics_pipeline' retrieved from /opt/airflow/dags/dag_crime_pipeline.py
[2026-05-31T09:57:36.067+0000] {logging_mixin.py:188} INFO - [2026-05-31T09:57:36.066+0000] {dag.py:3036} INFO - Sync 1 DAGs
[2026-05-31T09:57:36.128+0000] {processor.py:183} INFO - Processing /opt/airflow/dags/dag_crime_pipeline.py took 0.179 seconds
[2026-05-31T09:58:06.566+0000] {processor.py:161} INFO - Started process (PID=3119) to work on /opt/airflow/dags/dag_crime_pipeline.py
[2026-05-31T09:58:06.570+0000] {processor.py:830} INFO - Processing file /opt/airflow/dags/dag_crime_pipeline.py for tasks to queue
[2026-05-31T09:58:06.580+0000] {logging_mixin.py:188} INFO - [2026-05-31T09:58:06.576+0000] {dagbag.py:538} INFO - Filling up the DagBag from /opt/airflow/dags/dag_crime_pipeline.py
[2026-05-31T09:58:06.668+0000] {processor.py:840} INFO - DAG(s) 'crime_analytics_pipeline' retrieved from /opt/airflow/dags/dag_crime_pipeline.py
[2026-05-31T09:58:06.724+0000] {logging_mixin.py:188} INFO - [2026-05-31T09:58:06.723+0000] {dag.py:3036} INFO - Sync 1 DAGs
[2026-05-31T09:58:06.804+0000] {processor.py:183} INFO - Processing /opt/airflow/dags/dag_crime_pipeline.py took 0.249 seconds
[2026-05-31T09:58:37.439+0000] {processor.py:161} INFO - Started process (PID=3125) to work on /opt/airflow/dags/dag_crime_pipeline.py
[2026-05-31T09:58:37.441+0000] {processor.py:830} INFO - Processing file /opt/airflow/dags/dag_crime_pipeline.py for tasks to queue
[2026-05-31T09:58:37.447+0000] {logging_mixin.py:188} INFO - [2026-05-31T09:58:37.446+0000] {dagbag.py:538} INFO - Filling up the DagBag from /opt/airflow/dags/dag_crime_pipeline.py
[2026-05-31T09:58:37.496+0000] {processor.py:840} INFO - DAG(s) 'crime_analytics_pipeline' retrieved from /opt/airflow/dags/dag_crime_pipeline.py
[2026-05-31T09:58:37.533+0000] {logging_mixin.py:188} INFO - [2026-05-31T09:58:37.533+0000] {dag.py:3036} INFO - Sync 1 DAGs
[2026-05-31T09:58:39.168+0000] {processor.py:183} INFO - Processing /opt/airflow/dags/dag_crime_pipeline.py took 2.535 seconds
[2026-05-31T09:59:09.452+0000] {processor.py:161} INFO - Started process (PID=3130) to work on /opt/airflow/dags/dag_crime_pipeline.py
[2026-05-31T09:59:09.454+0000] {processor.py:830} INFO - Processing file /opt/airflow/dags/dag_crime_pipeline.py for tasks to queue
[2026-05-31T09:59:09.460+0000] {logging_mixin.py:188} INFO - [2026-05-31T09:59:09.459+0000] {dagbag.py:538} INFO - Filling up the DagBag from /opt/airflow/dags/dag_crime_pipeline.py
[2026-05-31T09:59:09.511+0000] {processor.py:840} INFO - DAG(s) 'crime_analytics_pipeline' retrieved from /opt/airflow/dags/dag_crime_pipeline.py
[2026-05-31T09:59:09.554+0000] {logging_mixin.py:188} INFO - [2026-05-31T09:59:09.553+0000] {dag.py:3036} INFO - Sync 1 DAGs
[2026-05-31T09:59:09.603+0000] {processor.py:183} INFO - Processing /opt/airflow/dags/dag_crime_pipeline.py took 0.158 seconds
[2026-05-31T09:59:40.324+0000] {processor.py:161} INFO - Started process (PID=3135) to work on /opt/airflow/dags/dag_crime_pipeline.py
[2026-05-31T09:59:40.326+0000] {processor.py:830} INFO - Processing file /opt/airflow/dags/dag_crime_pipeline.py for tasks to queue
[2026-05-31T09:59:40.330+0000] {logging_mixin.py:188} INFO - [2026-05-31T09:59:40.329+0000] {dagbag.py:538} INFO - Filling up the DagBag from /opt/airflow/dags/dag_crime_pipeline.py
[2026-05-31T09:59:40.375+0000] {processor.py:840} INFO - DAG(s) 'crime_analytics_pipeline' retrieved from /opt/airflow/dags/dag_crime_pipeline.py
[2026-05-31T09:59:40.417+0000] {logging_mixin.py:188} INFO - [2026-05-31T09:59:40.416+0000] {dag.py:3036} INFO - Sync 1 DAGs
[2026-05-31T09:59:40.465+0000] {processor.py:183} INFO - Processing /opt/airflow/dags/dag_crime_pipeline.py took 0.147 seconds
[2026-05-31T10:00:11.149+0000] {processor.py:161} INFO - Started process (PID=3140) to work on /opt/airflow/dags/dag_crime_pipeline.py
[2026-05-31T10:00:11.151+0000] {processor.py:830} INFO - Processing file /opt/airflow/dags/dag_crime_pipeline.py for tasks to queue
[2026-05-31T10:00:11.154+0000] {logging_mixin.py:188} INFO - [2026-05-31T10:00:11.153+0000] {dagbag.py:538} INFO - Filling up the DagBag from /opt/airflow/dags/dag_crime_pipeline.py
[2026-05-31T10:00:11.202+0000] {processor.py:840} INFO - DAG(s) 'crime_analytics_pipeline' retrieved from /opt/airflow/dags/dag_crime_pipeline.py
[2026-05-31T10:00:11.243+0000] {logging_mixin.py:188} INFO - [2026-05-31T10:00:11.242+0000] {dag.py:3036} INFO - Sync 1 DAGs
[2026-05-31T10:00:11.646+0000] {processor.py:183} INFO - Processing /opt/airflow/dags/dag_crime_pipeline.py took 0.501 seconds
[2026-05-31T10:00:41.783+0000] {processor.py:161} INFO - Started process (PID=3195) to work on /opt/airflow/dags/dag_crime_pipeline.py
[2026-05-31T10:00:41.785+0000] {processor.py:830} INFO - Processing file /opt/airflow/dags/dag_crime_pipeline.py for tasks to queue
[2026-05-31T10:00:41.791+0000] {logging_mixin.py:188} INFO - [2026-05-31T10:00:41.790+0000] {dagbag.py:538} INFO - Filling up the DagBag from /opt/airflow/dags/dag_crime_pipeline.py
[2026-05-31T10:00:41.847+0000] {processor.py:840} INFO - DAG(s) 'crime_analytics_pipeline' retrieved from /opt/airflow/dags/dag_crime_pipeline.py
[2026-05-31T10:00:41.909+0000] {logging_mixin.py:188} INFO - [2026-05-31T10:00:41.908+0000] {dag.py:3036} INFO - Sync 1 DAGs
[2026-05-31T10:00:41.990+0000] {processor.py:183} INFO - Processing /opt/airflow/dags/dag_crime_pipeline.py took 0.213 seconds
[2026-05-31T10:01:12.075+0000] {processor.py:161} INFO - Started process (PID=3200) to work on /opt/airflow/dags/dag_crime_pipeline.py
[2026-05-31T10:01:12.078+0000] {processor.py:830} INFO - Processing file /opt/airflow/dags/dag_crime_pipeline.py for tasks to queue
[2026-05-31T10:01:12.087+0000] {logging_mixin.py:188} INFO - [2026-05-31T10:01:12.085+0000] {dagbag.py:538} INFO - Filling up the DagBag from /opt/airflow/dags/dag_crime_pipeline.py
[2026-05-31T10:01:12.198+0000] {processor.py:840} INFO - DAG(s) 'crime_analytics_pipeline' retrieved from /opt/airflow/dags/dag_crime_pipeline.py
[2026-05-31T10:01:12.251+0000] {logging_mixin.py:188} INFO - [2026-05-31T10:01:12.250+0000] {dag.py:3036} INFO - Sync 1 DAGs
[2026-05-31T10:01:12.581+0000] {processor.py:183} INFO - Processing /opt/airflow/dags/dag_crime_pipeline.py took 0.513 seconds
[2026-05-31T10:01:42.742+0000] {processor.py:161} INFO - Started process (PID=3205) to work on /opt/airflow/dags/dag_crime_pipeline.py
[2026-05-31T10:01:42.743+0000] {processor.py:830} INFO - Processing file /opt/airflow/dags/dag_crime_pipeline.py for tasks to queue
[2026-05-31T10:01:42.747+0000] {logging_mixin.py:188} INFO - [2026-05-31T10:01:42.746+0000] {dagbag.py:538} INFO - Filling up the DagBag from /opt/airflow/dags/dag_crime_pipeline.py
[2026-05-31T10:01:42.793+0000] {processor.py:840} INFO - DAG(s) 'crime_analytics_pipeline' retrieved from /opt/airflow/dags/dag_crime_pipeline.py
[2026-05-31T10:01:42.829+0000] {logging_mixin.py:188} INFO - [2026-05-31T10:01:42.828+0000] {dag.py:3036} INFO - Sync 1 DAGs
[2026-05-31T10:01:43.154+0000] {processor.py:183} INFO - Processing /opt/airflow/dags/dag_crime_pipeline.py took 0.418 seconds
[2026-05-31T10:02:13.266+0000] {processor.py:161} INFO - Started process (PID=3216) to work on /opt/airflow/dags/dag_crime_pipeline.py
[2026-05-31T10:02:13.267+0000] {processor.py:830} INFO - Processing file /opt/airflow/dags/dag_crime_pipeline.py for tasks to queue
[2026-05-31T10:02:13.271+0000] {logging_mixin.py:188} INFO - [2026-05-31T10:02:13.270+0000] {dagbag.py:538} INFO - Filling up the DagBag from /opt/airflow/dags/dag_crime_pipeline.py
[2026-05-31T10:02:13.583+0000] {processor.py:840} INFO - DAG(s) 'crime_analytics_pipeline' retrieved from /opt/airflow/dags/dag_crime_pipeline.py
[2026-05-31T10:02:13.617+0000] {logging_mixin.py:188} INFO - [2026-05-31T10:02:13.617+0000] {dag.py:3036} INFO - Sync 1 DAGs
[2026-05-31T10:02:13.652+0000] {processor.py:183} INFO - Processing /opt/airflow/dags/dag_crime_pipeline.py took 0.391 seconds
[2026-05-31T10:02:43.875+0000] {processor.py:161} INFO - Started process (PID=3271) to work on /opt/airflow/dags/dag_crime_pipeline.py
[2026-05-31T10:02:43.877+0000] {processor.py:830} INFO - Processing file /opt/airflow/dags/dag_crime_pipeline.py for tasks to queue
[2026-05-31T10:02:43.882+0000] {logging_mixin.py:188} INFO - [2026-05-31T10:02:43.881+0000] {dagbag.py:538} INFO - Filling up the DagBag from /opt/airflow/dags/dag_crime_pipeline.py
[2026-05-31T10:02:43.931+0000] {processor.py:840} INFO - DAG(s) 'crime_analytics_pipeline' retrieved from /opt/airflow/dags/dag_crime_pipeline.py
[2026-05-31T10:02:43.975+0000] {logging_mixin.py:188} INFO - [2026-05-31T10:02:43.974+0000] {dag.py:3036} INFO - Sync 1 DAGs
[2026-05-31T10:02:44.383+0000] {processor.py:183} INFO - Processing /opt/airflow/dags/dag_crime_pipeline.py took 0.514 seconds
[2026-05-31T10:03:14.867+0000] {processor.py:161} INFO - Started process (PID=3282) to work on /opt/airflow/dags/dag_crime_pipeline.py
[2026-05-31T10:03:14.868+0000] {processor.py:830} INFO - Processing file /opt/airflow/dags/dag_crime_pipeline.py for tasks to queue
[2026-05-31T10:03:14.871+0000] {logging_mixin.py:188} INFO - [2026-05-31T10:03:14.871+0000] {dagbag.py:538} INFO - Filling up the DagBag from /opt/airflow/dags/dag_crime_pipeline.py
[2026-05-31T10:03:14.913+0000] {processor.py:840} INFO - DAG(s) 'crime_analytics_pipeline' retrieved from /opt/airflow/dags/dag_crime_pipeline.py
[2026-05-31T10:03:14.947+0000] {logging_mixin.py:188} INFO - [2026-05-31T10:03:14.947+0000] {dag.py:3036} INFO - Sync 1 DAGs
[2026-05-31T10:03:15.008+0000] {processor.py:183} INFO - Processing /opt/airflow/dags/dag_crime_pipeline.py took 0.146 seconds
[2026-05-31T10:03:45.093+0000] {processor.py:161} INFO - Started process (PID=3287) to work on /opt/airflow/dags/dag_crime_pipeline.py
[2026-05-31T10:03:45.095+0000] {processor.py:830} INFO - Processing file /opt/airflow/dags/dag_crime_pipeline.py for tasks to queue
[2026-05-31T10:03:45.098+0000] {logging_mixin.py:188} INFO - [2026-05-31T10:03:45.097+0000] {dagbag.py:538} INFO - Filling up the DagBag from /opt/airflow/dags/dag_crime_pipeline.py
[2026-05-31T10:03:45.140+0000] {processor.py:840} INFO - DAG(s) 'crime_analytics_pipeline' retrieved from /opt/airflow/dags/dag_crime_pipeline.py
[2026-05-31T10:03:45.177+0000] {logging_mixin.py:188} INFO - [2026-05-31T10:03:45.176+0000] {dag.py:3036} INFO - Sync 1 DAGs
[2026-05-31T10:03:45.215+0000] {processor.py:183} INFO - Processing /opt/airflow/dags/dag_crime_pipeline.py took 0.126 seconds
[2026-05-31T10:04:15.488+0000] {processor.py:161} INFO - Started process (PID=3292) to work on /opt/airflow/dags/dag_crime_pipeline.py
[2026-05-31T10:04:15.490+0000] {processor.py:830} INFO - Processing file /opt/airflow/dags/dag_crime_pipeline.py for tasks to queue
[2026-05-31T10:04:15.493+0000] {logging_mixin.py:188} INFO - [2026-05-31T10:04:15.492+0000] {dagbag.py:538} INFO - Filling up the DagBag from /opt/airflow/dags/dag_crime_pipeline.py
[2026-05-31T10:04:15.537+0000] {processor.py:840} INFO - DAG(s) 'crime_analytics_pipeline' retrieved from /opt/airflow/dags/dag_crime_pipeline.py
[2026-05-31T10:04:15.573+0000] {logging_mixin.py:188} INFO - [2026-05-31T10:04:15.573+0000] {dag.py:3036} INFO - Sync 1 DAGs
[2026-05-31T10:04:15.621+0000] {processor.py:183} INFO - Processing /opt/airflow/dags/dag_crime_pipeline.py took 0.137 seconds
[2026-05-31T10:04:45.742+0000] {processor.py:161} INFO - Started process (PID=3297) to work on /opt/airflow/dags/dag_crime_pipeline.py
[2026-05-31T10:04:45.744+0000] {processor.py:830} INFO - Processing file /opt/airflow/dags/dag_crime_pipeline.py for tasks to queue
[2026-05-31T10:04:45.747+0000] {logging_mixin.py:188} INFO - [2026-05-31T10:04:45.746+0000] {dagbag.py:538} INFO - Filling up the DagBag from /opt/airflow/dags/dag_crime_pipeline.py
[2026-05-31T10:04:45.797+0000] {processor.py:840} INFO - DAG(s) 'crime_analytics_pipeline' retrieved from /opt/airflow/dags/dag_crime_pipeline.py
[2026-05-31T10:04:45.844+0000] {logging_mixin.py:188} INFO - [2026-05-31T10:04:45.844+0000] {dag.py:3036} INFO - Sync 1 DAGs
[2026-05-31T10:04:45.926+0000] {processor.py:183} INFO - Processing /opt/airflow/dags/dag_crime_pipeline.py took 0.189 seconds
[2026-05-31T10:05:16.095+0000] {processor.py:161} INFO - Started process (PID=3302) to work on /opt/airflow/dags/dag_crime_pipeline.py
[2026-05-31T10:05:16.097+0000] {processor.py:830} INFO - Processing file /opt/airflow/dags/dag_crime_pipeline.py for tasks to queue
[2026-05-31T10:05:16.099+0000] {logging_mixin.py:188} INFO - [2026-05-31T10:05:16.099+0000] {dagbag.py:538} INFO - Filling up the DagBag from /opt/airflow/dags/dag_crime_pipeline.py
[2026-05-31T10:05:16.143+0000] {processor.py:840} INFO - DAG(s) 'crime_analytics_pipeline' retrieved from /opt/airflow/dags/dag_crime_pipeline.py
[2026-05-31T10:05:16.185+0000] {logging_mixin.py:188} INFO - [2026-05-31T10:05:16.184+0000] {dag.py:3036} INFO - Sync 1 DAGs
[2026-05-31T10:05:16.249+0000] {processor.py:183} INFO - Processing /opt/airflow/dags/dag_crime_pipeline.py took 0.159 seconds
[2026-05-31T10:05:46.384+0000] {processor.py:161} INFO - Started process (PID=3307) to work on /opt/airflow/dags/dag_crime_pipeline.py
[2026-05-31T10:05:46.386+0000] {processor.py:830} INFO - Processing file /opt/airflow/dags/dag_crime_pipeline.py for tasks to queue
[2026-05-31T10:05:46.389+0000] {logging_mixin.py:188} INFO - [2026-05-31T10:05:46.388+0000] {dagbag.py:538} INFO - Filling up the DagBag from /opt/airflow/dags/dag_crime_pipeline.py
[2026-05-31T10:05:46.432+0000] {processor.py:840} INFO - DAG(s) 'crime_analytics_pipeline' retrieved from /opt/airflow/dags/dag_crime_pipeline.py
[2026-05-31T10:05:46.466+0000] {logging_mixin.py:188} INFO - [2026-05-31T10:05:46.466+0000] {dag.py:3036} INFO - Sync 1 DAGs
[2026-05-31T10:05:46.516+0000] {processor.py:183} INFO - Processing /opt/airflow/dags/dag_crime_pipeline.py took 0.138 seconds
[2026-05-31T10:06:16.701+0000] {processor.py:161} INFO - Started process (PID=3312) to work on /opt/airflow/dags/dag_crime_pipeline.py
[2026-05-31T10:06:16.703+0000] {processor.py:830} INFO - Processing file /opt/airflow/dags/dag_crime_pipeline.py for tasks to queue
[2026-05-31T10:06:16.706+0000] {logging_mixin.py:188} INFO - [2026-05-31T10:06:16.705+0000] {dagbag.py:538} INFO - Filling up the DagBag from /opt/airflow/dags/dag_crime_pipeline.py
[2026-05-31T10:06:16.747+0000] {processor.py:840} INFO - DAG(s) 'crime_analytics_pipeline' retrieved from /opt/airflow/dags/dag_crime_pipeline.py
[2026-05-31T10:06:16.784+0000] {logging_mixin.py:188} INFO - [2026-05-31T10:06:16.783+0000] {dag.py:3036} INFO - Sync 1 DAGs
[2026-05-31T10:06:16.831+0000] {processor.py:183} INFO - Processing /opt/airflow/dags/dag_crime_pipeline.py took 0.134 seconds
[2026-05-31T10:06:47.054+0000] {processor.py:161} INFO - Started process (PID=3317) to work on /opt/airflow/dags/dag_crime_pipeline.py
[2026-05-31T10:06:47.056+0000] {processor.py:830} INFO - Processing file /opt/airflow/dags/dag_crime_pipeline.py for tasks to queue
[2026-05-31T10:06:47.059+0000] {logging_mixin.py:188} INFO - [2026-05-31T10:06:47.058+0000] {dagbag.py:538} INFO - Filling up the DagBag from /opt/airflow/dags/dag_crime_pipeline.py
[2026-05-31T10:06:47.100+0000] {processor.py:840} INFO - DAG(s) 'crime_analytics_pipeline' retrieved from /opt/airflow/dags/dag_crime_pipeline.py
[2026-05-31T10:06:47.130+0000] {logging_mixin.py:188} INFO - [2026-05-31T10:06:47.130+0000] {dag.py:3036} INFO - Sync 1 DAGs
[2026-05-31T10:06:47.170+0000] {processor.py:183} INFO - Processing /opt/airflow/dags/dag_crime_pipeline.py took 0.120 seconds
[2026-05-31T10:07:17.388+0000] {processor.py:161} INFO - Started process (PID=3322) to work on /opt/airflow/dags/dag_crime_pipeline.py
[2026-05-31T10:07:17.389+0000] {processor.py:830} INFO - Processing file /opt/airflow/dags/dag_crime_pipeline.py for tasks to queue
[2026-05-31T10:07:17.393+0000] {logging_mixin.py:188} INFO - [2026-05-31T10:07:17.392+0000] {dagbag.py:538} INFO - Filling up the DagBag from /opt/airflow/dags/dag_crime_pipeline.py
[2026-05-31T10:07:17.438+0000] {processor.py:840} INFO - DAG(s) 'crime_analytics_pipeline' retrieved from /opt/airflow/dags/dag_crime_pipeline.py
[2026-05-31T10:07:17.479+0000] {logging_mixin.py:188} INFO - [2026-05-31T10:07:17.478+0000] {dag.py:3036} INFO - Sync 1 DAGs
[2026-05-31T10:07:17.542+0000] {processor.py:183} INFO - Processing /opt/airflow/dags/dag_crime_pipeline.py took 0.161 seconds
[2026-05-31T10:07:47.654+0000] {processor.py:161} INFO - Started process (PID=3327) to work on /opt/airflow/dags/dag_crime_pipeline.py
[2026-05-31T10:07:47.656+0000] {processor.py:830} INFO - Processing file /opt/airflow/dags/dag_crime_pipeline.py for tasks to queue
[2026-05-31T10:07:47.660+0000] {logging_mixin.py:188} INFO - [2026-05-31T10:07:47.659+0000] {dagbag.py:538} INFO - Filling up the DagBag from /opt/airflow/dags/dag_crime_pipeline.py
[2026-05-31T10:07:47.701+0000] {processor.py:840} INFO - DAG(s) 'crime_analytics_pipeline' retrieved from /opt/airflow/dags/dag_crime_pipeline.py
[2026-05-31T10:07:47.739+0000] {logging_mixin.py:188} INFO - [2026-05-31T10:07:47.738+0000] {dag.py:3036} INFO - Sync 1 DAGs
[2026-05-31T10:07:47.779+0000] {processor.py:183} INFO - Processing /opt/airflow/dags/dag_crime_pipeline.py took 0.129 seconds
[2026-05-31T10:08:18.027+0000] {processor.py:161} INFO - Started process (PID=3332) to work on /opt/airflow/dags/dag_crime_pipeline.py
[2026-05-31T10:08:18.029+0000] {processor.py:830} INFO - Processing file /opt/airflow/dags/dag_crime_pipeline.py for tasks to queue
[2026-05-31T10:08:18.033+0000] {logging_mixin.py:188} INFO - [2026-05-31T10:08:18.032+0000] {dagbag.py:538} INFO - Filling up the DagBag from /opt/airflow/dags/dag_crime_pipeline.py
[2026-05-31T10:08:18.134+0000] {processor.py:840} INFO - DAG(s) 'crime_analytics_pipeline' retrieved from /opt/airflow/dags/dag_crime_pipeline.py
[2026-05-31T10:08:18.173+0000] {logging_mixin.py:188} INFO - [2026-05-31T10:08:18.172+0000] {dag.py:3036} INFO - Sync 1 DAGs
[2026-05-31T10:08:18.243+0000] {processor.py:183} INFO - Processing /opt/airflow/dags/dag_crime_pipeline.py took 0.220 seconds
[2026-05-31T10:08:48.532+0000] {processor.py:161} INFO - Started process (PID=3387) to work on /opt/airflow/dags/dag_crime_pipeline.py
[2026-05-31T10:08:48.534+0000] {processor.py:830} INFO - Processing file /opt/airflow/dags/dag_crime_pipeline.py for tasks to queue
[2026-05-31T10:08:48.537+0000] {logging_mixin.py:188} INFO - [2026-05-31T10:08:48.537+0000] {dagbag.py:538} INFO - Filling up the DagBag from /opt/airflow/dags/dag_crime_pipeline.py
[2026-05-31T10:08:48.578+0000] {processor.py:840} INFO - DAG(s) 'crime_analytics_pipeline' retrieved from /opt/airflow/dags/dag_crime_pipeline.py
[2026-05-31T10:08:48.619+0000] {logging_mixin.py:188} INFO - [2026-05-31T10:08:48.618+0000] {dag.py:3036} INFO - Sync 1 DAGs
[2026-05-31T10:08:48.684+0000] {processor.py:183} INFO - Processing /opt/airflow/dags/dag_crime_pipeline.py took 0.156 seconds
[2026-05-31T10:09:17.836+0000] {processor.py:161} INFO - Started process (PID=3392) to work on /opt/airflow/dags/dag_crime_pipeline.py
[2026-05-31T10:09:17.838+0000] {processor.py:830} INFO - Processing file /opt/airflow/dags/dag_crime_pipeline.py for tasks to queue
[2026-05-31T10:09:17.840+0000] {logging_mixin.py:188} INFO - [2026-05-31T10:09:17.840+0000] {dagbag.py:538} INFO - Filling up the DagBag from /opt/airflow/dags/dag_crime_pipeline.py
[2026-05-31T10:09:17.896+0000] {processor.py:840} INFO - DAG(s) 'crime_analytics_pipeline' retrieved from /opt/airflow/dags/dag_crime_pipeline.py
[2026-05-31T10:09:17.935+0000] {logging_mixin.py:188} INFO - [2026-05-31T10:09:17.934+0000] {dag.py:3036} INFO - Sync 1 DAGs
[2026-05-31T10:09:18.024+0000] {processor.py:183} INFO - Processing /opt/airflow/dags/dag_crime_pipeline.py took 0.193 seconds
[2026-05-31T10:09:48.243+0000] {processor.py:161} INFO - Started process (PID=3447) to work on /opt/airflow/dags/dag_crime_pipeline.py
[2026-05-31T10:09:48.245+0000] {processor.py:830} INFO - Processing file /opt/airflow/dags/dag_crime_pipeline.py for tasks to queue
[2026-05-31T10:09:48.249+0000] {logging_mixin.py:188} INFO - [2026-05-31T10:09:48.248+0000] {dagbag.py:538} INFO - Filling up the DagBag from /opt/airflow/dags/dag_crime_pipeline.py
[2026-05-31T10:09:48.294+0000] {processor.py:840} INFO - DAG(s) 'crime_analytics_pipeline' retrieved from /opt/airflow/dags/dag_crime_pipeline.py
[2026-05-31T10:09:48.328+0000] {logging_mixin.py:188} INFO - [2026-05-31T10:09:48.327+0000] {dag.py:3036} INFO - Sync 1 DAGs
[2026-05-31T10:09:48.371+0000] {processor.py:183} INFO - Processing /opt/airflow/dags/dag_crime_pipeline.py took 0.135 seconds
[2026-05-31T10:10:18.486+0000] {processor.py:161} INFO - Started process (PID=3452) to work on /opt/airflow/dags/dag_crime_pipeline.py
[2026-05-31T10:10:18.488+0000] {processor.py:830} INFO - Processing file /opt/airflow/dags/dag_crime_pipeline.py for tasks to queue
[2026-05-31T10:10:18.491+0000] {logging_mixin.py:188} INFO - [2026-05-31T10:10:18.490+0000] {dagbag.py:538} INFO - Filling up the DagBag from /opt/airflow/dags/dag_crime_pipeline.py
[2026-05-31T10:10:18.552+0000] {processor.py:840} INFO - DAG(s) 'crime_analytics_pipeline' retrieved from /opt/airflow/dags/dag_crime_pipeline.py
[2026-05-31T10:10:18.589+0000] {logging_mixin.py:188} INFO - [2026-05-31T10:10:18.589+0000] {dag.py:3036} INFO - Sync 1 DAGs
[2026-05-31T10:10:18.655+0000] {processor.py:183} INFO - Processing /opt/airflow/dags/dag_crime_pipeline.py took 0.174 seconds
[2026-05-31T10:10:48.862+0000] {processor.py:161} INFO - Started process (PID=3457) to work on /opt/airflow/dags/dag_crime_pipeline.py
[2026-05-31T10:10:48.865+0000] {processor.py:830} INFO - Processing file /opt/airflow/dags/dag_crime_pipeline.py for tasks to queue
[2026-05-31T10:10:48.868+0000] {logging_mixin.py:188} INFO - [2026-05-31T10:10:48.868+0000] {dagbag.py:538} INFO - Filling up the DagBag from /opt/airflow/dags/dag_crime_pipeline.py
[2026-05-31T10:10:48.922+0000] {processor.py:840} INFO - DAG(s) 'crime_analytics_pipeline' retrieved from /opt/airflow/dags/dag_crime_pipeline.py
[2026-05-31T10:10:48.967+0000] {logging_mixin.py:188} INFO - [2026-05-31T10:10:48.967+0000] {dag.py:3036} INFO - Sync 1 DAGs
[2026-05-31T10:10:49.024+0000] {processor.py:183} INFO - Processing /opt/airflow/dags/dag_crime_pipeline.py took 0.168 seconds
[2026-05-31T10:11:19.210+0000] {processor.py:161} INFO - Started process (PID=3462) to work on /opt/airflow/dags/dag_crime_pipeline.py
[2026-05-31T10:11:19.212+0000] {processor.py:830} INFO - Processing file /opt/airflow/dags/dag_crime_pipeline.py for tasks to queue
[2026-05-31T10:11:19.216+0000] {logging_mixin.py:188} INFO - [2026-05-31T10:11:19.215+0000] {dagbag.py:538} INFO - Filling up the DagBag from /opt/airflow/dags/dag_crime_pipeline.py
[2026-05-31T10:11:19.273+0000] {processor.py:840} INFO - DAG(s) 'crime_analytics_pipeline' retrieved from /opt/airflow/dags/dag_crime_pipeline.py
[2026-05-31T10:11:19.320+0000] {logging_mixin.py:188} INFO - [2026-05-31T10:11:19.319+0000] {dag.py:3036} INFO - Sync 1 DAGs
[2026-05-31T10:11:19.395+0000] {processor.py:183} INFO - Processing /opt/airflow/dags/dag_crime_pipeline.py took 0.193 seconds
[2026-05-31T10:11:49.556+0000] {processor.py:161} INFO - Started process (PID=3467) to work on /opt/airflow/dags/dag_crime_pipeline.py
[2026-05-31T10:11:49.559+0000] {processor.py:830} INFO - Processing file /opt/airflow/dags/dag_crime_pipeline.py for tasks to queue
[2026-05-31T10:11:49.566+0000] {logging_mixin.py:188} INFO - [2026-05-31T10:11:49.565+0000] {dagbag.py:538} INFO - Filling up the DagBag from /opt/airflow/dags/dag_crime_pipeline.py
[2026-05-31T10:11:49.709+0000] {processor.py:840} INFO - DAG(s) 'crime_analytics_pipeline' retrieved from /opt/airflow/dags/dag_crime_pipeline.py
[2026-05-31T10:11:49.793+0000] {logging_mixin.py:188} INFO - [2026-05-31T10:11:49.793+0000] {dag.py:3036} INFO - Sync 1 DAGs
[2026-05-31T10:11:49.914+0000] {processor.py:183} INFO - Processing /opt/airflow/dags/dag_crime_pipeline.py took 0.370 seconds
[2026-05-31T10:12:20.056+0000] {processor.py:161} INFO - Started process (PID=3472) to work on /opt/airflow/dags/dag_crime_pipeline.py
[2026-05-31T10:12:20.060+0000] {processor.py:830} INFO - Processing file /opt/airflow/dags/dag_crime_pipeline.py for tasks to queue
[2026-05-31T10:12:20.076+0000] {logging_mixin.py:188} INFO - [2026-05-31T10:12:20.072+0000] {dagbag.py:538} INFO - Filling up the DagBag from /opt/airflow/dags/dag_crime_pipeline.py
[2026-05-31T10:12:20.271+0000] {processor.py:840} INFO - DAG(s) 'crime_analytics_pipeline' retrieved from /opt/airflow/dags/dag_crime_pipeline.py
[2026-05-31T10:12:20.430+0000] {logging_mixin.py:188} INFO - [2026-05-31T10:12:20.430+0000] {dag.py:3036} INFO - Sync 1 DAGs
[2026-05-31T10:12:20.552+0000] {processor.py:183} INFO - Processing /opt/airflow/dags/dag_crime_pipeline.py took 0.519 seconds
[2026-05-31T10:12:49.422+0000] {processor.py:161} INFO - Started process (PID=3477) to work on /opt/airflow/dags/dag_crime_pipeline.py
[2026-05-31T10:12:49.425+0000] {processor.py:830} INFO - Processing file /opt/airflow/dags/dag_crime_pipeline.py for tasks to queue
[2026-05-31T10:12:49.429+0000] {logging_mixin.py:188} INFO - [2026-05-31T10:12:49.429+0000] {dagbag.py:538} INFO - Filling up the DagBag from /opt/airflow/dags/dag_crime_pipeline.py
[2026-05-31T10:12:49.501+0000] {processor.py:840} INFO - DAG(s) 'crime_analytics_pipeline' retrieved from /opt/airflow/dags/dag_crime_pipeline.py
[2026-05-31T10:12:49.588+0000] {logging_mixin.py:188} INFO - [2026-05-31T10:12:49.587+0000] {taskinstance.py:2700} ERROR - {'DAG Id': 'crime_analytics_pipeline', 'Task Id': 'ml_train_and_predict', 'Run Id': 'manual__2026-05-31T09:04:32.281251+00:00', 'Hostname': 'db8b8170dea9'}
[2026-05-31T10:12:49.649+0000] {logging_mixin.py:188} INFO - [2026-05-31T10:12:49.649+0000] {taskinstance.py:1138} INFO - Marking task as UP_FOR_RETRY. dag_id=crime_analytics_pipeline, task_id=ml_train_and_predict, execution_date=20260531T090432, start_date=20260531T100928, end_date=20260531T101249
[2026-05-31T10:12:49.686+0000] {processor.py:791} INFO - Executed failure callback for <TaskInstance: crime_analytics_pipeline.ml_train_and_predict manual__2026-05-31T09:04:32.281251+00:00 [up_for_retry]> in state up_for_retry
[2026-05-31T10:12:49.719+0000] {logging_mixin.py:188} INFO - [2026-05-31T10:12:49.719+0000] {dag.py:3036} INFO - Sync 1 DAGs
[2026-05-31T10:12:49.767+0000] {processor.py:183} INFO - Processing /opt/airflow/dags/dag_crime_pipeline.py took 0.357 seconds
[2026-05-31T10:13:20.045+0000] {processor.py:161} INFO - Started process (PID=3482) to work on /opt/airflow/dags/dag_crime_pipeline.py
[2026-05-31T10:13:20.048+0000] {processor.py:830} INFO - Processing file /opt/airflow/dags/dag_crime_pipeline.py for tasks to queue
[2026-05-31T10:13:20.052+0000] {logging_mixin.py:188} INFO - [2026-05-31T10:13:20.051+0000] {dagbag.py:538} INFO - Filling up the DagBag from /opt/airflow/dags/dag_crime_pipeline.py
[2026-05-31T10:13:20.101+0000] {processor.py:840} INFO - DAG(s) 'crime_analytics_pipeline' retrieved from /opt/airflow/dags/dag_crime_pipeline.py
[2026-05-31T10:13:20.133+0000] {logging_mixin.py:188} INFO - [2026-05-31T10:13:20.133+0000] {dag.py:3036} INFO - Sync 1 DAGs
[2026-05-31T10:13:20.198+0000] {processor.py:183} INFO - Processing /opt/airflow/dags/dag_crime_pipeline.py took 0.160 seconds
[2026-05-31T10:13:50.330+0000] {processor.py:161} INFO - Started process (PID=3487) to work on /opt/airflow/dags/dag_crime_pipeline.py
[2026-05-31T10:13:50.331+0000] {processor.py:830} INFO - Processing file /opt/airflow/dags/dag_crime_pipeline.py for tasks to queue
[2026-05-31T10:13:50.334+0000] {logging_mixin.py:188} INFO - [2026-05-31T10:13:50.334+0000] {dagbag.py:538} INFO - Filling up the DagBag from /opt/airflow/dags/dag_crime_pipeline.py
[2026-05-31T10:13:50.375+0000] {processor.py:840} INFO - DAG(s) 'crime_analytics_pipeline' retrieved from /opt/airflow/dags/dag_crime_pipeline.py
[2026-05-31T10:13:50.411+0000] {logging_mixin.py:188} INFO - [2026-05-31T10:13:50.411+0000] {dag.py:3036} INFO - Sync 1 DAGs
[2026-05-31T10:13:50.454+0000] {processor.py:183} INFO - Processing /opt/airflow/dags/dag_crime_pipeline.py took 0.128 seconds
[2026-05-31T10:14:20.782+0000] {processor.py:161} INFO - Started process (PID=3492) to work on /opt/airflow/dags/dag_crime_pipeline.py
[2026-05-31T10:14:20.783+0000] {processor.py:830} INFO - Processing file /opt/airflow/dags/dag_crime_pipeline.py for tasks to queue
[2026-05-31T10:14:20.786+0000] {logging_mixin.py:188} INFO - [2026-05-31T10:14:20.786+0000] {dagbag.py:538} INFO - Filling up the DagBag from /opt/airflow/dags/dag_crime_pipeline.py
[2026-05-31T10:14:20.829+0000] {processor.py:840} INFO - DAG(s) 'crime_analytics_pipeline' retrieved from /opt/airflow/dags/dag_crime_pipeline.py
[2026-05-31T10:14:20.858+0000] {logging_mixin.py:188} INFO - [2026-05-31T10:14:20.858+0000] {dag.py:3036} INFO - Sync 1 DAGs
[2026-05-31T10:14:20.913+0000] {processor.py:183} INFO - Processing /opt/airflow/dags/dag_crime_pipeline.py took 0.136 seconds
[2026-05-31T10:14:51.064+0000] {processor.py:161} INFO - Started process (PID=3497) to work on /opt/airflow/dags/dag_crime_pipeline.py
[2026-05-31T10:14:51.065+0000] {processor.py:830} INFO - Processing file /opt/airflow/dags/dag_crime_pipeline.py for tasks to queue
[2026-05-31T10:14:51.068+0000] {logging_mixin.py:188} INFO - [2026-05-31T10:14:51.068+0000] {dagbag.py:538} INFO - Filling up the DagBag from /opt/airflow/dags/dag_crime_pipeline.py
[2026-05-31T10:14:51.110+0000] {processor.py:840} INFO - DAG(s) 'crime_analytics_pipeline' retrieved from /opt/airflow/dags/dag_crime_pipeline.py
[2026-05-31T10:14:51.145+0000] {logging_mixin.py:188} INFO - [2026-05-31T10:14:51.145+0000] {dag.py:3036} INFO - Sync 1 DAGs
[2026-05-31T10:14:51.187+0000] {processor.py:183} INFO - Processing /opt/airflow/dags/dag_crime_pipeline.py took 0.128 seconds
[2026-05-31T10:15:21.422+0000] {processor.py:161} INFO - Started process (PID=3502) to work on /opt/airflow/dags/dag_crime_pipeline.py
[2026-05-31T10:15:21.424+0000] {processor.py:830} INFO - Processing file /opt/airflow/dags/dag_crime_pipeline.py for tasks to queue
[2026-05-31T10:15:21.427+0000] {logging_mixin.py:188} INFO - [2026-05-31T10:15:21.426+0000] {dagbag.py:538} INFO - Filling up the DagBag from /opt/airflow/dags/dag_crime_pipeline.py
[2026-05-31T10:15:21.473+0000] {processor.py:840} INFO - DAG(s) 'crime_analytics_pipeline' retrieved from /opt/airflow/dags/dag_crime_pipeline.py
[2026-05-31T10:15:21.517+0000] {logging_mixin.py:188} INFO - [2026-05-31T10:15:21.517+0000] {dag.py:3036} INFO - Sync 1 DAGs
[2026-05-31T10:15:21.621+0000] {processor.py:183} INFO - Processing /opt/airflow/dags/dag_crime_pipeline.py took 0.202 seconds
[2026-05-31T10:15:51.686+0000] {processor.py:161} INFO - Started process (PID=3507) to work on /opt/airflow/dags/dag_crime_pipeline.py
[2026-05-31T10:15:51.687+0000] {processor.py:830} INFO - Processing file /opt/airflow/dags/dag_crime_pipeline.py for tasks to queue
[2026-05-31T10:15:51.690+0000] {logging_mixin.py:188} INFO - [2026-05-31T10:15:51.690+0000] {dagbag.py:538} INFO - Filling up the DagBag from /opt/airflow/dags/dag_crime_pipeline.py
[2026-05-31T10:15:51.747+0000] {processor.py:840} INFO - DAG(s) 'crime_analytics_pipeline' retrieved from /opt/airflow/dags/dag_crime_pipeline.py
[2026-05-31T10:15:51.780+0000] {logging_mixin.py:188} INFO - [2026-05-31T10:15:51.780+0000] {dag.py:3036} INFO - Sync 1 DAGs
[2026-05-31T10:15:51.821+0000] {processor.py:183} INFO - Processing /opt/airflow/dags/dag_crime_pipeline.py took 0.141 seconds
[2026-05-31T10:16:22.151+0000] {processor.py:161} INFO - Started process (PID=3512) to work on /opt/airflow/dags/dag_crime_pipeline.py
[2026-05-31T10:16:22.152+0000] {processor.py:830} INFO - Processing file /opt/airflow/dags/dag_crime_pipeline.py for tasks to queue
[2026-05-31T10:16:22.156+0000] {logging_mixin.py:188} INFO - [2026-05-31T10:16:22.155+0000] {dagbag.py:538} INFO - Filling up the DagBag from /opt/airflow/dags/dag_crime_pipeline.py
[2026-05-31T10:16:22.198+0000] {processor.py:840} INFO - DAG(s) 'crime_analytics_pipeline' retrieved from /opt/airflow/dags/dag_crime_pipeline.py
[2026-05-31T10:16:22.233+0000] {logging_mixin.py:188} INFO - [2026-05-31T10:16:22.232+0000] {dag.py:3036} INFO - Sync 1 DAGs
[2026-05-31T10:16:22.291+0000] {processor.py:183} INFO - Processing /opt/airflow/dags/dag_crime_pipeline.py took 0.144 seconds
[2026-05-31T10:16:52.360+0000] {processor.py:161} INFO - Started process (PID=3567) to work on /opt/airflow/dags/dag_crime_pipeline.py
[2026-05-31T10:16:52.362+0000] {processor.py:830} INFO - Processing file /opt/airflow/dags/dag_crime_pipeline.py for tasks to queue
[2026-05-31T10:16:52.366+0000] {logging_mixin.py:188} INFO - [2026-05-31T10:16:52.365+0000] {dagbag.py:538} INFO - Filling up the DagBag from /opt/airflow/dags/dag_crime_pipeline.py
[2026-05-31T10:16:52.415+0000] {processor.py:840} INFO - DAG(s) 'crime_analytics_pipeline' retrieved from /opt/airflow/dags/dag_crime_pipeline.py
[2026-05-31T10:16:52.451+0000] {logging_mixin.py:188} INFO - [2026-05-31T10:16:52.451+0000] {dag.py:3036} INFO - Sync 1 DAGs
[2026-05-31T10:16:52.493+0000] {processor.py:183} INFO - Processing /opt/airflow/dags/dag_crime_pipeline.py took 0.139 seconds
[2026-05-31T10:17:22.755+0000] {processor.py:161} INFO - Started process (PID=3572) to work on /opt/airflow/dags/dag_crime_pipeline.py
[2026-05-31T10:17:22.757+0000] {processor.py:830} INFO - Processing file /opt/airflow/dags/dag_crime_pipeline.py for tasks to queue
[2026-05-31T10:17:22.761+0000] {logging_mixin.py:188} INFO - [2026-05-31T10:17:22.760+0000] {dagbag.py:538} INFO - Filling up the DagBag from /opt/airflow/dags/dag_crime_pipeline.py
[2026-05-31T10:17:22.804+0000] {processor.py:840} INFO - DAG(s) 'crime_analytics_pipeline' retrieved from /opt/airflow/dags/dag_crime_pipeline.py
[2026-05-31T10:17:22.841+0000] {logging_mixin.py:188} INFO - [2026-05-31T10:17:22.840+0000] {dag.py:3036} INFO - Sync 1 DAGs
[2026-05-31T10:17:22.886+0000] {processor.py:183} INFO - Processing /opt/airflow/dags/dag_crime_pipeline.py took 0.137 seconds
[2026-05-31T10:17:53.000+0000] {processor.py:161} INFO - Started process (PID=3577) to work on /opt/airflow/dags/dag_crime_pipeline.py
[2026-05-31T10:17:53.001+0000] {processor.py:830} INFO - Processing file /opt/airflow/dags/dag_crime_pipeline.py for tasks to queue
[2026-05-31T10:17:53.004+0000] {logging_mixin.py:188} INFO - [2026-05-31T10:17:53.004+0000] {dagbag.py:538} INFO - Filling up the DagBag from /opt/airflow/dags/dag_crime_pipeline.py
[2026-05-31T10:17:53.041+0000] {processor.py:840} INFO - DAG(s) 'crime_analytics_pipeline' retrieved from /opt/airflow/dags/dag_crime_pipeline.py
[2026-05-31T10:17:53.081+0000] {logging_mixin.py:188} INFO - [2026-05-31T10:17:53.080+0000] {dag.py:3036} INFO - Sync 1 DAGs
[2026-05-31T10:17:53.137+0000] {processor.py:183} INFO - Processing /opt/airflow/dags/dag_crime_pipeline.py took 0.141 seconds
[2026-05-31T10:18:23.292+0000] {processor.py:161} INFO - Started process (PID=3582) to work on /opt/airflow/dags/dag_crime_pipeline.py
[2026-05-31T10:18:23.294+0000] {processor.py:830} INFO - Processing file /opt/airflow/dags/dag_crime_pipeline.py for tasks to queue
[2026-05-31T10:18:23.299+0000] {logging_mixin.py:188} INFO - [2026-05-31T10:18:23.298+0000] {dagbag.py:538} INFO - Filling up the DagBag from /opt/airflow/dags/dag_crime_pipeline.py
[2026-05-31T10:18:23.358+0000] {processor.py:840} INFO - DAG(s) 'crime_analytics_pipeline' retrieved from /opt/airflow/dags/dag_crime_pipeline.py
[2026-05-31T10:18:23.429+0000] {logging_mixin.py:188} INFO - [2026-05-31T10:18:23.428+0000] {dag.py:3036} INFO - Sync 1 DAGs
[2026-05-31T10:18:23.490+0000] {processor.py:183} INFO - Processing /opt/airflow/dags/dag_crime_pipeline.py took 0.204 seconds
[2026-05-31T10:18:53.767+0000] {processor.py:161} INFO - Started process (PID=3587) to work on /opt/airflow/dags/dag_crime_pipeline.py
[2026-05-31T10:18:53.773+0000] {processor.py:830} INFO - Processing file /opt/airflow/dags/dag_crime_pipeline.py for tasks to queue
[2026-05-31T10:18:53.788+0000] {logging_mixin.py:188} INFO - [2026-05-31T10:18:53.785+0000] {dagbag.py:538} INFO - Filling up the DagBag from /opt/airflow/dags/dag_crime_pipeline.py
[2026-05-31T10:18:54.007+0000] {processor.py:840} INFO - DAG(s) 'crime_analytics_pipeline' retrieved from /opt/airflow/dags/dag_crime_pipeline.py
[2026-05-31T10:18:54.164+0000] {logging_mixin.py:188} INFO - [2026-05-31T10:18:54.163+0000] {dag.py:3036} INFO - Sync 1 DAGs
[2026-05-31T10:18:54.343+0000] {processor.py:183} INFO - Processing /opt/airflow/dags/dag_crime_pipeline.py took 0.602 seconds
[2026-05-31T10:19:01.885+0000] {processor.py:161} INFO - Started process (PID=3592) to work on /opt/airflow/dags/dag_crime_pipeline.py
[2026-05-31T10:19:01.887+0000] {processor.py:830} INFO - Processing file /opt/airflow/dags/dag_crime_pipeline.py for tasks to queue
[2026-05-31T10:19:01.890+0000] {logging_mixin.py:188} INFO - [2026-05-31T10:19:01.890+0000] {dagbag.py:538} INFO - Filling up the DagBag from /opt/airflow/dags/dag_crime_pipeline.py
[2026-05-31T10:19:01.972+0000] {processor.py:840} INFO - DAG(s) 'crime_analytics_pipeline' retrieved from /opt/airflow/dags/dag_crime_pipeline.py
[2026-05-31T10:19:02.080+0000] {logging_mixin.py:188} INFO - [2026-05-31T10:19:02.079+0000] {taskinstance.py:2700} ERROR - {'DAG Id': 'crime_analytics_pipeline', 'Task Id': 'ml_train_and_predict', 'Run Id': 'manual__2026-05-31T09:04:32.281251+00:00', 'Hostname': 'db8b8170dea9'}
[2026-05-31T10:19:02.147+0000] {logging_mixin.py:188} INFO - [2026-05-31T10:19:02.147+0000] {taskinstance.py:1138} INFO - Marking task as UP_FOR_RETRY. dag_id=crime_analytics_pipeline, task_id=ml_train_and_predict, execution_date=20260531T090432, start_date=20260531T101629, end_date=20260531T101902
[2026-05-31T10:19:02.185+0000] {processor.py:791} INFO - Executed failure callback for <TaskInstance: crime_analytics_pipeline.ml_train_and_predict manual__2026-05-31T09:04:32.281251+00:00 [up_for_retry]> in state up_for_retry
[2026-05-31T10:19:02.215+0000] {logging_mixin.py:188} INFO - [2026-05-31T10:19:02.214+0000] {dag.py:3036} INFO - Sync 1 DAGs
[2026-05-31T10:19:02.264+0000] {processor.py:183} INFO - Processing /opt/airflow/dags/dag_crime_pipeline.py took 0.408 seconds
[2026-05-31T10:19:32.635+0000] {processor.py:161} INFO - Started process (PID=3598) to work on /opt/airflow/dags/dag_crime_pipeline.py
[2026-05-31T10:19:32.646+0000] {processor.py:830} INFO - Processing file /opt/airflow/dags/dag_crime_pipeline.py for tasks to queue
[2026-05-31T10:19:32.650+0000] {logging_mixin.py:188} INFO - [2026-05-31T10:19:32.649+0000] {dagbag.py:538} INFO - Filling up the DagBag from /opt/airflow/dags/dag_crime_pipeline.py
[2026-05-31T10:19:32.750+0000] {processor.py:840} INFO - DAG(s) 'crime_analytics_pipeline' retrieved from /opt/airflow/dags/dag_crime_pipeline.py
[2026-05-31T10:19:32.792+0000] {logging_mixin.py:188} INFO - [2026-05-31T10:19:32.791+0000] {dag.py:3036} INFO - Sync 1 DAGs
[2026-05-31T10:19:32.848+0000] {processor.py:183} INFO - Processing /opt/airflow/dags/dag_crime_pipeline.py took 0.219 seconds
[2026-05-31T10:20:03.097+0000] {processor.py:161} INFO - Started process (PID=3652) to work on /opt/airflow/dags/dag_crime_pipeline.py
[2026-05-31T10:20:03.099+0000] {processor.py:830} INFO - Processing file /opt/airflow/dags/dag_crime_pipeline.py for tasks to queue
[2026-05-31T10:20:03.103+0000] {logging_mixin.py:188} INFO - [2026-05-31T10:20:03.102+0000] {dagbag.py:538} INFO - Filling up the DagBag from /opt/airflow/dags/dag_crime_pipeline.py
[2026-05-31T10:20:03.149+0000] {processor.py:840} INFO - DAG(s) 'crime_analytics_pipeline' retrieved from /opt/airflow/dags/dag_crime_pipeline.py
[2026-05-31T10:20:03.191+0000] {logging_mixin.py:188} INFO - [2026-05-31T10:20:03.191+0000] {dag.py:3036} INFO - Sync 1 DAGs
[2026-05-31T10:20:03.254+0000] {processor.py:183} INFO - Processing /opt/airflow/dags/dag_crime_pipeline.py took 0.163 seconds
[2026-05-31T10:20:33.349+0000] {processor.py:161} INFO - Started process (PID=3657) to work on /opt/airflow/dags/dag_crime_pipeline.py
[2026-05-31T10:20:33.350+0000] {processor.py:830} INFO - Processing file /opt/airflow/dags/dag_crime_pipeline.py for tasks to queue
[2026-05-31T10:20:33.354+0000] {logging_mixin.py:188} INFO - [2026-05-31T10:20:33.354+0000] {dagbag.py:538} INFO - Filling up the DagBag from /opt/airflow/dags/dag_crime_pipeline.py
[2026-05-31T10:20:33.399+0000] {processor.py:840} INFO - DAG(s) 'crime_analytics_pipeline' retrieved from /opt/airflow/dags/dag_crime_pipeline.py
[2026-05-31T10:20:33.440+0000] {logging_mixin.py:188} INFO - [2026-05-31T10:20:33.440+0000] {dag.py:3036} INFO - Sync 1 DAGs
[2026-05-31T10:20:33.483+0000] {processor.py:183} INFO - Processing /opt/airflow/dags/dag_crime_pipeline.py took 0.139 seconds
[2026-05-31T10:21:03.599+0000] {processor.py:161} INFO - Started process (PID=3662) to work on /opt/airflow/dags/dag_crime_pipeline.py
[2026-05-31T10:21:03.601+0000] {processor.py:830} INFO - Processing file /opt/airflow/dags/dag_crime_pipeline.py for tasks to queue
[2026-05-31T10:21:03.606+0000] {logging_mixin.py:188} INFO - [2026-05-31T10:21:03.605+0000] {dagbag.py:538} INFO - Filling up the DagBag from /opt/airflow/dags/dag_crime_pipeline.py
[2026-05-31T10:21:03.660+0000] {processor.py:840} INFO - DAG(s) 'crime_analytics_pipeline' retrieved from /opt/airflow/dags/dag_crime_pipeline.py
[2026-05-31T10:21:03.699+0000] {logging_mixin.py:188} INFO - [2026-05-31T10:21:03.699+0000] {dag.py:3036} INFO - Sync 1 DAGs
[2026-05-31T10:21:03.742+0000] {processor.py:183} INFO - Processing /opt/airflow/dags/dag_crime_pipeline.py took 0.149 seconds
[2026-05-31T10:21:33.958+0000] {processor.py:161} INFO - Started process (PID=3667) to work on /opt/airflow/dags/dag_crime_pipeline.py
[2026-05-31T10:21:33.960+0000] {processor.py:830} INFO - Processing file /opt/airflow/dags/dag_crime_pipeline.py for tasks to queue
[2026-05-31T10:21:33.965+0000] {logging_mixin.py:188} INFO - [2026-05-31T10:21:33.964+0000] {dagbag.py:538} INFO - Filling up the DagBag from /opt/airflow/dags/dag_crime_pipeline.py
[2026-05-31T10:21:34.015+0000] {processor.py:840} INFO - DAG(s) 'crime_analytics_pipeline' retrieved from /opt/airflow/dags/dag_crime_pipeline.py
[2026-05-31T10:21:34.058+0000] {logging_mixin.py:188} INFO - [2026-05-31T10:21:34.058+0000] {dag.py:3036} INFO - Sync 1 DAGs
[2026-05-31T10:21:34.136+0000] {processor.py:183} INFO - Processing /opt/airflow/dags/dag_crime_pipeline.py took 0.184 seconds
[2026-05-31T10:22:09.243+0000] {processor.py:161} INFO - Started process (PID=3672) to work on /opt/airflow/dags/dag_crime_pipeline.py
[2026-05-31T10:22:09.251+0000] {processor.py:830} INFO - Processing file /opt/airflow/dags/dag_crime_pipeline.py for tasks to queue
[2026-05-31T10:22:09.270+0000] {logging_mixin.py:188} INFO - [2026-05-31T10:22:09.262+0000] {dagbag.py:538} INFO - Filling up the DagBag from /opt/airflow/dags/dag_crime_pipeline.py
[2026-05-31T10:22:09.587+0000] {processor.py:840} INFO - DAG(s) 'crime_analytics_pipeline' retrieved from /opt/airflow/dags/dag_crime_pipeline.py
[2026-05-31T10:22:09.738+0000] {logging_mixin.py:188} INFO - [2026-05-31T10:22:09.738+0000] {dag.py:3036} INFO - Sync 1 DAGs
[2026-05-31T10:22:09.900+0000] {processor.py:183} INFO - Processing /opt/airflow/dags/dag_crime_pipeline.py took 0.700 seconds
[2026-05-31T10:22:13.373+0000] {processor.py:161} INFO - Started process (PID=3677) to work on /opt/airflow/dags/dag_crime_pipeline.py
[2026-05-31T10:22:13.375+0000] {processor.py:830} INFO - Processing file /opt/airflow/dags/dag_crime_pipeline.py for tasks to queue
[2026-05-31T10:22:13.378+0000] {logging_mixin.py:188} INFO - [2026-05-31T10:22:13.377+0000] {dagbag.py:538} INFO - Filling up the DagBag from /opt/airflow/dags/dag_crime_pipeline.py
[2026-05-31T10:22:13.421+0000] {processor.py:840} INFO - DAG(s) 'crime_analytics_pipeline' retrieved from /opt/airflow/dags/dag_crime_pipeline.py
[2026-05-31T10:22:13.512+0000] {logging_mixin.py:188} INFO - [2026-05-31T10:22:13.511+0000] {taskinstance.py:2700} ERROR - {'DAG Id': 'crime_analytics_pipeline', 'Task Id': 'ml_train_and_predict', 'Run Id': 'manual__2026-05-31T09:04:32.281251+00:00', 'Hostname': 'db8b8170dea9'}
[2026-05-31T10:22:13.583+0000] {logging_mixin.py:188} INFO - [2026-05-31T10:22:13.583+0000] {taskinstance.py:1138} INFO - Marking task as UP_FOR_RETRY. dag_id=crime_analytics_pipeline, task_id=ml_train_and_predict, execution_date=20260531T090432, start_date=20260531T101935, end_date=20260531T102213
[2026-05-31T10:22:13.621+0000] {processor.py:791} INFO - Executed failure callback for <TaskInstance: crime_analytics_pipeline.ml_train_and_predict manual__2026-05-31T09:04:32.281251+00:00 [up_for_retry]> in state up_for_retry
[2026-05-31T10:22:13.649+0000] {logging_mixin.py:188} INFO - [2026-05-31T10:22:13.648+0000] {dag.py:3036} INFO - Sync 1 DAGs
[2026-05-31T10:22:13.699+0000] {processor.py:183} INFO - Processing /opt/airflow/dags/dag_crime_pipeline.py took 0.330 seconds
[2026-05-31T10:22:43.990+0000] {processor.py:161} INFO - Started process (PID=3732) to work on /opt/airflow/dags/dag_crime_pipeline.py
[2026-05-31T10:22:43.992+0000] {processor.py:830} INFO - Processing file /opt/airflow/dags/dag_crime_pipeline.py for tasks to queue
[2026-05-31T10:22:43.997+0000] {logging_mixin.py:188} INFO - [2026-05-31T10:22:43.996+0000] {dagbag.py:538} INFO - Filling up the DagBag from /opt/airflow/dags/dag_crime_pipeline.py
[2026-05-31T10:22:44.054+0000] {processor.py:840} INFO - DAG(s) 'crime_analytics_pipeline' retrieved from /opt/airflow/dags/dag_crime_pipeline.py
[2026-05-31T10:22:44.103+0000] {logging_mixin.py:188} INFO - [2026-05-31T10:22:44.103+0000] {dag.py:3036} INFO - Sync 1 DAGs
[2026-05-31T10:22:44.168+0000] {processor.py:183} INFO - Processing /opt/airflow/dags/dag_crime_pipeline.py took 0.185 seconds
[2026-05-31T10:23:14.452+0000] {processor.py:161} INFO - Started process (PID=3737) to work on /opt/airflow/dags/dag_crime_pipeline.py
[2026-05-31T10:23:14.454+0000] {processor.py:830} INFO - Processing file /opt/airflow/dags/dag_crime_pipeline.py for tasks to queue
[2026-05-31T10:23:14.457+0000] {logging_mixin.py:188} INFO - [2026-05-31T10:23:14.456+0000] {dagbag.py:538} INFO - Filling up the DagBag from /opt/airflow/dags/dag_crime_pipeline.py
[2026-05-31T10:23:14.534+0000] {processor.py:840} INFO - DAG(s) 'crime_analytics_pipeline' retrieved from /opt/airflow/dags/dag_crime_pipeline.py
[2026-05-31T10:23:14.569+0000] {logging_mixin.py:188} INFO - [2026-05-31T10:23:14.569+0000] {dag.py:3036} INFO - Sync 1 DAGs
[2026-05-31T10:23:14.609+0000] {processor.py:183} INFO - Processing /opt/airflow/dags/dag_crime_pipeline.py took 0.161 seconds
[2026-05-31T10:23:44.706+0000] {processor.py:161} INFO - Started process (PID=3742) to work on /opt/airflow/dags/dag_crime_pipeline.py
[2026-05-31T10:23:44.707+0000] {processor.py:830} INFO - Processing file /opt/airflow/dags/dag_crime_pipeline.py for tasks to queue
[2026-05-31T10:23:44.710+0000] {logging_mixin.py:188} INFO - [2026-05-31T10:23:44.709+0000] {dagbag.py:538} INFO - Filling up the DagBag from /opt/airflow/dags/dag_crime_pipeline.py
[2026-05-31T10:23:44.756+0000] {processor.py:840} INFO - DAG(s) 'crime_analytics_pipeline' retrieved from /opt/airflow/dags/dag_crime_pipeline.py
[2026-05-31T10:23:44.794+0000] {logging_mixin.py:188} INFO - [2026-05-31T10:23:44.794+0000] {dag.py:3036} INFO - Sync 1 DAGs
[2026-05-31T10:23:44.847+0000] {processor.py:183} INFO - Processing /opt/airflow/dags/dag_crime_pipeline.py took 0.146 seconds
[2026-05-31T10:24:15.231+0000] {processor.py:161} INFO - Started process (PID=3747) to work on /opt/airflow/dags/dag_crime_pipeline.py
[2026-05-31T10:24:15.233+0000] {processor.py:830} INFO - Processing file /opt/airflow/dags/dag_crime_pipeline.py for tasks to queue
[2026-05-31T10:24:15.235+0000] {logging_mixin.py:188} INFO - [2026-05-31T10:24:15.235+0000] {dagbag.py:538} INFO - Filling up the DagBag from /opt/airflow/dags/dag_crime_pipeline.py
[2026-05-31T10:24:15.289+0000] {processor.py:840} INFO - DAG(s) 'crime_analytics_pipeline' retrieved from /opt/airflow/dags/dag_crime_pipeline.py
[2026-05-31T10:24:15.341+0000] {logging_mixin.py:188} INFO - [2026-05-31T10:24:15.340+0000] {dag.py:3036} INFO - Sync 1 DAGs
[2026-05-31T10:24:15.443+0000] {processor.py:183} INFO - Processing /opt/airflow/dags/dag_crime_pipeline.py took 0.217 seconds
[2026-05-31T10:24:45.749+0000] {processor.py:161} INFO - Started process (PID=3752) to work on /opt/airflow/dags/dag_crime_pipeline.py
[2026-05-31T10:24:45.775+0000] {processor.py:830} INFO - Processing file /opt/airflow/dags/dag_crime_pipeline.py for tasks to queue
[2026-05-31T10:24:45.847+0000] {logging_mixin.py:188} INFO - [2026-05-31T10:24:45.837+0000] {dagbag.py:538} INFO - Filling up the DagBag from /opt/airflow/dags/dag_crime_pipeline.py
[2026-05-31T10:24:46.205+0000] {processor.py:840} INFO - DAG(s) 'crime_analytics_pipeline' retrieved from /opt/airflow/dags/dag_crime_pipeline.py
[2026-05-31T10:24:46.442+0000] {logging_mixin.py:188} INFO - [2026-05-31T10:24:46.442+0000] {dag.py:3036} INFO - Sync 1 DAGs
[2026-05-31T10:24:46.832+0000] {processor.py:183} INFO - Processing /opt/airflow/dags/dag_crime_pipeline.py took 1.153 seconds
[2026-05-31T10:24:54.517+0000] {processor.py:161} INFO - Started process (PID=3757) to work on /opt/airflow/dags/dag_crime_pipeline.py
[2026-05-31T10:24:54.520+0000] {processor.py:830} INFO - Processing file /opt/airflow/dags/dag_crime_pipeline.py for tasks to queue
[2026-05-31T10:24:54.525+0000] {logging_mixin.py:188} INFO - [2026-05-31T10:24:54.524+0000] {dagbag.py:538} INFO - Filling up the DagBag from /opt/airflow/dags/dag_crime_pipeline.py
[2026-05-31T10:24:54.627+0000] {processor.py:840} INFO - DAG(s) 'crime_analytics_pipeline' retrieved from /opt/airflow/dags/dag_crime_pipeline.py
[2026-05-31T10:24:54.755+0000] {logging_mixin.py:188} INFO - [2026-05-31T10:24:54.754+0000] {taskinstance.py:2700} ERROR - {'DAG Id': 'crime_analytics_pipeline', 'Task Id': 'ml_train_and_predict', 'Run Id': 'manual__2026-05-31T09:04:32.281251+00:00', 'Hostname': 'db8b8170dea9'}
[2026-05-31T10:24:54.821+0000] {logging_mixin.py:188} INFO - [2026-05-31T10:24:54.820+0000] {taskinstance.py:1138} INFO - Marking task as UP_FOR_RETRY. dag_id=crime_analytics_pipeline, task_id=ml_train_and_predict, execution_date=20260531T090432, start_date=20260531T102221, end_date=20260531T102454
[2026-05-31T10:24:54.864+0000] {processor.py:791} INFO - Executed failure callback for <TaskInstance: crime_analytics_pipeline.ml_train_and_predict manual__2026-05-31T09:04:32.281251+00:00 [up_for_retry]> in state up_for_retry
[2026-05-31T10:24:54.906+0000] {logging_mixin.py:188} INFO - [2026-05-31T10:24:54.905+0000] {dag.py:3036} INFO - Sync 1 DAGs
[2026-05-31T10:24:54.968+0000] {processor.py:183} INFO - Processing /opt/airflow/dags/dag_crime_pipeline.py took 0.459 seconds
[2026-05-31T10:25:25.097+0000] {processor.py:161} INFO - Started process (PID=3762) to work on /opt/airflow/dags/dag_crime_pipeline.py
[2026-05-31T10:25:25.099+0000] {processor.py:830} INFO - Processing file /opt/airflow/dags/dag_crime_pipeline.py for tasks to queue
[2026-05-31T10:25:25.105+0000] {logging_mixin.py:188} INFO - [2026-05-31T10:25:25.104+0000] {dagbag.py:538} INFO - Filling up the DagBag from /opt/airflow/dags/dag_crime_pipeline.py
[2026-05-31T10:25:25.167+0000] {processor.py:840} INFO - DAG(s) 'crime_analytics_pipeline' retrieved from /opt/airflow/dags/dag_crime_pipeline.py
[2026-05-31T10:25:25.206+0000] {logging_mixin.py:188} INFO - [2026-05-31T10:25:25.206+0000] {dag.py:3036} INFO - Sync 1 DAGs
[2026-05-31T10:25:25.280+0000] {processor.py:183} INFO - Processing /opt/airflow/dags/dag_crime_pipeline.py took 0.188 seconds
[2026-05-31T10:25:55.465+0000] {processor.py:161} INFO - Started process (PID=3767) to work on /opt/airflow/dags/dag_crime_pipeline.py
[2026-05-31T10:25:55.468+0000] {processor.py:830} INFO - Processing file /opt/airflow/dags/dag_crime_pipeline.py for tasks to queue
[2026-05-31T10:25:55.472+0000] {logging_mixin.py:188} INFO - [2026-05-31T10:25:55.471+0000] {dagbag.py:538} INFO - Filling up the DagBag from /opt/airflow/dags/dag_crime_pipeline.py
[2026-05-31T10:25:55.517+0000] {processor.py:840} INFO - DAG(s) 'crime_analytics_pipeline' retrieved from /opt/airflow/dags/dag_crime_pipeline.py
[2026-05-31T10:25:55.557+0000] {logging_mixin.py:188} INFO - [2026-05-31T10:25:55.557+0000] {dag.py:3036} INFO - Sync 1 DAGs
[2026-05-31T10:25:55.596+0000] {processor.py:183} INFO - Processing /opt/airflow/dags/dag_crime_pipeline.py took 0.137 seconds
[2026-05-31T10:26:25.806+0000] {processor.py:161} INFO - Started process (PID=3772) to work on /opt/airflow/dags/dag_crime_pipeline.py
[2026-05-31T10:26:25.807+0000] {processor.py:830} INFO - Processing file /opt/airflow/dags/dag_crime_pipeline.py for tasks to queue
[2026-05-31T10:26:25.810+0000] {logging_mixin.py:188} INFO - [2026-05-31T10:26:25.810+0000] {dagbag.py:538} INFO - Filling up the DagBag from /opt/airflow/dags/dag_crime_pipeline.py
[2026-05-31T10:26:25.847+0000] {processor.py:840} INFO - DAG(s) 'crime_analytics_pipeline' retrieved from /opt/airflow/dags/dag_crime_pipeline.py
[2026-05-31T10:26:25.881+0000] {logging_mixin.py:188} INFO - [2026-05-31T10:26:25.880+0000] {dag.py:3036} INFO - Sync 1 DAGs
[2026-05-31T10:26:25.930+0000] {processor.py:183} INFO - Processing /opt/airflow/dags/dag_crime_pipeline.py took 0.129 seconds
[2026-05-31T10:26:56.079+0000] {processor.py:161} INFO - Started process (PID=3777) to work on /opt/airflow/dags/dag_crime_pipeline.py
[2026-05-31T10:26:56.081+0000] {processor.py:830} INFO - Processing file /opt/airflow/dags/dag_crime_pipeline.py for tasks to queue
[2026-05-31T10:26:56.084+0000] {logging_mixin.py:188} INFO - [2026-05-31T10:26:56.084+0000] {dagbag.py:538} INFO - Filling up the DagBag from /opt/airflow/dags/dag_crime_pipeline.py
[2026-05-31T10:26:56.134+0000] {processor.py:840} INFO - DAG(s) 'crime_analytics_pipeline' retrieved from /opt/airflow/dags/dag_crime_pipeline.py
[2026-05-31T10:26:56.167+0000] {logging_mixin.py:188} INFO - [2026-05-31T10:26:56.166+0000] {dag.py:3036} INFO - Sync 1 DAGs
[2026-05-31T10:26:56.205+0000] {processor.py:183} INFO - Processing /opt/airflow/dags/dag_crime_pipeline.py took 0.130 seconds
[2026-05-31T10:27:26.459+0000] {processor.py:161} INFO - Started process (PID=3782) to work on /opt/airflow/dags/dag_crime_pipeline.py
[2026-05-31T10:27:26.460+0000] {processor.py:830} INFO - Processing file /opt/airflow/dags/dag_crime_pipeline.py for tasks to queue
[2026-05-31T10:27:26.463+0000] {logging_mixin.py:188} INFO - [2026-05-31T10:27:26.463+0000] {dagbag.py:538} INFO - Filling up the DagBag from /opt/airflow/dags/dag_crime_pipeline.py
[2026-05-31T10:27:26.502+0000] {processor.py:840} INFO - DAG(s) 'crime_analytics_pipeline' retrieved from /opt/airflow/dags/dag_crime_pipeline.py
[2026-05-31T10:27:26.531+0000] {logging_mixin.py:188} INFO - [2026-05-31T10:27:26.530+0000] {dag.py:3036} INFO - Sync 1 DAGs
[2026-05-31T10:27:26.589+0000] {processor.py:183} INFO - Processing /opt/airflow/dags/dag_crime_pipeline.py took 0.134 seconds
[2026-05-31T10:27:56.804+0000] {processor.py:161} INFO - Started process (PID=3787) to work on /opt/airflow/dags/dag_crime_pipeline.py
[2026-05-31T10:27:56.805+0000] {processor.py:830} INFO - Processing file /opt/airflow/dags/dag_crime_pipeline.py for tasks to queue
[2026-05-31T10:27:56.808+0000] {logging_mixin.py:188} INFO - [2026-05-31T10:27:56.808+0000] {dagbag.py:538} INFO - Filling up the DagBag from /opt/airflow/dags/dag_crime_pipeline.py
[2026-05-31T10:27:56.845+0000] {processor.py:840} INFO - DAG(s) 'crime_analytics_pipeline' retrieved from /opt/airflow/dags/dag_crime_pipeline.py
[2026-05-31T10:27:56.876+0000] {logging_mixin.py:188} INFO - [2026-05-31T10:27:56.875+0000] {dag.py:3036} INFO - Sync 1 DAGs
[2026-05-31T10:27:56.932+0000] {processor.py:183} INFO - Processing /opt/airflow/dags/dag_crime_pipeline.py took 0.132 seconds
[2026-05-31T10:28:27.159+0000] {processor.py:161} INFO - Started process (PID=3792) to work on /opt/airflow/dags/dag_crime_pipeline.py
[2026-05-31T10:28:27.161+0000] {processor.py:830} INFO - Processing file /opt/airflow/dags/dag_crime_pipeline.py for tasks to queue
[2026-05-31T10:28:27.165+0000] {logging_mixin.py:188} INFO - [2026-05-31T10:28:27.164+0000] {dagbag.py:538} INFO - Filling up the DagBag from /opt/airflow/dags/dag_crime_pipeline.py
[2026-05-31T10:28:27.213+0000] {processor.py:840} INFO - DAG(s) 'crime_analytics_pipeline' retrieved from /opt/airflow/dags/dag_crime_pipeline.py
[2026-05-31T10:28:27.246+0000] {logging_mixin.py:188} INFO - [2026-05-31T10:28:27.245+0000] {dag.py:3036} INFO - Sync 1 DAGs
[2026-05-31T10:28:27.285+0000] {processor.py:183} INFO - Processing /opt/airflow/dags/dag_crime_pipeline.py took 0.131 seconds
[2026-05-31T10:28:57.533+0000] {processor.py:161} INFO - Started process (PID=3797) to work on /opt/airflow/dags/dag_crime_pipeline.py
[2026-05-31T10:28:57.535+0000] {processor.py:830} INFO - Processing file /opt/airflow/dags/dag_crime_pipeline.py for tasks to queue
[2026-05-31T10:28:57.539+0000] {logging_mixin.py:188} INFO - [2026-05-31T10:28:57.538+0000] {dagbag.py:538} INFO - Filling up the DagBag from /opt/airflow/dags/dag_crime_pipeline.py
[2026-05-31T10:28:57.586+0000] {processor.py:840} INFO - DAG(s) 'crime_analytics_pipeline' retrieved from /opt/airflow/dags/dag_crime_pipeline.py
[2026-05-31T10:28:57.634+0000] {logging_mixin.py:188} INFO - [2026-05-31T10:28:57.633+0000] {dag.py:3036} INFO - Sync 1 DAGs
[2026-05-31T10:28:57.688+0000] {processor.py:183} INFO - Processing /opt/airflow/dags/dag_crime_pipeline.py took 0.160 seconds
[2026-05-31T10:29:27.914+0000] {processor.py:161} INFO - Started process (PID=3802) to work on /opt/airflow/dags/dag_crime_pipeline.py
[2026-05-31T10:29:27.915+0000] {processor.py:830} INFO - Processing file /opt/airflow/dags/dag_crime_pipeline.py for tasks to queue
[2026-05-31T10:29:27.919+0000] {logging_mixin.py:188} INFO - [2026-05-31T10:29:27.918+0000] {dagbag.py:538} INFO - Filling up the DagBag from /opt/airflow/dags/dag_crime_pipeline.py
[2026-05-31T10:29:27.958+0000] {processor.py:840} INFO - DAG(s) 'crime_analytics_pipeline' retrieved from /opt/airflow/dags/dag_crime_pipeline.py
[2026-05-31T10:29:27.989+0000] {logging_mixin.py:188} INFO - [2026-05-31T10:29:27.988+0000] {dag.py:3036} INFO - Sync 1 DAGs
[2026-05-31T10:29:28.028+0000] {processor.py:183} INFO - Processing /opt/airflow/dags/dag_crime_pipeline.py took 0.118 seconds
[2026-05-31T10:29:58.166+0000] {processor.py:161} INFO - Started process (PID=3807) to work on /opt/airflow/dags/dag_crime_pipeline.py
[2026-05-31T10:29:58.167+0000] {processor.py:830} INFO - Processing file /opt/airflow/dags/dag_crime_pipeline.py for tasks to queue
[2026-05-31T10:29:58.171+0000] {logging_mixin.py:188} INFO - [2026-05-31T10:29:58.170+0000] {dagbag.py:538} INFO - Filling up the DagBag from /opt/airflow/dags/dag_crime_pipeline.py
[2026-05-31T10:29:58.209+0000] {processor.py:840} INFO - DAG(s) 'crime_analytics_pipeline' retrieved from /opt/airflow/dags/dag_crime_pipeline.py
[2026-05-31T10:29:58.240+0000] {logging_mixin.py:188} INFO - [2026-05-31T10:29:58.239+0000] {dag.py:3036} INFO - Sync 1 DAGs
[2026-05-31T10:29:58.277+0000] {processor.py:183} INFO - Processing /opt/airflow/dags/dag_crime_pipeline.py took 0.117 seconds
[2026-05-31T10:30:28.579+0000] {processor.py:161} INFO - Started process (PID=3812) to work on /opt/airflow/dags/dag_crime_pipeline.py
[2026-05-31T10:30:28.581+0000] {processor.py:830} INFO - Processing file /opt/airflow/dags/dag_crime_pipeline.py for tasks to queue
[2026-05-31T10:30:28.585+0000] {logging_mixin.py:188} INFO - [2026-05-31T10:30:28.584+0000] {dagbag.py:538} INFO - Filling up the DagBag from /opt/airflow/dags/dag_crime_pipeline.py
[2026-05-31T10:30:28.624+0000] {processor.py:840} INFO - DAG(s) 'crime_analytics_pipeline' retrieved from /opt/airflow/dags/dag_crime_pipeline.py
[2026-05-31T10:30:28.666+0000] {logging_mixin.py:188} INFO - [2026-05-31T10:30:28.665+0000] {dag.py:3036} INFO - Sync 1 DAGs
[2026-05-31T10:30:28.707+0000] {processor.py:183} INFO - Processing /opt/airflow/dags/dag_crime_pipeline.py took 0.133 seconds
[2026-05-31T10:30:58.819+0000] {processor.py:161} INFO - Started process (PID=3817) to work on /opt/airflow/dags/dag_crime_pipeline.py
[2026-05-31T10:30:58.820+0000] {processor.py:830} INFO - Processing file /opt/airflow/dags/dag_crime_pipeline.py for tasks to queue
[2026-05-31T10:30:58.823+0000] {logging_mixin.py:188} INFO - [2026-05-31T10:30:58.823+0000] {dagbag.py:538} INFO - Filling up the DagBag from /opt/airflow/dags/dag_crime_pipeline.py
[2026-05-31T10:30:58.860+0000] {processor.py:840} INFO - DAG(s) 'crime_analytics_pipeline' retrieved from /opt/airflow/dags/dag_crime_pipeline.py
[2026-05-31T10:30:58.892+0000] {logging_mixin.py:188} INFO - [2026-05-31T10:30:58.892+0000] {dag.py:3036} INFO - Sync 1 DAGs
[2026-05-31T10:30:58.953+0000] {processor.py:183} INFO - Processing /opt/airflow/dags/dag_crime_pipeline.py took 0.139 seconds
[2026-05-31T10:31:29.251+0000] {processor.py:161} INFO - Started process (PID=3822) to work on /opt/airflow/dags/dag_crime_pipeline.py
[2026-05-31T10:31:29.253+0000] {processor.py:830} INFO - Processing file /opt/airflow/dags/dag_crime_pipeline.py for tasks to queue
[2026-05-31T10:31:29.257+0000] {logging_mixin.py:188} INFO - [2026-05-31T10:31:29.256+0000] {dagbag.py:538} INFO - Filling up the DagBag from /opt/airflow/dags/dag_crime_pipeline.py
[2026-05-31T10:31:29.300+0000] {processor.py:840} INFO - DAG(s) 'crime_analytics_pipeline' retrieved from /opt/airflow/dags/dag_crime_pipeline.py
[2026-05-31T10:31:29.330+0000] {logging_mixin.py:188} INFO - [2026-05-31T10:31:29.329+0000] {dag.py:3036} INFO - Sync 1 DAGs
[2026-05-31T10:31:29.404+0000] {processor.py:183} INFO - Processing /opt/airflow/dags/dag_crime_pipeline.py took 0.157 seconds
[2026-05-31T10:31:59.598+0000] {processor.py:161} INFO - Started process (PID=3827) to work on /opt/airflow/dags/dag_crime_pipeline.py
[2026-05-31T10:31:59.600+0000] {processor.py:830} INFO - Processing file /opt/airflow/dags/dag_crime_pipeline.py for tasks to queue
[2026-05-31T10:31:59.605+0000] {logging_mixin.py:188} INFO - [2026-05-31T10:31:59.604+0000] {dagbag.py:538} INFO - Filling up the DagBag from /opt/airflow/dags/dag_crime_pipeline.py
[2026-05-31T10:31:59.651+0000] {processor.py:840} INFO - DAG(s) 'crime_analytics_pipeline' retrieved from /opt/airflow/dags/dag_crime_pipeline.py
[2026-05-31T10:31:59.688+0000] {logging_mixin.py:188} INFO - [2026-05-31T10:31:59.688+0000] {dag.py:3036} INFO - Sync 1 DAGs
[2026-05-31T10:31:59.733+0000] {processor.py:183} INFO - Processing /opt/airflow/dags/dag_crime_pipeline.py took 0.143 seconds
[2026-05-31T10:32:29.921+0000] {processor.py:161} INFO - Started process (PID=3832) to work on /opt/airflow/dags/dag_crime_pipeline.py
[2026-05-31T10:32:29.923+0000] {processor.py:830} INFO - Processing file /opt/airflow/dags/dag_crime_pipeline.py for tasks to queue
[2026-05-31T10:32:29.928+0000] {logging_mixin.py:188} INFO - [2026-05-31T10:32:29.927+0000] {dagbag.py:538} INFO - Filling up the DagBag from /opt/airflow/dags/dag_crime_pipeline.py
[2026-05-31T10:32:29.973+0000] {processor.py:840} INFO - DAG(s) 'crime_analytics_pipeline' retrieved from /opt/airflow/dags/dag_crime_pipeline.py
[2026-05-31T10:32:30.015+0000] {logging_mixin.py:188} INFO - [2026-05-31T10:32:30.015+0000] {dag.py:3036} INFO - Sync 1 DAGs
[2026-05-31T10:32:30.075+0000] {processor.py:183} INFO - Processing /opt/airflow/dags/dag_crime_pipeline.py took 0.160 seconds
[2026-05-31T10:33:00.259+0000] {processor.py:161} INFO - Started process (PID=3837) to work on /opt/airflow/dags/dag_crime_pipeline.py
[2026-05-31T10:33:00.261+0000] {processor.py:830} INFO - Processing file /opt/airflow/dags/dag_crime_pipeline.py for tasks to queue
[2026-05-31T10:33:00.266+0000] {logging_mixin.py:188} INFO - [2026-05-31T10:33:00.265+0000] {dagbag.py:538} INFO - Filling up the DagBag from /opt/airflow/dags/dag_crime_pipeline.py
[2026-05-31T10:33:00.311+0000] {processor.py:840} INFO - DAG(s) 'crime_analytics_pipeline' retrieved from /opt/airflow/dags/dag_crime_pipeline.py
[2026-05-31T10:33:00.347+0000] {logging_mixin.py:188} INFO - [2026-05-31T10:33:00.346+0000] {dag.py:3036} INFO - Sync 1 DAGs
[2026-05-31T10:33:03.217+0000] {processor.py:183} INFO - Processing /opt/airflow/dags/dag_crime_pipeline.py took 2.965 seconds
[2026-05-31T10:33:33.500+0000] {processor.py:161} INFO - Started process (PID=3842) to work on /opt/airflow/dags/dag_crime_pipeline.py
[2026-05-31T10:33:33.502+0000] {processor.py:830} INFO - Processing file /opt/airflow/dags/dag_crime_pipeline.py for tasks to queue
[2026-05-31T10:33:33.505+0000] {logging_mixin.py:188} INFO - [2026-05-31T10:33:33.505+0000] {dagbag.py:538} INFO - Filling up the DagBag from /opt/airflow/dags/dag_crime_pipeline.py
[2026-05-31T10:33:33.784+0000] {processor.py:840} INFO - DAG(s) 'crime_analytics_pipeline' retrieved from /opt/airflow/dags/dag_crime_pipeline.py
[2026-05-31T10:33:33.814+0000] {logging_mixin.py:188} INFO - [2026-05-31T10:33:33.814+0000] {dag.py:3036} INFO - Sync 1 DAGs
[2026-05-31T10:33:33.871+0000] {processor.py:183} INFO - Processing /opt/airflow/dags/dag_crime_pipeline.py took 0.375 seconds
[2026-05-31T10:34:04.014+0000] {processor.py:161} INFO - Started process (PID=3847) to work on /opt/airflow/dags/dag_crime_pipeline.py
[2026-05-31T10:34:04.015+0000] {processor.py:830} INFO - Processing file /opt/airflow/dags/dag_crime_pipeline.py for tasks to queue
[2026-05-31T10:34:04.019+0000] {logging_mixin.py:188} INFO - [2026-05-31T10:34:04.019+0000] {dagbag.py:538} INFO - Filling up the DagBag from /opt/airflow/dags/dag_crime_pipeline.py
[2026-05-31T10:34:04.059+0000] {processor.py:840} INFO - DAG(s) 'crime_analytics_pipeline' retrieved from /opt/airflow/dags/dag_crime_pipeline.py
[2026-05-31T10:34:04.092+0000] {logging_mixin.py:188} INFO - [2026-05-31T10:34:04.092+0000] {dag.py:3036} INFO - Sync 1 DAGs
[2026-05-31T10:34:04.139+0000] {processor.py:183} INFO - Processing /opt/airflow/dags/dag_crime_pipeline.py took 0.130 seconds
[2026-05-31T10:34:34.492+0000] {processor.py:161} INFO - Started process (PID=3852) to work on /opt/airflow/dags/dag_crime_pipeline.py
[2026-05-31T10:34:34.494+0000] {processor.py:830} INFO - Processing file /opt/airflow/dags/dag_crime_pipeline.py for tasks to queue
[2026-05-31T10:34:34.505+0000] {logging_mixin.py:188} INFO - [2026-05-31T10:34:34.496+0000] {dagbag.py:538} INFO - Filling up the DagBag from /opt/airflow/dags/dag_crime_pipeline.py
[2026-05-31T10:34:34.592+0000] {processor.py:840} INFO - DAG(s) 'crime_analytics_pipeline' retrieved from /opt/airflow/dags/dag_crime_pipeline.py
[2026-05-31T10:34:34.638+0000] {logging_mixin.py:188} INFO - [2026-05-31T10:34:34.637+0000] {dag.py:3036} INFO - Sync 1 DAGs
[2026-05-31T10:34:34.690+0000] {processor.py:183} INFO - Processing /opt/airflow/dags/dag_crime_pipeline.py took 0.259 seconds
[2026-05-31T10:35:05.063+0000] {processor.py:161} INFO - Started process (PID=3857) to work on /opt/airflow/dags/dag_crime_pipeline.py
[2026-05-31T10:35:05.066+0000] {processor.py:830} INFO - Processing file /opt/airflow/dags/dag_crime_pipeline.py for tasks to queue
[2026-05-31T10:35:05.072+0000] {logging_mixin.py:188} INFO - [2026-05-31T10:35:05.071+0000] {dagbag.py:538} INFO - Filling up the DagBag from /opt/airflow/dags/dag_crime_pipeline.py
[2026-05-31T10:35:05.113+0000] {processor.py:840} INFO - DAG(s) 'crime_analytics_pipeline' retrieved from /opt/airflow/dags/dag_crime_pipeline.py
[2026-05-31T10:35:05.146+0000] {logging_mixin.py:188} INFO - [2026-05-31T10:35:05.146+0000] {dag.py:3036} INFO - Sync 1 DAGs
[2026-05-31T10:35:05.189+0000] {processor.py:183} INFO - Processing /opt/airflow/dags/dag_crime_pipeline.py took 0.131 seconds
[2026-05-31T10:35:35.371+0000] {processor.py:161} INFO - Started process (PID=3862) to work on /opt/airflow/dags/dag_crime_pipeline.py
[2026-05-31T10:35:35.372+0000] {processor.py:830} INFO - Processing file /opt/airflow/dags/dag_crime_pipeline.py for tasks to queue
[2026-05-31T10:35:35.375+0000] {logging_mixin.py:188} INFO - [2026-05-31T10:35:35.375+0000] {dagbag.py:538} INFO - Filling up the DagBag from /opt/airflow/dags/dag_crime_pipeline.py
[2026-05-31T10:35:35.417+0000] {processor.py:840} INFO - DAG(s) 'crime_analytics_pipeline' retrieved from /opt/airflow/dags/dag_crime_pipeline.py
[2026-05-31T10:35:35.451+0000] {logging_mixin.py:188} INFO - [2026-05-31T10:35:35.450+0000] {dag.py:3036} INFO - Sync 1 DAGs
[2026-05-31T10:35:35.490+0000] {processor.py:183} INFO - Processing /opt/airflow/dags/dag_crime_pipeline.py took 0.123 seconds
[2026-05-31T10:36:05.697+0000] {processor.py:161} INFO - Started process (PID=3867) to work on /opt/airflow/dags/dag_crime_pipeline.py
[2026-05-31T10:36:05.699+0000] {processor.py:830} INFO - Processing file /opt/airflow/dags/dag_crime_pipeline.py for tasks to queue
[2026-05-31T10:36:05.701+0000] {logging_mixin.py:188} INFO - [2026-05-31T10:36:05.701+0000] {dagbag.py:538} INFO - Filling up the DagBag from /opt/airflow/dags/dag_crime_pipeline.py
[2026-05-31T10:36:05.740+0000] {processor.py:840} INFO - DAG(s) 'crime_analytics_pipeline' retrieved from /opt/airflow/dags/dag_crime_pipeline.py
[2026-05-31T10:36:05.774+0000] {logging_mixin.py:188} INFO - [2026-05-31T10:36:05.773+0000] {dag.py:3036} INFO - Sync 1 DAGs
[2026-05-31T10:36:05.837+0000] {processor.py:183} INFO - Processing /opt/airflow/dags/dag_crime_pipeline.py took 0.144 seconds
[2026-05-31T10:36:36.020+0000] {processor.py:161} INFO - Started process (PID=3872) to work on /opt/airflow/dags/dag_crime_pipeline.py
[2026-05-31T10:36:36.021+0000] {processor.py:830} INFO - Processing file /opt/airflow/dags/dag_crime_pipeline.py for tasks to queue
[2026-05-31T10:36:36.023+0000] {logging_mixin.py:188} INFO - [2026-05-31T10:36:36.023+0000] {dagbag.py:538} INFO - Filling up the DagBag from /opt/airflow/dags/dag_crime_pipeline.py
[2026-05-31T10:36:36.066+0000] {processor.py:840} INFO - DAG(s) 'crime_analytics_pipeline' retrieved from /opt/airflow/dags/dag_crime_pipeline.py
[2026-05-31T10:36:36.102+0000] {logging_mixin.py:188} INFO - [2026-05-31T10:36:36.101+0000] {dag.py:3036} INFO - Sync 1 DAGs
[2026-05-31T10:36:36.166+0000] {processor.py:183} INFO - Processing /opt/airflow/dags/dag_crime_pipeline.py took 0.151 seconds
[2026-05-31T10:37:06.304+0000] {processor.py:161} INFO - Started process (PID=3877) to work on /opt/airflow/dags/dag_crime_pipeline.py
[2026-05-31T10:37:06.306+0000] {processor.py:830} INFO - Processing file /opt/airflow/dags/dag_crime_pipeline.py for tasks to queue
[2026-05-31T10:37:06.309+0000] {logging_mixin.py:188} INFO - [2026-05-31T10:37:06.309+0000] {dagbag.py:538} INFO - Filling up the DagBag from /opt/airflow/dags/dag_crime_pipeline.py
[2026-05-31T10:37:06.373+0000] {processor.py:840} INFO - DAG(s) 'crime_analytics_pipeline' retrieved from /opt/airflow/dags/dag_crime_pipeline.py
[2026-05-31T10:37:06.418+0000] {logging_mixin.py:188} INFO - [2026-05-31T10:37:06.416+0000] {dag.py:3036} INFO - Sync 1 DAGs
[2026-05-31T10:37:06.463+0000] {processor.py:183} INFO - Processing /opt/airflow/dags/dag_crime_pipeline.py took 0.164 seconds
[2026-05-31T10:37:36.663+0000] {processor.py:161} INFO - Started process (PID=3882) to work on /opt/airflow/dags/dag_crime_pipeline.py
[2026-05-31T10:37:36.665+0000] {processor.py:830} INFO - Processing file /opt/airflow/dags/dag_crime_pipeline.py for tasks to queue
[2026-05-31T10:37:36.668+0000] {logging_mixin.py:188} INFO - [2026-05-31T10:37:36.667+0000] {dagbag.py:538} INFO - Filling up the DagBag from /opt/airflow/dags/dag_crime_pipeline.py
[2026-05-31T10:37:36.717+0000] {processor.py:840} INFO - DAG(s) 'crime_analytics_pipeline' retrieved from /opt/airflow/dags/dag_crime_pipeline.py
[2026-05-31T10:37:36.749+0000] {logging_mixin.py:188} INFO - [2026-05-31T10:37:36.749+0000] {dag.py:3036} INFO - Sync 1 DAGs
[2026-05-31T10:37:36.790+0000] {processor.py:183} INFO - Processing /opt/airflow/dags/dag_crime_pipeline.py took 0.132 seconds
[2026-05-31T10:38:06.993+0000] {processor.py:161} INFO - Started process (PID=3887) to work on /opt/airflow/dags/dag_crime_pipeline.py
[2026-05-31T10:38:06.995+0000] {processor.py:830} INFO - Processing file /opt/airflow/dags/dag_crime_pipeline.py for tasks to queue
[2026-05-31T10:38:06.998+0000] {logging_mixin.py:188} INFO - [2026-05-31T10:38:06.997+0000] {dagbag.py:538} INFO - Filling up the DagBag from /opt/airflow/dags/dag_crime_pipeline.py
[2026-05-31T10:38:07.037+0000] {processor.py:840} INFO - DAG(s) 'crime_analytics_pipeline' retrieved from /opt/airflow/dags/dag_crime_pipeline.py
[2026-05-31T10:38:07.070+0000] {logging_mixin.py:188} INFO - [2026-05-31T10:38:07.070+0000] {dag.py:3036} INFO - Sync 1 DAGs
[2026-05-31T10:38:07.118+0000] {processor.py:183} INFO - Processing /opt/airflow/dags/dag_crime_pipeline.py took 0.130 seconds
[2026-05-31T10:38:37.287+0000] {processor.py:161} INFO - Started process (PID=3892) to work on /opt/airflow/dags/dag_crime_pipeline.py
[2026-05-31T10:38:37.289+0000] {processor.py:830} INFO - Processing file /opt/airflow/dags/dag_crime_pipeline.py for tasks to queue
[2026-05-31T10:38:37.293+0000] {logging_mixin.py:188} INFO - [2026-05-31T10:38:37.292+0000] {dagbag.py:538} INFO - Filling up the DagBag from /opt/airflow/dags/dag_crime_pipeline.py
[2026-05-31T10:38:37.337+0000] {processor.py:840} INFO - DAG(s) 'crime_analytics_pipeline' retrieved from /opt/airflow/dags/dag_crime_pipeline.py
[2026-05-31T10:38:37.376+0000] {logging_mixin.py:188} INFO - [2026-05-31T10:38:37.375+0000] {dag.py:3036} INFO - Sync 1 DAGs
[2026-05-31T10:38:37.439+0000] {processor.py:183} INFO - Processing /opt/airflow/dags/dag_crime_pipeline.py took 0.157 seconds
[2026-05-31T10:39:07.619+0000] {processor.py:161} INFO - Started process (PID=3897) to work on /opt/airflow/dags/dag_crime_pipeline.py
[2026-05-31T10:39:07.621+0000] {processor.py:830} INFO - Processing file /opt/airflow/dags/dag_crime_pipeline.py for tasks to queue
[2026-05-31T10:39:07.624+0000] {logging_mixin.py:188} INFO - [2026-05-31T10:39:07.623+0000] {dagbag.py:538} INFO - Filling up the DagBag from /opt/airflow/dags/dag_crime_pipeline.py
[2026-05-31T10:39:07.661+0000] {processor.py:840} INFO - DAG(s) 'crime_analytics_pipeline' retrieved from /opt/airflow/dags/dag_crime_pipeline.py
[2026-05-31T10:39:07.692+0000] {logging_mixin.py:188} INFO - [2026-05-31T10:39:07.692+0000] {dag.py:3036} INFO - Sync 1 DAGs
[2026-05-31T10:39:07.753+0000] {processor.py:183} INFO - Processing /opt/airflow/dags/dag_crime_pipeline.py took 0.138 seconds
[2026-05-31T10:39:38.042+0000] {processor.py:161} INFO - Started process (PID=3902) to work on /opt/airflow/dags/dag_crime_pipeline.py
[2026-05-31T10:39:38.044+0000] {processor.py:830} INFO - Processing file /opt/airflow/dags/dag_crime_pipeline.py for tasks to queue
[2026-05-31T10:39:38.048+0000] {logging_mixin.py:188} INFO - [2026-05-31T10:39:38.047+0000] {dagbag.py:538} INFO - Filling up the DagBag from /opt/airflow/dags/dag_crime_pipeline.py
[2026-05-31T10:39:38.095+0000] {processor.py:840} INFO - DAG(s) 'crime_analytics_pipeline' retrieved from /opt/airflow/dags/dag_crime_pipeline.py
[2026-05-31T10:39:38.136+0000] {logging_mixin.py:188} INFO - [2026-05-31T10:39:38.135+0000] {dag.py:3036} INFO - Sync 1 DAGs
[2026-05-31T10:39:38.207+0000] {processor.py:183} INFO - Processing /opt/airflow/dags/dag_crime_pipeline.py took 0.170 seconds
[2026-05-31T10:40:08.291+0000] {processor.py:161} INFO - Started process (PID=3907) to work on /opt/airflow/dags/dag_crime_pipeline.py
[2026-05-31T10:40:08.293+0000] {processor.py:830} INFO - Processing file /opt/airflow/dags/dag_crime_pipeline.py for tasks to queue
[2026-05-31T10:40:08.297+0000] {logging_mixin.py:188} INFO - [2026-05-31T10:40:08.296+0000] {dagbag.py:538} INFO - Filling up the DagBag from /opt/airflow/dags/dag_crime_pipeline.py
[2026-05-31T10:40:08.347+0000] {processor.py:840} INFO - DAG(s) 'crime_analytics_pipeline' retrieved from /opt/airflow/dags/dag_crime_pipeline.py
[2026-05-31T10:40:08.387+0000] {logging_mixin.py:188} INFO - [2026-05-31T10:40:08.386+0000] {dag.py:3036} INFO - Sync 1 DAGs
[2026-05-31T10:40:08.451+0000] {processor.py:183} INFO - Processing /opt/airflow/dags/dag_crime_pipeline.py took 0.165 seconds
[2026-05-31T10:40:38.755+0000] {processor.py:161} INFO - Started process (PID=3962) to work on /opt/airflow/dags/dag_crime_pipeline.py
[2026-05-31T10:40:38.757+0000] {processor.py:830} INFO - Processing file /opt/airflow/dags/dag_crime_pipeline.py for tasks to queue
[2026-05-31T10:40:38.760+0000] {logging_mixin.py:188} INFO - [2026-05-31T10:40:38.760+0000] {dagbag.py:538} INFO - Filling up the DagBag from /opt/airflow/dags/dag_crime_pipeline.py
[2026-05-31T10:40:38.810+0000] {processor.py:840} INFO - DAG(s) 'crime_analytics_pipeline' retrieved from /opt/airflow/dags/dag_crime_pipeline.py
[2026-05-31T10:40:38.854+0000] {logging_mixin.py:188} INFO - [2026-05-31T10:40:38.853+0000] {dag.py:3036} INFO - Sync 1 DAGs
[2026-05-31T10:40:38.913+0000] {processor.py:183} INFO - Processing /opt/airflow/dags/dag_crime_pipeline.py took 0.164 seconds
[2026-05-31T10:40:49.879+0000] {processor.py:161} INFO - Started process (PID=3967) to work on /opt/airflow/dags/dag_crime_pipeline.py
[2026-05-31T10:40:49.880+0000] {processor.py:830} INFO - Processing file /opt/airflow/dags/dag_crime_pipeline.py for tasks to queue
[2026-05-31T10:40:49.884+0000] {logging_mixin.py:188} INFO - [2026-05-31T10:40:49.883+0000] {dagbag.py:538} INFO - Filling up the DagBag from /opt/airflow/dags/dag_crime_pipeline.py
[2026-05-31T10:40:49.946+0000] {processor.py:840} INFO - DAG(s) 'crime_analytics_pipeline' retrieved from /opt/airflow/dags/dag_crime_pipeline.py
[2026-05-31T10:40:49.988+0000] {logging_mixin.py:188} INFO - [2026-05-31T10:40:49.985+0000] {dag.py:3036} INFO - Sync 1 DAGs
[2026-05-31T10:40:50.054+0000] {processor.py:183} INFO - Processing /opt/airflow/dags/dag_crime_pipeline.py took 0.182 seconds
[2026-05-31T10:41:20.360+0000] {processor.py:161} INFO - Started process (PID=4022) to work on /opt/airflow/dags/dag_crime_pipeline.py
[2026-05-31T10:41:20.362+0000] {processor.py:830} INFO - Processing file /opt/airflow/dags/dag_crime_pipeline.py for tasks to queue
[2026-05-31T10:41:20.364+0000] {logging_mixin.py:188} INFO - [2026-05-31T10:41:20.364+0000] {dagbag.py:538} INFO - Filling up the DagBag from /opt/airflow/dags/dag_crime_pipeline.py
[2026-05-31T10:41:20.408+0000] {processor.py:840} INFO - DAG(s) 'crime_analytics_pipeline' retrieved from /opt/airflow/dags/dag_crime_pipeline.py
[2026-05-31T10:41:20.445+0000] {logging_mixin.py:188} INFO - [2026-05-31T10:41:20.444+0000] {dag.py:3036} INFO - Sync 1 DAGs
[2026-05-31T10:41:20.515+0000] {processor.py:183} INFO - Processing /opt/airflow/dags/dag_crime_pipeline.py took 0.159 seconds
[2026-05-31T10:41:50.621+0000] {processor.py:161} INFO - Started process (PID=4027) to work on /opt/airflow/dags/dag_crime_pipeline.py
[2026-05-31T10:41:50.623+0000] {processor.py:830} INFO - Processing file /opt/airflow/dags/dag_crime_pipeline.py for tasks to queue
[2026-05-31T10:41:50.627+0000] {logging_mixin.py:188} INFO - [2026-05-31T10:41:50.627+0000] {dagbag.py:538} INFO - Filling up the DagBag from /opt/airflow/dags/dag_crime_pipeline.py
[2026-05-31T10:41:50.672+0000] {processor.py:840} INFO - DAG(s) 'crime_analytics_pipeline' retrieved from /opt/airflow/dags/dag_crime_pipeline.py
[2026-05-31T10:41:50.711+0000] {logging_mixin.py:188} INFO - [2026-05-31T10:41:50.711+0000] {dag.py:3036} INFO - Sync 1 DAGs
[2026-05-31T10:41:50.778+0000] {processor.py:183} INFO - Processing /opt/airflow/dags/dag_crime_pipeline.py took 0.165 seconds
[2026-05-31T10:42:21.036+0000] {processor.py:161} INFO - Started process (PID=4032) to work on /opt/airflow/dags/dag_crime_pipeline.py
[2026-05-31T10:42:21.038+0000] {processor.py:830} INFO - Processing file /opt/airflow/dags/dag_crime_pipeline.py for tasks to queue
[2026-05-31T10:42:21.042+0000] {logging_mixin.py:188} INFO - [2026-05-31T10:42:21.041+0000] {dagbag.py:538} INFO - Filling up the DagBag from /opt/airflow/dags/dag_crime_pipeline.py
[2026-05-31T10:42:21.083+0000] {processor.py:840} INFO - DAG(s) 'crime_analytics_pipeline' retrieved from /opt/airflow/dags/dag_crime_pipeline.py
[2026-05-31T10:42:21.123+0000] {logging_mixin.py:188} INFO - [2026-05-31T10:42:21.122+0000] {dag.py:3036} INFO - Sync 1 DAGs
[2026-05-31T10:42:21.194+0000] {processor.py:183} INFO - Processing /opt/airflow/dags/dag_crime_pipeline.py took 0.162 seconds
[2026-05-31T10:42:51.294+0000] {processor.py:161} INFO - Started process (PID=4037) to work on /opt/airflow/dags/dag_crime_pipeline.py
[2026-05-31T10:42:51.296+0000] {processor.py:830} INFO - Processing file /opt/airflow/dags/dag_crime_pipeline.py for tasks to queue
[2026-05-31T10:42:51.301+0000] {logging_mixin.py:188} INFO - [2026-05-31T10:42:51.300+0000] {dagbag.py:538} INFO - Filling up the DagBag from /opt/airflow/dags/dag_crime_pipeline.py
[2026-05-31T10:42:51.352+0000] {processor.py:840} INFO - DAG(s) 'crime_analytics_pipeline' retrieved from /opt/airflow/dags/dag_crime_pipeline.py
[2026-05-31T10:42:51.395+0000] {logging_mixin.py:188} INFO - [2026-05-31T10:42:51.394+0000] {dag.py:3036} INFO - Sync 1 DAGs
[2026-05-31T10:42:51.456+0000] {processor.py:183} INFO - Processing /opt/airflow/dags/dag_crime_pipeline.py took 0.170 seconds
[2026-05-31T10:43:21.700+0000] {processor.py:161} INFO - Started process (PID=4042) to work on /opt/airflow/dags/dag_crime_pipeline.py
[2026-05-31T10:43:21.701+0000] {processor.py:830} INFO - Processing file /opt/airflow/dags/dag_crime_pipeline.py for tasks to queue
[2026-05-31T10:43:21.705+0000] {logging_mixin.py:188} INFO - [2026-05-31T10:43:21.704+0000] {dagbag.py:538} INFO - Filling up the DagBag from /opt/airflow/dags/dag_crime_pipeline.py
[2026-05-31T10:43:21.750+0000] {processor.py:840} INFO - DAG(s) 'crime_analytics_pipeline' retrieved from /opt/airflow/dags/dag_crime_pipeline.py
[2026-05-31T10:43:21.787+0000] {logging_mixin.py:188} INFO - [2026-05-31T10:43:21.786+0000] {dag.py:3036} INFO - Sync 1 DAGs
[2026-05-31T10:43:21.846+0000] {processor.py:183} INFO - Processing /opt/airflow/dags/dag_crime_pipeline.py took 0.150 seconds
[2026-05-31T10:43:51.992+0000] {processor.py:161} INFO - Started process (PID=4063) to work on /opt/airflow/dags/dag_crime_pipeline.py
[2026-05-31T10:43:51.996+0000] {processor.py:830} INFO - Processing file /opt/airflow/dags/dag_crime_pipeline.py for tasks to queue
[2026-05-31T10:43:52.001+0000] {logging_mixin.py:188} INFO - [2026-05-31T10:43:52.000+0000] {dagbag.py:538} INFO - Filling up the DagBag from /opt/airflow/dags/dag_crime_pipeline.py
[2026-05-31T10:43:52.061+0000] {processor.py:840} INFO - DAG(s) 'crime_analytics_pipeline' retrieved from /opt/airflow/dags/dag_crime_pipeline.py
[2026-05-31T10:43:52.111+0000] {logging_mixin.py:188} INFO - [2026-05-31T10:43:52.110+0000] {dag.py:3036} INFO - Sync 1 DAGs
[2026-05-31T10:43:52.183+0000] {processor.py:183} INFO - Processing /opt/airflow/dags/dag_crime_pipeline.py took 0.198 seconds
[2026-05-31T10:44:22.520+0000] {processor.py:161} INFO - Started process (PID=4083) to work on /opt/airflow/dags/dag_crime_pipeline.py
[2026-05-31T10:44:22.528+0000] {processor.py:830} INFO - Processing file /opt/airflow/dags/dag_crime_pipeline.py for tasks to queue
[2026-05-31T10:44:22.532+0000] {logging_mixin.py:188} INFO - [2026-05-31T10:44:22.532+0000] {dagbag.py:538} INFO - Filling up the DagBag from /opt/airflow/dags/dag_crime_pipeline.py
[2026-05-31T10:44:22.579+0000] {processor.py:840} INFO - DAG(s) 'crime_analytics_pipeline' retrieved from /opt/airflow/dags/dag_crime_pipeline.py
[2026-05-31T10:44:22.642+0000] {logging_mixin.py:188} INFO - [2026-05-31T10:44:22.641+0000] {dag.py:3036} INFO - Sync 1 DAGs
[2026-05-31T10:44:22.731+0000] {processor.py:183} INFO - Processing /opt/airflow/dags/dag_crime_pipeline.py took 0.227 seconds
[2026-05-31T10:44:53.022+0000] {processor.py:161} INFO - Started process (PID=4088) to work on /opt/airflow/dags/dag_crime_pipeline.py
[2026-05-31T10:44:53.029+0000] {processor.py:830} INFO - Processing file /opt/airflow/dags/dag_crime_pipeline.py for tasks to queue
[2026-05-31T10:44:53.033+0000] {logging_mixin.py:188} INFO - [2026-05-31T10:44:53.032+0000] {dagbag.py:538} INFO - Filling up the DagBag from /opt/airflow/dags/dag_crime_pipeline.py
[2026-05-31T10:44:53.148+0000] {processor.py:840} INFO - DAG(s) 'crime_analytics_pipeline' retrieved from /opt/airflow/dags/dag_crime_pipeline.py
[2026-05-31T10:44:53.208+0000] {logging_mixin.py:188} INFO - [2026-05-31T10:44:53.207+0000] {dag.py:3036} INFO - Sync 1 DAGs
[2026-05-31T10:44:53.308+0000] {processor.py:183} INFO - Processing /opt/airflow/dags/dag_crime_pipeline.py took 0.295 seconds
[2026-05-31T10:45:23.548+0000] {processor.py:161} INFO - Started process (PID=4093) to work on /opt/airflow/dags/dag_crime_pipeline.py
[2026-05-31T10:45:23.549+0000] {processor.py:830} INFO - Processing file /opt/airflow/dags/dag_crime_pipeline.py for tasks to queue
[2026-05-31T10:45:23.558+0000] {logging_mixin.py:188} INFO - [2026-05-31T10:45:23.557+0000] {dagbag.py:538} INFO - Filling up the DagBag from /opt/airflow/dags/dag_crime_pipeline.py
[2026-05-31T10:45:23.619+0000] {processor.py:840} INFO - DAG(s) 'crime_analytics_pipeline' retrieved from /opt/airflow/dags/dag_crime_pipeline.py
[2026-05-31T10:45:23.699+0000] {logging_mixin.py:188} INFO - [2026-05-31T10:45:23.699+0000] {dag.py:3036} INFO - Sync 1 DAGs
[2026-05-31T10:45:23.823+0000] {processor.py:183} INFO - Processing /opt/airflow/dags/dag_crime_pipeline.py took 0.282 seconds
[2026-05-31T10:45:54.142+0000] {processor.py:161} INFO - Started process (PID=4113) to work on /opt/airflow/dags/dag_crime_pipeline.py
[2026-05-31T10:45:54.144+0000] {processor.py:830} INFO - Processing file /opt/airflow/dags/dag_crime_pipeline.py for tasks to queue
[2026-05-31T10:45:54.147+0000] {logging_mixin.py:188} INFO - [2026-05-31T10:45:54.147+0000] {dagbag.py:538} INFO - Filling up the DagBag from /opt/airflow/dags/dag_crime_pipeline.py
[2026-05-31T10:45:54.196+0000] {processor.py:840} INFO - DAG(s) 'crime_analytics_pipeline' retrieved from /opt/airflow/dags/dag_crime_pipeline.py
[2026-05-31T10:45:54.234+0000] {logging_mixin.py:188} INFO - [2026-05-31T10:45:54.234+0000] {dag.py:3036} INFO - Sync 1 DAGs
[2026-05-31T10:45:54.274+0000] {processor.py:183} INFO - Processing /opt/airflow/dags/dag_crime_pipeline.py took 0.137 seconds
[2026-05-31T10:46:24.738+0000] {processor.py:161} INFO - Started process (PID=4122) to work on /opt/airflow/dags/dag_crime_pipeline.py
[2026-05-31T10:46:24.739+0000] {processor.py:830} INFO - Processing file /opt/airflow/dags/dag_crime_pipeline.py for tasks to queue
[2026-05-31T10:46:24.741+0000] {logging_mixin.py:188} INFO - [2026-05-31T10:46:24.741+0000] {dagbag.py:538} INFO - Filling up the DagBag from /opt/airflow/dags/dag_crime_pipeline.py
[2026-05-31T10:46:24.797+0000] {processor.py:840} INFO - DAG(s) 'crime_analytics_pipeline' retrieved from /opt/airflow/dags/dag_crime_pipeline.py
[2026-05-31T10:46:24.827+0000] {logging_mixin.py:188} INFO - [2026-05-31T10:46:24.826+0000] {dag.py:3036} INFO - Sync 1 DAGs
[2026-05-31T10:46:24.846+0000] {logging_mixin.py:188} INFO - [2026-05-31T10:46:24.845+0000] {dag.py:3823} INFO - Setting next_dagrun for crime_analytics_pipeline to 2026-05-30 19:00:00+00:00, run_after=2026-06-06 19:00:00+00:00
[2026-05-31T10:46:24.864+0000] {processor.py:183} INFO - Processing /opt/airflow/dags/dag_crime_pipeline.py took 0.130 seconds
[2026-05-31T10:46:54.978+0000] {processor.py:161} INFO - Started process (PID=4127) to work on /opt/airflow/dags/dag_crime_pipeline.py
[2026-05-31T10:46:54.979+0000] {processor.py:830} INFO - Processing file /opt/airflow/dags/dag_crime_pipeline.py for tasks to queue
[2026-05-31T10:46:54.982+0000] {logging_mixin.py:188} INFO - [2026-05-31T10:46:54.981+0000] {dagbag.py:538} INFO - Filling up the DagBag from /opt/airflow/dags/dag_crime_pipeline.py
[2026-05-31T10:46:55.021+0000] {processor.py:840} INFO - DAG(s) 'crime_analytics_pipeline' retrieved from /opt/airflow/dags/dag_crime_pipeline.py
[2026-05-31T10:46:55.061+0000] {logging_mixin.py:188} INFO - [2026-05-31T10:46:55.060+0000] {dag.py:3036} INFO - Sync 1 DAGs
[2026-05-31T10:46:55.089+0000] {logging_mixin.py:188} INFO - [2026-05-31T10:46:55.089+0000] {dag.py:3823} INFO - Setting next_dagrun for crime_analytics_pipeline to 2026-05-30 19:00:00+00:00, run_after=2026-06-06 19:00:00+00:00
[2026-05-31T10:46:55.132+0000] {processor.py:183} INFO - Processing /opt/airflow/dags/dag_crime_pipeline.py took 0.159 seconds
[2026-05-31T10:47:25.352+0000] {processor.py:161} INFO - Started process (PID=4132) to work on /opt/airflow/dags/dag_crime_pipeline.py
[2026-05-31T10:47:25.354+0000] {processor.py:830} INFO - Processing file /opt/airflow/dags/dag_crime_pipeline.py for tasks to queue
[2026-05-31T10:47:25.357+0000] {logging_mixin.py:188} INFO - [2026-05-31T10:47:25.357+0000] {dagbag.py:538} INFO - Filling up the DagBag from /opt/airflow/dags/dag_crime_pipeline.py
[2026-05-31T10:47:25.399+0000] {processor.py:840} INFO - DAG(s) 'crime_analytics_pipeline' retrieved from /opt/airflow/dags/dag_crime_pipeline.py
[2026-05-31T10:47:25.435+0000] {logging_mixin.py:188} INFO - [2026-05-31T10:47:25.434+0000] {dag.py:3036} INFO - Sync 1 DAGs
[2026-05-31T10:47:25.459+0000] {logging_mixin.py:188} INFO - [2026-05-31T10:47:25.459+0000] {dag.py:3823} INFO - Setting next_dagrun for crime_analytics_pipeline to 2026-05-30 19:00:00+00:00, run_after=2026-06-06 19:00:00+00:00
[2026-05-31T10:47:25.499+0000] {processor.py:183} INFO - Processing /opt/airflow/dags/dag_crime_pipeline.py took 0.152 seconds
[2026-05-31T10:47:55.671+0000] {processor.py:161} INFO - Started process (PID=4137) to work on /opt/airflow/dags/dag_crime_pipeline.py
[2026-05-31T10:47:55.673+0000] {processor.py:830} INFO - Processing file /opt/airflow/dags/dag_crime_pipeline.py for tasks to queue
[2026-05-31T10:47:55.676+0000] {logging_mixin.py:188} INFO - [2026-05-31T10:47:55.675+0000] {dagbag.py:538} INFO - Filling up the DagBag from /opt/airflow/dags/dag_crime_pipeline.py
[2026-05-31T10:47:55.716+0000] {processor.py:840} INFO - DAG(s) 'crime_analytics_pipeline' retrieved from /opt/airflow/dags/dag_crime_pipeline.py
[2026-05-31T10:47:55.747+0000] {logging_mixin.py:188} INFO - [2026-05-31T10:47:55.746+0000] {dag.py:3036} INFO - Sync 1 DAGs
[2026-05-31T10:47:55.770+0000] {logging_mixin.py:188} INFO - [2026-05-31T10:47:55.770+0000] {dag.py:3823} INFO - Setting next_dagrun for crime_analytics_pipeline to 2026-05-30 19:00:00+00:00, run_after=2026-06-06 19:00:00+00:00
[2026-05-31T10:47:55.793+0000] {processor.py:183} INFO - Processing /opt/airflow/dags/dag_crime_pipeline.py took 0.127 seconds
[2026-05-31T10:48:26.034+0000] {processor.py:161} INFO - Started process (PID=4142) to work on /opt/airflow/dags/dag_crime_pipeline.py
[2026-05-31T10:48:26.035+0000] {processor.py:830} INFO - Processing file /opt/airflow/dags/dag_crime_pipeline.py for tasks to queue
[2026-05-31T10:48:26.038+0000] {logging_mixin.py:188} INFO - [2026-05-31T10:48:26.038+0000] {dagbag.py:538} INFO - Filling up the DagBag from /opt/airflow/dags/dag_crime_pipeline.py
[2026-05-31T10:48:26.080+0000] {processor.py:840} INFO - DAG(s) 'crime_analytics_pipeline' retrieved from /opt/airflow/dags/dag_crime_pipeline.py
[2026-05-31T10:48:26.117+0000] {logging_mixin.py:188} INFO - [2026-05-31T10:48:26.116+0000] {dag.py:3036} INFO - Sync 1 DAGs
[2026-05-31T10:48:26.139+0000] {logging_mixin.py:188} INFO - [2026-05-31T10:48:26.138+0000] {dag.py:3823} INFO - Setting next_dagrun for crime_analytics_pipeline to 2026-05-30 19:00:00+00:00, run_after=2026-06-06 19:00:00+00:00
[2026-05-31T10:48:26.161+0000] {processor.py:183} INFO - Processing /opt/airflow/dags/dag_crime_pipeline.py took 0.132 seconds
[2026-05-31T10:48:56.335+0000] {processor.py:161} INFO - Started process (PID=4147) to work on /opt/airflow/dags/dag_crime_pipeline.py
[2026-05-31T10:48:56.337+0000] {processor.py:830} INFO - Processing file /opt/airflow/dags/dag_crime_pipeline.py for tasks to queue
[2026-05-31T10:48:56.341+0000] {logging_mixin.py:188} INFO - [2026-05-31T10:48:56.340+0000] {dagbag.py:538} INFO - Filling up the DagBag from /opt/airflow/dags/dag_crime_pipeline.py
[2026-05-31T10:48:56.386+0000] {processor.py:840} INFO - DAG(s) 'crime_analytics_pipeline' retrieved from /opt/airflow/dags/dag_crime_pipeline.py
[2026-05-31T10:48:56.426+0000] {logging_mixin.py:188} INFO - [2026-05-31T10:48:56.426+0000] {dag.py:3036} INFO - Sync 1 DAGs
[2026-05-31T10:48:56.455+0000] {logging_mixin.py:188} INFO - [2026-05-31T10:48:56.454+0000] {dag.py:3823} INFO - Setting next_dagrun for crime_analytics_pipeline to 2026-05-30 19:00:00+00:00, run_after=2026-06-06 19:00:00+00:00
[2026-05-31T10:48:56.480+0000] {processor.py:183} INFO - Processing /opt/airflow/dags/dag_crime_pipeline.py took 0.150 seconds
[2026-05-31T10:49:26.821+0000] {processor.py:161} INFO - Started process (PID=4152) to work on /opt/airflow/dags/dag_crime_pipeline.py
[2026-05-31T10:49:26.824+0000] {processor.py:830} INFO - Processing file /opt/airflow/dags/dag_crime_pipeline.py for tasks to queue
[2026-05-31T10:49:26.827+0000] {logging_mixin.py:188} INFO - [2026-05-31T10:49:26.826+0000] {dagbag.py:538} INFO - Filling up the DagBag from /opt/airflow/dags/dag_crime_pipeline.py
[2026-05-31T10:49:26.872+0000] {processor.py:840} INFO - DAG(s) 'crime_analytics_pipeline' retrieved from /opt/airflow/dags/dag_crime_pipeline.py
[2026-05-31T10:49:26.913+0000] {logging_mixin.py:188} INFO - [2026-05-31T10:49:26.912+0000] {dag.py:3036} INFO - Sync 1 DAGs
[2026-05-31T10:49:26.938+0000] {logging_mixin.py:188} INFO - [2026-05-31T10:49:26.937+0000] {dag.py:3823} INFO - Setting next_dagrun for crime_analytics_pipeline to 2026-05-30 19:00:00+00:00, run_after=2026-06-06 19:00:00+00:00
[2026-05-31T10:49:26.958+0000] {processor.py:183} INFO - Processing /opt/airflow/dags/dag_crime_pipeline.py took 0.140 seconds
[2026-05-31T10:49:57.148+0000] {processor.py:161} INFO - Started process (PID=4157) to work on /opt/airflow/dags/dag_crime_pipeline.py
[2026-05-31T10:49:57.150+0000] {processor.py:830} INFO - Processing file /opt/airflow/dags/dag_crime_pipeline.py for tasks to queue
[2026-05-31T10:49:57.154+0000] {logging_mixin.py:188} INFO - [2026-05-31T10:49:57.153+0000] {dagbag.py:538} INFO - Filling up the DagBag from /opt/airflow/dags/dag_crime_pipeline.py
[2026-05-31T10:49:57.200+0000] {processor.py:840} INFO - DAG(s) 'crime_analytics_pipeline' retrieved from /opt/airflow/dags/dag_crime_pipeline.py
[2026-05-31T10:49:57.234+0000] {logging_mixin.py:188} INFO - [2026-05-31T10:49:57.234+0000] {dag.py:3036} INFO - Sync 1 DAGs
[2026-05-31T10:49:57.257+0000] {logging_mixin.py:188} INFO - [2026-05-31T10:49:57.256+0000] {dag.py:3823} INFO - Setting next_dagrun for crime_analytics_pipeline to 2026-05-30 19:00:00+00:00, run_after=2026-06-06 19:00:00+00:00
[2026-05-31T10:49:57.297+0000] {processor.py:183} INFO - Processing /opt/airflow/dags/dag_crime_pipeline.py took 0.154 seconds
[2026-05-31T10:50:27.558+0000] {processor.py:161} INFO - Started process (PID=4162) to work on /opt/airflow/dags/dag_crime_pipeline.py
[2026-05-31T10:50:27.560+0000] {processor.py:830} INFO - Processing file /opt/airflow/dags/dag_crime_pipeline.py for tasks to queue
[2026-05-31T10:50:27.563+0000] {logging_mixin.py:188} INFO - [2026-05-31T10:50:27.563+0000] {dagbag.py:538} INFO - Filling up the DagBag from /opt/airflow/dags/dag_crime_pipeline.py
[2026-05-31T10:50:27.607+0000] {processor.py:840} INFO - DAG(s) 'crime_analytics_pipeline' retrieved from /opt/airflow/dags/dag_crime_pipeline.py
[2026-05-31T10:50:27.652+0000] {logging_mixin.py:188} INFO - [2026-05-31T10:50:27.651+0000] {dag.py:3036} INFO - Sync 1 DAGs
[2026-05-31T10:50:27.682+0000] {logging_mixin.py:188} INFO - [2026-05-31T10:50:27.681+0000] {dag.py:3823} INFO - Setting next_dagrun for crime_analytics_pipeline to 2026-05-30 19:00:00+00:00, run_after=2026-06-06 19:00:00+00:00
[2026-05-31T10:50:27.728+0000] {processor.py:183} INFO - Processing /opt/airflow/dags/dag_crime_pipeline.py took 0.175 seconds
[2026-05-31T10:50:57.852+0000] {processor.py:161} INFO - Started process (PID=4167) to work on /opt/airflow/dags/dag_crime_pipeline.py
[2026-05-31T10:50:57.854+0000] {processor.py:830} INFO - Processing file /opt/airflow/dags/dag_crime_pipeline.py for tasks to queue
[2026-05-31T10:50:57.858+0000] {logging_mixin.py:188} INFO - [2026-05-31T10:50:57.857+0000] {dagbag.py:538} INFO - Filling up the DagBag from /opt/airflow/dags/dag_crime_pipeline.py
[2026-05-31T10:50:57.903+0000] {processor.py:840} INFO - DAG(s) 'crime_analytics_pipeline' retrieved from /opt/airflow/dags/dag_crime_pipeline.py
[2026-05-31T10:50:57.964+0000] {logging_mixin.py:188} INFO - [2026-05-31T10:50:57.963+0000] {dag.py:3036} INFO - Sync 1 DAGs
[2026-05-31T10:50:57.989+0000] {logging_mixin.py:188} INFO - [2026-05-31T10:50:57.988+0000] {dag.py:3823} INFO - Setting next_dagrun for crime_analytics_pipeline to 2026-05-30 19:00:00+00:00, run_after=2026-06-06 19:00:00+00:00
[2026-05-31T10:50:58.008+0000] {processor.py:183} INFO - Processing /opt/airflow/dags/dag_crime_pipeline.py took 0.160 seconds
[2026-05-31T10:51:28.318+0000] {processor.py:161} INFO - Started process (PID=4172) to work on /opt/airflow/dags/dag_crime_pipeline.py
[2026-05-31T10:51:28.319+0000] {processor.py:830} INFO - Processing file /opt/airflow/dags/dag_crime_pipeline.py for tasks to queue
[2026-05-31T10:51:28.322+0000] {logging_mixin.py:188} INFO - [2026-05-31T10:51:28.322+0000] {dagbag.py:538} INFO - Filling up the DagBag from /opt/airflow/dags/dag_crime_pipeline.py
[2026-05-31T10:51:28.356+0000] {processor.py:840} INFO - DAG(s) 'crime_analytics_pipeline' retrieved from /opt/airflow/dags/dag_crime_pipeline.py
[2026-05-31T10:51:28.385+0000] {logging_mixin.py:188} INFO - [2026-05-31T10:51:28.385+0000] {dag.py:3036} INFO - Sync 1 DAGs
[2026-05-31T10:51:28.406+0000] {logging_mixin.py:188} INFO - [2026-05-31T10:51:28.406+0000] {dag.py:3823} INFO - Setting next_dagrun for crime_analytics_pipeline to 2026-05-30 19:00:00+00:00, run_after=2026-06-06 19:00:00+00:00
[2026-05-31T10:51:28.424+0000] {processor.py:183} INFO - Processing /opt/airflow/dags/dag_crime_pipeline.py took 0.109 seconds
[2026-05-31T10:51:58.578+0000] {processor.py:161} INFO - Started process (PID=4177) to work on /opt/airflow/dags/dag_crime_pipeline.py
[2026-05-31T10:51:58.580+0000] {processor.py:830} INFO - Processing file /opt/airflow/dags/dag_crime_pipeline.py for tasks to queue
[2026-05-31T10:51:58.584+0000] {logging_mixin.py:188} INFO - [2026-05-31T10:51:58.583+0000] {dagbag.py:538} INFO - Filling up the DagBag from /opt/airflow/dags/dag_crime_pipeline.py
[2026-05-31T10:51:58.629+0000] {processor.py:840} INFO - DAG(s) 'crime_analytics_pipeline' retrieved from /opt/airflow/dags/dag_crime_pipeline.py
[2026-05-31T10:51:58.678+0000] {logging_mixin.py:188} INFO - [2026-05-31T10:51:58.677+0000] {dag.py:3036} INFO - Sync 1 DAGs
[2026-05-31T10:51:58.709+0000] {logging_mixin.py:188} INFO - [2026-05-31T10:51:58.708+0000] {dag.py:3823} INFO - Setting next_dagrun for crime_analytics_pipeline to 2026-05-30 19:00:00+00:00, run_after=2026-06-06 19:00:00+00:00
[2026-05-31T10:51:58.749+0000] {processor.py:183} INFO - Processing /opt/airflow/dags/dag_crime_pipeline.py took 0.177 seconds
[2026-05-31T10:52:28.996+0000] {processor.py:161} INFO - Started process (PID=4182) to work on /opt/airflow/dags/dag_crime_pipeline.py
[2026-05-31T10:52:28.997+0000] {processor.py:830} INFO - Processing file /opt/airflow/dags/dag_crime_pipeline.py for tasks to queue
[2026-05-31T10:52:29.000+0000] {logging_mixin.py:188} INFO - [2026-05-31T10:52:29.000+0000] {dagbag.py:538} INFO - Filling up the DagBag from /opt/airflow/dags/dag_crime_pipeline.py
[2026-05-31T10:52:29.061+0000] {processor.py:840} INFO - DAG(s) 'crime_analytics_pipeline' retrieved from /opt/airflow/dags/dag_crime_pipeline.py
[2026-05-31T10:52:29.094+0000] {logging_mixin.py:188} INFO - [2026-05-31T10:52:29.094+0000] {dag.py:3036} INFO - Sync 1 DAGs
[2026-05-31T10:52:29.121+0000] {logging_mixin.py:188} INFO - [2026-05-31T10:52:29.120+0000] {dag.py:3823} INFO - Setting next_dagrun for crime_analytics_pipeline to 2026-05-30 19:00:00+00:00, run_after=2026-06-06 19:00:00+00:00
[2026-05-31T10:52:29.149+0000] {processor.py:183} INFO - Processing /opt/airflow/dags/dag_crime_pipeline.py took 0.158 seconds
[2026-05-31T10:52:59.264+0000] {processor.py:161} INFO - Started process (PID=4187) to work on /opt/airflow/dags/dag_crime_pipeline.py
[2026-05-31T10:52:59.266+0000] {processor.py:830} INFO - Processing file /opt/airflow/dags/dag_crime_pipeline.py for tasks to queue
[2026-05-31T10:52:59.270+0000] {logging_mixin.py:188} INFO - [2026-05-31T10:52:59.269+0000] {dagbag.py:538} INFO - Filling up the DagBag from /opt/airflow/dags/dag_crime_pipeline.py
[2026-05-31T10:52:59.313+0000] {processor.py:840} INFO - DAG(s) 'crime_analytics_pipeline' retrieved from /opt/airflow/dags/dag_crime_pipeline.py
[2026-05-31T10:52:59.354+0000] {logging_mixin.py:188} INFO - [2026-05-31T10:52:59.353+0000] {dag.py:3036} INFO - Sync 1 DAGs
[2026-05-31T10:52:59.385+0000] {logging_mixin.py:188} INFO - [2026-05-31T10:52:59.385+0000] {dag.py:3823} INFO - Setting next_dagrun for crime_analytics_pipeline to 2026-05-30 19:00:00+00:00, run_after=2026-06-06 19:00:00+00:00
[2026-05-31T10:52:59.411+0000] {processor.py:183} INFO - Processing /opt/airflow/dags/dag_crime_pipeline.py took 0.153 seconds
[2026-05-31T10:53:29.672+0000] {processor.py:161} INFO - Started process (PID=4192) to work on /opt/airflow/dags/dag_crime_pipeline.py
[2026-05-31T10:53:29.673+0000] {processor.py:830} INFO - Processing file /opt/airflow/dags/dag_crime_pipeline.py for tasks to queue
[2026-05-31T10:53:29.675+0000] {logging_mixin.py:188} INFO - [2026-05-31T10:53:29.674+0000] {dagbag.py:538} INFO - Filling up the DagBag from /opt/airflow/dags/dag_crime_pipeline.py
[2026-05-31T10:53:29.720+0000] {processor.py:840} INFO - DAG(s) 'crime_analytics_pipeline' retrieved from /opt/airflow/dags/dag_crime_pipeline.py
[2026-05-31T10:53:29.762+0000] {logging_mixin.py:188} INFO - [2026-05-31T10:53:29.761+0000] {dag.py:3036} INFO - Sync 1 DAGs
[2026-05-31T10:53:29.785+0000] {logging_mixin.py:188} INFO - [2026-05-31T10:53:29.785+0000] {dag.py:3823} INFO - Setting next_dagrun for crime_analytics_pipeline to 2026-05-30 19:00:00+00:00, run_after=2026-06-06 19:00:00+00:00
[2026-05-31T10:53:29.807+0000] {processor.py:183} INFO - Processing /opt/airflow/dags/dag_crime_pipeline.py took 0.138 seconds
[2026-05-31T10:53:59.965+0000] {processor.py:161} INFO - Started process (PID=4247) to work on /opt/airflow/dags/dag_crime_pipeline.py
[2026-05-31T10:53:59.967+0000] {processor.py:830} INFO - Processing file /opt/airflow/dags/dag_crime_pipeline.py for tasks to queue
[2026-05-31T10:53:59.970+0000] {logging_mixin.py:188} INFO - [2026-05-31T10:53:59.970+0000] {dagbag.py:538} INFO - Filling up the DagBag from /opt/airflow/dags/dag_crime_pipeline.py
[2026-05-31T10:54:00.021+0000] {processor.py:840} INFO - DAG(s) 'crime_analytics_pipeline' retrieved from /opt/airflow/dags/dag_crime_pipeline.py
[2026-05-31T10:54:00.066+0000] {logging_mixin.py:188} INFO - [2026-05-31T10:54:00.066+0000] {dag.py:3036} INFO - Sync 1 DAGs
[2026-05-31T10:54:00.128+0000] {processor.py:183} INFO - Processing /opt/airflow/dags/dag_crime_pipeline.py took 0.168 seconds
[2026-05-31T10:54:30.395+0000] {processor.py:161} INFO - Started process (PID=4252) to work on /opt/airflow/dags/dag_crime_pipeline.py
[2026-05-31T10:54:30.398+0000] {processor.py:830} INFO - Processing file /opt/airflow/dags/dag_crime_pipeline.py for tasks to queue
[2026-05-31T10:54:30.401+0000] {logging_mixin.py:188} INFO - [2026-05-31T10:54:30.401+0000] {dagbag.py:538} INFO - Filling up the DagBag from /opt/airflow/dags/dag_crime_pipeline.py
[2026-05-31T10:54:30.447+0000] {processor.py:840} INFO - DAG(s) 'crime_analytics_pipeline' retrieved from /opt/airflow/dags/dag_crime_pipeline.py
[2026-05-31T10:54:30.486+0000] {logging_mixin.py:188} INFO - [2026-05-31T10:54:30.486+0000] {dag.py:3036} INFO - Sync 1 DAGs
[2026-05-31T10:54:30.539+0000] {processor.py:183} INFO - Processing /opt/airflow/dags/dag_crime_pipeline.py took 0.149 seconds
[2026-05-31T10:55:00.652+0000] {processor.py:161} INFO - Started process (PID=4257) to work on /opt/airflow/dags/dag_crime_pipeline.py
[2026-05-31T10:55:00.653+0000] {processor.py:830} INFO - Processing file /opt/airflow/dags/dag_crime_pipeline.py for tasks to queue
[2026-05-31T10:55:00.656+0000] {logging_mixin.py:188} INFO - [2026-05-31T10:55:00.656+0000] {dagbag.py:538} INFO - Filling up the DagBag from /opt/airflow/dags/dag_crime_pipeline.py
[2026-05-31T10:55:00.703+0000] {processor.py:840} INFO - DAG(s) 'crime_analytics_pipeline' retrieved from /opt/airflow/dags/dag_crime_pipeline.py
[2026-05-31T10:55:00.748+0000] {logging_mixin.py:188} INFO - [2026-05-31T10:55:00.747+0000] {dag.py:3036} INFO - Sync 1 DAGs
[2026-05-31T10:55:00.822+0000] {processor.py:183} INFO - Processing /opt/airflow/dags/dag_crime_pipeline.py took 0.175 seconds
[2026-05-31T10:55:30.982+0000] {processor.py:161} INFO - Started process (PID=4262) to work on /opt/airflow/dags/dag_crime_pipeline.py
[2026-05-31T10:55:30.983+0000] {processor.py:830} INFO - Processing file /opt/airflow/dags/dag_crime_pipeline.py for tasks to queue
[2026-05-31T10:55:30.987+0000] {logging_mixin.py:188} INFO - [2026-05-31T10:55:30.986+0000] {dagbag.py:538} INFO - Filling up the DagBag from /opt/airflow/dags/dag_crime_pipeline.py
[2026-05-31T10:55:31.031+0000] {processor.py:840} INFO - DAG(s) 'crime_analytics_pipeline' retrieved from /opt/airflow/dags/dag_crime_pipeline.py
[2026-05-31T10:55:31.075+0000] {logging_mixin.py:188} INFO - [2026-05-31T10:55:31.075+0000] {dag.py:3036} INFO - Sync 1 DAGs
[2026-05-31T10:55:31.130+0000] {processor.py:183} INFO - Processing /opt/airflow/dags/dag_crime_pipeline.py took 0.152 seconds
[2026-05-31T10:56:01.368+0000] {processor.py:161} INFO - Started process (PID=4267) to work on /opt/airflow/dags/dag_crime_pipeline.py
[2026-05-31T10:56:01.370+0000] {processor.py:830} INFO - Processing file /opt/airflow/dags/dag_crime_pipeline.py for tasks to queue
[2026-05-31T10:56:01.373+0000] {logging_mixin.py:188} INFO - [2026-05-31T10:56:01.372+0000] {dagbag.py:538} INFO - Filling up the DagBag from /opt/airflow/dags/dag_crime_pipeline.py
[2026-05-31T10:56:01.428+0000] {processor.py:840} INFO - DAG(s) 'crime_analytics_pipeline' retrieved from /opt/airflow/dags/dag_crime_pipeline.py
[2026-05-31T10:56:01.461+0000] {logging_mixin.py:188} INFO - [2026-05-31T10:56:01.461+0000] {dag.py:3036} INFO - Sync 1 DAGs
[2026-05-31T10:56:01.501+0000] {processor.py:183} INFO - Processing /opt/airflow/dags/dag_crime_pipeline.py took 0.137 seconds
[2026-05-31T10:56:31.717+0000] {processor.py:161} INFO - Started process (PID=4288) to work on /opt/airflow/dags/dag_crime_pipeline.py
[2026-05-31T10:56:31.719+0000] {processor.py:830} INFO - Processing file /opt/airflow/dags/dag_crime_pipeline.py for tasks to queue
[2026-05-31T10:56:31.724+0000] {logging_mixin.py:188} INFO - [2026-05-31T10:56:31.723+0000] {dagbag.py:538} INFO - Filling up the DagBag from /opt/airflow/dags/dag_crime_pipeline.py
[2026-05-31T10:56:31.779+0000] {processor.py:840} INFO - DAG(s) 'crime_analytics_pipeline' retrieved from /opt/airflow/dags/dag_crime_pipeline.py
[2026-05-31T10:56:31.822+0000] {logging_mixin.py:188} INFO - [2026-05-31T10:56:31.821+0000] {dag.py:3036} INFO - Sync 1 DAGs
[2026-05-31T10:56:31.892+0000] {processor.py:183} INFO - Processing /opt/airflow/dags/dag_crime_pipeline.py took 0.182 seconds
[2026-05-31T10:57:02.151+0000] {processor.py:161} INFO - Started process (PID=4308) to work on /opt/airflow/dags/dag_crime_pipeline.py
[2026-05-31T10:57:02.153+0000] {processor.py:830} INFO - Processing file /opt/airflow/dags/dag_crime_pipeline.py for tasks to queue
[2026-05-31T10:57:02.161+0000] {logging_mixin.py:188} INFO - [2026-05-31T10:57:02.160+0000] {dagbag.py:538} INFO - Filling up the DagBag from /opt/airflow/dags/dag_crime_pipeline.py
[2026-05-31T10:57:02.244+0000] {processor.py:840} INFO - DAG(s) 'crime_analytics_pipeline' retrieved from /opt/airflow/dags/dag_crime_pipeline.py
[2026-05-31T10:57:02.330+0000] {logging_mixin.py:188} INFO - [2026-05-31T10:57:02.329+0000] {dag.py:3036} INFO - Sync 1 DAGs
[2026-05-31T10:57:02.429+0000] {processor.py:183} INFO - Processing /opt/airflow/dags/dag_crime_pipeline.py took 0.292 seconds
[2026-05-31T10:57:32.722+0000] {processor.py:161} INFO - Started process (PID=4313) to work on /opt/airflow/dags/dag_crime_pipeline.py
[2026-05-31T10:57:32.724+0000] {processor.py:830} INFO - Processing file /opt/airflow/dags/dag_crime_pipeline.py for tasks to queue
[2026-05-31T10:57:32.728+0000] {logging_mixin.py:188} INFO - [2026-05-31T10:57:32.727+0000] {dagbag.py:538} INFO - Filling up the DagBag from /opt/airflow/dags/dag_crime_pipeline.py
[2026-05-31T10:57:32.789+0000] {processor.py:840} INFO - DAG(s) 'crime_analytics_pipeline' retrieved from /opt/airflow/dags/dag_crime_pipeline.py
[2026-05-31T10:57:32.830+0000] {logging_mixin.py:188} INFO - [2026-05-31T10:57:32.829+0000] {dag.py:3036} INFO - Sync 1 DAGs
[2026-05-31T10:57:32.908+0000] {processor.py:183} INFO - Processing /opt/airflow/dags/dag_crime_pipeline.py took 0.192 seconds
[2026-05-31T10:58:03.190+0000] {processor.py:161} INFO - Started process (PID=4318) to work on /opt/airflow/dags/dag_crime_pipeline.py
[2026-05-31T10:58:03.191+0000] {processor.py:830} INFO - Processing file /opt/airflow/dags/dag_crime_pipeline.py for tasks to queue
[2026-05-31T10:58:03.194+0000] {logging_mixin.py:188} INFO - [2026-05-31T10:58:03.194+0000] {dagbag.py:538} INFO - Filling up the DagBag from /opt/airflow/dags/dag_crime_pipeline.py
[2026-05-31T10:58:03.286+0000] {processor.py:840} INFO - DAG(s) 'crime_analytics_pipeline' retrieved from /opt/airflow/dags/dag_crime_pipeline.py
[2026-05-31T10:58:03.383+0000] {logging_mixin.py:188} INFO - [2026-05-31T10:58:03.382+0000] {dag.py:3036} INFO - Sync 1 DAGs
[2026-05-31T10:58:03.489+0000] {processor.py:183} INFO - Processing /opt/airflow/dags/dag_crime_pipeline.py took 0.307 seconds
[2026-05-31T10:58:33.856+0000] {processor.py:161} INFO - Started process (PID=4323) to work on /opt/airflow/dags/dag_crime_pipeline.py
[2026-05-31T10:58:33.857+0000] {processor.py:830} INFO - Processing file /opt/airflow/dags/dag_crime_pipeline.py for tasks to queue
[2026-05-31T10:58:33.859+0000] {logging_mixin.py:188} INFO - [2026-05-31T10:58:33.859+0000] {dagbag.py:538} INFO - Filling up the DagBag from /opt/airflow/dags/dag_crime_pipeline.py
[2026-05-31T10:58:33.910+0000] {processor.py:840} INFO - DAG(s) 'crime_analytics_pipeline' retrieved from /opt/airflow/dags/dag_crime_pipeline.py
[2026-05-31T10:58:33.975+0000] {logging_mixin.py:188} INFO - [2026-05-31T10:58:33.975+0000] {dag.py:3036} INFO - Sync 1 DAGs
[2026-05-31T10:58:34.062+0000] {processor.py:183} INFO - Processing /opt/airflow/dags/dag_crime_pipeline.py took 0.212 seconds
[2026-05-31T10:59:04.418+0000] {processor.py:161} INFO - Started process (PID=4343) to work on /opt/airflow/dags/dag_crime_pipeline.py
[2026-05-31T10:59:04.419+0000] {processor.py:830} INFO - Processing file /opt/airflow/dags/dag_crime_pipeline.py for tasks to queue
[2026-05-31T10:59:04.424+0000] {logging_mixin.py:188} INFO - [2026-05-31T10:59:04.423+0000] {dagbag.py:538} INFO - Filling up the DagBag from /opt/airflow/dags/dag_crime_pipeline.py
[2026-05-31T10:59:04.476+0000] {processor.py:840} INFO - DAG(s) 'crime_analytics_pipeline' retrieved from /opt/airflow/dags/dag_crime_pipeline.py
[2026-05-31T10:59:04.523+0000] {logging_mixin.py:188} INFO - [2026-05-31T10:59:04.522+0000] {dag.py:3036} INFO - Sync 1 DAGs
[2026-05-31T10:59:04.587+0000] {processor.py:183} INFO - Processing /opt/airflow/dags/dag_crime_pipeline.py took 0.174 seconds
[2026-05-31T10:59:34.797+0000] {processor.py:161} INFO - Started process (PID=4348) to work on /opt/airflow/dags/dag_crime_pipeline.py
[2026-05-31T10:59:34.799+0000] {processor.py:830} INFO - Processing file /opt/airflow/dags/dag_crime_pipeline.py for tasks to queue
[2026-05-31T10:59:34.803+0000] {logging_mixin.py:188} INFO - [2026-05-31T10:59:34.803+0000] {dagbag.py:538} INFO - Filling up the DagBag from /opt/airflow/dags/dag_crime_pipeline.py
[2026-05-31T10:59:34.854+0000] {processor.py:840} INFO - DAG(s) 'crime_analytics_pipeline' retrieved from /opt/airflow/dags/dag_crime_pipeline.py
[2026-05-31T10:59:34.897+0000] {logging_mixin.py:188} INFO - [2026-05-31T10:59:34.897+0000] {dag.py:3036} INFO - Sync 1 DAGs
[2026-05-31T10:59:34.961+0000] {processor.py:183} INFO - Processing /opt/airflow/dags/dag_crime_pipeline.py took 0.170 seconds
[2026-05-31T11:00:05.139+0000] {processor.py:161} INFO - Started process (PID=4357) to work on /opt/airflow/dags/dag_crime_pipeline.py
[2026-05-31T11:00:05.141+0000] {processor.py:830} INFO - Processing file /opt/airflow/dags/dag_crime_pipeline.py for tasks to queue
[2026-05-31T11:00:05.144+0000] {logging_mixin.py:188} INFO - [2026-05-31T11:00:05.144+0000] {dagbag.py:538} INFO - Filling up the DagBag from /opt/airflow/dags/dag_crime_pipeline.py
[2026-05-31T11:00:05.199+0000] {processor.py:840} INFO - DAG(s) 'crime_analytics_pipeline' retrieved from /opt/airflow/dags/dag_crime_pipeline.py
[2026-05-31T11:00:05.242+0000] {logging_mixin.py:188} INFO - [2026-05-31T11:00:05.242+0000] {dag.py:3036} INFO - Sync 1 DAGs
[2026-05-31T11:00:05.274+0000] {logging_mixin.py:188} INFO - [2026-05-31T11:00:05.274+0000] {dag.py:3823} INFO - Setting next_dagrun for crime_analytics_pipeline to 2026-05-30 19:00:00+00:00, run_after=2026-06-06 19:00:00+00:00
[2026-05-31T11:00:05.304+0000] {processor.py:183} INFO - Processing /opt/airflow/dags/dag_crime_pipeline.py took 0.170 seconds
[2026-05-31T11:00:35.516+0000] {processor.py:161} INFO - Started process (PID=4362) to work on /opt/airflow/dags/dag_crime_pipeline.py
[2026-05-31T11:00:35.517+0000] {processor.py:830} INFO - Processing file /opt/airflow/dags/dag_crime_pipeline.py for tasks to queue
[2026-05-31T11:00:35.520+0000] {logging_mixin.py:188} INFO - [2026-05-31T11:00:35.520+0000] {dagbag.py:538} INFO - Filling up the DagBag from /opt/airflow/dags/dag_crime_pipeline.py
[2026-05-31T11:00:35.568+0000] {processor.py:840} INFO - DAG(s) 'crime_analytics_pipeline' retrieved from /opt/airflow/dags/dag_crime_pipeline.py
[2026-05-31T11:00:35.609+0000] {logging_mixin.py:188} INFO - [2026-05-31T11:00:35.609+0000] {dag.py:3036} INFO - Sync 1 DAGs
[2026-05-31T11:00:35.632+0000] {logging_mixin.py:188} INFO - [2026-05-31T11:00:35.632+0000] {dag.py:3823} INFO - Setting next_dagrun for crime_analytics_pipeline to 2026-05-30 19:00:00+00:00, run_after=2026-06-06 19:00:00+00:00
[2026-05-31T11:00:35.652+0000] {processor.py:183} INFO - Processing /opt/airflow/dags/dag_crime_pipeline.py took 0.141 seconds
[2026-05-31T11:01:05.885+0000] {processor.py:161} INFO - Started process (PID=4367) to work on /opt/airflow/dags/dag_crime_pipeline.py
[2026-05-31T11:01:05.886+0000] {processor.py:830} INFO - Processing file /opt/airflow/dags/dag_crime_pipeline.py for tasks to queue
[2026-05-31T11:01:05.889+0000] {logging_mixin.py:188} INFO - [2026-05-31T11:01:05.888+0000] {dagbag.py:538} INFO - Filling up the DagBag from /opt/airflow/dags/dag_crime_pipeline.py
[2026-05-31T11:01:05.927+0000] {processor.py:840} INFO - DAG(s) 'crime_analytics_pipeline' retrieved from /opt/airflow/dags/dag_crime_pipeline.py
[2026-05-31T11:01:05.957+0000] {logging_mixin.py:188} INFO - [2026-05-31T11:01:05.956+0000] {dag.py:3036} INFO - Sync 1 DAGs
[2026-05-31T11:01:05.979+0000] {logging_mixin.py:188} INFO - [2026-05-31T11:01:05.979+0000] {dag.py:3823} INFO - Setting next_dagrun for crime_analytics_pipeline to 2026-05-30 19:00:00+00:00, run_after=2026-06-06 19:00:00+00:00
[2026-05-31T11:01:06.003+0000] {processor.py:183} INFO - Processing /opt/airflow/dags/dag_crime_pipeline.py took 0.123 seconds
[2026-05-31T11:01:36.174+0000] {processor.py:161} INFO - Started process (PID=4372) to work on /opt/airflow/dags/dag_crime_pipeline.py
[2026-05-31T11:01:36.175+0000] {processor.py:830} INFO - Processing file /opt/airflow/dags/dag_crime_pipeline.py for tasks to queue
[2026-05-31T11:01:36.178+0000] {logging_mixin.py:188} INFO - [2026-05-31T11:01:36.178+0000] {dagbag.py:538} INFO - Filling up the DagBag from /opt/airflow/dags/dag_crime_pipeline.py
[2026-05-31T11:01:36.214+0000] {processor.py:840} INFO - DAG(s) 'crime_analytics_pipeline' retrieved from /opt/airflow/dags/dag_crime_pipeline.py
[2026-05-31T11:01:36.242+0000] {logging_mixin.py:188} INFO - [2026-05-31T11:01:36.242+0000] {dag.py:3036} INFO - Sync 1 DAGs
[2026-05-31T11:01:36.263+0000] {logging_mixin.py:188} INFO - [2026-05-31T11:01:36.262+0000] {dag.py:3823} INFO - Setting next_dagrun for crime_analytics_pipeline to 2026-05-30 19:00:00+00:00, run_after=2026-06-06 19:00:00+00:00
[2026-05-31T11:01:36.297+0000] {processor.py:183} INFO - Processing /opt/airflow/dags/dag_crime_pipeline.py took 0.126 seconds
[2026-05-31T11:02:06.515+0000] {processor.py:161} INFO - Started process (PID=4377) to work on /opt/airflow/dags/dag_crime_pipeline.py
[2026-05-31T11:02:06.517+0000] {processor.py:830} INFO - Processing file /opt/airflow/dags/dag_crime_pipeline.py for tasks to queue
[2026-05-31T11:02:06.519+0000] {logging_mixin.py:188} INFO - [2026-05-31T11:02:06.519+0000] {dagbag.py:538} INFO - Filling up the DagBag from /opt/airflow/dags/dag_crime_pipeline.py
[2026-05-31T11:02:06.575+0000] {processor.py:840} INFO - DAG(s) 'crime_analytics_pipeline' retrieved from /opt/airflow/dags/dag_crime_pipeline.py
[2026-05-31T11:02:06.606+0000] {logging_mixin.py:188} INFO - [2026-05-31T11:02:06.606+0000] {dag.py:3036} INFO - Sync 1 DAGs
[2026-05-31T11:02:06.626+0000] {logging_mixin.py:188} INFO - [2026-05-31T11:02:06.626+0000] {dag.py:3823} INFO - Setting next_dagrun for crime_analytics_pipeline to 2026-05-30 19:00:00+00:00, run_after=2026-06-06 19:00:00+00:00
[2026-05-31T11:02:06.645+0000] {processor.py:183} INFO - Processing /opt/airflow/dags/dag_crime_pipeline.py took 0.134 seconds
[2026-05-31T11:02:36.822+0000] {processor.py:161} INFO - Started process (PID=4382) to work on /opt/airflow/dags/dag_crime_pipeline.py
[2026-05-31T11:02:36.823+0000] {processor.py:830} INFO - Processing file /opt/airflow/dags/dag_crime_pipeline.py for tasks to queue
[2026-05-31T11:02:36.826+0000] {logging_mixin.py:188} INFO - [2026-05-31T11:02:36.826+0000] {dagbag.py:538} INFO - Filling up the DagBag from /opt/airflow/dags/dag_crime_pipeline.py
[2026-05-31T11:02:36.865+0000] {processor.py:840} INFO - DAG(s) 'crime_analytics_pipeline' retrieved from /opt/airflow/dags/dag_crime_pipeline.py
[2026-05-31T11:02:36.897+0000] {logging_mixin.py:188} INFO - [2026-05-31T11:02:36.896+0000] {dag.py:3036} INFO - Sync 1 DAGs
[2026-05-31T11:02:36.922+0000] {logging_mixin.py:188} INFO - [2026-05-31T11:02:36.921+0000] {dag.py:3823} INFO - Setting next_dagrun for crime_analytics_pipeline to 2026-05-30 19:00:00+00:00, run_after=2026-06-06 19:00:00+00:00
[2026-05-31T11:02:36.945+0000] {processor.py:183} INFO - Processing /opt/airflow/dags/dag_crime_pipeline.py took 0.128 seconds
[2026-05-31T11:03:07.176+0000] {processor.py:161} INFO - Started process (PID=4387) to work on /opt/airflow/dags/dag_crime_pipeline.py
[2026-05-31T11:03:07.177+0000] {processor.py:830} INFO - Processing file /opt/airflow/dags/dag_crime_pipeline.py for tasks to queue
[2026-05-31T11:03:07.180+0000] {logging_mixin.py:188} INFO - [2026-05-31T11:03:07.179+0000] {dagbag.py:538} INFO - Filling up the DagBag from /opt/airflow/dags/dag_crime_pipeline.py
[2026-05-31T11:03:07.220+0000] {processor.py:840} INFO - DAG(s) 'crime_analytics_pipeline' retrieved from /opt/airflow/dags/dag_crime_pipeline.py
[2026-05-31T11:03:07.255+0000] {logging_mixin.py:188} INFO - [2026-05-31T11:03:07.254+0000] {dag.py:3036} INFO - Sync 1 DAGs
[2026-05-31T11:03:07.281+0000] {logging_mixin.py:188} INFO - [2026-05-31T11:03:07.281+0000] {dag.py:3823} INFO - Setting next_dagrun for crime_analytics_pipeline to 2026-05-30 19:00:00+00:00, run_after=2026-06-06 19:00:00+00:00
[2026-05-31T11:03:07.299+0000] {processor.py:183} INFO - Processing /opt/airflow/dags/dag_crime_pipeline.py took 0.128 seconds
[2026-05-31T11:03:37.557+0000] {processor.py:161} INFO - Started process (PID=4392) to work on /opt/airflow/dags/dag_crime_pipeline.py
[2026-05-31T11:03:37.559+0000] {processor.py:830} INFO - Processing file /opt/airflow/dags/dag_crime_pipeline.py for tasks to queue
[2026-05-31T11:03:37.562+0000] {logging_mixin.py:188} INFO - [2026-05-31T11:03:37.562+0000] {dagbag.py:538} INFO - Filling up the DagBag from /opt/airflow/dags/dag_crime_pipeline.py
[2026-05-31T11:03:37.611+0000] {processor.py:840} INFO - DAG(s) 'crime_analytics_pipeline' retrieved from /opt/airflow/dags/dag_crime_pipeline.py
[2026-05-31T11:03:37.662+0000] {logging_mixin.py:188} INFO - [2026-05-31T11:03:37.661+0000] {dag.py:3036} INFO - Sync 1 DAGs
[2026-05-31T11:03:37.688+0000] {logging_mixin.py:188} INFO - [2026-05-31T11:03:37.687+0000] {dag.py:3823} INFO - Setting next_dagrun for crime_analytics_pipeline to 2026-05-30 19:00:00+00:00, run_after=2026-06-06 19:00:00+00:00
[2026-05-31T11:03:37.713+0000] {processor.py:183} INFO - Processing /opt/airflow/dags/dag_crime_pipeline.py took 0.161 seconds
[2026-05-31T11:04:07.872+0000] {processor.py:161} INFO - Started process (PID=4397) to work on /opt/airflow/dags/dag_crime_pipeline.py
[2026-05-31T11:04:07.874+0000] {processor.py:830} INFO - Processing file /opt/airflow/dags/dag_crime_pipeline.py for tasks to queue
[2026-05-31T11:04:07.878+0000] {logging_mixin.py:188} INFO - [2026-05-31T11:04:07.877+0000] {dagbag.py:538} INFO - Filling up the DagBag from /opt/airflow/dags/dag_crime_pipeline.py
[2026-05-31T11:04:07.923+0000] {processor.py:840} INFO - DAG(s) 'crime_analytics_pipeline' retrieved from /opt/airflow/dags/dag_crime_pipeline.py
[2026-05-31T11:04:07.966+0000] {logging_mixin.py:188} INFO - [2026-05-31T11:04:07.965+0000] {dag.py:3036} INFO - Sync 1 DAGs
[2026-05-31T11:04:08.304+0000] {logging_mixin.py:188} INFO - [2026-05-31T11:04:08.303+0000] {dag.py:3823} INFO - Setting next_dagrun for crime_analytics_pipeline to 2026-05-30 19:00:00+00:00, run_after=2026-06-06 19:00:00+00:00
[2026-05-31T11:04:08.344+0000] {processor.py:183} INFO - Processing /opt/airflow/dags/dag_crime_pipeline.py took 0.478 seconds
[2026-05-31T11:04:38.842+0000] {processor.py:161} INFO - Started process (PID=4402) to work on /opt/airflow/dags/dag_crime_pipeline.py
[2026-05-31T11:04:38.843+0000] {processor.py:830} INFO - Processing file /opt/airflow/dags/dag_crime_pipeline.py for tasks to queue
[2026-05-31T11:04:38.847+0000] {logging_mixin.py:188} INFO - [2026-05-31T11:04:38.846+0000] {dagbag.py:538} INFO - Filling up the DagBag from /opt/airflow/dags/dag_crime_pipeline.py
[2026-05-31T11:04:38.885+0000] {processor.py:840} INFO - DAG(s) 'crime_analytics_pipeline' retrieved from /opt/airflow/dags/dag_crime_pipeline.py
[2026-05-31T11:04:38.916+0000] {logging_mixin.py:188} INFO - [2026-05-31T11:04:38.915+0000] {dag.py:3036} INFO - Sync 1 DAGs
[2026-05-31T11:04:38.937+0000] {logging_mixin.py:188} INFO - [2026-05-31T11:04:38.937+0000] {dag.py:3823} INFO - Setting next_dagrun for crime_analytics_pipeline to 2026-05-30 19:00:00+00:00, run_after=2026-06-06 19:00:00+00:00
[2026-05-31T11:04:38.956+0000] {processor.py:183} INFO - Processing /opt/airflow/dags/dag_crime_pipeline.py took 0.119 seconds
[2026-05-31T11:05:09.093+0000] {processor.py:161} INFO - Started process (PID=4407) to work on /opt/airflow/dags/dag_crime_pipeline.py
[2026-05-31T11:05:09.095+0000] {processor.py:830} INFO - Processing file /opt/airflow/dags/dag_crime_pipeline.py for tasks to queue
[2026-05-31T11:05:09.098+0000] {logging_mixin.py:188} INFO - [2026-05-31T11:05:09.097+0000] {dagbag.py:538} INFO - Filling up the DagBag from /opt/airflow/dags/dag_crime_pipeline.py
[2026-05-31T11:05:09.142+0000] {processor.py:840} INFO - DAG(s) 'crime_analytics_pipeline' retrieved from /opt/airflow/dags/dag_crime_pipeline.py
[2026-05-31T11:05:09.176+0000] {logging_mixin.py:188} INFO - [2026-05-31T11:05:09.176+0000] {dag.py:3036} INFO - Sync 1 DAGs
[2026-05-31T11:05:09.195+0000] {logging_mixin.py:188} INFO - [2026-05-31T11:05:09.195+0000] {dag.py:3823} INFO - Setting next_dagrun for crime_analytics_pipeline to 2026-05-30 19:00:00+00:00, run_after=2026-06-06 19:00:00+00:00
[2026-05-31T11:05:09.231+0000] {processor.py:183} INFO - Processing /opt/airflow/dags/dag_crime_pipeline.py took 0.142 seconds
[2026-05-31T11:05:39.445+0000] {processor.py:161} INFO - Started process (PID=4412) to work on /opt/airflow/dags/dag_crime_pipeline.py
[2026-05-31T11:05:39.447+0000] {processor.py:830} INFO - Processing file /opt/airflow/dags/dag_crime_pipeline.py for tasks to queue
[2026-05-31T11:05:39.450+0000] {logging_mixin.py:188} INFO - [2026-05-31T11:05:39.449+0000] {dagbag.py:538} INFO - Filling up the DagBag from /opt/airflow/dags/dag_crime_pipeline.py
[2026-05-31T11:05:39.512+0000] {processor.py:840} INFO - DAG(s) 'crime_analytics_pipeline' retrieved from /opt/airflow/dags/dag_crime_pipeline.py
[2026-05-31T11:05:39.550+0000] {logging_mixin.py:188} INFO - [2026-05-31T11:05:39.549+0000] {dag.py:3036} INFO - Sync 1 DAGs
[2026-05-31T11:05:39.581+0000] {logging_mixin.py:188} INFO - [2026-05-31T11:05:39.581+0000] {dag.py:3823} INFO - Setting next_dagrun for crime_analytics_pipeline to 2026-05-30 19:00:00+00:00, run_after=2026-06-06 19:00:00+00:00
[2026-05-31T11:05:39.607+0000] {processor.py:183} INFO - Processing /opt/airflow/dags/dag_crime_pipeline.py took 0.167 seconds
[2026-05-31T11:06:09.712+0000] {processor.py:161} INFO - Started process (PID=4417) to work on /opt/airflow/dags/dag_crime_pipeline.py
[2026-05-31T11:06:09.714+0000] {processor.py:830} INFO - Processing file /opt/airflow/dags/dag_crime_pipeline.py for tasks to queue
[2026-05-31T11:06:09.716+0000] {logging_mixin.py:188} INFO - [2026-05-31T11:06:09.716+0000] {dagbag.py:538} INFO - Filling up the DagBag from /opt/airflow/dags/dag_crime_pipeline.py
[2026-05-31T11:06:09.753+0000] {processor.py:840} INFO - DAG(s) 'crime_analytics_pipeline' retrieved from /opt/airflow/dags/dag_crime_pipeline.py
[2026-05-31T11:06:09.783+0000] {logging_mixin.py:188} INFO - [2026-05-31T11:06:09.782+0000] {dag.py:3036} INFO - Sync 1 DAGs
[2026-05-31T11:06:09.803+0000] {logging_mixin.py:188} INFO - [2026-05-31T11:06:09.803+0000] {dag.py:3823} INFO - Setting next_dagrun for crime_analytics_pipeline to 2026-05-30 19:00:00+00:00, run_after=2026-06-06 19:00:00+00:00
[2026-05-31T11:06:09.840+0000] {processor.py:183} INFO - Processing /opt/airflow/dags/dag_crime_pipeline.py took 0.132 seconds
[2026-05-31T11:06:39.955+0000] {processor.py:161} INFO - Started process (PID=4422) to work on /opt/airflow/dags/dag_crime_pipeline.py
[2026-05-31T11:06:39.957+0000] {processor.py:830} INFO - Processing file /opt/airflow/dags/dag_crime_pipeline.py for tasks to queue
[2026-05-31T11:06:39.960+0000] {logging_mixin.py:188} INFO - [2026-05-31T11:06:39.959+0000] {dagbag.py:538} INFO - Filling up the DagBag from /opt/airflow/dags/dag_crime_pipeline.py
[2026-05-31T11:06:39.997+0000] {processor.py:840} INFO - DAG(s) 'crime_analytics_pipeline' retrieved from /opt/airflow/dags/dag_crime_pipeline.py
[2026-05-31T11:06:40.049+0000] {logging_mixin.py:188} INFO - [2026-05-31T11:06:40.048+0000] {dag.py:3036} INFO - Sync 1 DAGs
[2026-05-31T11:06:40.070+0000] {logging_mixin.py:188} INFO - [2026-05-31T11:06:40.069+0000] {dag.py:3823} INFO - Setting next_dagrun for crime_analytics_pipeline to 2026-05-30 19:00:00+00:00, run_after=2026-06-06 19:00:00+00:00
[2026-05-31T11:06:40.093+0000] {processor.py:183} INFO - Processing /opt/airflow/dags/dag_crime_pipeline.py took 0.143 seconds
[2026-05-31T11:07:10.350+0000] {processor.py:161} INFO - Started process (PID=4427) to work on /opt/airflow/dags/dag_crime_pipeline.py
[2026-05-31T11:07:10.352+0000] {processor.py:830} INFO - Processing file /opt/airflow/dags/dag_crime_pipeline.py for tasks to queue
[2026-05-31T11:07:10.354+0000] {logging_mixin.py:188} INFO - [2026-05-31T11:07:10.353+0000] {dagbag.py:538} INFO - Filling up the DagBag from /opt/airflow/dags/dag_crime_pipeline.py
[2026-05-31T11:07:10.394+0000] {processor.py:840} INFO - DAG(s) 'crime_analytics_pipeline' retrieved from /opt/airflow/dags/dag_crime_pipeline.py
[2026-05-31T11:07:10.425+0000] {logging_mixin.py:188} INFO - [2026-05-31T11:07:10.424+0000] {dag.py:3036} INFO - Sync 1 DAGs
[2026-05-31T11:07:10.444+0000] {logging_mixin.py:188} INFO - [2026-05-31T11:07:10.444+0000] {dag.py:3823} INFO - Setting next_dagrun for crime_analytics_pipeline to 2026-05-30 19:00:00+00:00, run_after=2026-06-06 19:00:00+00:00
[2026-05-31T11:07:10.463+0000] {processor.py:183} INFO - Processing /opt/airflow/dags/dag_crime_pipeline.py took 0.115 seconds
[2026-05-31T11:07:40.617+0000] {processor.py:161} INFO - Started process (PID=4432) to work on /opt/airflow/dags/dag_crime_pipeline.py
[2026-05-31T11:07:40.618+0000] {processor.py:830} INFO - Processing file /opt/airflow/dags/dag_crime_pipeline.py for tasks to queue
[2026-05-31T11:07:40.621+0000] {logging_mixin.py:188} INFO - [2026-05-31T11:07:40.621+0000] {dagbag.py:538} INFO - Filling up the DagBag from /opt/airflow/dags/dag_crime_pipeline.py
[2026-05-31T11:07:40.659+0000] {processor.py:840} INFO - DAG(s) 'crime_analytics_pipeline' retrieved from /opt/airflow/dags/dag_crime_pipeline.py
[2026-05-31T11:07:40.692+0000] {logging_mixin.py:188} INFO - [2026-05-31T11:07:40.691+0000] {dag.py:3036} INFO - Sync 1 DAGs
[2026-05-31T11:07:40.711+0000] {logging_mixin.py:188} INFO - [2026-05-31T11:07:40.711+0000] {dag.py:3823} INFO - Setting next_dagrun for crime_analytics_pipeline to 2026-05-30 19:00:00+00:00, run_after=2026-06-06 19:00:00+00:00
[2026-05-31T11:07:40.751+0000] {processor.py:183} INFO - Processing /opt/airflow/dags/dag_crime_pipeline.py took 0.140 seconds
[2026-05-31T11:08:11.143+0000] {processor.py:161} INFO - Started process (PID=4437) to work on /opt/airflow/dags/dag_crime_pipeline.py
[2026-05-31T11:08:11.145+0000] {processor.py:830} INFO - Processing file /opt/airflow/dags/dag_crime_pipeline.py for tasks to queue
[2026-05-31T11:08:11.148+0000] {logging_mixin.py:188} INFO - [2026-05-31T11:08:11.147+0000] {dagbag.py:538} INFO - Filling up the DagBag from /opt/airflow/dags/dag_crime_pipeline.py
[2026-05-31T11:08:11.202+0000] {processor.py:840} INFO - DAG(s) 'crime_analytics_pipeline' retrieved from /opt/airflow/dags/dag_crime_pipeline.py
[2026-05-31T11:08:11.233+0000] {logging_mixin.py:188} INFO - [2026-05-31T11:08:11.233+0000] {dag.py:3036} INFO - Sync 1 DAGs
[2026-05-31T11:08:11.252+0000] {logging_mixin.py:188} INFO - [2026-05-31T11:08:11.252+0000] {dag.py:3823} INFO - Setting next_dagrun for crime_analytics_pipeline to 2026-05-30 19:00:00+00:00, run_after=2026-06-06 19:00:00+00:00
[2026-05-31T11:08:11.269+0000] {processor.py:183} INFO - Processing /opt/airflow/dags/dag_crime_pipeline.py took 0.130 seconds
[2026-05-31T11:08:41.385+0000] {processor.py:161} INFO - Started process (PID=4442) to work on /opt/airflow/dags/dag_crime_pipeline.py
[2026-05-31T11:08:41.386+0000] {processor.py:830} INFO - Processing file /opt/airflow/dags/dag_crime_pipeline.py for tasks to queue
[2026-05-31T11:08:41.390+0000] {logging_mixin.py:188} INFO - [2026-05-31T11:08:41.389+0000] {dagbag.py:538} INFO - Filling up the DagBag from /opt/airflow/dags/dag_crime_pipeline.py
[2026-05-31T11:08:41.432+0000] {processor.py:840} INFO - DAG(s) 'crime_analytics_pipeline' retrieved from /opt/airflow/dags/dag_crime_pipeline.py
[2026-05-31T11:08:41.462+0000] {logging_mixin.py:188} INFO - [2026-05-31T11:08:41.462+0000] {dag.py:3036} INFO - Sync 1 DAGs
[2026-05-31T11:08:41.485+0000] {logging_mixin.py:188} INFO - [2026-05-31T11:08:41.485+0000] {dag.py:3823} INFO - Setting next_dagrun for crime_analytics_pipeline to 2026-05-30 19:00:00+00:00, run_after=2026-06-06 19:00:00+00:00
[2026-05-31T11:08:41.514+0000] {processor.py:183} INFO - Processing /opt/airflow/dags/dag_crime_pipeline.py took 0.133 seconds
[2026-05-31T11:09:11.791+0000] {processor.py:161} INFO - Started process (PID=4447) to work on /opt/airflow/dags/dag_crime_pipeline.py
[2026-05-31T11:09:11.792+0000] {processor.py:830} INFO - Processing file /opt/airflow/dags/dag_crime_pipeline.py for tasks to queue
[2026-05-31T11:09:11.798+0000] {logging_mixin.py:188} INFO - [2026-05-31T11:09:11.797+0000] {dagbag.py:538} INFO - Filling up the DagBag from /opt/airflow/dags/dag_crime_pipeline.py
[2026-05-31T11:09:11.858+0000] {processor.py:840} INFO - DAG(s) 'crime_analytics_pipeline' retrieved from /opt/airflow/dags/dag_crime_pipeline.py
[2026-05-31T11:09:11.913+0000] {logging_mixin.py:188} INFO - [2026-05-31T11:09:11.912+0000] {dag.py:3036} INFO - Sync 1 DAGs
[2026-05-31T11:09:11.934+0000] {logging_mixin.py:188} INFO - [2026-05-31T11:09:11.934+0000] {dag.py:3823} INFO - Setting next_dagrun for crime_analytics_pipeline to 2026-05-30 19:00:00+00:00, run_after=2026-06-06 19:00:00+00:00
[2026-05-31T11:09:11.954+0000] {processor.py:183} INFO - Processing /opt/airflow/dags/dag_crime_pipeline.py took 0.168 seconds
[2026-05-31T11:09:42.065+0000] {processor.py:161} INFO - Started process (PID=4452) to work on /opt/airflow/dags/dag_crime_pipeline.py
[2026-05-31T11:09:42.066+0000] {processor.py:830} INFO - Processing file /opt/airflow/dags/dag_crime_pipeline.py for tasks to queue
[2026-05-31T11:09:42.070+0000] {logging_mixin.py:188} INFO - [2026-05-31T11:09:42.069+0000] {dagbag.py:538} INFO - Filling up the DagBag from /opt/airflow/dags/dag_crime_pipeline.py
[2026-05-31T11:09:42.115+0000] {processor.py:840} INFO - DAG(s) 'crime_analytics_pipeline' retrieved from /opt/airflow/dags/dag_crime_pipeline.py
[2026-05-31T11:09:42.162+0000] {logging_mixin.py:188} INFO - [2026-05-31T11:09:42.162+0000] {dag.py:3036} INFO - Sync 1 DAGs
[2026-05-31T11:09:42.182+0000] {logging_mixin.py:188} INFO - [2026-05-31T11:09:42.181+0000] {dag.py:3823} INFO - Setting next_dagrun for crime_analytics_pipeline to 2026-05-30 19:00:00+00:00, run_after=2026-06-06 19:00:00+00:00
[2026-05-31T11:09:42.201+0000] {processor.py:183} INFO - Processing /opt/airflow/dags/dag_crime_pipeline.py took 0.160 seconds
[2026-05-31T11:10:12.582+0000] {processor.py:161} INFO - Started process (PID=4457) to work on /opt/airflow/dags/dag_crime_pipeline.py
[2026-05-31T11:10:12.585+0000] {processor.py:830} INFO - Processing file /opt/airflow/dags/dag_crime_pipeline.py for tasks to queue
[2026-05-31T11:10:12.588+0000] {logging_mixin.py:188} INFO - [2026-05-31T11:10:12.588+0000] {dagbag.py:538} INFO - Filling up the DagBag from /opt/airflow/dags/dag_crime_pipeline.py
[2026-05-31T11:10:12.630+0000] {processor.py:840} INFO - DAG(s) 'crime_analytics_pipeline' retrieved from /opt/airflow/dags/dag_crime_pipeline.py
[2026-05-31T11:10:12.682+0000] {logging_mixin.py:188} INFO - [2026-05-31T11:10:12.682+0000] {dag.py:3036} INFO - Sync 1 DAGs
[2026-05-31T11:10:12.704+0000] {logging_mixin.py:188} INFO - [2026-05-31T11:10:12.704+0000] {dag.py:3823} INFO - Setting next_dagrun for crime_analytics_pipeline to 2026-05-30 19:00:00+00:00, run_after=2026-06-06 19:00:00+00:00
[2026-05-31T11:10:12.725+0000] {processor.py:183} INFO - Processing /opt/airflow/dags/dag_crime_pipeline.py took 0.150 seconds
[2026-05-31T11:10:42.851+0000] {processor.py:161} INFO - Started process (PID=4462) to work on /opt/airflow/dags/dag_crime_pipeline.py
[2026-05-31T11:10:42.852+0000] {processor.py:830} INFO - Processing file /opt/airflow/dags/dag_crime_pipeline.py for tasks to queue
[2026-05-31T11:10:42.855+0000] {logging_mixin.py:188} INFO - [2026-05-31T11:10:42.855+0000] {dagbag.py:538} INFO - Filling up the DagBag from /opt/airflow/dags/dag_crime_pipeline.py
[2026-05-31T11:10:42.891+0000] {processor.py:840} INFO - DAG(s) 'crime_analytics_pipeline' retrieved from /opt/airflow/dags/dag_crime_pipeline.py
[2026-05-31T11:10:42.928+0000] {logging_mixin.py:188} INFO - [2026-05-31T11:10:42.928+0000] {dag.py:3036} INFO - Sync 1 DAGs
[2026-05-31T11:10:42.949+0000] {logging_mixin.py:188} INFO - [2026-05-31T11:10:42.949+0000] {dag.py:3823} INFO - Setting next_dagrun for crime_analytics_pipeline to 2026-05-30 19:00:00+00:00, run_after=2026-06-06 19:00:00+00:00
[2026-05-31T11:10:42.968+0000] {processor.py:183} INFO - Processing /opt/airflow/dags/dag_crime_pipeline.py took 0.122 seconds
[2026-05-31T11:12:06.228+0000] {processor.py:161} INFO - Started process (PID=4469) to work on /opt/airflow/dags/dag_crime_pipeline.py
[2026-05-31T11:12:06.229+0000] {processor.py:830} INFO - Processing file /opt/airflow/dags/dag_crime_pipeline.py for tasks to queue
[2026-05-31T11:12:06.233+0000] {logging_mixin.py:188} INFO - [2026-05-31T11:12:06.232+0000] {dagbag.py:538} INFO - Filling up the DagBag from /opt/airflow/dags/dag_crime_pipeline.py
[2026-05-31T11:12:06.275+0000] {processor.py:840} INFO - DAG(s) 'crime_analytics_pipeline' retrieved from /opt/airflow/dags/dag_crime_pipeline.py
[2026-05-31T11:12:06.311+0000] {logging_mixin.py:188} INFO - [2026-05-31T11:12:06.310+0000] {dag.py:3036} INFO - Sync 1 DAGs
[2026-05-31T11:12:06.331+0000] {logging_mixin.py:188} INFO - [2026-05-31T11:12:06.331+0000] {dag.py:3823} INFO - Setting next_dagrun for crime_analytics_pipeline to 2026-05-30 19:00:00+00:00, run_after=2026-06-06 19:00:00+00:00
[2026-05-31T11:12:06.350+0000] {processor.py:183} INFO - Processing /opt/airflow/dags/dag_crime_pipeline.py took 0.127 seconds
[2026-05-31T11:12:36.514+0000] {processor.py:161} INFO - Started process (PID=4474) to work on /opt/airflow/dags/dag_crime_pipeline.py
[2026-05-31T11:12:36.515+0000] {processor.py:830} INFO - Processing file /opt/airflow/dags/dag_crime_pipeline.py for tasks to queue
[2026-05-31T11:12:36.518+0000] {logging_mixin.py:188} INFO - [2026-05-31T11:12:36.517+0000] {dagbag.py:538} INFO - Filling up the DagBag from /opt/airflow/dags/dag_crime_pipeline.py
[2026-05-31T11:12:36.560+0000] {processor.py:840} INFO - DAG(s) 'crime_analytics_pipeline' retrieved from /opt/airflow/dags/dag_crime_pipeline.py
[2026-05-31T11:12:36.593+0000] {logging_mixin.py:188} INFO - [2026-05-31T11:12:36.593+0000] {dag.py:3036} INFO - Sync 1 DAGs
[2026-05-31T11:12:36.620+0000] {logging_mixin.py:188} INFO - [2026-05-31T11:12:36.620+0000] {dag.py:3823} INFO - Setting next_dagrun for crime_analytics_pipeline to 2026-05-30 19:00:00+00:00, run_after=2026-06-06 19:00:00+00:00
[2026-05-31T11:12:36.646+0000] {processor.py:183} INFO - Processing /opt/airflow/dags/dag_crime_pipeline.py took 0.135 seconds
[2026-05-31T11:13:06.820+0000] {processor.py:161} INFO - Started process (PID=4479) to work on /opt/airflow/dags/dag_crime_pipeline.py
[2026-05-31T11:13:06.821+0000] {processor.py:830} INFO - Processing file /opt/airflow/dags/dag_crime_pipeline.py for tasks to queue
[2026-05-31T11:13:06.824+0000] {logging_mixin.py:188} INFO - [2026-05-31T11:13:06.824+0000] {dagbag.py:538} INFO - Filling up the DagBag from /opt/airflow/dags/dag_crime_pipeline.py
[2026-05-31T11:13:06.863+0000] {processor.py:840} INFO - DAG(s) 'crime_analytics_pipeline' retrieved from /opt/airflow/dags/dag_crime_pipeline.py
[2026-05-31T11:13:06.897+0000] {logging_mixin.py:188} INFO - [2026-05-31T11:13:06.897+0000] {dag.py:3036} INFO - Sync 1 DAGs
[2026-05-31T11:13:06.920+0000] {logging_mixin.py:188} INFO - [2026-05-31T11:13:06.920+0000] {dag.py:3823} INFO - Setting next_dagrun for crime_analytics_pipeline to 2026-05-30 19:00:00+00:00, run_after=2026-06-06 19:00:00+00:00
[2026-05-31T11:13:06.942+0000] {processor.py:183} INFO - Processing /opt/airflow/dags/dag_crime_pipeline.py took 0.128 seconds
[2026-05-31T11:13:37.042+0000] {processor.py:161} INFO - Started process (PID=4484) to work on /opt/airflow/dags/dag_crime_pipeline.py
[2026-05-31T11:13:37.044+0000] {processor.py:830} INFO - Processing file /opt/airflow/dags/dag_crime_pipeline.py for tasks to queue
[2026-05-31T11:13:37.046+0000] {logging_mixin.py:188} INFO - [2026-05-31T11:13:37.046+0000] {dagbag.py:538} INFO - Filling up the DagBag from /opt/airflow/dags/dag_crime_pipeline.py
[2026-05-31T11:13:37.086+0000] {processor.py:840} INFO - DAG(s) 'crime_analytics_pipeline' retrieved from /opt/airflow/dags/dag_crime_pipeline.py
[2026-05-31T11:13:37.137+0000] {logging_mixin.py:188} INFO - [2026-05-31T11:13:37.137+0000] {dag.py:3036} INFO - Sync 1 DAGs
[2026-05-31T11:13:37.171+0000] {logging_mixin.py:188} INFO - [2026-05-31T11:13:37.170+0000] {dag.py:3823} INFO - Setting next_dagrun for crime_analytics_pipeline to 2026-05-30 19:00:00+00:00, run_after=2026-06-06 19:00:00+00:00
[2026-05-31T11:13:37.194+0000] {processor.py:183} INFO - Processing /opt/airflow/dags/dag_crime_pipeline.py took 0.156 seconds
[2026-05-31T11:14:07.505+0000] {processor.py:161} INFO - Started process (PID=4489) to work on /opt/airflow/dags/dag_crime_pipeline.py
[2026-05-31T11:14:07.506+0000] {processor.py:830} INFO - Processing file /opt/airflow/dags/dag_crime_pipeline.py for tasks to queue
[2026-05-31T11:14:07.510+0000] {logging_mixin.py:188} INFO - [2026-05-31T11:14:07.509+0000] {dagbag.py:538} INFO - Filling up the DagBag from /opt/airflow/dags/dag_crime_pipeline.py
[2026-05-31T11:14:07.548+0000] {processor.py:840} INFO - DAG(s) 'crime_analytics_pipeline' retrieved from /opt/airflow/dags/dag_crime_pipeline.py
[2026-05-31T11:14:07.578+0000] {logging_mixin.py:188} INFO - [2026-05-31T11:14:07.578+0000] {dag.py:3036} INFO - Sync 1 DAGs
[2026-05-31T11:14:07.597+0000] {logging_mixin.py:188} INFO - [2026-05-31T11:14:07.597+0000] {dag.py:3823} INFO - Setting next_dagrun for crime_analytics_pipeline to 2026-05-30 19:00:00+00:00, run_after=2026-06-06 19:00:00+00:00
[2026-05-31T11:14:07.636+0000] {processor.py:183} INFO - Processing /opt/airflow/dags/dag_crime_pipeline.py took 0.135 seconds
[2026-05-31T11:14:37.926+0000] {processor.py:161} INFO - Started process (PID=4494) to work on /opt/airflow/dags/dag_crime_pipeline.py
[2026-05-31T11:14:37.927+0000] {processor.py:830} INFO - Processing file /opt/airflow/dags/dag_crime_pipeline.py for tasks to queue
[2026-05-31T11:14:37.931+0000] {logging_mixin.py:188} INFO - [2026-05-31T11:14:37.930+0000] {dagbag.py:538} INFO - Filling up the DagBag from /opt/airflow/dags/dag_crime_pipeline.py
[2026-05-31T11:14:37.976+0000] {processor.py:840} INFO - DAG(s) 'crime_analytics_pipeline' retrieved from /opt/airflow/dags/dag_crime_pipeline.py
[2026-05-31T11:14:38.014+0000] {logging_mixin.py:188} INFO - [2026-05-31T11:14:38.013+0000] {dag.py:3036} INFO - Sync 1 DAGs
[2026-05-31T11:14:38.041+0000] {logging_mixin.py:188} INFO - [2026-05-31T11:14:38.041+0000] {dag.py:3823} INFO - Setting next_dagrun for crime_analytics_pipeline to 2026-05-30 19:00:00+00:00, run_after=2026-06-06 19:00:00+00:00
[2026-05-31T11:14:38.085+0000] {processor.py:183} INFO - Processing /opt/airflow/dags/dag_crime_pipeline.py took 0.164 seconds
[2026-05-31T11:15:08.233+0000] {processor.py:161} INFO - Started process (PID=4499) to work on /opt/airflow/dags/dag_crime_pipeline.py
[2026-05-31T11:15:08.234+0000] {processor.py:830} INFO - Processing file /opt/airflow/dags/dag_crime_pipeline.py for tasks to queue
[2026-05-31T11:15:08.236+0000] {logging_mixin.py:188} INFO - [2026-05-31T11:15:08.236+0000] {dagbag.py:538} INFO - Filling up the DagBag from /opt/airflow/dags/dag_crime_pipeline.py
[2026-05-31T11:15:08.294+0000] {processor.py:840} INFO - DAG(s) 'crime_analytics_pipeline' retrieved from /opt/airflow/dags/dag_crime_pipeline.py
[2026-05-31T11:15:08.327+0000] {logging_mixin.py:188} INFO - [2026-05-31T11:15:08.327+0000] {dag.py:3036} INFO - Sync 1 DAGs
[2026-05-31T11:15:08.350+0000] {logging_mixin.py:188} INFO - [2026-05-31T11:15:08.350+0000] {dag.py:3823} INFO - Setting next_dagrun for crime_analytics_pipeline to 2026-05-30 19:00:00+00:00, run_after=2026-06-06 19:00:00+00:00
[2026-05-31T11:15:08.369+0000] {processor.py:183} INFO - Processing /opt/airflow/dags/dag_crime_pipeline.py took 0.141 seconds
[2026-05-31T11:15:38.634+0000] {processor.py:161} INFO - Started process (PID=4504) to work on /opt/airflow/dags/dag_crime_pipeline.py
[2026-05-31T11:15:38.639+0000] {processor.py:830} INFO - Processing file /opt/airflow/dags/dag_crime_pipeline.py for tasks to queue
[2026-05-31T11:15:38.643+0000] {logging_mixin.py:188} INFO - [2026-05-31T11:15:38.642+0000] {dagbag.py:538} INFO - Filling up the DagBag from /opt/airflow/dags/dag_crime_pipeline.py
[2026-05-31T11:15:38.686+0000] {processor.py:840} INFO - DAG(s) 'crime_analytics_pipeline' retrieved from /opt/airflow/dags/dag_crime_pipeline.py
[2026-05-31T11:15:38.716+0000] {logging_mixin.py:188} INFO - [2026-05-31T11:15:38.716+0000] {dag.py:3036} INFO - Sync 1 DAGs
[2026-05-31T11:15:38.744+0000] {logging_mixin.py:188} INFO - [2026-05-31T11:15:38.744+0000] {dag.py:3823} INFO - Setting next_dagrun for crime_analytics_pipeline to 2026-05-30 19:00:00+00:00, run_after=2026-06-06 19:00:00+00:00
[2026-05-31T11:15:38.765+0000] {processor.py:183} INFO - Processing /opt/airflow/dags/dag_crime_pipeline.py took 0.136 seconds
[2026-05-31T11:16:08.920+0000] {processor.py:161} INFO - Started process (PID=4509) to work on /opt/airflow/dags/dag_crime_pipeline.py
[2026-05-31T11:16:08.921+0000] {processor.py:830} INFO - Processing file /opt/airflow/dags/dag_crime_pipeline.py for tasks to queue
[2026-05-31T11:16:08.925+0000] {logging_mixin.py:188} INFO - [2026-05-31T11:16:08.924+0000] {dagbag.py:538} INFO - Filling up the DagBag from /opt/airflow/dags/dag_crime_pipeline.py
[2026-05-31T11:16:08.970+0000] {processor.py:840} INFO - DAG(s) 'crime_analytics_pipeline' retrieved from /opt/airflow/dags/dag_crime_pipeline.py
[2026-05-31T11:16:09.013+0000] {logging_mixin.py:188} INFO - [2026-05-31T11:16:09.012+0000] {dag.py:3036} INFO - Sync 1 DAGs
[2026-05-31T11:16:09.040+0000] {logging_mixin.py:188} INFO - [2026-05-31T11:16:09.040+0000] {dag.py:3823} INFO - Setting next_dagrun for crime_analytics_pipeline to 2026-05-30 19:00:00+00:00, run_after=2026-06-06 19:00:00+00:00
[2026-05-31T11:16:09.065+0000] {processor.py:183} INFO - Processing /opt/airflow/dags/dag_crime_pipeline.py took 0.150 seconds
[2026-05-31T11:16:39.382+0000] {processor.py:161} INFO - Started process (PID=4514) to work on /opt/airflow/dags/dag_crime_pipeline.py
[2026-05-31T11:16:39.383+0000] {processor.py:830} INFO - Processing file /opt/airflow/dags/dag_crime_pipeline.py for tasks to queue
[2026-05-31T11:16:39.386+0000] {logging_mixin.py:188} INFO - [2026-05-31T11:16:39.385+0000] {dagbag.py:538} INFO - Filling up the DagBag from /opt/airflow/dags/dag_crime_pipeline.py
[2026-05-31T11:16:39.423+0000] {processor.py:840} INFO - DAG(s) 'crime_analytics_pipeline' retrieved from /opt/airflow/dags/dag_crime_pipeline.py
[2026-05-31T11:16:39.457+0000] {logging_mixin.py:188} INFO - [2026-05-31T11:16:39.456+0000] {dag.py:3036} INFO - Sync 1 DAGs
[2026-05-31T11:16:39.477+0000] {logging_mixin.py:188} INFO - [2026-05-31T11:16:39.476+0000] {dag.py:3823} INFO - Setting next_dagrun for crime_analytics_pipeline to 2026-05-30 19:00:00+00:00, run_after=2026-06-06 19:00:00+00:00
[2026-05-31T11:16:39.515+0000] {processor.py:183} INFO - Processing /opt/airflow/dags/dag_crime_pipeline.py took 0.137 seconds
[2026-05-31T11:17:09.708+0000] {processor.py:161} INFO - Started process (PID=4519) to work on /opt/airflow/dags/dag_crime_pipeline.py
[2026-05-31T11:17:09.709+0000] {processor.py:830} INFO - Processing file /opt/airflow/dags/dag_crime_pipeline.py for tasks to queue
[2026-05-31T11:17:09.713+0000] {logging_mixin.py:188} INFO - [2026-05-31T11:17:09.713+0000] {dagbag.py:538} INFO - Filling up the DagBag from /opt/airflow/dags/dag_crime_pipeline.py
[2026-05-31T11:17:09.753+0000] {processor.py:840} INFO - DAG(s) 'crime_analytics_pipeline' retrieved from /opt/airflow/dags/dag_crime_pipeline.py
[2026-05-31T11:17:09.783+0000] {logging_mixin.py:188} INFO - [2026-05-31T11:17:09.782+0000] {dag.py:3036} INFO - Sync 1 DAGs
[2026-05-31T11:17:09.802+0000] {logging_mixin.py:188} INFO - [2026-05-31T11:17:09.802+0000] {dag.py:3823} INFO - Setting next_dagrun for crime_analytics_pipeline to 2026-05-30 19:00:00+00:00, run_after=2026-06-06 19:00:00+00:00
[2026-05-31T11:17:09.846+0000] {processor.py:183} INFO - Processing /opt/airflow/dags/dag_crime_pipeline.py took 0.141 seconds
[2026-05-31T11:17:40.052+0000] {processor.py:161} INFO - Started process (PID=4524) to work on /opt/airflow/dags/dag_crime_pipeline.py
[2026-05-31T11:17:40.053+0000] {processor.py:830} INFO - Processing file /opt/airflow/dags/dag_crime_pipeline.py for tasks to queue
[2026-05-31T11:17:40.056+0000] {logging_mixin.py:188} INFO - [2026-05-31T11:17:40.055+0000] {dagbag.py:538} INFO - Filling up the DagBag from /opt/airflow/dags/dag_crime_pipeline.py
[2026-05-31T11:17:40.098+0000] {processor.py:840} INFO - DAG(s) 'crime_analytics_pipeline' retrieved from /opt/airflow/dags/dag_crime_pipeline.py
[2026-05-31T11:17:40.126+0000] {logging_mixin.py:188} INFO - [2026-05-31T11:17:40.126+0000] {dag.py:3036} INFO - Sync 1 DAGs
[2026-05-31T11:17:40.151+0000] {logging_mixin.py:188} INFO - [2026-05-31T11:17:40.150+0000] {dag.py:3823} INFO - Setting next_dagrun for crime_analytics_pipeline to 2026-05-30 19:00:00+00:00, run_after=2026-06-06 19:00:00+00:00
[2026-05-31T11:17:40.174+0000] {processor.py:183} INFO - Processing /opt/airflow/dags/dag_crime_pipeline.py took 0.127 seconds
[2026-05-31T11:18:10.374+0000] {processor.py:161} INFO - Started process (PID=4529) to work on /opt/airflow/dags/dag_crime_pipeline.py
[2026-05-31T11:18:10.376+0000] {processor.py:830} INFO - Processing file /opt/airflow/dags/dag_crime_pipeline.py for tasks to queue
[2026-05-31T11:18:10.380+0000] {logging_mixin.py:188} INFO - [2026-05-31T11:18:10.379+0000] {dagbag.py:538} INFO - Filling up the DagBag from /opt/airflow/dags/dag_crime_pipeline.py
[2026-05-31T11:18:10.419+0000] {processor.py:840} INFO - DAG(s) 'crime_analytics_pipeline' retrieved from /opt/airflow/dags/dag_crime_pipeline.py
[2026-05-31T11:18:10.451+0000] {logging_mixin.py:188} INFO - [2026-05-31T11:18:10.451+0000] {dag.py:3036} INFO - Sync 1 DAGs
[2026-05-31T11:18:10.472+0000] {logging_mixin.py:188} INFO - [2026-05-31T11:18:10.471+0000] {dag.py:3823} INFO - Setting next_dagrun for crime_analytics_pipeline to 2026-05-30 19:00:00+00:00, run_after=2026-06-06 19:00:00+00:00
[2026-05-31T11:18:10.494+0000] {processor.py:183} INFO - Processing /opt/airflow/dags/dag_crime_pipeline.py took 0.125 seconds
[2026-05-31T11:18:40.808+0000] {processor.py:161} INFO - Started process (PID=4534) to work on /opt/airflow/dags/dag_crime_pipeline.py
[2026-05-31T11:18:40.810+0000] {processor.py:830} INFO - Processing file /opt/airflow/dags/dag_crime_pipeline.py for tasks to queue
[2026-05-31T11:18:40.814+0000] {logging_mixin.py:188} INFO - [2026-05-31T11:18:40.813+0000] {dagbag.py:538} INFO - Filling up the DagBag from /opt/airflow/dags/dag_crime_pipeline.py
[2026-05-31T11:18:40.883+0000] {processor.py:840} INFO - DAG(s) 'crime_analytics_pipeline' retrieved from /opt/airflow/dags/dag_crime_pipeline.py
[2026-05-31T11:18:40.934+0000] {logging_mixin.py:188} INFO - [2026-05-31T11:18:40.933+0000] {dag.py:3036} INFO - Sync 1 DAGs
[2026-05-31T11:18:40.985+0000] {logging_mixin.py:188} INFO - [2026-05-31T11:18:40.982+0000] {dag.py:3823} INFO - Setting next_dagrun for crime_analytics_pipeline to 2026-05-30 19:00:00+00:00, run_after=2026-06-06 19:00:00+00:00
[2026-05-31T11:18:41.020+0000] {processor.py:183} INFO - Processing /opt/airflow/dags/dag_crime_pipeline.py took 0.217 seconds
[2026-05-31T11:19:11.099+0000] {processor.py:161} INFO - Started process (PID=4539) to work on /opt/airflow/dags/dag_crime_pipeline.py
[2026-05-31T11:19:11.100+0000] {processor.py:830} INFO - Processing file /opt/airflow/dags/dag_crime_pipeline.py for tasks to queue
[2026-05-31T11:19:11.103+0000] {logging_mixin.py:188} INFO - [2026-05-31T11:19:11.102+0000] {dagbag.py:538} INFO - Filling up the DagBag from /opt/airflow/dags/dag_crime_pipeline.py
[2026-05-31T11:19:11.143+0000] {processor.py:840} INFO - DAG(s) 'crime_analytics_pipeline' retrieved from /opt/airflow/dags/dag_crime_pipeline.py
[2026-05-31T11:19:11.177+0000] {logging_mixin.py:188} INFO - [2026-05-31T11:19:11.177+0000] {dag.py:3036} INFO - Sync 1 DAGs
[2026-05-31T11:19:11.196+0000] {logging_mixin.py:188} INFO - [2026-05-31T11:19:11.196+0000] {dag.py:3823} INFO - Setting next_dagrun for crime_analytics_pipeline to 2026-05-30 19:00:00+00:00, run_after=2026-06-06 19:00:00+00:00
[2026-05-31T11:19:11.215+0000] {processor.py:183} INFO - Processing /opt/airflow/dags/dag_crime_pipeline.py took 0.121 seconds
[2026-05-31T11:19:41.408+0000] {processor.py:161} INFO - Started process (PID=4544) to work on /opt/airflow/dags/dag_crime_pipeline.py
[2026-05-31T11:19:41.410+0000] {processor.py:830} INFO - Processing file /opt/airflow/dags/dag_crime_pipeline.py for tasks to queue
[2026-05-31T11:19:41.412+0000] {logging_mixin.py:188} INFO - [2026-05-31T11:19:41.412+0000] {dagbag.py:538} INFO - Filling up the DagBag from /opt/airflow/dags/dag_crime_pipeline.py
[2026-05-31T11:19:41.448+0000] {processor.py:840} INFO - DAG(s) 'crime_analytics_pipeline' retrieved from /opt/airflow/dags/dag_crime_pipeline.py
[2026-05-31T11:19:41.479+0000] {logging_mixin.py:188} INFO - [2026-05-31T11:19:41.478+0000] {dag.py:3036} INFO - Sync 1 DAGs
[2026-05-31T11:19:41.507+0000] {logging_mixin.py:188} INFO - [2026-05-31T11:19:41.507+0000] {dag.py:3823} INFO - Setting next_dagrun for crime_analytics_pipeline to 2026-05-30 19:00:00+00:00, run_after=2026-06-06 19:00:00+00:00
[2026-05-31T11:19:41.538+0000] {processor.py:183} INFO - Processing /opt/airflow/dags/dag_crime_pipeline.py took 0.133 seconds
[2026-05-31T11:20:11.823+0000] {processor.py:161} INFO - Started process (PID=4549) to work on /opt/airflow/dags/dag_crime_pipeline.py
[2026-05-31T11:20:11.825+0000] {processor.py:830} INFO - Processing file /opt/airflow/dags/dag_crime_pipeline.py for tasks to queue
[2026-05-31T11:20:11.828+0000] {logging_mixin.py:188} INFO - [2026-05-31T11:20:11.827+0000] {dagbag.py:538} INFO - Filling up the DagBag from /opt/airflow/dags/dag_crime_pipeline.py
[2026-05-31T11:20:11.865+0000] {processor.py:840} INFO - DAG(s) 'crime_analytics_pipeline' retrieved from /opt/airflow/dags/dag_crime_pipeline.py
[2026-05-31T11:20:11.897+0000] {logging_mixin.py:188} INFO - [2026-05-31T11:20:11.897+0000] {dag.py:3036} INFO - Sync 1 DAGs
[2026-05-31T11:20:11.917+0000] {logging_mixin.py:188} INFO - [2026-05-31T11:20:11.917+0000] {dag.py:3823} INFO - Setting next_dagrun for crime_analytics_pipeline to 2026-05-30 19:00:00+00:00, run_after=2026-06-06 19:00:00+00:00
[2026-05-31T11:20:11.954+0000] {processor.py:183} INFO - Processing /opt/airflow/dags/dag_crime_pipeline.py took 0.135 seconds
[2026-05-31T11:20:42.143+0000] {processor.py:161} INFO - Started process (PID=4554) to work on /opt/airflow/dags/dag_crime_pipeline.py
[2026-05-31T11:20:42.149+0000] {processor.py:830} INFO - Processing file /opt/airflow/dags/dag_crime_pipeline.py for tasks to queue
[2026-05-31T11:20:42.153+0000] {logging_mixin.py:188} INFO - [2026-05-31T11:20:42.153+0000] {dagbag.py:538} INFO - Filling up the DagBag from /opt/airflow/dags/dag_crime_pipeline.py
[2026-05-31T11:20:42.191+0000] {processor.py:840} INFO - DAG(s) 'crime_analytics_pipeline' retrieved from /opt/airflow/dags/dag_crime_pipeline.py
[2026-05-31T11:20:42.222+0000] {logging_mixin.py:188} INFO - [2026-05-31T11:20:42.222+0000] {dag.py:3036} INFO - Sync 1 DAGs
[2026-05-31T11:20:42.244+0000] {logging_mixin.py:188} INFO - [2026-05-31T11:20:42.244+0000] {dag.py:3823} INFO - Setting next_dagrun for crime_analytics_pipeline to 2026-05-30 19:00:00+00:00, run_after=2026-06-06 19:00:00+00:00
[2026-05-31T11:20:42.266+0000] {processor.py:183} INFO - Processing /opt/airflow/dags/dag_crime_pipeline.py took 0.128 seconds
[2026-05-31T11:21:12.542+0000] {processor.py:161} INFO - Started process (PID=4559) to work on /opt/airflow/dags/dag_crime_pipeline.py
[2026-05-31T11:21:12.543+0000] {processor.py:830} INFO - Processing file /opt/airflow/dags/dag_crime_pipeline.py for tasks to queue
[2026-05-31T11:21:12.546+0000] {logging_mixin.py:188} INFO - [2026-05-31T11:21:12.545+0000] {dagbag.py:538} INFO - Filling up the DagBag from /opt/airflow/dags/dag_crime_pipeline.py
[2026-05-31T11:21:12.583+0000] {processor.py:840} INFO - DAG(s) 'crime_analytics_pipeline' retrieved from /opt/airflow/dags/dag_crime_pipeline.py
[2026-05-31T11:21:12.619+0000] {logging_mixin.py:188} INFO - [2026-05-31T11:21:12.618+0000] {dag.py:3036} INFO - Sync 1 DAGs
[2026-05-31T11:21:12.642+0000] {logging_mixin.py:188} INFO - [2026-05-31T11:21:12.641+0000] {dag.py:3823} INFO - Setting next_dagrun for crime_analytics_pipeline to 2026-05-30 19:00:00+00:00, run_after=2026-06-06 19:00:00+00:00
[2026-05-31T11:21:12.660+0000] {processor.py:183} INFO - Processing /opt/airflow/dags/dag_crime_pipeline.py took 0.122 seconds
[2026-05-31T11:21:42.815+0000] {processor.py:161} INFO - Started process (PID=4564) to work on /opt/airflow/dags/dag_crime_pipeline.py
[2026-05-31T11:21:42.816+0000] {processor.py:830} INFO - Processing file /opt/airflow/dags/dag_crime_pipeline.py for tasks to queue
[2026-05-31T11:21:42.818+0000] {logging_mixin.py:188} INFO - [2026-05-31T11:21:42.818+0000] {dagbag.py:538} INFO - Filling up the DagBag from /opt/airflow/dags/dag_crime_pipeline.py
[2026-05-31T11:21:42.856+0000] {processor.py:840} INFO - DAG(s) 'crime_analytics_pipeline' retrieved from /opt/airflow/dags/dag_crime_pipeline.py
[2026-05-31T11:21:42.888+0000] {logging_mixin.py:188} INFO - [2026-05-31T11:21:42.887+0000] {dag.py:3036} INFO - Sync 1 DAGs
[2026-05-31T11:21:42.907+0000] {logging_mixin.py:188} INFO - [2026-05-31T11:21:42.907+0000] {dag.py:3823} INFO - Setting next_dagrun for crime_analytics_pipeline to 2026-05-30 19:00:00+00:00, run_after=2026-06-06 19:00:00+00:00
[2026-05-31T11:21:42.925+0000] {processor.py:183} INFO - Processing /opt/airflow/dags/dag_crime_pipeline.py took 0.115 seconds
[2026-05-31T11:22:13.114+0000] {processor.py:161} INFO - Started process (PID=4569) to work on /opt/airflow/dags/dag_crime_pipeline.py
[2026-05-31T11:22:13.117+0000] {processor.py:830} INFO - Processing file /opt/airflow/dags/dag_crime_pipeline.py for tasks to queue
[2026-05-31T11:22:13.119+0000] {logging_mixin.py:188} INFO - [2026-05-31T11:22:13.119+0000] {dagbag.py:538} INFO - Filling up the DagBag from /opt/airflow/dags/dag_crime_pipeline.py
[2026-05-31T11:22:13.170+0000] {processor.py:840} INFO - DAG(s) 'crime_analytics_pipeline' retrieved from /opt/airflow/dags/dag_crime_pipeline.py
[2026-05-31T11:22:13.204+0000] {logging_mixin.py:188} INFO - [2026-05-31T11:22:13.203+0000] {dag.py:3036} INFO - Sync 1 DAGs
[2026-05-31T11:22:13.224+0000] {logging_mixin.py:188} INFO - [2026-05-31T11:22:13.224+0000] {dag.py:3823} INFO - Setting next_dagrun for crime_analytics_pipeline to 2026-05-30 19:00:00+00:00, run_after=2026-06-06 19:00:00+00:00
[2026-05-31T11:22:13.244+0000] {processor.py:183} INFO - Processing /opt/airflow/dags/dag_crime_pipeline.py took 0.136 seconds
[2026-05-31T11:22:43.516+0000] {processor.py:161} INFO - Started process (PID=4574) to work on /opt/airflow/dags/dag_crime_pipeline.py
[2026-05-31T11:22:43.526+0000] {processor.py:830} INFO - Processing file /opt/airflow/dags/dag_crime_pipeline.py for tasks to queue
[2026-05-31T11:22:43.534+0000] {logging_mixin.py:188} INFO - [2026-05-31T11:22:43.533+0000] {dagbag.py:538} INFO - Filling up the DagBag from /opt/airflow/dags/dag_crime_pipeline.py
[2026-05-31T11:22:43.579+0000] {processor.py:840} INFO - DAG(s) 'crime_analytics_pipeline' retrieved from /opt/airflow/dags/dag_crime_pipeline.py
[2026-05-31T11:22:43.611+0000] {logging_mixin.py:188} INFO - [2026-05-31T11:22:43.611+0000] {dag.py:3036} INFO - Sync 1 DAGs
[2026-05-31T11:22:43.632+0000] {logging_mixin.py:188} INFO - [2026-05-31T11:22:43.631+0000] {dag.py:3823} INFO - Setting next_dagrun for crime_analytics_pipeline to 2026-05-30 19:00:00+00:00, run_after=2026-06-06 19:00:00+00:00
[2026-05-31T11:22:43.669+0000] {processor.py:183} INFO - Processing /opt/airflow/dags/dag_crime_pipeline.py took 0.157 seconds
[2026-05-31T11:23:13.952+0000] {processor.py:161} INFO - Started process (PID=4579) to work on /opt/airflow/dags/dag_crime_pipeline.py
[2026-05-31T11:23:13.954+0000] {processor.py:830} INFO - Processing file /opt/airflow/dags/dag_crime_pipeline.py for tasks to queue
[2026-05-31T11:23:13.956+0000] {logging_mixin.py:188} INFO - [2026-05-31T11:23:13.956+0000] {dagbag.py:538} INFO - Filling up the DagBag from /opt/airflow/dags/dag_crime_pipeline.py
[2026-05-31T11:23:13.992+0000] {processor.py:840} INFO - DAG(s) 'crime_analytics_pipeline' retrieved from /opt/airflow/dags/dag_crime_pipeline.py
[2026-05-31T11:23:14.042+0000] {logging_mixin.py:188} INFO - [2026-05-31T11:23:14.042+0000] {dag.py:3036} INFO - Sync 1 DAGs
[2026-05-31T11:23:14.066+0000] {logging_mixin.py:188} INFO - [2026-05-31T11:23:14.066+0000] {dag.py:3823} INFO - Setting next_dagrun for crime_analytics_pipeline to 2026-05-30 19:00:00+00:00, run_after=2026-06-06 19:00:00+00:00
[2026-05-31T11:23:14.085+0000] {processor.py:183} INFO - Processing /opt/airflow/dags/dag_crime_pipeline.py took 0.138 seconds
[2026-05-31T11:23:44.229+0000] {processor.py:161} INFO - Started process (PID=4584) to work on /opt/airflow/dags/dag_crime_pipeline.py
[2026-05-31T11:23:44.230+0000] {processor.py:830} INFO - Processing file /opt/airflow/dags/dag_crime_pipeline.py for tasks to queue
[2026-05-31T11:23:44.232+0000] {logging_mixin.py:188} INFO - [2026-05-31T11:23:44.232+0000] {dagbag.py:538} INFO - Filling up the DagBag from /opt/airflow/dags/dag_crime_pipeline.py
[2026-05-31T11:23:44.275+0000] {processor.py:840} INFO - DAG(s) 'crime_analytics_pipeline' retrieved from /opt/airflow/dags/dag_crime_pipeline.py
[2026-05-31T11:23:44.303+0000] {logging_mixin.py:188} INFO - [2026-05-31T11:23:44.302+0000] {dag.py:3036} INFO - Sync 1 DAGs
[2026-05-31T11:23:44.325+0000] {logging_mixin.py:188} INFO - [2026-05-31T11:23:44.325+0000] {dag.py:3823} INFO - Setting next_dagrun for crime_analytics_pipeline to 2026-05-30 19:00:00+00:00, run_after=2026-06-06 19:00:00+00:00
[2026-05-31T11:23:44.346+0000] {processor.py:183} INFO - Processing /opt/airflow/dags/dag_crime_pipeline.py took 0.122 seconds
[2026-05-31T11:24:14.619+0000] {processor.py:161} INFO - Started process (PID=4589) to work on /opt/airflow/dags/dag_crime_pipeline.py
[2026-05-31T11:24:14.621+0000] {processor.py:830} INFO - Processing file /opt/airflow/dags/dag_crime_pipeline.py for tasks to queue
[2026-05-31T11:24:14.624+0000] {logging_mixin.py:188} INFO - [2026-05-31T11:24:14.623+0000] {dagbag.py:538} INFO - Filling up the DagBag from /opt/airflow/dags/dag_crime_pipeline.py
[2026-05-31T11:24:14.661+0000] {processor.py:840} INFO - DAG(s) 'crime_analytics_pipeline' retrieved from /opt/airflow/dags/dag_crime_pipeline.py
[2026-05-31T11:24:14.691+0000] {logging_mixin.py:188} INFO - [2026-05-31T11:24:14.690+0000] {dag.py:3036} INFO - Sync 1 DAGs
[2026-05-31T11:24:14.710+0000] {logging_mixin.py:188} INFO - [2026-05-31T11:24:14.710+0000] {dag.py:3823} INFO - Setting next_dagrun for crime_analytics_pipeline to 2026-05-30 19:00:00+00:00, run_after=2026-06-06 19:00:00+00:00
[2026-05-31T11:24:14.746+0000] {processor.py:183} INFO - Processing /opt/airflow/dags/dag_crime_pipeline.py took 0.132 seconds
[2026-05-31T11:24:44.946+0000] {processor.py:161} INFO - Started process (PID=4594) to work on /opt/airflow/dags/dag_crime_pipeline.py
[2026-05-31T11:24:44.947+0000] {processor.py:830} INFO - Processing file /opt/airflow/dags/dag_crime_pipeline.py for tasks to queue
[2026-05-31T11:24:44.950+0000] {logging_mixin.py:188} INFO - [2026-05-31T11:24:44.949+0000] {dagbag.py:538} INFO - Filling up the DagBag from /opt/airflow/dags/dag_crime_pipeline.py
[2026-05-31T11:24:45.005+0000] {processor.py:840} INFO - DAG(s) 'crime_analytics_pipeline' retrieved from /opt/airflow/dags/dag_crime_pipeline.py
[2026-05-31T11:24:45.034+0000] {logging_mixin.py:188} INFO - [2026-05-31T11:24:45.034+0000] {dag.py:3036} INFO - Sync 1 DAGs
[2026-05-31T11:24:45.055+0000] {logging_mixin.py:188} INFO - [2026-05-31T11:24:45.055+0000] {dag.py:3823} INFO - Setting next_dagrun for crime_analytics_pipeline to 2026-05-30 19:00:00+00:00, run_after=2026-06-06 19:00:00+00:00
[2026-05-31T11:24:45.077+0000] {processor.py:183} INFO - Processing /opt/airflow/dags/dag_crime_pipeline.py took 0.136 seconds
[2026-05-31T11:25:15.336+0000] {processor.py:161} INFO - Started process (PID=4599) to work on /opt/airflow/dags/dag_crime_pipeline.py
[2026-05-31T11:25:15.337+0000] {processor.py:830} INFO - Processing file /opt/airflow/dags/dag_crime_pipeline.py for tasks to queue
[2026-05-31T11:25:15.340+0000] {logging_mixin.py:188} INFO - [2026-05-31T11:25:15.340+0000] {dagbag.py:538} INFO - Filling up the DagBag from /opt/airflow/dags/dag_crime_pipeline.py
[2026-05-31T11:25:15.380+0000] {processor.py:840} INFO - DAG(s) 'crime_analytics_pipeline' retrieved from /opt/airflow/dags/dag_crime_pipeline.py
[2026-05-31T11:25:15.415+0000] {logging_mixin.py:188} INFO - [2026-05-31T11:25:15.414+0000] {dag.py:3036} INFO - Sync 1 DAGs
[2026-05-31T11:25:15.438+0000] {logging_mixin.py:188} INFO - [2026-05-31T11:25:15.437+0000] {dag.py:3823} INFO - Setting next_dagrun for crime_analytics_pipeline to 2026-05-30 19:00:00+00:00, run_after=2026-06-06 19:00:00+00:00
[2026-05-31T11:25:15.457+0000] {processor.py:183} INFO - Processing /opt/airflow/dags/dag_crime_pipeline.py took 0.124 seconds
[2026-05-31T11:25:45.651+0000] {processor.py:161} INFO - Started process (PID=4604) to work on /opt/airflow/dags/dag_crime_pipeline.py
[2026-05-31T11:25:45.653+0000] {processor.py:830} INFO - Processing file /opt/airflow/dags/dag_crime_pipeline.py for tasks to queue
[2026-05-31T11:25:45.656+0000] {logging_mixin.py:188} INFO - [2026-05-31T11:25:45.655+0000] {dagbag.py:538} INFO - Filling up the DagBag from /opt/airflow/dags/dag_crime_pipeline.py
[2026-05-31T11:25:45.692+0000] {processor.py:840} INFO - DAG(s) 'crime_analytics_pipeline' retrieved from /opt/airflow/dags/dag_crime_pipeline.py
[2026-05-31T11:25:45.751+0000] {logging_mixin.py:188} INFO - [2026-05-31T11:25:45.750+0000] {dag.py:3036} INFO - Sync 1 DAGs
[2026-05-31T11:25:45.782+0000] {logging_mixin.py:188} INFO - [2026-05-31T11:25:45.782+0000] {dag.py:3823} INFO - Setting next_dagrun for crime_analytics_pipeline to 2026-05-30 19:00:00+00:00, run_after=2026-06-06 19:00:00+00:00
[2026-05-31T11:25:45.806+0000] {processor.py:183} INFO - Processing /opt/airflow/dags/dag_crime_pipeline.py took 0.158 seconds
[2026-05-31T11:26:16.153+0000] {processor.py:161} INFO - Started process (PID=4609) to work on /opt/airflow/dags/dag_crime_pipeline.py
[2026-05-31T11:26:16.155+0000] {processor.py:830} INFO - Processing file /opt/airflow/dags/dag_crime_pipeline.py for tasks to queue
[2026-05-31T11:26:16.158+0000] {logging_mixin.py:188} INFO - [2026-05-31T11:26:16.157+0000] {dagbag.py:538} INFO - Filling up the DagBag from /opt/airflow/dags/dag_crime_pipeline.py
[2026-05-31T11:26:16.200+0000] {processor.py:840} INFO - DAG(s) 'crime_analytics_pipeline' retrieved from /opt/airflow/dags/dag_crime_pipeline.py
[2026-05-31T11:26:16.238+0000] {logging_mixin.py:188} INFO - [2026-05-31T11:26:16.237+0000] {dag.py:3036} INFO - Sync 1 DAGs
[2026-05-31T11:26:16.268+0000] {logging_mixin.py:188} INFO - [2026-05-31T11:26:16.268+0000] {dag.py:3823} INFO - Setting next_dagrun for crime_analytics_pipeline to 2026-05-30 19:00:00+00:00, run_after=2026-06-06 19:00:00+00:00
[2026-05-31T11:26:16.299+0000] {processor.py:183} INFO - Processing /opt/airflow/dags/dag_crime_pipeline.py took 0.150 seconds
[2026-05-31T11:26:46.431+0000] {processor.py:161} INFO - Started process (PID=4614) to work on /opt/airflow/dags/dag_crime_pipeline.py
[2026-05-31T11:26:46.433+0000] {processor.py:830} INFO - Processing file /opt/airflow/dags/dag_crime_pipeline.py for tasks to queue
[2026-05-31T11:26:46.436+0000] {logging_mixin.py:188} INFO - [2026-05-31T11:26:46.435+0000] {dagbag.py:538} INFO - Filling up the DagBag from /opt/airflow/dags/dag_crime_pipeline.py
[2026-05-31T11:26:46.476+0000] {processor.py:840} INFO - DAG(s) 'crime_analytics_pipeline' retrieved from /opt/airflow/dags/dag_crime_pipeline.py
[2026-05-31T11:26:46.507+0000] {logging_mixin.py:188} INFO - [2026-05-31T11:26:46.507+0000] {dag.py:3036} INFO - Sync 1 DAGs
[2026-05-31T11:26:46.528+0000] {logging_mixin.py:188} INFO - [2026-05-31T11:26:46.528+0000] {dag.py:3823} INFO - Setting next_dagrun for crime_analytics_pipeline to 2026-05-30 19:00:00+00:00, run_after=2026-06-06 19:00:00+00:00
[2026-05-31T11:26:46.548+0000] {processor.py:183} INFO - Processing /opt/airflow/dags/dag_crime_pipeline.py took 0.120 seconds
[2026-05-31T11:27:16.836+0000] {processor.py:161} INFO - Started process (PID=4619) to work on /opt/airflow/dags/dag_crime_pipeline.py
[2026-05-31T11:27:16.837+0000] {processor.py:830} INFO - Processing file /opt/airflow/dags/dag_crime_pipeline.py for tasks to queue
[2026-05-31T11:27:16.840+0000] {logging_mixin.py:188} INFO - [2026-05-31T11:27:16.839+0000] {dagbag.py:538} INFO - Filling up the DagBag from /opt/airflow/dags/dag_crime_pipeline.py
[2026-05-31T11:27:16.876+0000] {processor.py:840} INFO - DAG(s) 'crime_analytics_pipeline' retrieved from /opt/airflow/dags/dag_crime_pipeline.py
[2026-05-31T11:27:16.907+0000] {logging_mixin.py:188} INFO - [2026-05-31T11:27:16.906+0000] {dag.py:3036} INFO - Sync 1 DAGs
[2026-05-31T11:27:16.928+0000] {logging_mixin.py:188} INFO - [2026-05-31T11:27:16.928+0000] {dag.py:3823} INFO - Setting next_dagrun for crime_analytics_pipeline to 2026-05-30 19:00:00+00:00, run_after=2026-06-06 19:00:00+00:00
[2026-05-31T11:27:16.953+0000] {processor.py:183} INFO - Processing /opt/airflow/dags/dag_crime_pipeline.py took 0.120 seconds
[2026-05-31T11:27:47.097+0000] {processor.py:161} INFO - Started process (PID=4624) to work on /opt/airflow/dags/dag_crime_pipeline.py
[2026-05-31T11:27:47.098+0000] {processor.py:830} INFO - Processing file /opt/airflow/dags/dag_crime_pipeline.py for tasks to queue
[2026-05-31T11:27:47.103+0000] {logging_mixin.py:188} INFO - [2026-05-31T11:27:47.103+0000] {dagbag.py:538} INFO - Filling up the DagBag from /opt/airflow/dags/dag_crime_pipeline.py
[2026-05-31T11:27:47.146+0000] {processor.py:840} INFO - DAG(s) 'crime_analytics_pipeline' retrieved from /opt/airflow/dags/dag_crime_pipeline.py
[2026-05-31T11:27:47.176+0000] {logging_mixin.py:188} INFO - [2026-05-31T11:27:47.176+0000] {dag.py:3036} INFO - Sync 1 DAGs
[2026-05-31T11:27:47.197+0000] {logging_mixin.py:188} INFO - [2026-05-31T11:27:47.197+0000] {dag.py:3823} INFO - Setting next_dagrun for crime_analytics_pipeline to 2026-05-30 19:00:00+00:00, run_after=2026-06-06 19:00:00+00:00
[2026-05-31T11:27:47.235+0000] {processor.py:183} INFO - Processing /opt/airflow/dags/dag_crime_pipeline.py took 0.143 seconds
[2026-05-31T11:28:17.515+0000] {processor.py:161} INFO - Started process (PID=4629) to work on /opt/airflow/dags/dag_crime_pipeline.py
[2026-05-31T11:28:17.516+0000] {processor.py:830} INFO - Processing file /opt/airflow/dags/dag_crime_pipeline.py for tasks to queue
[2026-05-31T11:28:17.519+0000] {logging_mixin.py:188} INFO - [2026-05-31T11:28:17.518+0000] {dagbag.py:538} INFO - Filling up the DagBag from /opt/airflow/dags/dag_crime_pipeline.py
[2026-05-31T11:28:17.556+0000] {processor.py:840} INFO - DAG(s) 'crime_analytics_pipeline' retrieved from /opt/airflow/dags/dag_crime_pipeline.py
[2026-05-31T11:28:17.590+0000] {logging_mixin.py:188} INFO - [2026-05-31T11:28:17.589+0000] {dag.py:3036} INFO - Sync 1 DAGs
[2026-05-31T11:28:17.618+0000] {logging_mixin.py:188} INFO - [2026-05-31T11:28:17.617+0000] {dag.py:3823} INFO - Setting next_dagrun for crime_analytics_pipeline to 2026-05-30 19:00:00+00:00, run_after=2026-06-06 19:00:00+00:00
[2026-05-31T11:28:17.640+0000] {processor.py:183} INFO - Processing /opt/airflow/dags/dag_crime_pipeline.py took 0.129 seconds
[2026-05-31T11:28:47.830+0000] {processor.py:161} INFO - Started process (PID=4634) to work on /opt/airflow/dags/dag_crime_pipeline.py
[2026-05-31T11:28:47.831+0000] {processor.py:830} INFO - Processing file /opt/airflow/dags/dag_crime_pipeline.py for tasks to queue
[2026-05-31T11:28:47.835+0000] {logging_mixin.py:188} INFO - [2026-05-31T11:28:47.834+0000] {dagbag.py:538} INFO - Filling up the DagBag from /opt/airflow/dags/dag_crime_pipeline.py
[2026-05-31T11:28:47.875+0000] {processor.py:840} INFO - DAG(s) 'crime_analytics_pipeline' retrieved from /opt/airflow/dags/dag_crime_pipeline.py
[2026-05-31T11:28:47.915+0000] {logging_mixin.py:188} INFO - [2026-05-31T11:28:47.915+0000] {dag.py:3036} INFO - Sync 1 DAGs
[2026-05-31T11:28:47.942+0000] {logging_mixin.py:188} INFO - [2026-05-31T11:28:47.942+0000] {dag.py:3823} INFO - Setting next_dagrun for crime_analytics_pipeline to 2026-05-30 19:00:00+00:00, run_after=2026-06-06 19:00:00+00:00
[2026-05-31T11:28:47.994+0000] {processor.py:183} INFO - Processing /opt/airflow/dags/dag_crime_pipeline.py took 0.169 seconds
[2026-05-31T11:29:18.278+0000] {processor.py:161} INFO - Started process (PID=4639) to work on /opt/airflow/dags/dag_crime_pipeline.py
[2026-05-31T11:29:18.279+0000] {processor.py:830} INFO - Processing file /opt/airflow/dags/dag_crime_pipeline.py for tasks to queue
[2026-05-31T11:29:18.282+0000] {logging_mixin.py:188} INFO - [2026-05-31T11:29:18.281+0000] {dagbag.py:538} INFO - Filling up the DagBag from /opt/airflow/dags/dag_crime_pipeline.py
[2026-05-31T11:29:18.318+0000] {processor.py:840} INFO - DAG(s) 'crime_analytics_pipeline' retrieved from /opt/airflow/dags/dag_crime_pipeline.py
[2026-05-31T11:29:18.367+0000] {logging_mixin.py:188} INFO - [2026-05-31T11:29:18.366+0000] {dag.py:3036} INFO - Sync 1 DAGs
[2026-05-31T11:29:18.388+0000] {logging_mixin.py:188} INFO - [2026-05-31T11:29:18.388+0000] {dag.py:3823} INFO - Setting next_dagrun for crime_analytics_pipeline to 2026-05-30 19:00:00+00:00, run_after=2026-06-06 19:00:00+00:00
[2026-05-31T11:29:18.411+0000] {processor.py:183} INFO - Processing /opt/airflow/dags/dag_crime_pipeline.py took 0.137 seconds
[2026-05-31T11:29:48.625+0000] {processor.py:161} INFO - Started process (PID=4644) to work on /opt/airflow/dags/dag_crime_pipeline.py
[2026-05-31T11:29:48.628+0000] {processor.py:830} INFO - Processing file /opt/airflow/dags/dag_crime_pipeline.py for tasks to queue
[2026-05-31T11:29:48.631+0000] {logging_mixin.py:188} INFO - [2026-05-31T11:29:48.630+0000] {dagbag.py:538} INFO - Filling up the DagBag from /opt/airflow/dags/dag_crime_pipeline.py
[2026-05-31T11:29:48.675+0000] {processor.py:840} INFO - DAG(s) 'crime_analytics_pipeline' retrieved from /opt/airflow/dags/dag_crime_pipeline.py
[2026-05-31T11:29:48.717+0000] {logging_mixin.py:188} INFO - [2026-05-31T11:29:48.717+0000] {dag.py:3036} INFO - Sync 1 DAGs
[2026-05-31T11:29:48.746+0000] {logging_mixin.py:188} INFO - [2026-05-31T11:29:48.746+0000] {dag.py:3823} INFO - Setting next_dagrun for crime_analytics_pipeline to 2026-05-30 19:00:00+00:00, run_after=2026-06-06 19:00:00+00:00
[2026-05-31T11:29:48.788+0000] {processor.py:183} INFO - Processing /opt/airflow/dags/dag_crime_pipeline.py took 0.167 seconds
[2026-05-31T11:30:19.063+0000] {processor.py:161} INFO - Started process (PID=4649) to work on /opt/airflow/dags/dag_crime_pipeline.py
[2026-05-31T11:30:19.065+0000] {processor.py:830} INFO - Processing file /opt/airflow/dags/dag_crime_pipeline.py for tasks to queue
[2026-05-31T11:30:19.068+0000] {logging_mixin.py:188} INFO - [2026-05-31T11:30:19.068+0000] {dagbag.py:538} INFO - Filling up the DagBag from /opt/airflow/dags/dag_crime_pipeline.py
[2026-05-31T11:30:19.114+0000] {processor.py:840} INFO - DAG(s) 'crime_analytics_pipeline' retrieved from /opt/airflow/dags/dag_crime_pipeline.py
[2026-05-31T11:30:19.156+0000] {logging_mixin.py:188} INFO - [2026-05-31T11:30:19.155+0000] {dag.py:3036} INFO - Sync 1 DAGs
[2026-05-31T11:30:19.193+0000] {logging_mixin.py:188} INFO - [2026-05-31T11:30:19.192+0000] {dag.py:3823} INFO - Setting next_dagrun for crime_analytics_pipeline to 2026-05-30 19:00:00+00:00, run_after=2026-06-06 19:00:00+00:00
[2026-05-31T11:30:19.245+0000] {processor.py:183} INFO - Processing /opt/airflow/dags/dag_crime_pipeline.py took 0.188 seconds
[2026-05-31T11:30:49.390+0000] {processor.py:161} INFO - Started process (PID=4654) to work on /opt/airflow/dags/dag_crime_pipeline.py
[2026-05-31T11:30:49.392+0000] {processor.py:830} INFO - Processing file /opt/airflow/dags/dag_crime_pipeline.py for tasks to queue
[2026-05-31T11:30:49.395+0000] {logging_mixin.py:188} INFO - [2026-05-31T11:30:49.394+0000] {dagbag.py:538} INFO - Filling up the DagBag from /opt/airflow/dags/dag_crime_pipeline.py
[2026-05-31T11:30:49.434+0000] {processor.py:840} INFO - DAG(s) 'crime_analytics_pipeline' retrieved from /opt/airflow/dags/dag_crime_pipeline.py
[2026-05-31T11:30:49.468+0000] {logging_mixin.py:188} INFO - [2026-05-31T11:30:49.468+0000] {dag.py:3036} INFO - Sync 1 DAGs
[2026-05-31T11:30:49.492+0000] {logging_mixin.py:188} INFO - [2026-05-31T11:30:49.491+0000] {dag.py:3823} INFO - Setting next_dagrun for crime_analytics_pipeline to 2026-05-30 19:00:00+00:00, run_after=2026-06-06 19:00:00+00:00
[2026-05-31T11:30:49.515+0000] {processor.py:183} INFO - Processing /opt/airflow/dags/dag_crime_pipeline.py took 0.130 seconds
[2026-05-31T11:31:19.704+0000] {processor.py:161} INFO - Started process (PID=4659) to work on /opt/airflow/dags/dag_crime_pipeline.py
[2026-05-31T11:31:19.705+0000] {processor.py:830} INFO - Processing file /opt/airflow/dags/dag_crime_pipeline.py for tasks to queue
[2026-05-31T11:31:19.708+0000] {logging_mixin.py:188} INFO - [2026-05-31T11:31:19.708+0000] {dagbag.py:538} INFO - Filling up the DagBag from /opt/airflow/dags/dag_crime_pipeline.py
[2026-05-31T11:31:19.746+0000] {processor.py:840} INFO - DAG(s) 'crime_analytics_pipeline' retrieved from /opt/airflow/dags/dag_crime_pipeline.py
[2026-05-31T11:31:19.781+0000] {logging_mixin.py:188} INFO - [2026-05-31T11:31:19.781+0000] {dag.py:3036} INFO - Sync 1 DAGs
[2026-05-31T11:31:19.807+0000] {logging_mixin.py:188} INFO - [2026-05-31T11:31:19.807+0000] {dag.py:3823} INFO - Setting next_dagrun for crime_analytics_pipeline to 2026-05-30 19:00:00+00:00, run_after=2026-06-06 19:00:00+00:00
[2026-05-31T11:31:19.850+0000] {processor.py:183} INFO - Processing /opt/airflow/dags/dag_crime_pipeline.py took 0.149 seconds
[2026-05-31T11:31:50.154+0000] {processor.py:161} INFO - Started process (PID=4664) to work on /opt/airflow/dags/dag_crime_pipeline.py
[2026-05-31T11:31:50.156+0000] {processor.py:830} INFO - Processing file /opt/airflow/dags/dag_crime_pipeline.py for tasks to queue
[2026-05-31T11:31:50.158+0000] {logging_mixin.py:188} INFO - [2026-05-31T11:31:50.157+0000] {dagbag.py:538} INFO - Filling up the DagBag from /opt/airflow/dags/dag_crime_pipeline.py
[2026-05-31T11:31:50.196+0000] {processor.py:840} INFO - DAG(s) 'crime_analytics_pipeline' retrieved from /opt/airflow/dags/dag_crime_pipeline.py
[2026-05-31T11:31:50.242+0000] {logging_mixin.py:188} INFO - [2026-05-31T11:31:50.242+0000] {dag.py:3036} INFO - Sync 1 DAGs
[2026-05-31T11:31:50.266+0000] {logging_mixin.py:188} INFO - [2026-05-31T11:31:50.266+0000] {dag.py:3823} INFO - Setting next_dagrun for crime_analytics_pipeline to 2026-05-30 19:00:00+00:00, run_after=2026-06-06 19:00:00+00:00
[2026-05-31T11:31:50.285+0000] {processor.py:183} INFO - Processing /opt/airflow/dags/dag_crime_pipeline.py took 0.135 seconds
[2026-05-31T11:32:20.469+0000] {processor.py:161} INFO - Started process (PID=4669) to work on /opt/airflow/dags/dag_crime_pipeline.py
[2026-05-31T11:32:20.470+0000] {processor.py:830} INFO - Processing file /opt/airflow/dags/dag_crime_pipeline.py for tasks to queue
[2026-05-31T11:32:20.473+0000] {logging_mixin.py:188} INFO - [2026-05-31T11:32:20.472+0000] {dagbag.py:538} INFO - Filling up the DagBag from /opt/airflow/dags/dag_crime_pipeline.py
[2026-05-31T11:32:20.509+0000] {processor.py:840} INFO - DAG(s) 'crime_analytics_pipeline' retrieved from /opt/airflow/dags/dag_crime_pipeline.py
[2026-05-31T11:32:20.542+0000] {logging_mixin.py:188} INFO - [2026-05-31T11:32:20.541+0000] {dag.py:3036} INFO - Sync 1 DAGs
[2026-05-31T11:32:20.566+0000] {logging_mixin.py:188} INFO - [2026-05-31T11:32:20.565+0000] {dag.py:3823} INFO - Setting next_dagrun for crime_analytics_pipeline to 2026-05-30 19:00:00+00:00, run_after=2026-06-06 19:00:00+00:00
[2026-05-31T11:32:20.610+0000] {processor.py:183} INFO - Processing /opt/airflow/dags/dag_crime_pipeline.py took 0.145 seconds
[2026-05-31T11:32:50.847+0000] {processor.py:161} INFO - Started process (PID=4674) to work on /opt/airflow/dags/dag_crime_pipeline.py
[2026-05-31T11:32:50.848+0000] {processor.py:830} INFO - Processing file /opt/airflow/dags/dag_crime_pipeline.py for tasks to queue
[2026-05-31T11:32:50.851+0000] {logging_mixin.py:188} INFO - [2026-05-31T11:32:50.851+0000] {dagbag.py:538} INFO - Filling up the DagBag from /opt/airflow/dags/dag_crime_pipeline.py
[2026-05-31T11:32:50.888+0000] {processor.py:840} INFO - DAG(s) 'crime_analytics_pipeline' retrieved from /opt/airflow/dags/dag_crime_pipeline.py
[2026-05-31T11:32:50.918+0000] {logging_mixin.py:188} INFO - [2026-05-31T11:32:50.918+0000] {dag.py:3036} INFO - Sync 1 DAGs
[2026-05-31T11:32:50.939+0000] {logging_mixin.py:188} INFO - [2026-05-31T11:32:50.939+0000] {dag.py:3823} INFO - Setting next_dagrun for crime_analytics_pipeline to 2026-05-30 19:00:00+00:00, run_after=2026-06-06 19:00:00+00:00
[2026-05-31T11:32:50.956+0000] {processor.py:183} INFO - Processing /opt/airflow/dags/dag_crime_pipeline.py took 0.113 seconds
[2026-05-31T11:33:21.201+0000] {processor.py:161} INFO - Started process (PID=4679) to work on /opt/airflow/dags/dag_crime_pipeline.py
[2026-05-31T11:33:21.203+0000] {processor.py:830} INFO - Processing file /opt/airflow/dags/dag_crime_pipeline.py for tasks to queue
[2026-05-31T11:33:21.207+0000] {logging_mixin.py:188} INFO - [2026-05-31T11:33:21.207+0000] {dagbag.py:538} INFO - Filling up the DagBag from /opt/airflow/dags/dag_crime_pipeline.py
[2026-05-31T11:33:21.254+0000] {processor.py:840} INFO - DAG(s) 'crime_analytics_pipeline' retrieved from /opt/airflow/dags/dag_crime_pipeline.py
[2026-05-31T11:33:21.295+0000] {logging_mixin.py:188} INFO - [2026-05-31T11:33:21.294+0000] {dag.py:3036} INFO - Sync 1 DAGs
[2026-05-31T11:33:21.326+0000] {logging_mixin.py:188} INFO - [2026-05-31T11:33:21.325+0000] {dag.py:3823} INFO - Setting next_dagrun for crime_analytics_pipeline to 2026-05-30 19:00:00+00:00, run_after=2026-06-06 19:00:00+00:00
[2026-05-31T11:33:21.354+0000] {processor.py:183} INFO - Processing /opt/airflow/dags/dag_crime_pipeline.py took 0.157 seconds
[2026-05-31T11:33:51.727+0000] {processor.py:161} INFO - Started process (PID=4684) to work on /opt/airflow/dags/dag_crime_pipeline.py
[2026-05-31T11:33:51.729+0000] {processor.py:830} INFO - Processing file /opt/airflow/dags/dag_crime_pipeline.py for tasks to queue
[2026-05-31T11:33:51.734+0000] {logging_mixin.py:188} INFO - [2026-05-31T11:33:51.733+0000] {dagbag.py:538} INFO - Filling up the DagBag from /opt/airflow/dags/dag_crime_pipeline.py
[2026-05-31T11:33:51.799+0000] {processor.py:840} INFO - DAG(s) 'crime_analytics_pipeline' retrieved from /opt/airflow/dags/dag_crime_pipeline.py
[2026-05-31T11:33:51.844+0000] {logging_mixin.py:188} INFO - [2026-05-31T11:33:51.844+0000] {dag.py:3036} INFO - Sync 1 DAGs
[2026-05-31T11:33:51.870+0000] {logging_mixin.py:188} INFO - [2026-05-31T11:33:51.869+0000] {dag.py:3823} INFO - Setting next_dagrun for crime_analytics_pipeline to 2026-05-30 19:00:00+00:00, run_after=2026-06-06 19:00:00+00:00
[2026-05-31T11:33:51.891+0000] {processor.py:183} INFO - Processing /opt/airflow/dags/dag_crime_pipeline.py took 0.177 seconds
[2026-05-31T11:34:21.966+0000] {processor.py:161} INFO - Started process (PID=4689) to work on /opt/airflow/dags/dag_crime_pipeline.py
[2026-05-31T11:34:21.968+0000] {processor.py:830} INFO - Processing file /opt/airflow/dags/dag_crime_pipeline.py for tasks to queue
[2026-05-31T11:34:21.971+0000] {logging_mixin.py:188} INFO - [2026-05-31T11:34:21.970+0000] {dagbag.py:538} INFO - Filling up the DagBag from /opt/airflow/dags/dag_crime_pipeline.py
[2026-05-31T11:34:22.033+0000] {processor.py:840} INFO - DAG(s) 'crime_analytics_pipeline' retrieved from /opt/airflow/dags/dag_crime_pipeline.py
[2026-05-31T11:34:22.073+0000] {logging_mixin.py:188} INFO - [2026-05-31T11:34:22.073+0000] {dag.py:3036} INFO - Sync 1 DAGs
[2026-05-31T11:34:22.096+0000] {logging_mixin.py:188} INFO - [2026-05-31T11:34:22.095+0000] {dag.py:3823} INFO - Setting next_dagrun for crime_analytics_pipeline to 2026-05-30 19:00:00+00:00, run_after=2026-06-06 19:00:00+00:00
[2026-05-31T11:34:22.118+0000] {processor.py:183} INFO - Processing /opt/airflow/dags/dag_crime_pipeline.py took 0.157 seconds
[2026-05-31T11:34:52.289+0000] {processor.py:161} INFO - Started process (PID=4694) to work on /opt/airflow/dags/dag_crime_pipeline.py
[2026-05-31T11:34:52.291+0000] {processor.py:830} INFO - Processing file /opt/airflow/dags/dag_crime_pipeline.py for tasks to queue
[2026-05-31T11:34:52.294+0000] {logging_mixin.py:188} INFO - [2026-05-31T11:34:52.293+0000] {dagbag.py:538} INFO - Filling up the DagBag from /opt/airflow/dags/dag_crime_pipeline.py
[2026-05-31T11:34:52.339+0000] {processor.py:840} INFO - DAG(s) 'crime_analytics_pipeline' retrieved from /opt/airflow/dags/dag_crime_pipeline.py
[2026-05-31T11:34:52.373+0000] {logging_mixin.py:188} INFO - [2026-05-31T11:34:52.372+0000] {dag.py:3036} INFO - Sync 1 DAGs
[2026-05-31T11:34:52.394+0000] {logging_mixin.py:188} INFO - [2026-05-31T11:34:52.393+0000] {dag.py:3823} INFO - Setting next_dagrun for crime_analytics_pipeline to 2026-05-30 19:00:00+00:00, run_after=2026-06-06 19:00:00+00:00
[2026-05-31T11:34:52.415+0000] {processor.py:183} INFO - Processing /opt/airflow/dags/dag_crime_pipeline.py took 0.130 seconds
[2026-05-31T11:35:22.846+0000] {processor.py:161} INFO - Started process (PID=4699) to work on /opt/airflow/dags/dag_crime_pipeline.py
[2026-05-31T11:35:22.848+0000] {processor.py:830} INFO - Processing file /opt/airflow/dags/dag_crime_pipeline.py for tasks to queue
[2026-05-31T11:35:22.853+0000] {logging_mixin.py:188} INFO - [2026-05-31T11:35:22.852+0000] {dagbag.py:538} INFO - Filling up the DagBag from /opt/airflow/dags/dag_crime_pipeline.py
[2026-05-31T11:35:22.902+0000] {processor.py:840} INFO - DAG(s) 'crime_analytics_pipeline' retrieved from /opt/airflow/dags/dag_crime_pipeline.py
[2026-05-31T11:35:22.966+0000] {logging_mixin.py:188} INFO - [2026-05-31T11:35:22.964+0000] {dag.py:3036} INFO - Sync 1 DAGs
[2026-05-31T11:35:22.998+0000] {logging_mixin.py:188} INFO - [2026-05-31T11:35:22.997+0000] {dag.py:3823} INFO - Setting next_dagrun for crime_analytics_pipeline to 2026-05-30 19:00:00+00:00, run_after=2026-06-06 19:00:00+00:00
[2026-05-31T11:35:23.028+0000] {processor.py:183} INFO - Processing /opt/airflow/dags/dag_crime_pipeline.py took 0.185 seconds
[2026-05-31T11:35:53.117+0000] {processor.py:161} INFO - Started process (PID=4704) to work on /opt/airflow/dags/dag_crime_pipeline.py
[2026-05-31T11:35:53.119+0000] {processor.py:830} INFO - Processing file /opt/airflow/dags/dag_crime_pipeline.py for tasks to queue
[2026-05-31T11:35:53.123+0000] {logging_mixin.py:188} INFO - [2026-05-31T11:35:53.122+0000] {dagbag.py:538} INFO - Filling up the DagBag from /opt/airflow/dags/dag_crime_pipeline.py
[2026-05-31T11:35:53.169+0000] {processor.py:840} INFO - DAG(s) 'crime_analytics_pipeline' retrieved from /opt/airflow/dags/dag_crime_pipeline.py
[2026-05-31T11:35:53.206+0000] {logging_mixin.py:188} INFO - [2026-05-31T11:35:53.205+0000] {dag.py:3036} INFO - Sync 1 DAGs
[2026-05-31T11:35:53.232+0000] {logging_mixin.py:188} INFO - [2026-05-31T11:35:53.231+0000] {dag.py:3823} INFO - Setting next_dagrun for crime_analytics_pipeline to 2026-05-30 19:00:00+00:00, run_after=2026-06-06 19:00:00+00:00
[2026-05-31T11:35:53.264+0000] {processor.py:183} INFO - Processing /opt/airflow/dags/dag_crime_pipeline.py took 0.151 seconds
[2026-05-31T11:36:23.387+0000] {processor.py:161} INFO - Started process (PID=4709) to work on /opt/airflow/dags/dag_crime_pipeline.py
[2026-05-31T11:36:23.388+0000] {processor.py:830} INFO - Processing file /opt/airflow/dags/dag_crime_pipeline.py for tasks to queue
[2026-05-31T11:36:23.391+0000] {logging_mixin.py:188} INFO - [2026-05-31T11:36:23.390+0000] {dagbag.py:538} INFO - Filling up the DagBag from /opt/airflow/dags/dag_crime_pipeline.py
[2026-05-31T11:36:23.431+0000] {processor.py:840} INFO - DAG(s) 'crime_analytics_pipeline' retrieved from /opt/airflow/dags/dag_crime_pipeline.py
[2026-05-31T11:36:23.465+0000] {logging_mixin.py:188} INFO - [2026-05-31T11:36:23.465+0000] {dag.py:3036} INFO - Sync 1 DAGs
[2026-05-31T11:36:23.490+0000] {logging_mixin.py:188} INFO - [2026-05-31T11:36:23.489+0000] {dag.py:3823} INFO - Setting next_dagrun for crime_analytics_pipeline to 2026-05-30 19:00:00+00:00, run_after=2026-06-06 19:00:00+00:00
[2026-05-31T11:36:23.509+0000] {processor.py:183} INFO - Processing /opt/airflow/dags/dag_crime_pipeline.py took 0.126 seconds
[2026-05-31T11:36:53.738+0000] {processor.py:161} INFO - Started process (PID=4714) to work on /opt/airflow/dags/dag_crime_pipeline.py
[2026-05-31T11:36:53.739+0000] {processor.py:830} INFO - Processing file /opt/airflow/dags/dag_crime_pipeline.py for tasks to queue
[2026-05-31T11:36:53.742+0000] {logging_mixin.py:188} INFO - [2026-05-31T11:36:53.742+0000] {dagbag.py:538} INFO - Filling up the DagBag from /opt/airflow/dags/dag_crime_pipeline.py
[2026-05-31T11:36:53.791+0000] {processor.py:840} INFO - DAG(s) 'crime_analytics_pipeline' retrieved from /opt/airflow/dags/dag_crime_pipeline.py
[2026-05-31T11:36:53.826+0000] {logging_mixin.py:188} INFO - [2026-05-31T11:36:53.826+0000] {dag.py:3036} INFO - Sync 1 DAGs
[2026-05-31T11:36:53.847+0000] {logging_mixin.py:188} INFO - [2026-05-31T11:36:53.847+0000] {dag.py:3823} INFO - Setting next_dagrun for crime_analytics_pipeline to 2026-05-30 19:00:00+00:00, run_after=2026-06-06 19:00:00+00:00
[2026-05-31T11:36:53.888+0000] {processor.py:183} INFO - Processing /opt/airflow/dags/dag_crime_pipeline.py took 0.155 seconds
[2026-05-31T11:37:24.104+0000] {processor.py:161} INFO - Started process (PID=4719) to work on /opt/airflow/dags/dag_crime_pipeline.py
[2026-05-31T11:37:24.106+0000] {processor.py:830} INFO - Processing file /opt/airflow/dags/dag_crime_pipeline.py for tasks to queue
[2026-05-31T11:37:24.109+0000] {logging_mixin.py:188} INFO - [2026-05-31T11:37:24.108+0000] {dagbag.py:538} INFO - Filling up the DagBag from /opt/airflow/dags/dag_crime_pipeline.py
[2026-05-31T11:37:24.149+0000] {processor.py:840} INFO - DAG(s) 'crime_analytics_pipeline' retrieved from /opt/airflow/dags/dag_crime_pipeline.py
[2026-05-31T11:37:24.183+0000] {logging_mixin.py:188} INFO - [2026-05-31T11:37:24.182+0000] {dag.py:3036} INFO - Sync 1 DAGs
[2026-05-31T11:37:24.206+0000] {logging_mixin.py:188} INFO - [2026-05-31T11:37:24.205+0000] {dag.py:3823} INFO - Setting next_dagrun for crime_analytics_pipeline to 2026-05-30 19:00:00+00:00, run_after=2026-06-06 19:00:00+00:00
[2026-05-31T11:37:24.248+0000] {processor.py:183} INFO - Processing /opt/airflow/dags/dag_crime_pipeline.py took 0.149 seconds
[2026-05-31T11:37:54.480+0000] {processor.py:161} INFO - Started process (PID=4724) to work on /opt/airflow/dags/dag_crime_pipeline.py
[2026-05-31T11:37:54.481+0000] {processor.py:830} INFO - Processing file /opt/airflow/dags/dag_crime_pipeline.py for tasks to queue
[2026-05-31T11:37:54.484+0000] {logging_mixin.py:188} INFO - [2026-05-31T11:37:54.484+0000] {dagbag.py:538} INFO - Filling up the DagBag from /opt/airflow/dags/dag_crime_pipeline.py
[2026-05-31T11:37:54.521+0000] {processor.py:840} INFO - DAG(s) 'crime_analytics_pipeline' retrieved from /opt/airflow/dags/dag_crime_pipeline.py
[2026-05-31T11:37:54.576+0000] {logging_mixin.py:188} INFO - [2026-05-31T11:37:54.575+0000] {dag.py:3036} INFO - Sync 1 DAGs
[2026-05-31T11:37:54.597+0000] {logging_mixin.py:188} INFO - [2026-05-31T11:37:54.597+0000] {dag.py:3823} INFO - Setting next_dagrun for crime_analytics_pipeline to 2026-05-30 19:00:00+00:00, run_after=2026-06-06 19:00:00+00:00
[2026-05-31T11:37:54.615+0000] {processor.py:183} INFO - Processing /opt/airflow/dags/dag_crime_pipeline.py took 0.139 seconds
[2026-05-31T11:38:24.839+0000] {processor.py:161} INFO - Started process (PID=4729) to work on /opt/airflow/dags/dag_crime_pipeline.py
[2026-05-31T11:38:24.841+0000] {processor.py:830} INFO - Processing file /opt/airflow/dags/dag_crime_pipeline.py for tasks to queue
[2026-05-31T11:38:24.844+0000] {logging_mixin.py:188} INFO - [2026-05-31T11:38:24.843+0000] {dagbag.py:538} INFO - Filling up the DagBag from /opt/airflow/dags/dag_crime_pipeline.py
[2026-05-31T11:38:24.878+0000] {processor.py:840} INFO - DAG(s) 'crime_analytics_pipeline' retrieved from /opt/airflow/dags/dag_crime_pipeline.py
[2026-05-31T11:38:24.912+0000] {logging_mixin.py:188} INFO - [2026-05-31T11:38:24.911+0000] {dag.py:3036} INFO - Sync 1 DAGs
[2026-05-31T11:38:24.933+0000] {logging_mixin.py:188} INFO - [2026-05-31T11:38:24.933+0000] {dag.py:3823} INFO - Setting next_dagrun for crime_analytics_pipeline to 2026-05-30 19:00:00+00:00, run_after=2026-06-06 19:00:00+00:00
[2026-05-31T11:38:24.953+0000] {processor.py:183} INFO - Processing /opt/airflow/dags/dag_crime_pipeline.py took 0.119 seconds
[2026-05-31T11:38:55.179+0000] {processor.py:161} INFO - Started process (PID=4734) to work on /opt/airflow/dags/dag_crime_pipeline.py
[2026-05-31T11:38:55.181+0000] {processor.py:830} INFO - Processing file /opt/airflow/dags/dag_crime_pipeline.py for tasks to queue
[2026-05-31T11:38:55.184+0000] {logging_mixin.py:188} INFO - [2026-05-31T11:38:55.184+0000] {dagbag.py:538} INFO - Filling up the DagBag from /opt/airflow/dags/dag_crime_pipeline.py
[2026-05-31T11:38:55.221+0000] {processor.py:840} INFO - DAG(s) 'crime_analytics_pipeline' retrieved from /opt/airflow/dags/dag_crime_pipeline.py
[2026-05-31T11:38:55.271+0000] {logging_mixin.py:188} INFO - [2026-05-31T11:38:55.271+0000] {dag.py:3036} INFO - Sync 1 DAGs
[2026-05-31T11:38:55.302+0000] {logging_mixin.py:188} INFO - [2026-05-31T11:38:55.302+0000] {dag.py:3823} INFO - Setting next_dagrun for crime_analytics_pipeline to 2026-05-30 19:00:00+00:00, run_after=2026-06-06 19:00:00+00:00
[2026-05-31T11:38:55.327+0000] {processor.py:183} INFO - Processing /opt/airflow/dags/dag_crime_pipeline.py took 0.153 seconds
[2026-05-31T11:39:25.701+0000] {processor.py:161} INFO - Started process (PID=4739) to work on /opt/airflow/dags/dag_crime_pipeline.py
[2026-05-31T11:39:25.704+0000] {processor.py:830} INFO - Processing file /opt/airflow/dags/dag_crime_pipeline.py for tasks to queue
[2026-05-31T11:39:25.710+0000] {logging_mixin.py:188} INFO - [2026-05-31T11:39:25.709+0000] {dagbag.py:538} INFO - Filling up the DagBag from /opt/airflow/dags/dag_crime_pipeline.py
[2026-05-31T11:39:25.754+0000] {processor.py:840} INFO - DAG(s) 'crime_analytics_pipeline' retrieved from /opt/airflow/dags/dag_crime_pipeline.py
[2026-05-31T11:39:25.799+0000] {logging_mixin.py:188} INFO - [2026-05-31T11:39:25.798+0000] {dag.py:3036} INFO - Sync 1 DAGs
[2026-05-31T11:39:25.829+0000] {logging_mixin.py:188} INFO - [2026-05-31T11:39:25.829+0000] {dag.py:3823} INFO - Setting next_dagrun for crime_analytics_pipeline to 2026-05-30 19:00:00+00:00, run_after=2026-06-06 19:00:00+00:00
[2026-05-31T11:39:25.853+0000] {processor.py:183} INFO - Processing /opt/airflow/dags/dag_crime_pipeline.py took 0.156 seconds
[2026-05-31T11:39:56.056+0000] {processor.py:161} INFO - Started process (PID=4744) to work on /opt/airflow/dags/dag_crime_pipeline.py
[2026-05-31T11:39:56.058+0000] {processor.py:830} INFO - Processing file /opt/airflow/dags/dag_crime_pipeline.py for tasks to queue
[2026-05-31T11:39:56.062+0000] {logging_mixin.py:188} INFO - [2026-05-31T11:39:56.061+0000] {dagbag.py:538} INFO - Filling up the DagBag from /opt/airflow/dags/dag_crime_pipeline.py
[2026-05-31T11:39:56.112+0000] {processor.py:840} INFO - DAG(s) 'crime_analytics_pipeline' retrieved from /opt/airflow/dags/dag_crime_pipeline.py
[2026-05-31T11:39:56.154+0000] {logging_mixin.py:188} INFO - [2026-05-31T11:39:56.154+0000] {dag.py:3036} INFO - Sync 1 DAGs
[2026-05-31T11:39:56.178+0000] {logging_mixin.py:188} INFO - [2026-05-31T11:39:56.177+0000] {dag.py:3823} INFO - Setting next_dagrun for crime_analytics_pipeline to 2026-05-30 19:00:00+00:00, run_after=2026-06-06 19:00:00+00:00
[2026-05-31T11:39:56.202+0000] {processor.py:183} INFO - Processing /opt/airflow/dags/dag_crime_pipeline.py took 0.151 seconds
[2026-05-31T11:40:26.463+0000] {processor.py:161} INFO - Started process (PID=4812) to work on /opt/airflow/dags/dag_crime_pipeline.py
[2026-05-31T11:40:26.464+0000] {processor.py:830} INFO - Processing file /opt/airflow/dags/dag_crime_pipeline.py for tasks to queue
[2026-05-31T11:40:26.468+0000] {logging_mixin.py:188} INFO - [2026-05-31T11:40:26.467+0000] {dagbag.py:538} INFO - Filling up the DagBag from /opt/airflow/dags/dag_crime_pipeline.py
[2026-05-31T11:40:26.529+0000] {processor.py:840} INFO - DAG(s) 'crime_analytics_pipeline' retrieved from /opt/airflow/dags/dag_crime_pipeline.py
[2026-05-31T11:40:26.562+0000] {logging_mixin.py:188} INFO - [2026-05-31T11:40:26.561+0000] {dag.py:3036} INFO - Sync 1 DAGs
[2026-05-31T11:40:26.605+0000] {processor.py:183} INFO - Processing /opt/airflow/dags/dag_crime_pipeline.py took 0.148 seconds
[2026-05-31T11:40:56.789+0000] {processor.py:161} INFO - Started process (PID=4820) to work on /opt/airflow/dags/dag_crime_pipeline.py
[2026-05-31T11:40:56.791+0000] {processor.py:830} INFO - Processing file /opt/airflow/dags/dag_crime_pipeline.py for tasks to queue
[2026-05-31T11:40:56.794+0000] {logging_mixin.py:188} INFO - [2026-05-31T11:40:56.794+0000] {dagbag.py:538} INFO - Filling up the DagBag from /opt/airflow/dags/dag_crime_pipeline.py
[2026-05-31T11:40:56.837+0000] {processor.py:840} INFO - DAG(s) 'crime_analytics_pipeline' retrieved from /opt/airflow/dags/dag_crime_pipeline.py
[2026-05-31T11:40:56.873+0000] {logging_mixin.py:188} INFO - [2026-05-31T11:40:56.873+0000] {dag.py:3036} INFO - Sync 1 DAGs
[2026-05-31T11:40:56.934+0000] {processor.py:183} INFO - Processing /opt/airflow/dags/dag_crime_pipeline.py took 0.149 seconds
[2026-05-31T11:41:27.249+0000] {processor.py:161} INFO - Started process (PID=4829) to work on /opt/airflow/dags/dag_crime_pipeline.py
[2026-05-31T11:41:27.250+0000] {processor.py:830} INFO - Processing file /opt/airflow/dags/dag_crime_pipeline.py for tasks to queue
[2026-05-31T11:41:27.253+0000] {logging_mixin.py:188} INFO - [2026-05-31T11:41:27.253+0000] {dagbag.py:538} INFO - Filling up the DagBag from /opt/airflow/dags/dag_crime_pipeline.py
[2026-05-31T11:41:27.294+0000] {processor.py:840} INFO - DAG(s) 'crime_analytics_pipeline' retrieved from /opt/airflow/dags/dag_crime_pipeline.py
[2026-05-31T11:41:27.351+0000] {logging_mixin.py:188} INFO - [2026-05-31T11:41:27.350+0000] {dag.py:3036} INFO - Sync 1 DAGs
[2026-05-31T11:41:27.392+0000] {processor.py:183} INFO - Processing /opt/airflow/dags/dag_crime_pipeline.py took 0.147 seconds
[2026-05-31T11:41:57.550+0000] {processor.py:161} INFO - Started process (PID=4835) to work on /opt/airflow/dags/dag_crime_pipeline.py
[2026-05-31T11:41:57.552+0000] {processor.py:830} INFO - Processing file /opt/airflow/dags/dag_crime_pipeline.py for tasks to queue
[2026-05-31T11:41:57.555+0000] {logging_mixin.py:188} INFO - [2026-05-31T11:41:57.555+0000] {dagbag.py:538} INFO - Filling up the DagBag from /opt/airflow/dags/dag_crime_pipeline.py
[2026-05-31T11:41:57.597+0000] {processor.py:840} INFO - DAG(s) 'crime_analytics_pipeline' retrieved from /opt/airflow/dags/dag_crime_pipeline.py
[2026-05-31T11:41:57.636+0000] {logging_mixin.py:188} INFO - [2026-05-31T11:41:57.635+0000] {dag.py:3036} INFO - Sync 1 DAGs
[2026-05-31T11:41:57.675+0000] {processor.py:183} INFO - Processing /opt/airflow/dags/dag_crime_pipeline.py took 0.131 seconds
[2026-05-31T11:42:28.021+0000] {processor.py:161} INFO - Started process (PID=4843) to work on /opt/airflow/dags/dag_crime_pipeline.py
[2026-05-31T11:42:28.022+0000] {processor.py:830} INFO - Processing file /opt/airflow/dags/dag_crime_pipeline.py for tasks to queue
[2026-05-31T11:42:28.025+0000] {logging_mixin.py:188} INFO - [2026-05-31T11:42:28.025+0000] {dagbag.py:538} INFO - Filling up the DagBag from /opt/airflow/dags/dag_crime_pipeline.py
[2026-05-31T11:42:28.067+0000] {processor.py:840} INFO - DAG(s) 'crime_analytics_pipeline' retrieved from /opt/airflow/dags/dag_crime_pipeline.py
[2026-05-31T11:42:28.103+0000] {logging_mixin.py:188} INFO - [2026-05-31T11:42:28.103+0000] {dag.py:3036} INFO - Sync 1 DAGs
[2026-05-31T11:42:28.148+0000] {processor.py:183} INFO - Processing /opt/airflow/dags/dag_crime_pipeline.py took 0.132 seconds
[2026-05-31T11:42:58.314+0000] {processor.py:161} INFO - Started process (PID=4852) to work on /opt/airflow/dags/dag_crime_pipeline.py
[2026-05-31T11:42:58.316+0000] {processor.py:830} INFO - Processing file /opt/airflow/dags/dag_crime_pipeline.py for tasks to queue
[2026-05-31T11:42:58.319+0000] {logging_mixin.py:188} INFO - [2026-05-31T11:42:58.319+0000] {dagbag.py:538} INFO - Filling up the DagBag from /opt/airflow/dags/dag_crime_pipeline.py
[2026-05-31T11:42:58.360+0000] {processor.py:840} INFO - DAG(s) 'crime_analytics_pipeline' retrieved from /opt/airflow/dags/dag_crime_pipeline.py
[2026-05-31T11:42:58.396+0000] {logging_mixin.py:188} INFO - [2026-05-31T11:42:58.396+0000] {dag.py:3036} INFO - Sync 1 DAGs
[2026-05-31T11:42:58.460+0000] {processor.py:183} INFO - Processing /opt/airflow/dags/dag_crime_pipeline.py took 0.151 seconds
[2026-05-31T11:43:28.757+0000] {processor.py:161} INFO - Started process (PID=4858) to work on /opt/airflow/dags/dag_crime_pipeline.py
[2026-05-31T11:43:28.759+0000] {processor.py:830} INFO - Processing file /opt/airflow/dags/dag_crime_pipeline.py for tasks to queue
[2026-05-31T11:43:28.763+0000] {logging_mixin.py:188} INFO - [2026-05-31T11:43:28.763+0000] {dagbag.py:538} INFO - Filling up the DagBag from /opt/airflow/dags/dag_crime_pipeline.py
[2026-05-31T11:43:28.805+0000] {processor.py:840} INFO - DAG(s) 'crime_analytics_pipeline' retrieved from /opt/airflow/dags/dag_crime_pipeline.py
[2026-05-31T11:43:28.847+0000] {logging_mixin.py:188} INFO - [2026-05-31T11:43:28.847+0000] {dag.py:3036} INFO - Sync 1 DAGs
[2026-05-31T11:43:28.891+0000] {processor.py:183} INFO - Processing /opt/airflow/dags/dag_crime_pipeline.py took 0.138 seconds
[2026-05-31T11:43:59.064+0000] {processor.py:161} INFO - Started process (PID=4865) to work on /opt/airflow/dags/dag_crime_pipeline.py
[2026-05-31T11:43:59.066+0000] {processor.py:830} INFO - Processing file /opt/airflow/dags/dag_crime_pipeline.py for tasks to queue
[2026-05-31T11:43:59.070+0000] {logging_mixin.py:188} INFO - [2026-05-31T11:43:59.069+0000] {dagbag.py:538} INFO - Filling up the DagBag from /opt/airflow/dags/dag_crime_pipeline.py
[2026-05-31T11:43:59.119+0000] {processor.py:840} INFO - DAG(s) 'crime_analytics_pipeline' retrieved from /opt/airflow/dags/dag_crime_pipeline.py
[2026-05-31T11:43:59.168+0000] {logging_mixin.py:188} INFO - [2026-05-31T11:43:59.167+0000] {dag.py:3036} INFO - Sync 1 DAGs
[2026-05-31T11:43:59.216+0000] {processor.py:183} INFO - Processing /opt/airflow/dags/dag_crime_pipeline.py took 0.158 seconds
[2026-05-31T11:44:29.586+0000] {processor.py:161} INFO - Started process (PID=4876) to work on /opt/airflow/dags/dag_crime_pipeline.py
[2026-05-31T11:44:29.588+0000] {processor.py:830} INFO - Processing file /opt/airflow/dags/dag_crime_pipeline.py for tasks to queue
[2026-05-31T11:44:29.591+0000] {logging_mixin.py:188} INFO - [2026-05-31T11:44:29.591+0000] {dagbag.py:538} INFO - Filling up the DagBag from /opt/airflow/dags/dag_crime_pipeline.py
[2026-05-31T11:44:29.632+0000] {processor.py:840} INFO - DAG(s) 'crime_analytics_pipeline' retrieved from /opt/airflow/dags/dag_crime_pipeline.py
[2026-05-31T11:44:29.670+0000] {logging_mixin.py:188} INFO - [2026-05-31T11:44:29.669+0000] {dag.py:3036} INFO - Sync 1 DAGs
[2026-05-31T11:44:30.417+0000] {processor.py:183} INFO - Processing /opt/airflow/dags/dag_crime_pipeline.py took 0.835 seconds
[2026-05-31T11:45:00.839+0000] {processor.py:161} INFO - Started process (PID=4910) to work on /opt/airflow/dags/dag_crime_pipeline.py
[2026-05-31T11:45:00.843+0000] {processor.py:830} INFO - Processing file /opt/airflow/dags/dag_crime_pipeline.py for tasks to queue
[2026-05-31T11:45:00.856+0000] {logging_mixin.py:188} INFO - [2026-05-31T11:45:00.855+0000] {dagbag.py:538} INFO - Filling up the DagBag from /opt/airflow/dags/dag_crime_pipeline.py
[2026-05-31T11:45:00.948+0000] {processor.py:840} INFO - DAG(s) 'crime_analytics_pipeline' retrieved from /opt/airflow/dags/dag_crime_pipeline.py
[2026-05-31T11:45:00.982+0000] {logging_mixin.py:188} INFO - [2026-05-31T11:45:00.981+0000] {dag.py:3036} INFO - Sync 1 DAGs
[2026-05-31T11:45:01.025+0000] {processor.py:183} INFO - Processing /opt/airflow/dags/dag_crime_pipeline.py took 0.193 seconds
[2026-05-31T11:45:31.133+0000] {processor.py:161} INFO - Started process (PID=4961) to work on /opt/airflow/dags/dag_crime_pipeline.py
[2026-05-31T11:45:31.135+0000] {processor.py:830} INFO - Processing file /opt/airflow/dags/dag_crime_pipeline.py for tasks to queue
[2026-05-31T11:45:31.139+0000] {logging_mixin.py:188} INFO - [2026-05-31T11:45:31.138+0000] {dagbag.py:538} INFO - Filling up the DagBag from /opt/airflow/dags/dag_crime_pipeline.py
[2026-05-31T11:45:31.185+0000] {processor.py:840} INFO - DAG(s) 'crime_analytics_pipeline' retrieved from /opt/airflow/dags/dag_crime_pipeline.py
[2026-05-31T11:45:31.222+0000] {logging_mixin.py:188} INFO - [2026-05-31T11:45:31.222+0000] {dag.py:3036} INFO - Sync 1 DAGs
[2026-05-31T11:45:31.289+0000] {processor.py:183} INFO - Processing /opt/airflow/dags/dag_crime_pipeline.py took 0.161 seconds
[2026-05-31T11:46:01.622+0000] {processor.py:161} INFO - Started process (PID=5060) to work on /opt/airflow/dags/dag_crime_pipeline.py
[2026-05-31T11:46:01.623+0000] {processor.py:830} INFO - Processing file /opt/airflow/dags/dag_crime_pipeline.py for tasks to queue
[2026-05-31T11:46:01.626+0000] {logging_mixin.py:188} INFO - [2026-05-31T11:46:01.625+0000] {dagbag.py:538} INFO - Filling up the DagBag from /opt/airflow/dags/dag_crime_pipeline.py
[2026-05-31T11:46:01.668+0000] {processor.py:840} INFO - DAG(s) 'crime_analytics_pipeline' retrieved from /opt/airflow/dags/dag_crime_pipeline.py
[2026-05-31T11:46:01.709+0000] {logging_mixin.py:188} INFO - [2026-05-31T11:46:01.708+0000] {dag.py:3036} INFO - Sync 1 DAGs
[2026-05-31T11:46:01.986+0000] {processor.py:183} INFO - Processing /opt/airflow/dags/dag_crime_pipeline.py took 0.368 seconds
[2026-05-31T11:46:32.323+0000] {processor.py:161} INFO - Started process (PID=5111) to work on /opt/airflow/dags/dag_crime_pipeline.py
[2026-05-31T11:46:32.325+0000] {processor.py:830} INFO - Processing file /opt/airflow/dags/dag_crime_pipeline.py for tasks to queue
[2026-05-31T11:46:32.329+0000] {logging_mixin.py:188} INFO - [2026-05-31T11:46:32.329+0000] {dagbag.py:538} INFO - Filling up the DagBag from /opt/airflow/dags/dag_crime_pipeline.py
[2026-05-31T11:46:32.386+0000] {processor.py:840} INFO - DAG(s) 'crime_analytics_pipeline' retrieved from /opt/airflow/dags/dag_crime_pipeline.py
[2026-05-31T11:46:32.438+0000] {logging_mixin.py:188} INFO - [2026-05-31T11:46:32.437+0000] {dag.py:3036} INFO - Sync 1 DAGs
[2026-05-31T11:46:32.505+0000] {processor.py:183} INFO - Processing /opt/airflow/dags/dag_crime_pipeline.py took 0.189 seconds
[2026-05-31T11:47:02.613+0000] {processor.py:161} INFO - Started process (PID=5210) to work on /opt/airflow/dags/dag_crime_pipeline.py
[2026-05-31T11:47:02.614+0000] {processor.py:830} INFO - Processing file /opt/airflow/dags/dag_crime_pipeline.py for tasks to queue
[2026-05-31T11:47:02.618+0000] {logging_mixin.py:188} INFO - [2026-05-31T11:47:02.617+0000] {dagbag.py:538} INFO - Filling up the DagBag from /opt/airflow/dags/dag_crime_pipeline.py
[2026-05-31T11:47:02.657+0000] {processor.py:840} INFO - DAG(s) 'crime_analytics_pipeline' retrieved from /opt/airflow/dags/dag_crime_pipeline.py
[2026-05-31T11:47:02.691+0000] {logging_mixin.py:188} INFO - [2026-05-31T11:47:02.691+0000] {dag.py:3036} INFO - Sync 1 DAGs
[2026-05-31T11:47:02.737+0000] {processor.py:183} INFO - Processing /opt/airflow/dags/dag_crime_pipeline.py took 0.129 seconds
[2026-05-31T11:47:32.880+0000] {processor.py:161} INFO - Started process (PID=5261) to work on /opt/airflow/dags/dag_crime_pipeline.py
[2026-05-31T11:47:32.881+0000] {processor.py:830} INFO - Processing file /opt/airflow/dags/dag_crime_pipeline.py for tasks to queue
[2026-05-31T11:47:32.885+0000] {logging_mixin.py:188} INFO - [2026-05-31T11:47:32.884+0000] {dagbag.py:538} INFO - Filling up the DagBag from /opt/airflow/dags/dag_crime_pipeline.py
[2026-05-31T11:47:32.924+0000] {processor.py:840} INFO - DAG(s) 'crime_analytics_pipeline' retrieved from /opt/airflow/dags/dag_crime_pipeline.py
[2026-05-31T11:47:32.957+0000] {logging_mixin.py:188} INFO - [2026-05-31T11:47:32.957+0000] {dag.py:3036} INFO - Sync 1 DAGs
[2026-05-31T11:47:33.246+0000] {processor.py:183} INFO - Processing /opt/airflow/dags/dag_crime_pipeline.py took 0.371 seconds
[2026-05-31T11:48:03.577+0000] {processor.py:161} INFO - Started process (PID=5335) to work on /opt/airflow/dags/dag_crime_pipeline.py
[2026-05-31T11:48:03.579+0000] {processor.py:830} INFO - Processing file /opt/airflow/dags/dag_crime_pipeline.py for tasks to queue
[2026-05-31T11:48:03.582+0000] {logging_mixin.py:188} INFO - [2026-05-31T11:48:03.582+0000] {dagbag.py:538} INFO - Filling up the DagBag from /opt/airflow/dags/dag_crime_pipeline.py
[2026-05-31T11:48:03.627+0000] {processor.py:840} INFO - DAG(s) 'crime_analytics_pipeline' retrieved from /opt/airflow/dags/dag_crime_pipeline.py
[2026-05-31T11:48:03.663+0000] {logging_mixin.py:188} INFO - [2026-05-31T11:48:03.663+0000] {dag.py:3036} INFO - Sync 1 DAGs
[2026-05-31T11:48:03.726+0000] {processor.py:183} INFO - Processing /opt/airflow/dags/dag_crime_pipeline.py took 0.155 seconds
[2026-05-31T11:48:33.897+0000] {processor.py:161} INFO - Started process (PID=5409) to work on /opt/airflow/dags/dag_crime_pipeline.py
[2026-05-31T11:48:33.899+0000] {processor.py:830} INFO - Processing file /opt/airflow/dags/dag_crime_pipeline.py for tasks to queue
[2026-05-31T11:48:33.904+0000] {logging_mixin.py:188} INFO - [2026-05-31T11:48:33.903+0000] {dagbag.py:538} INFO - Filling up the DagBag from /opt/airflow/dags/dag_crime_pipeline.py
[2026-05-31T11:48:33.957+0000] {processor.py:840} INFO - DAG(s) 'crime_analytics_pipeline' retrieved from /opt/airflow/dags/dag_crime_pipeline.py
[2026-05-31T11:48:34.002+0000] {logging_mixin.py:188} INFO - [2026-05-31T11:48:34.001+0000] {dag.py:3036} INFO - Sync 1 DAGs
[2026-05-31T11:48:34.329+0000] {processor.py:183} INFO - Processing /opt/airflow/dags/dag_crime_pipeline.py took 0.439 seconds
[2026-05-31T11:49:05.172+0000] {processor.py:161} INFO - Started process (PID=5450) to work on /opt/airflow/dags/dag_crime_pipeline.py
[2026-05-31T11:49:05.174+0000] {processor.py:830} INFO - Processing file /opt/airflow/dags/dag_crime_pipeline.py for tasks to queue
[2026-05-31T11:49:05.177+0000] {logging_mixin.py:188} INFO - [2026-05-31T11:49:05.176+0000] {dagbag.py:538} INFO - Filling up the DagBag from /opt/airflow/dags/dag_crime_pipeline.py
[2026-05-31T11:49:05.222+0000] {processor.py:840} INFO - DAG(s) 'crime_analytics_pipeline' retrieved from /opt/airflow/dags/dag_crime_pipeline.py
[2026-05-31T11:49:05.265+0000] {logging_mixin.py:188} INFO - [2026-05-31T11:49:05.265+0000] {dag.py:3036} INFO - Sync 1 DAGs
[2026-05-31T11:49:05.315+0000] {processor.py:183} INFO - Processing /opt/airflow/dags/dag_crime_pipeline.py took 0.149 seconds
[2026-05-31T11:49:35.587+0000] {processor.py:161} INFO - Started process (PID=5504) to work on /opt/airflow/dags/dag_crime_pipeline.py
[2026-05-31T11:49:35.589+0000] {processor.py:830} INFO - Processing file /opt/airflow/dags/dag_crime_pipeline.py for tasks to queue
[2026-05-31T11:49:35.593+0000] {logging_mixin.py:188} INFO - [2026-05-31T11:49:35.592+0000] {dagbag.py:538} INFO - Filling up the DagBag from /opt/airflow/dags/dag_crime_pipeline.py
[2026-05-31T11:49:35.643+0000] {processor.py:840} INFO - DAG(s) 'crime_analytics_pipeline' retrieved from /opt/airflow/dags/dag_crime_pipeline.py
[2026-05-31T11:49:35.686+0000] {logging_mixin.py:188} INFO - [2026-05-31T11:49:35.686+0000] {dag.py:3036} INFO - Sync 1 DAGs
[2026-05-31T11:49:35.740+0000] {processor.py:183} INFO - Processing /opt/airflow/dags/dag_crime_pipeline.py took 0.159 seconds
[2026-05-31T11:50:05.968+0000] {processor.py:161} INFO - Started process (PID=5509) to work on /opt/airflow/dags/dag_crime_pipeline.py
[2026-05-31T11:50:05.970+0000] {processor.py:830} INFO - Processing file /opt/airflow/dags/dag_crime_pipeline.py for tasks to queue
[2026-05-31T11:50:05.976+0000] {logging_mixin.py:188} INFO - [2026-05-31T11:50:05.975+0000] {dagbag.py:538} INFO - Filling up the DagBag from /opt/airflow/dags/dag_crime_pipeline.py
[2026-05-31T11:50:06.028+0000] {processor.py:840} INFO - DAG(s) 'crime_analytics_pipeline' retrieved from /opt/airflow/dags/dag_crime_pipeline.py
[2026-05-31T11:50:06.066+0000] {logging_mixin.py:188} INFO - [2026-05-31T11:50:06.064+0000] {dag.py:3036} INFO - Sync 1 DAGs
[2026-05-31T11:50:06.103+0000] {processor.py:183} INFO - Processing /opt/airflow/dags/dag_crime_pipeline.py took 0.143 seconds
[2026-05-31T11:50:36.380+0000] {processor.py:161} INFO - Started process (PID=5514) to work on /opt/airflow/dags/dag_crime_pipeline.py
[2026-05-31T11:50:36.383+0000] {processor.py:830} INFO - Processing file /opt/airflow/dags/dag_crime_pipeline.py for tasks to queue
[2026-05-31T11:50:36.388+0000] {logging_mixin.py:188} INFO - [2026-05-31T11:50:36.388+0000] {dagbag.py:538} INFO - Filling up the DagBag from /opt/airflow/dags/dag_crime_pipeline.py
[2026-05-31T11:50:36.445+0000] {processor.py:840} INFO - DAG(s) 'crime_analytics_pipeline' retrieved from /opt/airflow/dags/dag_crime_pipeline.py
[2026-05-31T11:50:36.495+0000] {logging_mixin.py:188} INFO - [2026-05-31T11:50:36.494+0000] {dag.py:3036} INFO - Sync 1 DAGs
[2026-05-31T11:50:36.556+0000] {processor.py:183} INFO - Processing /opt/airflow/dags/dag_crime_pipeline.py took 0.183 seconds
[2026-05-31T11:51:06.761+0000] {processor.py:161} INFO - Started process (PID=5519) to work on /opt/airflow/dags/dag_crime_pipeline.py
[2026-05-31T11:51:06.763+0000] {processor.py:830} INFO - Processing file /opt/airflow/dags/dag_crime_pipeline.py for tasks to queue
[2026-05-31T11:51:06.768+0000] {logging_mixin.py:188} INFO - [2026-05-31T11:51:06.767+0000] {dagbag.py:538} INFO - Filling up the DagBag from /opt/airflow/dags/dag_crime_pipeline.py
[2026-05-31T11:51:06.827+0000] {processor.py:840} INFO - DAG(s) 'crime_analytics_pipeline' retrieved from /opt/airflow/dags/dag_crime_pipeline.py
[2026-05-31T11:51:06.867+0000] {logging_mixin.py:188} INFO - [2026-05-31T11:51:06.866+0000] {dag.py:3036} INFO - Sync 1 DAGs
[2026-05-31T11:51:06.920+0000] {processor.py:183} INFO - Processing /opt/airflow/dags/dag_crime_pipeline.py took 0.169 seconds
[2026-05-31T11:51:37.166+0000] {processor.py:161} INFO - Started process (PID=5524) to work on /opt/airflow/dags/dag_crime_pipeline.py
[2026-05-31T11:51:37.168+0000] {processor.py:830} INFO - Processing file /opt/airflow/dags/dag_crime_pipeline.py for tasks to queue
[2026-05-31T11:51:37.172+0000] {logging_mixin.py:188} INFO - [2026-05-31T11:51:37.171+0000] {dagbag.py:538} INFO - Filling up the DagBag from /opt/airflow/dags/dag_crime_pipeline.py
[2026-05-31T11:51:37.217+0000] {processor.py:840} INFO - DAG(s) 'crime_analytics_pipeline' retrieved from /opt/airflow/dags/dag_crime_pipeline.py
[2026-05-31T11:51:37.254+0000] {logging_mixin.py:188} INFO - [2026-05-31T11:51:37.254+0000] {dag.py:3036} INFO - Sync 1 DAGs
[2026-05-31T11:51:37.303+0000] {processor.py:183} INFO - Processing /opt/airflow/dags/dag_crime_pipeline.py took 0.142 seconds
[2026-05-31T11:52:07.595+0000] {processor.py:161} INFO - Started process (PID=5529) to work on /opt/airflow/dags/dag_crime_pipeline.py
[2026-05-31T11:52:07.596+0000] {processor.py:830} INFO - Processing file /opt/airflow/dags/dag_crime_pipeline.py for tasks to queue
[2026-05-31T11:52:07.600+0000] {logging_mixin.py:188} INFO - [2026-05-31T11:52:07.599+0000] {dagbag.py:538} INFO - Filling up the DagBag from /opt/airflow/dags/dag_crime_pipeline.py
[2026-05-31T11:52:07.648+0000] {processor.py:840} INFO - DAG(s) 'crime_analytics_pipeline' retrieved from /opt/airflow/dags/dag_crime_pipeline.py
[2026-05-31T11:52:07.685+0000] {logging_mixin.py:188} INFO - [2026-05-31T11:52:07.684+0000] {dag.py:3036} INFO - Sync 1 DAGs
[2026-05-31T11:52:07.745+0000] {processor.py:183} INFO - Processing /opt/airflow/dags/dag_crime_pipeline.py took 0.155 seconds
[2026-05-31T11:52:38.005+0000] {processor.py:161} INFO - Started process (PID=5534) to work on /opt/airflow/dags/dag_crime_pipeline.py
[2026-05-31T11:52:38.007+0000] {processor.py:830} INFO - Processing file /opt/airflow/dags/dag_crime_pipeline.py for tasks to queue
[2026-05-31T11:52:38.012+0000] {logging_mixin.py:188} INFO - [2026-05-31T11:52:38.011+0000] {dagbag.py:538} INFO - Filling up the DagBag from /opt/airflow/dags/dag_crime_pipeline.py
[2026-05-31T11:52:38.074+0000] {processor.py:840} INFO - DAG(s) 'crime_analytics_pipeline' retrieved from /opt/airflow/dags/dag_crime_pipeline.py
[2026-05-31T11:52:38.111+0000] {logging_mixin.py:188} INFO - [2026-05-31T11:52:38.110+0000] {dag.py:3036} INFO - Sync 1 DAGs
[2026-05-31T11:52:38.156+0000] {processor.py:183} INFO - Processing /opt/airflow/dags/dag_crime_pipeline.py took 0.156 seconds
[2026-05-31T11:53:08.337+0000] {processor.py:161} INFO - Started process (PID=5589) to work on /opt/airflow/dags/dag_crime_pipeline.py
[2026-05-31T11:53:08.338+0000] {processor.py:830} INFO - Processing file /opt/airflow/dags/dag_crime_pipeline.py for tasks to queue
[2026-05-31T11:53:08.340+0000] {logging_mixin.py:188} INFO - [2026-05-31T11:53:08.340+0000] {dagbag.py:538} INFO - Filling up the DagBag from /opt/airflow/dags/dag_crime_pipeline.py
[2026-05-31T11:53:08.382+0000] {processor.py:840} INFO - DAG(s) 'crime_analytics_pipeline' retrieved from /opt/airflow/dags/dag_crime_pipeline.py
[2026-05-31T11:53:08.413+0000] {logging_mixin.py:188} INFO - [2026-05-31T11:53:08.413+0000] {dag.py:3036} INFO - Sync 1 DAGs
[2026-05-31T11:53:08.456+0000] {processor.py:183} INFO - Processing /opt/airflow/dags/dag_crime_pipeline.py took 0.124 seconds
[2026-05-31T11:53:38.820+0000] {processor.py:161} INFO - Started process (PID=5594) to work on /opt/airflow/dags/dag_crime_pipeline.py
[2026-05-31T11:53:38.823+0000] {processor.py:830} INFO - Processing file /opt/airflow/dags/dag_crime_pipeline.py for tasks to queue
[2026-05-31T11:53:38.826+0000] {logging_mixin.py:188} INFO - [2026-05-31T11:53:38.825+0000] {dagbag.py:538} INFO - Filling up the DagBag from /opt/airflow/dags/dag_crime_pipeline.py
[2026-05-31T11:53:38.866+0000] {processor.py:840} INFO - DAG(s) 'crime_analytics_pipeline' retrieved from /opt/airflow/dags/dag_crime_pipeline.py
[2026-05-31T11:53:38.908+0000] {logging_mixin.py:188} INFO - [2026-05-31T11:53:38.908+0000] {dag.py:3036} INFO - Sync 1 DAGs
[2026-05-31T11:53:38.961+0000] {processor.py:183} INFO - Processing /opt/airflow/dags/dag_crime_pipeline.py took 0.145 seconds
[2026-05-31T11:54:09.126+0000] {processor.py:161} INFO - Started process (PID=5599) to work on /opt/airflow/dags/dag_crime_pipeline.py
[2026-05-31T11:54:09.128+0000] {processor.py:830} INFO - Processing file /opt/airflow/dags/dag_crime_pipeline.py for tasks to queue
[2026-05-31T11:54:09.133+0000] {logging_mixin.py:188} INFO - [2026-05-31T11:54:09.132+0000] {dagbag.py:538} INFO - Filling up the DagBag from /opt/airflow/dags/dag_crime_pipeline.py
[2026-05-31T11:54:09.185+0000] {processor.py:840} INFO - DAG(s) 'crime_analytics_pipeline' retrieved from /opt/airflow/dags/dag_crime_pipeline.py
[2026-05-31T11:54:09.233+0000] {logging_mixin.py:188} INFO - [2026-05-31T11:54:09.232+0000] {dag.py:3036} INFO - Sync 1 DAGs
[2026-05-31T11:54:09.296+0000] {processor.py:183} INFO - Processing /opt/airflow/dags/dag_crime_pipeline.py took 0.175 seconds
[2026-05-31T11:54:39.696+0000] {processor.py:161} INFO - Started process (PID=5604) to work on /opt/airflow/dags/dag_crime_pipeline.py
[2026-05-31T11:54:39.697+0000] {processor.py:830} INFO - Processing file /opt/airflow/dags/dag_crime_pipeline.py for tasks to queue
[2026-05-31T11:54:39.702+0000] {logging_mixin.py:188} INFO - [2026-05-31T11:54:39.702+0000] {dagbag.py:538} INFO - Filling up the DagBag from /opt/airflow/dags/dag_crime_pipeline.py
[2026-05-31T11:54:39.761+0000] {processor.py:840} INFO - DAG(s) 'crime_analytics_pipeline' retrieved from /opt/airflow/dags/dag_crime_pipeline.py
[2026-05-31T11:54:39.796+0000] {logging_mixin.py:188} INFO - [2026-05-31T11:54:39.796+0000] {dag.py:3036} INFO - Sync 1 DAGs
[2026-05-31T11:54:39.843+0000] {processor.py:183} INFO - Processing /opt/airflow/dags/dag_crime_pipeline.py took 0.152 seconds
[2026-05-31T11:55:10.088+0000] {processor.py:161} INFO - Started process (PID=5609) to work on /opt/airflow/dags/dag_crime_pipeline.py
[2026-05-31T11:55:10.089+0000] {processor.py:830} INFO - Processing file /opt/airflow/dags/dag_crime_pipeline.py for tasks to queue
[2026-05-31T11:55:10.092+0000] {logging_mixin.py:188} INFO - [2026-05-31T11:55:10.091+0000] {dagbag.py:538} INFO - Filling up the DagBag from /opt/airflow/dags/dag_crime_pipeline.py
[2026-05-31T11:55:10.133+0000] {processor.py:840} INFO - DAG(s) 'crime_analytics_pipeline' retrieved from /opt/airflow/dags/dag_crime_pipeline.py
[2026-05-31T11:55:10.165+0000] {logging_mixin.py:188} INFO - [2026-05-31T11:55:10.164+0000] {dag.py:3036} INFO - Sync 1 DAGs
[2026-05-31T11:55:10.232+0000] {processor.py:183} INFO - Processing /opt/airflow/dags/dag_crime_pipeline.py took 0.150 seconds
[2026-05-31T11:55:40.589+0000] {processor.py:161} INFO - Started process (PID=5614) to work on /opt/airflow/dags/dag_crime_pipeline.py
[2026-05-31T11:55:40.590+0000] {processor.py:830} INFO - Processing file /opt/airflow/dags/dag_crime_pipeline.py for tasks to queue
[2026-05-31T11:55:40.596+0000] {logging_mixin.py:188} INFO - [2026-05-31T11:55:40.595+0000] {dagbag.py:538} INFO - Filling up the DagBag from /opt/airflow/dags/dag_crime_pipeline.py
[2026-05-31T11:55:40.647+0000] {processor.py:840} INFO - DAG(s) 'crime_analytics_pipeline' retrieved from /opt/airflow/dags/dag_crime_pipeline.py
[2026-05-31T11:55:40.689+0000] {logging_mixin.py:188} INFO - [2026-05-31T11:55:40.689+0000] {dag.py:3036} INFO - Sync 1 DAGs
[2026-05-31T11:55:40.763+0000] {processor.py:183} INFO - Processing /opt/airflow/dags/dag_crime_pipeline.py took 0.179 seconds
[2026-05-31T11:56:11.077+0000] {processor.py:161} INFO - Started process (PID=5622) to work on /opt/airflow/dags/dag_crime_pipeline.py
[2026-05-31T11:56:11.079+0000] {processor.py:830} INFO - Processing file /opt/airflow/dags/dag_crime_pipeline.py for tasks to queue
[2026-05-31T11:56:11.083+0000] {logging_mixin.py:188} INFO - [2026-05-31T11:56:11.082+0000] {dagbag.py:538} INFO - Filling up the DagBag from /opt/airflow/dags/dag_crime_pipeline.py
[2026-05-31T11:56:11.137+0000] {processor.py:840} INFO - DAG(s) 'crime_analytics_pipeline' retrieved from /opt/airflow/dags/dag_crime_pipeline.py
[2026-05-31T11:56:11.186+0000] {logging_mixin.py:188} INFO - [2026-05-31T11:56:11.186+0000] {dag.py:3036} INFO - Sync 1 DAGs
[2026-05-31T11:56:11.238+0000] {processor.py:183} INFO - Processing /opt/airflow/dags/dag_crime_pipeline.py took 0.169 seconds
[2026-05-31T11:56:41.390+0000] {processor.py:161} INFO - Started process (PID=5674) to work on /opt/airflow/dags/dag_crime_pipeline.py
[2026-05-31T11:56:41.391+0000] {processor.py:830} INFO - Processing file /opt/airflow/dags/dag_crime_pipeline.py for tasks to queue
[2026-05-31T11:56:41.395+0000] {logging_mixin.py:188} INFO - [2026-05-31T11:56:41.394+0000] {dagbag.py:538} INFO - Filling up the DagBag from /opt/airflow/dags/dag_crime_pipeline.py
[2026-05-31T11:56:41.441+0000] {processor.py:840} INFO - DAG(s) 'crime_analytics_pipeline' retrieved from /opt/airflow/dags/dag_crime_pipeline.py
[2026-05-31T11:56:41.485+0000] {logging_mixin.py:188} INFO - [2026-05-31T11:56:41.484+0000] {dag.py:3036} INFO - Sync 1 DAGs
[2026-05-31T11:56:41.552+0000] {processor.py:183} INFO - Processing /opt/airflow/dags/dag_crime_pipeline.py took 0.166 seconds
[2026-05-31T11:57:11.861+0000] {processor.py:161} INFO - Started process (PID=5679) to work on /opt/airflow/dags/dag_crime_pipeline.py
[2026-05-31T11:57:11.863+0000] {processor.py:830} INFO - Processing file /opt/airflow/dags/dag_crime_pipeline.py for tasks to queue
[2026-05-31T11:57:11.866+0000] {logging_mixin.py:188} INFO - [2026-05-31T11:57:11.865+0000] {dagbag.py:538} INFO - Filling up the DagBag from /opt/airflow/dags/dag_crime_pipeline.py
[2026-05-31T11:57:11.907+0000] {processor.py:840} INFO - DAG(s) 'crime_analytics_pipeline' retrieved from /opt/airflow/dags/dag_crime_pipeline.py
[2026-05-31T11:57:11.942+0000] {logging_mixin.py:188} INFO - [2026-05-31T11:57:11.941+0000] {dag.py:3036} INFO - Sync 1 DAGs
[2026-05-31T11:57:11.980+0000] {processor.py:183} INFO - Processing /opt/airflow/dags/dag_crime_pipeline.py took 0.123 seconds
[2026-05-31T11:57:42.171+0000] {processor.py:161} INFO - Started process (PID=5684) to work on /opt/airflow/dags/dag_crime_pipeline.py
[2026-05-31T11:57:42.174+0000] {processor.py:830} INFO - Processing file /opt/airflow/dags/dag_crime_pipeline.py for tasks to queue
[2026-05-31T11:57:42.178+0000] {logging_mixin.py:188} INFO - [2026-05-31T11:57:42.177+0000] {dagbag.py:538} INFO - Filling up the DagBag from /opt/airflow/dags/dag_crime_pipeline.py
[2026-05-31T11:57:42.231+0000] {processor.py:840} INFO - DAG(s) 'crime_analytics_pipeline' retrieved from /opt/airflow/dags/dag_crime_pipeline.py
[2026-05-31T11:57:42.270+0000] {logging_mixin.py:188} INFO - [2026-05-31T11:57:42.269+0000] {dag.py:3036} INFO - Sync 1 DAGs
[2026-05-31T11:57:42.327+0000] {processor.py:183} INFO - Processing /opt/airflow/dags/dag_crime_pipeline.py took 0.163 seconds
[2026-05-31T11:58:12.562+0000] {processor.py:161} INFO - Started process (PID=5689) to work on /opt/airflow/dags/dag_crime_pipeline.py
[2026-05-31T11:58:12.564+0000] {processor.py:830} INFO - Processing file /opt/airflow/dags/dag_crime_pipeline.py for tasks to queue
[2026-05-31T11:58:12.568+0000] {logging_mixin.py:188} INFO - [2026-05-31T11:58:12.567+0000] {dagbag.py:538} INFO - Filling up the DagBag from /opt/airflow/dags/dag_crime_pipeline.py
[2026-05-31T11:58:12.610+0000] {processor.py:840} INFO - DAG(s) 'crime_analytics_pipeline' retrieved from /opt/airflow/dags/dag_crime_pipeline.py
[2026-05-31T11:58:12.647+0000] {logging_mixin.py:188} INFO - [2026-05-31T11:58:12.647+0000] {dag.py:3036} INFO - Sync 1 DAGs
[2026-05-31T11:58:12.698+0000] {processor.py:183} INFO - Processing /opt/airflow/dags/dag_crime_pipeline.py took 0.139 seconds
[2026-05-31T11:58:43.066+0000] {processor.py:161} INFO - Started process (PID=5694) to work on /opt/airflow/dags/dag_crime_pipeline.py
[2026-05-31T11:58:43.068+0000] {processor.py:830} INFO - Processing file /opt/airflow/dags/dag_crime_pipeline.py for tasks to queue
[2026-05-31T11:58:43.073+0000] {logging_mixin.py:188} INFO - [2026-05-31T11:58:43.072+0000] {dagbag.py:538} INFO - Filling up the DagBag from /opt/airflow/dags/dag_crime_pipeline.py
[2026-05-31T11:58:43.134+0000] {processor.py:840} INFO - DAG(s) 'crime_analytics_pipeline' retrieved from /opt/airflow/dags/dag_crime_pipeline.py
[2026-05-31T11:58:43.173+0000] {logging_mixin.py:188} INFO - [2026-05-31T11:58:43.173+0000] {dag.py:3036} INFO - Sync 1 DAGs
[2026-05-31T11:58:43.216+0000] {processor.py:183} INFO - Processing /opt/airflow/dags/dag_crime_pipeline.py took 0.156 seconds
[2026-05-31T11:59:13.371+0000] {processor.py:161} INFO - Started process (PID=5715) to work on /opt/airflow/dags/dag_crime_pipeline.py
[2026-05-31T11:59:13.373+0000] {processor.py:830} INFO - Processing file /opt/airflow/dags/dag_crime_pipeline.py for tasks to queue
[2026-05-31T11:59:13.378+0000] {logging_mixin.py:188} INFO - [2026-05-31T11:59:13.377+0000] {dagbag.py:538} INFO - Filling up the DagBag from /opt/airflow/dags/dag_crime_pipeline.py
[2026-05-31T11:59:13.425+0000] {processor.py:840} INFO - DAG(s) 'crime_analytics_pipeline' retrieved from /opt/airflow/dags/dag_crime_pipeline.py
[2026-05-31T11:59:13.466+0000] {logging_mixin.py:188} INFO - [2026-05-31T11:59:13.465+0000] {dag.py:3036} INFO - Sync 1 DAGs
[2026-05-31T11:59:13.529+0000] {processor.py:183} INFO - Processing /opt/airflow/dags/dag_crime_pipeline.py took 0.165 seconds
[2026-05-31T11:59:43.795+0000] {processor.py:161} INFO - Started process (PID=5720) to work on /opt/airflow/dags/dag_crime_pipeline.py
[2026-05-31T11:59:43.797+0000] {processor.py:830} INFO - Processing file /opt/airflow/dags/dag_crime_pipeline.py for tasks to queue
[2026-05-31T11:59:43.799+0000] {logging_mixin.py:188} INFO - [2026-05-31T11:59:43.799+0000] {dagbag.py:538} INFO - Filling up the DagBag from /opt/airflow/dags/dag_crime_pipeline.py
[2026-05-31T11:59:43.837+0000] {processor.py:840} INFO - DAG(s) 'crime_analytics_pipeline' retrieved from /opt/airflow/dags/dag_crime_pipeline.py
[2026-05-31T11:59:43.876+0000] {logging_mixin.py:188} INFO - [2026-05-31T11:59:43.875+0000] {dag.py:3036} INFO - Sync 1 DAGs
[2026-05-31T11:59:43.915+0000] {processor.py:183} INFO - Processing /opt/airflow/dags/dag_crime_pipeline.py took 0.124 seconds
[2026-05-31T12:00:14.151+0000] {processor.py:161} INFO - Started process (PID=5725) to work on /opt/airflow/dags/dag_crime_pipeline.py
[2026-05-31T12:00:14.153+0000] {processor.py:830} INFO - Processing file /opt/airflow/dags/dag_crime_pipeline.py for tasks to queue
[2026-05-31T12:00:14.157+0000] {logging_mixin.py:188} INFO - [2026-05-31T12:00:14.156+0000] {dagbag.py:538} INFO - Filling up the DagBag from /opt/airflow/dags/dag_crime_pipeline.py
[2026-05-31T12:00:14.205+0000] {processor.py:840} INFO - DAG(s) 'crime_analytics_pipeline' retrieved from /opt/airflow/dags/dag_crime_pipeline.py
[2026-05-31T12:00:14.239+0000] {logging_mixin.py:188} INFO - [2026-05-31T12:00:14.238+0000] {dag.py:3036} INFO - Sync 1 DAGs
[2026-05-31T12:00:14.287+0000] {processor.py:183} INFO - Processing /opt/airflow/dags/dag_crime_pipeline.py took 0.140 seconds
[2026-05-31T12:00:44.567+0000] {processor.py:161} INFO - Started process (PID=5730) to work on /opt/airflow/dags/dag_crime_pipeline.py
[2026-05-31T12:00:44.568+0000] {processor.py:830} INFO - Processing file /opt/airflow/dags/dag_crime_pipeline.py for tasks to queue
[2026-05-31T12:00:44.572+0000] {logging_mixin.py:188} INFO - [2026-05-31T12:00:44.571+0000] {dagbag.py:538} INFO - Filling up the DagBag from /opt/airflow/dags/dag_crime_pipeline.py
[2026-05-31T12:00:44.611+0000] {processor.py:840} INFO - DAG(s) 'crime_analytics_pipeline' retrieved from /opt/airflow/dags/dag_crime_pipeline.py
[2026-05-31T12:00:44.667+0000] {logging_mixin.py:188} INFO - [2026-05-31T12:00:44.667+0000] {dag.py:3036} INFO - Sync 1 DAGs
[2026-05-31T12:00:44.726+0000] {processor.py:183} INFO - Processing /opt/airflow/dags/dag_crime_pipeline.py took 0.164 seconds
[2026-05-31T12:01:14.897+0000] {processor.py:161} INFO - Started process (PID=5735) to work on /opt/airflow/dags/dag_crime_pipeline.py
[2026-05-31T12:01:14.898+0000] {processor.py:830} INFO - Processing file /opt/airflow/dags/dag_crime_pipeline.py for tasks to queue
[2026-05-31T12:01:14.900+0000] {logging_mixin.py:188} INFO - [2026-05-31T12:01:14.900+0000] {dagbag.py:538} INFO - Filling up the DagBag from /opt/airflow/dags/dag_crime_pipeline.py
[2026-05-31T12:01:14.938+0000] {processor.py:840} INFO - DAG(s) 'crime_analytics_pipeline' retrieved from /opt/airflow/dags/dag_crime_pipeline.py
[2026-05-31T12:01:14.986+0000] {logging_mixin.py:188} INFO - [2026-05-31T12:01:14.985+0000] {dag.py:3036} INFO - Sync 1 DAGs
[2026-05-31T12:01:15.091+0000] {processor.py:183} INFO - Processing /opt/airflow/dags/dag_crime_pipeline.py took 0.198 seconds
[2026-05-31T12:01:45.408+0000] {processor.py:161} INFO - Started process (PID=5740) to work on /opt/airflow/dags/dag_crime_pipeline.py
[2026-05-31T12:01:45.409+0000] {processor.py:830} INFO - Processing file /opt/airflow/dags/dag_crime_pipeline.py for tasks to queue
[2026-05-31T12:01:45.412+0000] {logging_mixin.py:188} INFO - [2026-05-31T12:01:45.412+0000] {dagbag.py:538} INFO - Filling up the DagBag from /opt/airflow/dags/dag_crime_pipeline.py
[2026-05-31T12:01:45.455+0000] {processor.py:840} INFO - DAG(s) 'crime_analytics_pipeline' retrieved from /opt/airflow/dags/dag_crime_pipeline.py
[2026-05-31T12:01:45.487+0000] {logging_mixin.py:188} INFO - [2026-05-31T12:01:45.486+0000] {dag.py:3036} INFO - Sync 1 DAGs
[2026-05-31T12:01:45.523+0000] {processor.py:183} INFO - Processing /opt/airflow/dags/dag_crime_pipeline.py took 0.119 seconds
[2026-05-31T12:02:15.751+0000] {processor.py:161} INFO - Started process (PID=5745) to work on /opt/airflow/dags/dag_crime_pipeline.py
[2026-05-31T12:02:15.753+0000] {processor.py:830} INFO - Processing file /opt/airflow/dags/dag_crime_pipeline.py for tasks to queue
[2026-05-31T12:02:15.756+0000] {logging_mixin.py:188} INFO - [2026-05-31T12:02:15.755+0000] {dagbag.py:538} INFO - Filling up the DagBag from /opt/airflow/dags/dag_crime_pipeline.py
[2026-05-31T12:02:15.807+0000] {processor.py:840} INFO - DAG(s) 'crime_analytics_pipeline' retrieved from /opt/airflow/dags/dag_crime_pipeline.py
[2026-05-31T12:02:15.849+0000] {logging_mixin.py:188} INFO - [2026-05-31T12:02:15.848+0000] {dag.py:3036} INFO - Sync 1 DAGs
[2026-05-31T12:02:15.906+0000] {processor.py:183} INFO - Processing /opt/airflow/dags/dag_crime_pipeline.py took 0.162 seconds
[2026-05-31T12:02:46.163+0000] {processor.py:161} INFO - Started process (PID=5750) to work on /opt/airflow/dags/dag_crime_pipeline.py
[2026-05-31T12:02:46.164+0000] {processor.py:830} INFO - Processing file /opt/airflow/dags/dag_crime_pipeline.py for tasks to queue
[2026-05-31T12:02:46.167+0000] {logging_mixin.py:188} INFO - [2026-05-31T12:02:46.167+0000] {dagbag.py:538} INFO - Filling up the DagBag from /opt/airflow/dags/dag_crime_pipeline.py
[2026-05-31T12:02:46.211+0000] {processor.py:840} INFO - DAG(s) 'crime_analytics_pipeline' retrieved from /opt/airflow/dags/dag_crime_pipeline.py
[2026-05-31T12:02:46.246+0000] {logging_mixin.py:188} INFO - [2026-05-31T12:02:46.245+0000] {dag.py:3036} INFO - Sync 1 DAGs
[2026-05-31T12:02:46.308+0000] {processor.py:183} INFO - Processing /opt/airflow/dags/dag_crime_pipeline.py took 0.150 seconds
[2026-05-31T12:03:16.588+0000] {processor.py:161} INFO - Started process (PID=5755) to work on /opt/airflow/dags/dag_crime_pipeline.py
[2026-05-31T12:03:16.589+0000] {processor.py:830} INFO - Processing file /opt/airflow/dags/dag_crime_pipeline.py for tasks to queue
[2026-05-31T12:03:16.593+0000] {logging_mixin.py:188} INFO - [2026-05-31T12:03:16.592+0000] {dagbag.py:538} INFO - Filling up the DagBag from /opt/airflow/dags/dag_crime_pipeline.py
[2026-05-31T12:03:16.638+0000] {processor.py:840} INFO - DAG(s) 'crime_analytics_pipeline' retrieved from /opt/airflow/dags/dag_crime_pipeline.py
[2026-05-31T12:03:16.690+0000] {logging_mixin.py:188} INFO - [2026-05-31T12:03:16.690+0000] {dag.py:3036} INFO - Sync 1 DAGs
[2026-05-31T12:03:16.736+0000] {processor.py:183} INFO - Processing /opt/airflow/dags/dag_crime_pipeline.py took 0.153 seconds
[2026-05-31T12:03:46.926+0000] {processor.py:161} INFO - Started process (PID=5760) to work on /opt/airflow/dags/dag_crime_pipeline.py
[2026-05-31T12:03:46.928+0000] {processor.py:830} INFO - Processing file /opt/airflow/dags/dag_crime_pipeline.py for tasks to queue
[2026-05-31T12:03:46.930+0000] {logging_mixin.py:188} INFO - [2026-05-31T12:03:46.930+0000] {dagbag.py:538} INFO - Filling up the DagBag from /opt/airflow/dags/dag_crime_pipeline.py
[2026-05-31T12:03:46.982+0000] {processor.py:840} INFO - DAG(s) 'crime_analytics_pipeline' retrieved from /opt/airflow/dags/dag_crime_pipeline.py
[2026-05-31T12:03:47.026+0000] {logging_mixin.py:188} INFO - [2026-05-31T12:03:47.025+0000] {dag.py:3036} INFO - Sync 1 DAGs
[2026-05-31T12:03:47.089+0000] {processor.py:183} INFO - Processing /opt/airflow/dags/dag_crime_pipeline.py took 0.168 seconds
[2026-05-31T12:04:17.361+0000] {processor.py:161} INFO - Started process (PID=5765) to work on /opt/airflow/dags/dag_crime_pipeline.py
[2026-05-31T12:04:17.362+0000] {processor.py:830} INFO - Processing file /opt/airflow/dags/dag_crime_pipeline.py for tasks to queue
[2026-05-31T12:04:17.366+0000] {logging_mixin.py:188} INFO - [2026-05-31T12:04:17.365+0000] {dagbag.py:538} INFO - Filling up the DagBag from /opt/airflow/dags/dag_crime_pipeline.py
[2026-05-31T12:04:17.411+0000] {processor.py:840} INFO - DAG(s) 'crime_analytics_pipeline' retrieved from /opt/airflow/dags/dag_crime_pipeline.py
[2026-05-31T12:04:17.444+0000] {logging_mixin.py:188} INFO - [2026-05-31T12:04:17.443+0000] {dag.py:3036} INFO - Sync 1 DAGs
[2026-05-31T12:04:17.488+0000] {processor.py:183} INFO - Processing /opt/airflow/dags/dag_crime_pipeline.py took 0.132 seconds
[2026-05-31T12:04:47.672+0000] {processor.py:161} INFO - Started process (PID=5770) to work on /opt/airflow/dags/dag_crime_pipeline.py
[2026-05-31T12:04:47.674+0000] {processor.py:830} INFO - Processing file /opt/airflow/dags/dag_crime_pipeline.py for tasks to queue
[2026-05-31T12:04:47.676+0000] {logging_mixin.py:188} INFO - [2026-05-31T12:04:47.676+0000] {dagbag.py:538} INFO - Filling up the DagBag from /opt/airflow/dags/dag_crime_pipeline.py
[2026-05-31T12:04:47.718+0000] {processor.py:840} INFO - DAG(s) 'crime_analytics_pipeline' retrieved from /opt/airflow/dags/dag_crime_pipeline.py
[2026-05-31T12:04:47.754+0000] {logging_mixin.py:188} INFO - [2026-05-31T12:04:47.753+0000] {dag.py:3036} INFO - Sync 1 DAGs
[2026-05-31T12:04:47.798+0000] {processor.py:183} INFO - Processing /opt/airflow/dags/dag_crime_pipeline.py took 0.130 seconds
[2026-05-31T12:05:18.168+0000] {processor.py:161} INFO - Started process (PID=5775) to work on /opt/airflow/dags/dag_crime_pipeline.py
[2026-05-31T12:05:18.170+0000] {processor.py:830} INFO - Processing file /opt/airflow/dags/dag_crime_pipeline.py for tasks to queue
[2026-05-31T12:05:18.173+0000] {logging_mixin.py:188} INFO - [2026-05-31T12:05:18.173+0000] {dagbag.py:538} INFO - Filling up the DagBag from /opt/airflow/dags/dag_crime_pipeline.py
[2026-05-31T12:05:18.212+0000] {processor.py:840} INFO - DAG(s) 'crime_analytics_pipeline' retrieved from /opt/airflow/dags/dag_crime_pipeline.py
[2026-05-31T12:05:18.241+0000] {logging_mixin.py:188} INFO - [2026-05-31T12:05:18.241+0000] {dag.py:3036} INFO - Sync 1 DAGs
[2026-05-31T12:05:18.295+0000] {processor.py:183} INFO - Processing /opt/airflow/dags/dag_crime_pipeline.py took 0.131 seconds
[2026-05-31T12:05:48.467+0000] {processor.py:161} INFO - Started process (PID=5780) to work on /opt/airflow/dags/dag_crime_pipeline.py
[2026-05-31T12:05:48.468+0000] {processor.py:830} INFO - Processing file /opt/airflow/dags/dag_crime_pipeline.py for tasks to queue
[2026-05-31T12:05:48.471+0000] {logging_mixin.py:188} INFO - [2026-05-31T12:05:48.471+0000] {dagbag.py:538} INFO - Filling up the DagBag from /opt/airflow/dags/dag_crime_pipeline.py
[2026-05-31T12:05:48.526+0000] {processor.py:840} INFO - DAG(s) 'crime_analytics_pipeline' retrieved from /opt/airflow/dags/dag_crime_pipeline.py
[2026-05-31T12:05:48.555+0000] {logging_mixin.py:188} INFO - [2026-05-31T12:05:48.555+0000] {dag.py:3036} INFO - Sync 1 DAGs
[2026-05-31T12:05:48.592+0000] {processor.py:183} INFO - Processing /opt/airflow/dags/dag_crime_pipeline.py took 0.129 seconds
[2026-05-31T12:06:18.932+0000] {processor.py:161} INFO - Started process (PID=5785) to work on /opt/airflow/dags/dag_crime_pipeline.py
[2026-05-31T12:06:18.934+0000] {processor.py:830} INFO - Processing file /opt/airflow/dags/dag_crime_pipeline.py for tasks to queue
[2026-05-31T12:06:18.936+0000] {logging_mixin.py:188} INFO - [2026-05-31T12:06:18.936+0000] {dagbag.py:538} INFO - Filling up the DagBag from /opt/airflow/dags/dag_crime_pipeline.py
[2026-05-31T12:06:18.978+0000] {processor.py:840} INFO - DAG(s) 'crime_analytics_pipeline' retrieved from /opt/airflow/dags/dag_crime_pipeline.py
[2026-05-31T12:06:19.016+0000] {logging_mixin.py:188} INFO - [2026-05-31T12:06:19.015+0000] {dag.py:3036} INFO - Sync 1 DAGs
[2026-05-31T12:06:19.072+0000] {processor.py:183} INFO - Processing /opt/airflow/dags/dag_crime_pipeline.py took 0.143 seconds
[2026-05-31T12:06:49.322+0000] {processor.py:161} INFO - Started process (PID=5840) to work on /opt/airflow/dags/dag_crime_pipeline.py
[2026-05-31T12:06:49.324+0000] {processor.py:830} INFO - Processing file /opt/airflow/dags/dag_crime_pipeline.py for tasks to queue
[2026-05-31T12:06:49.328+0000] {logging_mixin.py:188} INFO - [2026-05-31T12:06:49.327+0000] {dagbag.py:538} INFO - Filling up the DagBag from /opt/airflow/dags/dag_crime_pipeline.py
[2026-05-31T12:06:49.376+0000] {processor.py:840} INFO - DAG(s) 'crime_analytics_pipeline' retrieved from /opt/airflow/dags/dag_crime_pipeline.py
[2026-05-31T12:06:49.431+0000] {logging_mixin.py:188} INFO - [2026-05-31T12:06:49.431+0000] {dag.py:3036} INFO - Sync 1 DAGs
[2026-05-31T12:06:49.475+0000] {processor.py:183} INFO - Processing /opt/airflow/dags/dag_crime_pipeline.py took 0.158 seconds
[2026-05-31T12:07:19.673+0000] {processor.py:161} INFO - Started process (PID=5845) to work on /opt/airflow/dags/dag_crime_pipeline.py
[2026-05-31T12:07:19.675+0000] {processor.py:830} INFO - Processing file /opt/airflow/dags/dag_crime_pipeline.py for tasks to queue
[2026-05-31T12:07:19.678+0000] {logging_mixin.py:188} INFO - [2026-05-31T12:07:19.678+0000] {dagbag.py:538} INFO - Filling up the DagBag from /opt/airflow/dags/dag_crime_pipeline.py
[2026-05-31T12:07:19.723+0000] {processor.py:840} INFO - DAG(s) 'crime_analytics_pipeline' retrieved from /opt/airflow/dags/dag_crime_pipeline.py
[2026-05-31T12:07:19.767+0000] {logging_mixin.py:188} INFO - [2026-05-31T12:07:19.766+0000] {dag.py:3036} INFO - Sync 1 DAGs
[2026-05-31T12:07:19.833+0000] {processor.py:183} INFO - Processing /opt/airflow/dags/dag_crime_pipeline.py took 0.165 seconds
[2026-05-31T12:07:50.079+0000] {processor.py:161} INFO - Started process (PID=5850) to work on /opt/airflow/dags/dag_crime_pipeline.py
[2026-05-31T12:07:50.081+0000] {processor.py:830} INFO - Processing file /opt/airflow/dags/dag_crime_pipeline.py for tasks to queue
[2026-05-31T12:07:50.084+0000] {logging_mixin.py:188} INFO - [2026-05-31T12:07:50.084+0000] {dagbag.py:538} INFO - Filling up the DagBag from /opt/airflow/dags/dag_crime_pipeline.py
[2026-05-31T12:07:50.133+0000] {processor.py:840} INFO - DAG(s) 'crime_analytics_pipeline' retrieved from /opt/airflow/dags/dag_crime_pipeline.py
[2026-05-31T12:07:50.171+0000] {logging_mixin.py:188} INFO - [2026-05-31T12:07:50.170+0000] {dag.py:3036} INFO - Sync 1 DAGs
[2026-05-31T12:07:50.232+0000] {processor.py:183} INFO - Processing /opt/airflow/dags/dag_crime_pipeline.py took 0.160 seconds
[2026-05-31T12:08:20.449+0000] {processor.py:161} INFO - Started process (PID=5855) to work on /opt/airflow/dags/dag_crime_pipeline.py
[2026-05-31T12:08:20.452+0000] {processor.py:830} INFO - Processing file /opt/airflow/dags/dag_crime_pipeline.py for tasks to queue
[2026-05-31T12:08:20.456+0000] {logging_mixin.py:188} INFO - [2026-05-31T12:08:20.456+0000] {dagbag.py:538} INFO - Filling up the DagBag from /opt/airflow/dags/dag_crime_pipeline.py
[2026-05-31T12:08:20.514+0000] {processor.py:840} INFO - DAG(s) 'crime_analytics_pipeline' retrieved from /opt/airflow/dags/dag_crime_pipeline.py
[2026-05-31T12:08:20.559+0000] {logging_mixin.py:188} INFO - [2026-05-31T12:08:20.558+0000] {dag.py:3036} INFO - Sync 1 DAGs
[2026-05-31T12:08:20.645+0000] {processor.py:183} INFO - Processing /opt/airflow/dags/dag_crime_pipeline.py took 0.205 seconds
[2026-05-31T12:08:50.859+0000] {processor.py:161} INFO - Started process (PID=5860) to work on /opt/airflow/dags/dag_crime_pipeline.py
[2026-05-31T12:08:50.861+0000] {processor.py:830} INFO - Processing file /opt/airflow/dags/dag_crime_pipeline.py for tasks to queue
[2026-05-31T12:08:50.865+0000] {logging_mixin.py:188} INFO - [2026-05-31T12:08:50.864+0000] {dagbag.py:538} INFO - Filling up the DagBag from /opt/airflow/dags/dag_crime_pipeline.py
[2026-05-31T12:08:50.912+0000] {processor.py:840} INFO - DAG(s) 'crime_analytics_pipeline' retrieved from /opt/airflow/dags/dag_crime_pipeline.py
[2026-05-31T12:08:50.946+0000] {logging_mixin.py:188} INFO - [2026-05-31T12:08:50.945+0000] {dag.py:3036} INFO - Sync 1 DAGs
[2026-05-31T12:08:51.012+0000] {processor.py:183} INFO - Processing /opt/airflow/dags/dag_crime_pipeline.py took 0.158 seconds
[2026-05-31T12:09:21.290+0000] {processor.py:161} INFO - Started process (PID=5881) to work on /opt/airflow/dags/dag_crime_pipeline.py
[2026-05-31T12:09:21.292+0000] {processor.py:830} INFO - Processing file /opt/airflow/dags/dag_crime_pipeline.py for tasks to queue
[2026-05-31T12:09:21.296+0000] {logging_mixin.py:188} INFO - [2026-05-31T12:09:21.295+0000] {dagbag.py:538} INFO - Filling up the DagBag from /opt/airflow/dags/dag_crime_pipeline.py
[2026-05-31T12:09:21.347+0000] {processor.py:840} INFO - DAG(s) 'crime_analytics_pipeline' retrieved from /opt/airflow/dags/dag_crime_pipeline.py
[2026-05-31T12:09:21.409+0000] {logging_mixin.py:188} INFO - [2026-05-31T12:09:21.408+0000] {dag.py:3036} INFO - Sync 1 DAGs
[2026-05-31T12:09:21.458+0000] {processor.py:183} INFO - Processing /opt/airflow/dags/dag_crime_pipeline.py took 0.173 seconds
[2026-05-31T12:09:51.949+0000] {processor.py:161} INFO - Started process (PID=5901) to work on /opt/airflow/dags/dag_crime_pipeline.py
[2026-05-31T12:09:51.955+0000] {processor.py:830} INFO - Processing file /opt/airflow/dags/dag_crime_pipeline.py for tasks to queue
[2026-05-31T12:09:51.963+0000] {logging_mixin.py:188} INFO - [2026-05-31T12:09:51.962+0000] {dagbag.py:538} INFO - Filling up the DagBag from /opt/airflow/dags/dag_crime_pipeline.py
[2026-05-31T12:09:52.055+0000] {processor.py:840} INFO - DAG(s) 'crime_analytics_pipeline' retrieved from /opt/airflow/dags/dag_crime_pipeline.py
[2026-05-31T12:09:52.132+0000] {logging_mixin.py:188} INFO - [2026-05-31T12:09:52.131+0000] {dag.py:3036} INFO - Sync 1 DAGs
[2026-05-31T12:09:52.248+0000] {processor.py:183} INFO - Processing /opt/airflow/dags/dag_crime_pipeline.py took 0.309 seconds
[2026-05-31T12:10:22.350+0000] {processor.py:161} INFO - Started process (PID=5906) to work on /opt/airflow/dags/dag_crime_pipeline.py
[2026-05-31T12:10:22.357+0000] {processor.py:830} INFO - Processing file /opt/airflow/dags/dag_crime_pipeline.py for tasks to queue
[2026-05-31T12:10:22.370+0000] {logging_mixin.py:188} INFO - [2026-05-31T12:10:22.369+0000] {dagbag.py:538} INFO - Filling up the DagBag from /opt/airflow/dags/dag_crime_pipeline.py
[2026-05-31T12:10:22.450+0000] {processor.py:840} INFO - DAG(s) 'crime_analytics_pipeline' retrieved from /opt/airflow/dags/dag_crime_pipeline.py
[2026-05-31T12:10:22.519+0000] {logging_mixin.py:188} INFO - [2026-05-31T12:10:22.518+0000] {dag.py:3036} INFO - Sync 1 DAGs
[2026-05-31T12:10:22.581+0000] {processor.py:183} INFO - Processing /opt/airflow/dags/dag_crime_pipeline.py took 0.241 seconds
[2026-05-31T12:10:52.771+0000] {processor.py:161} INFO - Started process (PID=5911) to work on /opt/airflow/dags/dag_crime_pipeline.py
[2026-05-31T12:10:52.773+0000] {processor.py:830} INFO - Processing file /opt/airflow/dags/dag_crime_pipeline.py for tasks to queue
[2026-05-31T12:10:52.780+0000] {logging_mixin.py:188} INFO - [2026-05-31T12:10:52.779+0000] {dagbag.py:538} INFO - Filling up the DagBag from /opt/airflow/dags/dag_crime_pipeline.py
[2026-05-31T12:10:52.853+0000] {processor.py:840} INFO - DAG(s) 'crime_analytics_pipeline' retrieved from /opt/airflow/dags/dag_crime_pipeline.py
[2026-05-31T12:10:52.900+0000] {logging_mixin.py:188} INFO - [2026-05-31T12:10:52.899+0000] {dag.py:3036} INFO - Sync 1 DAGs
[2026-05-31T12:10:53.026+0000] {processor.py:183} INFO - Processing /opt/airflow/dags/dag_crime_pipeline.py took 0.260 seconds
[2026-05-31T12:11:23.459+0000] {processor.py:161} INFO - Started process (PID=5916) to work on /opt/airflow/dags/dag_crime_pipeline.py
[2026-05-31T12:11:23.466+0000] {processor.py:830} INFO - Processing file /opt/airflow/dags/dag_crime_pipeline.py for tasks to queue
[2026-05-31T12:11:23.471+0000] {logging_mixin.py:188} INFO - [2026-05-31T12:11:23.469+0000] {dagbag.py:538} INFO - Filling up the DagBag from /opt/airflow/dags/dag_crime_pipeline.py
[2026-05-31T12:11:23.550+0000] {processor.py:840} INFO - DAG(s) 'crime_analytics_pipeline' retrieved from /opt/airflow/dags/dag_crime_pipeline.py
[2026-05-31T12:11:23.602+0000] {logging_mixin.py:188} INFO - [2026-05-31T12:11:23.601+0000] {dag.py:3036} INFO - Sync 1 DAGs
[2026-05-31T12:11:23.671+0000] {processor.py:183} INFO - Processing /opt/airflow/dags/dag_crime_pipeline.py took 0.222 seconds
[2026-05-31T12:11:53.859+0000] {processor.py:161} INFO - Started process (PID=5936) to work on /opt/airflow/dags/dag_crime_pipeline.py
[2026-05-31T12:11:53.861+0000] {processor.py:830} INFO - Processing file /opt/airflow/dags/dag_crime_pipeline.py for tasks to queue
[2026-05-31T12:11:53.864+0000] {logging_mixin.py:188} INFO - [2026-05-31T12:11:53.863+0000] {dagbag.py:538} INFO - Filling up the DagBag from /opt/airflow/dags/dag_crime_pipeline.py
[2026-05-31T12:11:53.927+0000] {processor.py:840} INFO - DAG(s) 'crime_analytics_pipeline' retrieved from /opt/airflow/dags/dag_crime_pipeline.py
[2026-05-31T12:11:53.969+0000] {logging_mixin.py:188} INFO - [2026-05-31T12:11:53.968+0000] {dag.py:3036} INFO - Sync 1 DAGs
[2026-05-31T12:11:54.018+0000] {processor.py:183} INFO - Processing /opt/airflow/dags/dag_crime_pipeline.py took 0.164 seconds
[2026-05-31T12:12:24.367+0000] {processor.py:161} INFO - Started process (PID=5941) to work on /opt/airflow/dags/dag_crime_pipeline.py
[2026-05-31T12:12:24.368+0000] {processor.py:830} INFO - Processing file /opt/airflow/dags/dag_crime_pipeline.py for tasks to queue
[2026-05-31T12:12:24.372+0000] {logging_mixin.py:188} INFO - [2026-05-31T12:12:24.371+0000] {dagbag.py:538} INFO - Filling up the DagBag from /opt/airflow/dags/dag_crime_pipeline.py
[2026-05-31T12:12:24.419+0000] {processor.py:840} INFO - DAG(s) 'crime_analytics_pipeline' retrieved from /opt/airflow/dags/dag_crime_pipeline.py
[2026-05-31T12:12:24.452+0000] {logging_mixin.py:188} INFO - [2026-05-31T12:12:24.451+0000] {dag.py:3036} INFO - Sync 1 DAGs
[2026-05-31T12:12:24.506+0000] {processor.py:183} INFO - Processing /opt/airflow/dags/dag_crime_pipeline.py took 0.145 seconds
[2026-05-31T12:12:54.719+0000] {processor.py:161} INFO - Started process (PID=5950) to work on /opt/airflow/dags/dag_crime_pipeline.py
[2026-05-31T12:12:54.721+0000] {processor.py:830} INFO - Processing file /opt/airflow/dags/dag_crime_pipeline.py for tasks to queue
[2026-05-31T12:12:54.724+0000] {logging_mixin.py:188} INFO - [2026-05-31T12:12:54.723+0000] {dagbag.py:538} INFO - Filling up the DagBag from /opt/airflow/dags/dag_crime_pipeline.py
[2026-05-31T12:12:54.758+0000] {processor.py:840} INFO - DAG(s) 'crime_analytics_pipeline' retrieved from /opt/airflow/dags/dag_crime_pipeline.py
[2026-05-31T12:12:54.810+0000] {logging_mixin.py:188} INFO - [2026-05-31T12:12:54.809+0000] {dag.py:3036} INFO - Sync 1 DAGs
[2026-05-31T12:12:54.851+0000] {processor.py:183} INFO - Processing /opt/airflow/dags/dag_crime_pipeline.py took 0.136 seconds
[2026-05-31T12:13:25.026+0000] {processor.py:161} INFO - Started process (PID=5955) to work on /opt/airflow/dags/dag_crime_pipeline.py
[2026-05-31T12:13:25.027+0000] {processor.py:830} INFO - Processing file /opt/airflow/dags/dag_crime_pipeline.py for tasks to queue
[2026-05-31T12:13:25.030+0000] {logging_mixin.py:188} INFO - [2026-05-31T12:13:25.029+0000] {dagbag.py:538} INFO - Filling up the DagBag from /opt/airflow/dags/dag_crime_pipeline.py
[2026-05-31T12:13:25.078+0000] {processor.py:840} INFO - DAG(s) 'crime_analytics_pipeline' retrieved from /opt/airflow/dags/dag_crime_pipeline.py
[2026-05-31T12:13:25.115+0000] {logging_mixin.py:188} INFO - [2026-05-31T12:13:25.115+0000] {dag.py:3036} INFO - Sync 1 DAGs
[2026-05-31T12:13:25.136+0000] {logging_mixin.py:188} INFO - [2026-05-31T12:13:25.136+0000] {dag.py:3823} INFO - Setting next_dagrun for crime_analytics_pipeline to 2026-05-30 19:00:00+00:00, run_after=2026-06-06 19:00:00+00:00
[2026-05-31T12:13:25.175+0000] {processor.py:183} INFO - Processing /opt/airflow/dags/dag_crime_pipeline.py took 0.153 seconds
[2026-05-31T12:13:55.452+0000] {processor.py:161} INFO - Started process (PID=5960) to work on /opt/airflow/dags/dag_crime_pipeline.py
[2026-05-31T12:13:55.454+0000] {processor.py:830} INFO - Processing file /opt/airflow/dags/dag_crime_pipeline.py for tasks to queue
[2026-05-31T12:13:55.457+0000] {logging_mixin.py:188} INFO - [2026-05-31T12:13:55.456+0000] {dagbag.py:538} INFO - Filling up the DagBag from /opt/airflow/dags/dag_crime_pipeline.py
[2026-05-31T12:13:55.496+0000] {processor.py:840} INFO - DAG(s) 'crime_analytics_pipeline' retrieved from /opt/airflow/dags/dag_crime_pipeline.py
[2026-05-31T12:13:55.533+0000] {logging_mixin.py:188} INFO - [2026-05-31T12:13:55.532+0000] {dag.py:3036} INFO - Sync 1 DAGs
[2026-05-31T12:13:55.559+0000] {logging_mixin.py:188} INFO - [2026-05-31T12:13:55.559+0000] {dag.py:3823} INFO - Setting next_dagrun for crime_analytics_pipeline to 2026-05-30 19:00:00+00:00, run_after=2026-06-06 19:00:00+00:00
[2026-05-31T12:13:55.584+0000] {processor.py:183} INFO - Processing /opt/airflow/dags/dag_crime_pipeline.py took 0.136 seconds
[2026-05-31T12:14:25.798+0000] {processor.py:161} INFO - Started process (PID=5965) to work on /opt/airflow/dags/dag_crime_pipeline.py
[2026-05-31T12:14:25.800+0000] {processor.py:830} INFO - Processing file /opt/airflow/dags/dag_crime_pipeline.py for tasks to queue
[2026-05-31T12:14:25.803+0000] {logging_mixin.py:188} INFO - [2026-05-31T12:14:25.802+0000] {dagbag.py:538} INFO - Filling up the DagBag from /opt/airflow/dags/dag_crime_pipeline.py
[2026-05-31T12:14:25.843+0000] {processor.py:840} INFO - DAG(s) 'crime_analytics_pipeline' retrieved from /opt/airflow/dags/dag_crime_pipeline.py
[2026-05-31T12:14:25.877+0000] {logging_mixin.py:188} INFO - [2026-05-31T12:14:25.876+0000] {dag.py:3036} INFO - Sync 1 DAGs
[2026-05-31T12:14:25.900+0000] {logging_mixin.py:188} INFO - [2026-05-31T12:14:25.900+0000] {dag.py:3823} INFO - Setting next_dagrun for crime_analytics_pipeline to 2026-05-30 19:00:00+00:00, run_after=2026-06-06 19:00:00+00:00
[2026-05-31T12:14:25.921+0000] {processor.py:183} INFO - Processing /opt/airflow/dags/dag_crime_pipeline.py took 0.128 seconds
[2026-05-31T12:14:56.316+0000] {processor.py:161} INFO - Started process (PID=5970) to work on /opt/airflow/dags/dag_crime_pipeline.py
[2026-05-31T12:14:56.317+0000] {processor.py:830} INFO - Processing file /opt/airflow/dags/dag_crime_pipeline.py for tasks to queue
[2026-05-31T12:14:56.320+0000] {logging_mixin.py:188} INFO - [2026-05-31T12:14:56.320+0000] {dagbag.py:538} INFO - Filling up the DagBag from /opt/airflow/dags/dag_crime_pipeline.py
[2026-05-31T12:14:56.359+0000] {processor.py:840} INFO - DAG(s) 'crime_analytics_pipeline' retrieved from /opt/airflow/dags/dag_crime_pipeline.py
[2026-05-31T12:14:56.388+0000] {logging_mixin.py:188} INFO - [2026-05-31T12:14:56.388+0000] {dag.py:3036} INFO - Sync 1 DAGs
[2026-05-31T12:14:56.411+0000] {logging_mixin.py:188} INFO - [2026-05-31T12:14:56.410+0000] {dag.py:3823} INFO - Setting next_dagrun for crime_analytics_pipeline to 2026-05-30 19:00:00+00:00, run_after=2026-06-06 19:00:00+00:00
[2026-05-31T12:14:56.456+0000] {processor.py:183} INFO - Processing /opt/airflow/dags/dag_crime_pipeline.py took 0.143 seconds
[2026-05-31T12:15:26.788+0000] {processor.py:161} INFO - Started process (PID=5975) to work on /opt/airflow/dags/dag_crime_pipeline.py
[2026-05-31T12:15:26.789+0000] {processor.py:830} INFO - Processing file /opt/airflow/dags/dag_crime_pipeline.py for tasks to queue
[2026-05-31T12:15:26.792+0000] {logging_mixin.py:188} INFO - [2026-05-31T12:15:26.791+0000] {dagbag.py:538} INFO - Filling up the DagBag from /opt/airflow/dags/dag_crime_pipeline.py
[2026-05-31T12:15:26.829+0000] {processor.py:840} INFO - DAG(s) 'crime_analytics_pipeline' retrieved from /opt/airflow/dags/dag_crime_pipeline.py
[2026-05-31T12:15:26.877+0000] {logging_mixin.py:188} INFO - [2026-05-31T12:15:26.876+0000] {dag.py:3036} INFO - Sync 1 DAGs
[2026-05-31T12:15:26.896+0000] {logging_mixin.py:188} INFO - [2026-05-31T12:15:26.896+0000] {dag.py:3823} INFO - Setting next_dagrun for crime_analytics_pipeline to 2026-05-30 19:00:00+00:00, run_after=2026-06-06 19:00:00+00:00
[2026-05-31T12:15:26.915+0000] {processor.py:183} INFO - Processing /opt/airflow/dags/dag_crime_pipeline.py took 0.132 seconds
[2026-05-31T12:15:57.150+0000] {processor.py:161} INFO - Started process (PID=5980) to work on /opt/airflow/dags/dag_crime_pipeline.py
[2026-05-31T12:15:57.151+0000] {processor.py:830} INFO - Processing file /opt/airflow/dags/dag_crime_pipeline.py for tasks to queue
[2026-05-31T12:15:57.155+0000] {logging_mixin.py:188} INFO - [2026-05-31T12:15:57.154+0000] {dagbag.py:538} INFO - Filling up the DagBag from /opt/airflow/dags/dag_crime_pipeline.py
[2026-05-31T12:15:57.204+0000] {processor.py:840} INFO - DAG(s) 'crime_analytics_pipeline' retrieved from /opt/airflow/dags/dag_crime_pipeline.py
[2026-05-31T12:15:57.244+0000] {logging_mixin.py:188} INFO - [2026-05-31T12:15:57.243+0000] {dag.py:3036} INFO - Sync 1 DAGs
[2026-05-31T12:15:57.270+0000] {logging_mixin.py:188} INFO - [2026-05-31T12:15:57.270+0000] {dag.py:3823} INFO - Setting next_dagrun for crime_analytics_pipeline to 2026-05-30 19:00:00+00:00, run_after=2026-06-06 19:00:00+00:00
[2026-05-31T12:15:57.294+0000] {processor.py:183} INFO - Processing /opt/airflow/dags/dag_crime_pipeline.py took 0.149 seconds
[2026-05-31T12:16:27.578+0000] {processor.py:161} INFO - Started process (PID=5985) to work on /opt/airflow/dags/dag_crime_pipeline.py
[2026-05-31T12:16:27.580+0000] {processor.py:830} INFO - Processing file /opt/airflow/dags/dag_crime_pipeline.py for tasks to queue
[2026-05-31T12:16:27.584+0000] {logging_mixin.py:188} INFO - [2026-05-31T12:16:27.583+0000] {dagbag.py:538} INFO - Filling up the DagBag from /opt/airflow/dags/dag_crime_pipeline.py
[2026-05-31T12:16:27.637+0000] {processor.py:840} INFO - DAG(s) 'crime_analytics_pipeline' retrieved from /opt/airflow/dags/dag_crime_pipeline.py
[2026-05-31T12:16:27.698+0000] {logging_mixin.py:188} INFO - [2026-05-31T12:16:27.697+0000] {dag.py:3036} INFO - Sync 1 DAGs
[2026-05-31T12:16:27.729+0000] {logging_mixin.py:188} INFO - [2026-05-31T12:16:27.728+0000] {dag.py:3823} INFO - Setting next_dagrun for crime_analytics_pipeline to 2026-05-30 19:00:00+00:00, run_after=2026-06-06 19:00:00+00:00
[2026-05-31T12:16:27.760+0000] {processor.py:183} INFO - Processing /opt/airflow/dags/dag_crime_pipeline.py took 0.187 seconds
[2026-05-31T12:16:57.942+0000] {processor.py:161} INFO - Started process (PID=5990) to work on /opt/airflow/dags/dag_crime_pipeline.py
[2026-05-31T12:16:57.943+0000] {processor.py:830} INFO - Processing file /opt/airflow/dags/dag_crime_pipeline.py for tasks to queue
[2026-05-31T12:16:57.949+0000] {logging_mixin.py:188} INFO - [2026-05-31T12:16:57.946+0000] {dagbag.py:538} INFO - Filling up the DagBag from /opt/airflow/dags/dag_crime_pipeline.py
[2026-05-31T12:16:57.997+0000] {processor.py:840} INFO - DAG(s) 'crime_analytics_pipeline' retrieved from /opt/airflow/dags/dag_crime_pipeline.py
[2026-05-31T12:16:58.040+0000] {logging_mixin.py:188} INFO - [2026-05-31T12:16:58.039+0000] {dag.py:3036} INFO - Sync 1 DAGs
[2026-05-31T12:16:58.067+0000] {logging_mixin.py:188} INFO - [2026-05-31T12:16:58.066+0000] {dag.py:3823} INFO - Setting next_dagrun for crime_analytics_pipeline to 2026-05-30 19:00:00+00:00, run_after=2026-06-06 19:00:00+00:00
[2026-05-31T12:16:58.092+0000] {processor.py:183} INFO - Processing /opt/airflow/dags/dag_crime_pipeline.py took 0.156 seconds
[2026-05-31T12:17:28.458+0000] {processor.py:161} INFO - Started process (PID=5995) to work on /opt/airflow/dags/dag_crime_pipeline.py
[2026-05-31T12:17:28.459+0000] {processor.py:830} INFO - Processing file /opt/airflow/dags/dag_crime_pipeline.py for tasks to queue
[2026-05-31T12:17:28.462+0000] {logging_mixin.py:188} INFO - [2026-05-31T12:17:28.461+0000] {dagbag.py:538} INFO - Filling up the DagBag from /opt/airflow/dags/dag_crime_pipeline.py
[2026-05-31T12:17:28.507+0000] {processor.py:840} INFO - DAG(s) 'crime_analytics_pipeline' retrieved from /opt/airflow/dags/dag_crime_pipeline.py
[2026-05-31T12:17:28.553+0000] {logging_mixin.py:188} INFO - [2026-05-31T12:17:28.552+0000] {dag.py:3036} INFO - Sync 1 DAGs
[2026-05-31T12:17:28.580+0000] {logging_mixin.py:188} INFO - [2026-05-31T12:17:28.580+0000] {dag.py:3823} INFO - Setting next_dagrun for crime_analytics_pipeline to 2026-05-30 19:00:00+00:00, run_after=2026-06-06 19:00:00+00:00
[2026-05-31T12:17:28.608+0000] {processor.py:183} INFO - Processing /opt/airflow/dags/dag_crime_pipeline.py took 0.154 seconds
[2026-05-31T12:17:58.794+0000] {processor.py:161} INFO - Started process (PID=6000) to work on /opt/airflow/dags/dag_crime_pipeline.py
[2026-05-31T12:17:58.796+0000] {processor.py:830} INFO - Processing file /opt/airflow/dags/dag_crime_pipeline.py for tasks to queue
[2026-05-31T12:17:58.799+0000] {logging_mixin.py:188} INFO - [2026-05-31T12:17:58.798+0000] {dagbag.py:538} INFO - Filling up the DagBag from /opt/airflow/dags/dag_crime_pipeline.py
[2026-05-31T12:17:58.858+0000] {processor.py:840} INFO - DAG(s) 'crime_analytics_pipeline' retrieved from /opt/airflow/dags/dag_crime_pipeline.py
[2026-05-31T12:17:58.892+0000] {logging_mixin.py:188} INFO - [2026-05-31T12:17:58.891+0000] {dag.py:3036} INFO - Sync 1 DAGs
[2026-05-31T12:17:58.918+0000] {logging_mixin.py:188} INFO - [2026-05-31T12:17:58.918+0000] {dag.py:3823} INFO - Setting next_dagrun for crime_analytics_pipeline to 2026-05-30 19:00:00+00:00, run_after=2026-06-06 19:00:00+00:00
[2026-05-31T12:17:58.945+0000] {processor.py:183} INFO - Processing /opt/airflow/dags/dag_crime_pipeline.py took 0.155 seconds
[2026-05-31T12:18:29.108+0000] {processor.py:161} INFO - Started process (PID=6005) to work on /opt/airflow/dags/dag_crime_pipeline.py
[2026-05-31T12:18:29.109+0000] {processor.py:830} INFO - Processing file /opt/airflow/dags/dag_crime_pipeline.py for tasks to queue
[2026-05-31T12:18:29.112+0000] {logging_mixin.py:188} INFO - [2026-05-31T12:18:29.112+0000] {dagbag.py:538} INFO - Filling up the DagBag from /opt/airflow/dags/dag_crime_pipeline.py
[2026-05-31T12:18:29.157+0000] {processor.py:840} INFO - DAG(s) 'crime_analytics_pipeline' retrieved from /opt/airflow/dags/dag_crime_pipeline.py
[2026-05-31T12:18:29.193+0000] {logging_mixin.py:188} INFO - [2026-05-31T12:18:29.193+0000] {dag.py:3036} INFO - Sync 1 DAGs
[2026-05-31T12:18:29.214+0000] {logging_mixin.py:188} INFO - [2026-05-31T12:18:29.214+0000] {dag.py:3823} INFO - Setting next_dagrun for crime_analytics_pipeline to 2026-05-30 19:00:00+00:00, run_after=2026-06-06 19:00:00+00:00
[2026-05-31T12:18:29.253+0000] {processor.py:183} INFO - Processing /opt/airflow/dags/dag_crime_pipeline.py took 0.150 seconds
[2026-05-31T12:18:59.437+0000] {processor.py:161} INFO - Started process (PID=6010) to work on /opt/airflow/dags/dag_crime_pipeline.py
[2026-05-31T12:18:59.439+0000] {processor.py:830} INFO - Processing file /opt/airflow/dags/dag_crime_pipeline.py for tasks to queue
[2026-05-31T12:18:59.443+0000] {logging_mixin.py:188} INFO - [2026-05-31T12:18:59.443+0000] {dagbag.py:538} INFO - Filling up the DagBag from /opt/airflow/dags/dag_crime_pipeline.py
[2026-05-31T12:18:59.488+0000] {processor.py:840} INFO - DAG(s) 'crime_analytics_pipeline' retrieved from /opt/airflow/dags/dag_crime_pipeline.py
[2026-05-31T12:18:59.546+0000] {logging_mixin.py:188} INFO - [2026-05-31T12:18:59.545+0000] {dag.py:3036} INFO - Sync 1 DAGs
[2026-05-31T12:18:59.571+0000] {logging_mixin.py:188} INFO - [2026-05-31T12:18:59.571+0000] {dag.py:3823} INFO - Setting next_dagrun for crime_analytics_pipeline to 2026-05-30 19:00:00+00:00, run_after=2026-06-06 19:00:00+00:00
[2026-05-31T12:18:59.594+0000] {processor.py:183} INFO - Processing /opt/airflow/dags/dag_crime_pipeline.py took 0.163 seconds
[2026-05-31T12:19:29.941+0000] {processor.py:161} INFO - Started process (PID=6015) to work on /opt/airflow/dags/dag_crime_pipeline.py
[2026-05-31T12:19:29.943+0000] {processor.py:830} INFO - Processing file /opt/airflow/dags/dag_crime_pipeline.py for tasks to queue
[2026-05-31T12:19:29.946+0000] {logging_mixin.py:188} INFO - [2026-05-31T12:19:29.946+0000] {dagbag.py:538} INFO - Filling up the DagBag from /opt/airflow/dags/dag_crime_pipeline.py
[2026-05-31T12:19:29.986+0000] {processor.py:840} INFO - DAG(s) 'crime_analytics_pipeline' retrieved from /opt/airflow/dags/dag_crime_pipeline.py
[2026-05-31T12:19:30.022+0000] {logging_mixin.py:188} INFO - [2026-05-31T12:19:30.022+0000] {dag.py:3036} INFO - Sync 1 DAGs
[2026-05-31T12:19:30.049+0000] {logging_mixin.py:188} INFO - [2026-05-31T12:19:30.049+0000] {dag.py:3823} INFO - Setting next_dagrun for crime_analytics_pipeline to 2026-05-30 19:00:00+00:00, run_after=2026-06-06 19:00:00+00:00
[2026-05-31T12:19:30.075+0000] {processor.py:183} INFO - Processing /opt/airflow/dags/dag_crime_pipeline.py took 0.137 seconds
[2026-05-31T12:20:00.308+0000] {processor.py:161} INFO - Started process (PID=6020) to work on /opt/airflow/dags/dag_crime_pipeline.py
[2026-05-31T12:20:00.310+0000] {processor.py:830} INFO - Processing file /opt/airflow/dags/dag_crime_pipeline.py for tasks to queue
[2026-05-31T12:20:00.313+0000] {logging_mixin.py:188} INFO - [2026-05-31T12:20:00.312+0000] {dagbag.py:538} INFO - Filling up the DagBag from /opt/airflow/dags/dag_crime_pipeline.py
[2026-05-31T12:20:00.357+0000] {processor.py:840} INFO - DAG(s) 'crime_analytics_pipeline' retrieved from /opt/airflow/dags/dag_crime_pipeline.py
[2026-05-31T12:20:00.394+0000] {logging_mixin.py:188} INFO - [2026-05-31T12:20:00.394+0000] {dag.py:3036} INFO - Sync 1 DAGs
[2026-05-31T12:20:00.419+0000] {logging_mixin.py:188} INFO - [2026-05-31T12:20:00.419+0000] {dag.py:3823} INFO - Setting next_dagrun for crime_analytics_pipeline to 2026-05-30 19:00:00+00:00, run_after=2026-06-06 19:00:00+00:00
[2026-05-31T12:20:00.442+0000] {processor.py:183} INFO - Processing /opt/airflow/dags/dag_crime_pipeline.py took 0.141 seconds
[2026-05-31T12:20:30.795+0000] {processor.py:161} INFO - Started process (PID=6025) to work on /opt/airflow/dags/dag_crime_pipeline.py
[2026-05-31T12:20:30.797+0000] {processor.py:830} INFO - Processing file /opt/airflow/dags/dag_crime_pipeline.py for tasks to queue
[2026-05-31T12:20:30.800+0000] {logging_mixin.py:188} INFO - [2026-05-31T12:20:30.800+0000] {dagbag.py:538} INFO - Filling up the DagBag from /opt/airflow/dags/dag_crime_pipeline.py
[2026-05-31T12:20:30.853+0000] {processor.py:840} INFO - DAG(s) 'crime_analytics_pipeline' retrieved from /opt/airflow/dags/dag_crime_pipeline.py
[2026-05-31T12:20:30.891+0000] {logging_mixin.py:188} INFO - [2026-05-31T12:20:30.891+0000] {dag.py:3036} INFO - Sync 1 DAGs
[2026-05-31T12:20:30.917+0000] {logging_mixin.py:188} INFO - [2026-05-31T12:20:30.917+0000] {dag.py:3823} INFO - Setting next_dagrun for crime_analytics_pipeline to 2026-05-30 19:00:00+00:00, run_after=2026-06-06 19:00:00+00:00
[2026-05-31T12:20:30.947+0000] {processor.py:183} INFO - Processing /opt/airflow/dags/dag_crime_pipeline.py took 0.155 seconds
[2026-05-31T12:21:01.129+0000] {processor.py:161} INFO - Started process (PID=6030) to work on /opt/airflow/dags/dag_crime_pipeline.py
[2026-05-31T12:21:01.130+0000] {processor.py:830} INFO - Processing file /opt/airflow/dags/dag_crime_pipeline.py for tasks to queue
[2026-05-31T12:21:01.133+0000] {logging_mixin.py:188} INFO - [2026-05-31T12:21:01.133+0000] {dagbag.py:538} INFO - Filling up the DagBag from /opt/airflow/dags/dag_crime_pipeline.py
[2026-05-31T12:21:01.170+0000] {processor.py:840} INFO - DAG(s) 'crime_analytics_pipeline' retrieved from /opt/airflow/dags/dag_crime_pipeline.py
[2026-05-31T12:21:01.199+0000] {logging_mixin.py:188} INFO - [2026-05-31T12:21:01.199+0000] {dag.py:3036} INFO - Sync 1 DAGs
[2026-05-31T12:21:01.218+0000] {logging_mixin.py:188} INFO - [2026-05-31T12:21:01.218+0000] {dag.py:3823} INFO - Setting next_dagrun for crime_analytics_pipeline to 2026-05-30 19:00:00+00:00, run_after=2026-06-06 19:00:00+00:00
[2026-05-31T12:21:01.237+0000] {processor.py:183} INFO - Processing /opt/airflow/dags/dag_crime_pipeline.py took 0.112 seconds
[2026-05-31T12:21:31.598+0000] {processor.py:161} INFO - Started process (PID=6035) to work on /opt/airflow/dags/dag_crime_pipeline.py
[2026-05-31T12:21:31.600+0000] {processor.py:830} INFO - Processing file /opt/airflow/dags/dag_crime_pipeline.py for tasks to queue
[2026-05-31T12:21:31.605+0000] {logging_mixin.py:188} INFO - [2026-05-31T12:21:31.604+0000] {dagbag.py:538} INFO - Filling up the DagBag from /opt/airflow/dags/dag_crime_pipeline.py
[2026-05-31T12:21:31.651+0000] {processor.py:840} INFO - DAG(s) 'crime_analytics_pipeline' retrieved from /opt/airflow/dags/dag_crime_pipeline.py
[2026-05-31T12:21:31.687+0000] {logging_mixin.py:188} INFO - [2026-05-31T12:21:31.687+0000] {dag.py:3036} INFO - Sync 1 DAGs
[2026-05-31T12:21:31.709+0000] {logging_mixin.py:188} INFO - [2026-05-31T12:21:31.709+0000] {dag.py:3823} INFO - Setting next_dagrun for crime_analytics_pipeline to 2026-05-30 19:00:00+00:00, run_after=2026-06-06 19:00:00+00:00
[2026-05-31T12:21:31.733+0000] {processor.py:183} INFO - Processing /opt/airflow/dags/dag_crime_pipeline.py took 0.139 seconds
[2026-05-31T12:22:01.962+0000] {processor.py:161} INFO - Started process (PID=6040) to work on /opt/airflow/dags/dag_crime_pipeline.py
[2026-05-31T12:22:01.964+0000] {processor.py:830} INFO - Processing file /opt/airflow/dags/dag_crime_pipeline.py for tasks to queue
[2026-05-31T12:22:01.973+0000] {logging_mixin.py:188} INFO - [2026-05-31T12:22:01.970+0000] {dagbag.py:538} INFO - Filling up the DagBag from /opt/airflow/dags/dag_crime_pipeline.py
[2026-05-31T12:22:02.028+0000] {processor.py:840} INFO - DAG(s) 'crime_analytics_pipeline' retrieved from /opt/airflow/dags/dag_crime_pipeline.py
[2026-05-31T12:22:02.078+0000] {logging_mixin.py:188} INFO - [2026-05-31T12:22:02.077+0000] {dag.py:3036} INFO - Sync 1 DAGs
[2026-05-31T12:22:02.110+0000] {logging_mixin.py:188} INFO - [2026-05-31T12:22:02.109+0000] {dag.py:3823} INFO - Setting next_dagrun for crime_analytics_pipeline to 2026-05-30 19:00:00+00:00, run_after=2026-06-06 19:00:00+00:00
[2026-05-31T12:22:02.136+0000] {processor.py:183} INFO - Processing /opt/airflow/dags/dag_crime_pipeline.py took 0.180 seconds
[2026-05-31T12:22:32.400+0000] {processor.py:161} INFO - Started process (PID=6045) to work on /opt/airflow/dags/dag_crime_pipeline.py
[2026-05-31T12:22:32.402+0000] {processor.py:830} INFO - Processing file /opt/airflow/dags/dag_crime_pipeline.py for tasks to queue
[2026-05-31T12:22:32.405+0000] {logging_mixin.py:188} INFO - [2026-05-31T12:22:32.404+0000] {dagbag.py:538} INFO - Filling up the DagBag from /opt/airflow/dags/dag_crime_pipeline.py
[2026-05-31T12:22:32.446+0000] {processor.py:840} INFO - DAG(s) 'crime_analytics_pipeline' retrieved from /opt/airflow/dags/dag_crime_pipeline.py
[2026-05-31T12:22:32.477+0000] {logging_mixin.py:188} INFO - [2026-05-31T12:22:32.476+0000] {dag.py:3036} INFO - Sync 1 DAGs
[2026-05-31T12:22:32.500+0000] {logging_mixin.py:188} INFO - [2026-05-31T12:22:32.500+0000] {dag.py:3823} INFO - Setting next_dagrun for crime_analytics_pipeline to 2026-05-30 19:00:00+00:00, run_after=2026-06-06 19:00:00+00:00
[2026-05-31T12:22:32.525+0000] {processor.py:183} INFO - Processing /opt/airflow/dags/dag_crime_pipeline.py took 0.130 seconds
[2026-05-31T12:23:02.799+0000] {processor.py:161} INFO - Started process (PID=6050) to work on /opt/airflow/dags/dag_crime_pipeline.py
[2026-05-31T12:23:02.802+0000] {processor.py:830} INFO - Processing file /opt/airflow/dags/dag_crime_pipeline.py for tasks to queue
[2026-05-31T12:23:02.812+0000] {logging_mixin.py:188} INFO - [2026-05-31T12:23:02.810+0000] {dagbag.py:538} INFO - Filling up the DagBag from /opt/airflow/dags/dag_crime_pipeline.py
[2026-05-31T12:23:02.863+0000] {processor.py:840} INFO - DAG(s) 'crime_analytics_pipeline' retrieved from /opt/airflow/dags/dag_crime_pipeline.py
[2026-05-31T12:23:02.899+0000] {logging_mixin.py:188} INFO - [2026-05-31T12:23:02.898+0000] {dag.py:3036} INFO - Sync 1 DAGs
[2026-05-31T12:23:02.923+0000] {logging_mixin.py:188} INFO - [2026-05-31T12:23:02.922+0000] {dag.py:3823} INFO - Setting next_dagrun for crime_analytics_pipeline to 2026-05-30 19:00:00+00:00, run_after=2026-06-06 19:00:00+00:00
[2026-05-31T12:23:02.942+0000] {processor.py:183} INFO - Processing /opt/airflow/dags/dag_crime_pipeline.py took 0.154 seconds
[2026-05-31T12:23:33.249+0000] {processor.py:161} INFO - Started process (PID=6055) to work on /opt/airflow/dags/dag_crime_pipeline.py
[2026-05-31T12:23:33.251+0000] {processor.py:830} INFO - Processing file /opt/airflow/dags/dag_crime_pipeline.py for tasks to queue
[2026-05-31T12:23:33.254+0000] {logging_mixin.py:188} INFO - [2026-05-31T12:23:33.254+0000] {dagbag.py:538} INFO - Filling up the DagBag from /opt/airflow/dags/dag_crime_pipeline.py
[2026-05-31T12:23:33.295+0000] {processor.py:840} INFO - DAG(s) 'crime_analytics_pipeline' retrieved from /opt/airflow/dags/dag_crime_pipeline.py
[2026-05-31T12:23:33.335+0000] {logging_mixin.py:188} INFO - [2026-05-31T12:23:33.334+0000] {dag.py:3036} INFO - Sync 1 DAGs
[2026-05-31T12:23:33.360+0000] {logging_mixin.py:188} INFO - [2026-05-31T12:23:33.360+0000] {dag.py:3823} INFO - Setting next_dagrun for crime_analytics_pipeline to 2026-05-30 19:00:00+00:00, run_after=2026-06-06 19:00:00+00:00
[2026-05-31T12:23:33.409+0000] {processor.py:183} INFO - Processing /opt/airflow/dags/dag_crime_pipeline.py took 0.163 seconds
[2026-05-31T12:24:03.657+0000] {processor.py:161} INFO - Started process (PID=6060) to work on /opt/airflow/dags/dag_crime_pipeline.py
[2026-05-31T12:24:03.659+0000] {processor.py:830} INFO - Processing file /opt/airflow/dags/dag_crime_pipeline.py for tasks to queue
[2026-05-31T12:24:03.662+0000] {logging_mixin.py:188} INFO - [2026-05-31T12:24:03.661+0000] {dagbag.py:538} INFO - Filling up the DagBag from /opt/airflow/dags/dag_crime_pipeline.py
[2026-05-31T12:24:03.716+0000] {processor.py:840} INFO - DAG(s) 'crime_analytics_pipeline' retrieved from /opt/airflow/dags/dag_crime_pipeline.py
[2026-05-31T12:24:03.751+0000] {logging_mixin.py:188} INFO - [2026-05-31T12:24:03.750+0000] {dag.py:3036} INFO - Sync 1 DAGs
[2026-05-31T12:24:03.779+0000] {logging_mixin.py:188} INFO - [2026-05-31T12:24:03.779+0000] {dag.py:3823} INFO - Setting next_dagrun for crime_analytics_pipeline to 2026-05-30 19:00:00+00:00, run_after=2026-06-06 19:00:00+00:00
[2026-05-31T12:24:03.810+0000] {processor.py:183} INFO - Processing /opt/airflow/dags/dag_crime_pipeline.py took 0.158 seconds
[2026-05-31T12:24:34.242+0000] {processor.py:161} INFO - Started process (PID=6065) to work on /opt/airflow/dags/dag_crime_pipeline.py
[2026-05-31T12:24:34.243+0000] {processor.py:830} INFO - Processing file /opt/airflow/dags/dag_crime_pipeline.py for tasks to queue
[2026-05-31T12:24:34.247+0000] {logging_mixin.py:188} INFO - [2026-05-31T12:24:34.246+0000] {dagbag.py:538} INFO - Filling up the DagBag from /opt/airflow/dags/dag_crime_pipeline.py
[2026-05-31T12:24:34.454+0000] {processor.py:840} INFO - DAG(s) 'crime_analytics_pipeline' retrieved from /opt/airflow/dags/dag_crime_pipeline.py
[2026-05-31T12:24:34.493+0000] {logging_mixin.py:188} INFO - [2026-05-31T12:24:34.493+0000] {dag.py:3036} INFO - Sync 1 DAGs
[2026-05-31T12:24:34.520+0000] {logging_mixin.py:188} INFO - [2026-05-31T12:24:34.519+0000] {dag.py:3823} INFO - Setting next_dagrun for crime_analytics_pipeline to 2026-05-30 19:00:00+00:00, run_after=2026-06-06 19:00:00+00:00
[2026-05-31T12:24:34.543+0000] {processor.py:183} INFO - Processing /opt/airflow/dags/dag_crime_pipeline.py took 0.144 seconds
[2026-05-31T12:25:04.732+0000] {processor.py:161} INFO - Started process (PID=6070) to work on /opt/airflow/dags/dag_crime_pipeline.py
[2026-05-31T12:25:04.733+0000] {processor.py:830} INFO - Processing file /opt/airflow/dags/dag_crime_pipeline.py for tasks to queue
[2026-05-31T12:25:04.737+0000] {logging_mixin.py:188} INFO - [2026-05-31T12:25:04.736+0000] {dagbag.py:538} INFO - Filling up the DagBag from /opt/airflow/dags/dag_crime_pipeline.py
[2026-05-31T12:25:04.779+0000] {processor.py:840} INFO - DAG(s) 'crime_analytics_pipeline' retrieved from /opt/airflow/dags/dag_crime_pipeline.py
[2026-05-31T12:25:04.821+0000] {logging_mixin.py:188} INFO - [2026-05-31T12:25:04.821+0000] {dag.py:3036} INFO - Sync 1 DAGs
[2026-05-31T12:25:04.848+0000] {logging_mixin.py:188} INFO - [2026-05-31T12:25:04.848+0000] {dag.py:3823} INFO - Setting next_dagrun for crime_analytics_pipeline to 2026-05-30 19:00:00+00:00, run_after=2026-06-06 19:00:00+00:00
[2026-05-31T12:25:04.874+0000] {processor.py:183} INFO - Processing /opt/airflow/dags/dag_crime_pipeline.py took 0.147 seconds
[2026-05-31T12:25:35.176+0000] {processor.py:161} INFO - Started process (PID=6075) to work on /opt/airflow/dags/dag_crime_pipeline.py
[2026-05-31T12:25:35.177+0000] {processor.py:830} INFO - Processing file /opt/airflow/dags/dag_crime_pipeline.py for tasks to queue
[2026-05-31T12:25:35.180+0000] {logging_mixin.py:188} INFO - [2026-05-31T12:25:35.180+0000] {dagbag.py:538} INFO - Filling up the DagBag from /opt/airflow/dags/dag_crime_pipeline.py
[2026-05-31T12:25:35.223+0000] {processor.py:840} INFO - DAG(s) 'crime_analytics_pipeline' retrieved from /opt/airflow/dags/dag_crime_pipeline.py
[2026-05-31T12:25:35.259+0000] {logging_mixin.py:188} INFO - [2026-05-31T12:25:35.258+0000] {dag.py:3036} INFO - Sync 1 DAGs
[2026-05-31T12:25:35.279+0000] {logging_mixin.py:188} INFO - [2026-05-31T12:25:35.279+0000] {dag.py:3823} INFO - Setting next_dagrun for crime_analytics_pipeline to 2026-05-30 19:00:00+00:00, run_after=2026-06-06 19:00:00+00:00
[2026-05-31T12:25:35.300+0000] {processor.py:183} INFO - Processing /opt/airflow/dags/dag_crime_pipeline.py took 0.128 seconds
[2026-05-31T12:26:05.508+0000] {processor.py:161} INFO - Started process (PID=6080) to work on /opt/airflow/dags/dag_crime_pipeline.py
[2026-05-31T12:26:05.510+0000] {processor.py:830} INFO - Processing file /opt/airflow/dags/dag_crime_pipeline.py for tasks to queue
[2026-05-31T12:26:05.513+0000] {logging_mixin.py:188} INFO - [2026-05-31T12:26:05.512+0000] {dagbag.py:538} INFO - Filling up the DagBag from /opt/airflow/dags/dag_crime_pipeline.py
[2026-05-31T12:26:05.554+0000] {processor.py:840} INFO - DAG(s) 'crime_analytics_pipeline' retrieved from /opt/airflow/dags/dag_crime_pipeline.py
[2026-05-31T12:26:05.598+0000] {logging_mixin.py:188} INFO - [2026-05-31T12:26:05.597+0000] {dag.py:3036} INFO - Sync 1 DAGs
[2026-05-31T12:26:05.627+0000] {logging_mixin.py:188} INFO - [2026-05-31T12:26:05.627+0000] {dag.py:3823} INFO - Setting next_dagrun for crime_analytics_pipeline to 2026-05-30 19:00:00+00:00, run_after=2026-06-06 19:00:00+00:00
[2026-05-31T12:26:05.665+0000] {processor.py:183} INFO - Processing /opt/airflow/dags/dag_crime_pipeline.py took 0.162 seconds
[2026-05-31T12:26:35.957+0000] {processor.py:161} INFO - Started process (PID=6085) to work on /opt/airflow/dags/dag_crime_pipeline.py
[2026-05-31T12:26:35.959+0000] {processor.py:830} INFO - Processing file /opt/airflow/dags/dag_crime_pipeline.py for tasks to queue
[2026-05-31T12:26:35.962+0000] {logging_mixin.py:188} INFO - [2026-05-31T12:26:35.961+0000] {dagbag.py:538} INFO - Filling up the DagBag from /opt/airflow/dags/dag_crime_pipeline.py
[2026-05-31T12:26:36.002+0000] {processor.py:840} INFO - DAG(s) 'crime_analytics_pipeline' retrieved from /opt/airflow/dags/dag_crime_pipeline.py
[2026-05-31T12:26:36.039+0000] {logging_mixin.py:188} INFO - [2026-05-31T12:26:36.038+0000] {dag.py:3036} INFO - Sync 1 DAGs
[2026-05-31T12:26:36.073+0000] {logging_mixin.py:188} INFO - [2026-05-31T12:26:36.072+0000] {dag.py:3823} INFO - Setting next_dagrun for crime_analytics_pipeline to 2026-05-30 19:00:00+00:00, run_after=2026-06-06 19:00:00+00:00
[2026-05-31T12:26:36.098+0000] {processor.py:183} INFO - Processing /opt/airflow/dags/dag_crime_pipeline.py took 0.145 seconds
[2026-05-31T12:27:06.367+0000] {processor.py:161} INFO - Started process (PID=6090) to work on /opt/airflow/dags/dag_crime_pipeline.py
[2026-05-31T12:27:06.369+0000] {processor.py:830} INFO - Processing file /opt/airflow/dags/dag_crime_pipeline.py for tasks to queue
[2026-05-31T12:27:06.374+0000] {logging_mixin.py:188} INFO - [2026-05-31T12:27:06.373+0000] {dagbag.py:538} INFO - Filling up the DagBag from /opt/airflow/dags/dag_crime_pipeline.py
[2026-05-31T12:27:06.425+0000] {processor.py:840} INFO - DAG(s) 'crime_analytics_pipeline' retrieved from /opt/airflow/dags/dag_crime_pipeline.py
[2026-05-31T12:27:06.471+0000] {logging_mixin.py:188} INFO - [2026-05-31T12:27:06.470+0000] {dag.py:3036} INFO - Sync 1 DAGs
[2026-05-31T12:27:06.497+0000] {logging_mixin.py:188} INFO - [2026-05-31T12:27:06.497+0000] {dag.py:3823} INFO - Setting next_dagrun for crime_analytics_pipeline to 2026-05-30 19:00:00+00:00, run_after=2026-06-06 19:00:00+00:00
[2026-05-31T12:27:06.525+0000] {processor.py:183} INFO - Processing /opt/airflow/dags/dag_crime_pipeline.py took 0.163 seconds
[2026-05-31T12:27:36.819+0000] {processor.py:161} INFO - Started process (PID=6095) to work on /opt/airflow/dags/dag_crime_pipeline.py
[2026-05-31T12:27:36.821+0000] {processor.py:830} INFO - Processing file /opt/airflow/dags/dag_crime_pipeline.py for tasks to queue
[2026-05-31T12:27:36.825+0000] {logging_mixin.py:188} INFO - [2026-05-31T12:27:36.824+0000] {dagbag.py:538} INFO - Filling up the DagBag from /opt/airflow/dags/dag_crime_pipeline.py
[2026-05-31T12:27:36.870+0000] {processor.py:840} INFO - DAG(s) 'crime_analytics_pipeline' retrieved from /opt/airflow/dags/dag_crime_pipeline.py
[2026-05-31T12:27:36.905+0000] {logging_mixin.py:188} INFO - [2026-05-31T12:27:36.904+0000] {dag.py:3036} INFO - Sync 1 DAGs
[2026-05-31T12:27:36.933+0000] {logging_mixin.py:188} INFO - [2026-05-31T12:27:36.932+0000] {dag.py:3823} INFO - Setting next_dagrun for crime_analytics_pipeline to 2026-05-30 19:00:00+00:00, run_after=2026-06-06 19:00:00+00:00
[2026-05-31T12:27:36.978+0000] {processor.py:183} INFO - Processing /opt/airflow/dags/dag_crime_pipeline.py took 0.164 seconds
[2026-05-31T12:28:07.173+0000] {processor.py:161} INFO - Started process (PID=6100) to work on /opt/airflow/dags/dag_crime_pipeline.py
[2026-05-31T12:28:07.174+0000] {processor.py:830} INFO - Processing file /opt/airflow/dags/dag_crime_pipeline.py for tasks to queue
[2026-05-31T12:28:07.177+0000] {logging_mixin.py:188} INFO - [2026-05-31T12:28:07.177+0000] {dagbag.py:538} INFO - Filling up the DagBag from /opt/airflow/dags/dag_crime_pipeline.py
[2026-05-31T12:28:07.217+0000] {processor.py:840} INFO - DAG(s) 'crime_analytics_pipeline' retrieved from /opt/airflow/dags/dag_crime_pipeline.py
[2026-05-31T12:28:07.258+0000] {logging_mixin.py:188} INFO - [2026-05-31T12:28:07.258+0000] {dag.py:3036} INFO - Sync 1 DAGs
[2026-05-31T12:28:07.292+0000] {logging_mixin.py:188} INFO - [2026-05-31T12:28:07.291+0000] {dag.py:3823} INFO - Setting next_dagrun for crime_analytics_pipeline to 2026-05-30 19:00:00+00:00, run_after=2026-06-06 19:00:00+00:00
[2026-05-31T12:28:07.341+0000] {processor.py:183} INFO - Processing /opt/airflow/dags/dag_crime_pipeline.py took 0.173 seconds
[2026-05-31T12:28:37.739+0000] {processor.py:161} INFO - Started process (PID=6105) to work on /opt/airflow/dags/dag_crime_pipeline.py
[2026-05-31T12:28:37.747+0000] {processor.py:830} INFO - Processing file /opt/airflow/dags/dag_crime_pipeline.py for tasks to queue
[2026-05-31T12:28:37.757+0000] {logging_mixin.py:188} INFO - [2026-05-31T12:28:37.756+0000] {dagbag.py:538} INFO - Filling up the DagBag from /opt/airflow/dags/dag_crime_pipeline.py
[2026-05-31T12:28:37.822+0000] {processor.py:840} INFO - DAG(s) 'crime_analytics_pipeline' retrieved from /opt/airflow/dags/dag_crime_pipeline.py
[2026-05-31T12:28:37.879+0000] {logging_mixin.py:188} INFO - [2026-05-31T12:28:37.879+0000] {dag.py:3036} INFO - Sync 1 DAGs
[2026-05-31T12:28:37.905+0000] {logging_mixin.py:188} INFO - [2026-05-31T12:28:37.905+0000] {dag.py:3823} INFO - Setting next_dagrun for crime_analytics_pipeline to 2026-05-30 19:00:00+00:00, run_after=2026-06-06 19:00:00+00:00
[2026-05-31T12:28:37.934+0000] {processor.py:183} INFO - Processing /opt/airflow/dags/dag_crime_pipeline.py took 0.201 seconds
[2026-05-31T12:29:08.060+0000] {processor.py:161} INFO - Started process (PID=6110) to work on /opt/airflow/dags/dag_crime_pipeline.py
[2026-05-31T12:29:08.062+0000] {processor.py:830} INFO - Processing file /opt/airflow/dags/dag_crime_pipeline.py for tasks to queue
[2026-05-31T12:29:08.065+0000] {logging_mixin.py:188} INFO - [2026-05-31T12:29:08.064+0000] {dagbag.py:538} INFO - Filling up the DagBag from /opt/airflow/dags/dag_crime_pipeline.py
[2026-05-31T12:29:08.113+0000] {processor.py:840} INFO - DAG(s) 'crime_analytics_pipeline' retrieved from /opt/airflow/dags/dag_crime_pipeline.py
[2026-05-31T12:29:08.159+0000] {logging_mixin.py:188} INFO - [2026-05-31T12:29:08.159+0000] {dag.py:3036} INFO - Sync 1 DAGs
[2026-05-31T12:29:08.186+0000] {logging_mixin.py:188} INFO - [2026-05-31T12:29:08.186+0000] {dag.py:3823} INFO - Setting next_dagrun for crime_analytics_pipeline to 2026-05-30 19:00:00+00:00, run_after=2026-06-06 19:00:00+00:00
[2026-05-31T12:29:08.213+0000] {processor.py:183} INFO - Processing /opt/airflow/dags/dag_crime_pipeline.py took 0.158 seconds
[2026-05-31T12:29:38.595+0000] {processor.py:161} INFO - Started process (PID=6115) to work on /opt/airflow/dags/dag_crime_pipeline.py
[2026-05-31T12:29:38.596+0000] {processor.py:830} INFO - Processing file /opt/airflow/dags/dag_crime_pipeline.py for tasks to queue
[2026-05-31T12:29:38.599+0000] {logging_mixin.py:188} INFO - [2026-05-31T12:29:38.598+0000] {dagbag.py:538} INFO - Filling up the DagBag from /opt/airflow/dags/dag_crime_pipeline.py
[2026-05-31T12:29:38.639+0000] {processor.py:840} INFO - DAG(s) 'crime_analytics_pipeline' retrieved from /opt/airflow/dags/dag_crime_pipeline.py
[2026-05-31T12:29:38.679+0000] {logging_mixin.py:188} INFO - [2026-05-31T12:29:38.678+0000] {dag.py:3036} INFO - Sync 1 DAGs
[2026-05-31T12:29:38.702+0000] {logging_mixin.py:188} INFO - [2026-05-31T12:29:38.701+0000] {dag.py:3823} INFO - Setting next_dagrun for crime_analytics_pipeline to 2026-05-30 19:00:00+00:00, run_after=2026-06-06 19:00:00+00:00
[2026-05-31T12:29:38.741+0000] {processor.py:183} INFO - Processing /opt/airflow/dags/dag_crime_pipeline.py took 0.150 seconds
[2026-05-31T12:30:08.970+0000] {processor.py:161} INFO - Started process (PID=6120) to work on /opt/airflow/dags/dag_crime_pipeline.py
[2026-05-31T12:30:08.972+0000] {processor.py:830} INFO - Processing file /opt/airflow/dags/dag_crime_pipeline.py for tasks to queue
[2026-05-31T12:30:08.975+0000] {logging_mixin.py:188} INFO - [2026-05-31T12:30:08.975+0000] {dagbag.py:538} INFO - Filling up the DagBag from /opt/airflow/dags/dag_crime_pipeline.py
[2026-05-31T12:30:09.016+0000] {processor.py:840} INFO - DAG(s) 'crime_analytics_pipeline' retrieved from /opt/airflow/dags/dag_crime_pipeline.py
[2026-05-31T12:30:09.045+0000] {logging_mixin.py:188} INFO - [2026-05-31T12:30:09.045+0000] {dag.py:3036} INFO - Sync 1 DAGs
[2026-05-31T12:30:09.067+0000] {logging_mixin.py:188} INFO - [2026-05-31T12:30:09.067+0000] {dag.py:3823} INFO - Setting next_dagrun for crime_analytics_pipeline to 2026-05-30 19:00:00+00:00, run_after=2026-06-06 19:00:00+00:00
[2026-05-31T12:30:09.085+0000] {processor.py:183} INFO - Processing /opt/airflow/dags/dag_crime_pipeline.py took 0.119 seconds
[2026-05-31T12:30:39.482+0000] {processor.py:161} INFO - Started process (PID=6125) to work on /opt/airflow/dags/dag_crime_pipeline.py
[2026-05-31T12:30:39.483+0000] {processor.py:830} INFO - Processing file /opt/airflow/dags/dag_crime_pipeline.py for tasks to queue
[2026-05-31T12:30:39.486+0000] {logging_mixin.py:188} INFO - [2026-05-31T12:30:39.485+0000] {dagbag.py:538} INFO - Filling up the DagBag from /opt/airflow/dags/dag_crime_pipeline.py
[2026-05-31T12:30:39.524+0000] {processor.py:840} INFO - DAG(s) 'crime_analytics_pipeline' retrieved from /opt/airflow/dags/dag_crime_pipeline.py
[2026-05-31T12:30:39.555+0000] {logging_mixin.py:188} INFO - [2026-05-31T12:30:39.555+0000] {dag.py:3036} INFO - Sync 1 DAGs
[2026-05-31T12:30:39.576+0000] {logging_mixin.py:188} INFO - [2026-05-31T12:30:39.576+0000] {dag.py:3823} INFO - Setting next_dagrun for crime_analytics_pipeline to 2026-05-30 19:00:00+00:00, run_after=2026-06-06 19:00:00+00:00
[2026-05-31T12:30:39.615+0000] {processor.py:183} INFO - Processing /opt/airflow/dags/dag_crime_pipeline.py took 0.137 seconds
[2026-05-31T12:31:09.796+0000] {processor.py:161} INFO - Started process (PID=6130) to work on /opt/airflow/dags/dag_crime_pipeline.py
[2026-05-31T12:31:09.798+0000] {processor.py:830} INFO - Processing file /opt/airflow/dags/dag_crime_pipeline.py for tasks to queue
[2026-05-31T12:31:09.801+0000] {logging_mixin.py:188} INFO - [2026-05-31T12:31:09.800+0000] {dagbag.py:538} INFO - Filling up the DagBag from /opt/airflow/dags/dag_crime_pipeline.py
[2026-05-31T12:31:09.837+0000] {processor.py:840} INFO - DAG(s) 'crime_analytics_pipeline' retrieved from /opt/airflow/dags/dag_crime_pipeline.py
[2026-05-31T12:31:09.891+0000] {logging_mixin.py:188} INFO - [2026-05-31T12:31:09.891+0000] {dag.py:3036} INFO - Sync 1 DAGs
[2026-05-31T12:31:09.911+0000] {logging_mixin.py:188} INFO - [2026-05-31T12:31:09.911+0000] {dag.py:3823} INFO - Setting next_dagrun for crime_analytics_pipeline to 2026-05-30 19:00:00+00:00, run_after=2026-06-06 19:00:00+00:00
[2026-05-31T12:31:09.932+0000] {processor.py:183} INFO - Processing /opt/airflow/dags/dag_crime_pipeline.py took 0.140 seconds
[2026-05-31T12:31:40.258+0000] {processor.py:161} INFO - Started process (PID=6135) to work on /opt/airflow/dags/dag_crime_pipeline.py
[2026-05-31T12:31:40.259+0000] {processor.py:830} INFO - Processing file /opt/airflow/dags/dag_crime_pipeline.py for tasks to queue
[2026-05-31T12:31:40.261+0000] {logging_mixin.py:188} INFO - [2026-05-31T12:31:40.261+0000] {dagbag.py:538} INFO - Filling up the DagBag from /opt/airflow/dags/dag_crime_pipeline.py
[2026-05-31T12:31:40.299+0000] {processor.py:840} INFO - DAG(s) 'crime_analytics_pipeline' retrieved from /opt/airflow/dags/dag_crime_pipeline.py
[2026-05-31T12:31:40.327+0000] {logging_mixin.py:188} INFO - [2026-05-31T12:31:40.327+0000] {dag.py:3036} INFO - Sync 1 DAGs
[2026-05-31T12:31:40.350+0000] {logging_mixin.py:188} INFO - [2026-05-31T12:31:40.350+0000] {dag.py:3823} INFO - Setting next_dagrun for crime_analytics_pipeline to 2026-05-30 19:00:00+00:00, run_after=2026-06-06 19:00:00+00:00
[2026-05-31T12:31:40.370+0000] {processor.py:183} INFO - Processing /opt/airflow/dags/dag_crime_pipeline.py took 0.115 seconds
[2026-05-31T12:32:10.588+0000] {processor.py:161} INFO - Started process (PID=6140) to work on /opt/airflow/dags/dag_crime_pipeline.py
[2026-05-31T12:32:10.589+0000] {processor.py:830} INFO - Processing file /opt/airflow/dags/dag_crime_pipeline.py for tasks to queue
[2026-05-31T12:32:10.591+0000] {logging_mixin.py:188} INFO - [2026-05-31T12:32:10.591+0000] {dagbag.py:538} INFO - Filling up the DagBag from /opt/airflow/dags/dag_crime_pipeline.py
[2026-05-31T12:32:10.629+0000] {processor.py:840} INFO - DAG(s) 'crime_analytics_pipeline' retrieved from /opt/airflow/dags/dag_crime_pipeline.py
[2026-05-31T12:32:10.660+0000] {logging_mixin.py:188} INFO - [2026-05-31T12:32:10.659+0000] {dag.py:3036} INFO - Sync 1 DAGs
[2026-05-31T12:32:10.685+0000] {logging_mixin.py:188} INFO - [2026-05-31T12:32:10.685+0000] {dag.py:3823} INFO - Setting next_dagrun for crime_analytics_pipeline to 2026-05-30 19:00:00+00:00, run_after=2026-06-06 19:00:00+00:00
[2026-05-31T12:32:10.709+0000] {processor.py:183} INFO - Processing /opt/airflow/dags/dag_crime_pipeline.py took 0.125 seconds
[2026-05-31T12:32:41.014+0000] {processor.py:161} INFO - Started process (PID=6145) to work on /opt/airflow/dags/dag_crime_pipeline.py
[2026-05-31T12:32:41.015+0000] {processor.py:830} INFO - Processing file /opt/airflow/dags/dag_crime_pipeline.py for tasks to queue
[2026-05-31T12:32:41.018+0000] {logging_mixin.py:188} INFO - [2026-05-31T12:32:41.017+0000] {dagbag.py:538} INFO - Filling up the DagBag from /opt/airflow/dags/dag_crime_pipeline.py
[2026-05-31T12:32:41.078+0000] {processor.py:840} INFO - DAG(s) 'crime_analytics_pipeline' retrieved from /opt/airflow/dags/dag_crime_pipeline.py
[2026-05-31T12:32:41.109+0000] {logging_mixin.py:188} INFO - [2026-05-31T12:32:41.108+0000] {dag.py:3036} INFO - Sync 1 DAGs
[2026-05-31T12:32:41.131+0000] {logging_mixin.py:188} INFO - [2026-05-31T12:32:41.131+0000] {dag.py:3823} INFO - Setting next_dagrun for crime_analytics_pipeline to 2026-05-30 19:00:00+00:00, run_after=2026-06-06 19:00:00+00:00
[2026-05-31T12:32:41.169+0000] {processor.py:183} INFO - Processing /opt/airflow/dags/dag_crime_pipeline.py took 0.160 seconds
[2026-05-31T12:33:11.439+0000] {processor.py:161} INFO - Started process (PID=6150) to work on /opt/airflow/dags/dag_crime_pipeline.py
[2026-05-31T12:33:11.441+0000] {processor.py:830} INFO - Processing file /opt/airflow/dags/dag_crime_pipeline.py for tasks to queue
[2026-05-31T12:33:11.445+0000] {logging_mixin.py:188} INFO - [2026-05-31T12:33:11.444+0000] {dagbag.py:538} INFO - Filling up the DagBag from /opt/airflow/dags/dag_crime_pipeline.py
[2026-05-31T12:33:11.480+0000] {processor.py:840} INFO - DAG(s) 'crime_analytics_pipeline' retrieved from /opt/airflow/dags/dag_crime_pipeline.py
[2026-05-31T12:33:11.510+0000] {logging_mixin.py:188} INFO - [2026-05-31T12:33:11.510+0000] {dag.py:3036} INFO - Sync 1 DAGs
[2026-05-31T12:33:11.530+0000] {logging_mixin.py:188} INFO - [2026-05-31T12:33:11.529+0000] {dag.py:3823} INFO - Setting next_dagrun for crime_analytics_pipeline to 2026-05-30 19:00:00+00:00, run_after=2026-06-06 19:00:00+00:00
[2026-05-31T12:33:11.566+0000] {processor.py:183} INFO - Processing /opt/airflow/dags/dag_crime_pipeline.py took 0.132 seconds
[2026-05-31T12:33:41.788+0000] {processor.py:161} INFO - Started process (PID=6155) to work on /opt/airflow/dags/dag_crime_pipeline.py
[2026-05-31T12:33:41.791+0000] {processor.py:830} INFO - Processing file /opt/airflow/dags/dag_crime_pipeline.py for tasks to queue
[2026-05-31T12:33:41.798+0000] {logging_mixin.py:188} INFO - [2026-05-31T12:33:41.797+0000] {dagbag.py:538} INFO - Filling up the DagBag from /opt/airflow/dags/dag_crime_pipeline.py
[2026-05-31T12:33:41.854+0000] {processor.py:840} INFO - DAG(s) 'crime_analytics_pipeline' retrieved from /opt/airflow/dags/dag_crime_pipeline.py
[2026-05-31T12:33:41.895+0000] {logging_mixin.py:188} INFO - [2026-05-31T12:33:41.894+0000] {dag.py:3036} INFO - Sync 1 DAGs
[2026-05-31T12:33:41.921+0000] {logging_mixin.py:188} INFO - [2026-05-31T12:33:41.921+0000] {dag.py:3823} INFO - Setting next_dagrun for crime_analytics_pipeline to 2026-05-30 19:00:00+00:00, run_after=2026-06-06 19:00:00+00:00
[2026-05-31T12:33:41.945+0000] {processor.py:183} INFO - Processing /opt/airflow/dags/dag_crime_pipeline.py took 0.164 seconds
[2026-05-31T12:34:12.258+0000] {processor.py:161} INFO - Started process (PID=6160) to work on /opt/airflow/dags/dag_crime_pipeline.py
[2026-05-31T12:34:12.260+0000] {processor.py:830} INFO - Processing file /opt/airflow/dags/dag_crime_pipeline.py for tasks to queue
[2026-05-31T12:34:12.263+0000] {logging_mixin.py:188} INFO - [2026-05-31T12:34:12.262+0000] {dagbag.py:538} INFO - Filling up the DagBag from /opt/airflow/dags/dag_crime_pipeline.py
[2026-05-31T12:34:12.304+0000] {processor.py:840} INFO - DAG(s) 'crime_analytics_pipeline' retrieved from /opt/airflow/dags/dag_crime_pipeline.py
[2026-05-31T12:34:12.342+0000] {logging_mixin.py:188} INFO - [2026-05-31T12:34:12.341+0000] {dag.py:3036} INFO - Sync 1 DAGs
[2026-05-31T12:34:12.370+0000] {logging_mixin.py:188} INFO - [2026-05-31T12:34:12.370+0000] {dag.py:3823} INFO - Setting next_dagrun for crime_analytics_pipeline to 2026-05-30 19:00:00+00:00, run_after=2026-06-06 19:00:00+00:00
[2026-05-31T12:34:12.414+0000] {processor.py:183} INFO - Processing /opt/airflow/dags/dag_crime_pipeline.py took 0.160 seconds
[2026-05-31T12:34:42.646+0000] {processor.py:161} INFO - Started process (PID=6165) to work on /opt/airflow/dags/dag_crime_pipeline.py
[2026-05-31T12:34:42.647+0000] {processor.py:830} INFO - Processing file /opt/airflow/dags/dag_crime_pipeline.py for tasks to queue
[2026-05-31T12:34:42.651+0000] {logging_mixin.py:188} INFO - [2026-05-31T12:34:42.650+0000] {dagbag.py:538} INFO - Filling up the DagBag from /opt/airflow/dags/dag_crime_pipeline.py
[2026-05-31T12:34:42.699+0000] {processor.py:840} INFO - DAG(s) 'crime_analytics_pipeline' retrieved from /opt/airflow/dags/dag_crime_pipeline.py
[2026-05-31T12:34:42.743+0000] {logging_mixin.py:188} INFO - [2026-05-31T12:34:42.742+0000] {dag.py:3036} INFO - Sync 1 DAGs
[2026-05-31T12:34:42.766+0000] {logging_mixin.py:188} INFO - [2026-05-31T12:34:42.766+0000] {dag.py:3823} INFO - Setting next_dagrun for crime_analytics_pipeline to 2026-05-30 19:00:00+00:00, run_after=2026-06-06 19:00:00+00:00
[2026-05-31T12:34:42.818+0000] {processor.py:183} INFO - Processing /opt/airflow/dags/dag_crime_pipeline.py took 0.177 seconds
[2026-05-31T12:35:13.141+0000] {processor.py:161} INFO - Started process (PID=6170) to work on /opt/airflow/dags/dag_crime_pipeline.py
[2026-05-31T12:35:13.143+0000] {processor.py:830} INFO - Processing file /opt/airflow/dags/dag_crime_pipeline.py for tasks to queue
[2026-05-31T12:35:13.145+0000] {logging_mixin.py:188} INFO - [2026-05-31T12:35:13.145+0000] {dagbag.py:538} INFO - Filling up the DagBag from /opt/airflow/dags/dag_crime_pipeline.py
[2026-05-31T12:35:13.187+0000] {processor.py:840} INFO - DAG(s) 'crime_analytics_pipeline' retrieved from /opt/airflow/dags/dag_crime_pipeline.py
[2026-05-31T12:35:13.225+0000] {logging_mixin.py:188} INFO - [2026-05-31T12:35:13.225+0000] {dag.py:3036} INFO - Sync 1 DAGs
[2026-05-31T12:35:13.247+0000] {logging_mixin.py:188} INFO - [2026-05-31T12:35:13.246+0000] {dag.py:3823} INFO - Setting next_dagrun for crime_analytics_pipeline to 2026-05-30 19:00:00+00:00, run_after=2026-06-06 19:00:00+00:00
[2026-05-31T12:35:13.286+0000] {processor.py:183} INFO - Processing /opt/airflow/dags/dag_crime_pipeline.py took 0.148 seconds
[2026-05-31T12:35:43.474+0000] {processor.py:161} INFO - Started process (PID=6175) to work on /opt/airflow/dags/dag_crime_pipeline.py
[2026-05-31T12:35:43.475+0000] {processor.py:830} INFO - Processing file /opt/airflow/dags/dag_crime_pipeline.py for tasks to queue
[2026-05-31T12:35:43.477+0000] {logging_mixin.py:188} INFO - [2026-05-31T12:35:43.477+0000] {dagbag.py:538} INFO - Filling up the DagBag from /opt/airflow/dags/dag_crime_pipeline.py
[2026-05-31T12:35:43.514+0000] {processor.py:840} INFO - DAG(s) 'crime_analytics_pipeline' retrieved from /opt/airflow/dags/dag_crime_pipeline.py
[2026-05-31T12:35:43.544+0000] {logging_mixin.py:188} INFO - [2026-05-31T12:35:43.544+0000] {dag.py:3036} INFO - Sync 1 DAGs
[2026-05-31T12:35:43.564+0000] {logging_mixin.py:188} INFO - [2026-05-31T12:35:43.564+0000] {dag.py:3823} INFO - Setting next_dagrun for crime_analytics_pipeline to 2026-05-30 19:00:00+00:00, run_after=2026-06-06 19:00:00+00:00
[2026-05-31T12:35:43.603+0000] {processor.py:183} INFO - Processing /opt/airflow/dags/dag_crime_pipeline.py took 0.133 seconds
[2026-05-31T12:36:13.988+0000] {processor.py:161} INFO - Started process (PID=6180) to work on /opt/airflow/dags/dag_crime_pipeline.py
[2026-05-31T12:36:13.990+0000] {processor.py:830} INFO - Processing file /opt/airflow/dags/dag_crime_pipeline.py for tasks to queue
[2026-05-31T12:36:13.993+0000] {logging_mixin.py:188} INFO - [2026-05-31T12:36:13.992+0000] {dagbag.py:538} INFO - Filling up the DagBag from /opt/airflow/dags/dag_crime_pipeline.py
[2026-05-31T12:36:14.034+0000] {processor.py:840} INFO - DAG(s) 'crime_analytics_pipeline' retrieved from /opt/airflow/dags/dag_crime_pipeline.py
[2026-05-31T12:36:14.063+0000] {logging_mixin.py:188} INFO - [2026-05-31T12:36:14.063+0000] {dag.py:3036} INFO - Sync 1 DAGs
[2026-05-31T12:36:14.083+0000] {logging_mixin.py:188} INFO - [2026-05-31T12:36:14.083+0000] {dag.py:3823} INFO - Setting next_dagrun for crime_analytics_pipeline to 2026-05-30 19:00:00+00:00, run_after=2026-06-06 19:00:00+00:00
[2026-05-31T12:36:14.103+0000] {processor.py:183} INFO - Processing /opt/airflow/dags/dag_crime_pipeline.py took 0.118 seconds
[2026-05-31T12:36:44.283+0000] {processor.py:161} INFO - Started process (PID=6185) to work on /opt/airflow/dags/dag_crime_pipeline.py
[2026-05-31T12:36:44.284+0000] {processor.py:830} INFO - Processing file /opt/airflow/dags/dag_crime_pipeline.py for tasks to queue
[2026-05-31T12:36:44.287+0000] {logging_mixin.py:188} INFO - [2026-05-31T12:36:44.287+0000] {dagbag.py:538} INFO - Filling up the DagBag from /opt/airflow/dags/dag_crime_pipeline.py
[2026-05-31T12:36:44.327+0000] {processor.py:840} INFO - DAG(s) 'crime_analytics_pipeline' retrieved from /opt/airflow/dags/dag_crime_pipeline.py
[2026-05-31T12:36:44.355+0000] {logging_mixin.py:188} INFO - [2026-05-31T12:36:44.355+0000] {dag.py:3036} INFO - Sync 1 DAGs
[2026-05-31T12:36:44.376+0000] {logging_mixin.py:188} INFO - [2026-05-31T12:36:44.376+0000] {dag.py:3823} INFO - Setting next_dagrun for crime_analytics_pipeline to 2026-05-30 19:00:00+00:00, run_after=2026-06-06 19:00:00+00:00
[2026-05-31T12:36:44.415+0000] {processor.py:183} INFO - Processing /opt/airflow/dags/dag_crime_pipeline.py took 0.137 seconds
[2026-05-31T12:37:14.812+0000] {processor.py:161} INFO - Started process (PID=6190) to work on /opt/airflow/dags/dag_crime_pipeline.py
[2026-05-31T12:37:14.813+0000] {processor.py:830} INFO - Processing file /opt/airflow/dags/dag_crime_pipeline.py for tasks to queue
[2026-05-31T12:37:14.824+0000] {logging_mixin.py:188} INFO - [2026-05-31T12:37:14.824+0000] {dagbag.py:538} INFO - Filling up the DagBag from /opt/airflow/dags/dag_crime_pipeline.py
[2026-05-31T12:37:14.886+0000] {processor.py:840} INFO - DAG(s) 'crime_analytics_pipeline' retrieved from /opt/airflow/dags/dag_crime_pipeline.py
[2026-05-31T12:37:14.935+0000] {logging_mixin.py:188} INFO - [2026-05-31T12:37:14.934+0000] {dag.py:3036} INFO - Sync 1 DAGs
[2026-05-31T12:37:14.960+0000] {logging_mixin.py:188} INFO - [2026-05-31T12:37:14.960+0000] {dag.py:3823} INFO - Setting next_dagrun for crime_analytics_pipeline to 2026-05-30 19:00:00+00:00, run_after=2026-06-06 19:00:00+00:00
[2026-05-31T12:37:14.982+0000] {processor.py:183} INFO - Processing /opt/airflow/dags/dag_crime_pipeline.py took 0.177 seconds
[2026-05-31T12:37:45.158+0000] {processor.py:161} INFO - Started process (PID=6195) to work on /opt/airflow/dags/dag_crime_pipeline.py
[2026-05-31T12:37:45.160+0000] {processor.py:830} INFO - Processing file /opt/airflow/dags/dag_crime_pipeline.py for tasks to queue
[2026-05-31T12:37:45.162+0000] {logging_mixin.py:188} INFO - [2026-05-31T12:37:45.162+0000] {dagbag.py:538} INFO - Filling up the DagBag from /opt/airflow/dags/dag_crime_pipeline.py
[2026-05-31T12:37:45.202+0000] {processor.py:840} INFO - DAG(s) 'crime_analytics_pipeline' retrieved from /opt/airflow/dags/dag_crime_pipeline.py
[2026-05-31T12:37:45.236+0000] {logging_mixin.py:188} INFO - [2026-05-31T12:37:45.236+0000] {dag.py:3036} INFO - Sync 1 DAGs
[2026-05-31T12:37:45.256+0000] {logging_mixin.py:188} INFO - [2026-05-31T12:37:45.255+0000] {dag.py:3823} INFO - Setting next_dagrun for crime_analytics_pipeline to 2026-05-30 19:00:00+00:00, run_after=2026-06-06 19:00:00+00:00
[2026-05-31T12:37:45.527+0000] {processor.py:183} INFO - Processing /opt/airflow/dags/dag_crime_pipeline.py took 0.372 seconds
[2026-05-31T12:38:15.636+0000] {processor.py:161} INFO - Started process (PID=6200) to work on /opt/airflow/dags/dag_crime_pipeline.py
[2026-05-31T12:38:15.638+0000] {processor.py:830} INFO - Processing file /opt/airflow/dags/dag_crime_pipeline.py for tasks to queue
[2026-05-31T12:38:15.641+0000] {logging_mixin.py:188} INFO - [2026-05-31T12:38:15.640+0000] {dagbag.py:538} INFO - Filling up the DagBag from /opt/airflow/dags/dag_crime_pipeline.py
[2026-05-31T12:38:15.690+0000] {processor.py:840} INFO - DAG(s) 'crime_analytics_pipeline' retrieved from /opt/airflow/dags/dag_crime_pipeline.py
[2026-05-31T12:38:15.751+0000] {logging_mixin.py:188} INFO - [2026-05-31T12:38:15.750+0000] {dag.py:3036} INFO - Sync 1 DAGs
[2026-05-31T12:38:15.783+0000] {logging_mixin.py:188} INFO - [2026-05-31T12:38:15.783+0000] {dag.py:3823} INFO - Setting next_dagrun for crime_analytics_pipeline to 2026-05-30 19:00:00+00:00, run_after=2026-06-06 19:00:00+00:00
[2026-05-31T12:38:15.808+0000] {processor.py:183} INFO - Processing /opt/airflow/dags/dag_crime_pipeline.py took 0.177 seconds
[2026-05-31T12:38:46.073+0000] {processor.py:161} INFO - Started process (PID=6205) to work on /opt/airflow/dags/dag_crime_pipeline.py
[2026-05-31T12:38:46.075+0000] {processor.py:830} INFO - Processing file /opt/airflow/dags/dag_crime_pipeline.py for tasks to queue
[2026-05-31T12:38:46.078+0000] {logging_mixin.py:188} INFO - [2026-05-31T12:38:46.077+0000] {dagbag.py:538} INFO - Filling up the DagBag from /opt/airflow/dags/dag_crime_pipeline.py
[2026-05-31T12:38:46.114+0000] {processor.py:840} INFO - DAG(s) 'crime_analytics_pipeline' retrieved from /opt/airflow/dags/dag_crime_pipeline.py
[2026-05-31T12:38:46.144+0000] {logging_mixin.py:188} INFO - [2026-05-31T12:38:46.143+0000] {dag.py:3036} INFO - Sync 1 DAGs
[2026-05-31T12:38:46.164+0000] {logging_mixin.py:188} INFO - [2026-05-31T12:38:46.164+0000] {dag.py:3823} INFO - Setting next_dagrun for crime_analytics_pipeline to 2026-05-30 19:00:00+00:00, run_after=2026-06-06 19:00:00+00:00
[2026-05-31T12:38:46.186+0000] {processor.py:183} INFO - Processing /opt/airflow/dags/dag_crime_pipeline.py took 0.117 seconds
[2026-05-31T12:39:16.481+0000] {processor.py:161} INFO - Started process (PID=6215) to work on /opt/airflow/dags/dag_crime_pipeline.py
[2026-05-31T12:39:16.482+0000] {processor.py:830} INFO - Processing file /opt/airflow/dags/dag_crime_pipeline.py for tasks to queue
[2026-05-31T12:39:16.486+0000] {logging_mixin.py:188} INFO - [2026-05-31T12:39:16.485+0000] {dagbag.py:538} INFO - Filling up the DagBag from /opt/airflow/dags/dag_crime_pipeline.py
[2026-05-31T12:39:16.537+0000] {processor.py:840} INFO - DAG(s) 'crime_analytics_pipeline' retrieved from /opt/airflow/dags/dag_crime_pipeline.py
[2026-05-31T12:39:16.577+0000] {logging_mixin.py:188} INFO - [2026-05-31T12:39:16.577+0000] {dag.py:3036} INFO - Sync 1 DAGs
[2026-05-31T12:39:16.869+0000] {processor.py:183} INFO - Processing /opt/airflow/dags/dag_crime_pipeline.py took 0.394 seconds
[2026-05-31T12:39:47.250+0000] {processor.py:161} INFO - Started process (PID=6265) to work on /opt/airflow/dags/dag_crime_pipeline.py
[2026-05-31T12:39:47.252+0000] {processor.py:830} INFO - Processing file /opt/airflow/dags/dag_crime_pipeline.py for tasks to queue
[2026-05-31T12:39:47.256+0000] {logging_mixin.py:188} INFO - [2026-05-31T12:39:47.255+0000] {dagbag.py:538} INFO - Filling up the DagBag from /opt/airflow/dags/dag_crime_pipeline.py
[2026-05-31T12:39:47.306+0000] {processor.py:840} INFO - DAG(s) 'crime_analytics_pipeline' retrieved from /opt/airflow/dags/dag_crime_pipeline.py
[2026-05-31T12:39:47.344+0000] {logging_mixin.py:188} INFO - [2026-05-31T12:39:47.343+0000] {dag.py:3036} INFO - Sync 1 DAGs
[2026-05-31T12:39:47.411+0000] {processor.py:183} INFO - Processing /opt/airflow/dags/dag_crime_pipeline.py took 0.167 seconds
[2026-05-31T12:40:17.582+0000] {processor.py:161} INFO - Started process (PID=6270) to work on /opt/airflow/dags/dag_crime_pipeline.py
[2026-05-31T12:40:17.583+0000] {processor.py:830} INFO - Processing file /opt/airflow/dags/dag_crime_pipeline.py for tasks to queue
[2026-05-31T12:40:17.587+0000] {logging_mixin.py:188} INFO - [2026-05-31T12:40:17.586+0000] {dagbag.py:538} INFO - Filling up the DagBag from /opt/airflow/dags/dag_crime_pipeline.py
[2026-05-31T12:40:17.632+0000] {processor.py:840} INFO - DAG(s) 'crime_analytics_pipeline' retrieved from /opt/airflow/dags/dag_crime_pipeline.py
[2026-05-31T12:40:17.670+0000] {logging_mixin.py:188} INFO - [2026-05-31T12:40:17.669+0000] {dag.py:3036} INFO - Sync 1 DAGs
[2026-05-31T12:40:17.955+0000] {processor.py:183} INFO - Processing /opt/airflow/dags/dag_crime_pipeline.py took 0.380 seconds
[2026-05-31T12:40:48.066+0000] {processor.py:161} INFO - Started process (PID=6275) to work on /opt/airflow/dags/dag_crime_pipeline.py
[2026-05-31T12:40:48.068+0000] {processor.py:830} INFO - Processing file /opt/airflow/dags/dag_crime_pipeline.py for tasks to queue
[2026-05-31T12:40:48.071+0000] {logging_mixin.py:188} INFO - [2026-05-31T12:40:48.071+0000] {dagbag.py:538} INFO - Filling up the DagBag from /opt/airflow/dags/dag_crime_pipeline.py
[2026-05-31T12:40:48.130+0000] {processor.py:840} INFO - DAG(s) 'crime_analytics_pipeline' retrieved from /opt/airflow/dags/dag_crime_pipeline.py
[2026-05-31T12:40:48.194+0000] {logging_mixin.py:188} INFO - [2026-05-31T12:40:48.191+0000] {dag.py:3036} INFO - Sync 1 DAGs
[2026-05-31T12:40:48.475+0000] {processor.py:183} INFO - Processing /opt/airflow/dags/dag_crime_pipeline.py took 0.414 seconds
[2026-05-31T12:41:18.612+0000] {processor.py:161} INFO - Started process (PID=6280) to work on /opt/airflow/dags/dag_crime_pipeline.py
[2026-05-31T12:41:18.615+0000] {processor.py:830} INFO - Processing file /opt/airflow/dags/dag_crime_pipeline.py for tasks to queue
[2026-05-31T12:41:18.620+0000] {logging_mixin.py:188} INFO - [2026-05-31T12:41:18.620+0000] {dagbag.py:538} INFO - Filling up the DagBag from /opt/airflow/dags/dag_crime_pipeline.py
[2026-05-31T12:41:18.945+0000] {processor.py:840} INFO - DAG(s) 'crime_analytics_pipeline' retrieved from /opt/airflow/dags/dag_crime_pipeline.py
[2026-05-31T12:41:18.977+0000] {logging_mixin.py:188} INFO - [2026-05-31T12:41:18.977+0000] {dag.py:3036} INFO - Sync 1 DAGs
[2026-05-31T12:41:19.022+0000] {processor.py:183} INFO - Processing /opt/airflow/dags/dag_crime_pipeline.py took 0.417 seconds
[2026-05-31T12:41:49.105+0000] {processor.py:161} INFO - Started process (PID=6285) to work on /opt/airflow/dags/dag_crime_pipeline.py
[2026-05-31T12:41:49.107+0000] {processor.py:830} INFO - Processing file /opt/airflow/dags/dag_crime_pipeline.py for tasks to queue
[2026-05-31T12:41:49.110+0000] {logging_mixin.py:188} INFO - [2026-05-31T12:41:49.109+0000] {dagbag.py:538} INFO - Filling up the DagBag from /opt/airflow/dags/dag_crime_pipeline.py
[2026-05-31T12:41:49.153+0000] {processor.py:840} INFO - DAG(s) 'crime_analytics_pipeline' retrieved from /opt/airflow/dags/dag_crime_pipeline.py
[2026-05-31T12:41:49.185+0000] {logging_mixin.py:188} INFO - [2026-05-31T12:41:49.184+0000] {dag.py:3036} INFO - Sync 1 DAGs
[2026-05-31T12:41:49.440+0000] {processor.py:183} INFO - Processing /opt/airflow/dags/dag_crime_pipeline.py took 0.340 seconds
[2026-05-31T12:42:19.977+0000] {processor.py:161} INFO - Started process (PID=6306) to work on /opt/airflow/dags/dag_crime_pipeline.py
[2026-05-31T12:42:19.979+0000] {processor.py:830} INFO - Processing file /opt/airflow/dags/dag_crime_pipeline.py for tasks to queue
[2026-05-31T12:42:19.982+0000] {logging_mixin.py:188} INFO - [2026-05-31T12:42:19.982+0000] {dagbag.py:538} INFO - Filling up the DagBag from /opt/airflow/dags/dag_crime_pipeline.py
[2026-05-31T12:42:20.038+0000] {processor.py:840} INFO - DAG(s) 'crime_analytics_pipeline' retrieved from /opt/airflow/dags/dag_crime_pipeline.py
[2026-05-31T12:42:20.092+0000] {logging_mixin.py:188} INFO - [2026-05-31T12:42:20.091+0000] {dag.py:3036} INFO - Sync 1 DAGs
[2026-05-31T12:42:20.143+0000] {processor.py:183} INFO - Processing /opt/airflow/dags/dag_crime_pipeline.py took 0.170 seconds
[2026-05-31T12:42:50.524+0000] {processor.py:161} INFO - Started process (PID=6326) to work on /opt/airflow/dags/dag_crime_pipeline.py
[2026-05-31T12:42:50.530+0000] {processor.py:830} INFO - Processing file /opt/airflow/dags/dag_crime_pipeline.py for tasks to queue
[2026-05-31T12:42:50.538+0000] {logging_mixin.py:188} INFO - [2026-05-31T12:42:50.538+0000] {dagbag.py:538} INFO - Filling up the DagBag from /opt/airflow/dags/dag_crime_pipeline.py
[2026-05-31T12:42:50.620+0000] {processor.py:840} INFO - DAG(s) 'crime_analytics_pipeline' retrieved from /opt/airflow/dags/dag_crime_pipeline.py
[2026-05-31T12:42:50.659+0000] {logging_mixin.py:188} INFO - [2026-05-31T12:42:50.659+0000] {dag.py:3036} INFO - Sync 1 DAGs
[2026-05-31T12:42:50.724+0000] {processor.py:183} INFO - Processing /opt/airflow/dags/dag_crime_pipeline.py took 0.211 seconds
[2026-05-31T12:43:21.037+0000] {processor.py:161} INFO - Started process (PID=6331) to work on /opt/airflow/dags/dag_crime_pipeline.py
[2026-05-31T12:43:21.038+0000] {processor.py:830} INFO - Processing file /opt/airflow/dags/dag_crime_pipeline.py for tasks to queue
[2026-05-31T12:43:21.040+0000] {logging_mixin.py:188} INFO - [2026-05-31T12:43:21.040+0000] {dagbag.py:538} INFO - Filling up the DagBag from /opt/airflow/dags/dag_crime_pipeline.py
[2026-05-31T12:43:21.084+0000] {processor.py:840} INFO - DAG(s) 'crime_analytics_pipeline' retrieved from /opt/airflow/dags/dag_crime_pipeline.py
[2026-05-31T12:43:21.132+0000] {logging_mixin.py:188} INFO - [2026-05-31T12:43:21.131+0000] {dag.py:3036} INFO - Sync 1 DAGs
[2026-05-31T12:43:21.226+0000] {processor.py:183} INFO - Processing /opt/airflow/dags/dag_crime_pipeline.py took 0.194 seconds
[2026-05-31T12:43:51.697+0000] {processor.py:161} INFO - Started process (PID=6336) to work on /opt/airflow/dags/dag_crime_pipeline.py
[2026-05-31T12:43:51.703+0000] {processor.py:830} INFO - Processing file /opt/airflow/dags/dag_crime_pipeline.py for tasks to queue
[2026-05-31T12:43:51.706+0000] {logging_mixin.py:188} INFO - [2026-05-31T12:43:51.705+0000] {dagbag.py:538} INFO - Filling up the DagBag from /opt/airflow/dags/dag_crime_pipeline.py
[2026-05-31T12:43:51.806+0000] {processor.py:840} INFO - DAG(s) 'crime_analytics_pipeline' retrieved from /opt/airflow/dags/dag_crime_pipeline.py
[2026-05-31T12:43:51.840+0000] {logging_mixin.py:188} INFO - [2026-05-31T12:43:51.840+0000] {dag.py:3036} INFO - Sync 1 DAGs
[2026-05-31T12:43:51.901+0000] {processor.py:183} INFO - Processing /opt/airflow/dags/dag_crime_pipeline.py took 0.212 seconds
[2026-05-31T12:44:22.145+0000] {processor.py:161} INFO - Started process (PID=6341) to work on /opt/airflow/dags/dag_crime_pipeline.py
[2026-05-31T12:44:22.154+0000] {processor.py:830} INFO - Processing file /opt/airflow/dags/dag_crime_pipeline.py for tasks to queue
[2026-05-31T12:44:22.157+0000] {logging_mixin.py:188} INFO - [2026-05-31T12:44:22.157+0000] {dagbag.py:538} INFO - Filling up the DagBag from /opt/airflow/dags/dag_crime_pipeline.py
[2026-05-31T12:44:22.260+0000] {processor.py:840} INFO - DAG(s) 'crime_analytics_pipeline' retrieved from /opt/airflow/dags/dag_crime_pipeline.py
[2026-05-31T12:44:22.335+0000] {logging_mixin.py:188} INFO - [2026-05-31T12:44:22.335+0000] {dag.py:3036} INFO - Sync 1 DAGs
[2026-05-31T12:44:22.427+0000] {processor.py:183} INFO - Processing /opt/airflow/dags/dag_crime_pipeline.py took 0.293 seconds
[2026-05-31T12:44:52.826+0000] {processor.py:161} INFO - Started process (PID=6361) to work on /opt/airflow/dags/dag_crime_pipeline.py
[2026-05-31T12:44:52.828+0000] {processor.py:830} INFO - Processing file /opt/airflow/dags/dag_crime_pipeline.py for tasks to queue
[2026-05-31T12:44:52.831+0000] {logging_mixin.py:188} INFO - [2026-05-31T12:44:52.830+0000] {dagbag.py:538} INFO - Filling up the DagBag from /opt/airflow/dags/dag_crime_pipeline.py
[2026-05-31T12:44:52.869+0000] {processor.py:840} INFO - DAG(s) 'crime_analytics_pipeline' retrieved from /opt/airflow/dags/dag_crime_pipeline.py
[2026-05-31T12:44:52.903+0000] {logging_mixin.py:188} INFO - [2026-05-31T12:44:52.902+0000] {dag.py:3036} INFO - Sync 1 DAGs
[2026-05-31T12:44:52.948+0000] {processor.py:183} INFO - Processing /opt/airflow/dags/dag_crime_pipeline.py took 0.126 seconds
[2026-05-31T12:45:23.146+0000] {processor.py:161} INFO - Started process (PID=6366) to work on /opt/airflow/dags/dag_crime_pipeline.py
[2026-05-31T12:45:23.148+0000] {processor.py:830} INFO - Processing file /opt/airflow/dags/dag_crime_pipeline.py for tasks to queue
[2026-05-31T12:45:23.151+0000] {logging_mixin.py:188} INFO - [2026-05-31T12:45:23.150+0000] {dagbag.py:538} INFO - Filling up the DagBag from /opt/airflow/dags/dag_crime_pipeline.py
[2026-05-31T12:45:23.202+0000] {processor.py:840} INFO - DAG(s) 'crime_analytics_pipeline' retrieved from /opt/airflow/dags/dag_crime_pipeline.py
[2026-05-31T12:45:23.240+0000] {logging_mixin.py:188} INFO - [2026-05-31T12:45:23.239+0000] {dag.py:3036} INFO - Sync 1 DAGs
[2026-05-31T12:45:23.316+0000] {processor.py:183} INFO - Processing /opt/airflow/dags/dag_crime_pipeline.py took 0.175 seconds
[2026-05-31T12:45:53.617+0000] {processor.py:161} INFO - Started process (PID=6375) to work on /opt/airflow/dags/dag_crime_pipeline.py
[2026-05-31T12:45:53.619+0000] {processor.py:830} INFO - Processing file /opt/airflow/dags/dag_crime_pipeline.py for tasks to queue
[2026-05-31T12:45:53.622+0000] {logging_mixin.py:188} INFO - [2026-05-31T12:45:53.621+0000] {dagbag.py:538} INFO - Filling up the DagBag from /opt/airflow/dags/dag_crime_pipeline.py
[2026-05-31T12:45:53.689+0000] {processor.py:840} INFO - DAG(s) 'crime_analytics_pipeline' retrieved from /opt/airflow/dags/dag_crime_pipeline.py
[2026-05-31T12:45:53.728+0000] {logging_mixin.py:188} INFO - [2026-05-31T12:45:53.727+0000] {dag.py:3036} INFO - Sync 1 DAGs
[2026-05-31T12:45:53.770+0000] {processor.py:183} INFO - Processing /opt/airflow/dags/dag_crime_pipeline.py took 0.159 seconds
[2026-05-31T12:46:23.983+0000] {processor.py:161} INFO - Started process (PID=6380) to work on /opt/airflow/dags/dag_crime_pipeline.py
[2026-05-31T12:46:23.985+0000] {processor.py:830} INFO - Processing file /opt/airflow/dags/dag_crime_pipeline.py for tasks to queue
[2026-05-31T12:46:23.987+0000] {logging_mixin.py:188} INFO - [2026-05-31T12:46:23.987+0000] {dagbag.py:538} INFO - Filling up the DagBag from /opt/airflow/dags/dag_crime_pipeline.py
[2026-05-31T12:46:24.046+0000] {processor.py:840} INFO - DAG(s) 'crime_analytics_pipeline' retrieved from /opt/airflow/dags/dag_crime_pipeline.py
[2026-05-31T12:46:24.108+0000] {logging_mixin.py:188} INFO - [2026-05-31T12:46:24.107+0000] {dag.py:3036} INFO - Sync 1 DAGs
[2026-05-31T12:46:24.149+0000] {logging_mixin.py:188} INFO - [2026-05-31T12:46:24.149+0000] {dag.py:3823} INFO - Setting next_dagrun for crime_analytics_pipeline to 2026-05-30 19:00:00+00:00, run_after=2026-06-06 19:00:00+00:00
[2026-05-31T12:46:24.173+0000] {processor.py:183} INFO - Processing /opt/airflow/dags/dag_crime_pipeline.py took 0.194 seconds
[2026-05-31T12:46:54.480+0000] {processor.py:161} INFO - Started process (PID=6385) to work on /opt/airflow/dags/dag_crime_pipeline.py
[2026-05-31T12:46:54.482+0000] {processor.py:830} INFO - Processing file /opt/airflow/dags/dag_crime_pipeline.py for tasks to queue
[2026-05-31T12:46:54.485+0000] {logging_mixin.py:188} INFO - [2026-05-31T12:46:54.485+0000] {dagbag.py:538} INFO - Filling up the DagBag from /opt/airflow/dags/dag_crime_pipeline.py
[2026-05-31T12:46:54.523+0000] {processor.py:840} INFO - DAG(s) 'crime_analytics_pipeline' retrieved from /opt/airflow/dags/dag_crime_pipeline.py
[2026-05-31T12:46:54.556+0000] {logging_mixin.py:188} INFO - [2026-05-31T12:46:54.556+0000] {dag.py:3036} INFO - Sync 1 DAGs
[2026-05-31T12:46:54.580+0000] {logging_mixin.py:188} INFO - [2026-05-31T12:46:54.580+0000] {dag.py:3823} INFO - Setting next_dagrun for crime_analytics_pipeline to 2026-05-30 19:00:00+00:00, run_after=2026-06-06 19:00:00+00:00
[2026-05-31T12:46:54.631+0000] {processor.py:183} INFO - Processing /opt/airflow/dags/dag_crime_pipeline.py took 0.155 seconds
[2026-05-31T12:47:24.833+0000] {processor.py:161} INFO - Started process (PID=6390) to work on /opt/airflow/dags/dag_crime_pipeline.py
[2026-05-31T12:47:24.835+0000] {processor.py:830} INFO - Processing file /opt/airflow/dags/dag_crime_pipeline.py for tasks to queue
[2026-05-31T12:47:24.839+0000] {logging_mixin.py:188} INFO - [2026-05-31T12:47:24.838+0000] {dagbag.py:538} INFO - Filling up the DagBag from /opt/airflow/dags/dag_crime_pipeline.py
[2026-05-31T12:47:24.885+0000] {processor.py:840} INFO - DAG(s) 'crime_analytics_pipeline' retrieved from /opt/airflow/dags/dag_crime_pipeline.py
[2026-05-31T12:47:24.922+0000] {logging_mixin.py:188} INFO - [2026-05-31T12:47:24.922+0000] {dag.py:3036} INFO - Sync 1 DAGs
[2026-05-31T12:47:24.946+0000] {logging_mixin.py:188} INFO - [2026-05-31T12:47:24.946+0000] {dag.py:3823} INFO - Setting next_dagrun for crime_analytics_pipeline to 2026-05-30 19:00:00+00:00, run_after=2026-06-06 19:00:00+00:00
[2026-05-31T12:47:24.972+0000] {processor.py:183} INFO - Processing /opt/airflow/dags/dag_crime_pipeline.py took 0.146 seconds
[2026-05-31T12:47:55.418+0000] {processor.py:161} INFO - Started process (PID=6395) to work on /opt/airflow/dags/dag_crime_pipeline.py
[2026-05-31T12:47:55.427+0000] {processor.py:830} INFO - Processing file /opt/airflow/dags/dag_crime_pipeline.py for tasks to queue
[2026-05-31T12:47:55.431+0000] {logging_mixin.py:188} INFO - [2026-05-31T12:47:55.431+0000] {dagbag.py:538} INFO - Filling up the DagBag from /opt/airflow/dags/dag_crime_pipeline.py
[2026-05-31T12:47:55.504+0000] {processor.py:840} INFO - DAG(s) 'crime_analytics_pipeline' retrieved from /opt/airflow/dags/dag_crime_pipeline.py
[2026-05-31T12:47:55.538+0000] {logging_mixin.py:188} INFO - [2026-05-31T12:47:55.537+0000] {dag.py:3036} INFO - Sync 1 DAGs
[2026-05-31T12:47:55.558+0000] {logging_mixin.py:188} INFO - [2026-05-31T12:47:55.558+0000] {dag.py:3823} INFO - Setting next_dagrun for crime_analytics_pipeline to 2026-05-30 19:00:00+00:00, run_after=2026-06-06 19:00:00+00:00
[2026-05-31T12:47:55.579+0000] {processor.py:183} INFO - Processing /opt/airflow/dags/dag_crime_pipeline.py took 0.166 seconds
[2026-05-31T12:48:25.786+0000] {processor.py:161} INFO - Started process (PID=6400) to work on /opt/airflow/dags/dag_crime_pipeline.py
[2026-05-31T12:48:25.788+0000] {processor.py:830} INFO - Processing file /opt/airflow/dags/dag_crime_pipeline.py for tasks to queue
[2026-05-31T12:48:25.792+0000] {logging_mixin.py:188} INFO - [2026-05-31T12:48:25.791+0000] {dagbag.py:538} INFO - Filling up the DagBag from /opt/airflow/dags/dag_crime_pipeline.py
[2026-05-31T12:48:25.834+0000] {processor.py:840} INFO - DAG(s) 'crime_analytics_pipeline' retrieved from /opt/airflow/dags/dag_crime_pipeline.py
[2026-05-31T12:48:25.875+0000] {logging_mixin.py:188} INFO - [2026-05-31T12:48:25.875+0000] {dag.py:3036} INFO - Sync 1 DAGs
[2026-05-31T12:48:25.901+0000] {logging_mixin.py:188} INFO - [2026-05-31T12:48:25.900+0000] {dag.py:3823} INFO - Setting next_dagrun for crime_analytics_pipeline to 2026-05-30 19:00:00+00:00, run_after=2026-06-06 19:00:00+00:00
[2026-05-31T12:48:25.929+0000] {processor.py:183} INFO - Processing /opt/airflow/dags/dag_crime_pipeline.py took 0.148 seconds
[2026-05-31T12:48:56.252+0000] {processor.py:161} INFO - Started process (PID=6405) to work on /opt/airflow/dags/dag_crime_pipeline.py
[2026-05-31T12:48:56.253+0000] {processor.py:830} INFO - Processing file /opt/airflow/dags/dag_crime_pipeline.py for tasks to queue
[2026-05-31T12:48:56.256+0000] {logging_mixin.py:188} INFO - [2026-05-31T12:48:56.255+0000] {dagbag.py:538} INFO - Filling up the DagBag from /opt/airflow/dags/dag_crime_pipeline.py
[2026-05-31T12:48:56.292+0000] {processor.py:840} INFO - DAG(s) 'crime_analytics_pipeline' retrieved from /opt/airflow/dags/dag_crime_pipeline.py
[2026-05-31T12:48:56.322+0000] {logging_mixin.py:188} INFO - [2026-05-31T12:48:56.322+0000] {dag.py:3036} INFO - Sync 1 DAGs
[2026-05-31T12:48:56.342+0000] {logging_mixin.py:188} INFO - [2026-05-31T12:48:56.342+0000] {dag.py:3823} INFO - Setting next_dagrun for crime_analytics_pipeline to 2026-05-30 19:00:00+00:00, run_after=2026-06-06 19:00:00+00:00
[2026-05-31T12:48:56.360+0000] {processor.py:183} INFO - Processing /opt/airflow/dags/dag_crime_pipeline.py took 0.113 seconds
[2026-05-31T12:49:26.632+0000] {processor.py:161} INFO - Started process (PID=6410) to work on /opt/airflow/dags/dag_crime_pipeline.py
[2026-05-31T12:49:26.634+0000] {processor.py:830} INFO - Processing file /opt/airflow/dags/dag_crime_pipeline.py for tasks to queue
[2026-05-31T12:49:26.637+0000] {logging_mixin.py:188} INFO - [2026-05-31T12:49:26.636+0000] {dagbag.py:538} INFO - Filling up the DagBag from /opt/airflow/dags/dag_crime_pipeline.py
[2026-05-31T12:49:26.681+0000] {processor.py:840} INFO - DAG(s) 'crime_analytics_pipeline' retrieved from /opt/airflow/dags/dag_crime_pipeline.py
[2026-05-31T12:49:26.719+0000] {logging_mixin.py:188} INFO - [2026-05-31T12:49:26.718+0000] {dag.py:3036} INFO - Sync 1 DAGs
[2026-05-31T12:49:26.744+0000] {logging_mixin.py:188} INFO - [2026-05-31T12:49:26.743+0000] {dag.py:3823} INFO - Setting next_dagrun for crime_analytics_pipeline to 2026-05-30 19:00:00+00:00, run_after=2026-06-06 19:00:00+00:00
[2026-05-31T12:49:26.767+0000] {processor.py:183} INFO - Processing /opt/airflow/dags/dag_crime_pipeline.py took 0.140 seconds
[2026-05-31T12:49:57.113+0000] {processor.py:161} INFO - Started process (PID=6415) to work on /opt/airflow/dags/dag_crime_pipeline.py
[2026-05-31T12:49:57.115+0000] {processor.py:830} INFO - Processing file /opt/airflow/dags/dag_crime_pipeline.py for tasks to queue
[2026-05-31T12:49:57.118+0000] {logging_mixin.py:188} INFO - [2026-05-31T12:49:57.117+0000] {dagbag.py:538} INFO - Filling up the DagBag from /opt/airflow/dags/dag_crime_pipeline.py
[2026-05-31T12:49:57.161+0000] {processor.py:840} INFO - DAG(s) 'crime_analytics_pipeline' retrieved from /opt/airflow/dags/dag_crime_pipeline.py
[2026-05-31T12:49:57.195+0000] {logging_mixin.py:188} INFO - [2026-05-31T12:49:57.194+0000] {dag.py:3036} INFO - Sync 1 DAGs
[2026-05-31T12:49:57.219+0000] {logging_mixin.py:188} INFO - [2026-05-31T12:49:57.219+0000] {dag.py:3823} INFO - Setting next_dagrun for crime_analytics_pipeline to 2026-05-30 19:00:00+00:00, run_after=2026-06-06 19:00:00+00:00
[2026-05-31T12:49:57.259+0000] {processor.py:183} INFO - Processing /opt/airflow/dags/dag_crime_pipeline.py took 0.151 seconds
[2026-05-31T12:50:27.577+0000] {processor.py:161} INFO - Started process (PID=6420) to work on /opt/airflow/dags/dag_crime_pipeline.py
[2026-05-31T12:50:27.578+0000] {processor.py:830} INFO - Processing file /opt/airflow/dags/dag_crime_pipeline.py for tasks to queue
[2026-05-31T12:50:27.580+0000] {logging_mixin.py:188} INFO - [2026-05-31T12:50:27.580+0000] {dagbag.py:538} INFO - Filling up the DagBag from /opt/airflow/dags/dag_crime_pipeline.py
[2026-05-31T12:50:27.618+0000] {processor.py:840} INFO - DAG(s) 'crime_analytics_pipeline' retrieved from /opt/airflow/dags/dag_crime_pipeline.py
[2026-05-31T12:50:27.663+0000] {logging_mixin.py:188} INFO - [2026-05-31T12:50:27.663+0000] {dag.py:3036} INFO - Sync 1 DAGs
[2026-05-31T12:50:27.684+0000] {logging_mixin.py:188} INFO - [2026-05-31T12:50:27.684+0000] {dag.py:3823} INFO - Setting next_dagrun for crime_analytics_pipeline to 2026-05-30 19:00:00+00:00, run_after=2026-06-06 19:00:00+00:00
[2026-05-31T12:50:27.702+0000] {processor.py:183} INFO - Processing /opt/airflow/dags/dag_crime_pipeline.py took 0.130 seconds
[2026-05-31T12:50:57.976+0000] {processor.py:161} INFO - Started process (PID=6425) to work on /opt/airflow/dags/dag_crime_pipeline.py
[2026-05-31T12:50:57.978+0000] {processor.py:830} INFO - Processing file /opt/airflow/dags/dag_crime_pipeline.py for tasks to queue
[2026-05-31T12:50:57.981+0000] {logging_mixin.py:188} INFO - [2026-05-31T12:50:57.981+0000] {dagbag.py:538} INFO - Filling up the DagBag from /opt/airflow/dags/dag_crime_pipeline.py
[2026-05-31T12:50:58.018+0000] {processor.py:840} INFO - DAG(s) 'crime_analytics_pipeline' retrieved from /opt/airflow/dags/dag_crime_pipeline.py
[2026-05-31T12:50:58.048+0000] {logging_mixin.py:188} INFO - [2026-05-31T12:50:58.048+0000] {dag.py:3036} INFO - Sync 1 DAGs
[2026-05-31T12:50:58.069+0000] {logging_mixin.py:188} INFO - [2026-05-31T12:50:58.069+0000] {dag.py:3823} INFO - Setting next_dagrun for crime_analytics_pipeline to 2026-05-30 19:00:00+00:00, run_after=2026-06-06 19:00:00+00:00
[2026-05-31T12:50:58.108+0000] {processor.py:183} INFO - Processing /opt/airflow/dags/dag_crime_pipeline.py took 0.136 seconds
[2026-05-31T12:51:28.358+0000] {processor.py:161} INFO - Started process (PID=6430) to work on /opt/airflow/dags/dag_crime_pipeline.py
[2026-05-31T12:51:28.361+0000] {processor.py:830} INFO - Processing file /opt/airflow/dags/dag_crime_pipeline.py for tasks to queue
[2026-05-31T12:51:28.365+0000] {logging_mixin.py:188} INFO - [2026-05-31T12:51:28.365+0000] {dagbag.py:538} INFO - Filling up the DagBag from /opt/airflow/dags/dag_crime_pipeline.py
[2026-05-31T12:51:28.411+0000] {processor.py:840} INFO - DAG(s) 'crime_analytics_pipeline' retrieved from /opt/airflow/dags/dag_crime_pipeline.py
[2026-05-31T12:51:28.455+0000] {logging_mixin.py:188} INFO - [2026-05-31T12:51:28.454+0000] {dag.py:3036} INFO - Sync 1 DAGs
[2026-05-31T12:51:28.486+0000] {logging_mixin.py:188} INFO - [2026-05-31T12:51:28.486+0000] {dag.py:3823} INFO - Setting next_dagrun for crime_analytics_pipeline to 2026-05-30 19:00:00+00:00, run_after=2026-06-06 19:00:00+00:00
[2026-05-31T12:51:28.541+0000] {processor.py:183} INFO - Processing /opt/airflow/dags/dag_crime_pipeline.py took 0.189 seconds
[2026-05-31T12:51:58.849+0000] {processor.py:161} INFO - Started process (PID=6435) to work on /opt/airflow/dags/dag_crime_pipeline.py
[2026-05-31T12:51:58.850+0000] {processor.py:830} INFO - Processing file /opt/airflow/dags/dag_crime_pipeline.py for tasks to queue
[2026-05-31T12:51:58.852+0000] {logging_mixin.py:188} INFO - [2026-05-31T12:51:58.852+0000] {dagbag.py:538} INFO - Filling up the DagBag from /opt/airflow/dags/dag_crime_pipeline.py
[2026-05-31T12:51:58.889+0000] {processor.py:840} INFO - DAG(s) 'crime_analytics_pipeline' retrieved from /opt/airflow/dags/dag_crime_pipeline.py
[2026-05-31T12:51:58.916+0000] {logging_mixin.py:188} INFO - [2026-05-31T12:51:58.916+0000] {dag.py:3036} INFO - Sync 1 DAGs
[2026-05-31T12:51:58.936+0000] {logging_mixin.py:188} INFO - [2026-05-31T12:51:58.936+0000] {dag.py:3823} INFO - Setting next_dagrun for crime_analytics_pipeline to 2026-05-30 19:00:00+00:00, run_after=2026-06-06 19:00:00+00:00
[2026-05-31T12:51:58.953+0000] {processor.py:183} INFO - Processing /opt/airflow/dags/dag_crime_pipeline.py took 0.108 seconds
[2026-05-31T12:52:29.235+0000] {processor.py:161} INFO - Started process (PID=6440) to work on /opt/airflow/dags/dag_crime_pipeline.py
[2026-05-31T12:52:29.237+0000] {processor.py:830} INFO - Processing file /opt/airflow/dags/dag_crime_pipeline.py for tasks to queue
[2026-05-31T12:52:29.240+0000] {logging_mixin.py:188} INFO - [2026-05-31T12:52:29.240+0000] {dagbag.py:538} INFO - Filling up the DagBag from /opt/airflow/dags/dag_crime_pipeline.py
[2026-05-31T12:52:29.285+0000] {processor.py:840} INFO - DAG(s) 'crime_analytics_pipeline' retrieved from /opt/airflow/dags/dag_crime_pipeline.py
[2026-05-31T12:52:29.325+0000] {logging_mixin.py:188} INFO - [2026-05-31T12:52:29.324+0000] {dag.py:3036} INFO - Sync 1 DAGs
[2026-05-31T12:52:29.355+0000] {logging_mixin.py:188} INFO - [2026-05-31T12:52:29.355+0000] {dag.py:3823} INFO - Setting next_dagrun for crime_analytics_pipeline to 2026-05-30 19:00:00+00:00, run_after=2026-06-06 19:00:00+00:00
[2026-05-31T12:52:29.383+0000] {processor.py:183} INFO - Processing /opt/airflow/dags/dag_crime_pipeline.py took 0.152 seconds
[2026-05-31T12:52:59.572+0000] {processor.py:161} INFO - Started process (PID=6445) to work on /opt/airflow/dags/dag_crime_pipeline.py
[2026-05-31T12:52:59.573+0000] {processor.py:830} INFO - Processing file /opt/airflow/dags/dag_crime_pipeline.py for tasks to queue
[2026-05-31T12:52:59.576+0000] {logging_mixin.py:188} INFO - [2026-05-31T12:52:59.576+0000] {dagbag.py:538} INFO - Filling up the DagBag from /opt/airflow/dags/dag_crime_pipeline.py
[2026-05-31T12:52:59.619+0000] {processor.py:840} INFO - DAG(s) 'crime_analytics_pipeline' retrieved from /opt/airflow/dags/dag_crime_pipeline.py
[2026-05-31T12:52:59.686+0000] {logging_mixin.py:188} INFO - [2026-05-31T12:52:59.685+0000] {dag.py:3036} INFO - Sync 1 DAGs
[2026-05-31T12:52:59.711+0000] {logging_mixin.py:188} INFO - [2026-05-31T12:52:59.710+0000] {dag.py:3823} INFO - Setting next_dagrun for crime_analytics_pipeline to 2026-05-30 19:00:00+00:00, run_after=2026-06-06 19:00:00+00:00
[2026-05-31T12:52:59.737+0000] {processor.py:183} INFO - Processing /opt/airflow/dags/dag_crime_pipeline.py took 0.169 seconds
[2026-05-31T12:53:30.128+0000] {processor.py:161} INFO - Started process (PID=6450) to work on /opt/airflow/dags/dag_crime_pipeline.py
[2026-05-31T12:53:30.129+0000] {processor.py:830} INFO - Processing file /opt/airflow/dags/dag_crime_pipeline.py for tasks to queue
[2026-05-31T12:53:30.133+0000] {logging_mixin.py:188} INFO - [2026-05-31T12:53:30.132+0000] {dagbag.py:538} INFO - Filling up the DagBag from /opt/airflow/dags/dag_crime_pipeline.py
[2026-05-31T12:53:30.174+0000] {processor.py:840} INFO - DAG(s) 'crime_analytics_pipeline' retrieved from /opt/airflow/dags/dag_crime_pipeline.py
[2026-05-31T12:53:30.205+0000] {logging_mixin.py:188} INFO - [2026-05-31T12:53:30.204+0000] {dag.py:3036} INFO - Sync 1 DAGs
[2026-05-31T12:53:30.225+0000] {logging_mixin.py:188} INFO - [2026-05-31T12:53:30.225+0000] {dag.py:3823} INFO - Setting next_dagrun for crime_analytics_pipeline to 2026-05-30 19:00:00+00:00, run_after=2026-06-06 19:00:00+00:00
[2026-05-31T12:53:30.243+0000] {processor.py:183} INFO - Processing /opt/airflow/dags/dag_crime_pipeline.py took 0.121 seconds
[2026-05-31T12:54:00.491+0000] {processor.py:161} INFO - Started process (PID=6455) to work on /opt/airflow/dags/dag_crime_pipeline.py
[2026-05-31T12:54:00.492+0000] {processor.py:830} INFO - Processing file /opt/airflow/dags/dag_crime_pipeline.py for tasks to queue
[2026-05-31T12:54:00.496+0000] {logging_mixin.py:188} INFO - [2026-05-31T12:54:00.495+0000] {dagbag.py:538} INFO - Filling up the DagBag from /opt/airflow/dags/dag_crime_pipeline.py
[2026-05-31T12:54:00.541+0000] {processor.py:840} INFO - DAG(s) 'crime_analytics_pipeline' retrieved from /opt/airflow/dags/dag_crime_pipeline.py
[2026-05-31T12:54:00.577+0000] {logging_mixin.py:188} INFO - [2026-05-31T12:54:00.577+0000] {dag.py:3036} INFO - Sync 1 DAGs
[2026-05-31T12:54:00.603+0000] {logging_mixin.py:188} INFO - [2026-05-31T12:54:00.602+0000] {dag.py:3823} INFO - Setting next_dagrun for crime_analytics_pipeline to 2026-05-30 19:00:00+00:00, run_after=2026-06-06 19:00:00+00:00
[2026-05-31T12:54:00.626+0000] {processor.py:183} INFO - Processing /opt/airflow/dags/dag_crime_pipeline.py took 0.140 seconds
[2026-05-31T12:54:31.052+0000] {processor.py:161} INFO - Started process (PID=6460) to work on /opt/airflow/dags/dag_crime_pipeline.py
[2026-05-31T12:54:31.054+0000] {processor.py:830} INFO - Processing file /opt/airflow/dags/dag_crime_pipeline.py for tasks to queue
[2026-05-31T12:54:31.057+0000] {logging_mixin.py:188} INFO - [2026-05-31T12:54:31.056+0000] {dagbag.py:538} INFO - Filling up the DagBag from /opt/airflow/dags/dag_crime_pipeline.py
[2026-05-31T12:54:31.104+0000] {processor.py:840} INFO - DAG(s) 'crime_analytics_pipeline' retrieved from /opt/airflow/dags/dag_crime_pipeline.py
[2026-05-31T12:54:31.147+0000] {logging_mixin.py:188} INFO - [2026-05-31T12:54:31.146+0000] {dag.py:3036} INFO - Sync 1 DAGs
[2026-05-31T12:54:31.177+0000] {logging_mixin.py:188} INFO - [2026-05-31T12:54:31.176+0000] {dag.py:3823} INFO - Setting next_dagrun for crime_analytics_pipeline to 2026-05-30 19:00:00+00:00, run_after=2026-06-06 19:00:00+00:00
[2026-05-31T12:54:31.202+0000] {processor.py:183} INFO - Processing /opt/airflow/dags/dag_crime_pipeline.py took 0.154 seconds
[2026-05-31T12:55:01.444+0000] {processor.py:161} INFO - Started process (PID=6465) to work on /opt/airflow/dags/dag_crime_pipeline.py
[2026-05-31T12:55:01.445+0000] {processor.py:830} INFO - Processing file /opt/airflow/dags/dag_crime_pipeline.py for tasks to queue
[2026-05-31T12:55:01.448+0000] {logging_mixin.py:188} INFO - [2026-05-31T12:55:01.448+0000] {dagbag.py:538} INFO - Filling up the DagBag from /opt/airflow/dags/dag_crime_pipeline.py
[2026-05-31T12:55:01.485+0000] {processor.py:840} INFO - DAG(s) 'crime_analytics_pipeline' retrieved from /opt/airflow/dags/dag_crime_pipeline.py
[2026-05-31T12:55:01.524+0000] {logging_mixin.py:188} INFO - [2026-05-31T12:55:01.523+0000] {dag.py:3036} INFO - Sync 1 DAGs
[2026-05-31T12:55:01.549+0000] {logging_mixin.py:188} INFO - [2026-05-31T12:55:01.549+0000] {dag.py:3823} INFO - Setting next_dagrun for crime_analytics_pipeline to 2026-05-30 19:00:00+00:00, run_after=2026-06-06 19:00:00+00:00
[2026-05-31T12:55:01.584+0000] {processor.py:183} INFO - Processing /opt/airflow/dags/dag_crime_pipeline.py took 0.144 seconds
[2026-05-31T12:55:31.952+0000] {processor.py:161} INFO - Started process (PID=6470) to work on /opt/airflow/dags/dag_crime_pipeline.py
[2026-05-31T12:55:31.954+0000] {processor.py:830} INFO - Processing file /opt/airflow/dags/dag_crime_pipeline.py for tasks to queue
[2026-05-31T12:55:31.958+0000] {logging_mixin.py:188} INFO - [2026-05-31T12:55:31.957+0000] {dagbag.py:538} INFO - Filling up the DagBag from /opt/airflow/dags/dag_crime_pipeline.py
[2026-05-31T12:55:32.001+0000] {processor.py:840} INFO - DAG(s) 'crime_analytics_pipeline' retrieved from /opt/airflow/dags/dag_crime_pipeline.py
[2026-05-31T12:55:32.039+0000] {logging_mixin.py:188} INFO - [2026-05-31T12:55:32.038+0000] {dag.py:3036} INFO - Sync 1 DAGs
[2026-05-31T12:55:32.067+0000] {logging_mixin.py:188} INFO - [2026-05-31T12:55:32.066+0000] {dag.py:3823} INFO - Setting next_dagrun for crime_analytics_pipeline to 2026-05-30 19:00:00+00:00, run_after=2026-06-06 19:00:00+00:00
[2026-05-31T12:55:32.094+0000] {processor.py:183} INFO - Processing /opt/airflow/dags/dag_crime_pipeline.py took 0.145 seconds
[2026-05-31T12:56:02.318+0000] {processor.py:161} INFO - Started process (PID=6475) to work on /opt/airflow/dags/dag_crime_pipeline.py
[2026-05-31T12:56:02.320+0000] {processor.py:830} INFO - Processing file /opt/airflow/dags/dag_crime_pipeline.py for tasks to queue
[2026-05-31T12:56:02.323+0000] {logging_mixin.py:188} INFO - [2026-05-31T12:56:02.322+0000] {dagbag.py:538} INFO - Filling up the DagBag from /opt/airflow/dags/dag_crime_pipeline.py
[2026-05-31T12:56:02.363+0000] {processor.py:840} INFO - DAG(s) 'crime_analytics_pipeline' retrieved from /opt/airflow/dags/dag_crime_pipeline.py
[2026-05-31T12:56:02.395+0000] {logging_mixin.py:188} INFO - [2026-05-31T12:56:02.395+0000] {dag.py:3036} INFO - Sync 1 DAGs
[2026-05-31T12:56:02.424+0000] {logging_mixin.py:188} INFO - [2026-05-31T12:56:02.424+0000] {dag.py:3823} INFO - Setting next_dagrun for crime_analytics_pipeline to 2026-05-30 19:00:00+00:00, run_after=2026-06-06 19:00:00+00:00
[2026-05-31T12:56:02.465+0000] {processor.py:183} INFO - Processing /opt/airflow/dags/dag_crime_pipeline.py took 0.151 seconds
[2026-05-31T12:56:32.817+0000] {processor.py:161} INFO - Started process (PID=6480) to work on /opt/airflow/dags/dag_crime_pipeline.py
[2026-05-31T12:56:32.819+0000] {processor.py:830} INFO - Processing file /opt/airflow/dags/dag_crime_pipeline.py for tasks to queue
[2026-05-31T12:56:32.825+0000] {logging_mixin.py:188} INFO - [2026-05-31T12:56:32.824+0000] {dagbag.py:538} INFO - Filling up the DagBag from /opt/airflow/dags/dag_crime_pipeline.py
[2026-05-31T12:56:32.897+0000] {processor.py:840} INFO - DAG(s) 'crime_analytics_pipeline' retrieved from /opt/airflow/dags/dag_crime_pipeline.py
[2026-05-31T12:56:32.952+0000] {logging_mixin.py:188} INFO - [2026-05-31T12:56:32.952+0000] {dag.py:3036} INFO - Sync 1 DAGs
[2026-05-31T12:56:32.986+0000] {logging_mixin.py:188} INFO - [2026-05-31T12:56:32.986+0000] {dag.py:3823} INFO - Setting next_dagrun for crime_analytics_pipeline to 2026-05-30 19:00:00+00:00, run_after=2026-06-06 19:00:00+00:00
[2026-05-31T12:56:33.009+0000] {processor.py:183} INFO - Processing /opt/airflow/dags/dag_crime_pipeline.py took 0.201 seconds
[2026-05-31T12:57:03.183+0000] {processor.py:161} INFO - Started process (PID=6485) to work on /opt/airflow/dags/dag_crime_pipeline.py
[2026-05-31T12:57:03.184+0000] {processor.py:830} INFO - Processing file /opt/airflow/dags/dag_crime_pipeline.py for tasks to queue
[2026-05-31T12:57:03.187+0000] {logging_mixin.py:188} INFO - [2026-05-31T12:57:03.186+0000] {dagbag.py:538} INFO - Filling up the DagBag from /opt/airflow/dags/dag_crime_pipeline.py
[2026-05-31T12:57:03.222+0000] {processor.py:840} INFO - DAG(s) 'crime_analytics_pipeline' retrieved from /opt/airflow/dags/dag_crime_pipeline.py
[2026-05-31T12:57:03.253+0000] {logging_mixin.py:188} INFO - [2026-05-31T12:57:03.252+0000] {dag.py:3036} INFO - Sync 1 DAGs
[2026-05-31T12:57:03.274+0000] {logging_mixin.py:188} INFO - [2026-05-31T12:57:03.274+0000] {dag.py:3823} INFO - Setting next_dagrun for crime_analytics_pipeline to 2026-05-30 19:00:00+00:00, run_after=2026-06-06 19:00:00+00:00
[2026-05-31T12:57:03.315+0000] {processor.py:183} INFO - Processing /opt/airflow/dags/dag_crime_pipeline.py took 0.135 seconds
[2026-05-31T12:57:33.727+0000] {processor.py:161} INFO - Started process (PID=6490) to work on /opt/airflow/dags/dag_crime_pipeline.py
[2026-05-31T12:57:33.728+0000] {processor.py:830} INFO - Processing file /opt/airflow/dags/dag_crime_pipeline.py for tasks to queue
[2026-05-31T12:57:33.731+0000] {logging_mixin.py:188} INFO - [2026-05-31T12:57:33.731+0000] {dagbag.py:538} INFO - Filling up the DagBag from /opt/airflow/dags/dag_crime_pipeline.py
[2026-05-31T12:57:33.777+0000] {processor.py:840} INFO - DAG(s) 'crime_analytics_pipeline' retrieved from /opt/airflow/dags/dag_crime_pipeline.py
[2026-05-31T12:57:33.830+0000] {logging_mixin.py:188} INFO - [2026-05-31T12:57:33.829+0000] {dag.py:3036} INFO - Sync 1 DAGs
[2026-05-31T12:57:33.863+0000] {logging_mixin.py:188} INFO - [2026-05-31T12:57:33.863+0000] {dag.py:3823} INFO - Setting next_dagrun for crime_analytics_pipeline to 2026-05-30 19:00:00+00:00, run_after=2026-06-06 19:00:00+00:00
[2026-05-31T12:57:33.889+0000] {processor.py:183} INFO - Processing /opt/airflow/dags/dag_crime_pipeline.py took 0.167 seconds
[2026-05-31T12:58:04.107+0000] {processor.py:161} INFO - Started process (PID=6495) to work on /opt/airflow/dags/dag_crime_pipeline.py
[2026-05-31T12:58:04.109+0000] {processor.py:830} INFO - Processing file /opt/airflow/dags/dag_crime_pipeline.py for tasks to queue
[2026-05-31T12:58:04.112+0000] {logging_mixin.py:188} INFO - [2026-05-31T12:58:04.112+0000] {dagbag.py:538} INFO - Filling up the DagBag from /opt/airflow/dags/dag_crime_pipeline.py
[2026-05-31T12:58:04.154+0000] {processor.py:840} INFO - DAG(s) 'crime_analytics_pipeline' retrieved from /opt/airflow/dags/dag_crime_pipeline.py
[2026-05-31T12:58:04.183+0000] {logging_mixin.py:188} INFO - [2026-05-31T12:58:04.182+0000] {dag.py:3036} INFO - Sync 1 DAGs
[2026-05-31T12:58:04.201+0000] {logging_mixin.py:188} INFO - [2026-05-31T12:58:04.201+0000] {dag.py:3823} INFO - Setting next_dagrun for crime_analytics_pipeline to 2026-05-30 19:00:00+00:00, run_after=2026-06-06 19:00:00+00:00
[2026-05-31T12:58:04.219+0000] {processor.py:183} INFO - Processing /opt/airflow/dags/dag_crime_pipeline.py took 0.116 seconds
[2026-05-31T12:58:34.622+0000] {processor.py:161} INFO - Started process (PID=6500) to work on /opt/airflow/dags/dag_crime_pipeline.py
[2026-05-31T12:58:34.623+0000] {processor.py:830} INFO - Processing file /opt/airflow/dags/dag_crime_pipeline.py for tasks to queue
[2026-05-31T12:58:34.625+0000] {logging_mixin.py:188} INFO - [2026-05-31T12:58:34.625+0000] {dagbag.py:538} INFO - Filling up the DagBag from /opt/airflow/dags/dag_crime_pipeline.py
[2026-05-31T12:58:34.663+0000] {processor.py:840} INFO - DAG(s) 'crime_analytics_pipeline' retrieved from /opt/airflow/dags/dag_crime_pipeline.py
[2026-05-31T12:58:34.694+0000] {logging_mixin.py:188} INFO - [2026-05-31T12:58:34.693+0000] {dag.py:3036} INFO - Sync 1 DAGs
[2026-05-31T12:58:34.728+0000] {logging_mixin.py:188} INFO - [2026-05-31T12:58:34.728+0000] {dag.py:3823} INFO - Setting next_dagrun for crime_analytics_pipeline to 2026-05-30 19:00:00+00:00, run_after=2026-06-06 19:00:00+00:00
[2026-05-31T12:58:34.747+0000] {processor.py:183} INFO - Processing /opt/airflow/dags/dag_crime_pipeline.py took 0.129 seconds
[2026-05-31T12:59:04.957+0000] {processor.py:161} INFO - Started process (PID=6505) to work on /opt/airflow/dags/dag_crime_pipeline.py
[2026-05-31T12:59:04.959+0000] {processor.py:830} INFO - Processing file /opt/airflow/dags/dag_crime_pipeline.py for tasks to queue
[2026-05-31T12:59:04.961+0000] {logging_mixin.py:188} INFO - [2026-05-31T12:59:04.961+0000] {dagbag.py:538} INFO - Filling up the DagBag from /opt/airflow/dags/dag_crime_pipeline.py
[2026-05-31T12:59:04.998+0000] {processor.py:840} INFO - DAG(s) 'crime_analytics_pipeline' retrieved from /opt/airflow/dags/dag_crime_pipeline.py
[2026-05-31T12:59:05.031+0000] {logging_mixin.py:188} INFO - [2026-05-31T12:59:05.030+0000] {dag.py:3036} INFO - Sync 1 DAGs
[2026-05-31T12:59:05.053+0000] {logging_mixin.py:188} INFO - [2026-05-31T12:59:05.053+0000] {dag.py:3823} INFO - Setting next_dagrun for crime_analytics_pipeline to 2026-05-30 19:00:00+00:00, run_after=2026-06-06 19:00:00+00:00
[2026-05-31T12:59:05.086+0000] {processor.py:183} INFO - Processing /opt/airflow/dags/dag_crime_pipeline.py took 0.132 seconds
[2026-05-31T12:59:35.440+0000] {processor.py:161} INFO - Started process (PID=6510) to work on /opt/airflow/dags/dag_crime_pipeline.py
[2026-05-31T12:59:35.442+0000] {processor.py:830} INFO - Processing file /opt/airflow/dags/dag_crime_pipeline.py for tasks to queue
[2026-05-31T12:59:35.445+0000] {logging_mixin.py:188} INFO - [2026-05-31T12:59:35.444+0000] {dagbag.py:538} INFO - Filling up the DagBag from /opt/airflow/dags/dag_crime_pipeline.py
[2026-05-31T12:59:35.482+0000] {processor.py:840} INFO - DAG(s) 'crime_analytics_pipeline' retrieved from /opt/airflow/dags/dag_crime_pipeline.py
[2026-05-31T12:59:35.517+0000] {logging_mixin.py:188} INFO - [2026-05-31T12:59:35.516+0000] {dag.py:3036} INFO - Sync 1 DAGs
[2026-05-31T12:59:35.540+0000] {logging_mixin.py:188} INFO - [2026-05-31T12:59:35.540+0000] {dag.py:3823} INFO - Setting next_dagrun for crime_analytics_pipeline to 2026-05-30 19:00:00+00:00, run_after=2026-06-06 19:00:00+00:00
[2026-05-31T12:59:35.579+0000] {processor.py:183} INFO - Processing /opt/airflow/dags/dag_crime_pipeline.py took 0.143 seconds
[2026-05-31T13:00:05.767+0000] {processor.py:161} INFO - Started process (PID=6515) to work on /opt/airflow/dags/dag_crime_pipeline.py
[2026-05-31T13:00:05.768+0000] {processor.py:830} INFO - Processing file /opt/airflow/dags/dag_crime_pipeline.py for tasks to queue
[2026-05-31T13:00:05.772+0000] {logging_mixin.py:188} INFO - [2026-05-31T13:00:05.771+0000] {dagbag.py:538} INFO - Filling up the DagBag from /opt/airflow/dags/dag_crime_pipeline.py
[2026-05-31T13:00:05.809+0000] {processor.py:840} INFO - DAG(s) 'crime_analytics_pipeline' retrieved from /opt/airflow/dags/dag_crime_pipeline.py
[2026-05-31T13:00:05.846+0000] {logging_mixin.py:188} INFO - [2026-05-31T13:00:05.846+0000] {dag.py:3036} INFO - Sync 1 DAGs
[2026-05-31T13:00:05.872+0000] {logging_mixin.py:188} INFO - [2026-05-31T13:00:05.872+0000] {dag.py:3823} INFO - Setting next_dagrun for crime_analytics_pipeline to 2026-05-30 19:00:00+00:00, run_after=2026-06-06 19:00:00+00:00
[2026-05-31T13:00:05.921+0000] {processor.py:183} INFO - Processing /opt/airflow/dags/dag_crime_pipeline.py took 0.157 seconds
[2026-05-31T13:00:36.278+0000] {processor.py:161} INFO - Started process (PID=6520) to work on /opt/airflow/dags/dag_crime_pipeline.py
[2026-05-31T13:00:36.279+0000] {processor.py:830} INFO - Processing file /opt/airflow/dags/dag_crime_pipeline.py for tasks to queue
[2026-05-31T13:00:36.284+0000] {logging_mixin.py:188} INFO - [2026-05-31T13:00:36.282+0000] {dagbag.py:538} INFO - Filling up the DagBag from /opt/airflow/dags/dag_crime_pipeline.py
[2026-05-31T13:00:36.324+0000] {processor.py:840} INFO - DAG(s) 'crime_analytics_pipeline' retrieved from /opt/airflow/dags/dag_crime_pipeline.py
[2026-05-31T13:00:36.356+0000] {logging_mixin.py:188} INFO - [2026-05-31T13:00:36.355+0000] {dag.py:3036} INFO - Sync 1 DAGs
[2026-05-31T13:00:36.383+0000] {logging_mixin.py:188} INFO - [2026-05-31T13:00:36.383+0000] {dag.py:3823} INFO - Setting next_dagrun for crime_analytics_pipeline to 2026-05-30 19:00:00+00:00, run_after=2026-06-06 19:00:00+00:00
[2026-05-31T13:00:36.405+0000] {processor.py:183} INFO - Processing /opt/airflow/dags/dag_crime_pipeline.py took 0.131 seconds
[2026-05-31T13:01:06.600+0000] {processor.py:161} INFO - Started process (PID=6525) to work on /opt/airflow/dags/dag_crime_pipeline.py
[2026-05-31T13:01:06.602+0000] {processor.py:830} INFO - Processing file /opt/airflow/dags/dag_crime_pipeline.py for tasks to queue
[2026-05-31T13:01:06.605+0000] {logging_mixin.py:188} INFO - [2026-05-31T13:01:06.604+0000] {dagbag.py:538} INFO - Filling up the DagBag from /opt/airflow/dags/dag_crime_pipeline.py
[2026-05-31T13:01:06.642+0000] {processor.py:840} INFO - DAG(s) 'crime_analytics_pipeline' retrieved from /opt/airflow/dags/dag_crime_pipeline.py
[2026-05-31T13:01:06.684+0000] {logging_mixin.py:188} INFO - [2026-05-31T13:01:06.683+0000] {dag.py:3036} INFO - Sync 1 DAGs
[2026-05-31T13:01:06.705+0000] {logging_mixin.py:188} INFO - [2026-05-31T13:01:06.705+0000] {dag.py:3823} INFO - Setting next_dagrun for crime_analytics_pipeline to 2026-05-30 19:00:00+00:00, run_after=2026-06-06 19:00:00+00:00
[2026-05-31T13:01:06.744+0000] {processor.py:183} INFO - Processing /opt/airflow/dags/dag_crime_pipeline.py took 0.147 seconds
[2026-05-31T13:01:37.053+0000] {processor.py:161} INFO - Started process (PID=6530) to work on /opt/airflow/dags/dag_crime_pipeline.py
[2026-05-31T13:01:37.055+0000] {processor.py:830} INFO - Processing file /opt/airflow/dags/dag_crime_pipeline.py for tasks to queue
[2026-05-31T13:01:37.058+0000] {logging_mixin.py:188} INFO - [2026-05-31T13:01:37.057+0000] {dagbag.py:538} INFO - Filling up the DagBag from /opt/airflow/dags/dag_crime_pipeline.py
[2026-05-31T13:01:37.096+0000] {processor.py:840} INFO - DAG(s) 'crime_analytics_pipeline' retrieved from /opt/airflow/dags/dag_crime_pipeline.py
[2026-05-31T13:01:37.132+0000] {logging_mixin.py:188} INFO - [2026-05-31T13:01:37.131+0000] {dag.py:3036} INFO - Sync 1 DAGs
[2026-05-31T13:01:37.156+0000] {logging_mixin.py:188} INFO - [2026-05-31T13:01:37.156+0000] {dag.py:3823} INFO - Setting next_dagrun for crime_analytics_pipeline to 2026-05-30 19:00:00+00:00, run_after=2026-06-06 19:00:00+00:00
[2026-05-31T13:01:37.193+0000] {processor.py:183} INFO - Processing /opt/airflow/dags/dag_crime_pipeline.py took 0.143 seconds
[2026-05-31T13:02:07.407+0000] {processor.py:161} INFO - Started process (PID=6535) to work on /opt/airflow/dags/dag_crime_pipeline.py
[2026-05-31T13:02:07.409+0000] {processor.py:830} INFO - Processing file /opt/airflow/dags/dag_crime_pipeline.py for tasks to queue
[2026-05-31T13:02:07.412+0000] {logging_mixin.py:188} INFO - [2026-05-31T13:02:07.412+0000] {dagbag.py:538} INFO - Filling up the DagBag from /opt/airflow/dags/dag_crime_pipeline.py
[2026-05-31T13:02:07.451+0000] {processor.py:840} INFO - DAG(s) 'crime_analytics_pipeline' retrieved from /opt/airflow/dags/dag_crime_pipeline.py
[2026-05-31T13:02:07.482+0000] {logging_mixin.py:188} INFO - [2026-05-31T13:02:07.482+0000] {dag.py:3036} INFO - Sync 1 DAGs
[2026-05-31T13:02:07.503+0000] {logging_mixin.py:188} INFO - [2026-05-31T13:02:07.503+0000] {dag.py:3823} INFO - Setting next_dagrun for crime_analytics_pipeline to 2026-05-30 19:00:00+00:00, run_after=2026-06-06 19:00:00+00:00
[2026-05-31T13:02:07.525+0000] {processor.py:183} INFO - Processing /opt/airflow/dags/dag_crime_pipeline.py took 0.122 seconds
[2026-05-31T13:02:37.878+0000] {processor.py:161} INFO - Started process (PID=6540) to work on /opt/airflow/dags/dag_crime_pipeline.py
[2026-05-31T13:02:37.880+0000] {processor.py:830} INFO - Processing file /opt/airflow/dags/dag_crime_pipeline.py for tasks to queue
[2026-05-31T13:02:37.882+0000] {logging_mixin.py:188} INFO - [2026-05-31T13:02:37.882+0000] {dagbag.py:538} INFO - Filling up the DagBag from /opt/airflow/dags/dag_crime_pipeline.py
[2026-05-31T13:02:37.921+0000] {processor.py:840} INFO - DAG(s) 'crime_analytics_pipeline' retrieved from /opt/airflow/dags/dag_crime_pipeline.py
[2026-05-31T13:02:37.971+0000] {logging_mixin.py:188} INFO - [2026-05-31T13:02:37.971+0000] {dag.py:3036} INFO - Sync 1 DAGs
[2026-05-31T13:02:37.994+0000] {logging_mixin.py:188} INFO - [2026-05-31T13:02:37.994+0000] {dag.py:3823} INFO - Setting next_dagrun for crime_analytics_pipeline to 2026-05-30 19:00:00+00:00, run_after=2026-06-06 19:00:00+00:00
[2026-05-31T13:02:38.013+0000] {processor.py:183} INFO - Processing /opt/airflow/dags/dag_crime_pipeline.py took 0.138 seconds
[2026-05-31T13:03:08.231+0000] {processor.py:161} INFO - Started process (PID=6545) to work on /opt/airflow/dags/dag_crime_pipeline.py
[2026-05-31T13:03:08.232+0000] {processor.py:830} INFO - Processing file /opt/airflow/dags/dag_crime_pipeline.py for tasks to queue
[2026-05-31T13:03:08.234+0000] {logging_mixin.py:188} INFO - [2026-05-31T13:03:08.234+0000] {dagbag.py:538} INFO - Filling up the DagBag from /opt/airflow/dags/dag_crime_pipeline.py
[2026-05-31T13:03:08.274+0000] {processor.py:840} INFO - DAG(s) 'crime_analytics_pipeline' retrieved from /opt/airflow/dags/dag_crime_pipeline.py
[2026-05-31T13:03:08.309+0000] {logging_mixin.py:188} INFO - [2026-05-31T13:03:08.308+0000] {dag.py:3036} INFO - Sync 1 DAGs
[2026-05-31T13:03:08.331+0000] {logging_mixin.py:188} INFO - [2026-05-31T13:03:08.331+0000] {dag.py:3823} INFO - Setting next_dagrun for crime_analytics_pipeline to 2026-05-30 19:00:00+00:00, run_after=2026-06-06 19:00:00+00:00
[2026-05-31T13:03:08.350+0000] {processor.py:183} INFO - Processing /opt/airflow/dags/dag_crime_pipeline.py took 0.123 seconds
[2026-05-31T13:03:38.699+0000] {processor.py:161} INFO - Started process (PID=6550) to work on /opt/airflow/dags/dag_crime_pipeline.py
[2026-05-31T13:03:38.700+0000] {processor.py:830} INFO - Processing file /opt/airflow/dags/dag_crime_pipeline.py for tasks to queue
[2026-05-31T13:03:38.702+0000] {logging_mixin.py:188} INFO - [2026-05-31T13:03:38.702+0000] {dagbag.py:538} INFO - Filling up the DagBag from /opt/airflow/dags/dag_crime_pipeline.py
[2026-05-31T13:03:38.743+0000] {processor.py:840} INFO - DAG(s) 'crime_analytics_pipeline' retrieved from /opt/airflow/dags/dag_crime_pipeline.py
[2026-05-31T13:03:38.777+0000] {logging_mixin.py:188} INFO - [2026-05-31T13:03:38.777+0000] {dag.py:3036} INFO - Sync 1 DAGs
[2026-05-31T13:03:38.798+0000] {logging_mixin.py:188} INFO - [2026-05-31T13:03:38.798+0000] {dag.py:3823} INFO - Setting next_dagrun for crime_analytics_pipeline to 2026-05-30 19:00:00+00:00, run_after=2026-06-06 19:00:00+00:00
[2026-05-31T13:03:38.819+0000] {processor.py:183} INFO - Processing /opt/airflow/dags/dag_crime_pipeline.py took 0.124 seconds
[2026-05-31T13:04:09.049+0000] {processor.py:161} INFO - Started process (PID=6555) to work on /opt/airflow/dags/dag_crime_pipeline.py
[2026-05-31T13:04:09.050+0000] {processor.py:830} INFO - Processing file /opt/airflow/dags/dag_crime_pipeline.py for tasks to queue
[2026-05-31T13:04:09.053+0000] {logging_mixin.py:188} INFO - [2026-05-31T13:04:09.052+0000] {dagbag.py:538} INFO - Filling up the DagBag from /opt/airflow/dags/dag_crime_pipeline.py
[2026-05-31T13:04:09.093+0000] {processor.py:840} INFO - DAG(s) 'crime_analytics_pipeline' retrieved from /opt/airflow/dags/dag_crime_pipeline.py
[2026-05-31T13:04:09.123+0000] {logging_mixin.py:188} INFO - [2026-05-31T13:04:09.122+0000] {dag.py:3036} INFO - Sync 1 DAGs
[2026-05-31T13:04:09.149+0000] {logging_mixin.py:188} INFO - [2026-05-31T13:04:09.149+0000] {dag.py:3823} INFO - Setting next_dagrun for crime_analytics_pipeline to 2026-05-30 19:00:00+00:00, run_after=2026-06-06 19:00:00+00:00
[2026-05-31T13:04:09.189+0000] {processor.py:183} INFO - Processing /opt/airflow/dags/dag_crime_pipeline.py took 0.144 seconds
[2026-05-31T13:04:39.487+0000] {processor.py:161} INFO - Started process (PID=6560) to work on /opt/airflow/dags/dag_crime_pipeline.py
[2026-05-31T13:04:39.490+0000] {processor.py:830} INFO - Processing file /opt/airflow/dags/dag_crime_pipeline.py for tasks to queue
[2026-05-31T13:04:39.494+0000] {logging_mixin.py:188} INFO - [2026-05-31T13:04:39.493+0000] {dagbag.py:538} INFO - Filling up the DagBag from /opt/airflow/dags/dag_crime_pipeline.py
[2026-05-31T13:04:39.535+0000] {processor.py:840} INFO - DAG(s) 'crime_analytics_pipeline' retrieved from /opt/airflow/dags/dag_crime_pipeline.py
[2026-05-31T13:04:39.565+0000] {logging_mixin.py:188} INFO - [2026-05-31T13:04:39.564+0000] {dag.py:3036} INFO - Sync 1 DAGs
[2026-05-31T13:04:39.589+0000] {logging_mixin.py:188} INFO - [2026-05-31T13:04:39.588+0000] {dag.py:3823} INFO - Setting next_dagrun for crime_analytics_pipeline to 2026-05-30 19:00:00+00:00, run_after=2026-06-06 19:00:00+00:00
[2026-05-31T13:04:39.632+0000] {processor.py:183} INFO - Processing /opt/airflow/dags/dag_crime_pipeline.py took 0.151 seconds
[2026-05-31T13:05:09.928+0000] {processor.py:161} INFO - Started process (PID=6565) to work on /opt/airflow/dags/dag_crime_pipeline.py
[2026-05-31T13:05:09.930+0000] {processor.py:830} INFO - Processing file /opt/airflow/dags/dag_crime_pipeline.py for tasks to queue
[2026-05-31T13:05:09.933+0000] {logging_mixin.py:188} INFO - [2026-05-31T13:05:09.932+0000] {dagbag.py:538} INFO - Filling up the DagBag from /opt/airflow/dags/dag_crime_pipeline.py
[2026-05-31T13:05:09.971+0000] {processor.py:840} INFO - DAG(s) 'crime_analytics_pipeline' retrieved from /opt/airflow/dags/dag_crime_pipeline.py
[2026-05-31T13:05:10.006+0000] {logging_mixin.py:188} INFO - [2026-05-31T13:05:10.005+0000] {dag.py:3036} INFO - Sync 1 DAGs
[2026-05-31T13:05:10.025+0000] {logging_mixin.py:188} INFO - [2026-05-31T13:05:10.025+0000] {dag.py:3823} INFO - Setting next_dagrun for crime_analytics_pipeline to 2026-05-30 19:00:00+00:00, run_after=2026-06-06 19:00:00+00:00
[2026-05-31T13:05:10.043+0000] {processor.py:183} INFO - Processing /opt/airflow/dags/dag_crime_pipeline.py took 0.120 seconds
[2026-05-31T13:23:44.645+0000] {processor.py:161} INFO - Started process (PID=6570) to work on /opt/airflow/dags/dag_crime_pipeline.py
[2026-05-31T13:37:31.839+0000] {processor.py:830} INFO - Processing file /opt/airflow/dags/dag_crime_pipeline.py for tasks to queue
[2026-05-31T13:37:31.859+0000] {logging_mixin.py:188} INFO - [2026-05-31T13:37:31.858+0000] {dagbag.py:538} INFO - Filling up the DagBag from /opt/airflow/dags/dag_crime_pipeline.py
[2026-05-31T13:37:32.134+0000] {processor.py:840} INFO - DAG(s) 'crime_analytics_pipeline' retrieved from /opt/airflow/dags/dag_crime_pipeline.py
[2026-05-31T13:37:32.240+0000] {logging_mixin.py:188} INFO - [2026-05-31T13:37:32.239+0000] {dag.py:3036} INFO - Sync 1 DAGs
[2026-05-31T13:37:32.306+0000] {logging_mixin.py:188} INFO - [2026-05-31T13:37:32.305+0000] {dag.py:3823} INFO - Setting next_dagrun for crime_analytics_pipeline to 2026-05-30 19:00:00+00:00, run_after=2026-06-06 19:00:00+00:00
[2026-05-31T13:37:32.363+0000] {processor.py:183} INFO - Processing /opt/airflow/dags/dag_crime_pipeline.py took 0.553 seconds
[2026-05-31T13:38:02.601+0000] {processor.py:161} INFO - Started process (PID=6577) to work on /opt/airflow/dags/dag_crime_pipeline.py
[2026-05-31T13:38:02.603+0000] {processor.py:830} INFO - Processing file /opt/airflow/dags/dag_crime_pipeline.py for tasks to queue
[2026-05-31T13:38:02.607+0000] {logging_mixin.py:188} INFO - [2026-05-31T13:38:02.606+0000] {dagbag.py:538} INFO - Filling up the DagBag from /opt/airflow/dags/dag_crime_pipeline.py
[2026-05-31T13:38:02.649+0000] {processor.py:840} INFO - DAG(s) 'crime_analytics_pipeline' retrieved from /opt/airflow/dags/dag_crime_pipeline.py
[2026-05-31T13:38:02.697+0000] {logging_mixin.py:188} INFO - [2026-05-31T13:38:02.696+0000] {dag.py:3036} INFO - Sync 1 DAGs
[2026-05-31T13:38:02.736+0000] {logging_mixin.py:188} INFO - [2026-05-31T13:38:02.736+0000] {dag.py:3823} INFO - Setting next_dagrun for crime_analytics_pipeline to 2026-05-30 19:00:00+00:00, run_after=2026-06-06 19:00:00+00:00
[2026-05-31T13:38:02.760+0000] {processor.py:183} INFO - Processing /opt/airflow/dags/dag_crime_pipeline.py took 0.166 seconds
[2026-05-31T13:38:32.917+0000] {processor.py:161} INFO - Started process (PID=6582) to work on /opt/airflow/dags/dag_crime_pipeline.py
[2026-05-31T13:38:32.919+0000] {processor.py:830} INFO - Processing file /opt/airflow/dags/dag_crime_pipeline.py for tasks to queue
[2026-05-31T13:38:32.928+0000] {logging_mixin.py:188} INFO - [2026-05-31T13:38:32.925+0000] {dagbag.py:538} INFO - Filling up the DagBag from /opt/airflow/dags/dag_crime_pipeline.py
[2026-05-31T13:38:32.981+0000] {processor.py:840} INFO - DAG(s) 'crime_analytics_pipeline' retrieved from /opt/airflow/dags/dag_crime_pipeline.py
[2026-05-31T13:38:33.027+0000] {logging_mixin.py:188} INFO - [2026-05-31T13:38:33.026+0000] {dag.py:3036} INFO - Sync 1 DAGs
[2026-05-31T13:38:33.048+0000] {logging_mixin.py:188} INFO - [2026-05-31T13:38:33.048+0000] {dag.py:3823} INFO - Setting next_dagrun for crime_analytics_pipeline to 2026-05-30 19:00:00+00:00, run_after=2026-06-06 19:00:00+00:00
[2026-05-31T13:38:33.068+0000] {processor.py:183} INFO - Processing /opt/airflow/dags/dag_crime_pipeline.py took 0.161 seconds
[2026-05-31T13:39:03.381+0000] {processor.py:161} INFO - Started process (PID=6587) to work on /opt/airflow/dags/dag_crime_pipeline.py
[2026-05-31T13:39:03.382+0000] {processor.py:830} INFO - Processing file /opt/airflow/dags/dag_crime_pipeline.py for tasks to queue
[2026-05-31T13:39:03.385+0000] {logging_mixin.py:188} INFO - [2026-05-31T13:39:03.385+0000] {dagbag.py:538} INFO - Filling up the DagBag from /opt/airflow/dags/dag_crime_pipeline.py
[2026-05-31T13:39:03.440+0000] {processor.py:840} INFO - DAG(s) 'crime_analytics_pipeline' retrieved from /opt/airflow/dags/dag_crime_pipeline.py
[2026-05-31T13:39:03.471+0000] {logging_mixin.py:188} INFO - [2026-05-31T13:39:03.471+0000] {dag.py:3036} INFO - Sync 1 DAGs
[2026-05-31T13:39:03.491+0000] {logging_mixin.py:188} INFO - [2026-05-31T13:39:03.491+0000] {dag.py:3823} INFO - Setting next_dagrun for crime_analytics_pipeline to 2026-05-30 19:00:00+00:00, run_after=2026-06-06 19:00:00+00:00
[2026-05-31T13:39:03.510+0000] {processor.py:183} INFO - Processing /opt/airflow/dags/dag_crime_pipeline.py took 0.133 seconds
[2026-05-31T13:39:33.682+0000] {processor.py:161} INFO - Started process (PID=6592) to work on /opt/airflow/dags/dag_crime_pipeline.py
[2026-05-31T13:39:33.684+0000] {processor.py:830} INFO - Processing file /opt/airflow/dags/dag_crime_pipeline.py for tasks to queue
[2026-05-31T13:39:33.687+0000] {logging_mixin.py:188} INFO - [2026-05-31T13:39:33.687+0000] {dagbag.py:538} INFO - Filling up the DagBag from /opt/airflow/dags/dag_crime_pipeline.py
[2026-05-31T13:39:33.731+0000] {processor.py:840} INFO - DAG(s) 'crime_analytics_pipeline' retrieved from /opt/airflow/dags/dag_crime_pipeline.py
[2026-05-31T13:39:33.764+0000] {logging_mixin.py:188} INFO - [2026-05-31T13:39:33.764+0000] {dag.py:3036} INFO - Sync 1 DAGs
[2026-05-31T13:39:33.783+0000] {logging_mixin.py:188} INFO - [2026-05-31T13:39:33.783+0000] {dag.py:3823} INFO - Setting next_dagrun for crime_analytics_pipeline to 2026-05-30 19:00:00+00:00, run_after=2026-06-06 19:00:00+00:00
[2026-05-31T13:39:33.801+0000] {processor.py:183} INFO - Processing /opt/airflow/dags/dag_crime_pipeline.py took 0.123 seconds
[2026-05-31T13:40:04.176+0000] {processor.py:161} INFO - Started process (PID=6597) to work on /opt/airflow/dags/dag_crime_pipeline.py
[2026-05-31T13:40:04.177+0000] {processor.py:830} INFO - Processing file /opt/airflow/dags/dag_crime_pipeline.py for tasks to queue
[2026-05-31T13:40:04.180+0000] {logging_mixin.py:188} INFO - [2026-05-31T13:40:04.180+0000] {dagbag.py:538} INFO - Filling up the DagBag from /opt/airflow/dags/dag_crime_pipeline.py
[2026-05-31T13:40:04.221+0000] {processor.py:840} INFO - DAG(s) 'crime_analytics_pipeline' retrieved from /opt/airflow/dags/dag_crime_pipeline.py
[2026-05-31T13:40:04.256+0000] {logging_mixin.py:188} INFO - [2026-05-31T13:40:04.256+0000] {dag.py:3036} INFO - Sync 1 DAGs
[2026-05-31T13:40:04.279+0000] {logging_mixin.py:188} INFO - [2026-05-31T13:40:04.279+0000] {dag.py:3823} INFO - Setting next_dagrun for crime_analytics_pipeline to 2026-05-30 19:00:00+00:00, run_after=2026-06-06 19:00:00+00:00
[2026-05-31T13:40:04.301+0000] {processor.py:183} INFO - Processing /opt/airflow/dags/dag_crime_pipeline.py took 0.128 seconds
[2026-05-31T13:40:34.940+0000] {processor.py:161} INFO - Started process (PID=6602) to work on /opt/airflow/dags/dag_crime_pipeline.py
[2026-05-31T13:40:34.941+0000] {processor.py:830} INFO - Processing file /opt/airflow/dags/dag_crime_pipeline.py for tasks to queue
[2026-05-31T13:40:34.945+0000] {logging_mixin.py:188} INFO - [2026-05-31T13:40:34.944+0000] {dagbag.py:538} INFO - Filling up the DagBag from /opt/airflow/dags/dag_crime_pipeline.py
[2026-05-31T13:40:34.987+0000] {processor.py:840} INFO - DAG(s) 'crime_analytics_pipeline' retrieved from /opt/airflow/dags/dag_crime_pipeline.py
[2026-05-31T13:40:35.023+0000] {logging_mixin.py:188} INFO - [2026-05-31T13:40:35.022+0000] {dag.py:3036} INFO - Sync 1 DAGs
[2026-05-31T13:40:35.045+0000] {logging_mixin.py:188} INFO - [2026-05-31T13:40:35.045+0000] {dag.py:3823} INFO - Setting next_dagrun for crime_analytics_pipeline to 2026-05-30 19:00:00+00:00, run_after=2026-06-06 19:00:00+00:00
[2026-05-31T13:40:35.066+0000] {processor.py:183} INFO - Processing /opt/airflow/dags/dag_crime_pipeline.py took 0.130 seconds
[2026-05-31T13:41:05.921+0000] {processor.py:161} INFO - Started process (PID=6607) to work on /opt/airflow/dags/dag_crime_pipeline.py
[2026-05-31T13:41:05.923+0000] {processor.py:830} INFO - Processing file /opt/airflow/dags/dag_crime_pipeline.py for tasks to queue
[2026-05-31T13:41:05.925+0000] {logging_mixin.py:188} INFO - [2026-05-31T13:41:05.925+0000] {dagbag.py:538} INFO - Filling up the DagBag from /opt/airflow/dags/dag_crime_pipeline.py
[2026-05-31T13:41:05.976+0000] {processor.py:840} INFO - DAG(s) 'crime_analytics_pipeline' retrieved from /opt/airflow/dags/dag_crime_pipeline.py
[2026-05-31T13:41:06.010+0000] {logging_mixin.py:188} INFO - [2026-05-31T13:41:06.010+0000] {dag.py:3036} INFO - Sync 1 DAGs
[2026-05-31T13:41:06.033+0000] {logging_mixin.py:188} INFO - [2026-05-31T13:41:06.033+0000] {dag.py:3823} INFO - Setting next_dagrun for crime_analytics_pipeline to 2026-05-30 19:00:00+00:00, run_after=2026-06-06 19:00:00+00:00
[2026-05-31T13:41:06.052+0000] {processor.py:183} INFO - Processing /opt/airflow/dags/dag_crime_pipeline.py took 0.135 seconds
[2026-05-31T13:41:36.428+0000] {processor.py:161} INFO - Started process (PID=6612) to work on /opt/airflow/dags/dag_crime_pipeline.py
[2026-05-31T13:41:36.430+0000] {processor.py:830} INFO - Processing file /opt/airflow/dags/dag_crime_pipeline.py for tasks to queue
[2026-05-31T13:41:36.432+0000] {logging_mixin.py:188} INFO - [2026-05-31T13:41:36.432+0000] {dagbag.py:538} INFO - Filling up the DagBag from /opt/airflow/dags/dag_crime_pipeline.py
[2026-05-31T13:41:36.473+0000] {processor.py:840} INFO - DAG(s) 'crime_analytics_pipeline' retrieved from /opt/airflow/dags/dag_crime_pipeline.py
[2026-05-31T13:41:36.513+0000] {logging_mixin.py:188} INFO - [2026-05-31T13:41:36.513+0000] {dag.py:3036} INFO - Sync 1 DAGs
[2026-05-31T13:41:36.536+0000] {logging_mixin.py:188} INFO - [2026-05-31T13:41:36.536+0000] {dag.py:3823} INFO - Setting next_dagrun for crime_analytics_pipeline to 2026-05-30 19:00:00+00:00, run_after=2026-06-06 19:00:00+00:00
[2026-05-31T13:41:36.557+0000] {processor.py:183} INFO - Processing /opt/airflow/dags/dag_crime_pipeline.py took 0.133 seconds
[2026-05-31T13:42:06.943+0000] {processor.py:161} INFO - Started process (PID=6617) to work on /opt/airflow/dags/dag_crime_pipeline.py
[2026-05-31T13:42:06.945+0000] {processor.py:830} INFO - Processing file /opt/airflow/dags/dag_crime_pipeline.py for tasks to queue
[2026-05-31T13:42:06.948+0000] {logging_mixin.py:188} INFO - [2026-05-31T13:42:06.947+0000] {dagbag.py:538} INFO - Filling up the DagBag from /opt/airflow/dags/dag_crime_pipeline.py
[2026-05-31T13:42:06.992+0000] {processor.py:840} INFO - DAG(s) 'crime_analytics_pipeline' retrieved from /opt/airflow/dags/dag_crime_pipeline.py
[2026-05-31T13:42:07.031+0000] {logging_mixin.py:188} INFO - [2026-05-31T13:42:07.030+0000] {dag.py:3036} INFO - Sync 1 DAGs
[2026-05-31T13:42:07.053+0000] {logging_mixin.py:188} INFO - [2026-05-31T13:42:07.053+0000] {dag.py:3823} INFO - Setting next_dagrun for crime_analytics_pipeline to 2026-05-30 19:00:00+00:00, run_after=2026-06-06 19:00:00+00:00
[2026-05-31T13:42:07.072+0000] {processor.py:183} INFO - Processing /opt/airflow/dags/dag_crime_pipeline.py took 0.134 seconds
[2026-05-31T13:42:37.791+0000] {processor.py:161} INFO - Started process (PID=6622) to work on /opt/airflow/dags/dag_crime_pipeline.py
[2026-05-31T13:42:37.792+0000] {processor.py:830} INFO - Processing file /opt/airflow/dags/dag_crime_pipeline.py for tasks to queue
[2026-05-31T13:42:37.795+0000] {logging_mixin.py:188} INFO - [2026-05-31T13:42:37.795+0000] {dagbag.py:538} INFO - Filling up the DagBag from /opt/airflow/dags/dag_crime_pipeline.py
[2026-05-31T13:42:37.833+0000] {processor.py:840} INFO - DAG(s) 'crime_analytics_pipeline' retrieved from /opt/airflow/dags/dag_crime_pipeline.py
[2026-05-31T13:42:37.871+0000] {logging_mixin.py:188} INFO - [2026-05-31T13:42:37.870+0000] {dag.py:3036} INFO - Sync 1 DAGs
[2026-05-31T13:42:37.901+0000] {logging_mixin.py:188} INFO - [2026-05-31T13:42:37.901+0000] {dag.py:3823} INFO - Setting next_dagrun for crime_analytics_pipeline to 2026-05-30 19:00:00+00:00, run_after=2026-06-06 19:00:00+00:00
[2026-05-31T13:42:37.928+0000] {processor.py:183} INFO - Processing /opt/airflow/dags/dag_crime_pipeline.py took 0.141 seconds
[2026-05-31T13:43:08.389+0000] {processor.py:161} INFO - Started process (PID=6627) to work on /opt/airflow/dags/dag_crime_pipeline.py
[2026-05-31T13:43:08.390+0000] {processor.py:830} INFO - Processing file /opt/airflow/dags/dag_crime_pipeline.py for tasks to queue
[2026-05-31T13:43:08.393+0000] {logging_mixin.py:188} INFO - [2026-05-31T13:43:08.392+0000] {dagbag.py:538} INFO - Filling up the DagBag from /opt/airflow/dags/dag_crime_pipeline.py
[2026-05-31T13:43:08.428+0000] {processor.py:840} INFO - DAG(s) 'crime_analytics_pipeline' retrieved from /opt/airflow/dags/dag_crime_pipeline.py
[2026-05-31T13:43:08.470+0000] {logging_mixin.py:188} INFO - [2026-05-31T13:43:08.469+0000] {dag.py:3036} INFO - Sync 1 DAGs
[2026-05-31T13:43:08.490+0000] {logging_mixin.py:188} INFO - [2026-05-31T13:43:08.490+0000] {dag.py:3823} INFO - Setting next_dagrun for crime_analytics_pipeline to 2026-05-30 19:00:00+00:00, run_after=2026-06-06 19:00:00+00:00
[2026-05-31T13:43:08.508+0000] {processor.py:183} INFO - Processing /opt/airflow/dags/dag_crime_pipeline.py took 0.123 seconds
[2026-05-31T13:43:39.167+0000] {processor.py:161} INFO - Started process (PID=6632) to work on /opt/airflow/dags/dag_crime_pipeline.py
[2026-05-31T13:43:39.169+0000] {processor.py:830} INFO - Processing file /opt/airflow/dags/dag_crime_pipeline.py for tasks to queue
[2026-05-31T13:43:39.172+0000] {logging_mixin.py:188} INFO - [2026-05-31T13:43:39.172+0000] {dagbag.py:538} INFO - Filling up the DagBag from /opt/airflow/dags/dag_crime_pipeline.py
[2026-05-31T13:43:39.211+0000] {processor.py:840} INFO - DAG(s) 'crime_analytics_pipeline' retrieved from /opt/airflow/dags/dag_crime_pipeline.py
[2026-05-31T13:43:39.243+0000] {logging_mixin.py:188} INFO - [2026-05-31T13:43:39.243+0000] {dag.py:3036} INFO - Sync 1 DAGs
[2026-05-31T13:43:39.262+0000] {logging_mixin.py:188} INFO - [2026-05-31T13:43:39.262+0000] {dag.py:3823} INFO - Setting next_dagrun for crime_analytics_pipeline to 2026-05-30 19:00:00+00:00, run_after=2026-06-06 19:00:00+00:00
[2026-05-31T13:43:39.281+0000] {processor.py:183} INFO - Processing /opt/airflow/dags/dag_crime_pipeline.py took 0.119 seconds
[2026-05-31T13:44:09.708+0000] {processor.py:161} INFO - Started process (PID=6637) to work on /opt/airflow/dags/dag_crime_pipeline.py
[2026-05-31T13:44:09.710+0000] {processor.py:830} INFO - Processing file /opt/airflow/dags/dag_crime_pipeline.py for tasks to queue
[2026-05-31T13:44:09.713+0000] {logging_mixin.py:188} INFO - [2026-05-31T13:44:09.712+0000] {dagbag.py:538} INFO - Filling up the DagBag from /opt/airflow/dags/dag_crime_pipeline.py
[2026-05-31T13:44:09.754+0000] {processor.py:840} INFO - DAG(s) 'crime_analytics_pipeline' retrieved from /opt/airflow/dags/dag_crime_pipeline.py
[2026-05-31T13:44:09.815+0000] {logging_mixin.py:188} INFO - [2026-05-31T13:44:09.814+0000] {dag.py:3036} INFO - Sync 1 DAGs
[2026-05-31T13:44:09.842+0000] {logging_mixin.py:188} INFO - [2026-05-31T13:44:09.842+0000] {dag.py:3823} INFO - Setting next_dagrun for crime_analytics_pipeline to 2026-05-30 19:00:00+00:00, run_after=2026-06-06 19:00:00+00:00
[2026-05-31T13:44:09.868+0000] {processor.py:183} INFO - Processing /opt/airflow/dags/dag_crime_pipeline.py took 0.164 seconds
[2026-05-31T13:44:40.129+0000] {processor.py:161} INFO - Started process (PID=6642) to work on /opt/airflow/dags/dag_crime_pipeline.py
[2026-05-31T13:44:40.130+0000] {processor.py:830} INFO - Processing file /opt/airflow/dags/dag_crime_pipeline.py for tasks to queue
[2026-05-31T13:44:40.133+0000] {logging_mixin.py:188} INFO - [2026-05-31T13:44:40.133+0000] {dagbag.py:538} INFO - Filling up the DagBag from /opt/airflow/dags/dag_crime_pipeline.py
[2026-05-31T13:44:40.171+0000] {processor.py:840} INFO - DAG(s) 'crime_analytics_pipeline' retrieved from /opt/airflow/dags/dag_crime_pipeline.py
[2026-05-31T13:44:40.209+0000] {logging_mixin.py:188} INFO - [2026-05-31T13:44:40.208+0000] {dag.py:3036} INFO - Sync 1 DAGs
[2026-05-31T13:44:40.233+0000] {logging_mixin.py:188} INFO - [2026-05-31T13:44:40.233+0000] {dag.py:3823} INFO - Setting next_dagrun for crime_analytics_pipeline to 2026-05-30 19:00:00+00:00, run_after=2026-06-06 19:00:00+00:00
[2026-05-31T13:44:40.253+0000] {processor.py:183} INFO - Processing /opt/airflow/dags/dag_crime_pipeline.py took 0.128 seconds
[2026-05-31T13:45:11.050+0000] {processor.py:161} INFO - Started process (PID=6647) to work on /opt/airflow/dags/dag_crime_pipeline.py
[2026-05-31T13:45:11.051+0000] {processor.py:830} INFO - Processing file /opt/airflow/dags/dag_crime_pipeline.py for tasks to queue
[2026-05-31T13:45:11.054+0000] {logging_mixin.py:188} INFO - [2026-05-31T13:45:11.054+0000] {dagbag.py:538} INFO - Filling up the DagBag from /opt/airflow/dags/dag_crime_pipeline.py
[2026-05-31T13:45:11.093+0000] {processor.py:840} INFO - DAG(s) 'crime_analytics_pipeline' retrieved from /opt/airflow/dags/dag_crime_pipeline.py
[2026-05-31T13:45:11.127+0000] {logging_mixin.py:188} INFO - [2026-05-31T13:45:11.127+0000] {dag.py:3036} INFO - Sync 1 DAGs
[2026-05-31T13:45:11.148+0000] {logging_mixin.py:188} INFO - [2026-05-31T13:45:11.148+0000] {dag.py:3823} INFO - Setting next_dagrun for crime_analytics_pipeline to 2026-05-30 19:00:00+00:00, run_after=2026-06-06 19:00:00+00:00
[2026-05-31T13:45:11.191+0000] {processor.py:183} INFO - Processing /opt/airflow/dags/dag_crime_pipeline.py took 0.146 seconds
[2026-05-31T13:45:41.982+0000] {processor.py:161} INFO - Started process (PID=6652) to work on /opt/airflow/dags/dag_crime_pipeline.py
[2026-05-31T13:45:41.984+0000] {processor.py:830} INFO - Processing file /opt/airflow/dags/dag_crime_pipeline.py for tasks to queue
[2026-05-31T13:45:41.987+0000] {logging_mixin.py:188} INFO - [2026-05-31T13:45:41.986+0000] {dagbag.py:538} INFO - Filling up the DagBag from /opt/airflow/dags/dag_crime_pipeline.py
[2026-05-31T13:45:42.031+0000] {processor.py:840} INFO - DAG(s) 'crime_analytics_pipeline' retrieved from /opt/airflow/dags/dag_crime_pipeline.py
[2026-05-31T13:45:42.078+0000] {logging_mixin.py:188} INFO - [2026-05-31T13:45:42.078+0000] {dag.py:3036} INFO - Sync 1 DAGs
[2026-05-31T13:45:42.106+0000] {logging_mixin.py:188} INFO - [2026-05-31T13:45:42.106+0000] {dag.py:3823} INFO - Setting next_dagrun for crime_analytics_pipeline to 2026-05-30 19:00:00+00:00, run_after=2026-06-06 19:00:00+00:00
[2026-05-31T13:45:42.131+0000] {processor.py:183} INFO - Processing /opt/airflow/dags/dag_crime_pipeline.py took 0.154 seconds
[2026-05-31T13:46:13.004+0000] {processor.py:161} INFO - Started process (PID=6657) to work on /opt/airflow/dags/dag_crime_pipeline.py
[2026-05-31T13:46:13.006+0000] {processor.py:830} INFO - Processing file /opt/airflow/dags/dag_crime_pipeline.py for tasks to queue
[2026-05-31T13:46:13.009+0000] {logging_mixin.py:188} INFO - [2026-05-31T13:46:13.008+0000] {dagbag.py:538} INFO - Filling up the DagBag from /opt/airflow/dags/dag_crime_pipeline.py
[2026-05-31T13:46:13.051+0000] {processor.py:840} INFO - DAG(s) 'crime_analytics_pipeline' retrieved from /opt/airflow/dags/dag_crime_pipeline.py
[2026-05-31T13:46:13.087+0000] {logging_mixin.py:188} INFO - [2026-05-31T13:46:13.086+0000] {dag.py:3036} INFO - Sync 1 DAGs
[2026-05-31T13:46:13.107+0000] {logging_mixin.py:188} INFO - [2026-05-31T13:46:13.107+0000] {dag.py:3823} INFO - Setting next_dagrun for crime_analytics_pipeline to 2026-05-30 19:00:00+00:00, run_after=2026-06-06 19:00:00+00:00
[2026-05-31T13:46:13.126+0000] {processor.py:183} INFO - Processing /opt/airflow/dags/dag_crime_pipeline.py took 0.127 seconds
[2026-05-31T13:46:43.537+0000] {processor.py:161} INFO - Started process (PID=6662) to work on /opt/airflow/dags/dag_crime_pipeline.py
[2026-05-31T13:46:43.538+0000] {processor.py:830} INFO - Processing file /opt/airflow/dags/dag_crime_pipeline.py for tasks to queue
[2026-05-31T13:46:43.541+0000] {logging_mixin.py:188} INFO - [2026-05-31T13:46:43.541+0000] {dagbag.py:538} INFO - Filling up the DagBag from /opt/airflow/dags/dag_crime_pipeline.py
[2026-05-31T13:46:43.580+0000] {processor.py:840} INFO - DAG(s) 'crime_analytics_pipeline' retrieved from /opt/airflow/dags/dag_crime_pipeline.py
[2026-05-31T13:46:43.631+0000] {logging_mixin.py:188} INFO - [2026-05-31T13:46:43.631+0000] {dag.py:3036} INFO - Sync 1 DAGs
[2026-05-31T13:46:43.655+0000] {logging_mixin.py:188} INFO - [2026-05-31T13:46:43.655+0000] {dag.py:3823} INFO - Setting next_dagrun for crime_analytics_pipeline to 2026-05-30 19:00:00+00:00, run_after=2026-06-06 19:00:00+00:00
[2026-05-31T13:46:43.677+0000] {processor.py:183} INFO - Processing /opt/airflow/dags/dag_crime_pipeline.py took 0.144 seconds
[2026-05-31T13:47:14.088+0000] {processor.py:161} INFO - Started process (PID=6667) to work on /opt/airflow/dags/dag_crime_pipeline.py
[2026-05-31T13:47:14.090+0000] {processor.py:830} INFO - Processing file /opt/airflow/dags/dag_crime_pipeline.py for tasks to queue
[2026-05-31T13:47:14.094+0000] {logging_mixin.py:188} INFO - [2026-05-31T13:47:14.093+0000] {dagbag.py:538} INFO - Filling up the DagBag from /opt/airflow/dags/dag_crime_pipeline.py
[2026-05-31T13:47:14.141+0000] {processor.py:840} INFO - DAG(s) 'crime_analytics_pipeline' retrieved from /opt/airflow/dags/dag_crime_pipeline.py
[2026-05-31T13:47:14.180+0000] {logging_mixin.py:188} INFO - [2026-05-31T13:47:14.179+0000] {dag.py:3036} INFO - Sync 1 DAGs
[2026-05-31T13:47:14.211+0000] {logging_mixin.py:188} INFO - [2026-05-31T13:47:14.211+0000] {dag.py:3823} INFO - Setting next_dagrun for crime_analytics_pipeline to 2026-05-30 19:00:00+00:00, run_after=2026-06-06 19:00:00+00:00
[2026-05-31T13:47:14.238+0000] {processor.py:183} INFO - Processing /opt/airflow/dags/dag_crime_pipeline.py took 0.155 seconds
[2026-05-31T13:47:44.623+0000] {processor.py:161} INFO - Started process (PID=6672) to work on /opt/airflow/dags/dag_crime_pipeline.py
[2026-05-31T13:47:44.624+0000] {processor.py:830} INFO - Processing file /opt/airflow/dags/dag_crime_pipeline.py for tasks to queue
[2026-05-31T13:47:44.628+0000] {logging_mixin.py:188} INFO - [2026-05-31T13:47:44.627+0000] {dagbag.py:538} INFO - Filling up the DagBag from /opt/airflow/dags/dag_crime_pipeline.py
[2026-05-31T13:47:44.677+0000] {processor.py:840} INFO - DAG(s) 'crime_analytics_pipeline' retrieved from /opt/airflow/dags/dag_crime_pipeline.py
[2026-05-31T13:47:44.717+0000] {logging_mixin.py:188} INFO - [2026-05-31T13:47:44.717+0000] {dag.py:3036} INFO - Sync 1 DAGs
[2026-05-31T13:47:44.752+0000] {logging_mixin.py:188} INFO - [2026-05-31T13:47:44.751+0000] {dag.py:3823} INFO - Setting next_dagrun for crime_analytics_pipeline to 2026-05-30 19:00:00+00:00, run_after=2026-06-06 19:00:00+00:00
[2026-05-31T13:47:44.782+0000] {processor.py:183} INFO - Processing /opt/airflow/dags/dag_crime_pipeline.py took 0.165 seconds
[2026-05-31T13:48:15.602+0000] {processor.py:161} INFO - Started process (PID=6677) to work on /opt/airflow/dags/dag_crime_pipeline.py
[2026-05-31T13:48:15.603+0000] {processor.py:830} INFO - Processing file /opt/airflow/dags/dag_crime_pipeline.py for tasks to queue
[2026-05-31T13:48:15.606+0000] {logging_mixin.py:188} INFO - [2026-05-31T13:48:15.606+0000] {dagbag.py:538} INFO - Filling up the DagBag from /opt/airflow/dags/dag_crime_pipeline.py
[2026-05-31T13:48:15.649+0000] {processor.py:840} INFO - DAG(s) 'crime_analytics_pipeline' retrieved from /opt/airflow/dags/dag_crime_pipeline.py
[2026-05-31T13:48:15.687+0000] {logging_mixin.py:188} INFO - [2026-05-31T13:48:15.687+0000] {dag.py:3036} INFO - Sync 1 DAGs
[2026-05-31T13:48:15.713+0000] {logging_mixin.py:188} INFO - [2026-05-31T13:48:15.713+0000] {dag.py:3823} INFO - Setting next_dagrun for crime_analytics_pipeline to 2026-05-30 19:00:00+00:00, run_after=2026-06-06 19:00:00+00:00
[2026-05-31T13:48:15.753+0000] {processor.py:183} INFO - Processing /opt/airflow/dags/dag_crime_pipeline.py took 0.156 seconds
[2026-05-31T13:48:46.400+0000] {processor.py:161} INFO - Started process (PID=6682) to work on /opt/airflow/dags/dag_crime_pipeline.py
[2026-05-31T13:48:46.402+0000] {processor.py:830} INFO - Processing file /opt/airflow/dags/dag_crime_pipeline.py for tasks to queue
[2026-05-31T13:48:46.405+0000] {logging_mixin.py:188} INFO - [2026-05-31T13:48:46.405+0000] {dagbag.py:538} INFO - Filling up the DagBag from /opt/airflow/dags/dag_crime_pipeline.py
[2026-05-31T13:48:46.460+0000] {processor.py:840} INFO - DAG(s) 'crime_analytics_pipeline' retrieved from /opt/airflow/dags/dag_crime_pipeline.py
[2026-05-31T13:48:46.505+0000] {logging_mixin.py:188} INFO - [2026-05-31T13:48:46.505+0000] {dag.py:3036} INFO - Sync 1 DAGs
[2026-05-31T13:48:46.750+0000] {logging_mixin.py:188} INFO - [2026-05-31T13:48:46.750+0000] {dag.py:3823} INFO - Setting next_dagrun for crime_analytics_pipeline to 2026-05-30 19:00:00+00:00, run_after=2026-06-06 19:00:00+00:00
[2026-05-31T13:48:46.780+0000] {processor.py:183} INFO - Processing /opt/airflow/dags/dag_crime_pipeline.py took 0.387 seconds
[2026-05-31T13:49:17.379+0000] {processor.py:161} INFO - Started process (PID=6687) to work on /opt/airflow/dags/dag_crime_pipeline.py
[2026-05-31T13:49:17.381+0000] {processor.py:830} INFO - Processing file /opt/airflow/dags/dag_crime_pipeline.py for tasks to queue
[2026-05-31T13:49:17.385+0000] {logging_mixin.py:188} INFO - [2026-05-31T13:49:17.384+0000] {dagbag.py:538} INFO - Filling up the DagBag from /opt/airflow/dags/dag_crime_pipeline.py
[2026-05-31T13:49:17.432+0000] {processor.py:840} INFO - DAG(s) 'crime_analytics_pipeline' retrieved from /opt/airflow/dags/dag_crime_pipeline.py
[2026-05-31T13:49:17.471+0000] {logging_mixin.py:188} INFO - [2026-05-31T13:49:17.471+0000] {dag.py:3036} INFO - Sync 1 DAGs
[2026-05-31T13:49:17.498+0000] {logging_mixin.py:188} INFO - [2026-05-31T13:49:17.498+0000] {dag.py:3823} INFO - Setting next_dagrun for crime_analytics_pipeline to 2026-05-30 19:00:00+00:00, run_after=2026-06-06 19:00:00+00:00
[2026-05-31T13:49:17.520+0000] {processor.py:183} INFO - Processing /opt/airflow/dags/dag_crime_pipeline.py took 0.147 seconds
[2026-05-31T13:49:48.194+0000] {processor.py:161} INFO - Started process (PID=6692) to work on /opt/airflow/dags/dag_crime_pipeline.py
[2026-05-31T13:49:48.195+0000] {processor.py:830} INFO - Processing file /opt/airflow/dags/dag_crime_pipeline.py for tasks to queue
[2026-05-31T13:49:48.198+0000] {logging_mixin.py:188} INFO - [2026-05-31T13:49:48.198+0000] {dagbag.py:538} INFO - Filling up the DagBag from /opt/airflow/dags/dag_crime_pipeline.py
[2026-05-31T13:49:48.238+0000] {processor.py:840} INFO - DAG(s) 'crime_analytics_pipeline' retrieved from /opt/airflow/dags/dag_crime_pipeline.py
[2026-05-31T13:49:48.572+0000] {logging_mixin.py:188} INFO - [2026-05-31T13:49:48.572+0000] {dag.py:3036} INFO - Sync 1 DAGs
[2026-05-31T13:49:48.595+0000] {logging_mixin.py:188} INFO - [2026-05-31T13:49:48.595+0000] {dag.py:3823} INFO - Setting next_dagrun for crime_analytics_pipeline to 2026-05-30 19:00:00+00:00, run_after=2026-06-06 19:00:00+00:00
[2026-05-31T13:49:48.641+0000] {processor.py:183} INFO - Processing /opt/airflow/dags/dag_crime_pipeline.py took 0.453 seconds
[2026-05-31T13:50:19.171+0000] {processor.py:161} INFO - Started process (PID=6697) to work on /opt/airflow/dags/dag_crime_pipeline.py
[2026-05-31T13:50:19.173+0000] {processor.py:830} INFO - Processing file /opt/airflow/dags/dag_crime_pipeline.py for tasks to queue
[2026-05-31T13:50:19.175+0000] {logging_mixin.py:188} INFO - [2026-05-31T13:50:19.175+0000] {dagbag.py:538} INFO - Filling up the DagBag from /opt/airflow/dags/dag_crime_pipeline.py
[2026-05-31T13:50:19.211+0000] {processor.py:840} INFO - DAG(s) 'crime_analytics_pipeline' retrieved from /opt/airflow/dags/dag_crime_pipeline.py
[2026-05-31T13:50:19.245+0000] {logging_mixin.py:188} INFO - [2026-05-31T13:50:19.245+0000] {dag.py:3036} INFO - Sync 1 DAGs
[2026-05-31T13:50:19.433+0000] {logging_mixin.py:188} INFO - [2026-05-31T13:50:19.432+0000] {dag.py:3823} INFO - Setting next_dagrun for crime_analytics_pipeline to 2026-05-30 19:00:00+00:00, run_after=2026-06-06 19:00:00+00:00
[2026-05-31T13:50:19.470+0000] {processor.py:183} INFO - Processing /opt/airflow/dags/dag_crime_pipeline.py took 0.303 seconds
