[2026-05-24T17:50:42.189+0000] {processor.py:161} INFO - Started process (PID=189) to work on /opt/airflow/dags/dag_crime_pipeline.py
[2026-05-24T17:50:42.191+0000] {processor.py:830} INFO - Processing file /opt/airflow/dags/dag_crime_pipeline.py for tasks to queue
[2026-05-24T17:50:42.194+0000] {logging_mixin.py:188} INFO - [2026-05-24T17:50:42.193+0000] {dagbag.py:538} INFO - Filling up the DagBag from /opt/airflow/dags/dag_crime_pipeline.py
[2026-05-24T17:50:42.306+0000] {processor.py:840} INFO - DAG(s) 'crime_analytics_pipeline' retrieved from /opt/airflow/dags/dag_crime_pipeline.py
[2026-05-24T17:50:42.326+0000] {logging_mixin.py:188} INFO - [2026-05-24T17:50:42.326+0000] {dag.py:3036} INFO - Sync 1 DAGs
[2026-05-24T17:50:42.379+0000] {processor.py:183} INFO - Processing /opt/airflow/dags/dag_crime_pipeline.py took 0.195 seconds
[2026-05-24T17:51:13.036+0000] {processor.py:161} INFO - Started process (PID=194) to work on /opt/airflow/dags/dag_crime_pipeline.py
[2026-05-24T17:51:13.038+0000] {processor.py:830} INFO - Processing file /opt/airflow/dags/dag_crime_pipeline.py for tasks to queue
[2026-05-24T17:51:13.042+0000] {logging_mixin.py:188} INFO - [2026-05-24T17:51:13.041+0000] {dagbag.py:538} INFO - Filling up the DagBag from /opt/airflow/dags/dag_crime_pipeline.py
[2026-05-24T17:51:13.091+0000] {processor.py:840} INFO - DAG(s) 'crime_analytics_pipeline' retrieved from /opt/airflow/dags/dag_crime_pipeline.py
[2026-05-24T17:51:13.306+0000] {logging_mixin.py:188} INFO - [2026-05-24T17:51:13.306+0000] {dag.py:3036} INFO - Sync 1 DAGs
[2026-05-24T17:51:13.359+0000] {processor.py:183} INFO - Processing /opt/airflow/dags/dag_crime_pipeline.py took 0.328 seconds
[2026-05-24T17:51:43.602+0000] {processor.py:161} INFO - Started process (PID=199) to work on /opt/airflow/dags/dag_crime_pipeline.py
[2026-05-24T17:51:43.604+0000] {processor.py:830} INFO - Processing file /opt/airflow/dags/dag_crime_pipeline.py for tasks to queue
[2026-05-24T17:51:43.607+0000] {logging_mixin.py:188} INFO - [2026-05-24T17:51:43.606+0000] {dagbag.py:538} INFO - Filling up the DagBag from /opt/airflow/dags/dag_crime_pipeline.py
[2026-05-24T17:51:43.656+0000] {processor.py:840} INFO - DAG(s) 'crime_analytics_pipeline' retrieved from /opt/airflow/dags/dag_crime_pipeline.py
[2026-05-24T17:51:43.696+0000] {logging_mixin.py:188} INFO - [2026-05-24T17:51:43.695+0000] {dag.py:3036} INFO - Sync 1 DAGs
[2026-05-24T17:51:43.750+0000] {processor.py:183} INFO - Processing /opt/airflow/dags/dag_crime_pipeline.py took 0.156 seconds
[2026-05-24T17:52:14.118+0000] {processor.py:161} INFO - Started process (PID=204) to work on /opt/airflow/dags/dag_crime_pipeline.py
[2026-05-24T17:52:14.120+0000] {processor.py:830} INFO - Processing file /opt/airflow/dags/dag_crime_pipeline.py for tasks to queue
[2026-05-24T17:52:14.123+0000] {logging_mixin.py:188} INFO - [2026-05-24T17:52:14.122+0000] {dagbag.py:538} INFO - Filling up the DagBag from /opt/airflow/dags/dag_crime_pipeline.py
[2026-05-24T17:52:14.171+0000] {processor.py:840} INFO - DAG(s) 'crime_analytics_pipeline' retrieved from /opt/airflow/dags/dag_crime_pipeline.py
[2026-05-24T17:52:14.213+0000] {logging_mixin.py:188} INFO - [2026-05-24T17:52:14.212+0000] {dag.py:3036} INFO - Sync 1 DAGs
[2026-05-24T17:52:14.266+0000] {processor.py:183} INFO - Processing /opt/airflow/dags/dag_crime_pipeline.py took 0.155 seconds
[2026-05-24T17:52:44.849+0000] {processor.py:161} INFO - Started process (PID=209) to work on /opt/airflow/dags/dag_crime_pipeline.py
[2026-05-24T17:52:44.851+0000] {processor.py:830} INFO - Processing file /opt/airflow/dags/dag_crime_pipeline.py for tasks to queue
[2026-05-24T17:52:44.856+0000] {logging_mixin.py:188} INFO - [2026-05-24T17:52:44.855+0000] {dagbag.py:538} INFO - Filling up the DagBag from /opt/airflow/dags/dag_crime_pipeline.py
[2026-05-24T17:52:44.902+0000] {processor.py:840} INFO - DAG(s) 'crime_analytics_pipeline' retrieved from /opt/airflow/dags/dag_crime_pipeline.py
[2026-05-24T17:52:44.941+0000] {logging_mixin.py:188} INFO - [2026-05-24T17:52:44.941+0000] {dag.py:3036} INFO - Sync 1 DAGs
[2026-05-24T17:52:45.012+0000] {processor.py:183} INFO - Processing /opt/airflow/dags/dag_crime_pipeline.py took 0.170 seconds
[2026-05-24T17:53:15.348+0000] {processor.py:161} INFO - Started process (PID=214) to work on /opt/airflow/dags/dag_crime_pipeline.py
[2026-05-24T17:53:15.349+0000] {processor.py:830} INFO - Processing file /opt/airflow/dags/dag_crime_pipeline.py for tasks to queue
[2026-05-24T17:53:15.353+0000] {logging_mixin.py:188} INFO - [2026-05-24T17:53:15.352+0000] {dagbag.py:538} INFO - Filling up the DagBag from /opt/airflow/dags/dag_crime_pipeline.py
[2026-05-24T17:53:15.413+0000] {processor.py:840} INFO - DAG(s) 'crime_analytics_pipeline' retrieved from /opt/airflow/dags/dag_crime_pipeline.py
[2026-05-24T17:53:15.463+0000] {logging_mixin.py:188} INFO - [2026-05-24T17:53:15.463+0000] {dag.py:3036} INFO - Sync 1 DAGs
[2026-05-24T17:53:15.527+0000] {processor.py:183} INFO - Processing /opt/airflow/dags/dag_crime_pipeline.py took 0.185 seconds
[2026-05-24T17:53:46.061+0000] {processor.py:161} INFO - Started process (PID=219) to work on /opt/airflow/dags/dag_crime_pipeline.py
[2026-05-24T17:53:46.063+0000] {processor.py:830} INFO - Processing file /opt/airflow/dags/dag_crime_pipeline.py for tasks to queue
[2026-05-24T17:53:46.067+0000] {logging_mixin.py:188} INFO - [2026-05-24T17:53:46.066+0000] {dagbag.py:538} INFO - Filling up the DagBag from /opt/airflow/dags/dag_crime_pipeline.py
[2026-05-24T17:53:46.113+0000] {processor.py:840} INFO - DAG(s) 'crime_analytics_pipeline' retrieved from /opt/airflow/dags/dag_crime_pipeline.py
[2026-05-24T17:53:46.153+0000] {logging_mixin.py:188} INFO - [2026-05-24T17:53:46.153+0000] {dag.py:3036} INFO - Sync 1 DAGs
[2026-05-24T17:53:46.224+0000] {processor.py:183} INFO - Processing /opt/airflow/dags/dag_crime_pipeline.py took 0.169 seconds
[2026-05-24T17:54:16.565+0000] {processor.py:161} INFO - Started process (PID=224) to work on /opt/airflow/dags/dag_crime_pipeline.py
[2026-05-24T17:54:16.566+0000] {processor.py:830} INFO - Processing file /opt/airflow/dags/dag_crime_pipeline.py for tasks to queue
[2026-05-24T17:54:16.571+0000] {logging_mixin.py:188} INFO - [2026-05-24T17:54:16.570+0000] {dagbag.py:538} INFO - Filling up the DagBag from /opt/airflow/dags/dag_crime_pipeline.py
[2026-05-24T17:54:16.618+0000] {processor.py:840} INFO - DAG(s) 'crime_analytics_pipeline' retrieved from /opt/airflow/dags/dag_crime_pipeline.py
[2026-05-24T17:54:16.659+0000] {logging_mixin.py:188} INFO - [2026-05-24T17:54:16.659+0000] {dag.py:3036} INFO - Sync 1 DAGs
[2026-05-24T17:54:16.717+0000] {processor.py:183} INFO - Processing /opt/airflow/dags/dag_crime_pipeline.py took 0.156 seconds
[2026-05-24T17:54:46.992+0000] {processor.py:161} INFO - Started process (PID=229) to work on /opt/airflow/dags/dag_crime_pipeline.py
[2026-05-24T17:54:46.994+0000] {processor.py:830} INFO - Processing file /opt/airflow/dags/dag_crime_pipeline.py for tasks to queue
[2026-05-24T17:54:46.997+0000] {logging_mixin.py:188} INFO - [2026-05-24T17:54:46.996+0000] {dagbag.py:538} INFO - Filling up the DagBag from /opt/airflow/dags/dag_crime_pipeline.py
[2026-05-24T17:54:47.045+0000] {processor.py:840} INFO - DAG(s) 'crime_analytics_pipeline' retrieved from /opt/airflow/dags/dag_crime_pipeline.py
[2026-05-24T17:54:47.089+0000] {logging_mixin.py:188} INFO - [2026-05-24T17:54:47.088+0000] {dag.py:3036} INFO - Sync 1 DAGs
[2026-05-24T17:54:46.695+0000] {processor.py:183} INFO - Processing /opt/airflow/dags/dag_crime_pipeline.py took 0.153 seconds
[2026-05-24T17:55:17.197+0000] {processor.py:161} INFO - Started process (PID=234) to work on /opt/airflow/dags/dag_crime_pipeline.py
[2026-05-24T17:55:17.198+0000] {processor.py:830} INFO - Processing file /opt/airflow/dags/dag_crime_pipeline.py for tasks to queue
[2026-05-24T17:55:17.201+0000] {logging_mixin.py:188} INFO - [2026-05-24T17:55:17.200+0000] {dagbag.py:538} INFO - Filling up the DagBag from /opt/airflow/dags/dag_crime_pipeline.py
[2026-05-24T17:55:17.248+0000] {processor.py:840} INFO - DAG(s) 'crime_analytics_pipeline' retrieved from /opt/airflow/dags/dag_crime_pipeline.py
[2026-05-24T17:55:17.292+0000] {logging_mixin.py:188} INFO - [2026-05-24T17:55:17.291+0000] {dag.py:3036} INFO - Sync 1 DAGs
[2026-05-24T17:55:17.345+0000] {processor.py:183} INFO - Processing /opt/airflow/dags/dag_crime_pipeline.py took 0.154 seconds
[2026-05-24T17:55:47.899+0000] {processor.py:161} INFO - Started process (PID=239) to work on /opt/airflow/dags/dag_crime_pipeline.py
[2026-05-24T17:55:47.900+0000] {processor.py:830} INFO - Processing file /opt/airflow/dags/dag_crime_pipeline.py for tasks to queue
[2026-05-24T17:55:47.903+0000] {logging_mixin.py:188} INFO - [2026-05-24T17:55:47.902+0000] {dagbag.py:538} INFO - Filling up the DagBag from /opt/airflow/dags/dag_crime_pipeline.py
[2026-05-24T17:55:47.945+0000] {processor.py:840} INFO - DAG(s) 'crime_analytics_pipeline' retrieved from /opt/airflow/dags/dag_crime_pipeline.py
[2026-05-24T17:55:47.984+0000] {logging_mixin.py:188} INFO - [2026-05-24T17:55:47.984+0000] {dag.py:3036} INFO - Sync 1 DAGs
[2026-05-24T17:55:48.043+0000] {processor.py:183} INFO - Processing /opt/airflow/dags/dag_crime_pipeline.py took 0.149 seconds
[2026-05-24T17:56:18.517+0000] {processor.py:161} INFO - Started process (PID=244) to work on /opt/airflow/dags/dag_crime_pipeline.py
[2026-05-24T17:56:18.518+0000] {processor.py:830} INFO - Processing file /opt/airflow/dags/dag_crime_pipeline.py for tasks to queue
[2026-05-24T17:56:18.520+0000] {logging_mixin.py:188} INFO - [2026-05-24T17:56:18.520+0000] {dagbag.py:538} INFO - Filling up the DagBag from /opt/airflow/dags/dag_crime_pipeline.py
[2026-05-24T17:56:18.558+0000] {processor.py:840} INFO - DAG(s) 'crime_analytics_pipeline' retrieved from /opt/airflow/dags/dag_crime_pipeline.py
[2026-05-24T17:56:18.591+0000] {logging_mixin.py:188} INFO - [2026-05-24T17:56:18.590+0000] {dag.py:3036} INFO - Sync 1 DAGs
[2026-05-24T17:56:18.653+0000] {processor.py:183} INFO - Processing /opt/airflow/dags/dag_crime_pipeline.py took 0.139 seconds
[2026-05-24T19:05:31.144+0000] {processor.py:161} INFO - Started process (PID=251) to work on /opt/airflow/dags/dag_crime_pipeline.py
[2026-05-24T19:05:31.147+0000] {processor.py:830} INFO - Processing file /opt/airflow/dags/dag_crime_pipeline.py for tasks to queue
[2026-05-24T19:05:31.157+0000] {logging_mixin.py:188} INFO - [2026-05-24T19:05:31.156+0000] {dagbag.py:538} INFO - Filling up the DagBag from /opt/airflow/dags/dag_crime_pipeline.py
[2026-05-24T19:05:31.266+0000] {processor.py:840} INFO - DAG(s) 'crime_analytics_pipeline' retrieved from /opt/airflow/dags/dag_crime_pipeline.py
[2026-05-24T19:05:31.323+0000] {logging_mixin.py:188} INFO - [2026-05-24T19:05:31.322+0000] {dag.py:3036} INFO - Sync 1 DAGs
[2026-05-24T19:05:31.428+0000] {processor.py:183} INFO - Processing /opt/airflow/dags/dag_crime_pipeline.py took 0.292 seconds
[2026-05-24T19:06:02.064+0000] {processor.py:161} INFO - Started process (PID=256) to work on /opt/airflow/dags/dag_crime_pipeline.py
[2026-05-24T19:06:02.066+0000] {processor.py:830} INFO - Processing file /opt/airflow/dags/dag_crime_pipeline.py for tasks to queue
[2026-05-24T19:06:02.069+0000] {logging_mixin.py:188} INFO - [2026-05-24T19:06:02.069+0000] {dagbag.py:538} INFO - Filling up the DagBag from /opt/airflow/dags/dag_crime_pipeline.py
[2026-05-24T19:06:02.114+0000] {processor.py:840} INFO - DAG(s) 'crime_analytics_pipeline' retrieved from /opt/airflow/dags/dag_crime_pipeline.py
[2026-05-24T19:06:02.156+0000] {logging_mixin.py:188} INFO - [2026-05-24T19:06:02.155+0000] {dag.py:3036} INFO - Sync 1 DAGs
[2026-05-24T19:06:02.235+0000] {processor.py:183} INFO - Processing /opt/airflow/dags/dag_crime_pipeline.py took 0.176 seconds
[2026-05-24T19:06:32.844+0000] {processor.py:161} INFO - Started process (PID=261) to work on /opt/airflow/dags/dag_crime_pipeline.py
[2026-05-24T19:06:32.846+0000] {processor.py:830} INFO - Processing file /opt/airflow/dags/dag_crime_pipeline.py for tasks to queue
[2026-05-24T19:06:32.849+0000] {logging_mixin.py:188} INFO - [2026-05-24T19:06:32.848+0000] {dagbag.py:538} INFO - Filling up the DagBag from /opt/airflow/dags/dag_crime_pipeline.py
[2026-05-24T19:06:32.895+0000] {processor.py:840} INFO - DAG(s) 'crime_analytics_pipeline' retrieved from /opt/airflow/dags/dag_crime_pipeline.py
[2026-05-24T19:06:32.934+0000] {logging_mixin.py:188} INFO - [2026-05-24T19:06:32.934+0000] {dag.py:3036} INFO - Sync 1 DAGs
[2026-05-24T19:06:33.234+0000] {processor.py:183} INFO - Processing /opt/airflow/dags/dag_crime_pipeline.py took 0.396 seconds
[2026-05-24T19:07:03.933+0000] {processor.py:161} INFO - Started process (PID=266) to work on /opt/airflow/dags/dag_crime_pipeline.py
[2026-05-24T19:07:03.934+0000] {processor.py:830} INFO - Processing file /opt/airflow/dags/dag_crime_pipeline.py for tasks to queue
[2026-05-24T19:07:03.937+0000] {logging_mixin.py:188} INFO - [2026-05-24T19:07:03.937+0000] {dagbag.py:538} INFO - Filling up the DagBag from /opt/airflow/dags/dag_crime_pipeline.py
[2026-05-24T19:07:03.977+0000] {processor.py:840} INFO - DAG(s) 'crime_analytics_pipeline' retrieved from /opt/airflow/dags/dag_crime_pipeline.py
[2026-05-24T19:07:04.017+0000] {logging_mixin.py:188} INFO - [2026-05-24T19:07:04.017+0000] {dag.py:3036} INFO - Sync 1 DAGs
[2026-05-24T19:07:04.074+0000] {processor.py:183} INFO - Processing /opt/airflow/dags/dag_crime_pipeline.py took 0.146 seconds
[2026-05-24T19:07:34.152+0000] {processor.py:161} INFO - Started process (PID=271) to work on /opt/airflow/dags/dag_crime_pipeline.py
[2026-05-24T19:07:34.154+0000] {processor.py:830} INFO - Processing file /opt/airflow/dags/dag_crime_pipeline.py for tasks to queue
[2026-05-24T19:07:34.160+0000] {logging_mixin.py:188} INFO - [2026-05-24T19:07:34.159+0000] {dagbag.py:538} INFO - Filling up the DagBag from /opt/airflow/dags/dag_crime_pipeline.py
[2026-05-24T19:07:34.211+0000] {processor.py:840} INFO - DAG(s) 'crime_analytics_pipeline' retrieved from /opt/airflow/dags/dag_crime_pipeline.py
[2026-05-24T19:07:34.258+0000] {logging_mixin.py:188} INFO - [2026-05-24T19:07:34.257+0000] {dag.py:3036} INFO - Sync 1 DAGs
[2026-05-24T19:07:34.317+0000] {processor.py:183} INFO - Processing /opt/airflow/dags/dag_crime_pipeline.py took 0.173 seconds
[2026-05-24T19:08:05.098+0000] {processor.py:161} INFO - Started process (PID=276) to work on /opt/airflow/dags/dag_crime_pipeline.py
[2026-05-24T19:08:05.100+0000] {processor.py:830} INFO - Processing file /opt/airflow/dags/dag_crime_pipeline.py for tasks to queue
[2026-05-24T19:08:05.105+0000] {logging_mixin.py:188} INFO - [2026-05-24T19:08:05.104+0000] {dagbag.py:538} INFO - Filling up the DagBag from /opt/airflow/dags/dag_crime_pipeline.py
[2026-05-24T19:08:05.154+0000] {processor.py:840} INFO - DAG(s) 'crime_analytics_pipeline' retrieved from /opt/airflow/dags/dag_crime_pipeline.py
[2026-05-24T19:08:05.199+0000] {logging_mixin.py:188} INFO - [2026-05-24T19:08:05.198+0000] {dag.py:3036} INFO - Sync 1 DAGs
[2026-05-24T19:08:05.551+0000] {processor.py:183} INFO - Processing /opt/airflow/dags/dag_crime_pipeline.py took 0.460 seconds
[2026-05-24T19:08:36.186+0000] {processor.py:161} INFO - Started process (PID=281) to work on /opt/airflow/dags/dag_crime_pipeline.py
[2026-05-24T19:08:36.188+0000] {processor.py:830} INFO - Processing file /opt/airflow/dags/dag_crime_pipeline.py for tasks to queue
[2026-05-24T19:08:36.193+0000] {logging_mixin.py:188} INFO - [2026-05-24T19:08:36.192+0000] {dagbag.py:538} INFO - Filling up the DagBag from /opt/airflow/dags/dag_crime_pipeline.py
[2026-05-24T19:08:36.243+0000] {processor.py:840} INFO - DAG(s) 'crime_analytics_pipeline' retrieved from /opt/airflow/dags/dag_crime_pipeline.py
[2026-05-24T19:08:36.290+0000] {logging_mixin.py:188} INFO - [2026-05-24T19:08:36.290+0000] {dag.py:3036} INFO - Sync 1 DAGs
[2026-05-24T19:08:36.352+0000] {processor.py:183} INFO - Processing /opt/airflow/dags/dag_crime_pipeline.py took 0.172 seconds
[2026-05-24T19:09:07.257+0000] {processor.py:161} INFO - Started process (PID=286) to work on /opt/airflow/dags/dag_crime_pipeline.py
[2026-05-24T19:09:07.258+0000] {processor.py:830} INFO - Processing file /opt/airflow/dags/dag_crime_pipeline.py for tasks to queue
[2026-05-24T19:09:07.262+0000] {logging_mixin.py:188} INFO - [2026-05-24T19:09:07.261+0000] {dagbag.py:538} INFO - Filling up the DagBag from /opt/airflow/dags/dag_crime_pipeline.py
[2026-05-24T19:09:07.306+0000] {processor.py:840} INFO - DAG(s) 'crime_analytics_pipeline' retrieved from /opt/airflow/dags/dag_crime_pipeline.py
[2026-05-24T19:09:07.352+0000] {logging_mixin.py:188} INFO - [2026-05-24T19:09:07.351+0000] {dag.py:3036} INFO - Sync 1 DAGs
[2026-05-24T19:09:07.407+0000] {processor.py:183} INFO - Processing /opt/airflow/dags/dag_crime_pipeline.py took 0.154 seconds
[2026-05-24T19:09:38.403+0000] {processor.py:161} INFO - Started process (PID=291) to work on /opt/airflow/dags/dag_crime_pipeline.py
[2026-05-24T19:09:38.405+0000] {processor.py:830} INFO - Processing file /opt/airflow/dags/dag_crime_pipeline.py for tasks to queue
[2026-05-24T19:09:38.408+0000] {logging_mixin.py:188} INFO - [2026-05-24T19:09:38.408+0000] {dagbag.py:538} INFO - Filling up the DagBag from /opt/airflow/dags/dag_crime_pipeline.py
[2026-05-24T19:09:38.459+0000] {processor.py:840} INFO - DAG(s) 'crime_analytics_pipeline' retrieved from /opt/airflow/dags/dag_crime_pipeline.py
[2026-05-24T19:09:38.500+0000] {logging_mixin.py:188} INFO - [2026-05-24T19:09:38.500+0000] {dag.py:3036} INFO - Sync 1 DAGs
[2026-05-24T19:09:38.797+0000] {processor.py:183} INFO - Processing /opt/airflow/dags/dag_crime_pipeline.py took 0.398 seconds
[2026-05-24T19:10:09.544+0000] {processor.py:161} INFO - Started process (PID=296) to work on /opt/airflow/dags/dag_crime_pipeline.py
[2026-05-24T19:10:09.546+0000] {processor.py:830} INFO - Processing file /opt/airflow/dags/dag_crime_pipeline.py for tasks to queue
[2026-05-24T19:10:09.549+0000] {logging_mixin.py:188} INFO - [2026-05-24T19:10:09.548+0000] {dagbag.py:538} INFO - Filling up the DagBag from /opt/airflow/dags/dag_crime_pipeline.py
[2026-05-24T19:10:09.616+0000] {processor.py:840} INFO - DAG(s) 'crime_analytics_pipeline' retrieved from /opt/airflow/dags/dag_crime_pipeline.py
[2026-05-24T19:10:09.921+0000] {logging_mixin.py:188} INFO - [2026-05-24T19:10:09.920+0000] {dag.py:3036} INFO - Sync 1 DAGs
[2026-05-24T19:10:09.962+0000] {processor.py:183} INFO - Processing /opt/airflow/dags/dag_crime_pipeline.py took 0.425 seconds
[2026-05-24T19:10:40.950+0000] {processor.py:161} INFO - Started process (PID=301) to work on /opt/airflow/dags/dag_crime_pipeline.py
[2026-05-24T19:10:40.951+0000] {processor.py:830} INFO - Processing file /opt/airflow/dags/dag_crime_pipeline.py for tasks to queue
[2026-05-24T19:10:40.953+0000] {logging_mixin.py:188} INFO - [2026-05-24T19:10:40.953+0000] {dagbag.py:538} INFO - Filling up the DagBag from /opt/airflow/dags/dag_crime_pipeline.py
[2026-05-24T19:10:41.001+0000] {processor.py:840} INFO - DAG(s) 'crime_analytics_pipeline' retrieved from /opt/airflow/dags/dag_crime_pipeline.py
[2026-05-24T19:10:41.039+0000] {logging_mixin.py:188} INFO - [2026-05-24T19:10:41.039+0000] {dag.py:3036} INFO - Sync 1 DAGs
[2026-05-24T19:10:41.105+0000] {processor.py:183} INFO - Processing /opt/airflow/dags/dag_crime_pipeline.py took 0.158 seconds
[2026-05-24T19:11:12.033+0000] {processor.py:161} INFO - Started process (PID=306) to work on /opt/airflow/dags/dag_crime_pipeline.py
[2026-05-24T19:11:12.035+0000] {processor.py:830} INFO - Processing file /opt/airflow/dags/dag_crime_pipeline.py for tasks to queue
[2026-05-24T19:11:12.038+0000] {logging_mixin.py:188} INFO - [2026-05-24T19:11:12.037+0000] {dagbag.py:538} INFO - Filling up the DagBag from /opt/airflow/dags/dag_crime_pipeline.py
[2026-05-24T19:11:12.078+0000] {processor.py:840} INFO - DAG(s) 'crime_analytics_pipeline' retrieved from /opt/airflow/dags/dag_crime_pipeline.py
[2026-05-24T19:11:12.117+0000] {logging_mixin.py:188} INFO - [2026-05-24T19:11:12.116+0000] {dag.py:3036} INFO - Sync 1 DAGs
[2026-05-24T19:11:12.457+0000] {processor.py:183} INFO - Processing /opt/airflow/dags/dag_crime_pipeline.py took 0.430 seconds
[2026-05-24T19:11:43.082+0000] {processor.py:161} INFO - Started process (PID=311) to work on /opt/airflow/dags/dag_crime_pipeline.py
[2026-05-24T19:11:43.083+0000] {processor.py:830} INFO - Processing file /opt/airflow/dags/dag_crime_pipeline.py for tasks to queue
[2026-05-24T19:11:43.086+0000] {logging_mixin.py:188} INFO - [2026-05-24T19:11:43.086+0000] {dagbag.py:538} INFO - Filling up the DagBag from /opt/airflow/dags/dag_crime_pipeline.py
[2026-05-24T19:11:43.147+0000] {processor.py:840} INFO - DAG(s) 'crime_analytics_pipeline' retrieved from /opt/airflow/dags/dag_crime_pipeline.py
[2026-05-24T19:11:43.186+0000] {logging_mixin.py:188} INFO - [2026-05-24T19:11:43.186+0000] {dag.py:3036} INFO - Sync 1 DAGs
[2026-05-24T19:11:43.250+0000] {processor.py:183} INFO - Processing /opt/airflow/dags/dag_crime_pipeline.py took 0.173 seconds
[2026-05-24T19:12:14.137+0000] {processor.py:161} INFO - Started process (PID=316) to work on /opt/airflow/dags/dag_crime_pipeline.py
[2026-05-24T19:12:14.139+0000] {processor.py:830} INFO - Processing file /opt/airflow/dags/dag_crime_pipeline.py for tasks to queue
[2026-05-24T19:12:14.143+0000] {logging_mixin.py:188} INFO - [2026-05-24T19:12:14.142+0000] {dagbag.py:538} INFO - Filling up the DagBag from /opt/airflow/dags/dag_crime_pipeline.py
[2026-05-24T19:12:14.193+0000] {processor.py:840} INFO - DAG(s) 'crime_analytics_pipeline' retrieved from /opt/airflow/dags/dag_crime_pipeline.py
[2026-05-24T19:12:14.240+0000] {logging_mixin.py:188} INFO - [2026-05-24T19:12:14.239+0000] {dag.py:3036} INFO - Sync 1 DAGs
[2026-05-24T19:12:14.296+0000] {processor.py:183} INFO - Processing /opt/airflow/dags/dag_crime_pipeline.py took 0.166 seconds
[2026-05-24T19:12:45.362+0000] {processor.py:161} INFO - Started process (PID=334) to work on /opt/airflow/dags/dag_crime_pipeline.py
[2026-05-24T19:12:45.364+0000] {processor.py:830} INFO - Processing file /opt/airflow/dags/dag_crime_pipeline.py for tasks to queue
[2026-05-24T19:12:45.368+0000] {logging_mixin.py:188} INFO - [2026-05-24T19:12:45.367+0000] {dagbag.py:538} INFO - Filling up the DagBag from /opt/airflow/dags/dag_crime_pipeline.py
[2026-05-24T19:12:45.416+0000] {processor.py:840} INFO - DAG(s) 'crime_analytics_pipeline' retrieved from /opt/airflow/dags/dag_crime_pipeline.py
[2026-05-24T19:12:45.460+0000] {logging_mixin.py:188} INFO - [2026-05-24T19:12:45.459+0000] {dag.py:3036} INFO - Sync 1 DAGs
[2026-05-24T19:12:45.759+0000] {processor.py:183} INFO - Processing /opt/airflow/dags/dag_crime_pipeline.py took 0.403 seconds
[2026-05-24T19:13:15.839+0000] {processor.py:161} INFO - Started process (PID=339) to work on /opt/airflow/dags/dag_crime_pipeline.py
[2026-05-24T19:13:15.841+0000] {processor.py:830} INFO - Processing file /opt/airflow/dags/dag_crime_pipeline.py for tasks to queue
[2026-05-24T19:13:15.844+0000] {logging_mixin.py:188} INFO - [2026-05-24T19:13:15.843+0000] {dagbag.py:538} INFO - Filling up the DagBag from /opt/airflow/dags/dag_crime_pipeline.py
[2026-05-24T19:13:15.890+0000] {processor.py:840} INFO - DAG(s) 'crime_analytics_pipeline' retrieved from /opt/airflow/dags/dag_crime_pipeline.py
[2026-05-24T19:13:16.144+0000] {logging_mixin.py:188} INFO - [2026-05-24T19:13:16.143+0000] {dag.py:3036} INFO - Sync 1 DAGs
[2026-05-24T19:13:16.199+0000] {processor.py:183} INFO - Processing /opt/airflow/dags/dag_crime_pipeline.py took 0.367 seconds
[2026-05-24T19:13:46.821+0000] {processor.py:161} INFO - Started process (PID=344) to work on /opt/airflow/dags/dag_crime_pipeline.py
[2026-05-24T19:13:46.823+0000] {processor.py:830} INFO - Processing file /opt/airflow/dags/dag_crime_pipeline.py for tasks to queue
[2026-05-24T19:13:46.826+0000] {logging_mixin.py:188} INFO - [2026-05-24T19:13:46.826+0000] {dagbag.py:538} INFO - Filling up the DagBag from /opt/airflow/dags/dag_crime_pipeline.py
[2026-05-24T19:13:46.868+0000] {processor.py:840} INFO - DAG(s) 'crime_analytics_pipeline' retrieved from /opt/airflow/dags/dag_crime_pipeline.py
[2026-05-24T19:13:46.912+0000] {logging_mixin.py:188} INFO - [2026-05-24T19:13:46.911+0000] {dag.py:3036} INFO - Sync 1 DAGs
[2026-05-24T19:13:46.967+0000] {processor.py:183} INFO - Processing /opt/airflow/dags/dag_crime_pipeline.py took 0.152 seconds
[2026-05-24T19:14:17.823+0000] {processor.py:161} INFO - Started process (PID=349) to work on /opt/airflow/dags/dag_crime_pipeline.py
[2026-05-24T19:14:17.824+0000] {processor.py:830} INFO - Processing file /opt/airflow/dags/dag_crime_pipeline.py for tasks to queue
[2026-05-24T19:14:17.828+0000] {logging_mixin.py:188} INFO - [2026-05-24T19:14:17.827+0000] {dagbag.py:538} INFO - Filling up the DagBag from /opt/airflow/dags/dag_crime_pipeline.py
[2026-05-24T19:14:17.868+0000] {processor.py:840} INFO - DAG(s) 'crime_analytics_pipeline' retrieved from /opt/airflow/dags/dag_crime_pipeline.py
[2026-05-24T19:14:17.910+0000] {logging_mixin.py:188} INFO - [2026-05-24T19:14:17.910+0000] {dag.py:3036} INFO - Sync 1 DAGs
[2026-05-24T19:14:18.168+0000] {processor.py:183} INFO - Processing /opt/airflow/dags/dag_crime_pipeline.py took 0.350 seconds
[2026-05-24T19:14:48.715+0000] {processor.py:161} INFO - Started process (PID=354) to work on /opt/airflow/dags/dag_crime_pipeline.py
[2026-05-24T19:14:48.717+0000] {processor.py:830} INFO - Processing file /opt/airflow/dags/dag_crime_pipeline.py for tasks to queue
[2026-05-24T19:14:48.720+0000] {logging_mixin.py:188} INFO - [2026-05-24T19:14:48.719+0000] {dagbag.py:538} INFO - Filling up the DagBag from /opt/airflow/dags/dag_crime_pipeline.py
[2026-05-24T19:14:48.797+0000] {processor.py:840} INFO - DAG(s) 'crime_analytics_pipeline' retrieved from /opt/airflow/dags/dag_crime_pipeline.py
[2026-05-24T19:14:49.049+0000] {logging_mixin.py:188} INFO - [2026-05-24T19:14:49.049+0000] {dag.py:3036} INFO - Sync 1 DAGs
[2026-05-24T19:14:49.083+0000] {processor.py:183} INFO - Processing /opt/airflow/dags/dag_crime_pipeline.py took 0.374 seconds
[2026-05-24T19:15:19.889+0000] {processor.py:161} INFO - Started process (PID=359) to work on /opt/airflow/dags/dag_crime_pipeline.py
[2026-05-24T19:15:19.893+0000] {processor.py:830} INFO - Processing file /opt/airflow/dags/dag_crime_pipeline.py for tasks to queue
[2026-05-24T19:15:19.898+0000] {logging_mixin.py:188} INFO - [2026-05-24T19:15:19.897+0000] {dagbag.py:538} INFO - Filling up the DagBag from /opt/airflow/dags/dag_crime_pipeline.py
[2026-05-24T19:15:19.949+0000] {processor.py:840} INFO - DAG(s) 'crime_analytics_pipeline' retrieved from /opt/airflow/dags/dag_crime_pipeline.py
[2026-05-24T19:15:19.987+0000] {logging_mixin.py:188} INFO - [2026-05-24T19:15:19.987+0000] {dag.py:3036} INFO - Sync 1 DAGs
[2026-05-24T19:15:20.030+0000] {processor.py:183} INFO - Processing /opt/airflow/dags/dag_crime_pipeline.py took 0.148 seconds
[2026-05-24T19:15:50.183+0000] {processor.py:161} INFO - Started process (PID=364) to work on /opt/airflow/dags/dag_crime_pipeline.py
[2026-05-24T19:15:50.185+0000] {processor.py:830} INFO - Processing file /opt/airflow/dags/dag_crime_pipeline.py for tasks to queue
[2026-05-24T19:15:50.189+0000] {logging_mixin.py:188} INFO - [2026-05-24T19:15:50.188+0000] {dagbag.py:538} INFO - Filling up the DagBag from /opt/airflow/dags/dag_crime_pipeline.py
[2026-05-24T19:15:50.229+0000] {processor.py:840} INFO - DAG(s) 'crime_analytics_pipeline' retrieved from /opt/airflow/dags/dag_crime_pipeline.py
[2026-05-24T19:15:50.265+0000] {logging_mixin.py:188} INFO - [2026-05-24T19:15:50.264+0000] {dag.py:3036} INFO - Sync 1 DAGs
[2026-05-24T19:15:50.519+0000] {processor.py:183} INFO - Processing /opt/airflow/dags/dag_crime_pipeline.py took 0.341 seconds
[2026-05-24T19:16:21.130+0000] {processor.py:161} INFO - Started process (PID=369) to work on /opt/airflow/dags/dag_crime_pipeline.py
[2026-05-24T19:16:21.131+0000] {processor.py:830} INFO - Processing file /opt/airflow/dags/dag_crime_pipeline.py for tasks to queue
[2026-05-24T19:16:21.134+0000] {logging_mixin.py:188} INFO - [2026-05-24T19:16:21.134+0000] {dagbag.py:538} INFO - Filling up the DagBag from /opt/airflow/dags/dag_crime_pipeline.py
[2026-05-24T19:16:21.176+0000] {processor.py:840} INFO - DAG(s) 'crime_analytics_pipeline' retrieved from /opt/airflow/dags/dag_crime_pipeline.py
[2026-05-24T19:16:21.213+0000] {logging_mixin.py:188} INFO - [2026-05-24T19:16:21.212+0000] {dag.py:3036} INFO - Sync 1 DAGs
[2026-05-24T19:16:21.255+0000] {processor.py:183} INFO - Processing /opt/airflow/dags/dag_crime_pipeline.py took 0.129 seconds
[2026-05-24T19:16:52.180+0000] {processor.py:161} INFO - Started process (PID=374) to work on /opt/airflow/dags/dag_crime_pipeline.py
[2026-05-24T19:16:52.182+0000] {processor.py:830} INFO - Processing file /opt/airflow/dags/dag_crime_pipeline.py for tasks to queue
[2026-05-24T19:16:52.185+0000] {logging_mixin.py:188} INFO - [2026-05-24T19:16:52.184+0000] {dagbag.py:538} INFO - Filling up the DagBag from /opt/airflow/dags/dag_crime_pipeline.py
[2026-05-24T19:16:52.235+0000] {processor.py:840} INFO - DAG(s) 'crime_analytics_pipeline' retrieved from /opt/airflow/dags/dag_crime_pipeline.py
[2026-05-24T19:16:52.272+0000] {logging_mixin.py:188} INFO - [2026-05-24T19:16:52.271+0000] {dag.py:3036} INFO - Sync 1 DAGs
[2026-05-24T19:16:52.322+0000] {processor.py:183} INFO - Processing /opt/airflow/dags/dag_crime_pipeline.py took 0.146 seconds
[2026-05-24T19:17:23.290+0000] {processor.py:161} INFO - Started process (PID=379) to work on /opt/airflow/dags/dag_crime_pipeline.py
[2026-05-24T19:17:23.292+0000] {processor.py:830} INFO - Processing file /opt/airflow/dags/dag_crime_pipeline.py for tasks to queue
[2026-05-24T19:17:23.295+0000] {logging_mixin.py:188} INFO - [2026-05-24T19:17:23.295+0000] {dagbag.py:538} INFO - Filling up the DagBag from /opt/airflow/dags/dag_crime_pipeline.py
[2026-05-24T19:17:23.338+0000] {processor.py:840} INFO - DAG(s) 'crime_analytics_pipeline' retrieved from /opt/airflow/dags/dag_crime_pipeline.py
[2026-05-24T19:17:23.376+0000] {logging_mixin.py:188} INFO - [2026-05-24T19:17:23.376+0000] {dag.py:3036} INFO - Sync 1 DAGs
[2026-05-24T19:17:23.625+0000] {processor.py:183} INFO - Processing /opt/airflow/dags/dag_crime_pipeline.py took 0.340 seconds
[2026-05-24T19:17:53.694+0000] {processor.py:161} INFO - Started process (PID=397) to work on /opt/airflow/dags/dag_crime_pipeline.py
[2026-05-24T19:17:53.696+0000] {processor.py:830} INFO - Processing file /opt/airflow/dags/dag_crime_pipeline.py for tasks to queue
[2026-05-24T19:17:53.699+0000] {logging_mixin.py:188} INFO - [2026-05-24T19:17:53.698+0000] {dagbag.py:538} INFO - Filling up the DagBag from /opt/airflow/dags/dag_crime_pipeline.py
[2026-05-24T19:17:53.740+0000] {processor.py:840} INFO - DAG(s) 'crime_analytics_pipeline' retrieved from /opt/airflow/dags/dag_crime_pipeline.py
[2026-05-24T19:17:53.781+0000] {logging_mixin.py:188} INFO - [2026-05-24T19:17:53.780+0000] {dag.py:3036} INFO - Sync 1 DAGs
[2026-05-24T19:17:53.841+0000] {processor.py:183} INFO - Processing /opt/airflow/dags/dag_crime_pipeline.py took 0.150 seconds
[2026-05-24T19:18:24.669+0000] {processor.py:161} INFO - Started process (PID=402) to work on /opt/airflow/dags/dag_crime_pipeline.py
[2026-05-24T19:18:24.670+0000] {processor.py:830} INFO - Processing file /opt/airflow/dags/dag_crime_pipeline.py for tasks to queue
[2026-05-24T19:18:24.673+0000] {logging_mixin.py:188} INFO - [2026-05-24T19:18:24.673+0000] {dagbag.py:538} INFO - Filling up the DagBag from /opt/airflow/dags/dag_crime_pipeline.py
[2026-05-24T19:18:24.708+0000] {processor.py:840} INFO - DAG(s) 'crime_analytics_pipeline' retrieved from /opt/airflow/dags/dag_crime_pipeline.py
[2026-05-24T19:18:24.743+0000] {logging_mixin.py:188} INFO - [2026-05-24T19:18:24.742+0000] {dag.py:3036} INFO - Sync 1 DAGs
[2026-05-24T19:18:24.787+0000] {processor.py:183} INFO - Processing /opt/airflow/dags/dag_crime_pipeline.py took 0.121 seconds
[2026-05-24T19:18:55.714+0000] {processor.py:161} INFO - Started process (PID=407) to work on /opt/airflow/dags/dag_crime_pipeline.py
[2026-05-24T19:18:55.715+0000] {processor.py:830} INFO - Processing file /opt/airflow/dags/dag_crime_pipeline.py for tasks to queue
[2026-05-24T19:18:55.719+0000] {logging_mixin.py:188} INFO - [2026-05-24T19:18:55.717+0000] {dagbag.py:538} INFO - Filling up the DagBag from /opt/airflow/dags/dag_crime_pipeline.py
[2026-05-24T19:18:55.754+0000] {processor.py:840} INFO - DAG(s) 'crime_analytics_pipeline' retrieved from /opt/airflow/dags/dag_crime_pipeline.py
[2026-05-24T19:18:55.786+0000] {logging_mixin.py:188} INFO - [2026-05-24T19:18:55.785+0000] {dag.py:3036} INFO - Sync 1 DAGs
[2026-05-24T19:18:56.047+0000] {processor.py:183} INFO - Processing /opt/airflow/dags/dag_crime_pipeline.py took 0.337 seconds
[2026-05-24T19:19:26.861+0000] {processor.py:161} INFO - Started process (PID=412) to work on /opt/airflow/dags/dag_crime_pipeline.py
[2026-05-24T19:19:26.862+0000] {processor.py:830} INFO - Processing file /opt/airflow/dags/dag_crime_pipeline.py for tasks to queue
[2026-05-24T19:19:26.864+0000] {logging_mixin.py:188} INFO - [2026-05-24T19:19:26.864+0000] {dagbag.py:538} INFO - Filling up the DagBag from /opt/airflow/dags/dag_crime_pipeline.py
[2026-05-24T19:19:26.897+0000] {processor.py:840} INFO - DAG(s) 'crime_analytics_pipeline' retrieved from /opt/airflow/dags/dag_crime_pipeline.py
[2026-05-24T19:19:26.933+0000] {logging_mixin.py:188} INFO - [2026-05-24T19:19:26.933+0000] {dag.py:3036} INFO - Sync 1 DAGs
[2026-05-24T19:19:26.998+0000] {processor.py:183} INFO - Processing /opt/airflow/dags/dag_crime_pipeline.py took 0.141 seconds
[2026-05-24T19:19:57.891+0000] {processor.py:161} INFO - Started process (PID=417) to work on /opt/airflow/dags/dag_crime_pipeline.py
[2026-05-24T19:19:57.893+0000] {processor.py:830} INFO - Processing file /opt/airflow/dags/dag_crime_pipeline.py for tasks to queue
[2026-05-24T19:19:57.895+0000] {logging_mixin.py:188} INFO - [2026-05-24T19:19:57.895+0000] {dagbag.py:538} INFO - Filling up the DagBag from /opt/airflow/dags/dag_crime_pipeline.py
[2026-05-24T19:19:57.930+0000] {processor.py:840} INFO - DAG(s) 'crime_analytics_pipeline' retrieved from /opt/airflow/dags/dag_crime_pipeline.py
[2026-05-24T19:19:57.965+0000] {logging_mixin.py:188} INFO - [2026-05-24T19:19:57.965+0000] {dag.py:3036} INFO - Sync 1 DAGs
[2026-05-24T19:19:58.013+0000] {processor.py:183} INFO - Processing /opt/airflow/dags/dag_crime_pipeline.py took 0.125 seconds
[2026-05-24T19:20:29.034+0000] {processor.py:161} INFO - Started process (PID=422) to work on /opt/airflow/dags/dag_crime_pipeline.py
[2026-05-24T19:20:29.035+0000] {processor.py:830} INFO - Processing file /opt/airflow/dags/dag_crime_pipeline.py for tasks to queue
[2026-05-24T19:20:29.038+0000] {logging_mixin.py:188} INFO - [2026-05-24T19:20:29.037+0000] {dagbag.py:538} INFO - Filling up the DagBag from /opt/airflow/dags/dag_crime_pipeline.py
[2026-05-24T19:20:29.073+0000] {processor.py:840} INFO - DAG(s) 'crime_analytics_pipeline' retrieved from /opt/airflow/dags/dag_crime_pipeline.py
[2026-05-24T19:20:29.107+0000] {logging_mixin.py:188} INFO - [2026-05-24T19:20:29.107+0000] {dag.py:3036} INFO - Sync 1 DAGs
[2026-05-24T19:20:29.353+0000] {processor.py:183} INFO - Processing /opt/airflow/dags/dag_crime_pipeline.py took 0.325 seconds
[2026-05-24T19:20:59.490+0000] {processor.py:161} INFO - Started process (PID=427) to work on /opt/airflow/dags/dag_crime_pipeline.py
[2026-05-24T19:20:59.492+0000] {processor.py:830} INFO - Processing file /opt/airflow/dags/dag_crime_pipeline.py for tasks to queue
[2026-05-24T19:20:59.495+0000] {logging_mixin.py:188} INFO - [2026-05-24T19:20:59.495+0000] {dagbag.py:538} INFO - Filling up the DagBag from /opt/airflow/dags/dag_crime_pipeline.py
[2026-05-24T19:20:59.859+0000] {processor.py:840} INFO - DAG(s) 'crime_analytics_pipeline' retrieved from /opt/airflow/dags/dag_crime_pipeline.py
[2026-05-24T19:20:59.889+0000] {logging_mixin.py:188} INFO - [2026-05-24T19:20:59.888+0000] {dag.py:3036} INFO - Sync 1 DAGs
[2026-05-24T19:20:59.933+0000] {processor.py:183} INFO - Processing /opt/airflow/dags/dag_crime_pipeline.py took 0.449 seconds
[2026-05-24T19:21:30.176+0000] {processor.py:161} INFO - Started process (PID=432) to work on /opt/airflow/dags/dag_crime_pipeline.py
[2026-05-24T19:21:30.177+0000] {processor.py:830} INFO - Processing file /opt/airflow/dags/dag_crime_pipeline.py for tasks to queue
[2026-05-24T19:21:30.181+0000] {logging_mixin.py:188} INFO - [2026-05-24T19:21:30.180+0000] {dagbag.py:538} INFO - Filling up the DagBag from /opt/airflow/dags/dag_crime_pipeline.py
[2026-05-24T19:21:30.221+0000] {processor.py:840} INFO - DAG(s) 'crime_analytics_pipeline' retrieved from /opt/airflow/dags/dag_crime_pipeline.py
[2026-05-24T19:21:30.255+0000] {logging_mixin.py:188} INFO - [2026-05-24T19:21:30.254+0000] {dag.py:3036} INFO - Sync 1 DAGs
[2026-05-24T19:21:30.296+0000] {processor.py:183} INFO - Processing /opt/airflow/dags/dag_crime_pipeline.py took 0.124 seconds
[2026-05-24T19:22:01.208+0000] {processor.py:161} INFO - Started process (PID=437) to work on /opt/airflow/dags/dag_crime_pipeline.py
[2026-05-24T19:22:01.209+0000] {processor.py:830} INFO - Processing file /opt/airflow/dags/dag_crime_pipeline.py for tasks to queue
[2026-05-24T19:22:01.211+0000] {logging_mixin.py:188} INFO - [2026-05-24T19:22:01.211+0000] {dagbag.py:538} INFO - Filling up the DagBag from /opt/airflow/dags/dag_crime_pipeline.py
[2026-05-24T19:22:01.248+0000] {processor.py:840} INFO - DAG(s) 'crime_analytics_pipeline' retrieved from /opt/airflow/dags/dag_crime_pipeline.py
[2026-05-24T19:22:01.293+0000] {logging_mixin.py:188} INFO - [2026-05-24T19:22:01.293+0000] {dag.py:3036} INFO - Sync 1 DAGs
[2026-05-24T19:22:01.344+0000] {processor.py:183} INFO - Processing /opt/airflow/dags/dag_crime_pipeline.py took 0.140 seconds
[2026-05-24T19:22:32.371+0000] {processor.py:161} INFO - Started process (PID=444) to work on /opt/airflow/dags/dag_crime_pipeline.py
[2026-05-24T19:22:32.373+0000] {processor.py:830} INFO - Processing file /opt/airflow/dags/dag_crime_pipeline.py for tasks to queue
[2026-05-24T19:22:32.375+0000] {logging_mixin.py:188} INFO - [2026-05-24T19:22:32.375+0000] {dagbag.py:538} INFO - Filling up the DagBag from /opt/airflow/dags/dag_crime_pipeline.py
[2026-05-24T19:22:32.411+0000] {processor.py:840} INFO - DAG(s) 'crime_analytics_pipeline' retrieved from /opt/airflow/dags/dag_crime_pipeline.py
[2026-05-24T19:22:32.445+0000] {logging_mixin.py:188} INFO - [2026-05-24T19:22:32.445+0000] {dag.py:3036} INFO - Sync 1 DAGs
[2026-05-24T19:22:32.493+0000] {processor.py:183} INFO - Processing /opt/airflow/dags/dag_crime_pipeline.py took 0.125 seconds
[2026-05-24T19:23:03.423+0000] {processor.py:161} INFO - Started process (PID=457) to work on /opt/airflow/dags/dag_crime_pipeline.py
[2026-05-24T19:23:03.424+0000] {processor.py:830} INFO - Processing file /opt/airflow/dags/dag_crime_pipeline.py for tasks to queue
[2026-05-24T19:23:03.427+0000] {logging_mixin.py:188} INFO - [2026-05-24T19:23:03.426+0000] {dagbag.py:538} INFO - Filling up the DagBag from /opt/airflow/dags/dag_crime_pipeline.py
[2026-05-24T19:23:03.464+0000] {processor.py:840} INFO - DAG(s) 'crime_analytics_pipeline' retrieved from /opt/airflow/dags/dag_crime_pipeline.py
[2026-05-24T19:23:03.495+0000] {logging_mixin.py:188} INFO - [2026-05-24T19:23:03.494+0000] {dag.py:3036} INFO - Sync 1 DAGs
[2026-05-24T19:23:03.559+0000] {processor.py:183} INFO - Processing /opt/airflow/dags/dag_crime_pipeline.py took 0.140 seconds
[2026-05-24T19:23:34.521+0000] {processor.py:161} INFO - Started process (PID=462) to work on /opt/airflow/dags/dag_crime_pipeline.py
[2026-05-24T19:23:34.523+0000] {processor.py:830} INFO - Processing file /opt/airflow/dags/dag_crime_pipeline.py for tasks to queue
[2026-05-24T19:23:34.525+0000] {logging_mixin.py:188} INFO - [2026-05-24T19:23:34.524+0000] {dagbag.py:538} INFO - Filling up the DagBag from /opt/airflow/dags/dag_crime_pipeline.py
[2026-05-24T19:23:34.558+0000] {processor.py:840} INFO - DAG(s) 'crime_analytics_pipeline' retrieved from /opt/airflow/dags/dag_crime_pipeline.py
[2026-05-24T19:23:34.589+0000] {logging_mixin.py:188} INFO - [2026-05-24T19:23:34.588+0000] {dag.py:3036} INFO - Sync 1 DAGs
[2026-05-24T19:23:34.649+0000] {processor.py:183} INFO - Processing /opt/airflow/dags/dag_crime_pipeline.py took 0.131 seconds
[2026-05-24T19:24:05.662+0000] {processor.py:161} INFO - Started process (PID=467) to work on /opt/airflow/dags/dag_crime_pipeline.py
[2026-05-24T19:24:05.664+0000] {processor.py:830} INFO - Processing file /opt/airflow/dags/dag_crime_pipeline.py for tasks to queue
[2026-05-24T19:24:05.667+0000] {logging_mixin.py:188} INFO - [2026-05-24T19:24:05.667+0000] {dagbag.py:538} INFO - Filling up the DagBag from /opt/airflow/dags/dag_crime_pipeline.py
[2026-05-24T19:24:05.702+0000] {processor.py:840} INFO - DAG(s) 'crime_analytics_pipeline' retrieved from /opt/airflow/dags/dag_crime_pipeline.py
[2026-05-24T19:24:05.733+0000] {logging_mixin.py:188} INFO - [2026-05-24T19:24:05.732+0000] {dag.py:3036} INFO - Sync 1 DAGs
[2026-05-24T19:24:05.773+0000] {processor.py:183} INFO - Processing /opt/airflow/dags/dag_crime_pipeline.py took 0.114 seconds
[2026-05-24T19:24:36.764+0000] {processor.py:161} INFO - Started process (PID=472) to work on /opt/airflow/dags/dag_crime_pipeline.py
[2026-05-24T19:24:36.766+0000] {processor.py:830} INFO - Processing file /opt/airflow/dags/dag_crime_pipeline.py for tasks to queue
[2026-05-24T19:24:36.769+0000] {logging_mixin.py:188} INFO - [2026-05-24T19:24:36.768+0000] {dagbag.py:538} INFO - Filling up the DagBag from /opt/airflow/dags/dag_crime_pipeline.py
[2026-05-24T19:24:36.805+0000] {processor.py:840} INFO - DAG(s) 'crime_analytics_pipeline' retrieved from /opt/airflow/dags/dag_crime_pipeline.py
[2026-05-24T19:24:36.837+0000] {logging_mixin.py:188} INFO - [2026-05-24T19:24:36.837+0000] {dag.py:3036} INFO - Sync 1 DAGs
[2026-05-24T19:24:36.896+0000] {processor.py:183} INFO - Processing /opt/airflow/dags/dag_crime_pipeline.py took 0.135 seconds
[2026-05-24T19:25:07.830+0000] {processor.py:161} INFO - Started process (PID=477) to work on /opt/airflow/dags/dag_crime_pipeline.py
[2026-05-24T19:25:07.831+0000] {processor.py:830} INFO - Processing file /opt/airflow/dags/dag_crime_pipeline.py for tasks to queue
[2026-05-24T19:25:07.833+0000] {logging_mixin.py:188} INFO - [2026-05-24T19:25:07.833+0000] {dagbag.py:538} INFO - Filling up the DagBag from /opt/airflow/dags/dag_crime_pipeline.py
[2026-05-24T19:25:07.875+0000] {processor.py:840} INFO - DAG(s) 'crime_analytics_pipeline' retrieved from /opt/airflow/dags/dag_crime_pipeline.py
[2026-05-24T19:25:07.910+0000] {logging_mixin.py:188} INFO - [2026-05-24T19:25:07.910+0000] {dag.py:3036} INFO - Sync 1 DAGs
[2026-05-24T19:25:07.971+0000] {processor.py:183} INFO - Processing /opt/airflow/dags/dag_crime_pipeline.py took 0.144 seconds
[2026-05-24T19:25:39.012+0000] {processor.py:161} INFO - Started process (PID=482) to work on /opt/airflow/dags/dag_crime_pipeline.py
[2026-05-24T19:25:39.013+0000] {processor.py:830} INFO - Processing file /opt/airflow/dags/dag_crime_pipeline.py for tasks to queue
[2026-05-24T19:25:39.015+0000] {logging_mixin.py:188} INFO - [2026-05-24T19:25:39.015+0000] {dagbag.py:538} INFO - Filling up the DagBag from /opt/airflow/dags/dag_crime_pipeline.py
[2026-05-24T19:25:39.052+0000] {processor.py:840} INFO - DAG(s) 'crime_analytics_pipeline' retrieved from /opt/airflow/dags/dag_crime_pipeline.py
[2026-05-24T19:25:39.087+0000] {logging_mixin.py:188} INFO - [2026-05-24T19:25:39.087+0000] {dag.py:3036} INFO - Sync 1 DAGs
[2026-05-24T19:25:39.142+0000] {processor.py:183} INFO - Processing /opt/airflow/dags/dag_crime_pipeline.py took 0.134 seconds
[2026-05-24T19:26:09.234+0000] {processor.py:161} INFO - Started process (PID=487) to work on /opt/airflow/dags/dag_crime_pipeline.py
[2026-05-24T19:26:09.236+0000] {processor.py:830} INFO - Processing file /opt/airflow/dags/dag_crime_pipeline.py for tasks to queue
[2026-05-24T19:26:09.239+0000] {logging_mixin.py:188} INFO - [2026-05-24T19:26:09.239+0000] {dagbag.py:538} INFO - Filling up the DagBag from /opt/airflow/dags/dag_crime_pipeline.py
[2026-05-24T19:26:09.290+0000] {processor.py:840} INFO - DAG(s) 'crime_analytics_pipeline' retrieved from /opt/airflow/dags/dag_crime_pipeline.py
[2026-05-24T19:26:09.323+0000] {logging_mixin.py:188} INFO - [2026-05-24T19:26:09.322+0000] {dag.py:3036} INFO - Sync 1 DAGs
[2026-05-24T19:26:09.361+0000] {processor.py:183} INFO - Processing /opt/airflow/dags/dag_crime_pipeline.py took 0.132 seconds
[2026-05-24T19:26:40.324+0000] {processor.py:161} INFO - Started process (PID=492) to work on /opt/airflow/dags/dag_crime_pipeline.py
[2026-05-24T19:26:40.326+0000] {processor.py:830} INFO - Processing file /opt/airflow/dags/dag_crime_pipeline.py for tasks to queue
[2026-05-24T19:26:40.328+0000] {logging_mixin.py:188} INFO - [2026-05-24T19:26:40.328+0000] {dagbag.py:538} INFO - Filling up the DagBag from /opt/airflow/dags/dag_crime_pipeline.py
[2026-05-24T19:26:40.366+0000] {processor.py:840} INFO - DAG(s) 'crime_analytics_pipeline' retrieved from /opt/airflow/dags/dag_crime_pipeline.py
[2026-05-24T19:26:40.400+0000] {logging_mixin.py:188} INFO - [2026-05-24T19:26:40.399+0000] {dag.py:3036} INFO - Sync 1 DAGs
[2026-05-24T19:26:40.461+0000] {processor.py:183} INFO - Processing /opt/airflow/dags/dag_crime_pipeline.py took 0.140 seconds
[2026-05-24T19:27:11.428+0000] {processor.py:161} INFO - Started process (PID=497) to work on /opt/airflow/dags/dag_crime_pipeline.py
[2026-05-24T19:27:11.430+0000] {processor.py:830} INFO - Processing file /opt/airflow/dags/dag_crime_pipeline.py for tasks to queue
[2026-05-24T19:27:11.432+0000] {logging_mixin.py:188} INFO - [2026-05-24T19:27:11.431+0000] {dagbag.py:538} INFO - Filling up the DagBag from /opt/airflow/dags/dag_crime_pipeline.py
[2026-05-24T19:27:11.466+0000] {processor.py:840} INFO - DAG(s) 'crime_analytics_pipeline' retrieved from /opt/airflow/dags/dag_crime_pipeline.py
[2026-05-24T19:27:11.495+0000] {logging_mixin.py:188} INFO - [2026-05-24T19:27:11.495+0000] {dag.py:3036} INFO - Sync 1 DAGs
[2026-05-24T19:27:11.557+0000] {processor.py:183} INFO - Processing /opt/airflow/dags/dag_crime_pipeline.py took 0.132 seconds
[2026-05-24T19:27:42.546+0000] {processor.py:161} INFO - Started process (PID=504) to work on /opt/airflow/dags/dag_crime_pipeline.py
[2026-05-24T19:27:42.547+0000] {processor.py:830} INFO - Processing file /opt/airflow/dags/dag_crime_pipeline.py for tasks to queue
[2026-05-24T19:27:42.549+0000] {logging_mixin.py:188} INFO - [2026-05-24T19:27:42.549+0000] {dagbag.py:538} INFO - Filling up the DagBag from /opt/airflow/dags/dag_crime_pipeline.py
[2026-05-24T19:27:42.585+0000] {processor.py:840} INFO - DAG(s) 'crime_analytics_pipeline' retrieved from /opt/airflow/dags/dag_crime_pipeline.py
[2026-05-24T19:27:42.612+0000] {logging_mixin.py:188} INFO - [2026-05-24T19:27:42.612+0000] {dag.py:3036} INFO - Sync 1 DAGs
[2026-05-24T19:27:42.632+0000] {logging_mixin.py:188} INFO - [2026-05-24T19:27:42.632+0000] {dag.py:3823} INFO - Setting next_dagrun for crime_analytics_pipeline to 2026-05-16 19:00:00+00:00, run_after=2026-05-23 19:00:00+00:00
[2026-05-24T19:27:42.650+0000] {processor.py:183} INFO - Processing /opt/airflow/dags/dag_crime_pipeline.py took 0.108 seconds
[2026-05-24T19:28:13.423+0000] {processor.py:161} INFO - Started process (PID=520) to work on /opt/airflow/dags/dag_crime_pipeline.py
[2026-05-24T19:28:13.424+0000] {processor.py:830} INFO - Processing file /opt/airflow/dags/dag_crime_pipeline.py for tasks to queue
[2026-05-24T19:28:13.426+0000] {logging_mixin.py:188} INFO - [2026-05-24T19:28:13.426+0000] {dagbag.py:538} INFO - Filling up the DagBag from /opt/airflow/dags/dag_crime_pipeline.py
[2026-05-24T19:28:13.461+0000] {processor.py:840} INFO - DAG(s) 'crime_analytics_pipeline' retrieved from /opt/airflow/dags/dag_crime_pipeline.py
[2026-05-24T19:28:13.488+0000] {logging_mixin.py:188} INFO - [2026-05-24T19:28:13.488+0000] {dag.py:3036} INFO - Sync 1 DAGs
[2026-05-24T19:28:13.533+0000] {processor.py:183} INFO - Processing /opt/airflow/dags/dag_crime_pipeline.py took 0.113 seconds
[2026-05-24T19:28:44.477+0000] {processor.py:161} INFO - Started process (PID=525) to work on /opt/airflow/dags/dag_crime_pipeline.py
[2026-05-24T19:28:44.478+0000] {processor.py:830} INFO - Processing file /opt/airflow/dags/dag_crime_pipeline.py for tasks to queue
[2026-05-24T19:28:44.481+0000] {logging_mixin.py:188} INFO - [2026-05-24T19:28:44.480+0000] {dagbag.py:538} INFO - Filling up the DagBag from /opt/airflow/dags/dag_crime_pipeline.py
[2026-05-24T19:28:44.536+0000] {processor.py:840} INFO - DAG(s) 'crime_analytics_pipeline' retrieved from /opt/airflow/dags/dag_crime_pipeline.py
[2026-05-24T19:28:44.567+0000] {logging_mixin.py:188} INFO - [2026-05-24T19:28:44.567+0000] {dag.py:3036} INFO - Sync 1 DAGs
[2026-05-24T19:28:44.601+0000] {processor.py:183} INFO - Processing /opt/airflow/dags/dag_crime_pipeline.py took 0.128 seconds
[2026-05-24T19:29:15.640+0000] {processor.py:161} INFO - Started process (PID=530) to work on /opt/airflow/dags/dag_crime_pipeline.py
[2026-05-24T19:29:15.641+0000] {processor.py:830} INFO - Processing file /opt/airflow/dags/dag_crime_pipeline.py for tasks to queue
[2026-05-24T19:29:15.644+0000] {logging_mixin.py:188} INFO - [2026-05-24T19:29:15.644+0000] {dagbag.py:538} INFO - Filling up the DagBag from /opt/airflow/dags/dag_crime_pipeline.py
[2026-05-24T19:29:15.675+0000] {processor.py:840} INFO - DAG(s) 'crime_analytics_pipeline' retrieved from /opt/airflow/dags/dag_crime_pipeline.py
[2026-05-24T19:29:15.701+0000] {logging_mixin.py:188} INFO - [2026-05-24T19:29:15.701+0000] {dag.py:3036} INFO - Sync 1 DAGs
[2026-05-24T19:29:15.737+0000] {processor.py:183} INFO - Processing /opt/airflow/dags/dag_crime_pipeline.py took 0.100 seconds
[2026-05-24T19:29:45.859+0000] {processor.py:161} INFO - Started process (PID=535) to work on /opt/airflow/dags/dag_crime_pipeline.py
[2026-05-24T19:29:45.860+0000] {processor.py:830} INFO - Processing file /opt/airflow/dags/dag_crime_pipeline.py for tasks to queue
[2026-05-24T19:29:45.863+0000] {logging_mixin.py:188} INFO - [2026-05-24T19:29:45.863+0000] {dagbag.py:538} INFO - Filling up the DagBag from /opt/airflow/dags/dag_crime_pipeline.py
[2026-05-24T19:29:45.901+0000] {processor.py:840} INFO - DAG(s) 'crime_analytics_pipeline' retrieved from /opt/airflow/dags/dag_crime_pipeline.py
[2026-05-24T19:29:45.931+0000] {logging_mixin.py:188} INFO - [2026-05-24T19:29:45.931+0000] {dag.py:3036} INFO - Sync 1 DAGs
[2026-05-24T19:29:45.967+0000] {processor.py:183} INFO - Processing /opt/airflow/dags/dag_crime_pipeline.py took 0.115 seconds
[2026-05-24T19:30:16.911+0000] {processor.py:161} INFO - Started process (PID=540) to work on /opt/airflow/dags/dag_crime_pipeline.py
[2026-05-24T19:30:16.912+0000] {processor.py:830} INFO - Processing file /opt/airflow/dags/dag_crime_pipeline.py for tasks to queue
[2026-05-24T19:30:16.914+0000] {logging_mixin.py:188} INFO - [2026-05-24T19:30:16.914+0000] {dagbag.py:538} INFO - Filling up the DagBag from /opt/airflow/dags/dag_crime_pipeline.py
[2026-05-24T19:30:16.952+0000] {processor.py:840} INFO - DAG(s) 'crime_analytics_pipeline' retrieved from /opt/airflow/dags/dag_crime_pipeline.py
[2026-05-24T19:30:16.985+0000] {logging_mixin.py:188} INFO - [2026-05-24T19:30:16.985+0000] {dag.py:3036} INFO - Sync 1 DAGs
[2026-05-24T19:30:17.039+0000] {processor.py:183} INFO - Processing /opt/airflow/dags/dag_crime_pipeline.py took 0.133 seconds
[2026-05-24T19:30:47.129+0000] {processor.py:161} INFO - Started process (PID=545) to work on /opt/airflow/dags/dag_crime_pipeline.py
[2026-05-24T19:30:47.130+0000] {processor.py:830} INFO - Processing file /opt/airflow/dags/dag_crime_pipeline.py for tasks to queue
[2026-05-24T19:30:47.132+0000] {logging_mixin.py:188} INFO - [2026-05-24T19:30:47.131+0000] {dagbag.py:538} INFO - Filling up the DagBag from /opt/airflow/dags/dag_crime_pipeline.py
[2026-05-24T19:30:47.164+0000] {processor.py:840} INFO - DAG(s) 'crime_analytics_pipeline' retrieved from /opt/airflow/dags/dag_crime_pipeline.py
[2026-05-24T19:30:47.192+0000] {logging_mixin.py:188} INFO - [2026-05-24T19:30:47.192+0000] {dag.py:3036} INFO - Sync 1 DAGs
[2026-05-24T19:30:47.231+0000] {processor.py:183} INFO - Processing /opt/airflow/dags/dag_crime_pipeline.py took 0.106 seconds
[2026-05-24T19:31:18.162+0000] {processor.py:161} INFO - Started process (PID=550) to work on /opt/airflow/dags/dag_crime_pipeline.py
[2026-05-24T19:31:18.164+0000] {processor.py:830} INFO - Processing file /opt/airflow/dags/dag_crime_pipeline.py for tasks to queue
[2026-05-24T19:31:18.167+0000] {logging_mixin.py:188} INFO - [2026-05-24T19:31:18.166+0000] {dagbag.py:538} INFO - Filling up the DagBag from /opt/airflow/dags/dag_crime_pipeline.py
[2026-05-24T19:31:18.208+0000] {processor.py:840} INFO - DAG(s) 'crime_analytics_pipeline' retrieved from /opt/airflow/dags/dag_crime_pipeline.py
[2026-05-24T19:31:18.241+0000] {logging_mixin.py:188} INFO - [2026-05-24T19:31:18.241+0000] {dag.py:3036} INFO - Sync 1 DAGs
[2026-05-24T19:31:18.301+0000] {processor.py:183} INFO - Processing /opt/airflow/dags/dag_crime_pipeline.py took 0.143 seconds
[2026-05-24T19:31:49.324+0000] {processor.py:161} INFO - Started process (PID=555) to work on /opt/airflow/dags/dag_crime_pipeline.py
[2026-05-24T19:31:49.325+0000] {processor.py:830} INFO - Processing file /opt/airflow/dags/dag_crime_pipeline.py for tasks to queue
[2026-05-24T19:31:49.327+0000] {logging_mixin.py:188} INFO - [2026-05-24T19:31:49.327+0000] {dagbag.py:538} INFO - Filling up the DagBag from /opt/airflow/dags/dag_crime_pipeline.py
[2026-05-24T19:31:49.387+0000] {processor.py:840} INFO - DAG(s) 'crime_analytics_pipeline' retrieved from /opt/airflow/dags/dag_crime_pipeline.py
[2026-05-24T19:31:49.436+0000] {logging_mixin.py:188} INFO - [2026-05-24T19:31:49.436+0000] {dag.py:3036} INFO - Sync 1 DAGs
[2026-05-24T19:31:49.474+0000] {processor.py:183} INFO - Processing /opt/airflow/dags/dag_crime_pipeline.py took 0.153 seconds
[2026-05-24T19:32:19.545+0000] {processor.py:161} INFO - Started process (PID=560) to work on /opt/airflow/dags/dag_crime_pipeline.py
[2026-05-24T19:32:19.547+0000] {processor.py:830} INFO - Processing file /opt/airflow/dags/dag_crime_pipeline.py for tasks to queue
[2026-05-24T19:32:19.549+0000] {logging_mixin.py:188} INFO - [2026-05-24T19:32:19.549+0000] {dagbag.py:538} INFO - Filling up the DagBag from /opt/airflow/dags/dag_crime_pipeline.py
[2026-05-24T19:32:19.584+0000] {processor.py:840} INFO - DAG(s) 'crime_analytics_pipeline' retrieved from /opt/airflow/dags/dag_crime_pipeline.py
[2026-05-24T19:32:19.613+0000] {logging_mixin.py:188} INFO - [2026-05-24T19:32:19.612+0000] {dag.py:3036} INFO - Sync 1 DAGs
[2026-05-24T19:32:19.669+0000] {processor.py:183} INFO - Processing /opt/airflow/dags/dag_crime_pipeline.py took 0.127 seconds
[2026-05-24T19:32:49.725+0000] {processor.py:161} INFO - Started process (PID=575) to work on /opt/airflow/dags/dag_crime_pipeline.py
[2026-05-24T19:32:49.726+0000] {processor.py:830} INFO - Processing file /opt/airflow/dags/dag_crime_pipeline.py for tasks to queue
[2026-05-24T19:32:49.728+0000] {logging_mixin.py:188} INFO - [2026-05-24T19:32:49.728+0000] {dagbag.py:538} INFO - Filling up the DagBag from /opt/airflow/dags/dag_crime_pipeline.py
[2026-05-24T19:32:49.770+0000] {processor.py:840} INFO - DAG(s) 'crime_analytics_pipeline' retrieved from /opt/airflow/dags/dag_crime_pipeline.py
[2026-05-24T19:32:49.801+0000] {logging_mixin.py:188} INFO - [2026-05-24T19:32:49.801+0000] {dag.py:3036} INFO - Sync 1 DAGs
[2026-05-24T19:32:49.860+0000] {processor.py:183} INFO - Processing /opt/airflow/dags/dag_crime_pipeline.py took 0.139 seconds
[2026-05-24T19:33:20.013+0000] {processor.py:161} INFO - Started process (PID=580) to work on /opt/airflow/dags/dag_crime_pipeline.py
[2026-05-24T19:33:20.015+0000] {processor.py:830} INFO - Processing file /opt/airflow/dags/dag_crime_pipeline.py for tasks to queue
[2026-05-24T19:33:20.021+0000] {logging_mixin.py:188} INFO - [2026-05-24T19:33:20.020+0000] {dagbag.py:538} INFO - Filling up the DagBag from /opt/airflow/dags/dag_crime_pipeline.py
[2026-05-24T19:33:20.066+0000] {processor.py:840} INFO - DAG(s) 'crime_analytics_pipeline' retrieved from /opt/airflow/dags/dag_crime_pipeline.py
[2026-05-24T19:33:20.101+0000] {logging_mixin.py:188} INFO - [2026-05-24T19:33:20.101+0000] {dag.py:3036} INFO - Sync 1 DAGs
[2026-05-24T19:33:20.144+0000] {processor.py:183} INFO - Processing /opt/airflow/dags/dag_crime_pipeline.py took 0.137 seconds
[2026-05-24T19:33:51.055+0000] {processor.py:161} INFO - Started process (PID=585) to work on /opt/airflow/dags/dag_crime_pipeline.py
[2026-05-24T19:33:51.056+0000] {processor.py:830} INFO - Processing file /opt/airflow/dags/dag_crime_pipeline.py for tasks to queue
[2026-05-24T19:33:51.058+0000] {logging_mixin.py:188} INFO - [2026-05-24T19:33:51.058+0000] {dagbag.py:538} INFO - Filling up the DagBag from /opt/airflow/dags/dag_crime_pipeline.py
[2026-05-24T19:33:51.097+0000] {processor.py:840} INFO - DAG(s) 'crime_analytics_pipeline' retrieved from /opt/airflow/dags/dag_crime_pipeline.py
[2026-05-24T19:33:51.141+0000] {logging_mixin.py:188} INFO - [2026-05-24T19:33:51.141+0000] {dag.py:3036} INFO - Sync 1 DAGs
[2026-05-24T19:33:51.177+0000] {processor.py:183} INFO - Processing /opt/airflow/dags/dag_crime_pipeline.py took 0.125 seconds
[2026-05-24T19:34:22.187+0000] {processor.py:161} INFO - Started process (PID=590) to work on /opt/airflow/dags/dag_crime_pipeline.py
[2026-05-24T19:34:22.188+0000] {processor.py:830} INFO - Processing file /opt/airflow/dags/dag_crime_pipeline.py for tasks to queue
[2026-05-24T19:34:22.190+0000] {logging_mixin.py:188} INFO - [2026-05-24T19:34:22.189+0000] {dagbag.py:538} INFO - Filling up the DagBag from /opt/airflow/dags/dag_crime_pipeline.py
[2026-05-24T19:34:22.224+0000] {processor.py:840} INFO - DAG(s) 'crime_analytics_pipeline' retrieved from /opt/airflow/dags/dag_crime_pipeline.py
[2026-05-24T19:34:22.252+0000] {logging_mixin.py:188} INFO - [2026-05-24T19:34:22.252+0000] {dag.py:3036} INFO - Sync 1 DAGs
[2026-05-24T19:34:22.291+0000] {processor.py:183} INFO - Processing /opt/airflow/dags/dag_crime_pipeline.py took 0.107 seconds
[2026-05-24T19:34:53.209+0000] {processor.py:161} INFO - Started process (PID=595) to work on /opt/airflow/dags/dag_crime_pipeline.py
[2026-05-24T19:34:53.210+0000] {processor.py:830} INFO - Processing file /opt/airflow/dags/dag_crime_pipeline.py for tasks to queue
[2026-05-24T19:34:53.212+0000] {logging_mixin.py:188} INFO - [2026-05-24T19:34:53.212+0000] {dagbag.py:538} INFO - Filling up the DagBag from /opt/airflow/dags/dag_crime_pipeline.py
[2026-05-24T19:34:53.246+0000] {processor.py:840} INFO - DAG(s) 'crime_analytics_pipeline' retrieved from /opt/airflow/dags/dag_crime_pipeline.py
[2026-05-24T19:34:53.274+0000] {logging_mixin.py:188} INFO - [2026-05-24T19:34:53.273+0000] {dag.py:3036} INFO - Sync 1 DAGs
[2026-05-24T19:34:53.310+0000] {processor.py:183} INFO - Processing /opt/airflow/dags/dag_crime_pipeline.py took 0.105 seconds
[2026-05-24T19:35:23.367+0000] {processor.py:161} INFO - Started process (PID=600) to work on /opt/airflow/dags/dag_crime_pipeline.py
[2026-05-24T19:35:23.368+0000] {processor.py:830} INFO - Processing file /opt/airflow/dags/dag_crime_pipeline.py for tasks to queue
[2026-05-24T19:35:23.370+0000] {logging_mixin.py:188} INFO - [2026-05-24T19:35:23.370+0000] {dagbag.py:538} INFO - Filling up the DagBag from /opt/airflow/dags/dag_crime_pipeline.py
[2026-05-24T19:35:23.404+0000] {processor.py:840} INFO - DAG(s) 'crime_analytics_pipeline' retrieved from /opt/airflow/dags/dag_crime_pipeline.py
[2026-05-24T19:35:23.431+0000] {logging_mixin.py:188} INFO - [2026-05-24T19:35:23.431+0000] {dag.py:3036} INFO - Sync 1 DAGs
[2026-05-24T19:35:23.467+0000] {processor.py:183} INFO - Processing /opt/airflow/dags/dag_crime_pipeline.py took 0.104 seconds
[2026-05-24T19:35:54.515+0000] {processor.py:161} INFO - Started process (PID=605) to work on /opt/airflow/dags/dag_crime_pipeline.py
[2026-05-24T19:35:54.516+0000] {processor.py:830} INFO - Processing file /opt/airflow/dags/dag_crime_pipeline.py for tasks to queue
[2026-05-24T19:35:54.518+0000] {logging_mixin.py:188} INFO - [2026-05-24T19:35:54.518+0000] {dagbag.py:538} INFO - Filling up the DagBag from /opt/airflow/dags/dag_crime_pipeline.py
[2026-05-24T19:35:54.557+0000] {processor.py:840} INFO - DAG(s) 'crime_analytics_pipeline' retrieved from /opt/airflow/dags/dag_crime_pipeline.py
[2026-05-24T19:35:54.592+0000] {logging_mixin.py:188} INFO - [2026-05-24T19:35:54.592+0000] {dag.py:3036} INFO - Sync 1 DAGs
[2026-05-24T19:35:54.632+0000] {processor.py:183} INFO - Processing /opt/airflow/dags/dag_crime_pipeline.py took 0.120 seconds
[2026-05-24T19:36:25.614+0000] {processor.py:161} INFO - Started process (PID=610) to work on /opt/airflow/dags/dag_crime_pipeline.py
[2026-05-24T19:36:25.615+0000] {processor.py:830} INFO - Processing file /opt/airflow/dags/dag_crime_pipeline.py for tasks to queue
[2026-05-24T19:36:25.617+0000] {logging_mixin.py:188} INFO - [2026-05-24T19:36:25.617+0000] {dagbag.py:538} INFO - Filling up the DagBag from /opt/airflow/dags/dag_crime_pipeline.py
[2026-05-24T19:36:25.653+0000] {processor.py:840} INFO - DAG(s) 'crime_analytics_pipeline' retrieved from /opt/airflow/dags/dag_crime_pipeline.py
[2026-05-24T19:36:25.688+0000] {logging_mixin.py:188} INFO - [2026-05-24T19:36:25.688+0000] {dag.py:3036} INFO - Sync 1 DAGs
[2026-05-24T19:36:25.750+0000] {processor.py:183} INFO - Processing /opt/airflow/dags/dag_crime_pipeline.py took 0.140 seconds
[2026-05-24T19:36:56.673+0000] {processor.py:161} INFO - Started process (PID=615) to work on /opt/airflow/dags/dag_crime_pipeline.py
[2026-05-24T19:36:56.674+0000] {processor.py:830} INFO - Processing file /opt/airflow/dags/dag_crime_pipeline.py for tasks to queue
[2026-05-24T19:36:56.676+0000] {logging_mixin.py:188} INFO - [2026-05-24T19:36:56.676+0000] {dagbag.py:538} INFO - Filling up the DagBag from /opt/airflow/dags/dag_crime_pipeline.py
[2026-05-24T19:36:56.739+0000] {processor.py:840} INFO - DAG(s) 'crime_analytics_pipeline' retrieved from /opt/airflow/dags/dag_crime_pipeline.py
[2026-05-24T19:36:56.776+0000] {logging_mixin.py:188} INFO - [2026-05-24T19:36:56.775+0000] {dag.py:3036} INFO - Sync 1 DAGs
[2026-05-24T19:36:56.832+0000] {processor.py:183} INFO - Processing /opt/airflow/dags/dag_crime_pipeline.py took 0.164 seconds
[2026-05-24T19:37:27.841+0000] {processor.py:161} INFO - Started process (PID=620) to work on /opt/airflow/dags/dag_crime_pipeline.py
[2026-05-24T19:37:27.842+0000] {processor.py:830} INFO - Processing file /opt/airflow/dags/dag_crime_pipeline.py for tasks to queue
[2026-05-24T19:37:27.844+0000] {logging_mixin.py:188} INFO - [2026-05-24T19:37:27.844+0000] {dagbag.py:538} INFO - Filling up the DagBag from /opt/airflow/dags/dag_crime_pipeline.py
[2026-05-24T19:37:27.878+0000] {processor.py:840} INFO - DAG(s) 'crime_analytics_pipeline' retrieved from /opt/airflow/dags/dag_crime_pipeline.py
[2026-05-24T19:37:27.911+0000] {logging_mixin.py:188} INFO - [2026-05-24T19:37:27.911+0000] {dag.py:3036} INFO - Sync 1 DAGs
[2026-05-24T19:37:27.958+0000] {processor.py:183} INFO - Processing /opt/airflow/dags/dag_crime_pipeline.py took 0.120 seconds
[2026-05-24T19:37:58.019+0000] {processor.py:161} INFO - Started process (PID=627) to work on /opt/airflow/dags/dag_crime_pipeline.py
[2026-05-24T19:37:58.020+0000] {processor.py:830} INFO - Processing file /opt/airflow/dags/dag_crime_pipeline.py for tasks to queue
[2026-05-24T19:37:58.024+0000] {logging_mixin.py:188} INFO - [2026-05-24T19:37:58.023+0000] {dagbag.py:538} INFO - Filling up the DagBag from /opt/airflow/dags/dag_crime_pipeline.py
[2026-05-24T19:37:58.060+0000] {processor.py:840} INFO - DAG(s) 'crime_analytics_pipeline' retrieved from /opt/airflow/dags/dag_crime_pipeline.py
[2026-05-24T19:37:58.088+0000] {logging_mixin.py:188} INFO - [2026-05-24T19:37:58.088+0000] {dag.py:3036} INFO - Sync 1 DAGs
[2026-05-24T19:37:58.109+0000] {logging_mixin.py:188} INFO - [2026-05-24T19:37:58.109+0000] {dag.py:3823} INFO - Setting next_dagrun for crime_analytics_pipeline to 2026-05-23 19:00:00+00:00, run_after=2026-05-30 19:00:00+00:00
[2026-05-24T19:37:58.146+0000] {processor.py:183} INFO - Processing /opt/airflow/dags/dag_crime_pipeline.py took 0.131 seconds
[2026-05-24T19:38:29.135+0000] {processor.py:161} INFO - Started process (PID=632) to work on /opt/airflow/dags/dag_crime_pipeline.py
[2026-05-24T19:38:29.138+0000] {processor.py:830} INFO - Processing file /opt/airflow/dags/dag_crime_pipeline.py for tasks to queue
[2026-05-24T19:38:29.141+0000] {logging_mixin.py:188} INFO - [2026-05-24T19:38:29.140+0000] {dagbag.py:538} INFO - Filling up the DagBag from /opt/airflow/dags/dag_crime_pipeline.py
[2026-05-24T19:38:29.192+0000] {processor.py:840} INFO - DAG(s) 'crime_analytics_pipeline' retrieved from /opt/airflow/dags/dag_crime_pipeline.py
[2026-05-24T19:38:29.221+0000] {logging_mixin.py:188} INFO - [2026-05-24T19:38:29.220+0000] {dag.py:3036} INFO - Sync 1 DAGs
[2026-05-24T19:38:29.240+0000] {logging_mixin.py:188} INFO - [2026-05-24T19:38:29.239+0000] {dag.py:3823} INFO - Setting next_dagrun for crime_analytics_pipeline to 2026-05-23 19:00:00+00:00, run_after=2026-05-30 19:00:00+00:00
[2026-05-24T19:38:29.277+0000] {processor.py:183} INFO - Processing /opt/airflow/dags/dag_crime_pipeline.py took 0.146 seconds
[2026-05-24T19:39:00.195+0000] {processor.py:161} INFO - Started process (PID=637) to work on /opt/airflow/dags/dag_crime_pipeline.py
[2026-05-24T19:39:00.197+0000] {processor.py:830} INFO - Processing file /opt/airflow/dags/dag_crime_pipeline.py for tasks to queue
[2026-05-24T19:39:00.199+0000] {logging_mixin.py:188} INFO - [2026-05-24T19:39:00.199+0000] {dagbag.py:538} INFO - Filling up the DagBag from /opt/airflow/dags/dag_crime_pipeline.py
[2026-05-24T19:39:00.233+0000] {processor.py:840} INFO - DAG(s) 'crime_analytics_pipeline' retrieved from /opt/airflow/dags/dag_crime_pipeline.py
[2026-05-24T19:39:00.262+0000] {logging_mixin.py:188} INFO - [2026-05-24T19:39:00.261+0000] {dag.py:3036} INFO - Sync 1 DAGs
[2026-05-24T19:39:00.284+0000] {logging_mixin.py:188} INFO - [2026-05-24T19:39:00.284+0000] {dag.py:3823} INFO - Setting next_dagrun for crime_analytics_pipeline to 2026-05-23 19:00:00+00:00, run_after=2026-05-30 19:00:00+00:00
[2026-05-24T19:39:00.304+0000] {processor.py:183} INFO - Processing /opt/airflow/dags/dag_crime_pipeline.py took 0.112 seconds
[2026-05-24T19:39:31.309+0000] {processor.py:161} INFO - Started process (PID=642) to work on /opt/airflow/dags/dag_crime_pipeline.py
[2026-05-24T19:39:31.310+0000] {processor.py:830} INFO - Processing file /opt/airflow/dags/dag_crime_pipeline.py for tasks to queue
[2026-05-24T19:39:31.312+0000] {logging_mixin.py:188} INFO - [2026-05-24T19:39:31.312+0000] {dagbag.py:538} INFO - Filling up the DagBag from /opt/airflow/dags/dag_crime_pipeline.py
[2026-05-24T19:39:31.346+0000] {processor.py:840} INFO - DAG(s) 'crime_analytics_pipeline' retrieved from /opt/airflow/dags/dag_crime_pipeline.py
[2026-05-24T19:39:31.374+0000] {logging_mixin.py:188} INFO - [2026-05-24T19:39:31.374+0000] {dag.py:3036} INFO - Sync 1 DAGs
[2026-05-24T19:39:31.396+0000] {logging_mixin.py:188} INFO - [2026-05-24T19:39:31.395+0000] {dag.py:3823} INFO - Setting next_dagrun for crime_analytics_pipeline to 2026-05-23 19:00:00+00:00, run_after=2026-05-30 19:00:00+00:00
[2026-05-24T19:39:31.416+0000] {processor.py:183} INFO - Processing /opt/airflow/dags/dag_crime_pipeline.py took 0.111 seconds
[2026-05-24T19:40:02.416+0000] {processor.py:161} INFO - Started process (PID=647) to work on /opt/airflow/dags/dag_crime_pipeline.py
[2026-05-24T19:40:02.418+0000] {processor.py:830} INFO - Processing file /opt/airflow/dags/dag_crime_pipeline.py for tasks to queue
[2026-05-24T19:40:02.423+0000] {logging_mixin.py:188} INFO - [2026-05-24T19:40:02.422+0000] {dagbag.py:538} INFO - Filling up the DagBag from /opt/airflow/dags/dag_crime_pipeline.py
[2026-05-24T19:40:02.476+0000] {processor.py:840} INFO - DAG(s) 'crime_analytics_pipeline' retrieved from /opt/airflow/dags/dag_crime_pipeline.py
[2026-05-24T19:40:02.519+0000] {logging_mixin.py:188} INFO - [2026-05-24T19:40:02.518+0000] {dag.py:3036} INFO - Sync 1 DAGs
[2026-05-24T19:40:02.548+0000] {logging_mixin.py:188} INFO - [2026-05-24T19:40:02.548+0000] {dag.py:3823} INFO - Setting next_dagrun for crime_analytics_pipeline to 2026-05-23 19:00:00+00:00, run_after=2026-05-30 19:00:00+00:00
[2026-05-24T19:40:02.592+0000] {processor.py:183} INFO - Processing /opt/airflow/dags/dag_crime_pipeline.py took 0.180 seconds
[2026-05-24T19:40:32.657+0000] {processor.py:161} INFO - Started process (PID=652) to work on /opt/airflow/dags/dag_crime_pipeline.py
[2026-05-24T19:40:32.659+0000] {processor.py:830} INFO - Processing file /opt/airflow/dags/dag_crime_pipeline.py for tasks to queue
[2026-05-24T19:40:32.662+0000] {logging_mixin.py:188} INFO - [2026-05-24T19:40:32.661+0000] {dagbag.py:538} INFO - Filling up the DagBag from /opt/airflow/dags/dag_crime_pipeline.py
[2026-05-24T19:40:32.695+0000] {processor.py:840} INFO - DAG(s) 'crime_analytics_pipeline' retrieved from /opt/airflow/dags/dag_crime_pipeline.py
[2026-05-24T19:40:32.729+0000] {logging_mixin.py:188} INFO - [2026-05-24T19:40:32.729+0000] {dag.py:3036} INFO - Sync 1 DAGs
[2026-05-24T19:40:32.754+0000] {logging_mixin.py:188} INFO - [2026-05-24T19:40:32.753+0000] {dag.py:3823} INFO - Setting next_dagrun for crime_analytics_pipeline to 2026-05-23 19:00:00+00:00, run_after=2026-05-30 19:00:00+00:00
[2026-05-24T19:40:32.775+0000] {processor.py:183} INFO - Processing /opt/airflow/dags/dag_crime_pipeline.py took 0.121 seconds
[2026-05-24T19:41:02.836+0000] {processor.py:161} INFO - Started process (PID=657) to work on /opt/airflow/dags/dag_crime_pipeline.py
[2026-05-24T19:41:02.837+0000] {processor.py:830} INFO - Processing file /opt/airflow/dags/dag_crime_pipeline.py for tasks to queue
[2026-05-24T19:41:02.840+0000] {logging_mixin.py:188} INFO - [2026-05-24T19:41:02.840+0000] {dagbag.py:538} INFO - Filling up the DagBag from /opt/airflow/dags/dag_crime_pipeline.py
[2026-05-24T19:41:02.877+0000] {processor.py:840} INFO - DAG(s) 'crime_analytics_pipeline' retrieved from /opt/airflow/dags/dag_crime_pipeline.py
[2026-05-24T19:41:02.913+0000] {logging_mixin.py:188} INFO - [2026-05-24T19:41:02.913+0000] {dag.py:3036} INFO - Sync 1 DAGs
[2026-05-24T19:41:02.940+0000] {logging_mixin.py:188} INFO - [2026-05-24T19:41:02.940+0000] {dag.py:3823} INFO - Setting next_dagrun for crime_analytics_pipeline to 2026-05-23 19:00:00+00:00, run_after=2026-05-30 19:00:00+00:00
[2026-05-24T19:41:02.962+0000] {processor.py:183} INFO - Processing /opt/airflow/dags/dag_crime_pipeline.py took 0.131 seconds
[2026-05-24T19:41:33.853+0000] {processor.py:161} INFO - Started process (PID=662) to work on /opt/airflow/dags/dag_crime_pipeline.py
[2026-05-24T19:41:33.854+0000] {processor.py:830} INFO - Processing file /opt/airflow/dags/dag_crime_pipeline.py for tasks to queue
[2026-05-24T19:41:33.857+0000] {logging_mixin.py:188} INFO - [2026-05-24T19:41:33.856+0000] {dagbag.py:538} INFO - Filling up the DagBag from /opt/airflow/dags/dag_crime_pipeline.py
[2026-05-24T19:41:33.890+0000] {processor.py:840} INFO - DAG(s) 'crime_analytics_pipeline' retrieved from /opt/airflow/dags/dag_crime_pipeline.py
[2026-05-24T19:41:33.920+0000] {logging_mixin.py:188} INFO - [2026-05-24T19:41:33.920+0000] {dag.py:3036} INFO - Sync 1 DAGs
[2026-05-24T19:41:33.945+0000] {logging_mixin.py:188} INFO - [2026-05-24T19:41:33.945+0000] {dag.py:3823} INFO - Setting next_dagrun for crime_analytics_pipeline to 2026-05-23 19:00:00+00:00, run_after=2026-05-30 19:00:00+00:00
[2026-05-24T19:41:33.987+0000] {processor.py:183} INFO - Processing /opt/airflow/dags/dag_crime_pipeline.py took 0.138 seconds
[2026-05-24T19:42:05.027+0000] {processor.py:161} INFO - Started process (PID=667) to work on /opt/airflow/dags/dag_crime_pipeline.py
[2026-05-24T19:42:05.029+0000] {processor.py:830} INFO - Processing file /opt/airflow/dags/dag_crime_pipeline.py for tasks to queue
[2026-05-24T19:42:05.031+0000] {logging_mixin.py:188} INFO - [2026-05-24T19:42:05.031+0000] {dagbag.py:538} INFO - Filling up the DagBag from /opt/airflow/dags/dag_crime_pipeline.py
[2026-05-24T19:42:05.065+0000] {processor.py:840} INFO - DAG(s) 'crime_analytics_pipeline' retrieved from /opt/airflow/dags/dag_crime_pipeline.py
[2026-05-24T19:42:05.093+0000] {logging_mixin.py:188} INFO - [2026-05-24T19:42:05.093+0000] {dag.py:3036} INFO - Sync 1 DAGs
[2026-05-24T19:42:05.115+0000] {logging_mixin.py:188} INFO - [2026-05-24T19:42:05.115+0000] {dag.py:3823} INFO - Setting next_dagrun for crime_analytics_pipeline to 2026-05-23 19:00:00+00:00, run_after=2026-05-30 19:00:00+00:00
[2026-05-24T19:42:05.134+0000] {processor.py:183} INFO - Processing /opt/airflow/dags/dag_crime_pipeline.py took 0.110 seconds
[2026-05-24T19:42:35.224+0000] {processor.py:161} INFO - Started process (PID=672) to work on /opt/airflow/dags/dag_crime_pipeline.py
[2026-05-24T19:42:35.225+0000] {processor.py:830} INFO - Processing file /opt/airflow/dags/dag_crime_pipeline.py for tasks to queue
[2026-05-24T19:42:35.228+0000] {logging_mixin.py:188} INFO - [2026-05-24T19:42:35.228+0000] {dagbag.py:538} INFO - Filling up the DagBag from /opt/airflow/dags/dag_crime_pipeline.py
[2026-05-24T19:42:35.269+0000] {processor.py:840} INFO - DAG(s) 'crime_analytics_pipeline' retrieved from /opt/airflow/dags/dag_crime_pipeline.py
[2026-05-24T19:42:35.302+0000] {logging_mixin.py:188} INFO - [2026-05-24T19:42:35.302+0000] {dag.py:3036} INFO - Sync 1 DAGs
[2026-05-24T19:42:35.329+0000] {logging_mixin.py:188} INFO - [2026-05-24T19:42:35.328+0000] {dag.py:3823} INFO - Setting next_dagrun for crime_analytics_pipeline to 2026-05-23 19:00:00+00:00, run_after=2026-05-30 19:00:00+00:00
[2026-05-24T19:42:35.349+0000] {processor.py:183} INFO - Processing /opt/airflow/dags/dag_crime_pipeline.py took 0.130 seconds
[2026-05-24T19:43:06.391+0000] {processor.py:161} INFO - Started process (PID=677) to work on /opt/airflow/dags/dag_crime_pipeline.py
[2026-05-24T19:43:06.392+0000] {processor.py:830} INFO - Processing file /opt/airflow/dags/dag_crime_pipeline.py for tasks to queue
[2026-05-24T19:43:06.394+0000] {logging_mixin.py:188} INFO - [2026-05-24T19:43:06.394+0000] {dagbag.py:538} INFO - Filling up the DagBag from /opt/airflow/dags/dag_crime_pipeline.py
[2026-05-24T19:43:06.431+0000] {processor.py:840} INFO - DAG(s) 'crime_analytics_pipeline' retrieved from /opt/airflow/dags/dag_crime_pipeline.py
[2026-05-24T19:43:06.461+0000] {logging_mixin.py:188} INFO - [2026-05-24T19:43:06.461+0000] {dag.py:3036} INFO - Sync 1 DAGs
[2026-05-24T19:43:06.487+0000] {logging_mixin.py:188} INFO - [2026-05-24T19:43:06.487+0000] {dag.py:3823} INFO - Setting next_dagrun for crime_analytics_pipeline to 2026-05-23 19:00:00+00:00, run_after=2026-05-30 19:00:00+00:00
[2026-05-24T19:43:06.527+0000] {processor.py:183} INFO - Processing /opt/airflow/dags/dag_crime_pipeline.py took 0.139 seconds
[2026-05-24T19:43:37.317+0000] {processor.py:161} INFO - Started process (PID=682) to work on /opt/airflow/dags/dag_crime_pipeline.py
[2026-05-24T19:43:37.318+0000] {processor.py:830} INFO - Processing file /opt/airflow/dags/dag_crime_pipeline.py for tasks to queue
[2026-05-24T19:43:37.321+0000] {logging_mixin.py:188} INFO - [2026-05-24T19:43:37.320+0000] {dagbag.py:538} INFO - Filling up the DagBag from /opt/airflow/dags/dag_crime_pipeline.py
[2026-05-24T19:43:37.355+0000] {processor.py:840} INFO - DAG(s) 'crime_analytics_pipeline' retrieved from /opt/airflow/dags/dag_crime_pipeline.py
[2026-05-24T19:43:37.390+0000] {logging_mixin.py:188} INFO - [2026-05-24T19:43:37.389+0000] {dag.py:3036} INFO - Sync 1 DAGs
[2026-05-24T19:43:37.413+0000] {logging_mixin.py:188} INFO - [2026-05-24T19:43:37.413+0000] {dag.py:3823} INFO - Setting next_dagrun for crime_analytics_pipeline to 2026-05-23 19:00:00+00:00, run_after=2026-05-30 19:00:00+00:00
[2026-05-24T19:43:37.433+0000] {processor.py:183} INFO - Processing /opt/airflow/dags/dag_crime_pipeline.py took 0.119 seconds
[2026-05-24T19:44:07.498+0000] {processor.py:161} INFO - Started process (PID=687) to work on /opt/airflow/dags/dag_crime_pipeline.py
[2026-05-24T19:44:07.499+0000] {processor.py:830} INFO - Processing file /opt/airflow/dags/dag_crime_pipeline.py for tasks to queue
[2026-05-24T19:44:07.502+0000] {logging_mixin.py:188} INFO - [2026-05-24T19:44:07.502+0000] {dagbag.py:538} INFO - Filling up the DagBag from /opt/airflow/dags/dag_crime_pipeline.py
[2026-05-24T19:44:07.543+0000] {processor.py:840} INFO - DAG(s) 'crime_analytics_pipeline' retrieved from /opt/airflow/dags/dag_crime_pipeline.py
[2026-05-24T19:44:07.582+0000] {logging_mixin.py:188} INFO - [2026-05-24T19:44:07.581+0000] {dag.py:3036} INFO - Sync 1 DAGs
[2026-05-24T19:44:07.608+0000] {logging_mixin.py:188} INFO - [2026-05-24T19:44:07.607+0000] {dag.py:3823} INFO - Setting next_dagrun for crime_analytics_pipeline to 2026-05-23 19:00:00+00:00, run_after=2026-05-30 19:00:00+00:00
[2026-05-24T19:44:07.629+0000] {processor.py:183} INFO - Processing /opt/airflow/dags/dag_crime_pipeline.py took 0.134 seconds
[2026-05-24T19:44:38.568+0000] {processor.py:161} INFO - Started process (PID=692) to work on /opt/airflow/dags/dag_crime_pipeline.py
[2026-05-24T19:44:38.570+0000] {processor.py:830} INFO - Processing file /opt/airflow/dags/dag_crime_pipeline.py for tasks to queue
[2026-05-24T19:44:38.572+0000] {logging_mixin.py:188} INFO - [2026-05-24T19:44:38.572+0000] {dagbag.py:538} INFO - Filling up the DagBag from /opt/airflow/dags/dag_crime_pipeline.py
[2026-05-24T19:44:38.608+0000] {processor.py:840} INFO - DAG(s) 'crime_analytics_pipeline' retrieved from /opt/airflow/dags/dag_crime_pipeline.py
[2026-05-24T19:44:38.643+0000] {logging_mixin.py:188} INFO - [2026-05-24T19:44:38.643+0000] {dag.py:3036} INFO - Sync 1 DAGs
[2026-05-24T19:44:38.668+0000] {logging_mixin.py:188} INFO - [2026-05-24T19:44:38.668+0000] {dag.py:3823} INFO - Setting next_dagrun for crime_analytics_pipeline to 2026-05-23 19:00:00+00:00, run_after=2026-05-30 19:00:00+00:00
[2026-05-24T19:44:38.691+0000] {processor.py:183} INFO - Processing /opt/airflow/dags/dag_crime_pipeline.py took 0.127 seconds
[2026-05-24T19:45:09.686+0000] {processor.py:161} INFO - Started process (PID=697) to work on /opt/airflow/dags/dag_crime_pipeline.py
[2026-05-24T19:45:09.687+0000] {processor.py:830} INFO - Processing file /opt/airflow/dags/dag_crime_pipeline.py for tasks to queue
[2026-05-24T19:45:09.690+0000] {logging_mixin.py:188} INFO - [2026-05-24T19:45:09.689+0000] {dagbag.py:538} INFO - Filling up the DagBag from /opt/airflow/dags/dag_crime_pipeline.py
[2026-05-24T19:45:09.725+0000] {processor.py:840} INFO - DAG(s) 'crime_analytics_pipeline' retrieved from /opt/airflow/dags/dag_crime_pipeline.py
[2026-05-24T19:45:09.753+0000] {logging_mixin.py:188} INFO - [2026-05-24T19:45:09.753+0000] {dag.py:3036} INFO - Sync 1 DAGs
[2026-05-24T19:45:09.776+0000] {logging_mixin.py:188} INFO - [2026-05-24T19:45:09.776+0000] {dag.py:3823} INFO - Setting next_dagrun for crime_analytics_pipeline to 2026-05-23 19:00:00+00:00, run_after=2026-05-30 19:00:00+00:00
[2026-05-24T19:45:09.814+0000] {processor.py:183} INFO - Processing /opt/airflow/dags/dag_crime_pipeline.py took 0.132 seconds
[2026-05-24T19:45:40.815+0000] {processor.py:161} INFO - Started process (PID=702) to work on /opt/airflow/dags/dag_crime_pipeline.py
[2026-05-24T19:45:40.816+0000] {processor.py:830} INFO - Processing file /opt/airflow/dags/dag_crime_pipeline.py for tasks to queue
[2026-05-24T19:45:40.818+0000] {logging_mixin.py:188} INFO - [2026-05-24T19:45:40.817+0000] {dagbag.py:538} INFO - Filling up the DagBag from /opt/airflow/dags/dag_crime_pipeline.py
[2026-05-24T19:45:40.850+0000] {processor.py:840} INFO - DAG(s) 'crime_analytics_pipeline' retrieved from /opt/airflow/dags/dag_crime_pipeline.py
[2026-05-24T19:45:40.877+0000] {logging_mixin.py:188} INFO - [2026-05-24T19:45:40.877+0000] {dag.py:3036} INFO - Sync 1 DAGs
[2026-05-24T19:45:40.900+0000] {logging_mixin.py:188} INFO - [2026-05-24T19:45:40.900+0000] {dag.py:3823} INFO - Setting next_dagrun for crime_analytics_pipeline to 2026-05-23 19:00:00+00:00, run_after=2026-05-30 19:00:00+00:00
[2026-05-24T19:45:40.918+0000] {processor.py:183} INFO - Processing /opt/airflow/dags/dag_crime_pipeline.py took 0.107 seconds
[2026-05-24T19:46:11.860+0000] {processor.py:161} INFO - Started process (PID=707) to work on /opt/airflow/dags/dag_crime_pipeline.py
[2026-05-24T19:46:11.861+0000] {processor.py:830} INFO - Processing file /opt/airflow/dags/dag_crime_pipeline.py for tasks to queue
[2026-05-24T19:46:11.863+0000] {logging_mixin.py:188} INFO - [2026-05-24T19:46:11.863+0000] {dagbag.py:538} INFO - Filling up the DagBag from /opt/airflow/dags/dag_crime_pipeline.py
[2026-05-24T19:46:11.901+0000] {processor.py:840} INFO - DAG(s) 'crime_analytics_pipeline' retrieved from /opt/airflow/dags/dag_crime_pipeline.py
[2026-05-24T19:46:11.930+0000] {logging_mixin.py:188} INFO - [2026-05-24T19:46:11.930+0000] {dag.py:3036} INFO - Sync 1 DAGs
[2026-05-24T19:46:11.953+0000] {logging_mixin.py:188} INFO - [2026-05-24T19:46:11.953+0000] {dag.py:3823} INFO - Setting next_dagrun for crime_analytics_pipeline to 2026-05-23 19:00:00+00:00, run_after=2026-05-30 19:00:00+00:00
[2026-05-24T19:46:11.972+0000] {processor.py:183} INFO - Processing /opt/airflow/dags/dag_crime_pipeline.py took 0.116 seconds
[2026-05-24T19:46:42.984+0000] {processor.py:161} INFO - Started process (PID=712) to work on /opt/airflow/dags/dag_crime_pipeline.py
[2026-05-24T19:46:42.985+0000] {processor.py:830} INFO - Processing file /opt/airflow/dags/dag_crime_pipeline.py for tasks to queue
[2026-05-24T19:46:42.987+0000] {logging_mixin.py:188} INFO - [2026-05-24T19:46:42.987+0000] {dagbag.py:538} INFO - Filling up the DagBag from /opt/airflow/dags/dag_crime_pipeline.py
[2026-05-24T19:46:43.029+0000] {processor.py:840} INFO - DAG(s) 'crime_analytics_pipeline' retrieved from /opt/airflow/dags/dag_crime_pipeline.py
[2026-05-24T19:46:43.067+0000] {logging_mixin.py:188} INFO - [2026-05-24T19:46:43.067+0000] {dag.py:3036} INFO - Sync 1 DAGs
[2026-05-24T19:46:43.099+0000] {logging_mixin.py:188} INFO - [2026-05-24T19:46:43.099+0000] {dag.py:3823} INFO - Setting next_dagrun for crime_analytics_pipeline to 2026-05-23 19:00:00+00:00, run_after=2026-05-30 19:00:00+00:00
[2026-05-24T19:46:43.140+0000] {processor.py:183} INFO - Processing /opt/airflow/dags/dag_crime_pipeline.py took 0.160 seconds
[2026-05-24T19:47:13.197+0000] {processor.py:161} INFO - Started process (PID=717) to work on /opt/airflow/dags/dag_crime_pipeline.py
[2026-05-24T19:47:13.198+0000] {processor.py:830} INFO - Processing file /opt/airflow/dags/dag_crime_pipeline.py for tasks to queue
[2026-05-24T19:47:13.200+0000] {logging_mixin.py:188} INFO - [2026-05-24T19:47:13.200+0000] {dagbag.py:538} INFO - Filling up the DagBag from /opt/airflow/dags/dag_crime_pipeline.py
[2026-05-24T19:47:13.235+0000] {processor.py:840} INFO - DAG(s) 'crime_analytics_pipeline' retrieved from /opt/airflow/dags/dag_crime_pipeline.py
[2026-05-24T19:47:13.267+0000] {logging_mixin.py:188} INFO - [2026-05-24T19:47:13.266+0000] {dag.py:3036} INFO - Sync 1 DAGs
[2026-05-24T19:47:13.294+0000] {logging_mixin.py:188} INFO - [2026-05-24T19:47:13.294+0000] {dag.py:3823} INFO - Setting next_dagrun for crime_analytics_pipeline to 2026-05-23 19:00:00+00:00, run_after=2026-05-30 19:00:00+00:00
[2026-05-24T19:47:13.320+0000] {processor.py:183} INFO - Processing /opt/airflow/dags/dag_crime_pipeline.py took 0.127 seconds
[2026-05-24T19:47:44.265+0000] {processor.py:161} INFO - Started process (PID=722) to work on /opt/airflow/dags/dag_crime_pipeline.py
[2026-05-24T19:47:44.266+0000] {processor.py:830} INFO - Processing file /opt/airflow/dags/dag_crime_pipeline.py for tasks to queue
[2026-05-24T19:47:44.269+0000] {logging_mixin.py:188} INFO - [2026-05-24T19:47:44.269+0000] {dagbag.py:538} INFO - Filling up the DagBag from /opt/airflow/dags/dag_crime_pipeline.py
[2026-05-24T19:47:44.304+0000] {processor.py:840} INFO - DAG(s) 'crime_analytics_pipeline' retrieved from /opt/airflow/dags/dag_crime_pipeline.py
[2026-05-24T19:47:44.335+0000] {logging_mixin.py:188} INFO - [2026-05-24T19:47:44.335+0000] {dag.py:3036} INFO - Sync 1 DAGs
[2026-05-24T19:47:44.359+0000] {logging_mixin.py:188} INFO - [2026-05-24T19:47:44.359+0000] {dag.py:3823} INFO - Setting next_dagrun for crime_analytics_pipeline to 2026-05-23 19:00:00+00:00, run_after=2026-05-30 19:00:00+00:00
[2026-05-24T19:47:44.397+0000] {processor.py:183} INFO - Processing /opt/airflow/dags/dag_crime_pipeline.py took 0.137 seconds
[2026-05-24T19:48:15.368+0000] {processor.py:161} INFO - Started process (PID=727) to work on /opt/airflow/dags/dag_crime_pipeline.py
[2026-05-24T19:48:15.370+0000] {processor.py:830} INFO - Processing file /opt/airflow/dags/dag_crime_pipeline.py for tasks to queue
[2026-05-24T19:48:15.372+0000] {logging_mixin.py:188} INFO - [2026-05-24T19:48:15.372+0000] {dagbag.py:538} INFO - Filling up the DagBag from /opt/airflow/dags/dag_crime_pipeline.py
[2026-05-24T19:48:15.406+0000] {processor.py:840} INFO - DAG(s) 'crime_analytics_pipeline' retrieved from /opt/airflow/dags/dag_crime_pipeline.py
[2026-05-24T19:48:15.442+0000] {logging_mixin.py:188} INFO - [2026-05-24T19:48:15.442+0000] {dag.py:3036} INFO - Sync 1 DAGs
[2026-05-24T19:48:15.469+0000] {logging_mixin.py:188} INFO - [2026-05-24T19:48:15.469+0000] {dag.py:3823} INFO - Setting next_dagrun for crime_analytics_pipeline to 2026-05-23 19:00:00+00:00, run_after=2026-05-30 19:00:00+00:00
[2026-05-24T19:48:15.514+0000] {processor.py:183} INFO - Processing /opt/airflow/dags/dag_crime_pipeline.py took 0.149 seconds
[2026-05-24T19:48:45.617+0000] {processor.py:161} INFO - Started process (PID=732) to work on /opt/airflow/dags/dag_crime_pipeline.py
[2026-05-24T19:48:45.619+0000] {processor.py:830} INFO - Processing file /opt/airflow/dags/dag_crime_pipeline.py for tasks to queue
[2026-05-24T19:48:45.621+0000] {logging_mixin.py:188} INFO - [2026-05-24T19:48:45.620+0000] {dagbag.py:538} INFO - Filling up the DagBag from /opt/airflow/dags/dag_crime_pipeline.py
[2026-05-24T19:48:45.657+0000] {processor.py:840} INFO - DAG(s) 'crime_analytics_pipeline' retrieved from /opt/airflow/dags/dag_crime_pipeline.py
[2026-05-24T19:48:45.686+0000] {logging_mixin.py:188} INFO - [2026-05-24T19:48:45.685+0000] {dag.py:3036} INFO - Sync 1 DAGs
[2026-05-24T19:48:45.712+0000] {logging_mixin.py:188} INFO - [2026-05-24T19:48:45.712+0000] {dag.py:3823} INFO - Setting next_dagrun for crime_analytics_pipeline to 2026-05-23 19:00:00+00:00, run_after=2026-05-30 19:00:00+00:00
[2026-05-24T19:48:45.737+0000] {processor.py:183} INFO - Processing /opt/airflow/dags/dag_crime_pipeline.py took 0.123 seconds
[2026-05-24T19:49:16.698+0000] {processor.py:161} INFO - Started process (PID=737) to work on /opt/airflow/dags/dag_crime_pipeline.py
[2026-05-24T19:49:16.699+0000] {processor.py:830} INFO - Processing file /opt/airflow/dags/dag_crime_pipeline.py for tasks to queue
[2026-05-24T19:49:16.701+0000] {logging_mixin.py:188} INFO - [2026-05-24T19:49:16.701+0000] {dagbag.py:538} INFO - Filling up the DagBag from /opt/airflow/dags/dag_crime_pipeline.py
[2026-05-24T19:49:16.738+0000] {processor.py:840} INFO - DAG(s) 'crime_analytics_pipeline' retrieved from /opt/airflow/dags/dag_crime_pipeline.py
[2026-05-24T19:49:16.766+0000] {logging_mixin.py:188} INFO - [2026-05-24T19:49:16.765+0000] {dag.py:3036} INFO - Sync 1 DAGs
[2026-05-24T19:49:16.787+0000] {logging_mixin.py:188} INFO - [2026-05-24T19:49:16.787+0000] {dag.py:3823} INFO - Setting next_dagrun for crime_analytics_pipeline to 2026-05-23 19:00:00+00:00, run_after=2026-05-30 19:00:00+00:00
[2026-05-24T19:49:16.807+0000] {processor.py:183} INFO - Processing /opt/airflow/dags/dag_crime_pipeline.py took 0.112 seconds
[2026-05-24T19:49:47.820+0000] {processor.py:161} INFO - Started process (PID=742) to work on /opt/airflow/dags/dag_crime_pipeline.py
[2026-05-24T19:49:47.821+0000] {processor.py:830} INFO - Processing file /opt/airflow/dags/dag_crime_pipeline.py for tasks to queue
[2026-05-24T19:49:47.823+0000] {logging_mixin.py:188} INFO - [2026-05-24T19:49:47.822+0000] {dagbag.py:538} INFO - Filling up the DagBag from /opt/airflow/dags/dag_crime_pipeline.py
[2026-05-24T19:49:47.860+0000] {processor.py:840} INFO - DAG(s) 'crime_analytics_pipeline' retrieved from /opt/airflow/dags/dag_crime_pipeline.py
[2026-05-24T19:49:47.891+0000] {logging_mixin.py:188} INFO - [2026-05-24T19:49:47.890+0000] {dag.py:3036} INFO - Sync 1 DAGs
[2026-05-24T19:49:47.915+0000] {logging_mixin.py:188} INFO - [2026-05-24T19:49:47.915+0000] {dag.py:3823} INFO - Setting next_dagrun for crime_analytics_pipeline to 2026-05-23 19:00:00+00:00, run_after=2026-05-30 19:00:00+00:00
[2026-05-24T19:49:47.960+0000] {processor.py:183} INFO - Processing /opt/airflow/dags/dag_crime_pipeline.py took 0.144 seconds
[2026-05-24T19:50:18.897+0000] {processor.py:161} INFO - Started process (PID=747) to work on /opt/airflow/dags/dag_crime_pipeline.py
[2026-05-24T19:50:18.899+0000] {processor.py:830} INFO - Processing file /opt/airflow/dags/dag_crime_pipeline.py for tasks to queue
[2026-05-24T19:50:18.901+0000] {logging_mixin.py:188} INFO - [2026-05-24T19:50:18.901+0000] {dagbag.py:538} INFO - Filling up the DagBag from /opt/airflow/dags/dag_crime_pipeline.py
[2026-05-24T19:50:18.940+0000] {processor.py:840} INFO - DAG(s) 'crime_analytics_pipeline' retrieved from /opt/airflow/dags/dag_crime_pipeline.py
[2026-05-24T19:50:18.973+0000] {logging_mixin.py:188} INFO - [2026-05-24T19:50:18.972+0000] {dag.py:3036} INFO - Sync 1 DAGs
[2026-05-24T19:50:18.999+0000] {logging_mixin.py:188} INFO - [2026-05-24T19:50:18.998+0000] {dag.py:3823} INFO - Setting next_dagrun for crime_analytics_pipeline to 2026-05-23 19:00:00+00:00, run_after=2026-05-30 19:00:00+00:00
[2026-05-24T19:50:19.022+0000] {processor.py:183} INFO - Processing /opt/airflow/dags/dag_crime_pipeline.py took 0.129 seconds
[2026-05-24T19:50:50.081+0000] {processor.py:161} INFO - Started process (PID=752) to work on /opt/airflow/dags/dag_crime_pipeline.py
[2026-05-24T19:50:50.082+0000] {processor.py:830} INFO - Processing file /opt/airflow/dags/dag_crime_pipeline.py for tasks to queue
[2026-05-24T19:50:50.084+0000] {logging_mixin.py:188} INFO - [2026-05-24T19:50:50.084+0000] {dagbag.py:538} INFO - Filling up the DagBag from /opt/airflow/dags/dag_crime_pipeline.py
[2026-05-24T19:50:50.120+0000] {processor.py:840} INFO - DAG(s) 'crime_analytics_pipeline' retrieved from /opt/airflow/dags/dag_crime_pipeline.py
[2026-05-24T19:50:50.153+0000] {logging_mixin.py:188} INFO - [2026-05-24T19:50:50.152+0000] {dag.py:3036} INFO - Sync 1 DAGs
[2026-05-24T19:50:50.177+0000] {logging_mixin.py:188} INFO - [2026-05-24T19:50:50.177+0000] {dag.py:3823} INFO - Setting next_dagrun for crime_analytics_pipeline to 2026-05-23 19:00:00+00:00, run_after=2026-05-30 19:00:00+00:00
[2026-05-24T19:50:50.197+0000] {processor.py:183} INFO - Processing /opt/airflow/dags/dag_crime_pipeline.py took 0.120 seconds
[2026-05-24T19:51:21.115+0000] {processor.py:161} INFO - Started process (PID=757) to work on /opt/airflow/dags/dag_crime_pipeline.py
[2026-05-24T19:51:21.116+0000] {processor.py:830} INFO - Processing file /opt/airflow/dags/dag_crime_pipeline.py for tasks to queue
[2026-05-24T19:51:21.118+0000] {logging_mixin.py:188} INFO - [2026-05-24T19:51:21.118+0000] {dagbag.py:538} INFO - Filling up the DagBag from /opt/airflow/dags/dag_crime_pipeline.py
[2026-05-24T19:51:21.153+0000] {processor.py:840} INFO - DAG(s) 'crime_analytics_pipeline' retrieved from /opt/airflow/dags/dag_crime_pipeline.py
[2026-05-24T19:51:21.183+0000] {logging_mixin.py:188} INFO - [2026-05-24T19:51:21.183+0000] {dag.py:3036} INFO - Sync 1 DAGs
[2026-05-24T19:51:21.209+0000] {logging_mixin.py:188} INFO - [2026-05-24T19:51:21.209+0000] {dag.py:3823} INFO - Setting next_dagrun for crime_analytics_pipeline to 2026-05-23 19:00:00+00:00, run_after=2026-05-30 19:00:00+00:00
[2026-05-24T19:51:21.230+0000] {processor.py:183} INFO - Processing /opt/airflow/dags/dag_crime_pipeline.py took 0.118 seconds
[2026-05-24T19:51:52.233+0000] {processor.py:161} INFO - Started process (PID=762) to work on /opt/airflow/dags/dag_crime_pipeline.py
[2026-05-24T19:51:52.235+0000] {processor.py:830} INFO - Processing file /opt/airflow/dags/dag_crime_pipeline.py for tasks to queue
[2026-05-24T19:51:52.237+0000] {logging_mixin.py:188} INFO - [2026-05-24T19:51:52.237+0000] {dagbag.py:538} INFO - Filling up the DagBag from /opt/airflow/dags/dag_crime_pipeline.py
[2026-05-24T19:51:52.270+0000] {processor.py:840} INFO - DAG(s) 'crime_analytics_pipeline' retrieved from /opt/airflow/dags/dag_crime_pipeline.py
[2026-05-24T19:51:52.299+0000] {logging_mixin.py:188} INFO - [2026-05-24T19:51:52.299+0000] {dag.py:3036} INFO - Sync 1 DAGs
[2026-05-24T19:51:52.324+0000] {logging_mixin.py:188} INFO - [2026-05-24T19:51:52.324+0000] {dag.py:3823} INFO - Setting next_dagrun for crime_analytics_pipeline to 2026-05-23 19:00:00+00:00, run_after=2026-05-30 19:00:00+00:00
[2026-05-24T19:51:52.345+0000] {processor.py:183} INFO - Processing /opt/airflow/dags/dag_crime_pipeline.py took 0.115 seconds
[2026-05-24T19:52:22.403+0000] {processor.py:161} INFO - Started process (PID=767) to work on /opt/airflow/dags/dag_crime_pipeline.py
[2026-05-24T19:52:22.404+0000] {processor.py:830} INFO - Processing file /opt/airflow/dags/dag_crime_pipeline.py for tasks to queue
[2026-05-24T19:52:22.407+0000] {logging_mixin.py:188} INFO - [2026-05-24T19:52:22.406+0000] {dagbag.py:538} INFO - Filling up the DagBag from /opt/airflow/dags/dag_crime_pipeline.py
[2026-05-24T19:52:22.440+0000] {processor.py:840} INFO - DAG(s) 'crime_analytics_pipeline' retrieved from /opt/airflow/dags/dag_crime_pipeline.py
[2026-05-24T19:52:22.470+0000] {logging_mixin.py:188} INFO - [2026-05-24T19:52:22.469+0000] {dag.py:3036} INFO - Sync 1 DAGs
[2026-05-24T19:52:22.493+0000] {logging_mixin.py:188} INFO - [2026-05-24T19:52:22.493+0000] {dag.py:3823} INFO - Setting next_dagrun for crime_analytics_pipeline to 2026-05-23 19:00:00+00:00, run_after=2026-05-30 19:00:00+00:00
[2026-05-24T19:52:22.534+0000] {processor.py:183} INFO - Processing /opt/airflow/dags/dag_crime_pipeline.py took 0.134 seconds
[2026-05-24T19:52:52.602+0000] {processor.py:161} INFO - Started process (PID=772) to work on /opt/airflow/dags/dag_crime_pipeline.py
[2026-05-24T19:52:52.604+0000] {processor.py:830} INFO - Processing file /opt/airflow/dags/dag_crime_pipeline.py for tasks to queue
[2026-05-24T19:52:52.606+0000] {logging_mixin.py:188} INFO - [2026-05-24T19:52:52.606+0000] {dagbag.py:538} INFO - Filling up the DagBag from /opt/airflow/dags/dag_crime_pipeline.py
[2026-05-24T19:52:52.647+0000] {processor.py:840} INFO - DAG(s) 'crime_analytics_pipeline' retrieved from /opt/airflow/dags/dag_crime_pipeline.py
[2026-05-24T19:52:52.681+0000] {logging_mixin.py:188} INFO - [2026-05-24T19:52:52.680+0000] {dag.py:3036} INFO - Sync 1 DAGs
[2026-05-24T19:52:52.704+0000] {logging_mixin.py:188} INFO - [2026-05-24T19:52:52.704+0000] {dag.py:3823} INFO - Setting next_dagrun for crime_analytics_pipeline to 2026-05-23 19:00:00+00:00, run_after=2026-05-30 19:00:00+00:00
[2026-05-24T19:52:52.746+0000] {processor.py:183} INFO - Processing /opt/airflow/dags/dag_crime_pipeline.py took 0.148 seconds
[2026-05-24T19:53:22.803+0000] {processor.py:161} INFO - Started process (PID=777) to work on /opt/airflow/dags/dag_crime_pipeline.py
[2026-05-24T19:53:22.804+0000] {processor.py:830} INFO - Processing file /opt/airflow/dags/dag_crime_pipeline.py for tasks to queue
[2026-05-24T19:53:22.807+0000] {logging_mixin.py:188} INFO - [2026-05-24T19:53:22.807+0000] {dagbag.py:538} INFO - Filling up the DagBag from /opt/airflow/dags/dag_crime_pipeline.py
[2026-05-24T19:53:22.841+0000] {processor.py:840} INFO - DAG(s) 'crime_analytics_pipeline' retrieved from /opt/airflow/dags/dag_crime_pipeline.py
[2026-05-24T19:53:22.874+0000] {logging_mixin.py:188} INFO - [2026-05-24T19:53:22.874+0000] {dag.py:3036} INFO - Sync 1 DAGs
[2026-05-24T19:53:22.905+0000] {logging_mixin.py:188} INFO - [2026-05-24T19:53:22.905+0000] {dag.py:3823} INFO - Setting next_dagrun for crime_analytics_pipeline to 2026-05-23 19:00:00+00:00, run_after=2026-05-30 19:00:00+00:00
[2026-05-24T19:53:22.928+0000] {processor.py:183} INFO - Processing /opt/airflow/dags/dag_crime_pipeline.py took 0.129 seconds
[2026-05-24T19:53:53.886+0000] {processor.py:161} INFO - Started process (PID=782) to work on /opt/airflow/dags/dag_crime_pipeline.py
[2026-05-24T19:53:53.887+0000] {processor.py:830} INFO - Processing file /opt/airflow/dags/dag_crime_pipeline.py for tasks to queue
[2026-05-24T19:53:53.889+0000] {logging_mixin.py:188} INFO - [2026-05-24T19:53:53.889+0000] {dagbag.py:538} INFO - Filling up the DagBag from /opt/airflow/dags/dag_crime_pipeline.py
[2026-05-24T19:53:53.923+0000] {processor.py:840} INFO - DAG(s) 'crime_analytics_pipeline' retrieved from /opt/airflow/dags/dag_crime_pipeline.py
[2026-05-24T19:53:53.954+0000] {logging_mixin.py:188} INFO - [2026-05-24T19:53:53.953+0000] {dag.py:3036} INFO - Sync 1 DAGs
[2026-05-24T19:53:53.979+0000] {logging_mixin.py:188} INFO - [2026-05-24T19:53:53.979+0000] {dag.py:3823} INFO - Setting next_dagrun for crime_analytics_pipeline to 2026-05-23 19:00:00+00:00, run_after=2026-05-30 19:00:00+00:00
[2026-05-24T19:53:54.021+0000] {processor.py:183} INFO - Processing /opt/airflow/dags/dag_crime_pipeline.py took 0.138 seconds
[2026-05-24T19:54:24.103+0000] {processor.py:161} INFO - Started process (PID=787) to work on /opt/airflow/dags/dag_crime_pipeline.py
[2026-05-24T19:54:24.104+0000] {processor.py:830} INFO - Processing file /opt/airflow/dags/dag_crime_pipeline.py for tasks to queue
[2026-05-24T19:54:24.107+0000] {logging_mixin.py:188} INFO - [2026-05-24T19:54:24.107+0000] {dagbag.py:538} INFO - Filling up the DagBag from /opt/airflow/dags/dag_crime_pipeline.py
[2026-05-24T19:54:24.142+0000] {processor.py:840} INFO - DAG(s) 'crime_analytics_pipeline' retrieved from /opt/airflow/dags/dag_crime_pipeline.py
[2026-05-24T19:54:24.173+0000] {logging_mixin.py:188} INFO - [2026-05-24T19:54:24.172+0000] {dag.py:3036} INFO - Sync 1 DAGs
[2026-05-24T19:54:24.197+0000] {logging_mixin.py:188} INFO - [2026-05-24T19:54:24.197+0000] {dag.py:3823} INFO - Setting next_dagrun for crime_analytics_pipeline to 2026-05-23 19:00:00+00:00, run_after=2026-05-30 19:00:00+00:00
[2026-05-24T19:54:24.239+0000] {processor.py:183} INFO - Processing /opt/airflow/dags/dag_crime_pipeline.py took 0.139 seconds
[2026-05-24T19:54:54.303+0000] {processor.py:161} INFO - Started process (PID=792) to work on /opt/airflow/dags/dag_crime_pipeline.py
[2026-05-24T19:54:54.304+0000] {processor.py:830} INFO - Processing file /opt/airflow/dags/dag_crime_pipeline.py for tasks to queue
[2026-05-24T19:54:54.307+0000] {logging_mixin.py:188} INFO - [2026-05-24T19:54:54.306+0000] {dagbag.py:538} INFO - Filling up the DagBag from /opt/airflow/dags/dag_crime_pipeline.py
[2026-05-24T19:54:54.341+0000] {processor.py:840} INFO - DAG(s) 'crime_analytics_pipeline' retrieved from /opt/airflow/dags/dag_crime_pipeline.py
[2026-05-24T19:54:54.374+0000] {logging_mixin.py:188} INFO - [2026-05-24T19:54:54.373+0000] {dag.py:3036} INFO - Sync 1 DAGs
[2026-05-24T19:54:54.398+0000] {logging_mixin.py:188} INFO - [2026-05-24T19:54:54.398+0000] {dag.py:3823} INFO - Setting next_dagrun for crime_analytics_pipeline to 2026-05-23 19:00:00+00:00, run_after=2026-05-30 19:00:00+00:00
[2026-05-24T19:54:54.419+0000] {processor.py:183} INFO - Processing /opt/airflow/dags/dag_crime_pipeline.py took 0.119 seconds
[2026-05-24T19:55:25.363+0000] {processor.py:161} INFO - Started process (PID=797) to work on /opt/airflow/dags/dag_crime_pipeline.py
[2026-05-24T19:55:25.364+0000] {processor.py:830} INFO - Processing file /opt/airflow/dags/dag_crime_pipeline.py for tasks to queue
[2026-05-24T19:55:25.366+0000] {logging_mixin.py:188} INFO - [2026-05-24T19:55:25.366+0000] {dagbag.py:538} INFO - Filling up the DagBag from /opt/airflow/dags/dag_crime_pipeline.py
[2026-05-24T19:55:25.400+0000] {processor.py:840} INFO - DAG(s) 'crime_analytics_pipeline' retrieved from /opt/airflow/dags/dag_crime_pipeline.py
[2026-05-24T19:55:25.432+0000] {logging_mixin.py:188} INFO - [2026-05-24T19:55:25.431+0000] {dag.py:3036} INFO - Sync 1 DAGs
[2026-05-24T19:55:25.459+0000] {logging_mixin.py:188} INFO - [2026-05-24T19:55:25.459+0000] {dag.py:3823} INFO - Setting next_dagrun for crime_analytics_pipeline to 2026-05-23 19:00:00+00:00, run_after=2026-05-30 19:00:00+00:00
[2026-05-24T19:55:25.498+0000] {processor.py:183} INFO - Processing /opt/airflow/dags/dag_crime_pipeline.py took 0.138 seconds
[2026-05-24T19:55:55.632+0000] {processor.py:161} INFO - Started process (PID=802) to work on /opt/airflow/dags/dag_crime_pipeline.py
[2026-05-24T19:55:55.633+0000] {processor.py:830} INFO - Processing file /opt/airflow/dags/dag_crime_pipeline.py for tasks to queue
[2026-05-24T19:55:55.636+0000] {logging_mixin.py:188} INFO - [2026-05-24T19:55:55.636+0000] {dagbag.py:538} INFO - Filling up the DagBag from /opt/airflow/dags/dag_crime_pipeline.py
[2026-05-24T19:55:55.679+0000] {processor.py:840} INFO - DAG(s) 'crime_analytics_pipeline' retrieved from /opt/airflow/dags/dag_crime_pipeline.py
[2026-05-24T19:55:55.710+0000] {logging_mixin.py:188} INFO - [2026-05-24T19:55:55.710+0000] {dag.py:3036} INFO - Sync 1 DAGs
[2026-05-24T19:55:55.737+0000] {logging_mixin.py:188} INFO - [2026-05-24T19:55:55.737+0000] {dag.py:3823} INFO - Setting next_dagrun for crime_analytics_pipeline to 2026-05-23 19:00:00+00:00, run_after=2026-05-30 19:00:00+00:00
[2026-05-24T19:55:55.758+0000] {processor.py:183} INFO - Processing /opt/airflow/dags/dag_crime_pipeline.py took 0.129 seconds
[2026-05-24T19:56:26.720+0000] {processor.py:161} INFO - Started process (PID=807) to work on /opt/airflow/dags/dag_crime_pipeline.py
[2026-05-24T19:56:26.722+0000] {processor.py:830} INFO - Processing file /opt/airflow/dags/dag_crime_pipeline.py for tasks to queue
[2026-05-24T19:56:26.724+0000] {logging_mixin.py:188} INFO - [2026-05-24T19:56:26.723+0000] {dagbag.py:538} INFO - Filling up the DagBag from /opt/airflow/dags/dag_crime_pipeline.py
[2026-05-24T19:56:26.757+0000] {processor.py:840} INFO - DAG(s) 'crime_analytics_pipeline' retrieved from /opt/airflow/dags/dag_crime_pipeline.py
[2026-05-24T19:56:26.786+0000] {logging_mixin.py:188} INFO - [2026-05-24T19:56:26.786+0000] {dag.py:3036} INFO - Sync 1 DAGs
[2026-05-24T19:56:26.809+0000] {logging_mixin.py:188} INFO - [2026-05-24T19:56:26.809+0000] {dag.py:3823} INFO - Setting next_dagrun for crime_analytics_pipeline to 2026-05-23 19:00:00+00:00, run_after=2026-05-30 19:00:00+00:00
[2026-05-24T19:56:26.849+0000] {processor.py:183} INFO - Processing /opt/airflow/dags/dag_crime_pipeline.py took 0.132 seconds
[2026-05-24T19:56:57.833+0000] {processor.py:161} INFO - Started process (PID=812) to work on /opt/airflow/dags/dag_crime_pipeline.py
[2026-05-24T19:56:57.834+0000] {processor.py:830} INFO - Processing file /opt/airflow/dags/dag_crime_pipeline.py for tasks to queue
[2026-05-24T19:56:57.836+0000] {logging_mixin.py:188} INFO - [2026-05-24T19:56:57.836+0000] {dagbag.py:538} INFO - Filling up the DagBag from /opt/airflow/dags/dag_crime_pipeline.py
[2026-05-24T19:56:57.870+0000] {processor.py:840} INFO - DAG(s) 'crime_analytics_pipeline' retrieved from /opt/airflow/dags/dag_crime_pipeline.py
[2026-05-24T19:56:57.902+0000] {logging_mixin.py:188} INFO - [2026-05-24T19:56:57.902+0000] {dag.py:3036} INFO - Sync 1 DAGs
[2026-05-24T19:56:57.926+0000] {logging_mixin.py:188} INFO - [2026-05-24T19:56:57.926+0000] {dag.py:3823} INFO - Setting next_dagrun for crime_analytics_pipeline to 2026-05-23 19:00:00+00:00, run_after=2026-05-30 19:00:00+00:00
[2026-05-24T19:56:57.945+0000] {processor.py:183} INFO - Processing /opt/airflow/dags/dag_crime_pipeline.py took 0.115 seconds
[2026-05-24T19:57:28.966+0000] {processor.py:161} INFO - Started process (PID=817) to work on /opt/airflow/dags/dag_crime_pipeline.py
[2026-05-24T19:57:28.967+0000] {processor.py:830} INFO - Processing file /opt/airflow/dags/dag_crime_pipeline.py for tasks to queue
[2026-05-24T19:57:28.969+0000] {logging_mixin.py:188} INFO - [2026-05-24T19:57:28.969+0000] {dagbag.py:538} INFO - Filling up the DagBag from /opt/airflow/dags/dag_crime_pipeline.py
[2026-05-24T19:57:29.002+0000] {processor.py:840} INFO - DAG(s) 'crime_analytics_pipeline' retrieved from /opt/airflow/dags/dag_crime_pipeline.py
[2026-05-24T19:57:29.030+0000] {logging_mixin.py:188} INFO - [2026-05-24T19:57:29.030+0000] {dag.py:3036} INFO - Sync 1 DAGs
[2026-05-24T19:57:29.054+0000] {logging_mixin.py:188} INFO - [2026-05-24T19:57:29.054+0000] {dag.py:3823} INFO - Setting next_dagrun for crime_analytics_pipeline to 2026-05-23 19:00:00+00:00, run_after=2026-05-30 19:00:00+00:00
[2026-05-24T19:57:29.074+0000] {processor.py:183} INFO - Processing /opt/airflow/dags/dag_crime_pipeline.py took 0.111 seconds
[2026-05-24T19:58:00.063+0000] {processor.py:161} INFO - Started process (PID=822) to work on /opt/airflow/dags/dag_crime_pipeline.py
[2026-05-24T19:58:00.064+0000] {processor.py:830} INFO - Processing file /opt/airflow/dags/dag_crime_pipeline.py for tasks to queue
[2026-05-24T19:58:00.067+0000] {logging_mixin.py:188} INFO - [2026-05-24T19:58:00.067+0000] {dagbag.py:538} INFO - Filling up the DagBag from /opt/airflow/dags/dag_crime_pipeline.py
[2026-05-24T19:58:00.100+0000] {processor.py:840} INFO - DAG(s) 'crime_analytics_pipeline' retrieved from /opt/airflow/dags/dag_crime_pipeline.py
[2026-05-24T19:58:00.131+0000] {logging_mixin.py:188} INFO - [2026-05-24T19:58:00.131+0000] {dag.py:3036} INFO - Sync 1 DAGs
[2026-05-24T19:58:00.161+0000] {logging_mixin.py:188} INFO - [2026-05-24T19:58:00.160+0000] {dag.py:3823} INFO - Setting next_dagrun for crime_analytics_pipeline to 2026-05-23 19:00:00+00:00, run_after=2026-05-30 19:00:00+00:00
[2026-05-24T19:58:00.188+0000] {processor.py:183} INFO - Processing /opt/airflow/dags/dag_crime_pipeline.py took 0.128 seconds
[2026-05-24T19:58:30.279+0000] {processor.py:161} INFO - Started process (PID=827) to work on /opt/airflow/dags/dag_crime_pipeline.py
[2026-05-24T19:58:30.280+0000] {processor.py:830} INFO - Processing file /opt/airflow/dags/dag_crime_pipeline.py for tasks to queue
[2026-05-24T19:58:30.282+0000] {logging_mixin.py:188} INFO - [2026-05-24T19:58:30.282+0000] {dagbag.py:538} INFO - Filling up the DagBag from /opt/airflow/dags/dag_crime_pipeline.py
[2026-05-24T19:58:30.315+0000] {processor.py:840} INFO - DAG(s) 'crime_analytics_pipeline' retrieved from /opt/airflow/dags/dag_crime_pipeline.py
[2026-05-24T19:58:30.346+0000] {logging_mixin.py:188} INFO - [2026-05-24T19:58:30.345+0000] {dag.py:3036} INFO - Sync 1 DAGs
[2026-05-24T19:58:30.369+0000] {logging_mixin.py:188} INFO - [2026-05-24T19:58:30.368+0000] {dag.py:3823} INFO - Setting next_dagrun for crime_analytics_pipeline to 2026-05-23 19:00:00+00:00, run_after=2026-05-30 19:00:00+00:00
[2026-05-24T19:58:30.394+0000] {processor.py:183} INFO - Processing /opt/airflow/dags/dag_crime_pipeline.py took 0.119 seconds
[2026-05-24T19:59:01.308+0000] {processor.py:161} INFO - Started process (PID=832) to work on /opt/airflow/dags/dag_crime_pipeline.py
[2026-05-24T19:59:01.310+0000] {processor.py:830} INFO - Processing file /opt/airflow/dags/dag_crime_pipeline.py for tasks to queue
[2026-05-24T19:59:01.312+0000] {logging_mixin.py:188} INFO - [2026-05-24T19:59:01.311+0000] {dagbag.py:538} INFO - Filling up the DagBag from /opt/airflow/dags/dag_crime_pipeline.py
[2026-05-24T19:59:01.344+0000] {processor.py:840} INFO - DAG(s) 'crime_analytics_pipeline' retrieved from /opt/airflow/dags/dag_crime_pipeline.py
[2026-05-24T19:59:01.377+0000] {logging_mixin.py:188} INFO - [2026-05-24T19:59:01.376+0000] {dag.py:3036} INFO - Sync 1 DAGs
[2026-05-24T19:59:01.407+0000] {logging_mixin.py:188} INFO - [2026-05-24T19:59:01.406+0000] {dag.py:3823} INFO - Setting next_dagrun for crime_analytics_pipeline to 2026-05-23 19:00:00+00:00, run_after=2026-05-30 19:00:00+00:00
[2026-05-24T19:59:01.449+0000] {processor.py:183} INFO - Processing /opt/airflow/dags/dag_crime_pipeline.py took 0.145 seconds
[2026-05-24T19:59:32.376+0000] {processor.py:161} INFO - Started process (PID=837) to work on /opt/airflow/dags/dag_crime_pipeline.py
[2026-05-24T19:59:32.378+0000] {processor.py:830} INFO - Processing file /opt/airflow/dags/dag_crime_pipeline.py for tasks to queue
[2026-05-24T19:59:32.381+0000] {logging_mixin.py:188} INFO - [2026-05-24T19:59:32.380+0000] {dagbag.py:538} INFO - Filling up the DagBag from /opt/airflow/dags/dag_crime_pipeline.py
[2026-05-24T19:59:32.422+0000] {processor.py:840} INFO - DAG(s) 'crime_analytics_pipeline' retrieved from /opt/airflow/dags/dag_crime_pipeline.py
[2026-05-24T19:59:32.457+0000] {logging_mixin.py:188} INFO - [2026-05-24T19:59:32.457+0000] {dag.py:3036} INFO - Sync 1 DAGs
[2026-05-24T19:59:32.482+0000] {logging_mixin.py:188} INFO - [2026-05-24T19:59:32.482+0000] {dag.py:3823} INFO - Setting next_dagrun for crime_analytics_pipeline to 2026-05-23 19:00:00+00:00, run_after=2026-05-30 19:00:00+00:00
[2026-05-24T19:59:32.504+0000] {processor.py:183} INFO - Processing /opt/airflow/dags/dag_crime_pipeline.py took 0.133 seconds
[2026-05-24T20:00:02.576+0000] {processor.py:161} INFO - Started process (PID=842) to work on /opt/airflow/dags/dag_crime_pipeline.py
[2026-05-24T20:00:02.578+0000] {processor.py:830} INFO - Processing file /opt/airflow/dags/dag_crime_pipeline.py for tasks to queue
[2026-05-24T20:00:02.581+0000] {logging_mixin.py:188} INFO - [2026-05-24T20:00:02.581+0000] {dagbag.py:538} INFO - Filling up the DagBag from /opt/airflow/dags/dag_crime_pipeline.py
[2026-05-24T20:00:02.625+0000] {processor.py:840} INFO - DAG(s) 'crime_analytics_pipeline' retrieved from /opt/airflow/dags/dag_crime_pipeline.py
[2026-05-24T20:00:02.673+0000] {logging_mixin.py:188} INFO - [2026-05-24T20:00:02.673+0000] {dag.py:3036} INFO - Sync 1 DAGs
[2026-05-24T20:00:02.695+0000] {logging_mixin.py:188} INFO - [2026-05-24T20:00:02.695+0000] {dag.py:3823} INFO - Setting next_dagrun for crime_analytics_pipeline to 2026-05-23 19:00:00+00:00, run_after=2026-05-30 19:00:00+00:00
[2026-05-24T20:00:02.716+0000] {processor.py:183} INFO - Processing /opt/airflow/dags/dag_crime_pipeline.py took 0.144 seconds
[2026-05-24T20:00:33.693+0000] {processor.py:161} INFO - Started process (PID=847) to work on /opt/airflow/dags/dag_crime_pipeline.py
[2026-05-24T20:00:33.695+0000] {processor.py:830} INFO - Processing file /opt/airflow/dags/dag_crime_pipeline.py for tasks to queue
[2026-05-24T20:00:33.697+0000] {logging_mixin.py:188} INFO - [2026-05-24T20:00:33.697+0000] {dagbag.py:538} INFO - Filling up the DagBag from /opt/airflow/dags/dag_crime_pipeline.py
[2026-05-24T20:00:33.739+0000] {processor.py:840} INFO - DAG(s) 'crime_analytics_pipeline' retrieved from /opt/airflow/dags/dag_crime_pipeline.py
[2026-05-24T20:00:33.774+0000] {logging_mixin.py:188} INFO - [2026-05-24T20:00:33.774+0000] {dag.py:3036} INFO - Sync 1 DAGs
[2026-05-24T20:00:33.798+0000] {logging_mixin.py:188} INFO - [2026-05-24T20:00:33.798+0000] {dag.py:3823} INFO - Setting next_dagrun for crime_analytics_pipeline to 2026-05-23 19:00:00+00:00, run_after=2026-05-30 19:00:00+00:00
[2026-05-24T20:00:33.819+0000] {processor.py:183} INFO - Processing /opt/airflow/dags/dag_crime_pipeline.py took 0.130 seconds
[2026-05-24T20:01:03.892+0000] {processor.py:161} INFO - Started process (PID=852) to work on /opt/airflow/dags/dag_crime_pipeline.py
[2026-05-24T20:01:03.894+0000] {processor.py:830} INFO - Processing file /opt/airflow/dags/dag_crime_pipeline.py for tasks to queue
[2026-05-24T20:01:03.896+0000] {logging_mixin.py:188} INFO - [2026-05-24T20:01:03.896+0000] {dagbag.py:538} INFO - Filling up the DagBag from /opt/airflow/dags/dag_crime_pipeline.py
[2026-05-24T20:01:03.933+0000] {processor.py:840} INFO - DAG(s) 'crime_analytics_pipeline' retrieved from /opt/airflow/dags/dag_crime_pipeline.py
[2026-05-24T20:01:03.963+0000] {logging_mixin.py:188} INFO - [2026-05-24T20:01:03.962+0000] {dag.py:3036} INFO - Sync 1 DAGs
[2026-05-24T20:01:03.988+0000] {logging_mixin.py:188} INFO - [2026-05-24T20:01:03.988+0000] {dag.py:3823} INFO - Setting next_dagrun for crime_analytics_pipeline to 2026-05-23 19:00:00+00:00, run_after=2026-05-30 19:00:00+00:00
[2026-05-24T20:01:04.008+0000] {processor.py:183} INFO - Processing /opt/airflow/dags/dag_crime_pipeline.py took 0.120 seconds
[2026-05-24T20:01:34.923+0000] {processor.py:161} INFO - Started process (PID=857) to work on /opt/airflow/dags/dag_crime_pipeline.py
[2026-05-24T20:01:34.924+0000] {processor.py:830} INFO - Processing file /opt/airflow/dags/dag_crime_pipeline.py for tasks to queue
[2026-05-24T20:01:34.928+0000] {logging_mixin.py:188} INFO - [2026-05-24T20:01:34.927+0000] {dagbag.py:538} INFO - Filling up the DagBag from /opt/airflow/dags/dag_crime_pipeline.py
[2026-05-24T20:01:34.963+0000] {processor.py:840} INFO - DAG(s) 'crime_analytics_pipeline' retrieved from /opt/airflow/dags/dag_crime_pipeline.py
[2026-05-24T20:01:34.992+0000] {logging_mixin.py:188} INFO - [2026-05-24T20:01:34.992+0000] {dag.py:3036} INFO - Sync 1 DAGs
[2026-05-24T20:01:35.015+0000] {logging_mixin.py:188} INFO - [2026-05-24T20:01:35.015+0000] {dag.py:3823} INFO - Setting next_dagrun for crime_analytics_pipeline to 2026-05-23 19:00:00+00:00, run_after=2026-05-30 19:00:00+00:00
[2026-05-24T20:01:35.037+0000] {processor.py:183} INFO - Processing /opt/airflow/dags/dag_crime_pipeline.py took 0.118 seconds
[2026-05-24T20:02:05.109+0000] {processor.py:161} INFO - Started process (PID=862) to work on /opt/airflow/dags/dag_crime_pipeline.py
[2026-05-24T20:02:05.111+0000] {processor.py:830} INFO - Processing file /opt/airflow/dags/dag_crime_pipeline.py for tasks to queue
[2026-05-24T20:02:05.113+0000] {logging_mixin.py:188} INFO - [2026-05-24T20:02:05.113+0000] {dagbag.py:538} INFO - Filling up the DagBag from /opt/airflow/dags/dag_crime_pipeline.py
[2026-05-24T20:02:05.149+0000] {processor.py:840} INFO - DAG(s) 'crime_analytics_pipeline' retrieved from /opt/airflow/dags/dag_crime_pipeline.py
[2026-05-24T20:02:05.181+0000] {logging_mixin.py:188} INFO - [2026-05-24T20:02:05.181+0000] {dag.py:3036} INFO - Sync 1 DAGs
[2026-05-24T20:02:05.207+0000] {logging_mixin.py:188} INFO - [2026-05-24T20:02:05.207+0000] {dag.py:3823} INFO - Setting next_dagrun for crime_analytics_pipeline to 2026-05-23 19:00:00+00:00, run_after=2026-05-30 19:00:00+00:00
[2026-05-24T20:02:05.252+0000] {processor.py:183} INFO - Processing /opt/airflow/dags/dag_crime_pipeline.py took 0.146 seconds
[2026-05-24T20:02:35.311+0000] {processor.py:161} INFO - Started process (PID=867) to work on /opt/airflow/dags/dag_crime_pipeline.py
[2026-05-24T20:02:35.312+0000] {processor.py:830} INFO - Processing file /opt/airflow/dags/dag_crime_pipeline.py for tasks to queue
[2026-05-24T20:02:35.314+0000] {logging_mixin.py:188} INFO - [2026-05-24T20:02:35.314+0000] {dagbag.py:538} INFO - Filling up the DagBag from /opt/airflow/dags/dag_crime_pipeline.py
[2026-05-24T20:02:35.352+0000] {processor.py:840} INFO - DAG(s) 'crime_analytics_pipeline' retrieved from /opt/airflow/dags/dag_crime_pipeline.py
[2026-05-24T20:02:35.386+0000] {logging_mixin.py:188} INFO - [2026-05-24T20:02:35.386+0000] {dag.py:3036} INFO - Sync 1 DAGs
[2026-05-24T20:02:35.407+0000] {logging_mixin.py:188} INFO - [2026-05-24T20:02:35.407+0000] {dag.py:3823} INFO - Setting next_dagrun for crime_analytics_pipeline to 2026-05-23 19:00:00+00:00, run_after=2026-05-30 19:00:00+00:00
[2026-05-24T20:02:35.436+0000] {processor.py:183} INFO - Processing /opt/airflow/dags/dag_crime_pipeline.py took 0.129 seconds
[2026-05-24T20:03:05.547+0000] {processor.py:161} INFO - Started process (PID=872) to work on /opt/airflow/dags/dag_crime_pipeline.py
[2026-05-24T20:03:05.548+0000] {processor.py:830} INFO - Processing file /opt/airflow/dags/dag_crime_pipeline.py for tasks to queue
[2026-05-24T20:03:05.551+0000] {logging_mixin.py:188} INFO - [2026-05-24T20:03:05.550+0000] {dagbag.py:538} INFO - Filling up the DagBag from /opt/airflow/dags/dag_crime_pipeline.py
[2026-05-24T20:03:05.587+0000] {processor.py:840} INFO - DAG(s) 'crime_analytics_pipeline' retrieved from /opt/airflow/dags/dag_crime_pipeline.py
[2026-05-24T20:03:05.619+0000] {logging_mixin.py:188} INFO - [2026-05-24T20:03:05.618+0000] {dag.py:3036} INFO - Sync 1 DAGs
[2026-05-24T20:03:05.640+0000] {logging_mixin.py:188} INFO - [2026-05-24T20:03:05.640+0000] {dag.py:3823} INFO - Setting next_dagrun for crime_analytics_pipeline to 2026-05-23 19:00:00+00:00, run_after=2026-05-30 19:00:00+00:00
[2026-05-24T20:03:05.682+0000] {processor.py:183} INFO - Processing /opt/airflow/dags/dag_crime_pipeline.py took 0.139 seconds
[2026-05-24T20:03:35.759+0000] {processor.py:161} INFO - Started process (PID=877) to work on /opt/airflow/dags/dag_crime_pipeline.py
[2026-05-24T20:03:35.761+0000] {processor.py:830} INFO - Processing file /opt/airflow/dags/dag_crime_pipeline.py for tasks to queue
[2026-05-24T20:03:35.764+0000] {logging_mixin.py:188} INFO - [2026-05-24T20:03:35.763+0000] {dagbag.py:538} INFO - Filling up the DagBag from /opt/airflow/dags/dag_crime_pipeline.py
[2026-05-24T20:03:35.799+0000] {processor.py:840} INFO - DAG(s) 'crime_analytics_pipeline' retrieved from /opt/airflow/dags/dag_crime_pipeline.py
[2026-05-24T20:03:35.834+0000] {logging_mixin.py:188} INFO - [2026-05-24T20:03:35.833+0000] {dag.py:3036} INFO - Sync 1 DAGs
[2026-05-24T20:03:35.862+0000] {logging_mixin.py:188} INFO - [2026-05-24T20:03:35.862+0000] {dag.py:3823} INFO - Setting next_dagrun for crime_analytics_pipeline to 2026-05-23 19:00:00+00:00, run_after=2026-05-30 19:00:00+00:00
[2026-05-24T20:03:35.883+0000] {processor.py:183} INFO - Processing /opt/airflow/dags/dag_crime_pipeline.py took 0.128 seconds
[2026-05-24T20:04:05.959+0000] {processor.py:161} INFO - Started process (PID=882) to work on /opt/airflow/dags/dag_crime_pipeline.py
[2026-05-24T20:04:05.960+0000] {processor.py:830} INFO - Processing file /opt/airflow/dags/dag_crime_pipeline.py for tasks to queue
[2026-05-24T20:04:05.963+0000] {logging_mixin.py:188} INFO - [2026-05-24T20:04:05.963+0000] {dagbag.py:538} INFO - Filling up the DagBag from /opt/airflow/dags/dag_crime_pipeline.py
[2026-05-24T20:04:05.998+0000] {processor.py:840} INFO - DAG(s) 'crime_analytics_pipeline' retrieved from /opt/airflow/dags/dag_crime_pipeline.py
[2026-05-24T20:04:06.031+0000] {logging_mixin.py:188} INFO - [2026-05-24T20:04:06.031+0000] {dag.py:3036} INFO - Sync 1 DAGs
[2026-05-24T20:04:06.053+0000] {logging_mixin.py:188} INFO - [2026-05-24T20:04:06.053+0000] {dag.py:3823} INFO - Setting next_dagrun for crime_analytics_pipeline to 2026-05-23 19:00:00+00:00, run_after=2026-05-30 19:00:00+00:00
[2026-05-24T20:04:06.095+0000] {processor.py:183} INFO - Processing /opt/airflow/dags/dag_crime_pipeline.py took 0.139 seconds
[2026-05-24T20:04:36.173+0000] {processor.py:161} INFO - Started process (PID=887) to work on /opt/airflow/dags/dag_crime_pipeline.py
[2026-05-24T20:04:36.175+0000] {processor.py:830} INFO - Processing file /opt/airflow/dags/dag_crime_pipeline.py for tasks to queue
[2026-05-24T20:04:36.178+0000] {logging_mixin.py:188} INFO - [2026-05-24T20:04:36.177+0000] {dagbag.py:538} INFO - Filling up the DagBag from /opt/airflow/dags/dag_crime_pipeline.py
[2026-05-24T20:04:36.226+0000] {processor.py:840} INFO - DAG(s) 'crime_analytics_pipeline' retrieved from /opt/airflow/dags/dag_crime_pipeline.py
[2026-05-24T20:04:36.273+0000] {logging_mixin.py:188} INFO - [2026-05-24T20:04:36.273+0000] {dag.py:3036} INFO - Sync 1 DAGs
[2026-05-24T20:04:36.299+0000] {logging_mixin.py:188} INFO - [2026-05-24T20:04:36.299+0000] {dag.py:3823} INFO - Setting next_dagrun for crime_analytics_pipeline to 2026-05-23 19:00:00+00:00, run_after=2026-05-30 19:00:00+00:00
[2026-05-24T20:04:36.325+0000] {processor.py:183} INFO - Processing /opt/airflow/dags/dag_crime_pipeline.py took 0.157 seconds
[2026-05-24T20:05:07.222+0000] {processor.py:161} INFO - Started process (PID=892) to work on /opt/airflow/dags/dag_crime_pipeline.py
[2026-05-24T20:05:07.224+0000] {processor.py:830} INFO - Processing file /opt/airflow/dags/dag_crime_pipeline.py for tasks to queue
[2026-05-24T20:05:07.227+0000] {logging_mixin.py:188} INFO - [2026-05-24T20:05:07.226+0000] {dagbag.py:538} INFO - Filling up the DagBag from /opt/airflow/dags/dag_crime_pipeline.py
[2026-05-24T20:05:07.263+0000] {processor.py:840} INFO - DAG(s) 'crime_analytics_pipeline' retrieved from /opt/airflow/dags/dag_crime_pipeline.py
[2026-05-24T20:05:07.303+0000] {logging_mixin.py:188} INFO - [2026-05-24T20:05:07.303+0000] {dag.py:3036} INFO - Sync 1 DAGs
[2026-05-24T20:05:07.331+0000] {logging_mixin.py:188} INFO - [2026-05-24T20:05:07.331+0000] {dag.py:3823} INFO - Setting next_dagrun for crime_analytics_pipeline to 2026-05-23 19:00:00+00:00, run_after=2026-05-30 19:00:00+00:00
[2026-05-24T20:05:07.352+0000] {processor.py:183} INFO - Processing /opt/airflow/dags/dag_crime_pipeline.py took 0.134 seconds
[2026-05-24T20:05:37.492+0000] {processor.py:161} INFO - Started process (PID=897) to work on /opt/airflow/dags/dag_crime_pipeline.py
[2026-05-24T20:05:37.493+0000] {processor.py:830} INFO - Processing file /opt/airflow/dags/dag_crime_pipeline.py for tasks to queue
[2026-05-24T20:05:37.497+0000] {logging_mixin.py:188} INFO - [2026-05-24T20:05:37.496+0000] {dagbag.py:538} INFO - Filling up the DagBag from /opt/airflow/dags/dag_crime_pipeline.py
[2026-05-24T20:05:37.538+0000] {processor.py:840} INFO - DAG(s) 'crime_analytics_pipeline' retrieved from /opt/airflow/dags/dag_crime_pipeline.py
[2026-05-24T20:05:37.572+0000] {logging_mixin.py:188} INFO - [2026-05-24T20:05:37.571+0000] {dag.py:3036} INFO - Sync 1 DAGs
[2026-05-24T20:05:37.596+0000] {logging_mixin.py:188} INFO - [2026-05-24T20:05:37.596+0000] {dag.py:3823} INFO - Setting next_dagrun for crime_analytics_pipeline to 2026-05-23 19:00:00+00:00, run_after=2026-05-30 19:00:00+00:00
[2026-05-24T20:05:37.620+0000] {processor.py:183} INFO - Processing /opt/airflow/dags/dag_crime_pipeline.py took 0.132 seconds
[2026-05-24T20:06:07.688+0000] {processor.py:161} INFO - Started process (PID=902) to work on /opt/airflow/dags/dag_crime_pipeline.py
[2026-05-24T20:06:07.690+0000] {processor.py:830} INFO - Processing file /opt/airflow/dags/dag_crime_pipeline.py for tasks to queue
[2026-05-24T20:06:07.695+0000] {logging_mixin.py:188} INFO - [2026-05-24T20:06:07.694+0000] {dagbag.py:538} INFO - Filling up the DagBag from /opt/airflow/dags/dag_crime_pipeline.py
[2026-05-24T20:06:07.736+0000] {processor.py:840} INFO - DAG(s) 'crime_analytics_pipeline' retrieved from /opt/airflow/dags/dag_crime_pipeline.py
[2026-05-24T20:06:07.772+0000] {logging_mixin.py:188} INFO - [2026-05-24T20:06:07.772+0000] {dag.py:3036} INFO - Sync 1 DAGs
[2026-05-24T20:06:07.797+0000] {logging_mixin.py:188} INFO - [2026-05-24T20:06:07.797+0000] {dag.py:3823} INFO - Setting next_dagrun for crime_analytics_pipeline to 2026-05-23 19:00:00+00:00, run_after=2026-05-30 19:00:00+00:00
[2026-05-24T20:06:07.837+0000] {processor.py:183} INFO - Processing /opt/airflow/dags/dag_crime_pipeline.py took 0.153 seconds
[2026-05-24T20:06:37.916+0000] {processor.py:161} INFO - Started process (PID=907) to work on /opt/airflow/dags/dag_crime_pipeline.py
[2026-05-24T20:06:37.917+0000] {processor.py:830} INFO - Processing file /opt/airflow/dags/dag_crime_pipeline.py for tasks to queue
[2026-05-24T20:06:37.920+0000] {logging_mixin.py:188} INFO - [2026-05-24T20:06:37.919+0000] {dagbag.py:538} INFO - Filling up the DagBag from /opt/airflow/dags/dag_crime_pipeline.py
[2026-05-24T20:06:37.989+0000] {processor.py:840} INFO - DAG(s) 'crime_analytics_pipeline' retrieved from /opt/airflow/dags/dag_crime_pipeline.py
[2026-05-24T20:06:38.024+0000] {logging_mixin.py:188} INFO - [2026-05-24T20:06:38.023+0000] {dag.py:3036} INFO - Sync 1 DAGs
[2026-05-24T20:06:38.047+0000] {logging_mixin.py:188} INFO - [2026-05-24T20:06:38.047+0000] {dag.py:3823} INFO - Setting next_dagrun for crime_analytics_pipeline to 2026-05-23 19:00:00+00:00, run_after=2026-05-30 19:00:00+00:00
[2026-05-24T20:06:38.072+0000] {processor.py:183} INFO - Processing /opt/airflow/dags/dag_crime_pipeline.py took 0.161 seconds
[2026-05-24T20:07:08.147+0000] {processor.py:161} INFO - Started process (PID=912) to work on /opt/airflow/dags/dag_crime_pipeline.py
[2026-05-24T20:07:08.149+0000] {processor.py:830} INFO - Processing file /opt/airflow/dags/dag_crime_pipeline.py for tasks to queue
[2026-05-24T20:07:08.152+0000] {logging_mixin.py:188} INFO - [2026-05-24T20:07:08.152+0000] {dagbag.py:538} INFO - Filling up the DagBag from /opt/airflow/dags/dag_crime_pipeline.py
[2026-05-24T20:07:08.191+0000] {processor.py:840} INFO - DAG(s) 'crime_analytics_pipeline' retrieved from /opt/airflow/dags/dag_crime_pipeline.py
[2026-05-24T20:07:08.223+0000] {logging_mixin.py:188} INFO - [2026-05-24T20:07:08.222+0000] {dag.py:3036} INFO - Sync 1 DAGs
[2026-05-24T20:07:08.246+0000] {logging_mixin.py:188} INFO - [2026-05-24T20:07:08.246+0000] {dag.py:3823} INFO - Setting next_dagrun for crime_analytics_pipeline to 2026-05-23 19:00:00+00:00, run_after=2026-05-30 19:00:00+00:00
[2026-05-24T20:07:08.269+0000] {processor.py:183} INFO - Processing /opt/airflow/dags/dag_crime_pipeline.py took 0.126 seconds
[2026-05-24T20:07:39.236+0000] {processor.py:161} INFO - Started process (PID=917) to work on /opt/airflow/dags/dag_crime_pipeline.py
[2026-05-24T20:07:39.237+0000] {processor.py:830} INFO - Processing file /opt/airflow/dags/dag_crime_pipeline.py for tasks to queue
[2026-05-24T20:07:39.239+0000] {logging_mixin.py:188} INFO - [2026-05-24T20:07:39.239+0000] {dagbag.py:538} INFO - Filling up the DagBag from /opt/airflow/dags/dag_crime_pipeline.py
[2026-05-24T20:07:39.279+0000] {processor.py:840} INFO - DAG(s) 'crime_analytics_pipeline' retrieved from /opt/airflow/dags/dag_crime_pipeline.py
[2026-05-24T20:07:39.311+0000] {logging_mixin.py:188} INFO - [2026-05-24T20:07:39.311+0000] {dag.py:3036} INFO - Sync 1 DAGs
[2026-05-24T20:07:39.337+0000] {logging_mixin.py:188} INFO - [2026-05-24T20:07:39.337+0000] {dag.py:3823} INFO - Setting next_dagrun for crime_analytics_pipeline to 2026-05-23 19:00:00+00:00, run_after=2026-05-30 19:00:00+00:00
[2026-05-24T20:07:39.362+0000] {processor.py:183} INFO - Processing /opt/airflow/dags/dag_crime_pipeline.py took 0.131 seconds
[2026-05-24T20:08:09.441+0000] {processor.py:161} INFO - Started process (PID=922) to work on /opt/airflow/dags/dag_crime_pipeline.py
[2026-05-24T20:08:09.443+0000] {processor.py:830} INFO - Processing file /opt/airflow/dags/dag_crime_pipeline.py for tasks to queue
[2026-05-24T20:08:09.446+0000] {logging_mixin.py:188} INFO - [2026-05-24T20:08:09.445+0000] {dagbag.py:538} INFO - Filling up the DagBag from /opt/airflow/dags/dag_crime_pipeline.py
[2026-05-24T20:08:09.481+0000] {processor.py:840} INFO - DAG(s) 'crime_analytics_pipeline' retrieved from /opt/airflow/dags/dag_crime_pipeline.py
[2026-05-24T20:08:09.514+0000] {logging_mixin.py:188} INFO - [2026-05-24T20:08:09.514+0000] {dag.py:3036} INFO - Sync 1 DAGs
[2026-05-24T20:08:09.538+0000] {logging_mixin.py:188} INFO - [2026-05-24T20:08:09.538+0000] {dag.py:3823} INFO - Setting next_dagrun for crime_analytics_pipeline to 2026-05-23 19:00:00+00:00, run_after=2026-05-30 19:00:00+00:00
[2026-05-24T20:08:09.557+0000] {processor.py:183} INFO - Processing /opt/airflow/dags/dag_crime_pipeline.py took 0.120 seconds
[2026-05-24T20:08:39.649+0000] {processor.py:161} INFO - Started process (PID=927) to work on /opt/airflow/dags/dag_crime_pipeline.py
[2026-05-24T20:08:39.650+0000] {processor.py:830} INFO - Processing file /opt/airflow/dags/dag_crime_pipeline.py for tasks to queue
[2026-05-24T20:08:39.652+0000] {logging_mixin.py:188} INFO - [2026-05-24T20:08:39.652+0000] {dagbag.py:538} INFO - Filling up the DagBag from /opt/airflow/dags/dag_crime_pipeline.py
[2026-05-24T20:08:39.687+0000] {processor.py:840} INFO - DAG(s) 'crime_analytics_pipeline' retrieved from /opt/airflow/dags/dag_crime_pipeline.py
[2026-05-24T20:08:39.721+0000] {logging_mixin.py:188} INFO - [2026-05-24T20:08:39.720+0000] {dag.py:3036} INFO - Sync 1 DAGs
[2026-05-24T20:08:39.747+0000] {logging_mixin.py:188} INFO - [2026-05-24T20:08:39.747+0000] {dag.py:3823} INFO - Setting next_dagrun for crime_analytics_pipeline to 2026-05-23 19:00:00+00:00, run_after=2026-05-30 19:00:00+00:00
[2026-05-24T20:08:39.787+0000] {processor.py:183} INFO - Processing /opt/airflow/dags/dag_crime_pipeline.py took 0.142 seconds
[2026-05-24T20:09:09.855+0000] {processor.py:161} INFO - Started process (PID=932) to work on /opt/airflow/dags/dag_crime_pipeline.py
[2026-05-24T20:09:09.856+0000] {processor.py:830} INFO - Processing file /opt/airflow/dags/dag_crime_pipeline.py for tasks to queue
[2026-05-24T20:09:09.859+0000] {logging_mixin.py:188} INFO - [2026-05-24T20:09:09.858+0000] {dagbag.py:538} INFO - Filling up the DagBag from /opt/airflow/dags/dag_crime_pipeline.py
[2026-05-24T20:09:09.894+0000] {processor.py:840} INFO - DAG(s) 'crime_analytics_pipeline' retrieved from /opt/airflow/dags/dag_crime_pipeline.py
[2026-05-24T20:09:09.925+0000] {logging_mixin.py:188} INFO - [2026-05-24T20:09:09.925+0000] {dag.py:3036} INFO - Sync 1 DAGs
[2026-05-24T20:09:09.948+0000] {logging_mixin.py:188} INFO - [2026-05-24T20:09:09.948+0000] {dag.py:3823} INFO - Setting next_dagrun for crime_analytics_pipeline to 2026-05-23 19:00:00+00:00, run_after=2026-05-30 19:00:00+00:00
[2026-05-24T20:09:09.989+0000] {processor.py:183} INFO - Processing /opt/airflow/dags/dag_crime_pipeline.py took 0.138 seconds
[2026-05-24T20:09:40.133+0000] {processor.py:161} INFO - Started process (PID=937) to work on /opt/airflow/dags/dag_crime_pipeline.py
[2026-05-24T20:09:40.135+0000] {processor.py:830} INFO - Processing file /opt/airflow/dags/dag_crime_pipeline.py for tasks to queue
[2026-05-24T20:09:40.138+0000] {logging_mixin.py:188} INFO - [2026-05-24T20:09:40.138+0000] {dagbag.py:538} INFO - Filling up the DagBag from /opt/airflow/dags/dag_crime_pipeline.py
[2026-05-24T20:09:40.176+0000] {processor.py:840} INFO - DAG(s) 'crime_analytics_pipeline' retrieved from /opt/airflow/dags/dag_crime_pipeline.py
[2026-05-24T20:09:40.208+0000] {logging_mixin.py:188} INFO - [2026-05-24T20:09:40.207+0000] {dag.py:3036} INFO - Sync 1 DAGs
[2026-05-24T20:09:40.233+0000] {logging_mixin.py:188} INFO - [2026-05-24T20:09:40.233+0000] {dag.py:3823} INFO - Setting next_dagrun for crime_analytics_pipeline to 2026-05-23 19:00:00+00:00, run_after=2026-05-30 19:00:00+00:00
[2026-05-24T20:09:40.275+0000] {processor.py:183} INFO - Processing /opt/airflow/dags/dag_crime_pipeline.py took 0.146 seconds
[2026-05-24T20:10:10.376+0000] {processor.py:161} INFO - Started process (PID=942) to work on /opt/airflow/dags/dag_crime_pipeline.py
[2026-05-24T20:10:10.378+0000] {processor.py:830} INFO - Processing file /opt/airflow/dags/dag_crime_pipeline.py for tasks to queue
[2026-05-24T20:10:10.381+0000] {logging_mixin.py:188} INFO - [2026-05-24T20:10:10.380+0000] {dagbag.py:538} INFO - Filling up the DagBag from /opt/airflow/dags/dag_crime_pipeline.py
[2026-05-24T20:10:10.419+0000] {processor.py:840} INFO - DAG(s) 'crime_analytics_pipeline' retrieved from /opt/airflow/dags/dag_crime_pipeline.py
[2026-05-24T20:10:10.450+0000] {logging_mixin.py:188} INFO - [2026-05-24T20:10:10.449+0000] {dag.py:3036} INFO - Sync 1 DAGs
[2026-05-24T20:10:10.473+0000] {logging_mixin.py:188} INFO - [2026-05-24T20:10:10.473+0000] {dag.py:3823} INFO - Setting next_dagrun for crime_analytics_pipeline to 2026-05-23 19:00:00+00:00, run_after=2026-05-30 19:00:00+00:00
[2026-05-24T20:10:10.518+0000] {processor.py:183} INFO - Processing /opt/airflow/dags/dag_crime_pipeline.py took 0.147 seconds
[2026-05-24T20:10:40.664+0000] {processor.py:161} INFO - Started process (PID=947) to work on /opt/airflow/dags/dag_crime_pipeline.py
[2026-05-24T20:10:40.665+0000] {processor.py:830} INFO - Processing file /opt/airflow/dags/dag_crime_pipeline.py for tasks to queue
[2026-05-24T20:10:40.668+0000] {logging_mixin.py:188} INFO - [2026-05-24T20:10:40.668+0000] {dagbag.py:538} INFO - Filling up the DagBag from /opt/airflow/dags/dag_crime_pipeline.py
[2026-05-24T20:10:40.706+0000] {processor.py:840} INFO - DAG(s) 'crime_analytics_pipeline' retrieved from /opt/airflow/dags/dag_crime_pipeline.py
[2026-05-24T20:10:40.743+0000] {logging_mixin.py:188} INFO - [2026-05-24T20:10:40.742+0000] {dag.py:3036} INFO - Sync 1 DAGs
[2026-05-24T20:10:40.764+0000] {logging_mixin.py:188} INFO - [2026-05-24T20:10:40.764+0000] {dag.py:3823} INFO - Setting next_dagrun for crime_analytics_pipeline to 2026-05-23 19:00:00+00:00, run_after=2026-05-30 19:00:00+00:00
[2026-05-24T20:10:40.806+0000] {processor.py:183} INFO - Processing /opt/airflow/dags/dag_crime_pipeline.py took 0.147 seconds
[2026-05-24T20:11:10.895+0000] {processor.py:161} INFO - Started process (PID=952) to work on /opt/airflow/dags/dag_crime_pipeline.py
[2026-05-24T20:11:10.897+0000] {processor.py:830} INFO - Processing file /opt/airflow/dags/dag_crime_pipeline.py for tasks to queue
[2026-05-24T20:11:10.900+0000] {logging_mixin.py:188} INFO - [2026-05-24T20:11:10.899+0000] {dagbag.py:538} INFO - Filling up the DagBag from /opt/airflow/dags/dag_crime_pipeline.py
[2026-05-24T20:11:10.936+0000] {processor.py:840} INFO - DAG(s) 'crime_analytics_pipeline' retrieved from /opt/airflow/dags/dag_crime_pipeline.py
[2026-05-24T20:11:10.971+0000] {logging_mixin.py:188} INFO - [2026-05-24T20:11:10.970+0000] {dag.py:3036} INFO - Sync 1 DAGs
[2026-05-24T20:11:10.997+0000] {logging_mixin.py:188} INFO - [2026-05-24T20:11:10.997+0000] {dag.py:3823} INFO - Setting next_dagrun for crime_analytics_pipeline to 2026-05-23 19:00:00+00:00, run_after=2026-05-30 19:00:00+00:00
[2026-05-24T20:11:11.020+0000] {processor.py:183} INFO - Processing /opt/airflow/dags/dag_crime_pipeline.py took 0.129 seconds
[2026-05-24T20:11:41.120+0000] {processor.py:161} INFO - Started process (PID=957) to work on /opt/airflow/dags/dag_crime_pipeline.py
[2026-05-24T20:11:41.121+0000] {processor.py:830} INFO - Processing file /opt/airflow/dags/dag_crime_pipeline.py for tasks to queue
[2026-05-24T20:11:41.124+0000] {logging_mixin.py:188} INFO - [2026-05-24T20:11:41.124+0000] {dagbag.py:538} INFO - Filling up the DagBag from /opt/airflow/dags/dag_crime_pipeline.py
[2026-05-24T20:11:41.162+0000] {processor.py:840} INFO - DAG(s) 'crime_analytics_pipeline' retrieved from /opt/airflow/dags/dag_crime_pipeline.py
[2026-05-24T20:11:41.193+0000] {logging_mixin.py:188} INFO - [2026-05-24T20:11:41.193+0000] {dag.py:3036} INFO - Sync 1 DAGs
[2026-05-24T20:11:41.217+0000] {logging_mixin.py:188} INFO - [2026-05-24T20:11:41.217+0000] {dag.py:3823} INFO - Setting next_dagrun for crime_analytics_pipeline to 2026-05-23 19:00:00+00:00, run_after=2026-05-30 19:00:00+00:00
[2026-05-24T20:11:41.238+0000] {processor.py:183} INFO - Processing /opt/airflow/dags/dag_crime_pipeline.py took 0.122 seconds
[2026-05-24T20:12:12.190+0000] {processor.py:161} INFO - Started process (PID=962) to work on /opt/airflow/dags/dag_crime_pipeline.py
[2026-05-24T20:12:12.191+0000] {processor.py:830} INFO - Processing file /opt/airflow/dags/dag_crime_pipeline.py for tasks to queue
[2026-05-24T20:12:12.194+0000] {logging_mixin.py:188} INFO - [2026-05-24T20:12:12.193+0000] {dagbag.py:538} INFO - Filling up the DagBag from /opt/airflow/dags/dag_crime_pipeline.py
[2026-05-24T20:12:12.230+0000] {processor.py:840} INFO - DAG(s) 'crime_analytics_pipeline' retrieved from /opt/airflow/dags/dag_crime_pipeline.py
[2026-05-24T20:12:12.263+0000] {logging_mixin.py:188} INFO - [2026-05-24T20:12:12.262+0000] {dag.py:3036} INFO - Sync 1 DAGs
[2026-05-24T20:12:12.285+0000] {logging_mixin.py:188} INFO - [2026-05-24T20:12:12.285+0000] {dag.py:3823} INFO - Setting next_dagrun for crime_analytics_pipeline to 2026-05-23 19:00:00+00:00, run_after=2026-05-30 19:00:00+00:00
[2026-05-24T20:12:12.307+0000] {processor.py:183} INFO - Processing /opt/airflow/dags/dag_crime_pipeline.py took 0.123 seconds
[2026-05-24T20:12:43.344+0000] {processor.py:161} INFO - Started process (PID=967) to work on /opt/airflow/dags/dag_crime_pipeline.py
[2026-05-24T20:12:43.345+0000] {processor.py:830} INFO - Processing file /opt/airflow/dags/dag_crime_pipeline.py for tasks to queue
[2026-05-24T20:12:43.349+0000] {logging_mixin.py:188} INFO - [2026-05-24T20:12:43.348+0000] {dagbag.py:538} INFO - Filling up the DagBag from /opt/airflow/dags/dag_crime_pipeline.py
[2026-05-24T20:12:43.386+0000] {processor.py:840} INFO - DAG(s) 'crime_analytics_pipeline' retrieved from /opt/airflow/dags/dag_crime_pipeline.py
[2026-05-24T20:12:43.423+0000] {logging_mixin.py:188} INFO - [2026-05-24T20:12:43.423+0000] {dag.py:3036} INFO - Sync 1 DAGs
[2026-05-24T20:12:43.451+0000] {logging_mixin.py:188} INFO - [2026-05-24T20:12:43.451+0000] {dag.py:3823} INFO - Setting next_dagrun for crime_analytics_pipeline to 2026-05-23 19:00:00+00:00, run_after=2026-05-30 19:00:00+00:00
[2026-05-24T20:12:43.475+0000] {processor.py:183} INFO - Processing /opt/airflow/dags/dag_crime_pipeline.py took 0.137 seconds
[2026-05-24T20:13:13.548+0000] {processor.py:161} INFO - Started process (PID=972) to work on /opt/airflow/dags/dag_crime_pipeline.py
[2026-05-24T20:13:13.550+0000] {processor.py:830} INFO - Processing file /opt/airflow/dags/dag_crime_pipeline.py for tasks to queue
[2026-05-24T20:13:13.553+0000] {logging_mixin.py:188} INFO - [2026-05-24T20:13:13.552+0000] {dagbag.py:538} INFO - Filling up the DagBag from /opt/airflow/dags/dag_crime_pipeline.py
[2026-05-24T20:13:13.590+0000] {processor.py:840} INFO - DAG(s) 'crime_analytics_pipeline' retrieved from /opt/airflow/dags/dag_crime_pipeline.py
[2026-05-24T20:13:13.619+0000] {logging_mixin.py:188} INFO - [2026-05-24T20:13:13.619+0000] {dag.py:3036} INFO - Sync 1 DAGs
[2026-05-24T20:13:13.644+0000] {logging_mixin.py:188} INFO - [2026-05-24T20:13:13.644+0000] {dag.py:3823} INFO - Setting next_dagrun for crime_analytics_pipeline to 2026-05-23 19:00:00+00:00, run_after=2026-05-30 19:00:00+00:00
[2026-05-24T20:13:13.667+0000] {processor.py:183} INFO - Processing /opt/airflow/dags/dag_crime_pipeline.py took 0.122 seconds
[2026-05-24T20:13:43.756+0000] {processor.py:161} INFO - Started process (PID=977) to work on /opt/airflow/dags/dag_crime_pipeline.py
[2026-05-24T20:13:43.758+0000] {processor.py:830} INFO - Processing file /opt/airflow/dags/dag_crime_pipeline.py for tasks to queue
[2026-05-24T20:13:43.761+0000] {logging_mixin.py:188} INFO - [2026-05-24T20:13:43.761+0000] {dagbag.py:538} INFO - Filling up the DagBag from /opt/airflow/dags/dag_crime_pipeline.py
[2026-05-24T20:13:43.803+0000] {processor.py:840} INFO - DAG(s) 'crime_analytics_pipeline' retrieved from /opt/airflow/dags/dag_crime_pipeline.py
[2026-05-24T20:13:43.843+0000] {logging_mixin.py:188} INFO - [2026-05-24T20:13:43.843+0000] {dag.py:3036} INFO - Sync 1 DAGs
[2026-05-24T20:13:43.871+0000] {logging_mixin.py:188} INFO - [2026-05-24T20:13:43.870+0000] {dag.py:3823} INFO - Setting next_dagrun for crime_analytics_pipeline to 2026-05-23 19:00:00+00:00, run_after=2026-05-30 19:00:00+00:00
[2026-05-24T20:13:43.901+0000] {processor.py:183} INFO - Processing /opt/airflow/dags/dag_crime_pipeline.py took 0.148 seconds
[2026-05-24T20:14:14.016+0000] {processor.py:161} INFO - Started process (PID=982) to work on /opt/airflow/dags/dag_crime_pipeline.py
[2026-05-24T20:14:14.018+0000] {processor.py:830} INFO - Processing file /opt/airflow/dags/dag_crime_pipeline.py for tasks to queue
[2026-05-24T20:14:14.024+0000] {logging_mixin.py:188} INFO - [2026-05-24T20:14:14.023+0000] {dagbag.py:538} INFO - Filling up the DagBag from /opt/airflow/dags/dag_crime_pipeline.py
[2026-05-24T20:14:14.067+0000] {processor.py:840} INFO - DAG(s) 'crime_analytics_pipeline' retrieved from /opt/airflow/dags/dag_crime_pipeline.py
[2026-05-24T20:14:14.098+0000] {logging_mixin.py:188} INFO - [2026-05-24T20:14:14.098+0000] {dag.py:3036} INFO - Sync 1 DAGs
[2026-05-24T20:14:14.123+0000] {logging_mixin.py:188} INFO - [2026-05-24T20:14:14.122+0000] {dag.py:3823} INFO - Setting next_dagrun for crime_analytics_pipeline to 2026-05-23 19:00:00+00:00, run_after=2026-05-30 19:00:00+00:00
[2026-05-24T20:14:14.163+0000] {processor.py:183} INFO - Processing /opt/airflow/dags/dag_crime_pipeline.py took 0.156 seconds
[2026-05-24T20:14:44.277+0000] {processor.py:161} INFO - Started process (PID=987) to work on /opt/airflow/dags/dag_crime_pipeline.py
[2026-05-24T20:14:44.278+0000] {processor.py:830} INFO - Processing file /opt/airflow/dags/dag_crime_pipeline.py for tasks to queue
[2026-05-24T20:14:44.281+0000] {logging_mixin.py:188} INFO - [2026-05-24T20:14:44.280+0000] {dagbag.py:538} INFO - Filling up the DagBag from /opt/airflow/dags/dag_crime_pipeline.py
[2026-05-24T20:14:44.317+0000] {processor.py:840} INFO - DAG(s) 'crime_analytics_pipeline' retrieved from /opt/airflow/dags/dag_crime_pipeline.py
[2026-05-24T20:14:44.348+0000] {logging_mixin.py:188} INFO - [2026-05-24T20:14:44.348+0000] {dag.py:3036} INFO - Sync 1 DAGs
[2026-05-24T20:14:44.374+0000] {logging_mixin.py:188} INFO - [2026-05-24T20:14:44.373+0000] {dag.py:3823} INFO - Setting next_dagrun for crime_analytics_pipeline to 2026-05-23 19:00:00+00:00, run_after=2026-05-30 19:00:00+00:00
[2026-05-24T20:14:44.396+0000] {processor.py:183} INFO - Processing /opt/airflow/dags/dag_crime_pipeline.py took 0.122 seconds
[2026-05-24T20:15:15.354+0000] {processor.py:161} INFO - Started process (PID=992) to work on /opt/airflow/dags/dag_crime_pipeline.py
[2026-05-24T20:15:15.355+0000] {processor.py:830} INFO - Processing file /opt/airflow/dags/dag_crime_pipeline.py for tasks to queue
[2026-05-24T20:15:15.359+0000] {logging_mixin.py:188} INFO - [2026-05-24T20:15:15.358+0000] {dagbag.py:538} INFO - Filling up the DagBag from /opt/airflow/dags/dag_crime_pipeline.py
[2026-05-24T20:15:15.400+0000] {processor.py:840} INFO - DAG(s) 'crime_analytics_pipeline' retrieved from /opt/airflow/dags/dag_crime_pipeline.py
[2026-05-24T20:15:15.440+0000] {logging_mixin.py:188} INFO - [2026-05-24T20:15:15.439+0000] {dag.py:3036} INFO - Sync 1 DAGs
[2026-05-24T20:15:15.467+0000] {logging_mixin.py:188} INFO - [2026-05-24T20:15:15.467+0000] {dag.py:3823} INFO - Setting next_dagrun for crime_analytics_pipeline to 2026-05-23 19:00:00+00:00, run_after=2026-05-30 19:00:00+00:00
[2026-05-24T20:15:15.510+0000] {processor.py:183} INFO - Processing /opt/airflow/dags/dag_crime_pipeline.py took 0.162 seconds
[2026-05-24T20:15:45.622+0000] {processor.py:161} INFO - Started process (PID=997) to work on /opt/airflow/dags/dag_crime_pipeline.py
[2026-05-24T20:15:45.624+0000] {processor.py:830} INFO - Processing file /opt/airflow/dags/dag_crime_pipeline.py for tasks to queue
[2026-05-24T20:15:45.627+0000] {logging_mixin.py:188} INFO - [2026-05-24T20:15:45.626+0000] {dagbag.py:538} INFO - Filling up the DagBag from /opt/airflow/dags/dag_crime_pipeline.py
[2026-05-24T20:15:45.666+0000] {processor.py:840} INFO - DAG(s) 'crime_analytics_pipeline' retrieved from /opt/airflow/dags/dag_crime_pipeline.py
[2026-05-24T20:15:45.704+0000] {logging_mixin.py:188} INFO - [2026-05-24T20:15:45.704+0000] {dag.py:3036} INFO - Sync 1 DAGs
[2026-05-24T20:15:45.728+0000] {logging_mixin.py:188} INFO - [2026-05-24T20:15:45.728+0000] {dag.py:3823} INFO - Setting next_dagrun for crime_analytics_pipeline to 2026-05-23 19:00:00+00:00, run_after=2026-05-30 19:00:00+00:00
[2026-05-24T20:15:45.749+0000] {processor.py:183} INFO - Processing /opt/airflow/dags/dag_crime_pipeline.py took 0.131 seconds
[2026-05-24T20:16:15.807+0000] {processor.py:161} INFO - Started process (PID=1002) to work on /opt/airflow/dags/dag_crime_pipeline.py
[2026-05-24T20:16:15.809+0000] {processor.py:830} INFO - Processing file /opt/airflow/dags/dag_crime_pipeline.py for tasks to queue
[2026-05-24T20:16:15.812+0000] {logging_mixin.py:188} INFO - [2026-05-24T20:16:15.811+0000] {dagbag.py:538} INFO - Filling up the DagBag from /opt/airflow/dags/dag_crime_pipeline.py
[2026-05-24T20:16:15.849+0000] {processor.py:840} INFO - DAG(s) 'crime_analytics_pipeline' retrieved from /opt/airflow/dags/dag_crime_pipeline.py
[2026-05-24T20:16:15.885+0000] {logging_mixin.py:188} INFO - [2026-05-24T20:16:15.885+0000] {dag.py:3036} INFO - Sync 1 DAGs
[2026-05-24T20:16:15.911+0000] {logging_mixin.py:188} INFO - [2026-05-24T20:16:15.910+0000] {dag.py:3823} INFO - Setting next_dagrun for crime_analytics_pipeline to 2026-05-23 19:00:00+00:00, run_after=2026-05-30 19:00:00+00:00
[2026-05-24T20:16:15.932+0000] {processor.py:183} INFO - Processing /opt/airflow/dags/dag_crime_pipeline.py took 0.129 seconds
[2026-05-24T20:16:46.054+0000] {processor.py:161} INFO - Started process (PID=1007) to work on /opt/airflow/dags/dag_crime_pipeline.py
[2026-05-24T20:16:46.056+0000] {processor.py:830} INFO - Processing file /opt/airflow/dags/dag_crime_pipeline.py for tasks to queue
[2026-05-24T20:16:46.059+0000] {logging_mixin.py:188} INFO - [2026-05-24T20:16:46.059+0000] {dagbag.py:538} INFO - Filling up the DagBag from /opt/airflow/dags/dag_crime_pipeline.py
[2026-05-24T20:16:46.094+0000] {processor.py:840} INFO - DAG(s) 'crime_analytics_pipeline' retrieved from /opt/airflow/dags/dag_crime_pipeline.py
[2026-05-24T20:16:46.129+0000] {logging_mixin.py:188} INFO - [2026-05-24T20:16:46.128+0000] {dag.py:3036} INFO - Sync 1 DAGs
[2026-05-24T20:16:46.158+0000] {logging_mixin.py:188} INFO - [2026-05-24T20:16:46.158+0000] {dag.py:3823} INFO - Setting next_dagrun for crime_analytics_pipeline to 2026-05-23 19:00:00+00:00, run_after=2026-05-30 19:00:00+00:00
[2026-05-24T20:16:46.181+0000] {processor.py:183} INFO - Processing /opt/airflow/dags/dag_crime_pipeline.py took 0.131 seconds
[2026-05-24T20:17:16.320+0000] {processor.py:161} INFO - Started process (PID=1012) to work on /opt/airflow/dags/dag_crime_pipeline.py
[2026-05-24T20:17:16.322+0000] {processor.py:830} INFO - Processing file /opt/airflow/dags/dag_crime_pipeline.py for tasks to queue
[2026-05-24T20:17:16.325+0000] {logging_mixin.py:188} INFO - [2026-05-24T20:17:16.324+0000] {dagbag.py:538} INFO - Filling up the DagBag from /opt/airflow/dags/dag_crime_pipeline.py
[2026-05-24T20:17:16.369+0000] {processor.py:840} INFO - DAG(s) 'crime_analytics_pipeline' retrieved from /opt/airflow/dags/dag_crime_pipeline.py
[2026-05-24T20:17:16.409+0000] {logging_mixin.py:188} INFO - [2026-05-24T20:17:16.409+0000] {dag.py:3036} INFO - Sync 1 DAGs
[2026-05-24T20:17:16.434+0000] {logging_mixin.py:188} INFO - [2026-05-24T20:17:16.434+0000] {dag.py:3823} INFO - Setting next_dagrun for crime_analytics_pipeline to 2026-05-23 19:00:00+00:00, run_after=2026-05-30 19:00:00+00:00
[2026-05-24T20:17:16.478+0000] {processor.py:183} INFO - Processing /opt/airflow/dags/dag_crime_pipeline.py took 0.164 seconds
[2026-05-24T20:17:46.567+0000] {processor.py:161} INFO - Started process (PID=1017) to work on /opt/airflow/dags/dag_crime_pipeline.py
[2026-05-24T20:17:46.570+0000] {processor.py:830} INFO - Processing file /opt/airflow/dags/dag_crime_pipeline.py for tasks to queue
[2026-05-24T20:17:46.575+0000] {logging_mixin.py:188} INFO - [2026-05-24T20:17:46.573+0000] {dagbag.py:538} INFO - Filling up the DagBag from /opt/airflow/dags/dag_crime_pipeline.py
[2026-05-24T20:17:46.624+0000] {processor.py:840} INFO - DAG(s) 'crime_analytics_pipeline' retrieved from /opt/airflow/dags/dag_crime_pipeline.py
[2026-05-24T20:17:46.669+0000] {logging_mixin.py:188} INFO - [2026-05-24T20:17:46.669+0000] {dag.py:3036} INFO - Sync 1 DAGs
[2026-05-24T20:17:46.698+0000] {logging_mixin.py:188} INFO - [2026-05-24T20:17:46.698+0000] {dag.py:3823} INFO - Setting next_dagrun for crime_analytics_pipeline to 2026-05-23 19:00:00+00:00, run_after=2026-05-30 19:00:00+00:00
[2026-05-24T20:17:46.745+0000] {processor.py:183} INFO - Processing /opt/airflow/dags/dag_crime_pipeline.py took 0.185 seconds
[2026-05-24T20:18:16.863+0000] {processor.py:161} INFO - Started process (PID=1022) to work on /opt/airflow/dags/dag_crime_pipeline.py
[2026-05-24T20:18:16.865+0000] {processor.py:830} INFO - Processing file /opt/airflow/dags/dag_crime_pipeline.py for tasks to queue
[2026-05-24T20:18:16.868+0000] {logging_mixin.py:188} INFO - [2026-05-24T20:18:16.868+0000] {dagbag.py:538} INFO - Filling up the DagBag from /opt/airflow/dags/dag_crime_pipeline.py
[2026-05-24T20:18:16.911+0000] {processor.py:840} INFO - DAG(s) 'crime_analytics_pipeline' retrieved from /opt/airflow/dags/dag_crime_pipeline.py
[2026-05-24T20:18:16.950+0000] {logging_mixin.py:188} INFO - [2026-05-24T20:18:16.949+0000] {dag.py:3036} INFO - Sync 1 DAGs
[2026-05-24T20:18:16.978+0000] {logging_mixin.py:188} INFO - [2026-05-24T20:18:16.978+0000] {dag.py:3823} INFO - Setting next_dagrun for crime_analytics_pipeline to 2026-05-23 19:00:00+00:00, run_after=2026-05-30 19:00:00+00:00
[2026-05-24T20:18:17.019+0000] {processor.py:183} INFO - Processing /opt/airflow/dags/dag_crime_pipeline.py took 0.162 seconds
[2026-05-24T20:18:47.119+0000] {processor.py:161} INFO - Started process (PID=1027) to work on /opt/airflow/dags/dag_crime_pipeline.py
[2026-05-24T20:18:47.122+0000] {processor.py:830} INFO - Processing file /opt/airflow/dags/dag_crime_pipeline.py for tasks to queue
[2026-05-24T20:18:47.127+0000] {logging_mixin.py:188} INFO - [2026-05-24T20:18:47.127+0000] {dagbag.py:538} INFO - Filling up the DagBag from /opt/airflow/dags/dag_crime_pipeline.py
[2026-05-24T20:18:47.180+0000] {processor.py:840} INFO - DAG(s) 'crime_analytics_pipeline' retrieved from /opt/airflow/dags/dag_crime_pipeline.py
[2026-05-24T20:18:47.229+0000] {logging_mixin.py:188} INFO - [2026-05-24T20:18:47.228+0000] {dag.py:3036} INFO - Sync 1 DAGs
[2026-05-24T20:18:47.262+0000] {logging_mixin.py:188} INFO - [2026-05-24T20:18:47.261+0000] {dag.py:3823} INFO - Setting next_dagrun for crime_analytics_pipeline to 2026-05-23 19:00:00+00:00, run_after=2026-05-30 19:00:00+00:00
[2026-05-24T20:18:47.309+0000] {processor.py:183} INFO - Processing /opt/airflow/dags/dag_crime_pipeline.py took 0.197 seconds
[2026-05-24T20:19:17.429+0000] {processor.py:161} INFO - Started process (PID=1032) to work on /opt/airflow/dags/dag_crime_pipeline.py
[2026-05-24T20:19:17.431+0000] {processor.py:830} INFO - Processing file /opt/airflow/dags/dag_crime_pipeline.py for tasks to queue
[2026-05-24T20:19:17.433+0000] {logging_mixin.py:188} INFO - [2026-05-24T20:19:17.433+0000] {dagbag.py:538} INFO - Filling up the DagBag from /opt/airflow/dags/dag_crime_pipeline.py
[2026-05-24T20:19:17.501+0000] {processor.py:840} INFO - DAG(s) 'crime_analytics_pipeline' retrieved from /opt/airflow/dags/dag_crime_pipeline.py
[2026-05-24T20:19:17.544+0000] {logging_mixin.py:188} INFO - [2026-05-24T20:19:17.544+0000] {dag.py:3036} INFO - Sync 1 DAGs
[2026-05-24T20:19:17.571+0000] {logging_mixin.py:188} INFO - [2026-05-24T20:19:17.571+0000] {dag.py:3823} INFO - Setting next_dagrun for crime_analytics_pipeline to 2026-05-23 19:00:00+00:00, run_after=2026-05-30 19:00:00+00:00
[2026-05-24T20:19:17.592+0000] {processor.py:183} INFO - Processing /opt/airflow/dags/dag_crime_pipeline.py took 0.166 seconds
[2026-05-24T20:19:47.710+0000] {processor.py:161} INFO - Started process (PID=1037) to work on /opt/airflow/dags/dag_crime_pipeline.py
[2026-05-24T20:19:47.712+0000] {processor.py:830} INFO - Processing file /opt/airflow/dags/dag_crime_pipeline.py for tasks to queue
[2026-05-24T20:19:47.715+0000] {logging_mixin.py:188} INFO - [2026-05-24T20:19:47.714+0000] {dagbag.py:538} INFO - Filling up the DagBag from /opt/airflow/dags/dag_crime_pipeline.py
[2026-05-24T20:19:47.762+0000] {processor.py:840} INFO - DAG(s) 'crime_analytics_pipeline' retrieved from /opt/airflow/dags/dag_crime_pipeline.py
[2026-05-24T20:19:47.808+0000] {logging_mixin.py:188} INFO - [2026-05-24T20:19:47.807+0000] {dag.py:3036} INFO - Sync 1 DAGs
[2026-05-24T20:19:47.844+0000] {logging_mixin.py:188} INFO - [2026-05-24T20:19:47.844+0000] {dag.py:3823} INFO - Setting next_dagrun for crime_analytics_pipeline to 2026-05-23 19:00:00+00:00, run_after=2026-05-30 19:00:00+00:00
[2026-05-24T20:19:47.875+0000] {processor.py:183} INFO - Processing /opt/airflow/dags/dag_crime_pipeline.py took 0.169 seconds
[2026-05-24T20:20:18.010+0000] {processor.py:161} INFO - Started process (PID=1042) to work on /opt/airflow/dags/dag_crime_pipeline.py
[2026-05-24T20:20:18.011+0000] {processor.py:830} INFO - Processing file /opt/airflow/dags/dag_crime_pipeline.py for tasks to queue
[2026-05-24T20:20:18.014+0000] {logging_mixin.py:188} INFO - [2026-05-24T20:20:18.013+0000] {dagbag.py:538} INFO - Filling up the DagBag from /opt/airflow/dags/dag_crime_pipeline.py
[2026-05-24T20:20:18.066+0000] {processor.py:840} INFO - DAG(s) 'crime_analytics_pipeline' retrieved from /opt/airflow/dags/dag_crime_pipeline.py
[2026-05-24T20:20:18.119+0000] {logging_mixin.py:188} INFO - [2026-05-24T20:20:18.118+0000] {dag.py:3036} INFO - Sync 1 DAGs
[2026-05-24T20:20:18.148+0000] {logging_mixin.py:188} INFO - [2026-05-24T20:20:18.147+0000] {dag.py:3823} INFO - Setting next_dagrun for crime_analytics_pipeline to 2026-05-23 19:00:00+00:00, run_after=2026-05-30 19:00:00+00:00
[2026-05-24T20:20:18.179+0000] {processor.py:183} INFO - Processing /opt/airflow/dags/dag_crime_pipeline.py took 0.173 seconds
[2026-05-24T20:20:48.276+0000] {processor.py:161} INFO - Started process (PID=1047) to work on /opt/airflow/dags/dag_crime_pipeline.py
[2026-05-24T20:20:48.278+0000] {processor.py:830} INFO - Processing file /opt/airflow/dags/dag_crime_pipeline.py for tasks to queue
[2026-05-24T20:20:48.281+0000] {logging_mixin.py:188} INFO - [2026-05-24T20:20:48.281+0000] {dagbag.py:538} INFO - Filling up the DagBag from /opt/airflow/dags/dag_crime_pipeline.py
[2026-05-24T20:20:48.323+0000] {processor.py:840} INFO - DAG(s) 'crime_analytics_pipeline' retrieved from /opt/airflow/dags/dag_crime_pipeline.py
[2026-05-24T20:20:48.366+0000] {logging_mixin.py:188} INFO - [2026-05-24T20:20:48.365+0000] {dag.py:3036} INFO - Sync 1 DAGs
[2026-05-24T20:20:48.397+0000] {logging_mixin.py:188} INFO - [2026-05-24T20:20:48.397+0000] {dag.py:3823} INFO - Setting next_dagrun for crime_analytics_pipeline to 2026-05-23 19:00:00+00:00, run_after=2026-05-30 19:00:00+00:00
[2026-05-24T20:20:48.424+0000] {processor.py:183} INFO - Processing /opt/airflow/dags/dag_crime_pipeline.py took 0.154 seconds
[2026-05-24T20:21:18.554+0000] {processor.py:161} INFO - Started process (PID=1052) to work on /opt/airflow/dags/dag_crime_pipeline.py
[2026-05-24T20:21:18.556+0000] {processor.py:830} INFO - Processing file /opt/airflow/dags/dag_crime_pipeline.py for tasks to queue
[2026-05-24T20:21:18.561+0000] {logging_mixin.py:188} INFO - [2026-05-24T20:21:18.560+0000] {dagbag.py:538} INFO - Filling up the DagBag from /opt/airflow/dags/dag_crime_pipeline.py
[2026-05-24T20:21:18.612+0000] {processor.py:840} INFO - DAG(s) 'crime_analytics_pipeline' retrieved from /opt/airflow/dags/dag_crime_pipeline.py
[2026-05-24T20:21:18.662+0000] {logging_mixin.py:188} INFO - [2026-05-24T20:21:18.661+0000] {dag.py:3036} INFO - Sync 1 DAGs
[2026-05-24T20:21:18.699+0000] {logging_mixin.py:188} INFO - [2026-05-24T20:21:18.699+0000] {dag.py:3823} INFO - Setting next_dagrun for crime_analytics_pipeline to 2026-05-23 19:00:00+00:00, run_after=2026-05-30 19:00:00+00:00
[2026-05-24T20:21:18.752+0000] {processor.py:183} INFO - Processing /opt/airflow/dags/dag_crime_pipeline.py took 0.205 seconds
[2026-05-24T20:21:49.612+0000] {processor.py:161} INFO - Started process (PID=1057) to work on /opt/airflow/dags/dag_crime_pipeline.py
[2026-05-24T20:21:49.614+0000] {processor.py:830} INFO - Processing file /opt/airflow/dags/dag_crime_pipeline.py for tasks to queue
[2026-05-24T20:21:49.617+0000] {logging_mixin.py:188} INFO - [2026-05-24T20:21:49.617+0000] {dagbag.py:538} INFO - Filling up the DagBag from /opt/airflow/dags/dag_crime_pipeline.py
[2026-05-24T20:21:49.696+0000] {processor.py:840} INFO - DAG(s) 'crime_analytics_pipeline' retrieved from /opt/airflow/dags/dag_crime_pipeline.py
[2026-05-24T20:21:49.753+0000] {logging_mixin.py:188} INFO - [2026-05-24T20:21:49.751+0000] {dag.py:3036} INFO - Sync 1 DAGs
[2026-05-24T20:21:49.777+0000] {logging_mixin.py:188} INFO - [2026-05-24T20:21:49.777+0000] {dag.py:3823} INFO - Setting next_dagrun for crime_analytics_pipeline to 2026-05-23 19:00:00+00:00, run_after=2026-05-30 19:00:00+00:00
[2026-05-24T20:21:49.798+0000] {processor.py:183} INFO - Processing /opt/airflow/dags/dag_crime_pipeline.py took 0.190 seconds
[2026-05-24T20:22:52.291+0000] {processor.py:161} INFO - Started process (PID=189) to work on /opt/airflow/dags/dag_crime_pipeline.py
[2026-05-24T20:22:52.293+0000] {processor.py:830} INFO - Processing file /opt/airflow/dags/dag_crime_pipeline.py for tasks to queue
[2026-05-24T20:22:52.296+0000] {logging_mixin.py:188} INFO - [2026-05-24T20:22:52.295+0000] {dagbag.py:538} INFO - Filling up the DagBag from /opt/airflow/dags/dag_crime_pipeline.py
[2026-05-24T20:22:52.339+0000] {processor.py:840} INFO - DAG(s) 'crime_analytics_pipeline' retrieved from /opt/airflow/dags/dag_crime_pipeline.py
[2026-05-24T20:22:52.362+0000] {logging_mixin.py:188} INFO - [2026-05-24T20:22:52.362+0000] {dag.py:3036} INFO - Sync 1 DAGs
[2026-05-24T20:22:52.397+0000] {logging_mixin.py:188} INFO - [2026-05-24T20:22:52.396+0000] {dag.py:3823} INFO - Setting next_dagrun for crime_analytics_pipeline to 2026-05-23 19:00:00+00:00, run_after=2026-05-30 19:00:00+00:00
[2026-05-24T20:22:52.419+0000] {processor.py:183} INFO - Processing /opt/airflow/dags/dag_crime_pipeline.py took 0.133 seconds
[2026-05-24T20:23:22.623+0000] {processor.py:161} INFO - Started process (PID=194) to work on /opt/airflow/dags/dag_crime_pipeline.py
[2026-05-24T20:23:22.625+0000] {processor.py:830} INFO - Processing file /opt/airflow/dags/dag_crime_pipeline.py for tasks to queue
[2026-05-24T20:23:22.628+0000] {logging_mixin.py:188} INFO - [2026-05-24T20:23:22.628+0000] {dagbag.py:538} INFO - Filling up the DagBag from /opt/airflow/dags/dag_crime_pipeline.py
[2026-05-24T20:23:22.670+0000] {processor.py:840} INFO - DAG(s) 'crime_analytics_pipeline' retrieved from /opt/airflow/dags/dag_crime_pipeline.py
[2026-05-24T20:23:22.843+0000] {logging_mixin.py:188} INFO - [2026-05-24T20:23:22.842+0000] {dag.py:3036} INFO - Sync 1 DAGs
[2026-05-24T20:23:22.863+0000] {logging_mixin.py:188} INFO - [2026-05-24T20:23:22.863+0000] {dag.py:3823} INFO - Setting next_dagrun for crime_analytics_pipeline to 2026-05-23 19:00:00+00:00, run_after=2026-05-30 19:00:00+00:00
[2026-05-24T20:23:22.888+0000] {processor.py:183} INFO - Processing /opt/airflow/dags/dag_crime_pipeline.py took 0.271 seconds
[2026-05-24T20:23:52.986+0000] {processor.py:161} INFO - Started process (PID=199) to work on /opt/airflow/dags/dag_crime_pipeline.py
[2026-05-24T20:23:52.988+0000] {processor.py:830} INFO - Processing file /opt/airflow/dags/dag_crime_pipeline.py for tasks to queue
[2026-05-24T20:23:52.992+0000] {logging_mixin.py:188} INFO - [2026-05-24T20:23:52.991+0000] {dagbag.py:538} INFO - Filling up the DagBag from /opt/airflow/dags/dag_crime_pipeline.py
[2026-05-24T20:23:53.041+0000] {processor.py:840} INFO - DAG(s) 'crime_analytics_pipeline' retrieved from /opt/airflow/dags/dag_crime_pipeline.py
[2026-05-24T20:23:53.092+0000] {logging_mixin.py:188} INFO - [2026-05-24T20:23:53.091+0000] {dag.py:3036} INFO - Sync 1 DAGs
[2026-05-24T20:23:53.123+0000] {logging_mixin.py:188} INFO - [2026-05-24T20:23:53.123+0000] {dag.py:3823} INFO - Setting next_dagrun for crime_analytics_pipeline to 2026-05-23 19:00:00+00:00, run_after=2026-05-30 19:00:00+00:00
[2026-05-24T20:23:53.146+0000] {processor.py:183} INFO - Processing /opt/airflow/dags/dag_crime_pipeline.py took 0.167 seconds
[2026-05-24T20:24:23.285+0000] {processor.py:161} INFO - Started process (PID=204) to work on /opt/airflow/dags/dag_crime_pipeline.py
[2026-05-24T20:24:23.287+0000] {processor.py:830} INFO - Processing file /opt/airflow/dags/dag_crime_pipeline.py for tasks to queue
[2026-05-24T20:24:23.296+0000] {logging_mixin.py:188} INFO - [2026-05-24T20:24:23.292+0000] {dagbag.py:538} INFO - Filling up the DagBag from /opt/airflow/dags/dag_crime_pipeline.py
[2026-05-24T20:24:23.359+0000] {processor.py:840} INFO - DAG(s) 'crime_analytics_pipeline' retrieved from /opt/airflow/dags/dag_crime_pipeline.py
[2026-05-24T20:24:23.426+0000] {logging_mixin.py:188} INFO - [2026-05-24T20:24:23.425+0000] {dag.py:3036} INFO - Sync 1 DAGs
[2026-05-24T20:24:23.455+0000] {logging_mixin.py:188} INFO - [2026-05-24T20:24:23.455+0000] {dag.py:3823} INFO - Setting next_dagrun for crime_analytics_pipeline to 2026-05-23 19:00:00+00:00, run_after=2026-05-30 19:00:00+00:00
[2026-05-24T20:24:23.500+0000] {processor.py:183} INFO - Processing /opt/airflow/dags/dag_crime_pipeline.py took 0.222 seconds
[2026-05-24T20:24:53.619+0000] {processor.py:161} INFO - Started process (PID=209) to work on /opt/airflow/dags/dag_crime_pipeline.py
[2026-05-24T20:24:53.622+0000] {processor.py:830} INFO - Processing file /opt/airflow/dags/dag_crime_pipeline.py for tasks to queue
[2026-05-24T20:24:53.626+0000] {logging_mixin.py:188} INFO - [2026-05-24T20:24:53.625+0000] {dagbag.py:538} INFO - Filling up the DagBag from /opt/airflow/dags/dag_crime_pipeline.py
[2026-05-24T20:24:53.675+0000] {processor.py:840} INFO - DAG(s) 'crime_analytics_pipeline' retrieved from /opt/airflow/dags/dag_crime_pipeline.py
[2026-05-24T20:24:53.718+0000] {logging_mixin.py:188} INFO - [2026-05-24T20:24:53.717+0000] {dag.py:3036} INFO - Sync 1 DAGs
[2026-05-24T20:24:53.749+0000] {logging_mixin.py:188} INFO - [2026-05-24T20:24:53.749+0000] {dag.py:3823} INFO - Setting next_dagrun for crime_analytics_pipeline to 2026-05-23 19:00:00+00:00, run_after=2026-05-30 19:00:00+00:00
[2026-05-24T20:24:53.797+0000] {processor.py:183} INFO - Processing /opt/airflow/dags/dag_crime_pipeline.py took 0.183 seconds
[2026-05-24T20:25:24.581+0000] {processor.py:161} INFO - Started process (PID=214) to work on /opt/airflow/dags/dag_crime_pipeline.py
[2026-05-24T20:25:24.582+0000] {processor.py:830} INFO - Processing file /opt/airflow/dags/dag_crime_pipeline.py for tasks to queue
[2026-05-24T20:25:24.585+0000] {logging_mixin.py:188} INFO - [2026-05-24T20:25:24.584+0000] {dagbag.py:538} INFO - Filling up the DagBag from /opt/airflow/dags/dag_crime_pipeline.py
[2026-05-24T20:25:24.625+0000] {processor.py:840} INFO - DAG(s) 'crime_analytics_pipeline' retrieved from /opt/airflow/dags/dag_crime_pipeline.py
[2026-05-24T20:25:24.661+0000] {logging_mixin.py:188} INFO - [2026-05-24T20:25:24.661+0000] {dag.py:3036} INFO - Sync 1 DAGs
[2026-05-24T20:25:24.687+0000] {logging_mixin.py:188} INFO - [2026-05-24T20:25:24.687+0000] {dag.py:3823} INFO - Setting next_dagrun for crime_analytics_pipeline to 2026-05-23 19:00:00+00:00, run_after=2026-05-30 19:00:00+00:00
[2026-05-24T20:25:24.977+0000] {processor.py:183} INFO - Processing /opt/airflow/dags/dag_crime_pipeline.py took 0.401 seconds
[2026-05-24T20:30:22.631+0000] {processor.py:161} INFO - Started process (PID=189) to work on /opt/airflow/dags/dag_crime_pipeline.py
[2026-05-24T20:30:22.632+0000] {processor.py:830} INFO - Processing file /opt/airflow/dags/dag_crime_pipeline.py for tasks to queue
[2026-05-24T20:30:22.635+0000] {logging_mixin.py:188} INFO - [2026-05-24T20:30:22.634+0000] {dagbag.py:538} INFO - Filling up the DagBag from /opt/airflow/dags/dag_crime_pipeline.py
[2026-05-24T20:30:22.535+0000] {processor.py:840} INFO - DAG(s) 'crime_analytics_pipeline' retrieved from /opt/airflow/dags/dag_crime_pipeline.py
[2026-05-24T20:30:22.554+0000] {logging_mixin.py:188} INFO - [2026-05-24T20:30:22.553+0000] {dag.py:3036} INFO - Sync 1 DAGs
[2026-05-24T20:30:22.584+0000] {logging_mixin.py:188} INFO - [2026-05-24T20:30:22.583+0000] {dag.py:3823} INFO - Setting next_dagrun for crime_analytics_pipeline to 2026-05-23 19:00:00+00:00, run_after=2026-05-30 19:00:00+00:00
[2026-05-24T20:30:22.608+0000] {processor.py:183} INFO - Processing /opt/airflow/dags/dag_crime_pipeline.py took 0.124 seconds
[2026-05-24T20:30:52.742+0000] {processor.py:161} INFO - Started process (PID=194) to work on /opt/airflow/dags/dag_crime_pipeline.py
[2026-05-24T20:30:52.744+0000] {processor.py:830} INFO - Processing file /opt/airflow/dags/dag_crime_pipeline.py for tasks to queue
[2026-05-24T20:30:52.748+0000] {logging_mixin.py:188} INFO - [2026-05-24T20:30:52.747+0000] {dagbag.py:538} INFO - Filling up the DagBag from /opt/airflow/dags/dag_crime_pipeline.py
[2026-05-24T20:30:52.794+0000] {processor.py:840} INFO - DAG(s) 'crime_analytics_pipeline' retrieved from /opt/airflow/dags/dag_crime_pipeline.py
[2026-05-24T20:30:52.937+0000] {logging_mixin.py:188} INFO - [2026-05-24T20:30:52.936+0000] {dag.py:3036} INFO - Sync 1 DAGs
[2026-05-24T20:30:52.956+0000] {logging_mixin.py:188} INFO - [2026-05-24T20:30:52.956+0000] {dag.py:3823} INFO - Setting next_dagrun for crime_analytics_pipeline to 2026-05-23 19:00:00+00:00, run_after=2026-05-30 19:00:00+00:00
[2026-05-24T20:30:52.998+0000] {processor.py:183} INFO - Processing /opt/airflow/dags/dag_crime_pipeline.py took 0.261 seconds
[2026-05-24T20:31:23.089+0000] {processor.py:161} INFO - Started process (PID=199) to work on /opt/airflow/dags/dag_crime_pipeline.py
[2026-05-24T20:31:23.091+0000] {processor.py:830} INFO - Processing file /opt/airflow/dags/dag_crime_pipeline.py for tasks to queue
[2026-05-24T20:31:23.095+0000] {logging_mixin.py:188} INFO - [2026-05-24T20:31:23.094+0000] {dagbag.py:538} INFO - Filling up the DagBag from /opt/airflow/dags/dag_crime_pipeline.py
[2026-05-24T20:31:23.143+0000] {processor.py:840} INFO - DAG(s) 'crime_analytics_pipeline' retrieved from /opt/airflow/dags/dag_crime_pipeline.py
[2026-05-24T20:31:23.179+0000] {logging_mixin.py:188} INFO - [2026-05-24T20:31:23.178+0000] {dag.py:3036} INFO - Sync 1 DAGs
[2026-05-24T20:31:23.203+0000] {logging_mixin.py:188} INFO - [2026-05-24T20:31:23.203+0000] {dag.py:3823} INFO - Setting next_dagrun for crime_analytics_pipeline to 2026-05-23 19:00:00+00:00, run_after=2026-05-30 19:00:00+00:00
[2026-05-24T20:31:23.224+0000] {processor.py:183} INFO - Processing /opt/airflow/dags/dag_crime_pipeline.py took 0.141 seconds
[2026-05-24T20:31:53.332+0000] {processor.py:161} INFO - Started process (PID=204) to work on /opt/airflow/dags/dag_crime_pipeline.py
[2026-05-24T20:31:53.334+0000] {processor.py:830} INFO - Processing file /opt/airflow/dags/dag_crime_pipeline.py for tasks to queue
[2026-05-24T20:31:53.337+0000] {logging_mixin.py:188} INFO - [2026-05-24T20:31:53.336+0000] {dagbag.py:538} INFO - Filling up the DagBag from /opt/airflow/dags/dag_crime_pipeline.py
[2026-05-24T20:31:53.380+0000] {processor.py:840} INFO - DAG(s) 'crime_analytics_pipeline' retrieved from /opt/airflow/dags/dag_crime_pipeline.py
[2026-05-24T20:31:53.418+0000] {logging_mixin.py:188} INFO - [2026-05-24T20:31:53.418+0000] {dag.py:3036} INFO - Sync 1 DAGs
[2026-05-24T20:31:53.448+0000] {logging_mixin.py:188} INFO - [2026-05-24T20:31:53.448+0000] {dag.py:3823} INFO - Setting next_dagrun for crime_analytics_pipeline to 2026-05-23 19:00:00+00:00, run_after=2026-05-30 19:00:00+00:00
[2026-05-24T20:31:53.495+0000] {processor.py:183} INFO - Processing /opt/airflow/dags/dag_crime_pipeline.py took 0.169 seconds
[2026-05-24T20:32:23.639+0000] {processor.py:161} INFO - Started process (PID=209) to work on /opt/airflow/dags/dag_crime_pipeline.py
[2026-05-24T20:32:23.642+0000] {processor.py:830} INFO - Processing file /opt/airflow/dags/dag_crime_pipeline.py for tasks to queue
[2026-05-24T20:32:23.646+0000] {logging_mixin.py:188} INFO - [2026-05-24T20:32:23.645+0000] {dagbag.py:538} INFO - Filling up the DagBag from /opt/airflow/dags/dag_crime_pipeline.py
[2026-05-24T20:32:23.694+0000] {processor.py:840} INFO - DAG(s) 'crime_analytics_pipeline' retrieved from /opt/airflow/dags/dag_crime_pipeline.py
[2026-05-24T20:32:23.742+0000] {logging_mixin.py:188} INFO - [2026-05-24T20:32:23.741+0000] {dag.py:3036} INFO - Sync 1 DAGs
[2026-05-24T20:32:23.781+0000] {logging_mixin.py:188} INFO - [2026-05-24T20:32:23.780+0000] {dag.py:3823} INFO - Setting next_dagrun for crime_analytics_pipeline to 2026-05-23 19:00:00+00:00, run_after=2026-05-30 19:00:00+00:00
[2026-05-24T20:32:23.811+0000] {processor.py:183} INFO - Processing /opt/airflow/dags/dag_crime_pipeline.py took 0.183 seconds
[2026-05-24T20:32:53.891+0000] {processor.py:161} INFO - Started process (PID=214) to work on /opt/airflow/dags/dag_crime_pipeline.py
[2026-05-24T20:32:53.893+0000] {processor.py:830} INFO - Processing file /opt/airflow/dags/dag_crime_pipeline.py for tasks to queue
[2026-05-24T20:32:53.896+0000] {logging_mixin.py:188} INFO - [2026-05-24T20:32:53.896+0000] {dagbag.py:538} INFO - Filling up the DagBag from /opt/airflow/dags/dag_crime_pipeline.py
[2026-05-24T20:32:53.942+0000] {processor.py:840} INFO - DAG(s) 'crime_analytics_pipeline' retrieved from /opt/airflow/dags/dag_crime_pipeline.py
[2026-05-24T20:32:53.989+0000] {logging_mixin.py:188} INFO - [2026-05-24T20:32:53.988+0000] {dag.py:3036} INFO - Sync 1 DAGs
[2026-05-24T20:32:54.021+0000] {logging_mixin.py:188} INFO - [2026-05-24T20:32:54.021+0000] {dag.py:3823} INFO - Setting next_dagrun for crime_analytics_pipeline to 2026-05-23 19:00:00+00:00, run_after=2026-05-30 19:00:00+00:00
[2026-05-24T20:32:54.270+0000] {processor.py:183} INFO - Processing /opt/airflow/dags/dag_crime_pipeline.py took 0.386 seconds
[2026-05-24T20:33:24.444+0000] {processor.py:161} INFO - Started process (PID=252) to work on /opt/airflow/dags/dag_crime_pipeline.py
[2026-05-24T20:33:24.446+0000] {processor.py:830} INFO - Processing file /opt/airflow/dags/dag_crime_pipeline.py for tasks to queue
[2026-05-24T20:33:24.449+0000] {logging_mixin.py:188} INFO - [2026-05-24T20:33:24.449+0000] {dagbag.py:538} INFO - Filling up the DagBag from /opt/airflow/dags/dag_crime_pipeline.py
[2026-05-24T20:33:24.487+0000] {processor.py:840} INFO - DAG(s) 'crime_analytics_pipeline' retrieved from /opt/airflow/dags/dag_crime_pipeline.py
[2026-05-24T20:33:24.526+0000] {logging_mixin.py:188} INFO - [2026-05-24T20:33:24.526+0000] {dag.py:3036} INFO - Sync 1 DAGs
[2026-05-24T20:33:24.594+0000] {processor.py:183} INFO - Processing /opt/airflow/dags/dag_crime_pipeline.py took 0.154 seconds
[2026-05-24T20:33:54.705+0000] {processor.py:161} INFO - Started process (PID=257) to work on /opt/airflow/dags/dag_crime_pipeline.py
[2026-05-24T20:33:54.707+0000] {processor.py:830} INFO - Processing file /opt/airflow/dags/dag_crime_pipeline.py for tasks to queue
[2026-05-24T20:33:54.710+0000] {logging_mixin.py:188} INFO - [2026-05-24T20:33:54.710+0000] {dagbag.py:538} INFO - Filling up the DagBag from /opt/airflow/dags/dag_crime_pipeline.py
[2026-05-24T20:33:54.753+0000] {processor.py:840} INFO - DAG(s) 'crime_analytics_pipeline' retrieved from /opt/airflow/dags/dag_crime_pipeline.py
[2026-05-24T20:33:54.789+0000] {logging_mixin.py:188} INFO - [2026-05-24T20:33:54.788+0000] {dag.py:3036} INFO - Sync 1 DAGs
[2026-05-24T20:33:54.835+0000] {processor.py:183} INFO - Processing /opt/airflow/dags/dag_crime_pipeline.py took 0.135 seconds
[2026-05-24T20:34:24.924+0000] {processor.py:161} INFO - Started process (PID=262) to work on /opt/airflow/dags/dag_crime_pipeline.py
[2026-05-24T20:34:24.926+0000] {processor.py:830} INFO - Processing file /opt/airflow/dags/dag_crime_pipeline.py for tasks to queue
[2026-05-24T20:34:24.929+0000] {logging_mixin.py:188} INFO - [2026-05-24T20:34:24.929+0000] {dagbag.py:538} INFO - Filling up the DagBag from /opt/airflow/dags/dag_crime_pipeline.py
[2026-05-24T20:34:24.969+0000] {processor.py:840} INFO - DAG(s) 'crime_analytics_pipeline' retrieved from /opt/airflow/dags/dag_crime_pipeline.py
[2026-05-24T20:34:25.013+0000] {logging_mixin.py:188} INFO - [2026-05-24T20:34:25.013+0000] {dag.py:3036} INFO - Sync 1 DAGs
[2026-05-24T20:34:25.324+0000] {processor.py:183} INFO - Processing /opt/airflow/dags/dag_crime_pipeline.py took 0.405 seconds
[2026-05-24T20:34:55.485+0000] {processor.py:161} INFO - Started process (PID=267) to work on /opt/airflow/dags/dag_crime_pipeline.py
[2026-05-24T20:34:55.486+0000] {processor.py:830} INFO - Processing file /opt/airflow/dags/dag_crime_pipeline.py for tasks to queue
[2026-05-24T20:34:55.489+0000] {logging_mixin.py:188} INFO - [2026-05-24T20:34:55.489+0000] {dagbag.py:538} INFO - Filling up the DagBag from /opt/airflow/dags/dag_crime_pipeline.py
[2026-05-24T20:34:55.528+0000] {processor.py:840} INFO - DAG(s) 'crime_analytics_pipeline' retrieved from /opt/airflow/dags/dag_crime_pipeline.py
[2026-05-24T20:34:55.568+0000] {logging_mixin.py:188} INFO - [2026-05-24T20:34:55.567+0000] {dag.py:3036} INFO - Sync 1 DAGs
[2026-05-24T20:34:55.636+0000] {processor.py:183} INFO - Processing /opt/airflow/dags/dag_crime_pipeline.py took 0.156 seconds
[2026-05-24T20:35:25.775+0000] {processor.py:161} INFO - Started process (PID=272) to work on /opt/airflow/dags/dag_crime_pipeline.py
[2026-05-24T20:35:25.777+0000] {processor.py:830} INFO - Processing file /opt/airflow/dags/dag_crime_pipeline.py for tasks to queue
[2026-05-24T20:35:25.780+0000] {logging_mixin.py:188} INFO - [2026-05-24T20:35:25.779+0000] {dagbag.py:538} INFO - Filling up the DagBag from /opt/airflow/dags/dag_crime_pipeline.py
[2026-05-24T20:35:25.825+0000] {processor.py:840} INFO - DAG(s) 'crime_analytics_pipeline' retrieved from /opt/airflow/dags/dag_crime_pipeline.py
[2026-05-24T20:35:25.868+0000] {logging_mixin.py:188} INFO - [2026-05-24T20:35:25.867+0000] {dag.py:3036} INFO - Sync 1 DAGs
[2026-05-24T20:35:25.922+0000] {processor.py:183} INFO - Processing /opt/airflow/dags/dag_crime_pipeline.py took 0.152 seconds
[2026-05-24T20:35:56.019+0000] {processor.py:161} INFO - Started process (PID=277) to work on /opt/airflow/dags/dag_crime_pipeline.py
[2026-05-24T20:35:56.020+0000] {processor.py:830} INFO - Processing file /opt/airflow/dags/dag_crime_pipeline.py for tasks to queue
[2026-05-24T20:35:56.024+0000] {logging_mixin.py:188} INFO - [2026-05-24T20:35:56.023+0000] {dagbag.py:538} INFO - Filling up the DagBag from /opt/airflow/dags/dag_crime_pipeline.py
[2026-05-24T20:35:56.066+0000] {processor.py:840} INFO - DAG(s) 'crime_analytics_pipeline' retrieved from /opt/airflow/dags/dag_crime_pipeline.py
[2026-05-24T20:35:56.109+0000] {logging_mixin.py:188} INFO - [2026-05-24T20:35:56.109+0000] {dag.py:3036} INFO - Sync 1 DAGs
[2026-05-24T20:35:56.419+0000] {processor.py:183} INFO - Processing /opt/airflow/dags/dag_crime_pipeline.py took 0.405 seconds
[2026-05-24T20:36:26.569+0000] {processor.py:161} INFO - Started process (PID=282) to work on /opt/airflow/dags/dag_crime_pipeline.py
[2026-05-24T20:36:26.571+0000] {processor.py:830} INFO - Processing file /opt/airflow/dags/dag_crime_pipeline.py for tasks to queue
[2026-05-24T20:36:26.576+0000] {logging_mixin.py:188} INFO - [2026-05-24T20:36:26.575+0000] {dagbag.py:538} INFO - Filling up the DagBag from /opt/airflow/dags/dag_crime_pipeline.py
[2026-05-24T20:36:26.618+0000] {processor.py:840} INFO - DAG(s) 'crime_analytics_pipeline' retrieved from /opt/airflow/dags/dag_crime_pipeline.py
[2026-05-24T20:36:26.899+0000] {logging_mixin.py:188} INFO - [2026-05-24T20:36:26.898+0000] {dag.py:3036} INFO - Sync 1 DAGs
[2026-05-24T20:36:26.969+0000] {processor.py:183} INFO - Processing /opt/airflow/dags/dag_crime_pipeline.py took 0.405 seconds
[2026-05-24T20:36:57.136+0000] {processor.py:161} INFO - Started process (PID=287) to work on /opt/airflow/dags/dag_crime_pipeline.py
[2026-05-24T20:36:57.138+0000] {processor.py:830} INFO - Processing file /opt/airflow/dags/dag_crime_pipeline.py for tasks to queue
[2026-05-24T20:36:57.141+0000] {logging_mixin.py:188} INFO - [2026-05-24T20:36:57.140+0000] {dagbag.py:538} INFO - Filling up the DagBag from /opt/airflow/dags/dag_crime_pipeline.py
[2026-05-24T20:36:57.182+0000] {processor.py:840} INFO - DAG(s) 'crime_analytics_pipeline' retrieved from /opt/airflow/dags/dag_crime_pipeline.py
[2026-05-24T20:36:57.222+0000] {logging_mixin.py:188} INFO - [2026-05-24T20:36:57.222+0000] {dag.py:3036} INFO - Sync 1 DAGs
[2026-05-24T20:36:57.275+0000] {processor.py:183} INFO - Processing /opt/airflow/dags/dag_crime_pipeline.py took 0.144 seconds
[2026-05-24T20:37:27.363+0000] {processor.py:161} INFO - Started process (PID=292) to work on /opt/airflow/dags/dag_crime_pipeline.py
[2026-05-24T20:37:27.369+0000] {processor.py:830} INFO - Processing file /opt/airflow/dags/dag_crime_pipeline.py for tasks to queue
[2026-05-24T20:37:27.373+0000] {logging_mixin.py:188} INFO - [2026-05-24T20:37:27.372+0000] {dagbag.py:538} INFO - Filling up the DagBag from /opt/airflow/dags/dag_crime_pipeline.py
[2026-05-24T20:37:27.431+0000] {processor.py:840} INFO - DAG(s) 'crime_analytics_pipeline' retrieved from /opt/airflow/dags/dag_crime_pipeline.py
[2026-05-24T20:37:27.476+0000] {logging_mixin.py:188} INFO - [2026-05-24T20:37:27.475+0000] {dag.py:3036} INFO - Sync 1 DAGs
[2026-05-24T20:37:27.787+0000] {processor.py:183} INFO - Processing /opt/airflow/dags/dag_crime_pipeline.py took 0.429 seconds
[2026-05-24T20:37:57.923+0000] {processor.py:161} INFO - Started process (PID=297) to work on /opt/airflow/dags/dag_crime_pipeline.py
[2026-05-24T20:37:57.924+0000] {processor.py:830} INFO - Processing file /opt/airflow/dags/dag_crime_pipeline.py for tasks to queue
[2026-05-24T20:37:57.927+0000] {logging_mixin.py:188} INFO - [2026-05-24T20:37:57.926+0000] {dagbag.py:538} INFO - Filling up the DagBag from /opt/airflow/dags/dag_crime_pipeline.py
[2026-05-24T20:37:57.968+0000] {processor.py:840} INFO - DAG(s) 'crime_analytics_pipeline' retrieved from /opt/airflow/dags/dag_crime_pipeline.py
[2026-05-24T20:37:58.285+0000] {logging_mixin.py:188} INFO - [2026-05-24T20:37:58.285+0000] {dag.py:3036} INFO - Sync 1 DAGs
[2026-05-24T20:37:58.356+0000] {processor.py:183} INFO - Processing /opt/airflow/dags/dag_crime_pipeline.py took 0.438 seconds
[2026-05-24T20:38:28.499+0000] {processor.py:161} INFO - Started process (PID=356) to work on /opt/airflow/dags/dag_crime_pipeline.py
[2026-05-24T20:38:28.501+0000] {processor.py:830} INFO - Processing file /opt/airflow/dags/dag_crime_pipeline.py for tasks to queue
[2026-05-24T20:38:28.504+0000] {logging_mixin.py:188} INFO - [2026-05-24T20:38:28.503+0000] {dagbag.py:538} INFO - Filling up the DagBag from /opt/airflow/dags/dag_crime_pipeline.py
[2026-05-24T20:38:28.546+0000] {processor.py:840} INFO - DAG(s) 'crime_analytics_pipeline' retrieved from /opt/airflow/dags/dag_crime_pipeline.py
[2026-05-24T20:38:28.586+0000] {logging_mixin.py:188} INFO - [2026-05-24T20:38:28.585+0000] {dag.py:3036} INFO - Sync 1 DAGs
[2026-05-24T20:38:28.659+0000] {processor.py:183} INFO - Processing /opt/airflow/dags/dag_crime_pipeline.py took 0.165 seconds
[2026-05-24T20:38:58.790+0000] {processor.py:161} INFO - Started process (PID=361) to work on /opt/airflow/dags/dag_crime_pipeline.py
[2026-05-24T20:38:58.792+0000] {processor.py:830} INFO - Processing file /opt/airflow/dags/dag_crime_pipeline.py for tasks to queue
[2026-05-24T20:38:58.795+0000] {logging_mixin.py:188} INFO - [2026-05-24T20:38:58.794+0000] {dagbag.py:538} INFO - Filling up the DagBag from /opt/airflow/dags/dag_crime_pipeline.py
[2026-05-24T20:38:58.835+0000] {processor.py:840} INFO - DAG(s) 'crime_analytics_pipeline' retrieved from /opt/airflow/dags/dag_crime_pipeline.py
[2026-05-24T20:38:58.872+0000] {logging_mixin.py:188} INFO - [2026-05-24T20:38:58.871+0000] {dag.py:3036} INFO - Sync 1 DAGs
[2026-05-24T20:38:59.220+0000] {processor.py:183} INFO - Processing /opt/airflow/dags/dag_crime_pipeline.py took 0.435 seconds
[2026-05-24T20:39:29.364+0000] {processor.py:161} INFO - Started process (PID=366) to work on /opt/airflow/dags/dag_crime_pipeline.py
[2026-05-24T20:39:29.366+0000] {processor.py:830} INFO - Processing file /opt/airflow/dags/dag_crime_pipeline.py for tasks to queue
[2026-05-24T20:39:29.369+0000] {logging_mixin.py:188} INFO - [2026-05-24T20:39:29.369+0000] {dagbag.py:538} INFO - Filling up the DagBag from /opt/airflow/dags/dag_crime_pipeline.py
[2026-05-24T20:39:29.411+0000] {processor.py:840} INFO - DAG(s) 'crime_analytics_pipeline' retrieved from /opt/airflow/dags/dag_crime_pipeline.py
[2026-05-24T20:39:29.712+0000] {logging_mixin.py:188} INFO - [2026-05-24T20:39:29.711+0000] {dag.py:3036} INFO - Sync 1 DAGs
[2026-05-24T20:39:29.764+0000] {processor.py:183} INFO - Processing /opt/airflow/dags/dag_crime_pipeline.py took 0.404 seconds
[2026-05-24T20:39:59.900+0000] {processor.py:161} INFO - Started process (PID=371) to work on /opt/airflow/dags/dag_crime_pipeline.py
[2026-05-24T20:39:59.902+0000] {processor.py:830} INFO - Processing file /opt/airflow/dags/dag_crime_pipeline.py for tasks to queue
[2026-05-24T20:39:59.905+0000] {logging_mixin.py:188} INFO - [2026-05-24T20:39:59.905+0000] {dagbag.py:538} INFO - Filling up the DagBag from /opt/airflow/dags/dag_crime_pipeline.py
[2026-05-24T20:39:59.945+0000] {processor.py:840} INFO - DAG(s) 'crime_analytics_pipeline' retrieved from /opt/airflow/dags/dag_crime_pipeline.py
[2026-05-24T20:39:59.995+0000] {logging_mixin.py:188} INFO - [2026-05-24T20:39:59.995+0000] {dag.py:3036} INFO - Sync 1 DAGs
[2026-05-24T20:40:00.070+0000] {processor.py:183} INFO - Processing /opt/airflow/dags/dag_crime_pipeline.py took 0.174 seconds
[2026-05-24T20:40:30.244+0000] {processor.py:161} INFO - Started process (PID=376) to work on /opt/airflow/dags/dag_crime_pipeline.py
[2026-05-24T20:40:30.245+0000] {processor.py:830} INFO - Processing file /opt/airflow/dags/dag_crime_pipeline.py for tasks to queue
[2026-05-24T20:40:30.249+0000] {logging_mixin.py:188} INFO - [2026-05-24T20:40:30.248+0000] {dagbag.py:538} INFO - Filling up the DagBag from /opt/airflow/dags/dag_crime_pipeline.py
[2026-05-24T20:40:30.293+0000] {processor.py:840} INFO - DAG(s) 'crime_analytics_pipeline' retrieved from /opt/airflow/dags/dag_crime_pipeline.py
[2026-05-24T20:40:30.337+0000] {logging_mixin.py:188} INFO - [2026-05-24T20:40:30.336+0000] {dag.py:3036} INFO - Sync 1 DAGs
[2026-05-24T20:40:30.648+0000] {processor.py:183} INFO - Processing /opt/airflow/dags/dag_crime_pipeline.py took 0.410 seconds
[2026-05-24T20:41:00.794+0000] {processor.py:161} INFO - Started process (PID=381) to work on /opt/airflow/dags/dag_crime_pipeline.py
[2026-05-24T20:41:00.795+0000] {processor.py:830} INFO - Processing file /opt/airflow/dags/dag_crime_pipeline.py for tasks to queue
[2026-05-24T20:41:00.799+0000] {logging_mixin.py:188} INFO - [2026-05-24T20:41:00.798+0000] {dagbag.py:538} INFO - Filling up the DagBag from /opt/airflow/dags/dag_crime_pipeline.py
[2026-05-24T20:41:00.852+0000] {processor.py:840} INFO - DAG(s) 'crime_analytics_pipeline' retrieved from /opt/airflow/dags/dag_crime_pipeline.py
[2026-05-24T20:41:01.105+0000] {logging_mixin.py:188} INFO - [2026-05-24T20:41:01.105+0000] {dag.py:3036} INFO - Sync 1 DAGs
[2026-05-24T20:41:01.167+0000] {processor.py:183} INFO - Processing /opt/airflow/dags/dag_crime_pipeline.py took 0.379 seconds
[2026-05-24T20:41:31.495+0000] {processor.py:161} INFO - Started process (PID=386) to work on /opt/airflow/dags/dag_crime_pipeline.py
[2026-05-24T20:41:31.498+0000] {processor.py:830} INFO - Processing file /opt/airflow/dags/dag_crime_pipeline.py for tasks to queue
[2026-05-24T20:41:31.502+0000] {logging_mixin.py:188} INFO - [2026-05-24T20:41:31.501+0000] {dagbag.py:538} INFO - Filling up the DagBag from /opt/airflow/dags/dag_crime_pipeline.py
[2026-05-24T20:41:31.566+0000] {processor.py:840} INFO - DAG(s) 'crime_analytics_pipeline' retrieved from /opt/airflow/dags/dag_crime_pipeline.py
[2026-05-24T20:41:31.610+0000] {logging_mixin.py:188} INFO - [2026-05-24T20:41:31.609+0000] {dag.py:3036} INFO - Sync 1 DAGs
[2026-05-24T20:41:31.659+0000] {processor.py:183} INFO - Processing /opt/airflow/dags/dag_crime_pipeline.py took 0.169 seconds
[2026-05-24T20:42:01.752+0000] {processor.py:161} INFO - Started process (PID=391) to work on /opt/airflow/dags/dag_crime_pipeline.py
[2026-05-24T20:42:01.754+0000] {processor.py:830} INFO - Processing file /opt/airflow/dags/dag_crime_pipeline.py for tasks to queue
[2026-05-24T20:42:01.758+0000] {logging_mixin.py:188} INFO - [2026-05-24T20:42:01.757+0000] {dagbag.py:538} INFO - Filling up the DagBag from /opt/airflow/dags/dag_crime_pipeline.py
[2026-05-24T20:42:01.799+0000] {processor.py:840} INFO - DAG(s) 'crime_analytics_pipeline' retrieved from /opt/airflow/dags/dag_crime_pipeline.py
[2026-05-24T20:42:01.842+0000] {logging_mixin.py:188} INFO - [2026-05-24T20:42:01.842+0000] {dag.py:3036} INFO - Sync 1 DAGs
[2026-05-24T20:42:01.895+0000] {processor.py:183} INFO - Processing /opt/airflow/dags/dag_crime_pipeline.py took 0.149 seconds
[2026-05-24T20:42:31.995+0000] {processor.py:161} INFO - Started process (PID=396) to work on /opt/airflow/dags/dag_crime_pipeline.py
[2026-05-24T20:42:31.997+0000] {processor.py:830} INFO - Processing file /opt/airflow/dags/dag_crime_pipeline.py for tasks to queue
[2026-05-24T20:42:32.000+0000] {logging_mixin.py:188} INFO - [2026-05-24T20:42:31.999+0000] {dagbag.py:538} INFO - Filling up the DagBag from /opt/airflow/dags/dag_crime_pipeline.py
[2026-05-24T20:42:32.047+0000] {processor.py:840} INFO - DAG(s) 'crime_analytics_pipeline' retrieved from /opt/airflow/dags/dag_crime_pipeline.py
[2026-05-24T20:42:32.093+0000] {logging_mixin.py:188} INFO - [2026-05-24T20:42:32.092+0000] {dag.py:3036} INFO - Sync 1 DAGs
[2026-05-24T20:42:32.154+0000] {processor.py:183} INFO - Processing /opt/airflow/dags/dag_crime_pipeline.py took 0.164 seconds
[2026-05-24T20:43:02.268+0000] {processor.py:161} INFO - Started process (PID=401) to work on /opt/airflow/dags/dag_crime_pipeline.py
[2026-05-24T20:43:02.270+0000] {processor.py:830} INFO - Processing file /opt/airflow/dags/dag_crime_pipeline.py for tasks to queue
[2026-05-24T20:43:02.273+0000] {logging_mixin.py:188} INFO - [2026-05-24T20:43:02.272+0000] {dagbag.py:538} INFO - Filling up the DagBag from /opt/airflow/dags/dag_crime_pipeline.py
[2026-05-24T20:43:02.322+0000] {processor.py:840} INFO - DAG(s) 'crime_analytics_pipeline' retrieved from /opt/airflow/dags/dag_crime_pipeline.py
[2026-05-24T20:43:02.368+0000] {logging_mixin.py:188} INFO - [2026-05-24T20:43:02.368+0000] {dag.py:3036} INFO - Sync 1 DAGs
[2026-05-24T20:43:02.431+0000] {processor.py:183} INFO - Processing /opt/airflow/dags/dag_crime_pipeline.py took 0.169 seconds
[2026-05-24T20:43:32.535+0000] {processor.py:161} INFO - Started process (PID=430) to work on /opt/airflow/dags/dag_crime_pipeline.py
[2026-05-24T20:43:32.536+0000] {processor.py:830} INFO - Processing file /opt/airflow/dags/dag_crime_pipeline.py for tasks to queue
[2026-05-24T20:43:32.539+0000] {logging_mixin.py:188} INFO - [2026-05-24T20:43:32.539+0000] {dagbag.py:538} INFO - Filling up the DagBag from /opt/airflow/dags/dag_crime_pipeline.py
[2026-05-24T20:43:32.576+0000] {processor.py:840} INFO - DAG(s) 'crime_analytics_pipeline' retrieved from /opt/airflow/dags/dag_crime_pipeline.py
[2026-05-24T20:43:32.611+0000] {logging_mixin.py:188} INFO - [2026-05-24T20:43:32.611+0000] {dag.py:3036} INFO - Sync 1 DAGs
[2026-05-24T20:43:32.634+0000] {logging_mixin.py:188} INFO - [2026-05-24T20:43:32.634+0000] {dag.py:3823} INFO - Setting next_dagrun for crime_analytics_pipeline to 2026-05-23 19:00:00+00:00, run_after=2026-05-30 19:00:00+00:00
[2026-05-24T20:43:32.679+0000] {processor.py:183} INFO - Processing /opt/airflow/dags/dag_crime_pipeline.py took 0.147 seconds
[2026-05-24T20:44:02.774+0000] {processor.py:161} INFO - Started process (PID=435) to work on /opt/airflow/dags/dag_crime_pipeline.py
[2026-05-24T20:44:02.775+0000] {processor.py:830} INFO - Processing file /opt/airflow/dags/dag_crime_pipeline.py for tasks to queue
[2026-05-24T20:44:02.777+0000] {logging_mixin.py:188} INFO - [2026-05-24T20:44:02.777+0000] {dagbag.py:538} INFO - Filling up the DagBag from /opt/airflow/dags/dag_crime_pipeline.py
[2026-05-24T20:44:02.812+0000] {processor.py:840} INFO - DAG(s) 'crime_analytics_pipeline' retrieved from /opt/airflow/dags/dag_crime_pipeline.py
[2026-05-24T20:44:02.841+0000] {logging_mixin.py:188} INFO - [2026-05-24T20:44:02.841+0000] {dag.py:3036} INFO - Sync 1 DAGs
[2026-05-24T20:44:02.864+0000] {logging_mixin.py:188} INFO - [2026-05-24T20:44:02.864+0000] {dag.py:3823} INFO - Setting next_dagrun for crime_analytics_pipeline to 2026-05-23 19:00:00+00:00, run_after=2026-05-30 19:00:00+00:00
[2026-05-24T20:44:02.884+0000] {processor.py:183} INFO - Processing /opt/airflow/dags/dag_crime_pipeline.py took 0.114 seconds
[2026-05-24T20:44:32.973+0000] {processor.py:161} INFO - Started process (PID=440) to work on /opt/airflow/dags/dag_crime_pipeline.py
[2026-05-24T20:44:32.974+0000] {processor.py:830} INFO - Processing file /opt/airflow/dags/dag_crime_pipeline.py for tasks to queue
[2026-05-24T20:44:32.977+0000] {logging_mixin.py:188} INFO - [2026-05-24T20:44:32.976+0000] {dagbag.py:538} INFO - Filling up the DagBag from /opt/airflow/dags/dag_crime_pipeline.py
[2026-05-24T20:44:33.011+0000] {processor.py:840} INFO - DAG(s) 'crime_analytics_pipeline' retrieved from /opt/airflow/dags/dag_crime_pipeline.py
[2026-05-24T20:44:33.043+0000] {logging_mixin.py:188} INFO - [2026-05-24T20:44:33.043+0000] {dag.py:3036} INFO - Sync 1 DAGs
[2026-05-24T20:44:33.074+0000] {logging_mixin.py:188} INFO - [2026-05-24T20:44:33.074+0000] {dag.py:3823} INFO - Setting next_dagrun for crime_analytics_pipeline to 2026-05-23 19:00:00+00:00, run_after=2026-05-30 19:00:00+00:00
[2026-05-24T20:44:33.098+0000] {processor.py:183} INFO - Processing /opt/airflow/dags/dag_crime_pipeline.py took 0.128 seconds
[2026-05-24T20:45:03.212+0000] {processor.py:161} INFO - Started process (PID=445) to work on /opt/airflow/dags/dag_crime_pipeline.py
[2026-05-24T20:45:03.214+0000] {processor.py:830} INFO - Processing file /opt/airflow/dags/dag_crime_pipeline.py for tasks to queue
[2026-05-24T20:45:03.216+0000] {logging_mixin.py:188} INFO - [2026-05-24T20:45:03.215+0000] {dagbag.py:538} INFO - Filling up the DagBag from /opt/airflow/dags/dag_crime_pipeline.py
[2026-05-24T20:45:03.250+0000] {processor.py:840} INFO - DAG(s) 'crime_analytics_pipeline' retrieved from /opt/airflow/dags/dag_crime_pipeline.py
[2026-05-24T20:45:03.285+0000] {logging_mixin.py:188} INFO - [2026-05-24T20:45:03.284+0000] {dag.py:3036} INFO - Sync 1 DAGs
[2026-05-24T20:45:03.310+0000] {logging_mixin.py:188} INFO - [2026-05-24T20:45:03.310+0000] {dag.py:3823} INFO - Setting next_dagrun for crime_analytics_pipeline to 2026-05-23 19:00:00+00:00, run_after=2026-05-30 19:00:00+00:00
[2026-05-24T20:45:03.351+0000] {processor.py:183} INFO - Processing /opt/airflow/dags/dag_crime_pipeline.py took 0.142 seconds
[2026-05-24T20:45:33.480+0000] {processor.py:161} INFO - Started process (PID=450) to work on /opt/airflow/dags/dag_crime_pipeline.py
[2026-05-24T20:45:33.482+0000] {processor.py:830} INFO - Processing file /opt/airflow/dags/dag_crime_pipeline.py for tasks to queue
[2026-05-24T20:45:33.484+0000] {logging_mixin.py:188} INFO - [2026-05-24T20:45:33.484+0000] {dagbag.py:538} INFO - Filling up the DagBag from /opt/airflow/dags/dag_crime_pipeline.py
[2026-05-24T20:45:33.518+0000] {processor.py:840} INFO - DAG(s) 'crime_analytics_pipeline' retrieved from /opt/airflow/dags/dag_crime_pipeline.py
[2026-05-24T20:45:33.551+0000] {logging_mixin.py:188} INFO - [2026-05-24T20:45:33.550+0000] {dag.py:3036} INFO - Sync 1 DAGs
[2026-05-24T20:45:33.574+0000] {logging_mixin.py:188} INFO - [2026-05-24T20:45:33.573+0000] {dag.py:3823} INFO - Setting next_dagrun for crime_analytics_pipeline to 2026-05-23 19:00:00+00:00, run_after=2026-05-30 19:00:00+00:00
[2026-05-24T20:45:33.613+0000] {processor.py:183} INFO - Processing /opt/airflow/dags/dag_crime_pipeline.py took 0.136 seconds
[2026-05-24T20:46:03.723+0000] {processor.py:161} INFO - Started process (PID=455) to work on /opt/airflow/dags/dag_crime_pipeline.py
[2026-05-24T20:46:03.724+0000] {processor.py:830} INFO - Processing file /opt/airflow/dags/dag_crime_pipeline.py for tasks to queue
[2026-05-24T20:46:03.727+0000] {logging_mixin.py:188} INFO - [2026-05-24T20:46:03.726+0000] {dagbag.py:538} INFO - Filling up the DagBag from /opt/airflow/dags/dag_crime_pipeline.py
[2026-05-24T20:46:03.763+0000] {processor.py:840} INFO - DAG(s) 'crime_analytics_pipeline' retrieved from /opt/airflow/dags/dag_crime_pipeline.py
[2026-05-24T20:46:03.796+0000] {logging_mixin.py:188} INFO - [2026-05-24T20:46:03.796+0000] {dag.py:3036} INFO - Sync 1 DAGs
[2026-05-24T20:46:03.820+0000] {logging_mixin.py:188} INFO - [2026-05-24T20:46:03.820+0000] {dag.py:3823} INFO - Setting next_dagrun for crime_analytics_pipeline to 2026-05-23 19:00:00+00:00, run_after=2026-05-30 19:00:00+00:00
[2026-05-24T20:46:03.842+0000] {processor.py:183} INFO - Processing /opt/airflow/dags/dag_crime_pipeline.py took 0.123 seconds
[2026-05-24T20:46:33.900+0000] {processor.py:161} INFO - Started process (PID=460) to work on /opt/airflow/dags/dag_crime_pipeline.py
[2026-05-24T20:46:33.902+0000] {processor.py:830} INFO - Processing file /opt/airflow/dags/dag_crime_pipeline.py for tasks to queue
[2026-05-24T20:46:33.904+0000] {logging_mixin.py:188} INFO - [2026-05-24T20:46:33.904+0000] {dagbag.py:538} INFO - Filling up the DagBag from /opt/airflow/dags/dag_crime_pipeline.py
[2026-05-24T20:46:33.965+0000] {processor.py:840} INFO - DAG(s) 'crime_analytics_pipeline' retrieved from /opt/airflow/dags/dag_crime_pipeline.py
[2026-05-24T20:46:33.996+0000] {logging_mixin.py:188} INFO - [2026-05-24T20:46:33.996+0000] {dag.py:3036} INFO - Sync 1 DAGs
[2026-05-24T20:46:34.016+0000] {logging_mixin.py:188} INFO - [2026-05-24T20:46:34.016+0000] {dag.py:3823} INFO - Setting next_dagrun for crime_analytics_pipeline to 2026-05-23 19:00:00+00:00, run_after=2026-05-30 19:00:00+00:00
[2026-05-24T20:46:34.035+0000] {processor.py:183} INFO - Processing /opt/airflow/dags/dag_crime_pipeline.py took 0.140 seconds
[2026-05-24T20:47:04.158+0000] {processor.py:161} INFO - Started process (PID=465) to work on /opt/airflow/dags/dag_crime_pipeline.py
[2026-05-24T20:47:04.159+0000] {processor.py:830} INFO - Processing file /opt/airflow/dags/dag_crime_pipeline.py for tasks to queue
[2026-05-24T20:47:04.162+0000] {logging_mixin.py:188} INFO - [2026-05-24T20:47:04.161+0000] {dagbag.py:538} INFO - Filling up the DagBag from /opt/airflow/dags/dag_crime_pipeline.py
[2026-05-24T20:47:04.201+0000] {processor.py:840} INFO - DAG(s) 'crime_analytics_pipeline' retrieved from /opt/airflow/dags/dag_crime_pipeline.py
[2026-05-24T20:47:04.239+0000] {logging_mixin.py:188} INFO - [2026-05-24T20:47:04.239+0000] {dag.py:3036} INFO - Sync 1 DAGs
[2026-05-24T20:47:04.259+0000] {logging_mixin.py:188} INFO - [2026-05-24T20:47:04.259+0000] {dag.py:3823} INFO - Setting next_dagrun for crime_analytics_pipeline to 2026-05-23 19:00:00+00:00, run_after=2026-05-30 19:00:00+00:00
[2026-05-24T20:47:04.277+0000] {processor.py:183} INFO - Processing /opt/airflow/dags/dag_crime_pipeline.py took 0.122 seconds
[2026-05-24T20:47:34.382+0000] {processor.py:161} INFO - Started process (PID=470) to work on /opt/airflow/dags/dag_crime_pipeline.py
[2026-05-24T20:47:34.383+0000] {processor.py:830} INFO - Processing file /opt/airflow/dags/dag_crime_pipeline.py for tasks to queue
[2026-05-24T20:47:34.386+0000] {logging_mixin.py:188} INFO - [2026-05-24T20:47:34.385+0000] {dagbag.py:538} INFO - Filling up the DagBag from /opt/airflow/dags/dag_crime_pipeline.py
[2026-05-24T20:47:34.422+0000] {processor.py:840} INFO - DAG(s) 'crime_analytics_pipeline' retrieved from /opt/airflow/dags/dag_crime_pipeline.py
[2026-05-24T20:47:34.452+0000] {logging_mixin.py:188} INFO - [2026-05-24T20:47:34.452+0000] {dag.py:3036} INFO - Sync 1 DAGs
[2026-05-24T20:47:34.472+0000] {logging_mixin.py:188} INFO - [2026-05-24T20:47:34.472+0000] {dag.py:3823} INFO - Setting next_dagrun for crime_analytics_pipeline to 2026-05-23 19:00:00+00:00, run_after=2026-05-30 19:00:00+00:00
[2026-05-24T20:47:34.491+0000] {processor.py:183} INFO - Processing /opt/airflow/dags/dag_crime_pipeline.py took 0.113 seconds
[2026-05-24T20:48:04.588+0000] {processor.py:161} INFO - Started process (PID=475) to work on /opt/airflow/dags/dag_crime_pipeline.py
[2026-05-24T20:48:04.590+0000] {processor.py:830} INFO - Processing file /opt/airflow/dags/dag_crime_pipeline.py for tasks to queue
[2026-05-24T20:48:04.592+0000] {logging_mixin.py:188} INFO - [2026-05-24T20:48:04.592+0000] {dagbag.py:538} INFO - Filling up the DagBag from /opt/airflow/dags/dag_crime_pipeline.py
[2026-05-24T20:48:04.635+0000] {processor.py:840} INFO - DAG(s) 'crime_analytics_pipeline' retrieved from /opt/airflow/dags/dag_crime_pipeline.py
[2026-05-24T20:48:04.673+0000] {logging_mixin.py:188} INFO - [2026-05-24T20:48:04.672+0000] {dag.py:3036} INFO - Sync 1 DAGs
[2026-05-24T20:48:04.697+0000] {logging_mixin.py:188} INFO - [2026-05-24T20:48:04.697+0000] {dag.py:3823} INFO - Setting next_dagrun for crime_analytics_pipeline to 2026-05-23 19:00:00+00:00, run_after=2026-05-30 19:00:00+00:00
[2026-05-24T20:48:04.735+0000] {processor.py:183} INFO - Processing /opt/airflow/dags/dag_crime_pipeline.py took 0.151 seconds
[2026-05-24T20:48:34.821+0000] {processor.py:161} INFO - Started process (PID=480) to work on /opt/airflow/dags/dag_crime_pipeline.py
[2026-05-24T20:48:34.823+0000] {processor.py:830} INFO - Processing file /opt/airflow/dags/dag_crime_pipeline.py for tasks to queue
[2026-05-24T20:48:34.826+0000] {logging_mixin.py:188} INFO - [2026-05-24T20:48:34.825+0000] {dagbag.py:538} INFO - Filling up the DagBag from /opt/airflow/dags/dag_crime_pipeline.py
[2026-05-24T20:48:34.860+0000] {processor.py:840} INFO - DAG(s) 'crime_analytics_pipeline' retrieved from /opt/airflow/dags/dag_crime_pipeline.py
[2026-05-24T20:48:34.891+0000] {logging_mixin.py:188} INFO - [2026-05-24T20:48:34.891+0000] {dag.py:3036} INFO - Sync 1 DAGs
[2026-05-24T20:48:34.911+0000] {logging_mixin.py:188} INFO - [2026-05-24T20:48:34.911+0000] {dag.py:3823} INFO - Setting next_dagrun for crime_analytics_pipeline to 2026-05-23 19:00:00+00:00, run_after=2026-05-30 19:00:00+00:00
[2026-05-24T20:48:34.930+0000] {processor.py:183} INFO - Processing /opt/airflow/dags/dag_crime_pipeline.py took 0.113 seconds
[2026-05-24T20:49:05.044+0000] {processor.py:161} INFO - Started process (PID=485) to work on /opt/airflow/dags/dag_crime_pipeline.py
[2026-05-24T20:49:05.045+0000] {processor.py:830} INFO - Processing file /opt/airflow/dags/dag_crime_pipeline.py for tasks to queue
[2026-05-24T20:49:05.048+0000] {logging_mixin.py:188} INFO - [2026-05-24T20:49:05.047+0000] {dagbag.py:538} INFO - Filling up the DagBag from /opt/airflow/dags/dag_crime_pipeline.py
[2026-05-24T20:49:05.080+0000] {processor.py:840} INFO - DAG(s) 'crime_analytics_pipeline' retrieved from /opt/airflow/dags/dag_crime_pipeline.py
[2026-05-24T20:49:05.109+0000] {logging_mixin.py:188} INFO - [2026-05-24T20:49:05.109+0000] {dag.py:3036} INFO - Sync 1 DAGs
[2026-05-24T20:49:05.130+0000] {logging_mixin.py:188} INFO - [2026-05-24T20:49:05.130+0000] {dag.py:3823} INFO - Setting next_dagrun for crime_analytics_pipeline to 2026-05-23 19:00:00+00:00, run_after=2026-05-30 19:00:00+00:00
[2026-05-24T20:49:05.148+0000] {processor.py:183} INFO - Processing /opt/airflow/dags/dag_crime_pipeline.py took 0.108 seconds
[2026-05-24T20:49:35.228+0000] {processor.py:161} INFO - Started process (PID=490) to work on /opt/airflow/dags/dag_crime_pipeline.py
[2026-05-24T20:49:35.230+0000] {processor.py:830} INFO - Processing file /opt/airflow/dags/dag_crime_pipeline.py for tasks to queue
[2026-05-24T20:49:35.232+0000] {logging_mixin.py:188} INFO - [2026-05-24T20:49:35.232+0000] {dagbag.py:538} INFO - Filling up the DagBag from /opt/airflow/dags/dag_crime_pipeline.py
[2026-05-24T20:49:35.264+0000] {processor.py:840} INFO - DAG(s) 'crime_analytics_pipeline' retrieved from /opt/airflow/dags/dag_crime_pipeline.py
[2026-05-24T20:49:35.295+0000] {logging_mixin.py:188} INFO - [2026-05-24T20:49:35.295+0000] {dag.py:3036} INFO - Sync 1 DAGs
[2026-05-24T20:49:35.316+0000] {logging_mixin.py:188} INFO - [2026-05-24T20:49:35.316+0000] {dag.py:3823} INFO - Setting next_dagrun for crime_analytics_pipeline to 2026-05-23 19:00:00+00:00, run_after=2026-05-30 19:00:00+00:00
[2026-05-24T20:49:35.355+0000] {processor.py:183} INFO - Processing /opt/airflow/dags/dag_crime_pipeline.py took 0.130 seconds
[2026-05-24T20:50:05.473+0000] {processor.py:161} INFO - Started process (PID=495) to work on /opt/airflow/dags/dag_crime_pipeline.py
[2026-05-24T20:50:05.474+0000] {processor.py:830} INFO - Processing file /opt/airflow/dags/dag_crime_pipeline.py for tasks to queue
[2026-05-24T20:50:05.477+0000] {logging_mixin.py:188} INFO - [2026-05-24T20:50:05.476+0000] {dagbag.py:538} INFO - Filling up the DagBag from /opt/airflow/dags/dag_crime_pipeline.py
[2026-05-24T20:50:05.517+0000] {processor.py:840} INFO - DAG(s) 'crime_analytics_pipeline' retrieved from /opt/airflow/dags/dag_crime_pipeline.py
[2026-05-24T20:50:05.548+0000] {logging_mixin.py:188} INFO - [2026-05-24T20:50:05.548+0000] {dag.py:3036} INFO - Sync 1 DAGs
[2026-05-24T20:50:05.571+0000] {logging_mixin.py:188} INFO - [2026-05-24T20:50:05.571+0000] {dag.py:3823} INFO - Setting next_dagrun for crime_analytics_pipeline to 2026-05-23 19:00:00+00:00, run_after=2026-05-30 19:00:00+00:00
[2026-05-24T20:50:05.591+0000] {processor.py:183} INFO - Processing /opt/airflow/dags/dag_crime_pipeline.py took 0.122 seconds
[2026-05-24T20:50:35.666+0000] {processor.py:161} INFO - Started process (PID=500) to work on /opt/airflow/dags/dag_crime_pipeline.py
[2026-05-24T20:50:35.667+0000] {processor.py:830} INFO - Processing file /opt/airflow/dags/dag_crime_pipeline.py for tasks to queue
[2026-05-24T20:50:35.670+0000] {logging_mixin.py:188} INFO - [2026-05-24T20:50:35.669+0000] {dagbag.py:538} INFO - Filling up the DagBag from /opt/airflow/dags/dag_crime_pipeline.py
[2026-05-24T20:50:35.707+0000] {processor.py:840} INFO - DAG(s) 'crime_analytics_pipeline' retrieved from /opt/airflow/dags/dag_crime_pipeline.py
[2026-05-24T20:50:35.739+0000] {logging_mixin.py:188} INFO - [2026-05-24T20:50:35.738+0000] {dag.py:3036} INFO - Sync 1 DAGs
[2026-05-24T20:50:35.763+0000] {logging_mixin.py:188} INFO - [2026-05-24T20:50:35.763+0000] {dag.py:3823} INFO - Setting next_dagrun for crime_analytics_pipeline to 2026-05-23 19:00:00+00:00, run_after=2026-05-30 19:00:00+00:00
[2026-05-24T20:50:35.802+0000] {processor.py:183} INFO - Processing /opt/airflow/dags/dag_crime_pipeline.py took 0.140 seconds
[2026-05-24T20:51:05.894+0000] {processor.py:161} INFO - Started process (PID=505) to work on /opt/airflow/dags/dag_crime_pipeline.py
[2026-05-24T20:51:05.895+0000] {processor.py:830} INFO - Processing file /opt/airflow/dags/dag_crime_pipeline.py for tasks to queue
[2026-05-24T20:51:05.897+0000] {logging_mixin.py:188} INFO - [2026-05-24T20:51:05.897+0000] {dagbag.py:538} INFO - Filling up the DagBag from /opt/airflow/dags/dag_crime_pipeline.py
[2026-05-24T20:51:05.939+0000] {processor.py:840} INFO - DAG(s) 'crime_analytics_pipeline' retrieved from /opt/airflow/dags/dag_crime_pipeline.py
[2026-05-24T20:51:05.974+0000] {logging_mixin.py:188} INFO - [2026-05-24T20:51:05.973+0000] {dag.py:3036} INFO - Sync 1 DAGs
[2026-05-24T20:51:05.997+0000] {logging_mixin.py:188} INFO - [2026-05-24T20:51:05.997+0000] {dag.py:3823} INFO - Setting next_dagrun for crime_analytics_pipeline to 2026-05-23 19:00:00+00:00, run_after=2026-05-30 19:00:00+00:00
[2026-05-24T20:51:06.018+0000] {processor.py:183} INFO - Processing /opt/airflow/dags/dag_crime_pipeline.py took 0.127 seconds
[2026-05-24T20:51:36.983+0000] {processor.py:161} INFO - Started process (PID=510) to work on /opt/airflow/dags/dag_crime_pipeline.py
[2026-05-24T20:51:36.985+0000] {processor.py:830} INFO - Processing file /opt/airflow/dags/dag_crime_pipeline.py for tasks to queue
[2026-05-24T20:51:36.989+0000] {logging_mixin.py:188} INFO - [2026-05-24T20:51:36.989+0000] {dagbag.py:538} INFO - Filling up the DagBag from /opt/airflow/dags/dag_crime_pipeline.py
[2026-05-24T20:51:37.037+0000] {processor.py:840} INFO - DAG(s) 'crime_analytics_pipeline' retrieved from /opt/airflow/dags/dag_crime_pipeline.py
[2026-05-24T20:51:37.067+0000] {logging_mixin.py:188} INFO - [2026-05-24T20:51:37.067+0000] {dag.py:3036} INFO - Sync 1 DAGs
[2026-05-24T20:51:37.090+0000] {logging_mixin.py:188} INFO - [2026-05-24T20:51:37.090+0000] {dag.py:3823} INFO - Setting next_dagrun for crime_analytics_pipeline to 2026-05-23 19:00:00+00:00, run_after=2026-05-30 19:00:00+00:00
[2026-05-24T20:51:37.109+0000] {processor.py:183} INFO - Processing /opt/airflow/dags/dag_crime_pipeline.py took 0.132 seconds
[2026-05-24T20:52:07.179+0000] {processor.py:161} INFO - Started process (PID=515) to work on /opt/airflow/dags/dag_crime_pipeline.py
[2026-05-24T20:52:07.180+0000] {processor.py:830} INFO - Processing file /opt/airflow/dags/dag_crime_pipeline.py for tasks to queue
[2026-05-24T20:52:07.183+0000] {logging_mixin.py:188} INFO - [2026-05-24T20:52:07.182+0000] {dagbag.py:538} INFO - Filling up the DagBag from /opt/airflow/dags/dag_crime_pipeline.py
[2026-05-24T20:52:07.223+0000] {processor.py:840} INFO - DAG(s) 'crime_analytics_pipeline' retrieved from /opt/airflow/dags/dag_crime_pipeline.py
[2026-05-24T20:52:07.259+0000] {logging_mixin.py:188} INFO - [2026-05-24T20:52:07.259+0000] {dag.py:3036} INFO - Sync 1 DAGs
[2026-05-24T20:52:07.287+0000] {logging_mixin.py:188} INFO - [2026-05-24T20:52:07.287+0000] {dag.py:3823} INFO - Setting next_dagrun for crime_analytics_pipeline to 2026-05-23 19:00:00+00:00, run_after=2026-05-30 19:00:00+00:00
[2026-05-24T20:52:07.307+0000] {processor.py:183} INFO - Processing /opt/airflow/dags/dag_crime_pipeline.py took 0.131 seconds
[2026-05-24T20:52:37.366+0000] {processor.py:161} INFO - Started process (PID=520) to work on /opt/airflow/dags/dag_crime_pipeline.py
[2026-05-24T20:52:37.367+0000] {processor.py:830} INFO - Processing file /opt/airflow/dags/dag_crime_pipeline.py for tasks to queue
[2026-05-24T20:52:37.369+0000] {logging_mixin.py:188} INFO - [2026-05-24T20:52:37.369+0000] {dagbag.py:538} INFO - Filling up the DagBag from /opt/airflow/dags/dag_crime_pipeline.py
[2026-05-24T20:52:37.407+0000] {processor.py:840} INFO - DAG(s) 'crime_analytics_pipeline' retrieved from /opt/airflow/dags/dag_crime_pipeline.py
[2026-05-24T20:52:37.439+0000] {logging_mixin.py:188} INFO - [2026-05-24T20:52:37.439+0000] {dag.py:3036} INFO - Sync 1 DAGs
[2026-05-24T20:52:37.464+0000] {logging_mixin.py:188} INFO - [2026-05-24T20:52:37.463+0000] {dag.py:3823} INFO - Setting next_dagrun for crime_analytics_pipeline to 2026-05-23 19:00:00+00:00, run_after=2026-05-30 19:00:00+00:00
[2026-05-24T20:52:37.503+0000] {processor.py:183} INFO - Processing /opt/airflow/dags/dag_crime_pipeline.py took 0.142 seconds
[2026-05-24T20:53:07.595+0000] {processor.py:161} INFO - Started process (PID=525) to work on /opt/airflow/dags/dag_crime_pipeline.py
[2026-05-24T20:53:07.596+0000] {processor.py:830} INFO - Processing file /opt/airflow/dags/dag_crime_pipeline.py for tasks to queue
[2026-05-24T20:53:07.598+0000] {logging_mixin.py:188} INFO - [2026-05-24T20:53:07.598+0000] {dagbag.py:538} INFO - Filling up the DagBag from /opt/airflow/dags/dag_crime_pipeline.py
[2026-05-24T20:53:07.633+0000] {processor.py:840} INFO - DAG(s) 'crime_analytics_pipeline' retrieved from /opt/airflow/dags/dag_crime_pipeline.py
[2026-05-24T20:53:07.670+0000] {logging_mixin.py:188} INFO - [2026-05-24T20:53:07.670+0000] {dag.py:3036} INFO - Sync 1 DAGs
[2026-05-24T20:53:07.697+0000] {logging_mixin.py:188} INFO - [2026-05-24T20:53:07.697+0000] {dag.py:3823} INFO - Setting next_dagrun for crime_analytics_pipeline to 2026-05-23 19:00:00+00:00, run_after=2026-05-30 19:00:00+00:00
[2026-05-24T20:53:07.740+0000] {processor.py:183} INFO - Processing /opt/airflow/dags/dag_crime_pipeline.py took 0.150 seconds
[2026-05-24T20:53:37.814+0000] {processor.py:161} INFO - Started process (PID=530) to work on /opt/airflow/dags/dag_crime_pipeline.py
[2026-05-24T20:53:37.815+0000] {processor.py:830} INFO - Processing file /opt/airflow/dags/dag_crime_pipeline.py for tasks to queue
[2026-05-24T20:53:37.817+0000] {logging_mixin.py:188} INFO - [2026-05-24T20:53:37.817+0000] {dagbag.py:538} INFO - Filling up the DagBag from /opt/airflow/dags/dag_crime_pipeline.py
[2026-05-24T20:53:37.855+0000] {processor.py:840} INFO - DAG(s) 'crime_analytics_pipeline' retrieved from /opt/airflow/dags/dag_crime_pipeline.py
[2026-05-24T20:53:37.895+0000] {logging_mixin.py:188} INFO - [2026-05-24T20:53:37.894+0000] {dag.py:3036} INFO - Sync 1 DAGs
[2026-05-24T20:53:37.921+0000] {logging_mixin.py:188} INFO - [2026-05-24T20:53:37.921+0000] {dag.py:3823} INFO - Setting next_dagrun for crime_analytics_pipeline to 2026-05-23 19:00:00+00:00, run_after=2026-05-30 19:00:00+00:00
[2026-05-24T20:53:37.940+0000] {processor.py:183} INFO - Processing /opt/airflow/dags/dag_crime_pipeline.py took 0.130 seconds
[2026-05-24T20:54:08.089+0000] {processor.py:161} INFO - Started process (PID=535) to work on /opt/airflow/dags/dag_crime_pipeline.py
[2026-05-24T20:54:08.091+0000] {processor.py:830} INFO - Processing file /opt/airflow/dags/dag_crime_pipeline.py for tasks to queue
[2026-05-24T20:54:08.094+0000] {logging_mixin.py:188} INFO - [2026-05-24T20:54:08.093+0000] {dagbag.py:538} INFO - Filling up the DagBag from /opt/airflow/dags/dag_crime_pipeline.py
[2026-05-24T20:54:08.141+0000] {processor.py:840} INFO - DAG(s) 'crime_analytics_pipeline' retrieved from /opt/airflow/dags/dag_crime_pipeline.py
[2026-05-24T20:54:08.186+0000] {logging_mixin.py:188} INFO - [2026-05-24T20:54:08.185+0000] {dag.py:3036} INFO - Sync 1 DAGs
[2026-05-24T20:54:08.217+0000] {logging_mixin.py:188} INFO - [2026-05-24T20:54:08.217+0000] {dag.py:3823} INFO - Setting next_dagrun for crime_analytics_pipeline to 2026-05-23 19:00:00+00:00, run_after=2026-05-30 19:00:00+00:00
[2026-05-24T20:54:08.255+0000] {processor.py:183} INFO - Processing /opt/airflow/dags/dag_crime_pipeline.py took 0.172 seconds
[2026-05-24T20:54:38.343+0000] {processor.py:161} INFO - Started process (PID=540) to work on /opt/airflow/dags/dag_crime_pipeline.py
[2026-05-24T20:54:38.346+0000] {processor.py:830} INFO - Processing file /opt/airflow/dags/dag_crime_pipeline.py for tasks to queue
[2026-05-24T20:54:38.349+0000] {logging_mixin.py:188} INFO - [2026-05-24T20:54:38.348+0000] {dagbag.py:538} INFO - Filling up the DagBag from /opt/airflow/dags/dag_crime_pipeline.py
[2026-05-24T20:54:38.409+0000] {processor.py:840} INFO - DAG(s) 'crime_analytics_pipeline' retrieved from /opt/airflow/dags/dag_crime_pipeline.py
[2026-05-24T20:54:38.467+0000] {logging_mixin.py:188} INFO - [2026-05-24T20:54:38.466+0000] {dag.py:3036} INFO - Sync 1 DAGs
[2026-05-24T20:54:38.507+0000] {logging_mixin.py:188} INFO - [2026-05-24T20:54:38.507+0000] {dag.py:3823} INFO - Setting next_dagrun for crime_analytics_pipeline to 2026-05-23 19:00:00+00:00, run_after=2026-05-30 19:00:00+00:00
[2026-05-24T20:54:38.539+0000] {processor.py:183} INFO - Processing /opt/airflow/dags/dag_crime_pipeline.py took 0.201 seconds
[2026-05-24T20:55:08.666+0000] {processor.py:161} INFO - Started process (PID=545) to work on /opt/airflow/dags/dag_crime_pipeline.py
[2026-05-24T20:55:08.667+0000] {processor.py:830} INFO - Processing file /opt/airflow/dags/dag_crime_pipeline.py for tasks to queue
[2026-05-24T20:55:08.670+0000] {logging_mixin.py:188} INFO - [2026-05-24T20:55:08.670+0000] {dagbag.py:538} INFO - Filling up the DagBag from /opt/airflow/dags/dag_crime_pipeline.py
[2026-05-24T20:55:08.709+0000] {processor.py:840} INFO - DAG(s) 'crime_analytics_pipeline' retrieved from /opt/airflow/dags/dag_crime_pipeline.py
[2026-05-24T20:55:08.751+0000] {logging_mixin.py:188} INFO - [2026-05-24T20:55:08.750+0000] {dag.py:3036} INFO - Sync 1 DAGs
[2026-05-24T20:55:08.786+0000] {logging_mixin.py:188} INFO - [2026-05-24T20:55:08.786+0000] {dag.py:3823} INFO - Setting next_dagrun for crime_analytics_pipeline to 2026-05-23 19:00:00+00:00, run_after=2026-05-30 19:00:00+00:00
[2026-05-24T20:55:08.835+0000] {processor.py:183} INFO - Processing /opt/airflow/dags/dag_crime_pipeline.py took 0.175 seconds
[2026-05-24T20:55:38.914+0000] {processor.py:161} INFO - Started process (PID=550) to work on /opt/airflow/dags/dag_crime_pipeline.py
[2026-05-24T20:55:38.916+0000] {processor.py:830} INFO - Processing file /opt/airflow/dags/dag_crime_pipeline.py for tasks to queue
[2026-05-24T20:55:38.919+0000] {logging_mixin.py:188} INFO - [2026-05-24T20:55:38.919+0000] {dagbag.py:538} INFO - Filling up the DagBag from /opt/airflow/dags/dag_crime_pipeline.py
[2026-05-24T20:55:38.964+0000] {processor.py:840} INFO - DAG(s) 'crime_analytics_pipeline' retrieved from /opt/airflow/dags/dag_crime_pipeline.py
[2026-05-24T20:55:38.999+0000] {logging_mixin.py:188} INFO - [2026-05-24T20:55:38.999+0000] {dag.py:3036} INFO - Sync 1 DAGs
[2026-05-24T20:55:39.022+0000] {logging_mixin.py:188} INFO - [2026-05-24T20:55:39.022+0000] {dag.py:3823} INFO - Setting next_dagrun for crime_analytics_pipeline to 2026-05-23 19:00:00+00:00, run_after=2026-05-30 19:00:00+00:00
[2026-05-24T20:55:39.062+0000] {processor.py:183} INFO - Processing /opt/airflow/dags/dag_crime_pipeline.py took 0.153 seconds
[2026-05-24T20:56:09.193+0000] {processor.py:161} INFO - Started process (PID=555) to work on /opt/airflow/dags/dag_crime_pipeline.py
[2026-05-24T20:56:09.194+0000] {processor.py:830} INFO - Processing file /opt/airflow/dags/dag_crime_pipeline.py for tasks to queue
[2026-05-24T20:56:09.197+0000] {logging_mixin.py:188} INFO - [2026-05-24T20:56:09.197+0000] {dagbag.py:538} INFO - Filling up the DagBag from /opt/airflow/dags/dag_crime_pipeline.py
[2026-05-24T20:56:09.236+0000] {processor.py:840} INFO - DAG(s) 'crime_analytics_pipeline' retrieved from /opt/airflow/dags/dag_crime_pipeline.py
[2026-05-24T20:56:09.274+0000] {logging_mixin.py:188} INFO - [2026-05-24T20:56:09.274+0000] {dag.py:3036} INFO - Sync 1 DAGs
[2026-05-24T20:56:09.306+0000] {logging_mixin.py:188} INFO - [2026-05-24T20:56:09.305+0000] {dag.py:3823} INFO - Setting next_dagrun for crime_analytics_pipeline to 2026-05-23 19:00:00+00:00, run_after=2026-05-30 19:00:00+00:00
[2026-05-24T20:56:09.347+0000] {processor.py:183} INFO - Processing /opt/airflow/dags/dag_crime_pipeline.py took 0.159 seconds
[2026-05-24T20:56:39.442+0000] {processor.py:161} INFO - Started process (PID=560) to work on /opt/airflow/dags/dag_crime_pipeline.py
[2026-05-24T20:56:39.444+0000] {processor.py:830} INFO - Processing file /opt/airflow/dags/dag_crime_pipeline.py for tasks to queue
[2026-05-24T20:56:39.447+0000] {logging_mixin.py:188} INFO - [2026-05-24T20:56:39.446+0000] {dagbag.py:538} INFO - Filling up the DagBag from /opt/airflow/dags/dag_crime_pipeline.py
[2026-05-24T20:56:39.492+0000] {processor.py:840} INFO - DAG(s) 'crime_analytics_pipeline' retrieved from /opt/airflow/dags/dag_crime_pipeline.py
[2026-05-24T20:56:39.530+0000] {logging_mixin.py:188} INFO - [2026-05-24T20:56:39.530+0000] {dag.py:3036} INFO - Sync 1 DAGs
[2026-05-24T20:56:39.560+0000] {logging_mixin.py:188} INFO - [2026-05-24T20:56:39.559+0000] {dag.py:3823} INFO - Setting next_dagrun for crime_analytics_pipeline to 2026-05-23 19:00:00+00:00, run_after=2026-05-30 19:00:00+00:00
[2026-05-24T20:56:39.584+0000] {processor.py:183} INFO - Processing /opt/airflow/dags/dag_crime_pipeline.py took 0.147 seconds
[2026-05-24T20:57:09.759+0000] {processor.py:161} INFO - Started process (PID=565) to work on /opt/airflow/dags/dag_crime_pipeline.py
[2026-05-24T20:57:09.763+0000] {processor.py:830} INFO - Processing file /opt/airflow/dags/dag_crime_pipeline.py for tasks to queue
[2026-05-24T20:57:09.767+0000] {logging_mixin.py:188} INFO - [2026-05-24T20:57:09.766+0000] {dagbag.py:538} INFO - Filling up the DagBag from /opt/airflow/dags/dag_crime_pipeline.py
[2026-05-24T20:57:09.829+0000] {processor.py:840} INFO - DAG(s) 'crime_analytics_pipeline' retrieved from /opt/airflow/dags/dag_crime_pipeline.py
[2026-05-24T20:57:09.871+0000] {logging_mixin.py:188} INFO - [2026-05-24T20:57:09.870+0000] {dag.py:3036} INFO - Sync 1 DAGs
[2026-05-24T20:57:09.901+0000] {logging_mixin.py:188} INFO - [2026-05-24T20:57:09.900+0000] {dag.py:3823} INFO - Setting next_dagrun for crime_analytics_pipeline to 2026-05-23 19:00:00+00:00, run_after=2026-05-30 19:00:00+00:00
[2026-05-24T20:57:09.943+0000] {processor.py:183} INFO - Processing /opt/airflow/dags/dag_crime_pipeline.py took 0.189 seconds
[2026-05-24T20:57:40.090+0000] {processor.py:161} INFO - Started process (PID=570) to work on /opt/airflow/dags/dag_crime_pipeline.py
[2026-05-24T20:57:40.092+0000] {processor.py:830} INFO - Processing file /opt/airflow/dags/dag_crime_pipeline.py for tasks to queue
[2026-05-24T20:57:40.095+0000] {logging_mixin.py:188} INFO - [2026-05-24T20:57:40.094+0000] {dagbag.py:538} INFO - Filling up the DagBag from /opt/airflow/dags/dag_crime_pipeline.py
[2026-05-24T20:57:40.145+0000] {processor.py:840} INFO - DAG(s) 'crime_analytics_pipeline' retrieved from /opt/airflow/dags/dag_crime_pipeline.py
[2026-05-24T20:57:40.188+0000] {logging_mixin.py:188} INFO - [2026-05-24T20:57:40.187+0000] {dag.py:3036} INFO - Sync 1 DAGs
[2026-05-24T20:57:40.223+0000] {logging_mixin.py:188} INFO - [2026-05-24T20:57:40.222+0000] {dag.py:3823} INFO - Setting next_dagrun for crime_analytics_pipeline to 2026-05-23 19:00:00+00:00, run_after=2026-05-30 19:00:00+00:00
[2026-05-24T20:57:40.270+0000] {processor.py:183} INFO - Processing /opt/airflow/dags/dag_crime_pipeline.py took 0.185 seconds
[2026-05-24T20:58:10.417+0000] {processor.py:161} INFO - Started process (PID=575) to work on /opt/airflow/dags/dag_crime_pipeline.py
[2026-05-24T20:58:10.418+0000] {processor.py:830} INFO - Processing file /opt/airflow/dags/dag_crime_pipeline.py for tasks to queue
[2026-05-24T20:58:10.421+0000] {logging_mixin.py:188} INFO - [2026-05-24T20:58:10.421+0000] {dagbag.py:538} INFO - Filling up the DagBag from /opt/airflow/dags/dag_crime_pipeline.py
[2026-05-24T20:58:10.461+0000] {processor.py:840} INFO - DAG(s) 'crime_analytics_pipeline' retrieved from /opt/airflow/dags/dag_crime_pipeline.py
[2026-05-24T20:58:10.503+0000] {logging_mixin.py:188} INFO - [2026-05-24T20:58:10.502+0000] {dag.py:3036} INFO - Sync 1 DAGs
[2026-05-24T20:58:10.535+0000] {logging_mixin.py:188} INFO - [2026-05-24T20:58:10.535+0000] {dag.py:3823} INFO - Setting next_dagrun for crime_analytics_pipeline to 2026-05-23 19:00:00+00:00, run_after=2026-05-30 19:00:00+00:00
[2026-05-24T20:58:10.561+0000] {processor.py:183} INFO - Processing /opt/airflow/dags/dag_crime_pipeline.py took 0.149 seconds
[2026-05-24T20:58:40.685+0000] {processor.py:161} INFO - Started process (PID=580) to work on /opt/airflow/dags/dag_crime_pipeline.py
[2026-05-24T20:58:40.736+0000] {processor.py:830} INFO - Processing file /opt/airflow/dags/dag_crime_pipeline.py for tasks to queue
[2026-05-24T20:58:40.740+0000] {logging_mixin.py:188} INFO - [2026-05-24T20:58:40.739+0000] {dagbag.py:538} INFO - Filling up the DagBag from /opt/airflow/dags/dag_crime_pipeline.py
[2026-05-24T20:58:40.795+0000] {processor.py:840} INFO - DAG(s) 'crime_analytics_pipeline' retrieved from /opt/airflow/dags/dag_crime_pipeline.py
[2026-05-24T20:58:40.843+0000] {logging_mixin.py:188} INFO - [2026-05-24T20:58:40.843+0000] {dag.py:3036} INFO - Sync 1 DAGs
[2026-05-24T20:58:40.876+0000] {logging_mixin.py:188} INFO - [2026-05-24T20:58:40.876+0000] {dag.py:3823} INFO - Setting next_dagrun for crime_analytics_pipeline to 2026-05-23 19:00:00+00:00, run_after=2026-05-30 19:00:00+00:00
[2026-05-24T20:58:40.910+0000] {processor.py:183} INFO - Processing /opt/airflow/dags/dag_crime_pipeline.py took 0.231 seconds
[2026-05-24T20:59:11.037+0000] {processor.py:161} INFO - Started process (PID=585) to work on /opt/airflow/dags/dag_crime_pipeline.py
[2026-05-24T20:59:11.039+0000] {processor.py:830} INFO - Processing file /opt/airflow/dags/dag_crime_pipeline.py for tasks to queue
[2026-05-24T20:59:11.043+0000] {logging_mixin.py:188} INFO - [2026-05-24T20:59:11.042+0000] {dagbag.py:538} INFO - Filling up the DagBag from /opt/airflow/dags/dag_crime_pipeline.py
[2026-05-24T20:59:11.088+0000] {processor.py:840} INFO - DAG(s) 'crime_analytics_pipeline' retrieved from /opt/airflow/dags/dag_crime_pipeline.py
[2026-05-24T20:59:11.134+0000] {logging_mixin.py:188} INFO - [2026-05-24T20:59:11.134+0000] {dag.py:3036} INFO - Sync 1 DAGs
[2026-05-24T20:59:11.167+0000] {logging_mixin.py:188} INFO - [2026-05-24T20:59:11.167+0000] {dag.py:3823} INFO - Setting next_dagrun for crime_analytics_pipeline to 2026-05-23 19:00:00+00:00, run_after=2026-05-30 19:00:00+00:00
[2026-05-24T20:59:11.201+0000] {processor.py:183} INFO - Processing /opt/airflow/dags/dag_crime_pipeline.py took 0.169 seconds
[2026-05-24T20:59:41.343+0000] {processor.py:161} INFO - Started process (PID=590) to work on /opt/airflow/dags/dag_crime_pipeline.py
[2026-05-24T20:59:41.345+0000] {processor.py:830} INFO - Processing file /opt/airflow/dags/dag_crime_pipeline.py for tasks to queue
[2026-05-24T20:59:41.348+0000] {logging_mixin.py:188} INFO - [2026-05-24T20:59:41.347+0000] {dagbag.py:538} INFO - Filling up the DagBag from /opt/airflow/dags/dag_crime_pipeline.py
[2026-05-24T20:59:41.388+0000] {processor.py:840} INFO - DAG(s) 'crime_analytics_pipeline' retrieved from /opt/airflow/dags/dag_crime_pipeline.py
[2026-05-24T20:59:41.429+0000] {logging_mixin.py:188} INFO - [2026-05-24T20:59:41.428+0000] {dag.py:3036} INFO - Sync 1 DAGs
[2026-05-24T20:59:41.457+0000] {logging_mixin.py:188} INFO - [2026-05-24T20:59:41.457+0000] {dag.py:3823} INFO - Setting next_dagrun for crime_analytics_pipeline to 2026-05-23 19:00:00+00:00, run_after=2026-05-30 19:00:00+00:00
[2026-05-24T20:59:41.505+0000] {processor.py:183} INFO - Processing /opt/airflow/dags/dag_crime_pipeline.py took 0.167 seconds
[2026-05-24T21:00:11.618+0000] {processor.py:161} INFO - Started process (PID=595) to work on /opt/airflow/dags/dag_crime_pipeline.py
[2026-05-24T21:00:11.620+0000] {processor.py:830} INFO - Processing file /opt/airflow/dags/dag_crime_pipeline.py for tasks to queue
[2026-05-24T21:00:11.623+0000] {logging_mixin.py:188} INFO - [2026-05-24T21:00:11.623+0000] {dagbag.py:538} INFO - Filling up the DagBag from /opt/airflow/dags/dag_crime_pipeline.py
[2026-05-24T21:00:11.673+0000] {processor.py:840} INFO - DAG(s) 'crime_analytics_pipeline' retrieved from /opt/airflow/dags/dag_crime_pipeline.py
[2026-05-24T21:00:11.725+0000] {logging_mixin.py:188} INFO - [2026-05-24T21:00:11.725+0000] {dag.py:3036} INFO - Sync 1 DAGs
[2026-05-24T21:00:11.760+0000] {logging_mixin.py:188} INFO - [2026-05-24T21:00:11.760+0000] {dag.py:3823} INFO - Setting next_dagrun for crime_analytics_pipeline to 2026-05-23 19:00:00+00:00, run_after=2026-05-30 19:00:00+00:00
[2026-05-24T21:00:11.808+0000] {processor.py:183} INFO - Processing /opt/airflow/dags/dag_crime_pipeline.py took 0.195 seconds
[2026-05-24T21:00:41.967+0000] {processor.py:161} INFO - Started process (PID=600) to work on /opt/airflow/dags/dag_crime_pipeline.py
[2026-05-24T21:00:41.969+0000] {processor.py:830} INFO - Processing file /opt/airflow/dags/dag_crime_pipeline.py for tasks to queue
[2026-05-24T21:00:41.972+0000] {logging_mixin.py:188} INFO - [2026-05-24T21:00:41.971+0000] {dagbag.py:538} INFO - Filling up the DagBag from /opt/airflow/dags/dag_crime_pipeline.py
[2026-05-24T21:00:42.018+0000] {processor.py:840} INFO - DAG(s) 'crime_analytics_pipeline' retrieved from /opt/airflow/dags/dag_crime_pipeline.py
[2026-05-24T21:00:42.063+0000] {logging_mixin.py:188} INFO - [2026-05-24T21:00:42.062+0000] {dag.py:3036} INFO - Sync 1 DAGs
[2026-05-24T21:00:42.096+0000] {logging_mixin.py:188} INFO - [2026-05-24T21:00:42.096+0000] {dag.py:3823} INFO - Setting next_dagrun for crime_analytics_pipeline to 2026-05-23 19:00:00+00:00, run_after=2026-05-30 19:00:00+00:00
[2026-05-24T21:00:42.126+0000] {processor.py:183} INFO - Processing /opt/airflow/dags/dag_crime_pipeline.py took 0.163 seconds
[2026-05-24T21:01:12.236+0000] {processor.py:161} INFO - Started process (PID=609) to work on /opt/airflow/dags/dag_crime_pipeline.py
[2026-05-24T21:01:12.238+0000] {processor.py:830} INFO - Processing file /opt/airflow/dags/dag_crime_pipeline.py for tasks to queue
[2026-05-24T21:01:12.242+0000] {logging_mixin.py:188} INFO - [2026-05-24T21:01:12.242+0000] {dagbag.py:538} INFO - Filling up the DagBag from /opt/airflow/dags/dag_crime_pipeline.py
[2026-05-24T21:01:12.301+0000] {processor.py:840} INFO - DAG(s) 'crime_analytics_pipeline' retrieved from /opt/airflow/dags/dag_crime_pipeline.py
[2026-05-24T21:01:12.337+0000] {logging_mixin.py:188} INFO - [2026-05-24T21:01:12.337+0000] {dag.py:3036} INFO - Sync 1 DAGs
[2026-05-24T21:01:12.389+0000] {processor.py:183} INFO - Processing /opt/airflow/dags/dag_crime_pipeline.py took 0.159 seconds
[2026-05-24T21:01:42.522+0000] {processor.py:161} INFO - Started process (PID=643) to work on /opt/airflow/dags/dag_crime_pipeline.py
[2026-05-24T21:01:42.525+0000] {processor.py:830} INFO - Processing file /opt/airflow/dags/dag_crime_pipeline.py for tasks to queue
[2026-05-24T21:01:42.528+0000] {logging_mixin.py:188} INFO - [2026-05-24T21:01:42.527+0000] {dagbag.py:538} INFO - Filling up the DagBag from /opt/airflow/dags/dag_crime_pipeline.py
[2026-05-24T21:01:42.567+0000] {processor.py:840} INFO - DAG(s) 'crime_analytics_pipeline' retrieved from /opt/airflow/dags/dag_crime_pipeline.py
[2026-05-24T21:01:42.602+0000] {logging_mixin.py:188} INFO - [2026-05-24T21:01:42.602+0000] {dag.py:3036} INFO - Sync 1 DAGs
[2026-05-24T21:01:42.642+0000] {processor.py:183} INFO - Processing /opt/airflow/dags/dag_crime_pipeline.py took 0.124 seconds
[2026-05-24T21:02:12.765+0000] {processor.py:161} INFO - Started process (PID=648) to work on /opt/airflow/dags/dag_crime_pipeline.py
[2026-05-24T21:02:12.766+0000] {processor.py:830} INFO - Processing file /opt/airflow/dags/dag_crime_pipeline.py for tasks to queue
[2026-05-24T21:02:12.770+0000] {logging_mixin.py:188} INFO - [2026-05-24T21:02:12.769+0000] {dagbag.py:538} INFO - Filling up the DagBag from /opt/airflow/dags/dag_crime_pipeline.py
[2026-05-24T21:02:12.810+0000] {processor.py:840} INFO - DAG(s) 'crime_analytics_pipeline' retrieved from /opt/airflow/dags/dag_crime_pipeline.py
[2026-05-24T21:02:12.845+0000] {logging_mixin.py:188} INFO - [2026-05-24T21:02:12.844+0000] {dag.py:3036} INFO - Sync 1 DAGs
[2026-05-24T21:02:12.885+0000] {processor.py:183} INFO - Processing /opt/airflow/dags/dag_crime_pipeline.py took 0.125 seconds
[2026-05-24T21:02:43.031+0000] {processor.py:161} INFO - Started process (PID=653) to work on /opt/airflow/dags/dag_crime_pipeline.py
[2026-05-24T21:02:43.032+0000] {processor.py:830} INFO - Processing file /opt/airflow/dags/dag_crime_pipeline.py for tasks to queue
[2026-05-24T21:02:43.035+0000] {logging_mixin.py:188} INFO - [2026-05-24T21:02:43.035+0000] {dagbag.py:538} INFO - Filling up the DagBag from /opt/airflow/dags/dag_crime_pipeline.py
[2026-05-24T21:02:43.080+0000] {processor.py:840} INFO - DAG(s) 'crime_analytics_pipeline' retrieved from /opt/airflow/dags/dag_crime_pipeline.py
[2026-05-24T21:02:43.135+0000] {logging_mixin.py:188} INFO - [2026-05-24T21:02:43.135+0000] {dag.py:3036} INFO - Sync 1 DAGs
[2026-05-24T21:02:43.175+0000] {processor.py:183} INFO - Processing /opt/airflow/dags/dag_crime_pipeline.py took 0.149 seconds
[2026-05-24T21:03:13.315+0000] {processor.py:161} INFO - Started process (PID=658) to work on /opt/airflow/dags/dag_crime_pipeline.py
[2026-05-24T21:03:13.317+0000] {processor.py:830} INFO - Processing file /opt/airflow/dags/dag_crime_pipeline.py for tasks to queue
[2026-05-24T21:03:13.320+0000] {logging_mixin.py:188} INFO - [2026-05-24T21:03:13.320+0000] {dagbag.py:538} INFO - Filling up the DagBag from /opt/airflow/dags/dag_crime_pipeline.py
[2026-05-24T21:03:13.368+0000] {processor.py:840} INFO - DAG(s) 'crime_analytics_pipeline' retrieved from /opt/airflow/dags/dag_crime_pipeline.py
[2026-05-24T21:03:13.434+0000] {logging_mixin.py:188} INFO - [2026-05-24T21:03:13.434+0000] {dag.py:3036} INFO - Sync 1 DAGs
[2026-05-24T21:03:13.477+0000] {processor.py:183} INFO - Processing /opt/airflow/dags/dag_crime_pipeline.py took 0.167 seconds
[2026-05-24T21:03:43.618+0000] {processor.py:161} INFO - Started process (PID=663) to work on /opt/airflow/dags/dag_crime_pipeline.py
[2026-05-24T21:03:43.620+0000] {processor.py:830} INFO - Processing file /opt/airflow/dags/dag_crime_pipeline.py for tasks to queue
[2026-05-24T21:03:43.624+0000] {logging_mixin.py:188} INFO - [2026-05-24T21:03:43.623+0000] {dagbag.py:538} INFO - Filling up the DagBag from /opt/airflow/dags/dag_crime_pipeline.py
[2026-05-24T21:03:43.664+0000] {processor.py:840} INFO - DAG(s) 'crime_analytics_pipeline' retrieved from /opt/airflow/dags/dag_crime_pipeline.py
[2026-05-24T21:03:43.699+0000] {logging_mixin.py:188} INFO - [2026-05-24T21:03:43.699+0000] {dag.py:3036} INFO - Sync 1 DAGs
[2026-05-24T21:03:43.740+0000] {processor.py:183} INFO - Processing /opt/airflow/dags/dag_crime_pipeline.py took 0.127 seconds
[2026-05-24T21:04:13.877+0000] {processor.py:161} INFO - Started process (PID=668) to work on /opt/airflow/dags/dag_crime_pipeline.py
[2026-05-24T21:04:13.879+0000] {processor.py:830} INFO - Processing file /opt/airflow/dags/dag_crime_pipeline.py for tasks to queue
[2026-05-24T21:04:13.882+0000] {logging_mixin.py:188} INFO - [2026-05-24T21:04:13.882+0000] {dagbag.py:538} INFO - Filling up the DagBag from /opt/airflow/dags/dag_crime_pipeline.py
[2026-05-24T21:04:13.931+0000] {processor.py:840} INFO - DAG(s) 'crime_analytics_pipeline' retrieved from /opt/airflow/dags/dag_crime_pipeline.py
[2026-05-24T21:04:13.977+0000] {logging_mixin.py:188} INFO - [2026-05-24T21:04:13.977+0000] {dag.py:3036} INFO - Sync 1 DAGs
[2026-05-24T21:04:14.030+0000] {processor.py:183} INFO - Processing /opt/airflow/dags/dag_crime_pipeline.py took 0.157 seconds
[2026-05-24T21:04:44.176+0000] {processor.py:161} INFO - Started process (PID=673) to work on /opt/airflow/dags/dag_crime_pipeline.py
[2026-05-24T21:04:44.178+0000] {processor.py:830} INFO - Processing file /opt/airflow/dags/dag_crime_pipeline.py for tasks to queue
[2026-05-24T21:04:44.181+0000] {logging_mixin.py:188} INFO - [2026-05-24T21:04:44.181+0000] {dagbag.py:538} INFO - Filling up the DagBag from /opt/airflow/dags/dag_crime_pipeline.py
[2026-05-24T21:04:44.134+0000] {processor.py:840} INFO - DAG(s) 'crime_analytics_pipeline' retrieved from /opt/airflow/dags/dag_crime_pipeline.py
[2026-05-24T21:04:44.172+0000] {logging_mixin.py:188} INFO - [2026-05-24T21:04:44.171+0000] {dag.py:3036} INFO - Sync 1 DAGs
[2026-05-24T21:04:44.240+0000] {processor.py:183} INFO - Processing /opt/airflow/dags/dag_crime_pipeline.py took 0.159 seconds
[2026-05-24T21:05:14.368+0000] {processor.py:161} INFO - Started process (PID=678) to work on /opt/airflow/dags/dag_crime_pipeline.py
[2026-05-24T21:05:14.369+0000] {processor.py:830} INFO - Processing file /opt/airflow/dags/dag_crime_pipeline.py for tasks to queue
[2026-05-24T21:05:14.372+0000] {logging_mixin.py:188} INFO - [2026-05-24T21:05:14.372+0000] {dagbag.py:538} INFO - Filling up the DagBag from /opt/airflow/dags/dag_crime_pipeline.py
[2026-05-24T21:05:14.418+0000] {processor.py:840} INFO - DAG(s) 'crime_analytics_pipeline' retrieved from /opt/airflow/dags/dag_crime_pipeline.py
[2026-05-24T21:05:14.472+0000] {logging_mixin.py:188} INFO - [2026-05-24T21:05:14.472+0000] {dag.py:3036} INFO - Sync 1 DAGs
[2026-05-24T21:05:14.515+0000] {processor.py:183} INFO - Processing /opt/airflow/dags/dag_crime_pipeline.py took 0.152 seconds
[2026-05-24T21:05:44.592+0000] {processor.py:161} INFO - Started process (PID=683) to work on /opt/airflow/dags/dag_crime_pipeline.py
[2026-05-24T21:05:44.594+0000] {processor.py:830} INFO - Processing file /opt/airflow/dags/dag_crime_pipeline.py for tasks to queue
[2026-05-24T21:05:44.598+0000] {logging_mixin.py:188} INFO - [2026-05-24T21:05:44.597+0000] {dagbag.py:538} INFO - Filling up the DagBag from /opt/airflow/dags/dag_crime_pipeline.py
[2026-05-24T21:05:44.641+0000] {processor.py:840} INFO - DAG(s) 'crime_analytics_pipeline' retrieved from /opt/airflow/dags/dag_crime_pipeline.py
[2026-05-24T21:05:44.679+0000] {logging_mixin.py:188} INFO - [2026-05-24T21:05:44.679+0000] {dag.py:3036} INFO - Sync 1 DAGs
[2026-05-24T21:05:44.729+0000] {processor.py:183} INFO - Processing /opt/airflow/dags/dag_crime_pipeline.py took 0.142 seconds
[2026-05-24T21:06:14.882+0000] {processor.py:161} INFO - Started process (PID=690) to work on /opt/airflow/dags/dag_crime_pipeline.py
[2026-05-24T21:06:14.884+0000] {processor.py:830} INFO - Processing file /opt/airflow/dags/dag_crime_pipeline.py for tasks to queue
[2026-05-24T21:06:14.887+0000] {logging_mixin.py:188} INFO - [2026-05-24T21:06:14.887+0000] {dagbag.py:538} INFO - Filling up the DagBag from /opt/airflow/dags/dag_crime_pipeline.py
[2026-05-24T21:06:14.935+0000] {processor.py:840} INFO - DAG(s) 'crime_analytics_pipeline' retrieved from /opt/airflow/dags/dag_crime_pipeline.py
[2026-05-24T21:06:14.981+0000] {logging_mixin.py:188} INFO - [2026-05-24T21:06:14.981+0000] {dag.py:3036} INFO - Sync 1 DAGs
[2026-05-24T21:06:15.034+0000] {processor.py:183} INFO - Processing /opt/airflow/dags/dag_crime_pipeline.py took 0.158 seconds
[2026-05-24T21:06:45.179+0000] {processor.py:161} INFO - Started process (PID=747) to work on /opt/airflow/dags/dag_crime_pipeline.py
[2026-05-24T21:06:45.180+0000] {processor.py:830} INFO - Processing file /opt/airflow/dags/dag_crime_pipeline.py for tasks to queue
[2026-05-24T21:06:45.183+0000] {logging_mixin.py:188} INFO - [2026-05-24T21:06:45.182+0000] {dagbag.py:538} INFO - Filling up the DagBag from /opt/airflow/dags/dag_crime_pipeline.py
[2026-05-24T21:06:45.220+0000] {processor.py:840} INFO - DAG(s) 'crime_analytics_pipeline' retrieved from /opt/airflow/dags/dag_crime_pipeline.py
[2026-05-24T21:06:45.256+0000] {logging_mixin.py:188} INFO - [2026-05-24T21:06:45.255+0000] {dag.py:3036} INFO - Sync 1 DAGs
[2026-05-24T21:06:45.318+0000] {processor.py:183} INFO - Processing /opt/airflow/dags/dag_crime_pipeline.py took 0.143 seconds
[2026-05-24T21:07:15.447+0000] {processor.py:161} INFO - Started process (PID=752) to work on /opt/airflow/dags/dag_crime_pipeline.py
[2026-05-24T21:07:15.449+0000] {processor.py:830} INFO - Processing file /opt/airflow/dags/dag_crime_pipeline.py for tasks to queue
[2026-05-24T21:07:15.452+0000] {logging_mixin.py:188} INFO - [2026-05-24T21:07:15.451+0000] {dagbag.py:538} INFO - Filling up the DagBag from /opt/airflow/dags/dag_crime_pipeline.py
[2026-05-24T21:07:15.495+0000] {processor.py:840} INFO - DAG(s) 'crime_analytics_pipeline' retrieved from /opt/airflow/dags/dag_crime_pipeline.py
[2026-05-24T21:07:15.529+0000] {logging_mixin.py:188} INFO - [2026-05-24T21:07:15.529+0000] {dag.py:3036} INFO - Sync 1 DAGs
[2026-05-24T21:07:15.573+0000] {processor.py:183} INFO - Processing /opt/airflow/dags/dag_crime_pipeline.py took 0.132 seconds
[2026-05-24T21:07:45.684+0000] {processor.py:161} INFO - Started process (PID=757) to work on /opt/airflow/dags/dag_crime_pipeline.py
[2026-05-24T21:07:45.686+0000] {processor.py:830} INFO - Processing file /opt/airflow/dags/dag_crime_pipeline.py for tasks to queue
[2026-05-24T21:07:45.689+0000] {logging_mixin.py:188} INFO - [2026-05-24T21:07:45.688+0000] {dagbag.py:538} INFO - Filling up the DagBag from /opt/airflow/dags/dag_crime_pipeline.py
[2026-05-24T21:07:45.745+0000] {processor.py:840} INFO - DAG(s) 'crime_analytics_pipeline' retrieved from /opt/airflow/dags/dag_crime_pipeline.py
[2026-05-24T21:07:45.787+0000] {logging_mixin.py:188} INFO - [2026-05-24T21:07:45.786+0000] {dag.py:3036} INFO - Sync 1 DAGs
[2026-05-24T21:07:45.831+0000] {processor.py:183} INFO - Processing /opt/airflow/dags/dag_crime_pipeline.py took 0.151 seconds
[2026-05-24T21:08:15.975+0000] {processor.py:161} INFO - Started process (PID=762) to work on /opt/airflow/dags/dag_crime_pipeline.py
[2026-05-24T21:08:15.977+0000] {processor.py:830} INFO - Processing file /opt/airflow/dags/dag_crime_pipeline.py for tasks to queue
[2026-05-24T21:08:15.981+0000] {logging_mixin.py:188} INFO - [2026-05-24T21:08:15.980+0000] {dagbag.py:538} INFO - Filling up the DagBag from /opt/airflow/dags/dag_crime_pipeline.py
[2026-05-24T21:08:16.021+0000] {processor.py:840} INFO - DAG(s) 'crime_analytics_pipeline' retrieved from /opt/airflow/dags/dag_crime_pipeline.py
[2026-05-24T21:08:16.060+0000] {logging_mixin.py:188} INFO - [2026-05-24T21:08:16.060+0000] {dag.py:3036} INFO - Sync 1 DAGs
[2026-05-24T21:08:16.103+0000] {processor.py:183} INFO - Processing /opt/airflow/dags/dag_crime_pipeline.py took 0.132 seconds
[2026-05-24T21:08:46.241+0000] {processor.py:161} INFO - Started process (PID=767) to work on /opt/airflow/dags/dag_crime_pipeline.py
[2026-05-24T21:08:46.243+0000] {processor.py:830} INFO - Processing file /opt/airflow/dags/dag_crime_pipeline.py for tasks to queue
[2026-05-24T21:08:46.246+0000] {logging_mixin.py:188} INFO - [2026-05-24T21:08:46.246+0000] {dagbag.py:538} INFO - Filling up the DagBag from /opt/airflow/dags/dag_crime_pipeline.py
[2026-05-24T21:08:46.285+0000] {processor.py:840} INFO - DAG(s) 'crime_analytics_pipeline' retrieved from /opt/airflow/dags/dag_crime_pipeline.py
[2026-05-24T21:08:46.319+0000] {logging_mixin.py:188} INFO - [2026-05-24T21:08:46.319+0000] {dag.py:3036} INFO - Sync 1 DAGs
[2026-05-24T21:08:46.378+0000] {processor.py:183} INFO - Processing /opt/airflow/dags/dag_crime_pipeline.py took 0.141 seconds
[2026-05-24T21:09:16.510+0000] {processor.py:161} INFO - Started process (PID=772) to work on /opt/airflow/dags/dag_crime_pipeline.py
[2026-05-24T21:09:16.511+0000] {processor.py:830} INFO - Processing file /opt/airflow/dags/dag_crime_pipeline.py for tasks to queue
[2026-05-24T21:09:16.514+0000] {logging_mixin.py:188} INFO - [2026-05-24T21:09:16.513+0000] {dagbag.py:538} INFO - Filling up the DagBag from /opt/airflow/dags/dag_crime_pipeline.py
[2026-05-24T21:09:16.551+0000] {processor.py:840} INFO - DAG(s) 'crime_analytics_pipeline' retrieved from /opt/airflow/dags/dag_crime_pipeline.py
[2026-05-24T21:09:16.583+0000] {logging_mixin.py:188} INFO - [2026-05-24T21:09:16.582+0000] {dag.py:3036} INFO - Sync 1 DAGs
[2026-05-24T21:09:16.619+0000] {processor.py:183} INFO - Processing /opt/airflow/dags/dag_crime_pipeline.py took 0.113 seconds
[2026-05-24T21:09:46.744+0000] {processor.py:161} INFO - Started process (PID=777) to work on /opt/airflow/dags/dag_crime_pipeline.py
[2026-05-24T21:09:46.746+0000] {processor.py:830} INFO - Processing file /opt/airflow/dags/dag_crime_pipeline.py for tasks to queue
[2026-05-24T21:09:46.749+0000] {logging_mixin.py:188} INFO - [2026-05-24T21:09:46.748+0000] {dagbag.py:538} INFO - Filling up the DagBag from /opt/airflow/dags/dag_crime_pipeline.py
[2026-05-24T21:09:46.786+0000] {processor.py:840} INFO - DAG(s) 'crime_analytics_pipeline' retrieved from /opt/airflow/dags/dag_crime_pipeline.py
[2026-05-24T21:09:46.822+0000] {logging_mixin.py:188} INFO - [2026-05-24T21:09:46.822+0000] {dag.py:3036} INFO - Sync 1 DAGs
[2026-05-24T21:09:46.863+0000] {processor.py:183} INFO - Processing /opt/airflow/dags/dag_crime_pipeline.py took 0.124 seconds
[2026-05-24T21:10:17.073+0000] {processor.py:161} INFO - Started process (PID=782) to work on /opt/airflow/dags/dag_crime_pipeline.py
[2026-05-24T21:10:17.074+0000] {processor.py:830} INFO - Processing file /opt/airflow/dags/dag_crime_pipeline.py for tasks to queue
[2026-05-24T21:10:17.077+0000] {logging_mixin.py:188} INFO - [2026-05-24T21:10:17.077+0000] {dagbag.py:538} INFO - Filling up the DagBag from /opt/airflow/dags/dag_crime_pipeline.py
[2026-05-24T21:10:17.117+0000] {processor.py:840} INFO - DAG(s) 'crime_analytics_pipeline' retrieved from /opt/airflow/dags/dag_crime_pipeline.py
[2026-05-24T21:10:17.149+0000] {logging_mixin.py:188} INFO - [2026-05-24T21:10:17.149+0000] {dag.py:3036} INFO - Sync 1 DAGs
[2026-05-24T21:10:17.209+0000] {processor.py:183} INFO - Processing /opt/airflow/dags/dag_crime_pipeline.py took 0.141 seconds
[2026-05-24T21:10:47.307+0000] {processor.py:161} INFO - Started process (PID=787) to work on /opt/airflow/dags/dag_crime_pipeline.py
[2026-05-24T21:10:47.309+0000] {processor.py:830} INFO - Processing file /opt/airflow/dags/dag_crime_pipeline.py for tasks to queue
[2026-05-24T21:10:47.312+0000] {logging_mixin.py:188} INFO - [2026-05-24T21:10:47.311+0000] {dagbag.py:538} INFO - Filling up the DagBag from /opt/airflow/dags/dag_crime_pipeline.py
[2026-05-24T21:10:47.353+0000] {processor.py:840} INFO - DAG(s) 'crime_analytics_pipeline' retrieved from /opt/airflow/dags/dag_crime_pipeline.py
[2026-05-24T21:10:47.397+0000] {logging_mixin.py:188} INFO - [2026-05-24T21:10:47.397+0000] {dag.py:3036} INFO - Sync 1 DAGs
[2026-05-24T21:10:47.438+0000] {processor.py:183} INFO - Processing /opt/airflow/dags/dag_crime_pipeline.py took 0.136 seconds
[2026-05-24T21:11:17.581+0000] {processor.py:161} INFO - Started process (PID=792) to work on /opt/airflow/dags/dag_crime_pipeline.py
[2026-05-24T21:11:17.583+0000] {processor.py:830} INFO - Processing file /opt/airflow/dags/dag_crime_pipeline.py for tasks to queue
[2026-05-24T21:11:17.585+0000] {logging_mixin.py:188} INFO - [2026-05-24T21:11:17.585+0000] {dagbag.py:538} INFO - Filling up the DagBag from /opt/airflow/dags/dag_crime_pipeline.py
[2026-05-24T21:11:17.641+0000] {processor.py:840} INFO - DAG(s) 'crime_analytics_pipeline' retrieved from /opt/airflow/dags/dag_crime_pipeline.py
[2026-05-24T21:11:17.683+0000] {logging_mixin.py:188} INFO - [2026-05-24T21:11:17.683+0000] {dag.py:3036} INFO - Sync 1 DAGs
[2026-05-24T21:11:17.725+0000] {processor.py:183} INFO - Processing /opt/airflow/dags/dag_crime_pipeline.py took 0.148 seconds
[2026-05-24T21:11:47.864+0000] {processor.py:161} INFO - Started process (PID=821) to work on /opt/airflow/dags/dag_crime_pipeline.py
[2026-05-24T21:11:47.866+0000] {processor.py:830} INFO - Processing file /opt/airflow/dags/dag_crime_pipeline.py for tasks to queue
[2026-05-24T21:11:47.869+0000] {logging_mixin.py:188} INFO - [2026-05-24T21:11:47.868+0000] {dagbag.py:538} INFO - Filling up the DagBag from /opt/airflow/dags/dag_crime_pipeline.py
[2026-05-24T21:11:47.914+0000] {processor.py:840} INFO - DAG(s) 'crime_analytics_pipeline' retrieved from /opt/airflow/dags/dag_crime_pipeline.py
[2026-05-24T21:11:47.955+0000] {logging_mixin.py:188} INFO - [2026-05-24T21:11:47.955+0000] {dag.py:3036} INFO - Sync 1 DAGs
[2026-05-24T21:11:47.986+0000] {logging_mixin.py:188} INFO - [2026-05-24T21:11:47.986+0000] {dag.py:3823} INFO - Setting next_dagrun for crime_analytics_pipeline to 2026-05-23 19:00:00+00:00, run_after=2026-05-30 19:00:00+00:00
[2026-05-24T21:11:48.012+0000] {processor.py:183} INFO - Processing /opt/airflow/dags/dag_crime_pipeline.py took 0.155 seconds
[2026-05-24T21:12:18.129+0000] {processor.py:161} INFO - Started process (PID=826) to work on /opt/airflow/dags/dag_crime_pipeline.py
[2026-05-24T21:12:18.131+0000] {processor.py:830} INFO - Processing file /opt/airflow/dags/dag_crime_pipeline.py for tasks to queue
[2026-05-24T21:12:18.133+0000] {logging_mixin.py:188} INFO - [2026-05-24T21:12:18.133+0000] {dagbag.py:538} INFO - Filling up the DagBag from /opt/airflow/dags/dag_crime_pipeline.py
[2026-05-24T21:12:18.176+0000] {processor.py:840} INFO - DAG(s) 'crime_analytics_pipeline' retrieved from /opt/airflow/dags/dag_crime_pipeline.py
[2026-05-24T21:12:18.215+0000] {logging_mixin.py:188} INFO - [2026-05-24T21:12:18.214+0000] {dag.py:3036} INFO - Sync 1 DAGs
[2026-05-24T21:12:18.238+0000] {logging_mixin.py:188} INFO - [2026-05-24T21:12:18.238+0000] {dag.py:3823} INFO - Setting next_dagrun for crime_analytics_pipeline to 2026-05-23 19:00:00+00:00, run_after=2026-05-30 19:00:00+00:00
[2026-05-24T21:12:18.258+0000] {processor.py:183} INFO - Processing /opt/airflow/dags/dag_crime_pipeline.py took 0.133 seconds
[2026-05-24T21:12:48.385+0000] {processor.py:161} INFO - Started process (PID=831) to work on /opt/airflow/dags/dag_crime_pipeline.py
[2026-05-24T21:12:48.386+0000] {processor.py:830} INFO - Processing file /opt/airflow/dags/dag_crime_pipeline.py for tasks to queue
[2026-05-24T21:12:48.389+0000] {logging_mixin.py:188} INFO - [2026-05-24T21:12:48.389+0000] {dagbag.py:538} INFO - Filling up the DagBag from /opt/airflow/dags/dag_crime_pipeline.py
[2026-05-24T21:12:48.427+0000] {processor.py:840} INFO - DAG(s) 'crime_analytics_pipeline' retrieved from /opt/airflow/dags/dag_crime_pipeline.py
[2026-05-24T21:12:48.465+0000] {logging_mixin.py:188} INFO - [2026-05-24T21:12:48.464+0000] {dag.py:3036} INFO - Sync 1 DAGs
[2026-05-24T21:12:48.489+0000] {logging_mixin.py:188} INFO - [2026-05-24T21:12:48.489+0000] {dag.py:3823} INFO - Setting next_dagrun for crime_analytics_pipeline to 2026-05-23 19:00:00+00:00, run_after=2026-05-30 19:00:00+00:00
[2026-05-24T21:12:48.513+0000] {processor.py:183} INFO - Processing /opt/airflow/dags/dag_crime_pipeline.py took 0.132 seconds
[2026-05-24T21:13:18.754+0000] {processor.py:161} INFO - Started process (PID=836) to work on /opt/airflow/dags/dag_crime_pipeline.py
[2026-05-24T21:13:18.757+0000] {processor.py:830} INFO - Processing file /opt/airflow/dags/dag_crime_pipeline.py for tasks to queue
[2026-05-24T21:13:18.760+0000] {logging_mixin.py:188} INFO - [2026-05-24T21:13:18.759+0000] {dagbag.py:538} INFO - Filling up the DagBag from /opt/airflow/dags/dag_crime_pipeline.py
[2026-05-24T21:13:18.803+0000] {processor.py:840} INFO - DAG(s) 'crime_analytics_pipeline' retrieved from /opt/airflow/dags/dag_crime_pipeline.py
[2026-05-24T21:13:18.838+0000] {logging_mixin.py:188} INFO - [2026-05-24T21:13:18.838+0000] {dag.py:3036} INFO - Sync 1 DAGs
[2026-05-24T21:13:18.865+0000] {logging_mixin.py:188} INFO - [2026-05-24T21:13:18.864+0000] {dag.py:3823} INFO - Setting next_dagrun for crime_analytics_pipeline to 2026-05-23 19:00:00+00:00, run_after=2026-05-30 19:00:00+00:00
[2026-05-24T21:13:18.888+0000] {processor.py:183} INFO - Processing /opt/airflow/dags/dag_crime_pipeline.py took 0.140 seconds
[2026-05-24T21:13:49.038+0000] {processor.py:161} INFO - Started process (PID=879) to work on /opt/airflow/dags/dag_crime_pipeline.py
[2026-05-24T21:13:49.040+0000] {processor.py:830} INFO - Processing file /opt/airflow/dags/dag_crime_pipeline.py for tasks to queue
[2026-05-24T21:13:49.043+0000] {logging_mixin.py:188} INFO - [2026-05-24T21:13:49.042+0000] {dagbag.py:538} INFO - Filling up the DagBag from /opt/airflow/dags/dag_crime_pipeline.py
[2026-05-24T21:13:49.088+0000] {processor.py:840} INFO - DAG(s) 'crime_analytics_pipeline' retrieved from /opt/airflow/dags/dag_crime_pipeline.py
[2026-05-24T21:13:49.128+0000] {logging_mixin.py:188} INFO - [2026-05-24T21:13:49.128+0000] {dag.py:3036} INFO - Sync 1 DAGs
[2026-05-24T21:13:49.191+0000] {processor.py:183} INFO - Processing /opt/airflow/dags/dag_crime_pipeline.py took 0.158 seconds
[2026-05-24T21:14:19.317+0000] {processor.py:161} INFO - Started process (PID=891) to work on /opt/airflow/dags/dag_crime_pipeline.py
[2026-05-24T21:14:19.318+0000] {processor.py:830} INFO - Processing file /opt/airflow/dags/dag_crime_pipeline.py for tasks to queue
[2026-05-24T21:14:19.321+0000] {logging_mixin.py:188} INFO - [2026-05-24T21:14:19.321+0000] {dagbag.py:538} INFO - Filling up the DagBag from /opt/airflow/dags/dag_crime_pipeline.py
[2026-05-24T21:14:19.360+0000] {processor.py:840} INFO - DAG(s) 'crime_analytics_pipeline' retrieved from /opt/airflow/dags/dag_crime_pipeline.py
[2026-05-24T21:14:19.398+0000] {logging_mixin.py:188} INFO - [2026-05-24T21:14:19.397+0000] {dag.py:3036} INFO - Sync 1 DAGs
[2026-05-24T21:14:19.447+0000] {processor.py:183} INFO - Processing /opt/airflow/dags/dag_crime_pipeline.py took 0.136 seconds
[2026-05-24T21:14:49.517+0000] {processor.py:161} INFO - Started process (PID=901) to work on /opt/airflow/dags/dag_crime_pipeline.py
[2026-05-24T21:14:49.519+0000] {processor.py:830} INFO - Processing file /opt/airflow/dags/dag_crime_pipeline.py for tasks to queue
[2026-05-24T21:14:49.521+0000] {logging_mixin.py:188} INFO - [2026-05-24T21:14:49.521+0000] {dagbag.py:538} INFO - Filling up the DagBag from /opt/airflow/dags/dag_crime_pipeline.py
[2026-05-24T21:14:49.556+0000] {processor.py:840} INFO - DAG(s) 'crime_analytics_pipeline' retrieved from /opt/airflow/dags/dag_crime_pipeline.py
[2026-05-24T21:14:49.585+0000] {logging_mixin.py:188} INFO - [2026-05-24T21:14:49.585+0000] {dag.py:3036} INFO - Sync 1 DAGs
[2026-05-24T21:14:49.632+0000] {processor.py:183} INFO - Processing /opt/airflow/dags/dag_crime_pipeline.py took 0.118 seconds
[2026-05-24T21:15:19.731+0000] {processor.py:161} INFO - Started process (PID=911) to work on /opt/airflow/dags/dag_crime_pipeline.py
[2026-05-24T21:15:19.733+0000] {processor.py:830} INFO - Processing file /opt/airflow/dags/dag_crime_pipeline.py for tasks to queue
[2026-05-24T21:15:19.735+0000] {logging_mixin.py:188} INFO - [2026-05-24T21:15:19.734+0000] {dagbag.py:538} INFO - Filling up the DagBag from /opt/airflow/dags/dag_crime_pipeline.py
[2026-05-24T21:15:19.785+0000] {processor.py:840} INFO - DAG(s) 'crime_analytics_pipeline' retrieved from /opt/airflow/dags/dag_crime_pipeline.py
[2026-05-24T21:15:19.820+0000] {logging_mixin.py:188} INFO - [2026-05-24T21:15:19.820+0000] {dag.py:3036} INFO - Sync 1 DAGs
[2026-05-24T21:15:19.868+0000] {processor.py:183} INFO - Processing /opt/airflow/dags/dag_crime_pipeline.py took 0.141 seconds
[2026-05-24T21:15:49.986+0000] {processor.py:161} INFO - Started process (PID=921) to work on /opt/airflow/dags/dag_crime_pipeline.py
[2026-05-24T21:15:49.988+0000] {processor.py:830} INFO - Processing file /opt/airflow/dags/dag_crime_pipeline.py for tasks to queue
[2026-05-24T21:15:49.991+0000] {logging_mixin.py:188} INFO - [2026-05-24T21:15:49.991+0000] {dagbag.py:538} INFO - Filling up the DagBag from /opt/airflow/dags/dag_crime_pipeline.py
[2026-05-24T21:15:50.033+0000] {processor.py:840} INFO - DAG(s) 'crime_analytics_pipeline' retrieved from /opt/airflow/dags/dag_crime_pipeline.py
[2026-05-24T21:15:50.072+0000] {logging_mixin.py:188} INFO - [2026-05-24T21:15:50.071+0000] {dag.py:3036} INFO - Sync 1 DAGs
[2026-05-24T21:15:50.124+0000] {processor.py:183} INFO - Processing /opt/airflow/dags/dag_crime_pipeline.py took 0.141 seconds
[2026-05-24T21:16:20.258+0000] {processor.py:161} INFO - Started process (PID=929) to work on /opt/airflow/dags/dag_crime_pipeline.py
[2026-05-24T21:16:20.259+0000] {processor.py:830} INFO - Processing file /opt/airflow/dags/dag_crime_pipeline.py for tasks to queue
[2026-05-24T21:16:20.262+0000] {logging_mixin.py:188} INFO - [2026-05-24T21:16:20.262+0000] {dagbag.py:538} INFO - Filling up the DagBag from /opt/airflow/dags/dag_crime_pipeline.py
[2026-05-24T21:16:20.300+0000] {processor.py:840} INFO - DAG(s) 'crime_analytics_pipeline' retrieved from /opt/airflow/dags/dag_crime_pipeline.py
[2026-05-24T21:16:20.338+0000] {logging_mixin.py:188} INFO - [2026-05-24T21:16:20.337+0000] {dag.py:3036} INFO - Sync 1 DAGs
[2026-05-24T21:16:20.388+0000] {processor.py:183} INFO - Processing /opt/airflow/dags/dag_crime_pipeline.py took 0.135 seconds
[2026-05-24T21:16:50.536+0000] {processor.py:161} INFO - Started process (PID=937) to work on /opt/airflow/dags/dag_crime_pipeline.py
[2026-05-24T21:16:50.537+0000] {processor.py:830} INFO - Processing file /opt/airflow/dags/dag_crime_pipeline.py for tasks to queue
[2026-05-24T21:16:50.540+0000] {logging_mixin.py:188} INFO - [2026-05-24T21:16:50.540+0000] {dagbag.py:538} INFO - Filling up the DagBag from /opt/airflow/dags/dag_crime_pipeline.py
[2026-05-24T21:16:50.584+0000] {processor.py:840} INFO - DAG(s) 'crime_analytics_pipeline' retrieved from /opt/airflow/dags/dag_crime_pipeline.py
[2026-05-24T21:16:50.628+0000] {logging_mixin.py:188} INFO - [2026-05-24T21:16:50.628+0000] {dag.py:3036} INFO - Sync 1 DAGs
[2026-05-24T21:16:50.699+0000] {processor.py:183} INFO - Processing /opt/airflow/dags/dag_crime_pipeline.py took 0.168 seconds
[2026-05-24T21:17:20.847+0000] {processor.py:161} INFO - Started process (PID=947) to work on /opt/airflow/dags/dag_crime_pipeline.py
[2026-05-24T21:17:20.849+0000] {processor.py:830} INFO - Processing file /opt/airflow/dags/dag_crime_pipeline.py for tasks to queue
[2026-05-24T21:17:20.852+0000] {logging_mixin.py:188} INFO - [2026-05-24T21:17:20.851+0000] {dagbag.py:538} INFO - Filling up the DagBag from /opt/airflow/dags/dag_crime_pipeline.py
[2026-05-24T21:17:20.892+0000] {processor.py:840} INFO - DAG(s) 'crime_analytics_pipeline' retrieved from /opt/airflow/dags/dag_crime_pipeline.py
[2026-05-24T21:17:20.924+0000] {logging_mixin.py:188} INFO - [2026-05-24T21:17:20.923+0000] {dag.py:3036} INFO - Sync 1 DAGs
[2026-05-24T21:17:20.991+0000] {processor.py:183} INFO - Processing /opt/airflow/dags/dag_crime_pipeline.py took 0.149 seconds
[2026-05-24T21:17:51.114+0000] {processor.py:161} INFO - Started process (PID=954) to work on /opt/airflow/dags/dag_crime_pipeline.py
[2026-05-24T21:17:51.116+0000] {processor.py:830} INFO - Processing file /opt/airflow/dags/dag_crime_pipeline.py for tasks to queue
[2026-05-24T21:17:51.119+0000] {logging_mixin.py:188} INFO - [2026-05-24T21:17:51.118+0000] {dagbag.py:538} INFO - Filling up the DagBag from /opt/airflow/dags/dag_crime_pipeline.py
[2026-05-24T21:17:51.158+0000] {processor.py:840} INFO - DAG(s) 'crime_analytics_pipeline' retrieved from /opt/airflow/dags/dag_crime_pipeline.py
[2026-05-24T21:17:51.198+0000] {logging_mixin.py:188} INFO - [2026-05-24T21:17:51.198+0000] {dag.py:3036} INFO - Sync 1 DAGs
[2026-05-24T21:17:51.247+0000] {processor.py:183} INFO - Processing /opt/airflow/dags/dag_crime_pipeline.py took 0.137 seconds
[2026-05-24T21:18:21.405+0000] {processor.py:161} INFO - Started process (PID=962) to work on /opt/airflow/dags/dag_crime_pipeline.py
[2026-05-24T21:18:21.406+0000] {processor.py:830} INFO - Processing file /opt/airflow/dags/dag_crime_pipeline.py for tasks to queue
[2026-05-24T21:18:21.408+0000] {logging_mixin.py:188} INFO - [2026-05-24T21:18:21.408+0000] {dagbag.py:538} INFO - Filling up the DagBag from /opt/airflow/dags/dag_crime_pipeline.py
[2026-05-24T21:18:21.449+0000] {processor.py:840} INFO - DAG(s) 'crime_analytics_pipeline' retrieved from /opt/airflow/dags/dag_crime_pipeline.py
[2026-05-24T21:18:21.498+0000] {logging_mixin.py:188} INFO - [2026-05-24T21:18:21.498+0000] {dag.py:3036} INFO - Sync 1 DAGs
[2026-05-24T21:18:21.539+0000] {processor.py:183} INFO - Processing /opt/airflow/dags/dag_crime_pipeline.py took 0.138 seconds
[2026-05-24T21:18:51.714+0000] {processor.py:161} INFO - Started process (PID=1049) to work on /opt/airflow/dags/dag_crime_pipeline.py
[2026-05-24T21:18:51.716+0000] {processor.py:830} INFO - Processing file /opt/airflow/dags/dag_crime_pipeline.py for tasks to queue
[2026-05-24T21:18:51.720+0000] {logging_mixin.py:188} INFO - [2026-05-24T21:18:51.719+0000] {dagbag.py:538} INFO - Filling up the DagBag from /opt/airflow/dags/dag_crime_pipeline.py
[2026-05-24T21:18:51.768+0000] {processor.py:840} INFO - DAG(s) 'crime_analytics_pipeline' retrieved from /opt/airflow/dags/dag_crime_pipeline.py
[2026-05-24T21:18:51.814+0000] {logging_mixin.py:188} INFO - [2026-05-24T21:18:51.813+0000] {dag.py:3036} INFO - Sync 1 DAGs
[2026-05-24T21:18:51.908+0000] {processor.py:183} INFO - Processing /opt/airflow/dags/dag_crime_pipeline.py took 0.199 seconds
[2026-05-24T21:19:22.148+0000] {processor.py:161} INFO - Started process (PID=1063) to work on /opt/airflow/dags/dag_crime_pipeline.py
[2026-05-24T21:19:22.166+0000] {processor.py:830} INFO - Processing file /opt/airflow/dags/dag_crime_pipeline.py for tasks to queue
[2026-05-24T21:19:22.171+0000] {logging_mixin.py:188} INFO - [2026-05-24T21:19:22.170+0000] {dagbag.py:538} INFO - Filling up the DagBag from /opt/airflow/dags/dag_crime_pipeline.py
[2026-05-24T21:19:22.223+0000] {processor.py:840} INFO - DAG(s) 'crime_analytics_pipeline' retrieved from /opt/airflow/dags/dag_crime_pipeline.py
[2026-05-24T21:19:22.270+0000] {logging_mixin.py:188} INFO - [2026-05-24T21:19:22.269+0000] {dag.py:3036} INFO - Sync 1 DAGs
[2026-05-24T21:19:22.329+0000] {processor.py:183} INFO - Processing /opt/airflow/dags/dag_crime_pipeline.py took 0.185 seconds
[2026-05-24T21:19:52.478+0000] {processor.py:161} INFO - Started process (PID=1072) to work on /opt/airflow/dags/dag_crime_pipeline.py
[2026-05-24T21:19:52.480+0000] {processor.py:830} INFO - Processing file /opt/airflow/dags/dag_crime_pipeline.py for tasks to queue
[2026-05-24T21:19:52.483+0000] {logging_mixin.py:188} INFO - [2026-05-24T21:19:52.482+0000] {dagbag.py:538} INFO - Filling up the DagBag from /opt/airflow/dags/dag_crime_pipeline.py
[2026-05-24T21:19:52.522+0000] {processor.py:840} INFO - DAG(s) 'crime_analytics_pipeline' retrieved from /opt/airflow/dags/dag_crime_pipeline.py
[2026-05-24T21:19:52.555+0000] {logging_mixin.py:188} INFO - [2026-05-24T21:19:52.555+0000] {dag.py:3036} INFO - Sync 1 DAGs
[2026-05-24T21:19:52.594+0000] {processor.py:183} INFO - Processing /opt/airflow/dags/dag_crime_pipeline.py took 0.120 seconds
[2026-05-24T21:20:22.759+0000] {processor.py:161} INFO - Started process (PID=1077) to work on /opt/airflow/dags/dag_crime_pipeline.py
[2026-05-24T21:20:22.760+0000] {processor.py:830} INFO - Processing file /opt/airflow/dags/dag_crime_pipeline.py for tasks to queue
[2026-05-24T21:20:22.763+0000] {logging_mixin.py:188} INFO - [2026-05-24T21:20:22.763+0000] {dagbag.py:538} INFO - Filling up the DagBag from /opt/airflow/dags/dag_crime_pipeline.py
[2026-05-24T21:20:22.802+0000] {processor.py:840} INFO - DAG(s) 'crime_analytics_pipeline' retrieved from /opt/airflow/dags/dag_crime_pipeline.py
[2026-05-24T21:20:22.837+0000] {logging_mixin.py:188} INFO - [2026-05-24T21:20:22.836+0000] {dag.py:3036} INFO - Sync 1 DAGs
[2026-05-24T21:20:22.900+0000] {processor.py:183} INFO - Processing /opt/airflow/dags/dag_crime_pipeline.py took 0.145 seconds
[2026-05-24T21:20:53.126+0000] {processor.py:161} INFO - Started process (PID=1082) to work on /opt/airflow/dags/dag_crime_pipeline.py
[2026-05-24T21:20:53.128+0000] {processor.py:830} INFO - Processing file /opt/airflow/dags/dag_crime_pipeline.py for tasks to queue
[2026-05-24T21:20:53.131+0000] {logging_mixin.py:188} INFO - [2026-05-24T21:20:53.131+0000] {dagbag.py:538} INFO - Filling up the DagBag from /opt/airflow/dags/dag_crime_pipeline.py
[2026-05-24T21:20:53.180+0000] {processor.py:840} INFO - DAG(s) 'crime_analytics_pipeline' retrieved from /opt/airflow/dags/dag_crime_pipeline.py
[2026-05-24T21:20:53.225+0000] {logging_mixin.py:188} INFO - [2026-05-24T21:20:53.224+0000] {dag.py:3036} INFO - Sync 1 DAGs
[2026-05-24T21:20:53.301+0000] {processor.py:183} INFO - Processing /opt/airflow/dags/dag_crime_pipeline.py took 0.180 seconds
[2026-05-24T21:21:23.472+0000] {processor.py:161} INFO - Started process (PID=1087) to work on /opt/airflow/dags/dag_crime_pipeline.py
[2026-05-24T21:21:23.474+0000] {processor.py:830} INFO - Processing file /opt/airflow/dags/dag_crime_pipeline.py for tasks to queue
[2026-05-24T21:21:23.476+0000] {logging_mixin.py:188} INFO - [2026-05-24T21:21:23.476+0000] {dagbag.py:538} INFO - Filling up the DagBag from /opt/airflow/dags/dag_crime_pipeline.py
[2026-05-24T21:21:23.522+0000] {processor.py:840} INFO - DAG(s) 'crime_analytics_pipeline' retrieved from /opt/airflow/dags/dag_crime_pipeline.py
[2026-05-24T21:21:23.567+0000] {logging_mixin.py:188} INFO - [2026-05-24T21:21:23.566+0000] {dag.py:3036} INFO - Sync 1 DAGs
[2026-05-24T21:21:23.628+0000] {processor.py:183} INFO - Processing /opt/airflow/dags/dag_crime_pipeline.py took 0.161 seconds
[2026-05-24T21:21:53.772+0000] {processor.py:161} INFO - Started process (PID=1092) to work on /opt/airflow/dags/dag_crime_pipeline.py
[2026-05-24T21:21:53.774+0000] {processor.py:830} INFO - Processing file /opt/airflow/dags/dag_crime_pipeline.py for tasks to queue
[2026-05-24T21:21:53.777+0000] {logging_mixin.py:188} INFO - [2026-05-24T21:21:53.777+0000] {dagbag.py:538} INFO - Filling up the DagBag from /opt/airflow/dags/dag_crime_pipeline.py
[2026-05-24T21:21:53.821+0000] {processor.py:840} INFO - DAG(s) 'crime_analytics_pipeline' retrieved from /opt/airflow/dags/dag_crime_pipeline.py
[2026-05-24T21:21:53.862+0000] {logging_mixin.py:188} INFO - [2026-05-24T21:21:53.861+0000] {dag.py:3036} INFO - Sync 1 DAGs
[2026-05-24T21:21:53.930+0000] {processor.py:183} INFO - Processing /opt/airflow/dags/dag_crime_pipeline.py took 0.162 seconds
[2026-05-24T21:22:24.077+0000] {processor.py:161} INFO - Started process (PID=1097) to work on /opt/airflow/dags/dag_crime_pipeline.py
[2026-05-24T21:22:24.080+0000] {processor.py:830} INFO - Processing file /opt/airflow/dags/dag_crime_pipeline.py for tasks to queue
[2026-05-24T21:22:24.083+0000] {logging_mixin.py:188} INFO - [2026-05-24T21:22:24.082+0000] {dagbag.py:538} INFO - Filling up the DagBag from /opt/airflow/dags/dag_crime_pipeline.py
[2026-05-24T21:22:24.123+0000] {processor.py:840} INFO - DAG(s) 'crime_analytics_pipeline' retrieved from /opt/airflow/dags/dag_crime_pipeline.py
[2026-05-24T21:22:24.169+0000] {logging_mixin.py:188} INFO - [2026-05-24T21:22:24.168+0000] {dag.py:3036} INFO - Sync 1 DAGs
[2026-05-24T21:22:24.220+0000] {processor.py:183} INFO - Processing /opt/airflow/dags/dag_crime_pipeline.py took 0.147 seconds
[2026-05-24T21:22:54.360+0000] {processor.py:161} INFO - Started process (PID=1102) to work on /opt/airflow/dags/dag_crime_pipeline.py
[2026-05-24T21:22:54.362+0000] {processor.py:830} INFO - Processing file /opt/airflow/dags/dag_crime_pipeline.py for tasks to queue
[2026-05-24T21:22:54.365+0000] {logging_mixin.py:188} INFO - [2026-05-24T21:22:54.364+0000] {dagbag.py:538} INFO - Filling up the DagBag from /opt/airflow/dags/dag_crime_pipeline.py
[2026-05-24T21:22:54.418+0000] {processor.py:840} INFO - DAG(s) 'crime_analytics_pipeline' retrieved from /opt/airflow/dags/dag_crime_pipeline.py
[2026-05-24T21:22:54.453+0000] {logging_mixin.py:188} INFO - [2026-05-24T21:22:54.453+0000] {dag.py:3036} INFO - Sync 1 DAGs
[2026-05-24T21:22:54.496+0000] {processor.py:183} INFO - Processing /opt/airflow/dags/dag_crime_pipeline.py took 0.141 seconds
[2026-05-24T21:23:24.688+0000] {processor.py:161} INFO - Started process (PID=1107) to work on /opt/airflow/dags/dag_crime_pipeline.py
[2026-05-24T21:23:24.689+0000] {processor.py:830} INFO - Processing file /opt/airflow/dags/dag_crime_pipeline.py for tasks to queue
[2026-05-24T21:23:24.692+0000] {logging_mixin.py:188} INFO - [2026-05-24T21:23:24.692+0000] {dagbag.py:538} INFO - Filling up the DagBag from /opt/airflow/dags/dag_crime_pipeline.py
[2026-05-24T21:23:24.730+0000] {processor.py:840} INFO - DAG(s) 'crime_analytics_pipeline' retrieved from /opt/airflow/dags/dag_crime_pipeline.py
[2026-05-24T21:23:24.771+0000] {logging_mixin.py:188} INFO - [2026-05-24T21:23:24.771+0000] {dag.py:3036} INFO - Sync 1 DAGs
[2026-05-24T21:23:24.817+0000] {processor.py:183} INFO - Processing /opt/airflow/dags/dag_crime_pipeline.py took 0.134 seconds
[2026-05-24T21:23:54.977+0000] {processor.py:161} INFO - Started process (PID=1136) to work on /opt/airflow/dags/dag_crime_pipeline.py
[2026-05-24T21:23:54.978+0000] {processor.py:830} INFO - Processing file /opt/airflow/dags/dag_crime_pipeline.py for tasks to queue
[2026-05-24T21:23:54.981+0000] {logging_mixin.py:188} INFO - [2026-05-24T21:23:54.981+0000] {dagbag.py:538} INFO - Filling up the DagBag from /opt/airflow/dags/dag_crime_pipeline.py
[2026-05-24T21:23:55.020+0000] {processor.py:840} INFO - DAG(s) 'crime_analytics_pipeline' retrieved from /opt/airflow/dags/dag_crime_pipeline.py
[2026-05-24T21:23:55.052+0000] {logging_mixin.py:188} INFO - [2026-05-24T21:23:55.051+0000] {dag.py:3036} INFO - Sync 1 DAGs
[2026-05-24T21:23:55.095+0000] {processor.py:183} INFO - Processing /opt/airflow/dags/dag_crime_pipeline.py took 0.123 seconds
[2026-05-24T21:24:25.287+0000] {processor.py:161} INFO - Started process (PID=1141) to work on /opt/airflow/dags/dag_crime_pipeline.py
[2026-05-24T21:24:25.288+0000] {processor.py:830} INFO - Processing file /opt/airflow/dags/dag_crime_pipeline.py for tasks to queue
[2026-05-24T21:24:25.291+0000] {logging_mixin.py:188} INFO - [2026-05-24T21:24:25.290+0000] {dagbag.py:538} INFO - Filling up the DagBag from /opt/airflow/dags/dag_crime_pipeline.py
[2026-05-24T21:24:25.330+0000] {processor.py:840} INFO - DAG(s) 'crime_analytics_pipeline' retrieved from /opt/airflow/dags/dag_crime_pipeline.py
[2026-05-24T21:24:25.367+0000] {logging_mixin.py:188} INFO - [2026-05-24T21:24:25.366+0000] {dag.py:3036} INFO - Sync 1 DAGs
[2026-05-24T21:24:25.411+0000] {processor.py:183} INFO - Processing /opt/airflow/dags/dag_crime_pipeline.py took 0.130 seconds
[2026-05-24T21:24:55.556+0000] {processor.py:161} INFO - Started process (PID=1148) to work on /opt/airflow/dags/dag_crime_pipeline.py
[2026-05-24T21:24:55.558+0000] {processor.py:830} INFO - Processing file /opt/airflow/dags/dag_crime_pipeline.py for tasks to queue
[2026-05-24T21:24:55.561+0000] {logging_mixin.py:188} INFO - [2026-05-24T21:24:55.561+0000] {dagbag.py:538} INFO - Filling up the DagBag from /opt/airflow/dags/dag_crime_pipeline.py
[2026-05-24T21:24:55.602+0000] {processor.py:840} INFO - DAG(s) 'crime_analytics_pipeline' retrieved from /opt/airflow/dags/dag_crime_pipeline.py
[2026-05-24T21:24:55.631+0000] {logging_mixin.py:188} INFO - [2026-05-24T21:24:55.631+0000] {dag.py:3036} INFO - Sync 1 DAGs
[2026-05-24T21:24:55.656+0000] {logging_mixin.py:188} INFO - [2026-05-24T21:24:55.656+0000] {dag.py:3823} INFO - Setting next_dagrun for crime_analytics_pipeline to 2026-05-23 19:00:00+00:00, run_after=2026-05-30 19:00:00+00:00
[2026-05-24T21:24:55.695+0000] {processor.py:183} INFO - Processing /opt/airflow/dags/dag_crime_pipeline.py took 0.143 seconds
[2026-05-24T21:25:25.840+0000] {processor.py:161} INFO - Started process (PID=1153) to work on /opt/airflow/dags/dag_crime_pipeline.py
[2026-05-24T21:25:25.842+0000] {processor.py:830} INFO - Processing file /opt/airflow/dags/dag_crime_pipeline.py for tasks to queue
[2026-05-24T21:25:25.845+0000] {logging_mixin.py:188} INFO - [2026-05-24T21:25:25.844+0000] {dagbag.py:538} INFO - Filling up the DagBag from /opt/airflow/dags/dag_crime_pipeline.py
[2026-05-24T21:25:25.880+0000] {processor.py:840} INFO - DAG(s) 'crime_analytics_pipeline' retrieved from /opt/airflow/dags/dag_crime_pipeline.py
[2026-05-24T21:25:25.909+0000] {logging_mixin.py:188} INFO - [2026-05-24T21:25:25.909+0000] {dag.py:3036} INFO - Sync 1 DAGs
[2026-05-24T21:25:25.931+0000] {logging_mixin.py:188} INFO - [2026-05-24T21:25:25.931+0000] {dag.py:3823} INFO - Setting next_dagrun for crime_analytics_pipeline to 2026-05-23 19:00:00+00:00, run_after=2026-05-30 19:00:00+00:00
[2026-05-24T21:25:25.969+0000] {processor.py:183} INFO - Processing /opt/airflow/dags/dag_crime_pipeline.py took 0.133 seconds
[2026-05-24T21:25:56.134+0000] {processor.py:161} INFO - Started process (PID=1158) to work on /opt/airflow/dags/dag_crime_pipeline.py
[2026-05-24T21:25:56.136+0000] {processor.py:830} INFO - Processing file /opt/airflow/dags/dag_crime_pipeline.py for tasks to queue
[2026-05-24T21:25:56.138+0000] {logging_mixin.py:188} INFO - [2026-05-24T21:25:56.137+0000] {dagbag.py:538} INFO - Filling up the DagBag from /opt/airflow/dags/dag_crime_pipeline.py
[2026-05-24T21:25:56.177+0000] {processor.py:840} INFO - DAG(s) 'crime_analytics_pipeline' retrieved from /opt/airflow/dags/dag_crime_pipeline.py
[2026-05-24T21:25:56.208+0000] {logging_mixin.py:188} INFO - [2026-05-24T21:25:56.207+0000] {dag.py:3036} INFO - Sync 1 DAGs
[2026-05-24T21:25:56.232+0000] {logging_mixin.py:188} INFO - [2026-05-24T21:25:56.232+0000] {dag.py:3823} INFO - Setting next_dagrun for crime_analytics_pipeline to 2026-05-23 19:00:00+00:00, run_after=2026-05-30 19:00:00+00:00
[2026-05-24T21:25:56.269+0000] {processor.py:183} INFO - Processing /opt/airflow/dags/dag_crime_pipeline.py took 0.139 seconds
[2026-05-24T21:26:26.453+0000] {processor.py:161} INFO - Started process (PID=1163) to work on /opt/airflow/dags/dag_crime_pipeline.py
[2026-05-24T21:26:26.454+0000] {processor.py:830} INFO - Processing file /opt/airflow/dags/dag_crime_pipeline.py for tasks to queue
[2026-05-24T21:26:26.457+0000] {logging_mixin.py:188} INFO - [2026-05-24T21:26:26.456+0000] {dagbag.py:538} INFO - Filling up the DagBag from /opt/airflow/dags/dag_crime_pipeline.py
[2026-05-24T21:26:26.496+0000] {processor.py:840} INFO - DAG(s) 'crime_analytics_pipeline' retrieved from /opt/airflow/dags/dag_crime_pipeline.py
[2026-05-24T21:26:26.529+0000] {logging_mixin.py:188} INFO - [2026-05-24T21:26:26.529+0000] {dag.py:3036} INFO - Sync 1 DAGs
[2026-05-24T21:26:26.552+0000] {logging_mixin.py:188} INFO - [2026-05-24T21:26:26.552+0000] {dag.py:3823} INFO - Setting next_dagrun for crime_analytics_pipeline to 2026-05-23 19:00:00+00:00, run_after=2026-05-30 19:00:00+00:00
[2026-05-24T21:26:26.572+0000] {processor.py:183} INFO - Processing /opt/airflow/dags/dag_crime_pipeline.py took 0.123 seconds
[2026-05-24T21:26:56.685+0000] {processor.py:161} INFO - Started process (PID=1168) to work on /opt/airflow/dags/dag_crime_pipeline.py
[2026-05-24T21:26:56.687+0000] {processor.py:830} INFO - Processing file /opt/airflow/dags/dag_crime_pipeline.py for tasks to queue
[2026-05-24T21:26:56.691+0000] {logging_mixin.py:188} INFO - [2026-05-24T21:26:56.690+0000] {dagbag.py:538} INFO - Filling up the DagBag from /opt/airflow/dags/dag_crime_pipeline.py
[2026-05-24T21:26:56.727+0000] {processor.py:840} INFO - DAG(s) 'crime_analytics_pipeline' retrieved from /opt/airflow/dags/dag_crime_pipeline.py
[2026-05-24T21:26:56.759+0000] {logging_mixin.py:188} INFO - [2026-05-24T21:26:56.759+0000] {dag.py:3036} INFO - Sync 1 DAGs
[2026-05-24T21:26:56.787+0000] {logging_mixin.py:188} INFO - [2026-05-24T21:26:56.787+0000] {dag.py:3823} INFO - Setting next_dagrun for crime_analytics_pipeline to 2026-05-23 19:00:00+00:00, run_after=2026-05-30 19:00:00+00:00
[2026-05-24T21:26:56.809+0000] {processor.py:183} INFO - Processing /opt/airflow/dags/dag_crime_pipeline.py took 0.129 seconds
[2026-05-24T21:27:26.965+0000] {processor.py:161} INFO - Started process (PID=1173) to work on /opt/airflow/dags/dag_crime_pipeline.py
[2026-05-24T21:27:26.966+0000] {processor.py:830} INFO - Processing file /opt/airflow/dags/dag_crime_pipeline.py for tasks to queue
[2026-05-24T21:27:26.969+0000] {logging_mixin.py:188} INFO - [2026-05-24T21:27:26.969+0000] {dagbag.py:538} INFO - Filling up the DagBag from /opt/airflow/dags/dag_crime_pipeline.py
[2026-05-24T21:27:27.007+0000] {processor.py:840} INFO - DAG(s) 'crime_analytics_pipeline' retrieved from /opt/airflow/dags/dag_crime_pipeline.py
[2026-05-24T21:27:27.040+0000] {logging_mixin.py:188} INFO - [2026-05-24T21:27:27.039+0000] {dag.py:3036} INFO - Sync 1 DAGs
[2026-05-24T21:27:27.063+0000] {logging_mixin.py:188} INFO - [2026-05-24T21:27:27.062+0000] {dag.py:3823} INFO - Setting next_dagrun for crime_analytics_pipeline to 2026-05-23 19:00:00+00:00, run_after=2026-05-30 19:00:00+00:00
[2026-05-24T21:27:27.084+0000] {processor.py:183} INFO - Processing /opt/airflow/dags/dag_crime_pipeline.py took 0.125 seconds
[2026-05-24T21:27:57.222+0000] {processor.py:161} INFO - Started process (PID=1178) to work on /opt/airflow/dags/dag_crime_pipeline.py
[2026-05-24T21:27:57.224+0000] {processor.py:830} INFO - Processing file /opt/airflow/dags/dag_crime_pipeline.py for tasks to queue
[2026-05-24T21:27:57.227+0000] {logging_mixin.py:188} INFO - [2026-05-24T21:27:57.226+0000] {dagbag.py:538} INFO - Filling up the DagBag from /opt/airflow/dags/dag_crime_pipeline.py
[2026-05-24T21:27:57.266+0000] {processor.py:840} INFO - DAG(s) 'crime_analytics_pipeline' retrieved from /opt/airflow/dags/dag_crime_pipeline.py
[2026-05-24T21:27:57.301+0000] {logging_mixin.py:188} INFO - [2026-05-24T21:27:57.300+0000] {dag.py:3036} INFO - Sync 1 DAGs
[2026-05-24T21:27:57.325+0000] {logging_mixin.py:188} INFO - [2026-05-24T21:27:57.325+0000] {dag.py:3823} INFO - Setting next_dagrun for crime_analytics_pipeline to 2026-05-23 19:00:00+00:00, run_after=2026-05-30 19:00:00+00:00
[2026-05-24T21:27:57.345+0000] {processor.py:183} INFO - Processing /opt/airflow/dags/dag_crime_pipeline.py took 0.127 seconds
