[2026-06-11T15:52:42.160+0000] {processor.py:161} INFO - Started process (PID=189) to work on /opt/airflow/dags/dag_crime_pipeline.py
[2026-06-11T15:52:42.162+0000] {processor.py:830} INFO - Processing file /opt/airflow/dags/dag_crime_pipeline.py for tasks to queue
[2026-06-11T15:52:42.164+0000] {logging_mixin.py:188} INFO - [2026-06-11T15:52:42.163+0000] {dagbag.py:538} INFO - Filling up the DagBag from /opt/airflow/dags/dag_crime_pipeline.py
[2026-06-11T15:52:42.216+0000] {processor.py:840} INFO - DAG(s) 'crime_analytics_pipeline' retrieved from /opt/airflow/dags/dag_crime_pipeline.py
[2026-06-11T15:52:42.234+0000] {logging_mixin.py:188} INFO - [2026-06-11T15:52:42.234+0000] {dag.py:3036} INFO - Sync 1 DAGs
[2026-06-11T15:52:42.271+0000] {logging_mixin.py:188} INFO - [2026-06-11T15:52:42.271+0000] {dag.py:3823} INFO - Setting next_dagrun for crime_analytics_pipeline to 2026-06-06 19:00:00+00:00, run_after=2026-06-13 19:00:00+00:00
[2026-06-11T15:52:42.297+0000] {processor.py:183} INFO - Processing /opt/airflow/dags/dag_crime_pipeline.py took 0.143 seconds
[2026-06-11T15:53:12.480+0000] {processor.py:161} INFO - Started process (PID=194) to work on /opt/airflow/dags/dag_crime_pipeline.py
[2026-06-11T15:53:12.482+0000] {processor.py:830} INFO - Processing file /opt/airflow/dags/dag_crime_pipeline.py for tasks to queue
[2026-06-11T15:53:12.485+0000] {logging_mixin.py:188} INFO - [2026-06-11T15:53:12.485+0000] {dagbag.py:538} INFO - Filling up the DagBag from /opt/airflow/dags/dag_crime_pipeline.py
[2026-06-11T15:53:12.534+0000] {processor.py:840} INFO - DAG(s) 'crime_analytics_pipeline' retrieved from /opt/airflow/dags/dag_crime_pipeline.py
[2026-06-11T15:53:12.760+0000] {logging_mixin.py:188} INFO - [2026-06-11T15:53:12.759+0000] {dag.py:3036} INFO - Sync 1 DAGs
[2026-06-11T15:53:13.088+0000] {logging_mixin.py:188} INFO - [2026-06-11T15:53:13.086+0000] {dag.py:3823} INFO - Setting next_dagrun for crime_analytics_pipeline to 2026-06-06 19:00:00+00:00, run_after=2026-06-13 19:00:00+00:00
[2026-06-11T15:53:13.130+0000] {processor.py:183} INFO - Processing /opt/airflow/dags/dag_crime_pipeline.py took 0.655 seconds
[2026-06-11T15:53:43.594+0000] {processor.py:161} INFO - Started process (PID=199) to work on /opt/airflow/dags/dag_crime_pipeline.py
[2026-06-11T15:53:43.596+0000] {processor.py:830} INFO - Processing file /opt/airflow/dags/dag_crime_pipeline.py for tasks to queue
[2026-06-11T15:53:43.599+0000] {logging_mixin.py:188} INFO - [2026-06-11T15:53:43.599+0000] {dagbag.py:538} INFO - Filling up the DagBag from /opt/airflow/dags/dag_crime_pipeline.py
[2026-06-11T15:53:43.652+0000] {processor.py:840} INFO - DAG(s) 'crime_analytics_pipeline' retrieved from /opt/airflow/dags/dag_crime_pipeline.py
[2026-06-11T15:53:43.697+0000] {logging_mixin.py:188} INFO - [2026-06-11T15:53:43.696+0000] {dag.py:3036} INFO - Sync 1 DAGs
[2026-06-11T15:53:43.725+0000] {logging_mixin.py:188} INFO - [2026-06-11T15:53:43.725+0000] {dag.py:3823} INFO - Setting next_dagrun for crime_analytics_pipeline to 2026-06-06 19:00:00+00:00, run_after=2026-06-13 19:00:00+00:00
[2026-06-11T15:53:43.771+0000] {processor.py:183} INFO - Processing /opt/airflow/dags/dag_crime_pipeline.py took 0.182 seconds
[2026-06-11T15:54:13.863+0000] {processor.py:161} INFO - Started process (PID=204) to work on /opt/airflow/dags/dag_crime_pipeline.py
[2026-06-11T15:54:13.865+0000] {processor.py:830} INFO - Processing file /opt/airflow/dags/dag_crime_pipeline.py for tasks to queue
[2026-06-11T15:54:13.870+0000] {logging_mixin.py:188} INFO - [2026-06-11T15:54:13.869+0000] {dagbag.py:538} INFO - Filling up the DagBag from /opt/airflow/dags/dag_crime_pipeline.py
[2026-06-11T15:54:13.922+0000] {processor.py:840} INFO - DAG(s) 'crime_analytics_pipeline' retrieved from /opt/airflow/dags/dag_crime_pipeline.py
[2026-06-11T15:54:13.961+0000] {logging_mixin.py:188} INFO - [2026-06-11T15:54:13.961+0000] {dag.py:3036} INFO - Sync 1 DAGs
[2026-06-11T15:54:14.234+0000] {logging_mixin.py:188} INFO - [2026-06-11T15:54:14.234+0000] {dag.py:3823} INFO - Setting next_dagrun for crime_analytics_pipeline to 2026-06-06 19:00:00+00:00, run_after=2026-06-13 19:00:00+00:00
[2026-06-11T15:54:14.278+0000] {processor.py:183} INFO - Processing /opt/airflow/dags/dag_crime_pipeline.py took 0.421 seconds
[2026-06-11T15:54:44.479+0000] {processor.py:161} INFO - Started process (PID=209) to work on /opt/airflow/dags/dag_crime_pipeline.py
[2026-06-11T15:54:44.481+0000] {processor.py:830} INFO - Processing file /opt/airflow/dags/dag_crime_pipeline.py for tasks to queue
[2026-06-11T15:54:44.487+0000] {logging_mixin.py:188} INFO - [2026-06-11T15:54:44.487+0000] {dagbag.py:538} INFO - Filling up the DagBag from /opt/airflow/dags/dag_crime_pipeline.py
[2026-06-11T15:54:44.539+0000] {processor.py:840} INFO - DAG(s) 'crime_analytics_pipeline' retrieved from /opt/airflow/dags/dag_crime_pipeline.py
[2026-06-11T15:54:44.581+0000] {logging_mixin.py:188} INFO - [2026-06-11T15:54:44.581+0000] {dag.py:3036} INFO - Sync 1 DAGs
[2026-06-11T15:54:44.614+0000] {logging_mixin.py:188} INFO - [2026-06-11T15:54:44.614+0000] {dag.py:3823} INFO - Setting next_dagrun for crime_analytics_pipeline to 2026-06-06 19:00:00+00:00, run_after=2026-06-13 19:00:00+00:00
[2026-06-11T15:54:44.639+0000] {processor.py:183} INFO - Processing /opt/airflow/dags/dag_crime_pipeline.py took 0.166 seconds
[2026-06-11T15:55:14.788+0000] {processor.py:161} INFO - Started process (PID=214) to work on /opt/airflow/dags/dag_crime_pipeline.py
[2026-06-11T15:55:14.790+0000] {processor.py:830} INFO - Processing file /opt/airflow/dags/dag_crime_pipeline.py for tasks to queue
[2026-06-11T15:55:14.794+0000] {logging_mixin.py:188} INFO - [2026-06-11T15:55:14.794+0000] {dagbag.py:538} INFO - Filling up the DagBag from /opt/airflow/dags/dag_crime_pipeline.py
[2026-06-11T15:55:14.846+0000] {processor.py:840} INFO - DAG(s) 'crime_analytics_pipeline' retrieved from /opt/airflow/dags/dag_crime_pipeline.py
[2026-06-11T15:55:15.126+0000] {logging_mixin.py:188} INFO - [2026-06-11T15:55:15.125+0000] {dag.py:3036} INFO - Sync 1 DAGs
[2026-06-11T15:55:15.157+0000] {logging_mixin.py:188} INFO - [2026-06-11T15:55:15.157+0000] {dag.py:3823} INFO - Setting next_dagrun for crime_analytics_pipeline to 2026-06-06 19:00:00+00:00, run_after=2026-06-13 19:00:00+00:00
[2026-06-11T15:55:15.201+0000] {processor.py:183} INFO - Processing /opt/airflow/dags/dag_crime_pipeline.py took 0.420 seconds
[2026-06-11T15:55:45.315+0000] {processor.py:161} INFO - Started process (PID=219) to work on /opt/airflow/dags/dag_crime_pipeline.py
[2026-06-11T15:55:45.318+0000] {processor.py:830} INFO - Processing file /opt/airflow/dags/dag_crime_pipeline.py for tasks to queue
[2026-06-11T15:55:45.323+0000] {logging_mixin.py:188} INFO - [2026-06-11T15:55:45.322+0000] {dagbag.py:538} INFO - Filling up the DagBag from /opt/airflow/dags/dag_crime_pipeline.py
[2026-06-11T15:55:45.376+0000] {processor.py:840} INFO - DAG(s) 'crime_analytics_pipeline' retrieved from /opt/airflow/dags/dag_crime_pipeline.py
[2026-06-11T15:55:45.423+0000] {logging_mixin.py:188} INFO - [2026-06-11T15:55:45.423+0000] {dag.py:3036} INFO - Sync 1 DAGs
[2026-06-11T15:55:45.453+0000] {logging_mixin.py:188} INFO - [2026-06-11T15:55:45.453+0000] {dag.py:3823} INFO - Setting next_dagrun for crime_analytics_pipeline to 2026-06-06 19:00:00+00:00, run_after=2026-06-13 19:00:00+00:00
[2026-06-11T15:55:45.705+0000] {processor.py:183} INFO - Processing /opt/airflow/dags/dag_crime_pipeline.py took 0.397 seconds
[2026-06-11T15:56:15.994+0000] {processor.py:161} INFO - Started process (PID=224) to work on /opt/airflow/dags/dag_crime_pipeline.py
[2026-06-11T15:56:15.997+0000] {processor.py:830} INFO - Processing file /opt/airflow/dags/dag_crime_pipeline.py for tasks to queue
[2026-06-11T15:56:16.001+0000] {logging_mixin.py:188} INFO - [2026-06-11T15:56:16.000+0000] {dagbag.py:538} INFO - Filling up the DagBag from /opt/airflow/dags/dag_crime_pipeline.py
[2026-06-11T15:56:16.295+0000] {processor.py:840} INFO - DAG(s) 'crime_analytics_pipeline' retrieved from /opt/airflow/dags/dag_crime_pipeline.py
[2026-06-11T15:56:16.336+0000] {logging_mixin.py:188} INFO - [2026-06-11T15:56:16.333+0000] {dag.py:3036} INFO - Sync 1 DAGs
[2026-06-11T15:56:16.359+0000] {logging_mixin.py:188} INFO - [2026-06-11T15:56:16.359+0000] {dag.py:3823} INFO - Setting next_dagrun for crime_analytics_pipeline to 2026-06-06 19:00:00+00:00, run_after=2026-06-13 19:00:00+00:00
[2026-06-11T15:56:16.381+0000] {processor.py:183} INFO - Processing /opt/airflow/dags/dag_crime_pipeline.py took 0.394 seconds
[2026-06-11T15:56:46.619+0000] {processor.py:161} INFO - Started process (PID=229) to work on /opt/airflow/dags/dag_crime_pipeline.py
[2026-06-11T15:56:46.621+0000] {processor.py:830} INFO - Processing file /opt/airflow/dags/dag_crime_pipeline.py for tasks to queue
[2026-06-11T15:56:46.625+0000] {logging_mixin.py:188} INFO - [2026-06-11T15:56:46.624+0000] {dagbag.py:538} INFO - Filling up the DagBag from /opt/airflow/dags/dag_crime_pipeline.py
[2026-06-11T15:56:46.677+0000] {processor.py:840} INFO - DAG(s) 'crime_analytics_pipeline' retrieved from /opt/airflow/dags/dag_crime_pipeline.py
[2026-06-11T15:56:46.726+0000] {logging_mixin.py:188} INFO - [2026-06-11T15:56:46.726+0000] {dag.py:3036} INFO - Sync 1 DAGs
[2026-06-11T15:56:46.990+0000] {logging_mixin.py:188} INFO - [2026-06-11T15:56:46.990+0000] {dag.py:3823} INFO - Setting next_dagrun for crime_analytics_pipeline to 2026-06-06 19:00:00+00:00, run_after=2026-06-13 19:00:00+00:00
[2026-06-11T15:56:47.035+0000] {processor.py:183} INFO - Processing /opt/airflow/dags/dag_crime_pipeline.py took 0.420 seconds
[2026-06-11T15:57:17.504+0000] {processor.py:161} INFO - Started process (PID=234) to work on /opt/airflow/dags/dag_crime_pipeline.py
[2026-06-11T15:57:17.508+0000] {processor.py:830} INFO - Processing file /opt/airflow/dags/dag_crime_pipeline.py for tasks to queue
[2026-06-11T15:57:17.512+0000] {logging_mixin.py:188} INFO - [2026-06-11T15:57:17.511+0000] {dagbag.py:538} INFO - Filling up the DagBag from /opt/airflow/dags/dag_crime_pipeline.py
[2026-06-11T15:57:17.565+0000] {processor.py:840} INFO - DAG(s) 'crime_analytics_pipeline' retrieved from /opt/airflow/dags/dag_crime_pipeline.py
[2026-06-11T15:57:17.611+0000] {logging_mixin.py:188} INFO - [2026-06-11T15:57:17.611+0000] {dag.py:3036} INFO - Sync 1 DAGs
[2026-06-11T15:57:17.642+0000] {logging_mixin.py:188} INFO - [2026-06-11T15:57:17.641+0000] {dag.py:3823} INFO - Setting next_dagrun for crime_analytics_pipeline to 2026-06-06 19:00:00+00:00, run_after=2026-06-13 19:00:00+00:00
[2026-06-11T15:57:17.367+0000] {processor.py:183} INFO - Processing /opt/airflow/dags/dag_crime_pipeline.py took 0.173 seconds
[2026-06-11T15:57:47.754+0000] {processor.py:161} INFO - Started process (PID=239) to work on /opt/airflow/dags/dag_crime_pipeline.py
[2026-06-11T15:57:47.755+0000] {processor.py:830} INFO - Processing file /opt/airflow/dags/dag_crime_pipeline.py for tasks to queue
[2026-06-11T15:57:47.759+0000] {logging_mixin.py:188} INFO - [2026-06-11T15:57:47.759+0000] {dagbag.py:538} INFO - Filling up the DagBag from /opt/airflow/dags/dag_crime_pipeline.py
[2026-06-11T15:57:47.810+0000] {processor.py:840} INFO - DAG(s) 'crime_analytics_pipeline' retrieved from /opt/airflow/dags/dag_crime_pipeline.py
[2026-06-11T15:57:47.852+0000] {logging_mixin.py:188} INFO - [2026-06-11T15:57:47.852+0000] {dag.py:3036} INFO - Sync 1 DAGs
[2026-06-11T15:57:47.890+0000] {logging_mixin.py:188} INFO - [2026-06-11T15:57:47.890+0000] {dag.py:3823} INFO - Setting next_dagrun for crime_analytics_pipeline to 2026-06-06 19:00:00+00:00, run_after=2026-06-13 19:00:00+00:00
[2026-06-11T15:57:47.919+0000] {processor.py:183} INFO - Processing /opt/airflow/dags/dag_crime_pipeline.py took 0.170 seconds
[2026-06-11T15:58:18.095+0000] {processor.py:161} INFO - Started process (PID=244) to work on /opt/airflow/dags/dag_crime_pipeline.py
[2026-06-11T15:58:18.097+0000] {processor.py:830} INFO - Processing file /opt/airflow/dags/dag_crime_pipeline.py for tasks to queue
[2026-06-11T15:58:18.100+0000] {logging_mixin.py:188} INFO - [2026-06-11T15:58:18.099+0000] {dagbag.py:538} INFO - Filling up the DagBag from /opt/airflow/dags/dag_crime_pipeline.py
[2026-06-11T15:58:18.155+0000] {processor.py:840} INFO - DAG(s) 'crime_analytics_pipeline' retrieved from /opt/airflow/dags/dag_crime_pipeline.py
[2026-06-11T15:58:18.201+0000] {logging_mixin.py:188} INFO - [2026-06-11T15:58:18.200+0000] {dag.py:3036} INFO - Sync 1 DAGs
[2026-06-11T15:58:18.238+0000] {logging_mixin.py:188} INFO - [2026-06-11T15:58:18.237+0000] {dag.py:3823} INFO - Setting next_dagrun for crime_analytics_pipeline to 2026-06-06 19:00:00+00:00, run_after=2026-06-13 19:00:00+00:00
[2026-06-11T15:58:18.265+0000] {processor.py:183} INFO - Processing /opt/airflow/dags/dag_crime_pipeline.py took 0.175 seconds
[2026-06-11T15:58:48.461+0000] {processor.py:161} INFO - Started process (PID=249) to work on /opt/airflow/dags/dag_crime_pipeline.py
[2026-06-11T15:58:48.463+0000] {processor.py:830} INFO - Processing file /opt/airflow/dags/dag_crime_pipeline.py for tasks to queue
[2026-06-11T15:58:48.466+0000] {logging_mixin.py:188} INFO - [2026-06-11T15:58:48.466+0000] {dagbag.py:538} INFO - Filling up the DagBag from /opt/airflow/dags/dag_crime_pipeline.py
[2026-06-11T15:58:48.517+0000] {processor.py:840} INFO - DAG(s) 'crime_analytics_pipeline' retrieved from /opt/airflow/dags/dag_crime_pipeline.py
[2026-06-11T15:58:48.561+0000] {logging_mixin.py:188} INFO - [2026-06-11T15:58:48.561+0000] {dag.py:3036} INFO - Sync 1 DAGs
[2026-06-11T15:58:48.591+0000] {logging_mixin.py:188} INFO - [2026-06-11T15:58:48.590+0000] {dag.py:3823} INFO - Setting next_dagrun for crime_analytics_pipeline to 2026-06-06 19:00:00+00:00, run_after=2026-06-13 19:00:00+00:00
[2026-06-11T15:58:48.641+0000] {processor.py:183} INFO - Processing /opt/airflow/dags/dag_crime_pipeline.py took 0.185 seconds
[2026-06-11T15:59:19.510+0000] {processor.py:161} INFO - Started process (PID=254) to work on /opt/airflow/dags/dag_crime_pipeline.py
[2026-06-11T15:59:19.512+0000] {processor.py:830} INFO - Processing file /opt/airflow/dags/dag_crime_pipeline.py for tasks to queue
[2026-06-11T15:59:19.517+0000] {logging_mixin.py:188} INFO - [2026-06-11T15:59:19.516+0000] {dagbag.py:538} INFO - Filling up the DagBag from /opt/airflow/dags/dag_crime_pipeline.py
[2026-06-11T15:59:19.573+0000] {processor.py:840} INFO - DAG(s) 'crime_analytics_pipeline' retrieved from /opt/airflow/dags/dag_crime_pipeline.py
[2026-06-11T15:59:19.616+0000] {logging_mixin.py:188} INFO - [2026-06-11T15:59:19.616+0000] {dag.py:3036} INFO - Sync 1 DAGs
[2026-06-11T15:59:19.650+0000] {logging_mixin.py:188} INFO - [2026-06-11T15:59:19.649+0000] {dag.py:3823} INFO - Setting next_dagrun for crime_analytics_pipeline to 2026-06-06 19:00:00+00:00, run_after=2026-06-13 19:00:00+00:00
[2026-06-11T15:59:19.688+0000] {processor.py:183} INFO - Processing /opt/airflow/dags/dag_crime_pipeline.py took 0.183 seconds
[2026-06-11T15:59:49.829+0000] {processor.py:161} INFO - Started process (PID=259) to work on /opt/airflow/dags/dag_crime_pipeline.py
[2026-06-11T15:59:49.830+0000] {processor.py:830} INFO - Processing file /opt/airflow/dags/dag_crime_pipeline.py for tasks to queue
[2026-06-11T15:59:49.834+0000] {logging_mixin.py:188} INFO - [2026-06-11T15:59:49.834+0000] {dagbag.py:538} INFO - Filling up the DagBag from /opt/airflow/dags/dag_crime_pipeline.py
[2026-06-11T15:59:49.883+0000] {processor.py:840} INFO - DAG(s) 'crime_analytics_pipeline' retrieved from /opt/airflow/dags/dag_crime_pipeline.py
[2026-06-11T15:59:49.927+0000] {logging_mixin.py:188} INFO - [2026-06-11T15:59:49.926+0000] {dag.py:3036} INFO - Sync 1 DAGs
[2026-06-11T15:59:49.960+0000] {logging_mixin.py:188} INFO - [2026-06-11T15:59:49.960+0000] {dag.py:3823} INFO - Setting next_dagrun for crime_analytics_pipeline to 2026-06-06 19:00:00+00:00, run_after=2026-06-13 19:00:00+00:00
[2026-06-11T15:59:49.991+0000] {processor.py:183} INFO - Processing /opt/airflow/dags/dag_crime_pipeline.py took 0.167 seconds
[2026-06-11T16:00:20.806+0000] {processor.py:161} INFO - Started process (PID=264) to work on /opt/airflow/dags/dag_crime_pipeline.py
[2026-06-11T16:00:20.807+0000] {processor.py:830} INFO - Processing file /opt/airflow/dags/dag_crime_pipeline.py for tasks to queue
[2026-06-11T16:00:20.812+0000] {logging_mixin.py:188} INFO - [2026-06-11T16:00:20.811+0000] {dagbag.py:538} INFO - Filling up the DagBag from /opt/airflow/dags/dag_crime_pipeline.py
[2026-06-11T16:00:20.860+0000] {processor.py:840} INFO - DAG(s) 'crime_analytics_pipeline' retrieved from /opt/airflow/dags/dag_crime_pipeline.py
[2026-06-11T16:00:20.904+0000] {logging_mixin.py:188} INFO - [2026-06-11T16:00:20.902+0000] {dag.py:3036} INFO - Sync 1 DAGs
[2026-06-11T16:00:20.937+0000] {logging_mixin.py:188} INFO - [2026-06-11T16:00:20.937+0000] {dag.py:3823} INFO - Setting next_dagrun for crime_analytics_pipeline to 2026-06-06 19:00:00+00:00, run_after=2026-06-13 19:00:00+00:00
[2026-06-11T16:00:20.963+0000] {processor.py:183} INFO - Processing /opt/airflow/dags/dag_crime_pipeline.py took 0.162 seconds
[2026-06-11T16:00:51.203+0000] {processor.py:161} INFO - Started process (PID=269) to work on /opt/airflow/dags/dag_crime_pipeline.py
[2026-06-11T16:00:51.205+0000] {processor.py:830} INFO - Processing file /opt/airflow/dags/dag_crime_pipeline.py for tasks to queue
[2026-06-11T16:00:51.211+0000] {logging_mixin.py:188} INFO - [2026-06-11T16:00:51.210+0000] {dagbag.py:538} INFO - Filling up the DagBag from /opt/airflow/dags/dag_crime_pipeline.py
[2026-06-11T16:00:51.265+0000] {processor.py:840} INFO - DAG(s) 'crime_analytics_pipeline' retrieved from /opt/airflow/dags/dag_crime_pipeline.py
[2026-06-11T16:00:51.314+0000] {logging_mixin.py:188} INFO - [2026-06-11T16:00:51.313+0000] {dag.py:3036} INFO - Sync 1 DAGs
[2026-06-11T16:00:51.352+0000] {logging_mixin.py:188} INFO - [2026-06-11T16:00:51.351+0000] {dag.py:3823} INFO - Setting next_dagrun for crime_analytics_pipeline to 2026-06-06 19:00:00+00:00, run_after=2026-06-13 19:00:00+00:00
[2026-06-11T16:00:51.384+0000] {processor.py:183} INFO - Processing /opt/airflow/dags/dag_crime_pipeline.py took 0.187 seconds
[2026-06-11T16:01:22.267+0000] {processor.py:161} INFO - Started process (PID=274) to work on /opt/airflow/dags/dag_crime_pipeline.py
[2026-06-11T16:01:22.269+0000] {processor.py:830} INFO - Processing file /opt/airflow/dags/dag_crime_pipeline.py for tasks to queue
[2026-06-11T16:01:22.273+0000] {logging_mixin.py:188} INFO - [2026-06-11T16:01:22.272+0000] {dagbag.py:538} INFO - Filling up the DagBag from /opt/airflow/dags/dag_crime_pipeline.py
[2026-06-11T16:01:22.323+0000] {processor.py:840} INFO - DAG(s) 'crime_analytics_pipeline' retrieved from /opt/airflow/dags/dag_crime_pipeline.py
[2026-06-11T16:01:22.374+0000] {logging_mixin.py:188} INFO - [2026-06-11T16:01:22.373+0000] {dag.py:3036} INFO - Sync 1 DAGs
[2026-06-11T16:01:22.403+0000] {logging_mixin.py:188} INFO - [2026-06-11T16:01:22.403+0000] {dag.py:3823} INFO - Setting next_dagrun for crime_analytics_pipeline to 2026-06-06 19:00:00+00:00, run_after=2026-06-13 19:00:00+00:00
[2026-06-11T16:01:22.429+0000] {processor.py:183} INFO - Processing /opt/airflow/dags/dag_crime_pipeline.py took 0.171 seconds
[2026-06-11T16:01:52.505+0000] {processor.py:161} INFO - Started process (PID=279) to work on /opt/airflow/dags/dag_crime_pipeline.py
[2026-06-11T16:01:52.507+0000] {processor.py:830} INFO - Processing file /opt/airflow/dags/dag_crime_pipeline.py for tasks to queue
[2026-06-11T16:01:52.511+0000] {logging_mixin.py:188} INFO - [2026-06-11T16:01:52.511+0000] {dagbag.py:538} INFO - Filling up the DagBag from /opt/airflow/dags/dag_crime_pipeline.py
[2026-06-11T16:01:52.567+0000] {processor.py:840} INFO - DAG(s) 'crime_analytics_pipeline' retrieved from /opt/airflow/dags/dag_crime_pipeline.py
[2026-06-11T16:01:52.609+0000] {logging_mixin.py:188} INFO - [2026-06-11T16:01:52.609+0000] {dag.py:3036} INFO - Sync 1 DAGs
[2026-06-11T16:01:52.645+0000] {logging_mixin.py:188} INFO - [2026-06-11T16:01:52.645+0000] {dag.py:3823} INFO - Setting next_dagrun for crime_analytics_pipeline to 2026-06-06 19:00:00+00:00, run_after=2026-06-13 19:00:00+00:00
[2026-06-11T16:01:52.679+0000] {processor.py:183} INFO - Processing /opt/airflow/dags/dag_crime_pipeline.py took 0.180 seconds
[2026-06-11T16:02:23.538+0000] {processor.py:161} INFO - Started process (PID=284) to work on /opt/airflow/dags/dag_crime_pipeline.py
[2026-06-11T16:02:23.540+0000] {processor.py:830} INFO - Processing file /opt/airflow/dags/dag_crime_pipeline.py for tasks to queue
[2026-06-11T16:02:23.554+0000] {logging_mixin.py:188} INFO - [2026-06-11T16:02:23.546+0000] {dagbag.py:538} INFO - Filling up the DagBag from /opt/airflow/dags/dag_crime_pipeline.py
[2026-06-11T16:02:23.729+0000] {processor.py:840} INFO - DAG(s) 'crime_analytics_pipeline' retrieved from /opt/airflow/dags/dag_crime_pipeline.py
[2026-06-11T16:02:23.781+0000] {logging_mixin.py:188} INFO - [2026-06-11T16:02:23.780+0000] {dag.py:3036} INFO - Sync 1 DAGs
[2026-06-11T16:02:23.827+0000] {logging_mixin.py:188} INFO - [2026-06-11T16:02:23.826+0000] {dag.py:3823} INFO - Setting next_dagrun for crime_analytics_pipeline to 2026-06-06 19:00:00+00:00, run_after=2026-06-13 19:00:00+00:00
[2026-06-11T16:02:23.874+0000] {processor.py:183} INFO - Processing /opt/airflow/dags/dag_crime_pipeline.py took 0.341 seconds
[2026-06-11T16:02:54.118+0000] {processor.py:161} INFO - Started process (PID=289) to work on /opt/airflow/dags/dag_crime_pipeline.py
[2026-06-11T16:02:54.120+0000] {processor.py:830} INFO - Processing file /opt/airflow/dags/dag_crime_pipeline.py for tasks to queue
[2026-06-11T16:02:54.123+0000] {logging_mixin.py:188} INFO - [2026-06-11T16:02:54.122+0000] {dagbag.py:538} INFO - Filling up the DagBag from /opt/airflow/dags/dag_crime_pipeline.py
[2026-06-11T16:02:54.178+0000] {processor.py:840} INFO - DAG(s) 'crime_analytics_pipeline' retrieved from /opt/airflow/dags/dag_crime_pipeline.py
[2026-06-11T16:02:54.222+0000] {logging_mixin.py:188} INFO - [2026-06-11T16:02:54.221+0000] {dag.py:3036} INFO - Sync 1 DAGs
[2026-06-11T16:02:54.249+0000] {logging_mixin.py:188} INFO - [2026-06-11T16:02:54.248+0000] {dag.py:3823} INFO - Setting next_dagrun for crime_analytics_pipeline to 2026-06-06 19:00:00+00:00, run_after=2026-06-13 19:00:00+00:00
[2026-06-11T16:02:54.273+0000] {processor.py:183} INFO - Processing /opt/airflow/dags/dag_crime_pipeline.py took 0.161 seconds
[2026-06-11T16:03:24.507+0000] {processor.py:161} INFO - Started process (PID=294) to work on /opt/airflow/dags/dag_crime_pipeline.py
[2026-06-11T16:03:24.508+0000] {processor.py:830} INFO - Processing file /opt/airflow/dags/dag_crime_pipeline.py for tasks to queue
[2026-06-11T16:03:24.512+0000] {logging_mixin.py:188} INFO - [2026-06-11T16:03:24.512+0000] {dagbag.py:538} INFO - Filling up the DagBag from /opt/airflow/dags/dag_crime_pipeline.py
[2026-06-11T16:03:24.556+0000] {processor.py:840} INFO - DAG(s) 'crime_analytics_pipeline' retrieved from /opt/airflow/dags/dag_crime_pipeline.py
[2026-06-11T16:03:24.594+0000] {logging_mixin.py:188} INFO - [2026-06-11T16:03:24.594+0000] {dag.py:3036} INFO - Sync 1 DAGs
[2026-06-11T16:03:24.621+0000] {logging_mixin.py:188} INFO - [2026-06-11T16:03:24.621+0000] {dag.py:3823} INFO - Setting next_dagrun for crime_analytics_pipeline to 2026-06-06 19:00:00+00:00, run_after=2026-06-13 19:00:00+00:00
[2026-06-11T16:03:24.670+0000] {processor.py:183} INFO - Processing /opt/airflow/dags/dag_crime_pipeline.py took 0.167 seconds
[2026-06-11T16:03:55.707+0000] {processor.py:161} INFO - Started process (PID=299) to work on /opt/airflow/dags/dag_crime_pipeline.py
[2026-06-11T16:03:55.708+0000] {processor.py:830} INFO - Processing file /opt/airflow/dags/dag_crime_pipeline.py for tasks to queue
[2026-06-11T16:03:55.711+0000] {logging_mixin.py:188} INFO - [2026-06-11T16:03:55.711+0000] {dagbag.py:538} INFO - Filling up the DagBag from /opt/airflow/dags/dag_crime_pipeline.py
[2026-06-11T16:03:55.758+0000] {processor.py:840} INFO - DAG(s) 'crime_analytics_pipeline' retrieved from /opt/airflow/dags/dag_crime_pipeline.py
[2026-06-11T16:03:55.797+0000] {logging_mixin.py:188} INFO - [2026-06-11T16:03:55.796+0000] {dag.py:3036} INFO - Sync 1 DAGs
[2026-06-11T16:03:55.828+0000] {logging_mixin.py:188} INFO - [2026-06-11T16:03:55.827+0000] {dag.py:3823} INFO - Setting next_dagrun for crime_analytics_pipeline to 2026-06-06 19:00:00+00:00, run_after=2026-06-13 19:00:00+00:00
[2026-06-11T16:03:55.875+0000] {processor.py:183} INFO - Processing /opt/airflow/dags/dag_crime_pipeline.py took 0.172 seconds
[2026-06-11T16:04:26.877+0000] {processor.py:161} INFO - Started process (PID=304) to work on /opt/airflow/dags/dag_crime_pipeline.py
[2026-06-11T16:04:26.879+0000] {processor.py:830} INFO - Processing file /opt/airflow/dags/dag_crime_pipeline.py for tasks to queue
[2026-06-11T16:04:26.882+0000] {logging_mixin.py:188} INFO - [2026-06-11T16:04:26.882+0000] {dagbag.py:538} INFO - Filling up the DagBag from /opt/airflow/dags/dag_crime_pipeline.py
[2026-06-11T16:04:26.923+0000] {processor.py:840} INFO - DAG(s) 'crime_analytics_pipeline' retrieved from /opt/airflow/dags/dag_crime_pipeline.py
[2026-06-11T16:04:26.961+0000] {logging_mixin.py:188} INFO - [2026-06-11T16:04:26.960+0000] {dag.py:3036} INFO - Sync 1 DAGs
[2026-06-11T16:04:26.990+0000] {logging_mixin.py:188} INFO - [2026-06-11T16:04:26.989+0000] {dag.py:3823} INFO - Setting next_dagrun for crime_analytics_pipeline to 2026-06-06 19:00:00+00:00, run_after=2026-06-13 19:00:00+00:00
[2026-06-11T16:04:27.040+0000] {processor.py:183} INFO - Processing /opt/airflow/dags/dag_crime_pipeline.py took 0.166 seconds
[2026-06-11T16:04:57.755+0000] {processor.py:161} INFO - Started process (PID=309) to work on /opt/airflow/dags/dag_crime_pipeline.py
[2026-06-11T16:04:57.757+0000] {processor.py:830} INFO - Processing file /opt/airflow/dags/dag_crime_pipeline.py for tasks to queue
[2026-06-11T16:04:57.760+0000] {logging_mixin.py:188} INFO - [2026-06-11T16:04:57.759+0000] {dagbag.py:538} INFO - Filling up the DagBag from /opt/airflow/dags/dag_crime_pipeline.py
[2026-06-11T16:04:57.809+0000] {processor.py:840} INFO - DAG(s) 'crime_analytics_pipeline' retrieved from /opt/airflow/dags/dag_crime_pipeline.py
[2026-06-11T16:04:57.850+0000] {logging_mixin.py:188} INFO - [2026-06-11T16:04:57.850+0000] {dag.py:3036} INFO - Sync 1 DAGs
[2026-06-11T16:04:57.884+0000] {logging_mixin.py:188} INFO - [2026-06-11T16:04:57.883+0000] {dag.py:3823} INFO - Setting next_dagrun for crime_analytics_pipeline to 2026-06-06 19:00:00+00:00, run_after=2026-06-13 19:00:00+00:00
[2026-06-11T16:04:57.911+0000] {processor.py:183} INFO - Processing /opt/airflow/dags/dag_crime_pipeline.py took 0.159 seconds
[2026-06-11T16:05:28.919+0000] {processor.py:161} INFO - Started process (PID=314) to work on /opt/airflow/dags/dag_crime_pipeline.py
[2026-06-11T16:05:28.920+0000] {processor.py:830} INFO - Processing file /opt/airflow/dags/dag_crime_pipeline.py for tasks to queue
[2026-06-11T16:05:28.923+0000] {logging_mixin.py:188} INFO - [2026-06-11T16:05:28.923+0000] {dagbag.py:538} INFO - Filling up the DagBag from /opt/airflow/dags/dag_crime_pipeline.py
[2026-06-11T16:05:28.978+0000] {processor.py:840} INFO - DAG(s) 'crime_analytics_pipeline' retrieved from /opt/airflow/dags/dag_crime_pipeline.py
[2026-06-11T16:05:29.023+0000] {logging_mixin.py:188} INFO - [2026-06-11T16:05:29.023+0000] {dag.py:3036} INFO - Sync 1 DAGs
[2026-06-11T16:05:29.051+0000] {logging_mixin.py:188} INFO - [2026-06-11T16:05:29.051+0000] {dag.py:3823} INFO - Setting next_dagrun for crime_analytics_pipeline to 2026-06-06 19:00:00+00:00, run_after=2026-06-13 19:00:00+00:00
[2026-06-11T16:05:29.077+0000] {processor.py:183} INFO - Processing /opt/airflow/dags/dag_crime_pipeline.py took 0.167 seconds
[2026-06-11T16:05:59.219+0000] {processor.py:161} INFO - Started process (PID=319) to work on /opt/airflow/dags/dag_crime_pipeline.py
[2026-06-11T16:05:59.221+0000] {processor.py:830} INFO - Processing file /opt/airflow/dags/dag_crime_pipeline.py for tasks to queue
[2026-06-11T16:05:59.225+0000] {logging_mixin.py:188} INFO - [2026-06-11T16:05:59.225+0000] {dagbag.py:538} INFO - Filling up the DagBag from /opt/airflow/dags/dag_crime_pipeline.py
[2026-06-11T16:05:59.276+0000] {processor.py:840} INFO - DAG(s) 'crime_analytics_pipeline' retrieved from /opt/airflow/dags/dag_crime_pipeline.py
[2026-06-11T16:05:59.318+0000] {logging_mixin.py:188} INFO - [2026-06-11T16:05:59.318+0000] {dag.py:3036} INFO - Sync 1 DAGs
[2026-06-11T16:05:59.348+0000] {logging_mixin.py:188} INFO - [2026-06-11T16:05:59.347+0000] {dag.py:3823} INFO - Setting next_dagrun for crime_analytics_pipeline to 2026-06-06 19:00:00+00:00, run_after=2026-06-13 19:00:00+00:00
[2026-06-11T16:05:59.375+0000] {processor.py:183} INFO - Processing /opt/airflow/dags/dag_crime_pipeline.py took 0.161 seconds
[2026-06-11T16:06:29.763+0000] {processor.py:161} INFO - Started process (PID=324) to work on /opt/airflow/dags/dag_crime_pipeline.py
[2026-06-11T16:06:29.765+0000] {processor.py:830} INFO - Processing file /opt/airflow/dags/dag_crime_pipeline.py for tasks to queue
[2026-06-11T16:06:29.769+0000] {logging_mixin.py:188} INFO - [2026-06-11T16:06:29.768+0000] {dagbag.py:538} INFO - Filling up the DagBag from /opt/airflow/dags/dag_crime_pipeline.py
[2026-06-11T16:06:29.824+0000] {processor.py:840} INFO - DAG(s) 'crime_analytics_pipeline' retrieved from /opt/airflow/dags/dag_crime_pipeline.py
[2026-06-11T16:06:29.868+0000] {logging_mixin.py:188} INFO - [2026-06-11T16:06:29.867+0000] {dag.py:3036} INFO - Sync 1 DAGs
[2026-06-11T16:06:29.906+0000] {logging_mixin.py:188} INFO - [2026-06-11T16:06:29.906+0000] {dag.py:3823} INFO - Setting next_dagrun for crime_analytics_pipeline to 2026-06-06 19:00:00+00:00, run_after=2026-06-13 19:00:00+00:00
[2026-06-11T16:06:29.938+0000] {processor.py:183} INFO - Processing /opt/airflow/dags/dag_crime_pipeline.py took 0.180 seconds
[2026-06-11T16:07:00.046+0000] {processor.py:161} INFO - Started process (PID=329) to work on /opt/airflow/dags/dag_crime_pipeline.py
[2026-06-11T16:07:00.048+0000] {processor.py:830} INFO - Processing file /opt/airflow/dags/dag_crime_pipeline.py for tasks to queue
[2026-06-11T16:07:00.053+0000] {logging_mixin.py:188} INFO - [2026-06-11T16:07:00.052+0000] {dagbag.py:538} INFO - Filling up the DagBag from /opt/airflow/dags/dag_crime_pipeline.py
[2026-06-11T16:07:00.120+0000] {processor.py:840} INFO - DAG(s) 'crime_analytics_pipeline' retrieved from /opt/airflow/dags/dag_crime_pipeline.py
[2026-06-11T16:07:00.175+0000] {logging_mixin.py:188} INFO - [2026-06-11T16:07:00.174+0000] {dag.py:3036} INFO - Sync 1 DAGs
[2026-06-11T16:07:00.207+0000] {logging_mixin.py:188} INFO - [2026-06-11T16:07:00.206+0000] {dag.py:3823} INFO - Setting next_dagrun for crime_analytics_pipeline to 2026-06-06 19:00:00+00:00, run_after=2026-06-13 19:00:00+00:00
[2026-06-11T16:07:00.236+0000] {processor.py:183} INFO - Processing /opt/airflow/dags/dag_crime_pipeline.py took 0.196 seconds
[2026-06-11T16:07:31.059+0000] {processor.py:161} INFO - Started process (PID=334) to work on /opt/airflow/dags/dag_crime_pipeline.py
[2026-06-11T16:07:31.062+0000] {processor.py:830} INFO - Processing file /opt/airflow/dags/dag_crime_pipeline.py for tasks to queue
[2026-06-11T16:07:31.066+0000] {logging_mixin.py:188} INFO - [2026-06-11T16:07:31.065+0000] {dagbag.py:538} INFO - Filling up the DagBag from /opt/airflow/dags/dag_crime_pipeline.py
[2026-06-11T16:07:31.120+0000] {processor.py:840} INFO - DAG(s) 'crime_analytics_pipeline' retrieved from /opt/airflow/dags/dag_crime_pipeline.py
[2026-06-11T16:07:31.168+0000] {logging_mixin.py:188} INFO - [2026-06-11T16:07:31.166+0000] {dag.py:3036} INFO - Sync 1 DAGs
[2026-06-11T16:07:31.198+0000] {logging_mixin.py:188} INFO - [2026-06-11T16:07:31.198+0000] {dag.py:3823} INFO - Setting next_dagrun for crime_analytics_pipeline to 2026-06-06 19:00:00+00:00, run_after=2026-06-13 19:00:00+00:00
[2026-06-11T16:07:31.225+0000] {processor.py:183} INFO - Processing /opt/airflow/dags/dag_crime_pipeline.py took 0.172 seconds
[2026-06-11T16:08:01.303+0000] {processor.py:161} INFO - Started process (PID=339) to work on /opt/airflow/dags/dag_crime_pipeline.py
[2026-06-11T16:08:01.305+0000] {processor.py:830} INFO - Processing file /opt/airflow/dags/dag_crime_pipeline.py for tasks to queue
[2026-06-11T16:08:01.310+0000] {logging_mixin.py:188} INFO - [2026-06-11T16:08:01.309+0000] {dagbag.py:538} INFO - Filling up the DagBag from /opt/airflow/dags/dag_crime_pipeline.py
[2026-06-11T16:08:01.366+0000] {processor.py:840} INFO - DAG(s) 'crime_analytics_pipeline' retrieved from /opt/airflow/dags/dag_crime_pipeline.py
[2026-06-11T16:08:01.414+0000] {logging_mixin.py:188} INFO - [2026-06-11T16:08:01.413+0000] {dag.py:3036} INFO - Sync 1 DAGs
[2026-06-11T16:08:01.446+0000] {logging_mixin.py:188} INFO - [2026-06-11T16:08:01.446+0000] {dag.py:3823} INFO - Setting next_dagrun for crime_analytics_pipeline to 2026-06-06 19:00:00+00:00, run_after=2026-06-13 19:00:00+00:00
[2026-06-11T16:08:01.474+0000] {processor.py:183} INFO - Processing /opt/airflow/dags/dag_crime_pipeline.py took 0.177 seconds
[2026-06-11T16:08:32.507+0000] {processor.py:161} INFO - Started process (PID=344) to work on /opt/airflow/dags/dag_crime_pipeline.py
[2026-06-11T16:08:32.508+0000] {processor.py:830} INFO - Processing file /opt/airflow/dags/dag_crime_pipeline.py for tasks to queue
[2026-06-11T16:08:32.512+0000] {logging_mixin.py:188} INFO - [2026-06-11T16:08:32.511+0000] {dagbag.py:538} INFO - Filling up the DagBag from /opt/airflow/dags/dag_crime_pipeline.py
[2026-06-11T16:08:32.579+0000] {processor.py:840} INFO - DAG(s) 'crime_analytics_pipeline' retrieved from /opt/airflow/dags/dag_crime_pipeline.py
[2026-06-11T16:08:32.632+0000] {logging_mixin.py:188} INFO - [2026-06-11T16:08:32.631+0000] {dag.py:3036} INFO - Sync 1 DAGs
[2026-06-11T16:08:32.664+0000] {logging_mixin.py:188} INFO - [2026-06-11T16:08:32.664+0000] {dag.py:3823} INFO - Setting next_dagrun for crime_analytics_pipeline to 2026-06-06 19:00:00+00:00, run_after=2026-06-13 19:00:00+00:00
[2026-06-11T16:08:32.689+0000] {processor.py:183} INFO - Processing /opt/airflow/dags/dag_crime_pipeline.py took 0.188 seconds
[2026-06-11T16:09:03.623+0000] {processor.py:161} INFO - Started process (PID=349) to work on /opt/airflow/dags/dag_crime_pipeline.py
[2026-06-11T16:09:03.624+0000] {processor.py:830} INFO - Processing file /opt/airflow/dags/dag_crime_pipeline.py for tasks to queue
[2026-06-11T16:09:03.628+0000] {logging_mixin.py:188} INFO - [2026-06-11T16:09:03.627+0000] {dagbag.py:538} INFO - Filling up the DagBag from /opt/airflow/dags/dag_crime_pipeline.py
[2026-06-11T16:09:03.677+0000] {processor.py:840} INFO - DAG(s) 'crime_analytics_pipeline' retrieved from /opt/airflow/dags/dag_crime_pipeline.py
[2026-06-11T16:09:03.719+0000] {logging_mixin.py:188} INFO - [2026-06-11T16:09:03.718+0000] {dag.py:3036} INFO - Sync 1 DAGs
[2026-06-11T16:09:03.750+0000] {logging_mixin.py:188} INFO - [2026-06-11T16:09:03.750+0000] {dag.py:3823} INFO - Setting next_dagrun for crime_analytics_pipeline to 2026-06-06 19:00:00+00:00, run_after=2026-06-13 19:00:00+00:00
[2026-06-11T16:09:03.780+0000] {processor.py:183} INFO - Processing /opt/airflow/dags/dag_crime_pipeline.py took 0.163 seconds
[2026-06-11T16:09:33.889+0000] {processor.py:161} INFO - Started process (PID=354) to work on /opt/airflow/dags/dag_crime_pipeline.py
[2026-06-11T16:09:33.891+0000] {processor.py:830} INFO - Processing file /opt/airflow/dags/dag_crime_pipeline.py for tasks to queue
[2026-06-11T16:09:33.896+0000] {logging_mixin.py:188} INFO - [2026-06-11T16:09:33.895+0000] {dagbag.py:538} INFO - Filling up the DagBag from /opt/airflow/dags/dag_crime_pipeline.py
[2026-06-11T16:09:33.950+0000] {processor.py:840} INFO - DAG(s) 'crime_analytics_pipeline' retrieved from /opt/airflow/dags/dag_crime_pipeline.py
[2026-06-11T16:09:33.992+0000] {logging_mixin.py:188} INFO - [2026-06-11T16:09:33.991+0000] {dag.py:3036} INFO - Sync 1 DAGs
[2026-06-11T16:09:34.024+0000] {logging_mixin.py:188} INFO - [2026-06-11T16:09:34.024+0000] {dag.py:3823} INFO - Setting next_dagrun for crime_analytics_pipeline to 2026-06-06 19:00:00+00:00, run_after=2026-06-13 19:00:00+00:00
[2026-06-11T16:09:34.056+0000] {processor.py:183} INFO - Processing /opt/airflow/dags/dag_crime_pipeline.py took 0.170 seconds
[2026-06-11T16:10:04.162+0000] {processor.py:161} INFO - Started process (PID=359) to work on /opt/airflow/dags/dag_crime_pipeline.py
[2026-06-11T16:10:04.165+0000] {processor.py:830} INFO - Processing file /opt/airflow/dags/dag_crime_pipeline.py for tasks to queue
[2026-06-11T16:10:04.177+0000] {logging_mixin.py:188} INFO - [2026-06-11T16:10:04.175+0000] {dagbag.py:538} INFO - Filling up the DagBag from /opt/airflow/dags/dag_crime_pipeline.py
[2026-06-11T16:10:04.226+0000] {processor.py:840} INFO - DAG(s) 'crime_analytics_pipeline' retrieved from /opt/airflow/dags/dag_crime_pipeline.py
[2026-06-11T16:10:04.265+0000] {logging_mixin.py:188} INFO - [2026-06-11T16:10:04.265+0000] {dag.py:3036} INFO - Sync 1 DAGs
[2026-06-11T16:10:04.294+0000] {logging_mixin.py:188} INFO - [2026-06-11T16:10:04.294+0000] {dag.py:3823} INFO - Setting next_dagrun for crime_analytics_pipeline to 2026-06-06 19:00:00+00:00, run_after=2026-06-13 19:00:00+00:00
[2026-06-11T16:10:04.324+0000] {processor.py:183} INFO - Processing /opt/airflow/dags/dag_crime_pipeline.py took 0.166 seconds
[2026-06-11T16:10:34.462+0000] {processor.py:161} INFO - Started process (PID=364) to work on /opt/airflow/dags/dag_crime_pipeline.py
[2026-06-11T16:10:34.464+0000] {processor.py:830} INFO - Processing file /opt/airflow/dags/dag_crime_pipeline.py for tasks to queue
[2026-06-11T16:10:34.467+0000] {logging_mixin.py:188} INFO - [2026-06-11T16:10:34.466+0000] {dagbag.py:538} INFO - Filling up the DagBag from /opt/airflow/dags/dag_crime_pipeline.py
[2026-06-11T16:10:34.515+0000] {processor.py:840} INFO - DAG(s) 'crime_analytics_pipeline' retrieved from /opt/airflow/dags/dag_crime_pipeline.py
[2026-06-11T16:10:34.557+0000] {logging_mixin.py:188} INFO - [2026-06-11T16:10:34.557+0000] {dag.py:3036} INFO - Sync 1 DAGs
[2026-06-11T16:10:34.594+0000] {logging_mixin.py:188} INFO - [2026-06-11T16:10:34.594+0000] {dag.py:3823} INFO - Setting next_dagrun for crime_analytics_pipeline to 2026-06-06 19:00:00+00:00, run_after=2026-06-13 19:00:00+00:00
[2026-06-11T16:10:34.647+0000] {processor.py:183} INFO - Processing /opt/airflow/dags/dag_crime_pipeline.py took 0.189 seconds
[2026-06-11T16:11:05.585+0000] {processor.py:161} INFO - Started process (PID=369) to work on /opt/airflow/dags/dag_crime_pipeline.py
[2026-06-11T16:11:05.587+0000] {processor.py:830} INFO - Processing file /opt/airflow/dags/dag_crime_pipeline.py for tasks to queue
[2026-06-11T16:11:05.591+0000] {logging_mixin.py:188} INFO - [2026-06-11T16:11:05.590+0000] {dagbag.py:538} INFO - Filling up the DagBag from /opt/airflow/dags/dag_crime_pipeline.py
[2026-06-11T16:11:05.646+0000] {processor.py:840} INFO - DAG(s) 'crime_analytics_pipeline' retrieved from /opt/airflow/dags/dag_crime_pipeline.py
[2026-06-11T16:11:05.692+0000] {logging_mixin.py:188} INFO - [2026-06-11T16:11:05.692+0000] {dag.py:3036} INFO - Sync 1 DAGs
[2026-06-11T16:11:05.735+0000] {logging_mixin.py:188} INFO - [2026-06-11T16:11:05.734+0000] {dag.py:3823} INFO - Setting next_dagrun for crime_analytics_pipeline to 2026-06-06 19:00:00+00:00, run_after=2026-06-13 19:00:00+00:00
[2026-06-11T16:11:05.784+0000] {processor.py:183} INFO - Processing /opt/airflow/dags/dag_crime_pipeline.py took 0.205 seconds
[2026-06-11T16:11:36.799+0000] {processor.py:161} INFO - Started process (PID=374) to work on /opt/airflow/dags/dag_crime_pipeline.py
[2026-06-11T16:11:36.801+0000] {processor.py:830} INFO - Processing file /opt/airflow/dags/dag_crime_pipeline.py for tasks to queue
[2026-06-11T16:11:36.806+0000] {logging_mixin.py:188} INFO - [2026-06-11T16:11:36.805+0000] {dagbag.py:538} INFO - Filling up the DagBag from /opt/airflow/dags/dag_crime_pipeline.py
[2026-06-11T16:11:36.859+0000] {processor.py:840} INFO - DAG(s) 'crime_analytics_pipeline' retrieved from /opt/airflow/dags/dag_crime_pipeline.py
[2026-06-11T16:11:36.905+0000] {logging_mixin.py:188} INFO - [2026-06-11T16:11:36.905+0000] {dag.py:3036} INFO - Sync 1 DAGs
[2026-06-11T16:11:36.937+0000] {logging_mixin.py:188} INFO - [2026-06-11T16:11:36.937+0000] {dag.py:3823} INFO - Setting next_dagrun for crime_analytics_pipeline to 2026-06-06 19:00:00+00:00, run_after=2026-06-13 19:00:00+00:00
[2026-06-11T16:11:36.968+0000] {processor.py:183} INFO - Processing /opt/airflow/dags/dag_crime_pipeline.py took 0.175 seconds
[2026-06-11T16:12:07.338+0000] {processor.py:161} INFO - Started process (PID=379) to work on /opt/airflow/dags/dag_crime_pipeline.py
[2026-06-11T16:12:07.345+0000] {processor.py:830} INFO - Processing file /opt/airflow/dags/dag_crime_pipeline.py for tasks to queue
[2026-06-11T16:12:07.349+0000] {logging_mixin.py:188} INFO - [2026-06-11T16:12:07.348+0000] {dagbag.py:538} INFO - Filling up the DagBag from /opt/airflow/dags/dag_crime_pipeline.py
[2026-06-11T16:12:07.401+0000] {processor.py:840} INFO - DAG(s) 'crime_analytics_pipeline' retrieved from /opt/airflow/dags/dag_crime_pipeline.py
[2026-06-11T16:12:07.446+0000] {logging_mixin.py:188} INFO - [2026-06-11T16:12:07.446+0000] {dag.py:3036} INFO - Sync 1 DAGs
[2026-06-11T16:12:07.480+0000] {logging_mixin.py:188} INFO - [2026-06-11T16:12:07.480+0000] {dag.py:3823} INFO - Setting next_dagrun for crime_analytics_pipeline to 2026-06-06 19:00:00+00:00, run_after=2026-06-13 19:00:00+00:00
[2026-06-11T16:12:06.675+0000] {processor.py:183} INFO - Processing /opt/airflow/dags/dag_crime_pipeline.py took 0.181 seconds
[2026-06-11T16:12:37.596+0000] {processor.py:161} INFO - Started process (PID=384) to work on /opt/airflow/dags/dag_crime_pipeline.py
[2026-06-11T16:12:37.599+0000] {processor.py:830} INFO - Processing file /opt/airflow/dags/dag_crime_pipeline.py for tasks to queue
[2026-06-11T16:12:37.606+0000] {logging_mixin.py:188} INFO - [2026-06-11T16:12:37.605+0000] {dagbag.py:538} INFO - Filling up the DagBag from /opt/airflow/dags/dag_crime_pipeline.py
[2026-06-11T16:12:37.676+0000] {processor.py:840} INFO - DAG(s) 'crime_analytics_pipeline' retrieved from /opt/airflow/dags/dag_crime_pipeline.py
[2026-06-11T16:12:37.727+0000] {logging_mixin.py:188} INFO - [2026-06-11T16:12:37.726+0000] {dag.py:3036} INFO - Sync 1 DAGs
[2026-06-11T16:12:37.766+0000] {logging_mixin.py:188} INFO - [2026-06-11T16:12:37.765+0000] {dag.py:3823} INFO - Setting next_dagrun for crime_analytics_pipeline to 2026-06-06 19:00:00+00:00, run_after=2026-06-13 19:00:00+00:00
[2026-06-11T16:12:37.797+0000] {processor.py:183} INFO - Processing /opt/airflow/dags/dag_crime_pipeline.py took 0.207 seconds
[2026-06-11T16:13:08.686+0000] {processor.py:161} INFO - Started process (PID=389) to work on /opt/airflow/dags/dag_crime_pipeline.py
[2026-06-11T16:13:08.687+0000] {processor.py:830} INFO - Processing file /opt/airflow/dags/dag_crime_pipeline.py for tasks to queue
[2026-06-11T16:13:08.691+0000] {logging_mixin.py:188} INFO - [2026-06-11T16:13:08.690+0000] {dagbag.py:538} INFO - Filling up the DagBag from /opt/airflow/dags/dag_crime_pipeline.py
[2026-06-11T16:13:08.748+0000] {processor.py:840} INFO - DAG(s) 'crime_analytics_pipeline' retrieved from /opt/airflow/dags/dag_crime_pipeline.py
[2026-06-11T16:13:08.792+0000] {logging_mixin.py:188} INFO - [2026-06-11T16:13:08.791+0000] {dag.py:3036} INFO - Sync 1 DAGs
[2026-06-11T16:13:08.818+0000] {logging_mixin.py:188} INFO - [2026-06-11T16:13:08.818+0000] {dag.py:3823} INFO - Setting next_dagrun for crime_analytics_pipeline to 2026-06-06 19:00:00+00:00, run_after=2026-06-13 19:00:00+00:00
[2026-06-11T16:13:08.859+0000] {processor.py:183} INFO - Processing /opt/airflow/dags/dag_crime_pipeline.py took 0.179 seconds
[2026-06-11T16:13:39.958+0000] {processor.py:161} INFO - Started process (PID=394) to work on /opt/airflow/dags/dag_crime_pipeline.py
[2026-06-11T16:13:39.961+0000] {processor.py:830} INFO - Processing file /opt/airflow/dags/dag_crime_pipeline.py for tasks to queue
[2026-06-11T16:13:39.965+0000] {logging_mixin.py:188} INFO - [2026-06-11T16:13:39.964+0000] {dagbag.py:538} INFO - Filling up the DagBag from /opt/airflow/dags/dag_crime_pipeline.py
[2026-06-11T16:13:40.019+0000] {processor.py:840} INFO - DAG(s) 'crime_analytics_pipeline' retrieved from /opt/airflow/dags/dag_crime_pipeline.py
[2026-06-11T16:13:40.069+0000] {logging_mixin.py:188} INFO - [2026-06-11T16:13:40.068+0000] {dag.py:3036} INFO - Sync 1 DAGs
[2026-06-11T16:13:40.102+0000] {logging_mixin.py:188} INFO - [2026-06-11T16:13:40.102+0000] {dag.py:3823} INFO - Setting next_dagrun for crime_analytics_pipeline to 2026-06-06 19:00:00+00:00, run_after=2026-06-13 19:00:00+00:00
[2026-06-11T16:13:40.134+0000] {processor.py:183} INFO - Processing /opt/airflow/dags/dag_crime_pipeline.py took 0.183 seconds
[2026-06-11T16:14:11.046+0000] {processor.py:161} INFO - Started process (PID=399) to work on /opt/airflow/dags/dag_crime_pipeline.py
[2026-06-11T16:14:11.048+0000] {processor.py:830} INFO - Processing file /opt/airflow/dags/dag_crime_pipeline.py for tasks to queue
[2026-06-11T16:14:11.050+0000] {logging_mixin.py:188} INFO - [2026-06-11T16:14:11.050+0000] {dagbag.py:538} INFO - Filling up the DagBag from /opt/airflow/dags/dag_crime_pipeline.py
[2026-06-11T16:14:11.101+0000] {processor.py:840} INFO - DAG(s) 'crime_analytics_pipeline' retrieved from /opt/airflow/dags/dag_crime_pipeline.py
[2026-06-11T16:14:11.147+0000] {logging_mixin.py:188} INFO - [2026-06-11T16:14:11.146+0000] {dag.py:3036} INFO - Sync 1 DAGs
[2026-06-11T16:14:11.184+0000] {logging_mixin.py:188} INFO - [2026-06-11T16:14:11.183+0000] {dag.py:3823} INFO - Setting next_dagrun for crime_analytics_pipeline to 2026-06-06 19:00:00+00:00, run_after=2026-06-13 19:00:00+00:00
[2026-06-11T16:14:11.215+0000] {processor.py:183} INFO - Processing /opt/airflow/dags/dag_crime_pipeline.py took 0.173 seconds
[2026-06-11T16:14:42.064+0000] {processor.py:161} INFO - Started process (PID=404) to work on /opt/airflow/dags/dag_crime_pipeline.py
[2026-06-11T16:14:42.065+0000] {processor.py:830} INFO - Processing file /opt/airflow/dags/dag_crime_pipeline.py for tasks to queue
[2026-06-11T16:14:42.069+0000] {logging_mixin.py:188} INFO - [2026-06-11T16:14:42.068+0000] {dagbag.py:538} INFO - Filling up the DagBag from /opt/airflow/dags/dag_crime_pipeline.py
[2026-06-11T16:14:42.123+0000] {processor.py:840} INFO - DAG(s) 'crime_analytics_pipeline' retrieved from /opt/airflow/dags/dag_crime_pipeline.py
[2026-06-11T16:14:42.170+0000] {logging_mixin.py:188} INFO - [2026-06-11T16:14:42.169+0000] {dag.py:3036} INFO - Sync 1 DAGs
[2026-06-11T16:14:42.199+0000] {logging_mixin.py:188} INFO - [2026-06-11T16:14:42.199+0000] {dag.py:3823} INFO - Setting next_dagrun for crime_analytics_pipeline to 2026-06-06 19:00:00+00:00, run_after=2026-06-13 19:00:00+00:00
[2026-06-11T16:14:42.228+0000] {processor.py:183} INFO - Processing /opt/airflow/dags/dag_crime_pipeline.py took 0.170 seconds
[2026-06-11T16:15:13.200+0000] {processor.py:161} INFO - Started process (PID=409) to work on /opt/airflow/dags/dag_crime_pipeline.py
[2026-06-11T16:15:13.202+0000] {processor.py:830} INFO - Processing file /opt/airflow/dags/dag_crime_pipeline.py for tasks to queue
[2026-06-11T16:15:13.205+0000] {logging_mixin.py:188} INFO - [2026-06-11T16:15:13.204+0000] {dagbag.py:538} INFO - Filling up the DagBag from /opt/airflow/dags/dag_crime_pipeline.py
[2026-06-11T16:15:13.263+0000] {processor.py:840} INFO - DAG(s) 'crime_analytics_pipeline' retrieved from /opt/airflow/dags/dag_crime_pipeline.py
[2026-06-11T16:15:13.305+0000] {logging_mixin.py:188} INFO - [2026-06-11T16:15:13.304+0000] {dag.py:3036} INFO - Sync 1 DAGs
[2026-06-11T16:15:13.332+0000] {logging_mixin.py:188} INFO - [2026-06-11T16:15:13.332+0000] {dag.py:3823} INFO - Setting next_dagrun for crime_analytics_pipeline to 2026-06-06 19:00:00+00:00, run_after=2026-06-13 19:00:00+00:00
[2026-06-11T16:15:13.360+0000] {processor.py:183} INFO - Processing /opt/airflow/dags/dag_crime_pipeline.py took 0.164 seconds
[2026-06-11T16:15:44.155+0000] {processor.py:161} INFO - Started process (PID=414) to work on /opt/airflow/dags/dag_crime_pipeline.py
[2026-06-11T16:15:44.159+0000] {processor.py:830} INFO - Processing file /opt/airflow/dags/dag_crime_pipeline.py for tasks to queue
[2026-06-11T16:15:44.162+0000] {logging_mixin.py:188} INFO - [2026-06-11T16:15:44.162+0000] {dagbag.py:538} INFO - Filling up the DagBag from /opt/airflow/dags/dag_crime_pipeline.py
[2026-06-11T16:15:44.215+0000] {processor.py:840} INFO - DAG(s) 'crime_analytics_pipeline' retrieved from /opt/airflow/dags/dag_crime_pipeline.py
[2026-06-11T16:15:44.271+0000] {logging_mixin.py:188} INFO - [2026-06-11T16:15:44.270+0000] {dag.py:3036} INFO - Sync 1 DAGs
[2026-06-11T16:15:44.310+0000] {logging_mixin.py:188} INFO - [2026-06-11T16:15:44.310+0000] {dag.py:3823} INFO - Setting next_dagrun for crime_analytics_pipeline to 2026-06-06 19:00:00+00:00, run_after=2026-06-13 19:00:00+00:00
[2026-06-11T16:15:44.371+0000] {processor.py:183} INFO - Processing /opt/airflow/dags/dag_crime_pipeline.py took 0.220 seconds
[2026-06-11T16:16:14.567+0000] {processor.py:161} INFO - Started process (PID=419) to work on /opt/airflow/dags/dag_crime_pipeline.py
[2026-06-11T16:16:14.568+0000] {processor.py:830} INFO - Processing file /opt/airflow/dags/dag_crime_pipeline.py for tasks to queue
[2026-06-11T16:16:14.571+0000] {logging_mixin.py:188} INFO - [2026-06-11T16:16:14.571+0000] {dagbag.py:538} INFO - Filling up the DagBag from /opt/airflow/dags/dag_crime_pipeline.py
[2026-06-11T16:16:14.618+0000] {processor.py:840} INFO - DAG(s) 'crime_analytics_pipeline' retrieved from /opt/airflow/dags/dag_crime_pipeline.py
[2026-06-11T16:16:14.655+0000] {logging_mixin.py:188} INFO - [2026-06-11T16:16:14.655+0000] {dag.py:3036} INFO - Sync 1 DAGs
[2026-06-11T16:16:14.686+0000] {logging_mixin.py:188} INFO - [2026-06-11T16:16:14.685+0000] {dag.py:3823} INFO - Setting next_dagrun for crime_analytics_pipeline to 2026-06-06 19:00:00+00:00, run_after=2026-06-13 19:00:00+00:00
[2026-06-11T16:16:14.719+0000] {processor.py:183} INFO - Processing /opt/airflow/dags/dag_crime_pipeline.py took 0.157 seconds
[2026-06-11T16:16:45.643+0000] {processor.py:161} INFO - Started process (PID=424) to work on /opt/airflow/dags/dag_crime_pipeline.py
[2026-06-11T16:16:45.645+0000] {processor.py:830} INFO - Processing file /opt/airflow/dags/dag_crime_pipeline.py for tasks to queue
[2026-06-11T16:16:45.648+0000] {logging_mixin.py:188} INFO - [2026-06-11T16:16:45.648+0000] {dagbag.py:538} INFO - Filling up the DagBag from /opt/airflow/dags/dag_crime_pipeline.py
[2026-06-11T16:16:45.704+0000] {processor.py:840} INFO - DAG(s) 'crime_analytics_pipeline' retrieved from /opt/airflow/dags/dag_crime_pipeline.py
[2026-06-11T16:16:45.758+0000] {logging_mixin.py:188} INFO - [2026-06-11T16:16:45.758+0000] {dag.py:3036} INFO - Sync 1 DAGs
[2026-06-11T16:16:45.789+0000] {logging_mixin.py:188} INFO - [2026-06-11T16:16:45.788+0000] {dag.py:3823} INFO - Setting next_dagrun for crime_analytics_pipeline to 2026-06-06 19:00:00+00:00, run_after=2026-06-13 19:00:00+00:00
[2026-06-11T16:16:45.824+0000] {processor.py:183} INFO - Processing /opt/airflow/dags/dag_crime_pipeline.py took 0.186 seconds
[2026-06-11T16:17:15.938+0000] {processor.py:161} INFO - Started process (PID=429) to work on /opt/airflow/dags/dag_crime_pipeline.py
[2026-06-11T16:17:15.940+0000] {processor.py:830} INFO - Processing file /opt/airflow/dags/dag_crime_pipeline.py for tasks to queue
[2026-06-11T16:17:15.945+0000] {logging_mixin.py:188} INFO - [2026-06-11T16:17:15.944+0000] {dagbag.py:538} INFO - Filling up the DagBag from /opt/airflow/dags/dag_crime_pipeline.py
[2026-06-11T16:17:16.012+0000] {processor.py:840} INFO - DAG(s) 'crime_analytics_pipeline' retrieved from /opt/airflow/dags/dag_crime_pipeline.py
[2026-06-11T16:17:16.060+0000] {logging_mixin.py:188} INFO - [2026-06-11T16:17:16.060+0000] {dag.py:3036} INFO - Sync 1 DAGs
[2026-06-11T16:17:16.105+0000] {logging_mixin.py:188} INFO - [2026-06-11T16:17:16.104+0000] {dag.py:3823} INFO - Setting next_dagrun for crime_analytics_pipeline to 2026-06-06 19:00:00+00:00, run_after=2026-06-13 19:00:00+00:00
[2026-06-11T16:17:16.138+0000] {processor.py:183} INFO - Processing /opt/airflow/dags/dag_crime_pipeline.py took 0.207 seconds
[2026-06-11T16:17:46.989+0000] {processor.py:161} INFO - Started process (PID=434) to work on /opt/airflow/dags/dag_crime_pipeline.py
[2026-06-11T16:17:46.990+0000] {processor.py:830} INFO - Processing file /opt/airflow/dags/dag_crime_pipeline.py for tasks to queue
[2026-06-11T16:17:46.994+0000] {logging_mixin.py:188} INFO - [2026-06-11T16:17:46.993+0000] {dagbag.py:538} INFO - Filling up the DagBag from /opt/airflow/dags/dag_crime_pipeline.py
[2026-06-11T16:17:47.051+0000] {processor.py:840} INFO - DAG(s) 'crime_analytics_pipeline' retrieved from /opt/airflow/dags/dag_crime_pipeline.py
[2026-06-11T16:17:47.097+0000] {logging_mixin.py:188} INFO - [2026-06-11T16:17:47.096+0000] {dag.py:3036} INFO - Sync 1 DAGs
[2026-06-11T16:17:47.133+0000] {logging_mixin.py:188} INFO - [2026-06-11T16:17:47.133+0000] {dag.py:3823} INFO - Setting next_dagrun for crime_analytics_pipeline to 2026-06-06 19:00:00+00:00, run_after=2026-06-13 19:00:00+00:00
[2026-06-11T16:17:47.170+0000] {processor.py:183} INFO - Processing /opt/airflow/dags/dag_crime_pipeline.py took 0.186 seconds
[2026-06-11T16:18:18.129+0000] {processor.py:161} INFO - Started process (PID=439) to work on /opt/airflow/dags/dag_crime_pipeline.py
[2026-06-11T16:18:18.131+0000] {processor.py:830} INFO - Processing file /opt/airflow/dags/dag_crime_pipeline.py for tasks to queue
[2026-06-11T16:18:18.136+0000] {logging_mixin.py:188} INFO - [2026-06-11T16:18:18.136+0000] {dagbag.py:538} INFO - Filling up the DagBag from /opt/airflow/dags/dag_crime_pipeline.py
[2026-06-11T16:18:18.186+0000] {processor.py:840} INFO - DAG(s) 'crime_analytics_pipeline' retrieved from /opt/airflow/dags/dag_crime_pipeline.py
[2026-06-11T16:18:18.230+0000] {logging_mixin.py:188} INFO - [2026-06-11T16:18:18.229+0000] {dag.py:3036} INFO - Sync 1 DAGs
[2026-06-11T16:18:18.259+0000] {logging_mixin.py:188} INFO - [2026-06-11T16:18:18.259+0000] {dag.py:3823} INFO - Setting next_dagrun for crime_analytics_pipeline to 2026-06-06 19:00:00+00:00, run_after=2026-06-13 19:00:00+00:00
[2026-06-11T16:18:18.288+0000] {processor.py:183} INFO - Processing /opt/airflow/dags/dag_crime_pipeline.py took 0.164 seconds
[2026-06-11T16:18:48.960+0000] {processor.py:161} INFO - Started process (PID=444) to work on /opt/airflow/dags/dag_crime_pipeline.py
[2026-06-11T16:18:48.962+0000] {processor.py:830} INFO - Processing file /opt/airflow/dags/dag_crime_pipeline.py for tasks to queue
[2026-06-11T16:18:48.965+0000] {logging_mixin.py:188} INFO - [2026-06-11T16:18:48.965+0000] {dagbag.py:538} INFO - Filling up the DagBag from /opt/airflow/dags/dag_crime_pipeline.py
[2026-06-11T16:18:49.019+0000] {processor.py:840} INFO - DAG(s) 'crime_analytics_pipeline' retrieved from /opt/airflow/dags/dag_crime_pipeline.py
[2026-06-11T16:18:49.062+0000] {logging_mixin.py:188} INFO - [2026-06-11T16:18:49.062+0000] {dag.py:3036} INFO - Sync 1 DAGs
[2026-06-11T16:18:49.092+0000] {logging_mixin.py:188} INFO - [2026-06-11T16:18:49.091+0000] {dag.py:3823} INFO - Setting next_dagrun for crime_analytics_pipeline to 2026-06-06 19:00:00+00:00, run_after=2026-06-13 19:00:00+00:00
[2026-06-11T16:18:49.117+0000] {processor.py:183} INFO - Processing /opt/airflow/dags/dag_crime_pipeline.py took 0.163 seconds
[2026-06-11T16:19:20.118+0000] {processor.py:161} INFO - Started process (PID=449) to work on /opt/airflow/dags/dag_crime_pipeline.py
[2026-06-11T16:19:20.120+0000] {processor.py:830} INFO - Processing file /opt/airflow/dags/dag_crime_pipeline.py for tasks to queue
[2026-06-11T16:19:20.124+0000] {logging_mixin.py:188} INFO - [2026-06-11T16:19:20.124+0000] {dagbag.py:538} INFO - Filling up the DagBag from /opt/airflow/dags/dag_crime_pipeline.py
[2026-06-11T16:19:20.182+0000] {processor.py:840} INFO - DAG(s) 'crime_analytics_pipeline' retrieved from /opt/airflow/dags/dag_crime_pipeline.py
[2026-06-11T16:19:20.224+0000] {logging_mixin.py:188} INFO - [2026-06-11T16:19:20.223+0000] {dag.py:3036} INFO - Sync 1 DAGs
[2026-06-11T16:19:20.255+0000] {logging_mixin.py:188} INFO - [2026-06-11T16:19:20.255+0000] {dag.py:3823} INFO - Setting next_dagrun for crime_analytics_pipeline to 2026-06-06 19:00:00+00:00, run_after=2026-06-13 19:00:00+00:00
[2026-06-11T16:19:20.284+0000] {processor.py:183} INFO - Processing /opt/airflow/dags/dag_crime_pipeline.py took 0.171 seconds
[2026-06-11T16:19:51.183+0000] {processor.py:161} INFO - Started process (PID=454) to work on /opt/airflow/dags/dag_crime_pipeline.py
[2026-06-11T16:19:51.186+0000] {processor.py:830} INFO - Processing file /opt/airflow/dags/dag_crime_pipeline.py for tasks to queue
[2026-06-11T16:19:51.191+0000] {logging_mixin.py:188} INFO - [2026-06-11T16:19:51.191+0000] {dagbag.py:538} INFO - Filling up the DagBag from /opt/airflow/dags/dag_crime_pipeline.py
[2026-06-11T16:19:51.250+0000] {processor.py:840} INFO - DAG(s) 'crime_analytics_pipeline' retrieved from /opt/airflow/dags/dag_crime_pipeline.py
[2026-06-11T16:19:51.304+0000] {logging_mixin.py:188} INFO - [2026-06-11T16:19:51.303+0000] {dag.py:3036} INFO - Sync 1 DAGs
[2026-06-11T16:19:51.343+0000] {logging_mixin.py:188} INFO - [2026-06-11T16:19:51.342+0000] {dag.py:3823} INFO - Setting next_dagrun for crime_analytics_pipeline to 2026-06-06 19:00:00+00:00, run_after=2026-06-13 19:00:00+00:00
[2026-06-11T16:19:51.392+0000] {processor.py:183} INFO - Processing /opt/airflow/dags/dag_crime_pipeline.py took 0.217 seconds
[2026-06-11T16:20:22.381+0000] {processor.py:161} INFO - Started process (PID=459) to work on /opt/airflow/dags/dag_crime_pipeline.py
[2026-06-11T16:20:22.384+0000] {processor.py:830} INFO - Processing file /opt/airflow/dags/dag_crime_pipeline.py for tasks to queue
[2026-06-11T16:20:22.388+0000] {logging_mixin.py:188} INFO - [2026-06-11T16:20:22.388+0000] {dagbag.py:538} INFO - Filling up the DagBag from /opt/airflow/dags/dag_crime_pipeline.py
[2026-06-11T16:20:22.445+0000] {processor.py:840} INFO - DAG(s) 'crime_analytics_pipeline' retrieved from /opt/airflow/dags/dag_crime_pipeline.py
[2026-06-11T16:20:22.490+0000] {logging_mixin.py:188} INFO - [2026-06-11T16:20:22.490+0000] {dag.py:3036} INFO - Sync 1 DAGs
[2026-06-11T16:20:22.523+0000] {logging_mixin.py:188} INFO - [2026-06-11T16:20:22.522+0000] {dag.py:3823} INFO - Setting next_dagrun for crime_analytics_pipeline to 2026-06-06 19:00:00+00:00, run_after=2026-06-13 19:00:00+00:00
[2026-06-11T16:20:22.570+0000] {processor.py:183} INFO - Processing /opt/airflow/dags/dag_crime_pipeline.py took 0.196 seconds
[2026-06-11T16:20:53.589+0000] {processor.py:161} INFO - Started process (PID=474) to work on /opt/airflow/dags/dag_crime_pipeline.py
[2026-06-11T16:20:53.590+0000] {processor.py:830} INFO - Processing file /opt/airflow/dags/dag_crime_pipeline.py for tasks to queue
[2026-06-11T16:20:53.595+0000] {logging_mixin.py:188} INFO - [2026-06-11T16:20:53.594+0000] {dagbag.py:538} INFO - Filling up the DagBag from /opt/airflow/dags/dag_crime_pipeline.py
[2026-06-11T16:20:53.648+0000] {processor.py:840} INFO - DAG(s) 'crime_analytics_pipeline' retrieved from /opt/airflow/dags/dag_crime_pipeline.py
[2026-06-11T16:20:53.692+0000] {logging_mixin.py:188} INFO - [2026-06-11T16:20:53.691+0000] {dag.py:3036} INFO - Sync 1 DAGs
[2026-06-11T16:20:53.765+0000] {processor.py:183} INFO - Processing /opt/airflow/dags/dag_crime_pipeline.py took 0.181 seconds
[2026-06-11T16:21:24.553+0000] {processor.py:161} INFO - Started process (PID=529) to work on /opt/airflow/dags/dag_crime_pipeline.py
[2026-06-11T16:21:24.555+0000] {processor.py:830} INFO - Processing file /opt/airflow/dags/dag_crime_pipeline.py for tasks to queue
[2026-06-11T16:21:24.558+0000] {logging_mixin.py:188} INFO - [2026-06-11T16:21:24.557+0000] {dagbag.py:538} INFO - Filling up the DagBag from /opt/airflow/dags/dag_crime_pipeline.py
[2026-06-11T16:21:24.602+0000] {processor.py:840} INFO - DAG(s) 'crime_analytics_pipeline' retrieved from /opt/airflow/dags/dag_crime_pipeline.py
[2026-06-11T16:21:24.639+0000] {logging_mixin.py:188} INFO - [2026-06-11T16:21:24.637+0000] {dag.py:3036} INFO - Sync 1 DAGs
[2026-06-11T16:21:24.694+0000] {processor.py:183} INFO - Processing /opt/airflow/dags/dag_crime_pipeline.py took 0.146 seconds
[2026-06-11T16:21:55.654+0000] {processor.py:161} INFO - Started process (PID=538) to work on /opt/airflow/dags/dag_crime_pipeline.py
[2026-06-11T16:21:55.656+0000] {processor.py:830} INFO - Processing file /opt/airflow/dags/dag_crime_pipeline.py for tasks to queue
[2026-06-11T16:21:55.660+0000] {logging_mixin.py:188} INFO - [2026-06-11T16:21:55.659+0000] {dagbag.py:538} INFO - Filling up the DagBag from /opt/airflow/dags/dag_crime_pipeline.py
[2026-06-11T16:21:55.709+0000] {processor.py:840} INFO - DAG(s) 'crime_analytics_pipeline' retrieved from /opt/airflow/dags/dag_crime_pipeline.py
[2026-06-11T16:21:55.747+0000] {logging_mixin.py:188} INFO - [2026-06-11T16:21:55.747+0000] {dag.py:3036} INFO - Sync 1 DAGs
[2026-06-11T16:21:55.823+0000] {processor.py:183} INFO - Processing /opt/airflow/dags/dag_crime_pipeline.py took 0.174 seconds
[2026-06-11T16:22:26.571+0000] {processor.py:161} INFO - Started process (PID=549) to work on /opt/airflow/dags/dag_crime_pipeline.py
[2026-06-11T16:22:26.573+0000] {processor.py:830} INFO - Processing file /opt/airflow/dags/dag_crime_pipeline.py for tasks to queue
[2026-06-11T16:22:26.577+0000] {logging_mixin.py:188} INFO - [2026-06-11T16:22:26.577+0000] {dagbag.py:538} INFO - Filling up the DagBag from /opt/airflow/dags/dag_crime_pipeline.py
[2026-06-11T16:22:26.624+0000] {processor.py:840} INFO - DAG(s) 'crime_analytics_pipeline' retrieved from /opt/airflow/dags/dag_crime_pipeline.py
[2026-06-11T16:22:26.664+0000] {logging_mixin.py:188} INFO - [2026-06-11T16:22:26.663+0000] {dag.py:3036} INFO - Sync 1 DAGs
[2026-06-11T16:22:26.731+0000] {processor.py:183} INFO - Processing /opt/airflow/dags/dag_crime_pipeline.py took 0.165 seconds
[2026-06-11T16:22:56.888+0000] {processor.py:161} INFO - Started process (PID=556) to work on /opt/airflow/dags/dag_crime_pipeline.py
[2026-06-11T16:22:56.889+0000] {processor.py:830} INFO - Processing file /opt/airflow/dags/dag_crime_pipeline.py for tasks to queue
[2026-06-11T16:22:56.892+0000] {logging_mixin.py:188} INFO - [2026-06-11T16:22:56.891+0000] {dagbag.py:538} INFO - Filling up the DagBag from /opt/airflow/dags/dag_crime_pipeline.py
[2026-06-11T16:22:56.939+0000] {processor.py:840} INFO - DAG(s) 'crime_analytics_pipeline' retrieved from /opt/airflow/dags/dag_crime_pipeline.py
[2026-06-11T16:22:56.984+0000] {logging_mixin.py:188} INFO - [2026-06-11T16:22:56.983+0000] {dag.py:3036} INFO - Sync 1 DAGs
[2026-06-11T16:22:57.063+0000] {processor.py:183} INFO - Processing /opt/airflow/dags/dag_crime_pipeline.py took 0.179 seconds
[2026-06-11T16:23:28.014+0000] {processor.py:161} INFO - Started process (PID=564) to work on /opt/airflow/dags/dag_crime_pipeline.py
[2026-06-11T16:23:28.016+0000] {processor.py:830} INFO - Processing file /opt/airflow/dags/dag_crime_pipeline.py for tasks to queue
[2026-06-11T16:23:28.019+0000] {logging_mixin.py:188} INFO - [2026-06-11T16:23:28.019+0000] {dagbag.py:538} INFO - Filling up the DagBag from /opt/airflow/dags/dag_crime_pipeline.py
[2026-06-11T16:23:28.071+0000] {processor.py:840} INFO - DAG(s) 'crime_analytics_pipeline' retrieved from /opt/airflow/dags/dag_crime_pipeline.py
[2026-06-11T16:23:28.110+0000] {logging_mixin.py:188} INFO - [2026-06-11T16:23:28.110+0000] {dag.py:3036} INFO - Sync 1 DAGs
[2026-06-11T16:23:28.161+0000] {processor.py:183} INFO - Processing /opt/airflow/dags/dag_crime_pipeline.py took 0.152 seconds
[2026-06-11T16:23:59.241+0000] {processor.py:161} INFO - Started process (PID=569) to work on /opt/airflow/dags/dag_crime_pipeline.py
[2026-06-11T16:23:59.242+0000] {processor.py:830} INFO - Processing file /opt/airflow/dags/dag_crime_pipeline.py for tasks to queue
[2026-06-11T16:23:59.245+0000] {logging_mixin.py:188} INFO - [2026-06-11T16:23:59.244+0000] {dagbag.py:538} INFO - Filling up the DagBag from /opt/airflow/dags/dag_crime_pipeline.py
[2026-06-11T16:23:59.294+0000] {processor.py:840} INFO - DAG(s) 'crime_analytics_pipeline' retrieved from /opt/airflow/dags/dag_crime_pipeline.py
[2026-06-11T16:23:59.337+0000] {logging_mixin.py:188} INFO - [2026-06-11T16:23:59.336+0000] {dag.py:3036} INFO - Sync 1 DAGs
[2026-06-11T16:23:59.397+0000] {processor.py:183} INFO - Processing /opt/airflow/dags/dag_crime_pipeline.py took 0.160 seconds
[2026-06-11T16:24:30.371+0000] {processor.py:161} INFO - Started process (PID=574) to work on /opt/airflow/dags/dag_crime_pipeline.py
[2026-06-11T16:24:30.374+0000] {processor.py:830} INFO - Processing file /opt/airflow/dags/dag_crime_pipeline.py for tasks to queue
[2026-06-11T16:24:30.379+0000] {logging_mixin.py:188} INFO - [2026-06-11T16:24:30.378+0000] {dagbag.py:538} INFO - Filling up the DagBag from /opt/airflow/dags/dag_crime_pipeline.py
[2026-06-11T16:24:30.430+0000] {processor.py:840} INFO - DAG(s) 'crime_analytics_pipeline' retrieved from /opt/airflow/dags/dag_crime_pipeline.py
[2026-06-11T16:24:30.476+0000] {logging_mixin.py:188} INFO - [2026-06-11T16:24:30.475+0000] {dag.py:3036} INFO - Sync 1 DAGs
[2026-06-11T16:24:30.563+0000] {processor.py:183} INFO - Processing /opt/airflow/dags/dag_crime_pipeline.py took 0.196 seconds
[2026-06-11T16:25:00.942+0000] {processor.py:161} INFO - Started process (PID=579) to work on /opt/airflow/dags/dag_crime_pipeline.py
[2026-06-11T16:25:00.944+0000] {processor.py:830} INFO - Processing file /opt/airflow/dags/dag_crime_pipeline.py for tasks to queue
[2026-06-11T16:25:00.949+0000] {logging_mixin.py:188} INFO - [2026-06-11T16:25:00.948+0000] {dagbag.py:538} INFO - Filling up the DagBag from /opt/airflow/dags/dag_crime_pipeline.py
[2026-06-11T16:25:01.002+0000] {processor.py:840} INFO - DAG(s) 'crime_analytics_pipeline' retrieved from /opt/airflow/dags/dag_crime_pipeline.py
[2026-06-11T16:25:01.050+0000] {logging_mixin.py:188} INFO - [2026-06-11T16:25:01.050+0000] {dag.py:3036} INFO - Sync 1 DAGs
[2026-06-11T16:25:01.137+0000] {processor.py:183} INFO - Processing /opt/airflow/dags/dag_crime_pipeline.py took 0.201 seconds
[2026-06-11T16:25:32.202+0000] {processor.py:161} INFO - Started process (PID=584) to work on /opt/airflow/dags/dag_crime_pipeline.py
[2026-06-11T16:25:32.204+0000] {processor.py:830} INFO - Processing file /opt/airflow/dags/dag_crime_pipeline.py for tasks to queue
[2026-06-11T16:25:32.208+0000] {logging_mixin.py:188} INFO - [2026-06-11T16:25:32.207+0000] {dagbag.py:538} INFO - Filling up the DagBag from /opt/airflow/dags/dag_crime_pipeline.py
[2026-06-11T16:25:32.266+0000] {processor.py:840} INFO - DAG(s) 'crime_analytics_pipeline' retrieved from /opt/airflow/dags/dag_crime_pipeline.py
[2026-06-11T16:25:32.313+0000] {logging_mixin.py:188} INFO - [2026-06-11T16:25:32.312+0000] {dag.py:3036} INFO - Sync 1 DAGs
[2026-06-11T16:25:32.395+0000] {processor.py:183} INFO - Processing /opt/airflow/dags/dag_crime_pipeline.py took 0.199 seconds
[2026-06-11T16:26:03.378+0000] {processor.py:161} INFO - Started process (PID=589) to work on /opt/airflow/dags/dag_crime_pipeline.py
[2026-06-11T16:26:03.379+0000] {processor.py:830} INFO - Processing file /opt/airflow/dags/dag_crime_pipeline.py for tasks to queue
[2026-06-11T16:26:03.383+0000] {logging_mixin.py:188} INFO - [2026-06-11T16:26:03.383+0000] {dagbag.py:538} INFO - Filling up the DagBag from /opt/airflow/dags/dag_crime_pipeline.py
[2026-06-11T16:26:03.440+0000] {processor.py:840} INFO - DAG(s) 'crime_analytics_pipeline' retrieved from /opt/airflow/dags/dag_crime_pipeline.py
[2026-06-11T16:26:03.484+0000] {logging_mixin.py:188} INFO - [2026-06-11T16:26:03.484+0000] {dag.py:3036} INFO - Sync 1 DAGs
[2026-06-11T16:26:03.542+0000] {processor.py:183} INFO - Processing /opt/airflow/dags/dag_crime_pipeline.py took 0.170 seconds
[2026-06-11T16:26:34.416+0000] {processor.py:161} INFO - Started process (PID=594) to work on /opt/airflow/dags/dag_crime_pipeline.py
[2026-06-11T16:26:34.418+0000] {processor.py:830} INFO - Processing file /opt/airflow/dags/dag_crime_pipeline.py for tasks to queue
[2026-06-11T16:26:34.424+0000] {logging_mixin.py:188} INFO - [2026-06-11T16:26:34.423+0000] {dagbag.py:538} INFO - Filling up the DagBag from /opt/airflow/dags/dag_crime_pipeline.py
[2026-06-11T16:26:34.478+0000] {processor.py:840} INFO - DAG(s) 'crime_analytics_pipeline' retrieved from /opt/airflow/dags/dag_crime_pipeline.py
[2026-06-11T16:26:34.523+0000] {logging_mixin.py:188} INFO - [2026-06-11T16:26:34.523+0000] {dag.py:3036} INFO - Sync 1 DAGs
[2026-06-11T16:26:34.574+0000] {processor.py:183} INFO - Processing /opt/airflow/dags/dag_crime_pipeline.py took 0.164 seconds
[2026-06-11T16:27:05.503+0000] {processor.py:161} INFO - Started process (PID=599) to work on /opt/airflow/dags/dag_crime_pipeline.py
[2026-06-11T16:27:05.505+0000] {processor.py:830} INFO - Processing file /opt/airflow/dags/dag_crime_pipeline.py for tasks to queue
[2026-06-11T16:27:05.508+0000] {logging_mixin.py:188} INFO - [2026-06-11T16:27:05.508+0000] {dagbag.py:538} INFO - Filling up the DagBag from /opt/airflow/dags/dag_crime_pipeline.py
[2026-06-11T16:27:05.561+0000] {processor.py:840} INFO - DAG(s) 'crime_analytics_pipeline' retrieved from /opt/airflow/dags/dag_crime_pipeline.py
[2026-06-11T16:27:05.621+0000] {logging_mixin.py:188} INFO - [2026-06-11T16:27:05.621+0000] {dag.py:3036} INFO - Sync 1 DAGs
[2026-06-11T16:27:05.693+0000] {processor.py:183} INFO - Processing /opt/airflow/dags/dag_crime_pipeline.py took 0.194 seconds
[2026-06-11T16:27:36.686+0000] {processor.py:161} INFO - Started process (PID=604) to work on /opt/airflow/dags/dag_crime_pipeline.py
[2026-06-11T16:27:36.688+0000] {processor.py:830} INFO - Processing file /opt/airflow/dags/dag_crime_pipeline.py for tasks to queue
[2026-06-11T16:27:36.691+0000] {logging_mixin.py:188} INFO - [2026-06-11T16:27:36.690+0000] {dagbag.py:538} INFO - Filling up the DagBag from /opt/airflow/dags/dag_crime_pipeline.py
[2026-06-11T16:27:36.749+0000] {processor.py:840} INFO - DAG(s) 'crime_analytics_pipeline' retrieved from /opt/airflow/dags/dag_crime_pipeline.py
[2026-06-11T16:27:36.797+0000] {logging_mixin.py:188} INFO - [2026-06-11T16:27:36.796+0000] {dag.py:3036} INFO - Sync 1 DAGs
[2026-06-11T16:27:36.876+0000] {processor.py:183} INFO - Processing /opt/airflow/dags/dag_crime_pipeline.py took 0.194 seconds
[2026-06-11T16:28:07.783+0000] {processor.py:161} INFO - Started process (PID=609) to work on /opt/airflow/dags/dag_crime_pipeline.py
[2026-06-11T16:28:07.786+0000] {processor.py:830} INFO - Processing file /opt/airflow/dags/dag_crime_pipeline.py for tasks to queue
[2026-06-11T16:28:07.792+0000] {logging_mixin.py:188} INFO - [2026-06-11T16:28:07.791+0000] {dagbag.py:538} INFO - Filling up the DagBag from /opt/airflow/dags/dag_crime_pipeline.py
[2026-06-11T16:28:07.842+0000] {processor.py:840} INFO - DAG(s) 'crime_analytics_pipeline' retrieved from /opt/airflow/dags/dag_crime_pipeline.py
[2026-06-11T16:28:07.887+0000] {logging_mixin.py:188} INFO - [2026-06-11T16:28:07.886+0000] {dag.py:3036} INFO - Sync 1 DAGs
[2026-06-11T16:28:07.941+0000] {processor.py:183} INFO - Processing /opt/airflow/dags/dag_crime_pipeline.py took 0.162 seconds
[2026-06-11T16:28:38.839+0000] {processor.py:161} INFO - Started process (PID=687) to work on /opt/airflow/dags/dag_crime_pipeline.py
[2026-06-11T16:28:38.840+0000] {processor.py:830} INFO - Processing file /opt/airflow/dags/dag_crime_pipeline.py for tasks to queue
[2026-06-11T16:28:38.844+0000] {logging_mixin.py:188} INFO - [2026-06-11T16:28:38.844+0000] {dagbag.py:538} INFO - Filling up the DagBag from /opt/airflow/dags/dag_crime_pipeline.py
[2026-06-11T16:28:38.908+0000] {processor.py:840} INFO - DAG(s) 'crime_analytics_pipeline' retrieved from /opt/airflow/dags/dag_crime_pipeline.py
[2026-06-11T16:28:38.950+0000] {logging_mixin.py:188} INFO - [2026-06-11T16:28:38.950+0000] {dag.py:3036} INFO - Sync 1 DAGs
[2026-06-11T16:28:39.004+0000] {processor.py:183} INFO - Processing /opt/airflow/dags/dag_crime_pipeline.py took 0.169 seconds
[2026-06-11T16:29:09.132+0000] {processor.py:161} INFO - Started process (PID=692) to work on /opt/airflow/dags/dag_crime_pipeline.py
[2026-06-11T16:29:09.134+0000] {processor.py:830} INFO - Processing file /opt/airflow/dags/dag_crime_pipeline.py for tasks to queue
[2026-06-11T16:29:09.138+0000] {logging_mixin.py:188} INFO - [2026-06-11T16:29:09.137+0000] {dagbag.py:538} INFO - Filling up the DagBag from /opt/airflow/dags/dag_crime_pipeline.py
[2026-06-11T16:29:09.188+0000] {processor.py:840} INFO - DAG(s) 'crime_analytics_pipeline' retrieved from /opt/airflow/dags/dag_crime_pipeline.py
[2026-06-11T16:29:09.232+0000] {logging_mixin.py:188} INFO - [2026-06-11T16:29:09.231+0000] {dag.py:3036} INFO - Sync 1 DAGs
[2026-06-11T16:29:09.290+0000] {processor.py:183} INFO - Processing /opt/airflow/dags/dag_crime_pipeline.py took 0.162 seconds
[2026-06-11T16:29:39.408+0000] {processor.py:161} INFO - Started process (PID=697) to work on /opt/airflow/dags/dag_crime_pipeline.py
[2026-06-11T16:29:39.410+0000] {processor.py:830} INFO - Processing file /opt/airflow/dags/dag_crime_pipeline.py for tasks to queue
[2026-06-11T16:29:39.415+0000] {logging_mixin.py:188} INFO - [2026-06-11T16:29:39.414+0000] {dagbag.py:538} INFO - Filling up the DagBag from /opt/airflow/dags/dag_crime_pipeline.py
[2026-06-11T16:29:39.475+0000] {processor.py:840} INFO - DAG(s) 'crime_analytics_pipeline' retrieved from /opt/airflow/dags/dag_crime_pipeline.py
[2026-06-11T16:29:39.523+0000] {logging_mixin.py:188} INFO - [2026-06-11T16:29:39.522+0000] {dag.py:3036} INFO - Sync 1 DAGs
[2026-06-11T16:29:39.594+0000] {processor.py:183} INFO - Processing /opt/airflow/dags/dag_crime_pipeline.py took 0.192 seconds
[2026-06-11T16:30:09.786+0000] {processor.py:161} INFO - Started process (PID=702) to work on /opt/airflow/dags/dag_crime_pipeline.py
[2026-06-11T16:30:09.788+0000] {processor.py:830} INFO - Processing file /opt/airflow/dags/dag_crime_pipeline.py for tasks to queue
[2026-06-11T16:30:09.792+0000] {logging_mixin.py:188} INFO - [2026-06-11T16:30:09.791+0000] {dagbag.py:538} INFO - Filling up the DagBag from /opt/airflow/dags/dag_crime_pipeline.py
[2026-06-11T16:30:09.838+0000] {processor.py:840} INFO - DAG(s) 'crime_analytics_pipeline' retrieved from /opt/airflow/dags/dag_crime_pipeline.py
[2026-06-11T16:30:09.881+0000] {logging_mixin.py:188} INFO - [2026-06-11T16:30:09.881+0000] {dag.py:3036} INFO - Sync 1 DAGs
[2026-06-11T16:30:09.935+0000] {processor.py:183} INFO - Processing /opt/airflow/dags/dag_crime_pipeline.py took 0.153 seconds
[2026-06-11T16:30:40.865+0000] {processor.py:161} INFO - Started process (PID=707) to work on /opt/airflow/dags/dag_crime_pipeline.py
[2026-06-11T16:30:40.867+0000] {processor.py:830} INFO - Processing file /opt/airflow/dags/dag_crime_pipeline.py for tasks to queue
[2026-06-11T16:30:40.871+0000] {logging_mixin.py:188} INFO - [2026-06-11T16:30:40.870+0000] {dagbag.py:538} INFO - Filling up the DagBag from /opt/airflow/dags/dag_crime_pipeline.py
[2026-06-11T16:30:40.931+0000] {processor.py:840} INFO - DAG(s) 'crime_analytics_pipeline' retrieved from /opt/airflow/dags/dag_crime_pipeline.py
[2026-06-11T16:30:40.982+0000] {logging_mixin.py:188} INFO - [2026-06-11T16:30:40.981+0000] {dag.py:3036} INFO - Sync 1 DAGs
[2026-06-11T16:30:41.066+0000] {processor.py:183} INFO - Processing /opt/airflow/dags/dag_crime_pipeline.py took 0.208 seconds
[2026-06-11T16:31:11.899+0000] {processor.py:161} INFO - Started process (PID=712) to work on /opt/airflow/dags/dag_crime_pipeline.py
[2026-06-11T16:31:11.900+0000] {processor.py:830} INFO - Processing file /opt/airflow/dags/dag_crime_pipeline.py for tasks to queue
[2026-06-11T16:31:11.903+0000] {logging_mixin.py:188} INFO - [2026-06-11T16:31:11.903+0000] {dagbag.py:538} INFO - Filling up the DagBag from /opt/airflow/dags/dag_crime_pipeline.py
[2026-06-11T16:31:11.959+0000] {processor.py:840} INFO - DAG(s) 'crime_analytics_pipeline' retrieved from /opt/airflow/dags/dag_crime_pipeline.py
[2026-06-11T16:31:12.008+0000] {logging_mixin.py:188} INFO - [2026-06-11T16:31:12.007+0000] {dag.py:3036} INFO - Sync 1 DAGs
[2026-06-11T16:31:12.068+0000] {processor.py:183} INFO - Processing /opt/airflow/dags/dag_crime_pipeline.py took 0.173 seconds
[2026-06-11T16:31:43.005+0000] {processor.py:161} INFO - Started process (PID=717) to work on /opt/airflow/dags/dag_crime_pipeline.py
[2026-06-11T16:31:43.008+0000] {processor.py:830} INFO - Processing file /opt/airflow/dags/dag_crime_pipeline.py for tasks to queue
[2026-06-11T16:31:43.011+0000] {logging_mixin.py:188} INFO - [2026-06-11T16:31:43.011+0000] {dagbag.py:538} INFO - Filling up the DagBag from /opt/airflow/dags/dag_crime_pipeline.py
[2026-06-11T16:31:43.091+0000] {processor.py:840} INFO - DAG(s) 'crime_analytics_pipeline' retrieved from /opt/airflow/dags/dag_crime_pipeline.py
[2026-06-11T16:31:43.151+0000] {logging_mixin.py:188} INFO - [2026-06-11T16:31:43.150+0000] {dag.py:3036} INFO - Sync 1 DAGs
[2026-06-11T16:31:43.211+0000] {processor.py:183} INFO - Processing /opt/airflow/dags/dag_crime_pipeline.py took 0.211 seconds
[2026-06-11T16:32:14.043+0000] {processor.py:161} INFO - Started process (PID=722) to work on /opt/airflow/dags/dag_crime_pipeline.py
[2026-06-11T16:32:14.045+0000] {processor.py:830} INFO - Processing file /opt/airflow/dags/dag_crime_pipeline.py for tasks to queue
[2026-06-11T16:32:14.051+0000] {logging_mixin.py:188} INFO - [2026-06-11T16:32:14.050+0000] {dagbag.py:538} INFO - Filling up the DagBag from /opt/airflow/dags/dag_crime_pipeline.py
[2026-06-11T16:32:14.107+0000] {processor.py:840} INFO - DAG(s) 'crime_analytics_pipeline' retrieved from /opt/airflow/dags/dag_crime_pipeline.py
[2026-06-11T16:32:14.158+0000] {logging_mixin.py:188} INFO - [2026-06-11T16:32:14.157+0000] {dag.py:3036} INFO - Sync 1 DAGs
[2026-06-11T16:32:14.215+0000] {processor.py:183} INFO - Processing /opt/airflow/dags/dag_crime_pipeline.py took 0.180 seconds
[2026-06-11T16:32:44.367+0000] {processor.py:161} INFO - Started process (PID=727) to work on /opt/airflow/dags/dag_crime_pipeline.py
[2026-06-11T16:32:44.369+0000] {processor.py:830} INFO - Processing file /opt/airflow/dags/dag_crime_pipeline.py for tasks to queue
[2026-06-11T16:32:44.373+0000] {logging_mixin.py:188} INFO - [2026-06-11T16:32:44.373+0000] {dagbag.py:538} INFO - Filling up the DagBag from /opt/airflow/dags/dag_crime_pipeline.py
[2026-06-11T16:32:44.427+0000] {processor.py:840} INFO - DAG(s) 'crime_analytics_pipeline' retrieved from /opt/airflow/dags/dag_crime_pipeline.py
[2026-06-11T16:32:44.475+0000] {logging_mixin.py:188} INFO - [2026-06-11T16:32:44.474+0000] {dag.py:3036} INFO - Sync 1 DAGs
[2026-06-11T16:32:44.534+0000] {processor.py:183} INFO - Processing /opt/airflow/dags/dag_crime_pipeline.py took 0.172 seconds
[2026-06-11T16:33:15.413+0000] {processor.py:161} INFO - Started process (PID=732) to work on /opt/airflow/dags/dag_crime_pipeline.py
[2026-06-11T16:33:15.415+0000] {processor.py:830} INFO - Processing file /opt/airflow/dags/dag_crime_pipeline.py for tasks to queue
[2026-06-11T16:33:15.418+0000] {logging_mixin.py:188} INFO - [2026-06-11T16:33:15.418+0000] {dagbag.py:538} INFO - Filling up the DagBag from /opt/airflow/dags/dag_crime_pipeline.py
[2026-06-11T16:33:15.500+0000] {processor.py:840} INFO - DAG(s) 'crime_analytics_pipeline' retrieved from /opt/airflow/dags/dag_crime_pipeline.py
[2026-06-11T16:33:15.552+0000] {logging_mixin.py:188} INFO - [2026-06-11T16:33:15.552+0000] {dag.py:3036} INFO - Sync 1 DAGs
[2026-06-11T16:33:15.606+0000] {processor.py:183} INFO - Processing /opt/airflow/dags/dag_crime_pipeline.py took 0.200 seconds
[2026-06-11T16:33:46.527+0000] {processor.py:161} INFO - Started process (PID=836) to work on /opt/airflow/dags/dag_crime_pipeline.py
[2026-06-11T16:33:46.529+0000] {processor.py:830} INFO - Processing file /opt/airflow/dags/dag_crime_pipeline.py for tasks to queue
[2026-06-11T16:33:46.532+0000] {logging_mixin.py:188} INFO - [2026-06-11T16:33:46.531+0000] {dagbag.py:538} INFO - Filling up the DagBag from /opt/airflow/dags/dag_crime_pipeline.py
[2026-06-11T16:33:46.584+0000] {processor.py:840} INFO - DAG(s) 'crime_analytics_pipeline' retrieved from /opt/airflow/dags/dag_crime_pipeline.py
[2026-06-11T16:33:46.623+0000] {logging_mixin.py:188} INFO - [2026-06-11T16:33:46.622+0000] {dag.py:3036} INFO - Sync 1 DAGs
[2026-06-11T16:33:46.677+0000] {processor.py:183} INFO - Processing /opt/airflow/dags/dag_crime_pipeline.py took 0.154 seconds
[2026-06-11T16:34:17.713+0000] {processor.py:161} INFO - Started process (PID=872) to work on /opt/airflow/dags/dag_crime_pipeline.py
[2026-06-11T16:34:17.716+0000] {processor.py:830} INFO - Processing file /opt/airflow/dags/dag_crime_pipeline.py for tasks to queue
[2026-06-11T16:34:17.730+0000] {logging_mixin.py:188} INFO - [2026-06-11T16:34:17.728+0000] {dagbag.py:538} INFO - Filling up the DagBag from /opt/airflow/dags/dag_crime_pipeline.py
[2026-06-11T16:34:17.832+0000] {processor.py:840} INFO - DAG(s) 'crime_analytics_pipeline' retrieved from /opt/airflow/dags/dag_crime_pipeline.py
[2026-06-11T16:34:17.910+0000] {logging_mixin.py:188} INFO - [2026-06-11T16:34:17.910+0000] {dag.py:3036} INFO - Sync 1 DAGs
[2026-06-11T16:34:18.085+0000] {processor.py:183} INFO - Processing /opt/airflow/dags/dag_crime_pipeline.py took 0.379 seconds
[2026-06-11T16:34:48.698+0000] {processor.py:161} INFO - Started process (PID=877) to work on /opt/airflow/dags/dag_crime_pipeline.py
[2026-06-11T16:34:48.705+0000] {processor.py:830} INFO - Processing file /opt/airflow/dags/dag_crime_pipeline.py for tasks to queue
[2026-06-11T16:34:48.717+0000] {logging_mixin.py:188} INFO - [2026-06-11T16:34:48.716+0000] {dagbag.py:538} INFO - Filling up the DagBag from /opt/airflow/dags/dag_crime_pipeline.py
[2026-06-11T16:34:48.796+0000] {processor.py:840} INFO - DAG(s) 'crime_analytics_pipeline' retrieved from /opt/airflow/dags/dag_crime_pipeline.py
[2026-06-11T16:34:48.865+0000] {logging_mixin.py:188} INFO - [2026-06-11T16:34:48.864+0000] {dag.py:3036} INFO - Sync 1 DAGs
[2026-06-11T16:34:49.029+0000] {processor.py:183} INFO - Processing /opt/airflow/dags/dag_crime_pipeline.py took 0.348 seconds
[2026-06-11T16:35:19.665+0000] {processor.py:161} INFO - Started process (PID=882) to work on /opt/airflow/dags/dag_crime_pipeline.py
[2026-06-11T16:35:19.666+0000] {processor.py:830} INFO - Processing file /opt/airflow/dags/dag_crime_pipeline.py for tasks to queue
[2026-06-11T16:35:19.669+0000] {logging_mixin.py:188} INFO - [2026-06-11T16:35:19.669+0000] {dagbag.py:538} INFO - Filling up the DagBag from /opt/airflow/dags/dag_crime_pipeline.py
[2026-06-11T16:35:19.719+0000] {processor.py:840} INFO - DAG(s) 'crime_analytics_pipeline' retrieved from /opt/airflow/dags/dag_crime_pipeline.py
[2026-06-11T16:35:19.769+0000] {logging_mixin.py:188} INFO - [2026-06-11T16:35:19.769+0000] {dag.py:3036} INFO - Sync 1 DAGs
[2026-06-11T16:35:19.848+0000] {processor.py:183} INFO - Processing /opt/airflow/dags/dag_crime_pipeline.py took 0.189 seconds
[2026-06-11T16:35:50.674+0000] {processor.py:161} INFO - Started process (PID=887) to work on /opt/airflow/dags/dag_crime_pipeline.py
[2026-06-11T16:35:50.683+0000] {processor.py:830} INFO - Processing file /opt/airflow/dags/dag_crime_pipeline.py for tasks to queue
[2026-06-11T16:35:50.688+0000] {logging_mixin.py:188} INFO - [2026-06-11T16:35:50.687+0000] {dagbag.py:538} INFO - Filling up the DagBag from /opt/airflow/dags/dag_crime_pipeline.py
[2026-06-11T16:35:50.792+0000] {processor.py:840} INFO - DAG(s) 'crime_analytics_pipeline' retrieved from /opt/airflow/dags/dag_crime_pipeline.py
[2026-06-11T16:35:50.851+0000] {logging_mixin.py:188} INFO - [2026-06-11T16:35:50.851+0000] {dag.py:3036} INFO - Sync 1 DAGs
[2026-06-11T16:35:50.973+0000] {processor.py:183} INFO - Processing /opt/airflow/dags/dag_crime_pipeline.py took 0.305 seconds
[2026-06-11T16:36:21.723+0000] {processor.py:161} INFO - Started process (PID=892) to work on /opt/airflow/dags/dag_crime_pipeline.py
[2026-06-11T16:36:21.725+0000] {processor.py:830} INFO - Processing file /opt/airflow/dags/dag_crime_pipeline.py for tasks to queue
[2026-06-11T16:36:21.729+0000] {logging_mixin.py:188} INFO - [2026-06-11T16:36:21.728+0000] {dagbag.py:538} INFO - Filling up the DagBag from /opt/airflow/dags/dag_crime_pipeline.py
[2026-06-11T16:36:21.782+0000] {processor.py:840} INFO - DAG(s) 'crime_analytics_pipeline' retrieved from /opt/airflow/dags/dag_crime_pipeline.py
[2026-06-11T16:36:21.827+0000] {logging_mixin.py:188} INFO - [2026-06-11T16:36:21.826+0000] {dag.py:3036} INFO - Sync 1 DAGs
[2026-06-11T16:36:21.895+0000] {processor.py:183} INFO - Processing /opt/airflow/dags/dag_crime_pipeline.py took 0.176 seconds
[2026-06-11T16:36:52.684+0000] {processor.py:161} INFO - Started process (PID=897) to work on /opt/airflow/dags/dag_crime_pipeline.py
[2026-06-11T16:36:52.686+0000] {processor.py:830} INFO - Processing file /opt/airflow/dags/dag_crime_pipeline.py for tasks to queue
[2026-06-11T16:36:52.689+0000] {logging_mixin.py:188} INFO - [2026-06-11T16:36:52.688+0000] {dagbag.py:538} INFO - Filling up the DagBag from /opt/airflow/dags/dag_crime_pipeline.py
[2026-06-11T16:36:52.741+0000] {processor.py:840} INFO - DAG(s) 'crime_analytics_pipeline' retrieved from /opt/airflow/dags/dag_crime_pipeline.py
[2026-06-11T16:36:52.789+0000] {logging_mixin.py:188} INFO - [2026-06-11T16:36:52.789+0000] {dag.py:3036} INFO - Sync 1 DAGs
[2026-06-11T16:36:52.843+0000] {processor.py:183} INFO - Processing /opt/airflow/dags/dag_crime_pipeline.py took 0.164 seconds
[2026-06-11T16:37:23.790+0000] {processor.py:161} INFO - Started process (PID=906) to work on /opt/airflow/dags/dag_crime_pipeline.py
[2026-06-11T16:37:23.792+0000] {processor.py:830} INFO - Processing file /opt/airflow/dags/dag_crime_pipeline.py for tasks to queue
[2026-06-11T16:37:23.796+0000] {logging_mixin.py:188} INFO - [2026-06-11T16:37:23.795+0000] {dagbag.py:538} INFO - Filling up the DagBag from /opt/airflow/dags/dag_crime_pipeline.py
[2026-06-11T16:37:23.841+0000] {processor.py:840} INFO - DAG(s) 'crime_analytics_pipeline' retrieved from /opt/airflow/dags/dag_crime_pipeline.py
[2026-06-11T16:37:23.889+0000] {logging_mixin.py:188} INFO - [2026-06-11T16:37:23.888+0000] {dag.py:3036} INFO - Sync 1 DAGs
[2026-06-11T16:37:23.921+0000] {logging_mixin.py:188} INFO - [2026-06-11T16:37:23.921+0000] {dag.py:3823} INFO - Setting next_dagrun for crime_analytics_pipeline to 2026-06-06 19:00:00+00:00, run_after=2026-06-13 19:00:00+00:00
[2026-06-11T16:37:23.946+0000] {processor.py:183} INFO - Processing /opt/airflow/dags/dag_crime_pipeline.py took 0.163 seconds
[2026-06-11T16:37:54.401+0000] {processor.py:161} INFO - Started process (PID=911) to work on /opt/airflow/dags/dag_crime_pipeline.py
[2026-06-11T16:37:54.402+0000] {processor.py:830} INFO - Processing file /opt/airflow/dags/dag_crime_pipeline.py for tasks to queue
[2026-06-11T16:37:54.405+0000] {logging_mixin.py:188} INFO - [2026-06-11T16:37:54.405+0000] {dagbag.py:538} INFO - Filling up the DagBag from /opt/airflow/dags/dag_crime_pipeline.py
[2026-06-11T16:37:54.453+0000] {processor.py:840} INFO - DAG(s) 'crime_analytics_pipeline' retrieved from /opt/airflow/dags/dag_crime_pipeline.py
[2026-06-11T16:37:54.490+0000] {logging_mixin.py:188} INFO - [2026-06-11T16:37:54.490+0000] {dag.py:3036} INFO - Sync 1 DAGs
[2026-06-11T16:37:54.523+0000] {logging_mixin.py:188} INFO - [2026-06-11T16:37:54.522+0000] {dag.py:3823} INFO - Setting next_dagrun for crime_analytics_pipeline to 2026-06-06 19:00:00+00:00, run_after=2026-06-13 19:00:00+00:00
[2026-06-11T16:37:54.571+0000] {processor.py:183} INFO - Processing /opt/airflow/dags/dag_crime_pipeline.py took 0.174 seconds
[2026-06-11T16:38:25.391+0000] {processor.py:161} INFO - Started process (PID=916) to work on /opt/airflow/dags/dag_crime_pipeline.py
[2026-06-11T16:38:25.393+0000] {processor.py:830} INFO - Processing file /opt/airflow/dags/dag_crime_pipeline.py for tasks to queue
[2026-06-11T16:38:25.396+0000] {logging_mixin.py:188} INFO - [2026-06-11T16:38:25.395+0000] {dagbag.py:538} INFO - Filling up the DagBag from /opt/airflow/dags/dag_crime_pipeline.py
[2026-06-11T16:38:25.449+0000] {processor.py:840} INFO - DAG(s) 'crime_analytics_pipeline' retrieved from /opt/airflow/dags/dag_crime_pipeline.py
[2026-06-11T16:38:25.495+0000] {logging_mixin.py:188} INFO - [2026-06-11T16:38:25.494+0000] {dag.py:3036} INFO - Sync 1 DAGs
[2026-06-11T16:38:25.523+0000] {logging_mixin.py:188} INFO - [2026-06-11T16:38:25.523+0000] {dag.py:3823} INFO - Setting next_dagrun for crime_analytics_pipeline to 2026-06-06 19:00:00+00:00, run_after=2026-06-13 19:00:00+00:00
[2026-06-11T16:38:25.563+0000] {processor.py:183} INFO - Processing /opt/airflow/dags/dag_crime_pipeline.py took 0.179 seconds
[2026-06-11T16:38:56.458+0000] {processor.py:161} INFO - Started process (PID=921) to work on /opt/airflow/dags/dag_crime_pipeline.py
[2026-06-11T16:38:56.459+0000] {processor.py:830} INFO - Processing file /opt/airflow/dags/dag_crime_pipeline.py for tasks to queue
[2026-06-11T16:38:56.463+0000] {logging_mixin.py:188} INFO - [2026-06-11T16:38:56.462+0000] {dagbag.py:538} INFO - Filling up the DagBag from /opt/airflow/dags/dag_crime_pipeline.py
[2026-06-11T16:38:56.515+0000] {processor.py:840} INFO - DAG(s) 'crime_analytics_pipeline' retrieved from /opt/airflow/dags/dag_crime_pipeline.py
[2026-06-11T16:38:56.552+0000] {logging_mixin.py:188} INFO - [2026-06-11T16:38:56.550+0000] {dag.py:3036} INFO - Sync 1 DAGs
[2026-06-11T16:38:56.581+0000] {logging_mixin.py:188} INFO - [2026-06-11T16:38:56.581+0000] {dag.py:3823} INFO - Setting next_dagrun for crime_analytics_pipeline to 2026-06-06 19:00:00+00:00, run_after=2026-06-13 19:00:00+00:00
[2026-06-11T16:38:56.625+0000] {processor.py:183} INFO - Processing /opt/airflow/dags/dag_crime_pipeline.py took 0.170 seconds
[2026-06-11T16:39:27.431+0000] {processor.py:161} INFO - Started process (PID=926) to work on /opt/airflow/dags/dag_crime_pipeline.py
[2026-06-11T16:39:27.432+0000] {processor.py:830} INFO - Processing file /opt/airflow/dags/dag_crime_pipeline.py for tasks to queue
[2026-06-11T16:39:27.435+0000] {logging_mixin.py:188} INFO - [2026-06-11T16:39:27.435+0000] {dagbag.py:538} INFO - Filling up the DagBag from /opt/airflow/dags/dag_crime_pipeline.py
[2026-06-11T16:39:27.480+0000] {processor.py:840} INFO - DAG(s) 'crime_analytics_pipeline' retrieved from /opt/airflow/dags/dag_crime_pipeline.py
[2026-06-11T16:39:27.514+0000] {logging_mixin.py:188} INFO - [2026-06-11T16:39:27.513+0000] {dag.py:3036} INFO - Sync 1 DAGs
[2026-06-11T16:39:27.543+0000] {logging_mixin.py:188} INFO - [2026-06-11T16:39:27.543+0000] {dag.py:3823} INFO - Setting next_dagrun for crime_analytics_pipeline to 2026-06-06 19:00:00+00:00, run_after=2026-06-13 19:00:00+00:00
[2026-06-11T16:39:27.590+0000] {processor.py:183} INFO - Processing /opt/airflow/dags/dag_crime_pipeline.py took 0.163 seconds
[2026-06-11T16:39:58.575+0000] {processor.py:161} INFO - Started process (PID=931) to work on /opt/airflow/dags/dag_crime_pipeline.py
[2026-06-11T16:39:58.577+0000] {processor.py:830} INFO - Processing file /opt/airflow/dags/dag_crime_pipeline.py for tasks to queue
[2026-06-11T16:39:58.579+0000] {logging_mixin.py:188} INFO - [2026-06-11T16:39:58.579+0000] {dagbag.py:538} INFO - Filling up the DagBag from /opt/airflow/dags/dag_crime_pipeline.py
[2026-06-11T16:39:58.623+0000] {processor.py:840} INFO - DAG(s) 'crime_analytics_pipeline' retrieved from /opt/airflow/dags/dag_crime_pipeline.py
[2026-06-11T16:39:58.663+0000] {logging_mixin.py:188} INFO - [2026-06-11T16:39:58.662+0000] {dag.py:3036} INFO - Sync 1 DAGs
[2026-06-11T16:39:58.695+0000] {logging_mixin.py:188} INFO - [2026-06-11T16:39:58.695+0000] {dag.py:3823} INFO - Setting next_dagrun for crime_analytics_pipeline to 2026-06-06 19:00:00+00:00, run_after=2026-06-13 19:00:00+00:00
[2026-06-11T16:39:58.723+0000] {processor.py:183} INFO - Processing /opt/airflow/dags/dag_crime_pipeline.py took 0.152 seconds
[2026-06-11T16:40:29.587+0000] {processor.py:161} INFO - Started process (PID=936) to work on /opt/airflow/dags/dag_crime_pipeline.py
[2026-06-11T16:40:29.589+0000] {processor.py:830} INFO - Processing file /opt/airflow/dags/dag_crime_pipeline.py for tasks to queue
[2026-06-11T16:40:29.592+0000] {logging_mixin.py:188} INFO - [2026-06-11T16:40:29.592+0000] {dagbag.py:538} INFO - Filling up the DagBag from /opt/airflow/dags/dag_crime_pipeline.py
[2026-06-11T16:40:29.644+0000] {processor.py:840} INFO - DAG(s) 'crime_analytics_pipeline' retrieved from /opt/airflow/dags/dag_crime_pipeline.py
[2026-06-11T16:40:29.688+0000] {logging_mixin.py:188} INFO - [2026-06-11T16:40:29.688+0000] {dag.py:3036} INFO - Sync 1 DAGs
[2026-06-11T16:40:29.722+0000] {logging_mixin.py:188} INFO - [2026-06-11T16:40:29.722+0000] {dag.py:3823} INFO - Setting next_dagrun for crime_analytics_pipeline to 2026-06-06 19:00:00+00:00, run_after=2026-06-13 19:00:00+00:00
[2026-06-11T16:40:29.755+0000] {processor.py:183} INFO - Processing /opt/airflow/dags/dag_crime_pipeline.py took 0.174 seconds
[2026-06-11T16:40:59.911+0000] {processor.py:161} INFO - Started process (PID=941) to work on /opt/airflow/dags/dag_crime_pipeline.py
[2026-06-11T16:40:59.912+0000] {processor.py:830} INFO - Processing file /opt/airflow/dags/dag_crime_pipeline.py for tasks to queue
[2026-06-11T16:40:59.915+0000] {logging_mixin.py:188} INFO - [2026-06-11T16:40:59.915+0000] {dagbag.py:538} INFO - Filling up the DagBag from /opt/airflow/dags/dag_crime_pipeline.py
[2026-06-11T16:40:59.964+0000] {processor.py:840} INFO - DAG(s) 'crime_analytics_pipeline' retrieved from /opt/airflow/dags/dag_crime_pipeline.py
[2026-06-11T16:41:00.006+0000] {logging_mixin.py:188} INFO - [2026-06-11T16:41:00.006+0000] {dag.py:3036} INFO - Sync 1 DAGs
[2026-06-11T16:41:00.041+0000] {logging_mixin.py:188} INFO - [2026-06-11T16:41:00.040+0000] {dag.py:3823} INFO - Setting next_dagrun for crime_analytics_pipeline to 2026-06-06 19:00:00+00:00, run_after=2026-06-13 19:00:00+00:00
[2026-06-11T16:41:00.091+0000] {processor.py:183} INFO - Processing /opt/airflow/dags/dag_crime_pipeline.py took 0.184 seconds
[2026-06-11T16:41:31.074+0000] {processor.py:161} INFO - Started process (PID=946) to work on /opt/airflow/dags/dag_crime_pipeline.py
[2026-06-11T16:41:31.077+0000] {processor.py:830} INFO - Processing file /opt/airflow/dags/dag_crime_pipeline.py for tasks to queue
[2026-06-11T16:41:31.080+0000] {logging_mixin.py:188} INFO - [2026-06-11T16:41:31.080+0000] {dagbag.py:538} INFO - Filling up the DagBag from /opt/airflow/dags/dag_crime_pipeline.py
[2026-06-11T16:41:31.125+0000] {processor.py:840} INFO - DAG(s) 'crime_analytics_pipeline' retrieved from /opt/airflow/dags/dag_crime_pipeline.py
[2026-06-11T16:41:31.161+0000] {logging_mixin.py:188} INFO - [2026-06-11T16:41:31.161+0000] {dag.py:3036} INFO - Sync 1 DAGs
[2026-06-11T16:41:31.191+0000] {logging_mixin.py:188} INFO - [2026-06-11T16:41:31.191+0000] {dag.py:3823} INFO - Setting next_dagrun for crime_analytics_pipeline to 2026-06-06 19:00:00+00:00, run_after=2026-06-13 19:00:00+00:00
[2026-06-11T16:41:31.220+0000] {processor.py:183} INFO - Processing /opt/airflow/dags/dag_crime_pipeline.py took 0.150 seconds
[2026-06-11T16:42:02.143+0000] {processor.py:161} INFO - Started process (PID=951) to work on /opt/airflow/dags/dag_crime_pipeline.py
[2026-06-11T16:42:02.146+0000] {processor.py:830} INFO - Processing file /opt/airflow/dags/dag_crime_pipeline.py for tasks to queue
[2026-06-11T16:42:02.150+0000] {logging_mixin.py:188} INFO - [2026-06-11T16:42:02.150+0000] {dagbag.py:538} INFO - Filling up the DagBag from /opt/airflow/dags/dag_crime_pipeline.py
[2026-06-11T16:42:02.198+0000] {processor.py:840} INFO - DAG(s) 'crime_analytics_pipeline' retrieved from /opt/airflow/dags/dag_crime_pipeline.py
[2026-06-11T16:42:02.238+0000] {logging_mixin.py:188} INFO - [2026-06-11T16:42:02.237+0000] {dag.py:3036} INFO - Sync 1 DAGs
[2026-06-11T16:42:02.271+0000] {logging_mixin.py:188} INFO - [2026-06-11T16:42:02.271+0000] {dag.py:3823} INFO - Setting next_dagrun for crime_analytics_pipeline to 2026-06-06 19:00:00+00:00, run_after=2026-06-13 19:00:00+00:00
[2026-06-11T16:42:02.301+0000] {processor.py:183} INFO - Processing /opt/airflow/dags/dag_crime_pipeline.py took 0.164 seconds
[2026-06-11T16:42:33.158+0000] {processor.py:161} INFO - Started process (PID=956) to work on /opt/airflow/dags/dag_crime_pipeline.py
[2026-06-11T16:42:33.162+0000] {processor.py:830} INFO - Processing file /opt/airflow/dags/dag_crime_pipeline.py for tasks to queue
[2026-06-11T16:42:33.166+0000] {logging_mixin.py:188} INFO - [2026-06-11T16:42:33.166+0000] {dagbag.py:538} INFO - Filling up the DagBag from /opt/airflow/dags/dag_crime_pipeline.py
[2026-06-11T16:42:33.211+0000] {processor.py:840} INFO - DAG(s) 'crime_analytics_pipeline' retrieved from /opt/airflow/dags/dag_crime_pipeline.py
[2026-06-11T16:42:33.259+0000] {logging_mixin.py:188} INFO - [2026-06-11T16:42:33.258+0000] {dag.py:3036} INFO - Sync 1 DAGs
[2026-06-11T16:42:33.552+0000] {logging_mixin.py:188} INFO - [2026-06-11T16:42:33.551+0000] {dag.py:3823} INFO - Setting next_dagrun for crime_analytics_pipeline to 2026-06-06 19:00:00+00:00, run_after=2026-06-13 19:00:00+00:00
[2026-06-11T16:42:33.578+0000] {processor.py:183} INFO - Processing /opt/airflow/dags/dag_crime_pipeline.py took 0.427 seconds
[2026-06-11T16:43:04.232+0000] {processor.py:161} INFO - Started process (PID=961) to work on /opt/airflow/dags/dag_crime_pipeline.py
[2026-06-11T16:43:04.233+0000] {processor.py:830} INFO - Processing file /opt/airflow/dags/dag_crime_pipeline.py for tasks to queue
[2026-06-11T16:43:04.236+0000] {logging_mixin.py:188} INFO - [2026-06-11T16:43:04.236+0000] {dagbag.py:538} INFO - Filling up the DagBag from /opt/airflow/dags/dag_crime_pipeline.py
[2026-06-11T16:43:04.551+0000] {processor.py:840} INFO - DAG(s) 'crime_analytics_pipeline' retrieved from /opt/airflow/dags/dag_crime_pipeline.py
[2026-06-11T16:43:04.586+0000] {logging_mixin.py:188} INFO - [2026-06-11T16:43:04.586+0000] {dag.py:3036} INFO - Sync 1 DAGs
[2026-06-11T16:43:04.615+0000] {logging_mixin.py:188} INFO - [2026-06-11T16:43:04.615+0000] {dag.py:3823} INFO - Setting next_dagrun for crime_analytics_pipeline to 2026-06-06 19:00:00+00:00, run_after=2026-06-13 19:00:00+00:00
[2026-06-11T16:43:04.660+0000] {processor.py:183} INFO - Processing /opt/airflow/dags/dag_crime_pipeline.py took 0.433 seconds
[2026-06-11T16:43:35.665+0000] {processor.py:161} INFO - Started process (PID=966) to work on /opt/airflow/dags/dag_crime_pipeline.py
[2026-06-11T16:43:35.666+0000] {processor.py:830} INFO - Processing file /opt/airflow/dags/dag_crime_pipeline.py for tasks to queue
[2026-06-11T16:43:35.669+0000] {logging_mixin.py:188} INFO - [2026-06-11T16:43:35.669+0000] {dagbag.py:538} INFO - Filling up the DagBag from /opt/airflow/dags/dag_crime_pipeline.py
[2026-06-11T16:43:35.720+0000] {processor.py:840} INFO - DAG(s) 'crime_analytics_pipeline' retrieved from /opt/airflow/dags/dag_crime_pipeline.py
[2026-06-11T16:43:35.767+0000] {logging_mixin.py:188} INFO - [2026-06-11T16:43:35.765+0000] {dag.py:3036} INFO - Sync 1 DAGs
[2026-06-11T16:43:35.801+0000] {logging_mixin.py:188} INFO - [2026-06-11T16:43:35.799+0000] {dag.py:3823} INFO - Setting next_dagrun for crime_analytics_pipeline to 2026-06-06 19:00:00+00:00, run_after=2026-06-13 19:00:00+00:00
[2026-06-11T16:43:35.829+0000] {processor.py:183} INFO - Processing /opt/airflow/dags/dag_crime_pipeline.py took 0.169 seconds
[2026-06-11T16:44:06.446+0000] {processor.py:161} INFO - Started process (PID=971) to work on /opt/airflow/dags/dag_crime_pipeline.py
[2026-06-11T16:44:06.448+0000] {processor.py:830} INFO - Processing file /opt/airflow/dags/dag_crime_pipeline.py for tasks to queue
[2026-06-11T16:44:06.454+0000] {logging_mixin.py:188} INFO - [2026-06-11T16:44:06.454+0000] {dagbag.py:538} INFO - Filling up the DagBag from /opt/airflow/dags/dag_crime_pipeline.py
[2026-06-11T16:44:06.514+0000] {processor.py:840} INFO - DAG(s) 'crime_analytics_pipeline' retrieved from /opt/airflow/dags/dag_crime_pipeline.py
[2026-06-11T16:44:06.560+0000] {logging_mixin.py:188} INFO - [2026-06-11T16:44:06.559+0000] {dag.py:3036} INFO - Sync 1 DAGs
[2026-06-11T16:44:06.598+0000] {logging_mixin.py:188} INFO - [2026-06-11T16:44:06.598+0000] {dag.py:3823} INFO - Setting next_dagrun for crime_analytics_pipeline to 2026-06-06 19:00:00+00:00, run_after=2026-06-13 19:00:00+00:00
[2026-06-11T16:44:06.630+0000] {processor.py:183} INFO - Processing /opt/airflow/dags/dag_crime_pipeline.py took 0.189 seconds
[2026-06-11T16:44:37.660+0000] {processor.py:161} INFO - Started process (PID=976) to work on /opt/airflow/dags/dag_crime_pipeline.py
[2026-06-11T16:44:37.661+0000] {processor.py:830} INFO - Processing file /opt/airflow/dags/dag_crime_pipeline.py for tasks to queue
[2026-06-11T16:44:37.665+0000] {logging_mixin.py:188} INFO - [2026-06-11T16:44:37.665+0000] {dagbag.py:538} INFO - Filling up the DagBag from /opt/airflow/dags/dag_crime_pipeline.py
[2026-06-11T16:44:37.721+0000] {processor.py:840} INFO - DAG(s) 'crime_analytics_pipeline' retrieved from /opt/airflow/dags/dag_crime_pipeline.py
[2026-06-11T16:44:37.769+0000] {logging_mixin.py:188} INFO - [2026-06-11T16:44:37.768+0000] {dag.py:3036} INFO - Sync 1 DAGs
[2026-06-11T16:44:37.796+0000] {logging_mixin.py:188} INFO - [2026-06-11T16:44:37.796+0000] {dag.py:3823} INFO - Setting next_dagrun for crime_analytics_pipeline to 2026-06-06 19:00:00+00:00, run_after=2026-06-13 19:00:00+00:00
[2026-06-11T16:44:37.827+0000] {processor.py:183} INFO - Processing /opt/airflow/dags/dag_crime_pipeline.py took 0.172 seconds
[2026-06-11T16:45:08.750+0000] {processor.py:161} INFO - Started process (PID=981) to work on /opt/airflow/dags/dag_crime_pipeline.py
[2026-06-11T16:45:08.752+0000] {processor.py:830} INFO - Processing file /opt/airflow/dags/dag_crime_pipeline.py for tasks to queue
[2026-06-11T16:45:08.758+0000] {logging_mixin.py:188} INFO - [2026-06-11T16:45:08.756+0000] {dagbag.py:538} INFO - Filling up the DagBag from /opt/airflow/dags/dag_crime_pipeline.py
[2026-06-11T16:45:08.809+0000] {processor.py:840} INFO - DAG(s) 'crime_analytics_pipeline' retrieved from /opt/airflow/dags/dag_crime_pipeline.py
[2026-06-11T16:45:08.854+0000] {logging_mixin.py:188} INFO - [2026-06-11T16:45:08.854+0000] {dag.py:3036} INFO - Sync 1 DAGs
[2026-06-11T16:45:08.890+0000] {logging_mixin.py:188} INFO - [2026-06-11T16:45:08.890+0000] {dag.py:3823} INFO - Setting next_dagrun for crime_analytics_pipeline to 2026-06-06 19:00:00+00:00, run_after=2026-06-13 19:00:00+00:00
[2026-06-11T16:45:08.937+0000] {processor.py:183} INFO - Processing /opt/airflow/dags/dag_crime_pipeline.py took 0.192 seconds
[2026-06-11T16:45:39.676+0000] {processor.py:161} INFO - Started process (PID=986) to work on /opt/airflow/dags/dag_crime_pipeline.py
[2026-06-11T16:45:39.677+0000] {processor.py:830} INFO - Processing file /opt/airflow/dags/dag_crime_pipeline.py for tasks to queue
[2026-06-11T16:45:39.682+0000] {logging_mixin.py:188} INFO - [2026-06-11T16:45:39.681+0000] {dagbag.py:538} INFO - Filling up the DagBag from /opt/airflow/dags/dag_crime_pipeline.py
[2026-06-11T16:45:39.748+0000] {processor.py:840} INFO - DAG(s) 'crime_analytics_pipeline' retrieved from /opt/airflow/dags/dag_crime_pipeline.py
[2026-06-11T16:45:39.795+0000] {logging_mixin.py:188} INFO - [2026-06-11T16:45:39.794+0000] {dag.py:3036} INFO - Sync 1 DAGs
[2026-06-11T16:45:39.834+0000] {logging_mixin.py:188} INFO - [2026-06-11T16:45:39.834+0000] {dag.py:3823} INFO - Setting next_dagrun for crime_analytics_pipeline to 2026-06-06 19:00:00+00:00, run_after=2026-06-13 19:00:00+00:00
[2026-06-11T16:45:39.886+0000] {processor.py:183} INFO - Processing /opt/airflow/dags/dag_crime_pipeline.py took 0.215 seconds
[2026-06-11T16:46:10.872+0000] {processor.py:161} INFO - Started process (PID=991) to work on /opt/airflow/dags/dag_crime_pipeline.py
[2026-06-11T16:46:10.874+0000] {processor.py:830} INFO - Processing file /opt/airflow/dags/dag_crime_pipeline.py for tasks to queue
[2026-06-11T16:46:10.878+0000] {logging_mixin.py:188} INFO - [2026-06-11T16:46:10.877+0000] {dagbag.py:538} INFO - Filling up the DagBag from /opt/airflow/dags/dag_crime_pipeline.py
[2026-06-11T16:46:10.971+0000] {processor.py:840} INFO - DAG(s) 'crime_analytics_pipeline' retrieved from /opt/airflow/dags/dag_crime_pipeline.py
[2026-06-11T16:46:11.036+0000] {logging_mixin.py:188} INFO - [2026-06-11T16:46:11.035+0000] {dag.py:3036} INFO - Sync 1 DAGs
[2026-06-11T16:46:11.075+0000] {logging_mixin.py:188} INFO - [2026-06-11T16:46:11.075+0000] {dag.py:3823} INFO - Setting next_dagrun for crime_analytics_pipeline to 2026-06-06 19:00:00+00:00, run_after=2026-06-13 19:00:00+00:00
[2026-06-11T16:46:11.103+0000] {processor.py:183} INFO - Processing /opt/airflow/dags/dag_crime_pipeline.py took 0.237 seconds
[2026-06-11T16:46:41.934+0000] {processor.py:161} INFO - Started process (PID=996) to work on /opt/airflow/dags/dag_crime_pipeline.py
[2026-06-11T16:46:41.935+0000] {processor.py:830} INFO - Processing file /opt/airflow/dags/dag_crime_pipeline.py for tasks to queue
[2026-06-11T16:46:41.938+0000] {logging_mixin.py:188} INFO - [2026-06-11T16:46:41.938+0000] {dagbag.py:538} INFO - Filling up the DagBag from /opt/airflow/dags/dag_crime_pipeline.py
[2026-06-11T16:46:42.018+0000] {processor.py:840} INFO - DAG(s) 'crime_analytics_pipeline' retrieved from /opt/airflow/dags/dag_crime_pipeline.py
[2026-06-11T16:46:42.077+0000] {logging_mixin.py:188} INFO - [2026-06-11T16:46:42.076+0000] {dag.py:3036} INFO - Sync 1 DAGs
[2026-06-11T16:46:42.107+0000] {logging_mixin.py:188} INFO - [2026-06-11T16:46:42.107+0000] {dag.py:3823} INFO - Setting next_dagrun for crime_analytics_pipeline to 2026-06-06 19:00:00+00:00, run_after=2026-06-13 19:00:00+00:00
[2026-06-11T16:46:42.133+0000] {processor.py:183} INFO - Processing /opt/airflow/dags/dag_crime_pipeline.py took 0.205 seconds
[2026-06-11T16:47:13.036+0000] {processor.py:161} INFO - Started process (PID=1001) to work on /opt/airflow/dags/dag_crime_pipeline.py
[2026-06-11T16:47:13.038+0000] {processor.py:830} INFO - Processing file /opt/airflow/dags/dag_crime_pipeline.py for tasks to queue
[2026-06-11T16:47:13.040+0000] {logging_mixin.py:188} INFO - [2026-06-11T16:47:13.040+0000] {dagbag.py:538} INFO - Filling up the DagBag from /opt/airflow/dags/dag_crime_pipeline.py
[2026-06-11T16:47:13.096+0000] {processor.py:840} INFO - DAG(s) 'crime_analytics_pipeline' retrieved from /opt/airflow/dags/dag_crime_pipeline.py
[2026-06-11T16:47:13.140+0000] {logging_mixin.py:188} INFO - [2026-06-11T16:47:13.140+0000] {dag.py:3036} INFO - Sync 1 DAGs
[2026-06-11T16:47:13.174+0000] {logging_mixin.py:188} INFO - [2026-06-11T16:47:13.174+0000] {dag.py:3823} INFO - Setting next_dagrun for crime_analytics_pipeline to 2026-06-06 19:00:00+00:00, run_after=2026-06-13 19:00:00+00:00
[2026-06-11T16:47:13.225+0000] {processor.py:183} INFO - Processing /opt/airflow/dags/dag_crime_pipeline.py took 0.194 seconds
[2026-06-11T16:47:44.163+0000] {processor.py:161} INFO - Started process (PID=1006) to work on /opt/airflow/dags/dag_crime_pipeline.py
[2026-06-11T16:47:44.167+0000] {processor.py:830} INFO - Processing file /opt/airflow/dags/dag_crime_pipeline.py for tasks to queue
[2026-06-11T16:47:44.171+0000] {logging_mixin.py:188} INFO - [2026-06-11T16:47:44.170+0000] {dagbag.py:538} INFO - Filling up the DagBag from /opt/airflow/dags/dag_crime_pipeline.py
[2026-06-11T16:47:44.226+0000] {processor.py:840} INFO - DAG(s) 'crime_analytics_pipeline' retrieved from /opt/airflow/dags/dag_crime_pipeline.py
[2026-06-11T16:47:44.268+0000] {logging_mixin.py:188} INFO - [2026-06-11T16:47:44.267+0000] {dag.py:3036} INFO - Sync 1 DAGs
[2026-06-11T16:47:44.304+0000] {logging_mixin.py:188} INFO - [2026-06-11T16:47:44.303+0000] {dag.py:3823} INFO - Setting next_dagrun for crime_analytics_pipeline to 2026-06-06 19:00:00+00:00, run_after=2026-06-13 19:00:00+00:00
[2026-06-11T16:47:44.363+0000] {processor.py:183} INFO - Processing /opt/airflow/dags/dag_crime_pipeline.py took 0.207 seconds
[2026-06-11T16:48:15.297+0000] {processor.py:161} INFO - Started process (PID=1011) to work on /opt/airflow/dags/dag_crime_pipeline.py
[2026-06-11T16:48:15.298+0000] {processor.py:830} INFO - Processing file /opt/airflow/dags/dag_crime_pipeline.py for tasks to queue
[2026-06-11T16:48:15.302+0000] {logging_mixin.py:188} INFO - [2026-06-11T16:48:15.301+0000] {dagbag.py:538} INFO - Filling up the DagBag from /opt/airflow/dags/dag_crime_pipeline.py
[2026-06-11T16:48:15.366+0000] {processor.py:840} INFO - DAG(s) 'crime_analytics_pipeline' retrieved from /opt/airflow/dags/dag_crime_pipeline.py
[2026-06-11T16:48:15.407+0000] {logging_mixin.py:188} INFO - [2026-06-11T16:48:15.407+0000] {dag.py:3036} INFO - Sync 1 DAGs
[2026-06-11T16:48:15.439+0000] {logging_mixin.py:188} INFO - [2026-06-11T16:48:15.438+0000] {dag.py:3823} INFO - Setting next_dagrun for crime_analytics_pipeline to 2026-06-06 19:00:00+00:00, run_after=2026-06-13 19:00:00+00:00
[2026-06-11T16:48:15.470+0000] {processor.py:183} INFO - Processing /opt/airflow/dags/dag_crime_pipeline.py took 0.178 seconds
[2026-06-11T16:48:45.673+0000] {processor.py:161} INFO - Started process (PID=1016) to work on /opt/airflow/dags/dag_crime_pipeline.py
[2026-06-11T16:48:45.675+0000] {processor.py:830} INFO - Processing file /opt/airflow/dags/dag_crime_pipeline.py for tasks to queue
[2026-06-11T16:48:45.679+0000] {logging_mixin.py:188} INFO - [2026-06-11T16:48:45.678+0000] {dagbag.py:538} INFO - Filling up the DagBag from /opt/airflow/dags/dag_crime_pipeline.py
[2026-06-11T16:48:45.732+0000] {processor.py:840} INFO - DAG(s) 'crime_analytics_pipeline' retrieved from /opt/airflow/dags/dag_crime_pipeline.py
[2026-06-11T16:48:45.778+0000] {logging_mixin.py:188} INFO - [2026-06-11T16:48:45.777+0000] {dag.py:3036} INFO - Sync 1 DAGs
[2026-06-11T16:48:45.809+0000] {logging_mixin.py:188} INFO - [2026-06-11T16:48:45.809+0000] {dag.py:3823} INFO - Setting next_dagrun for crime_analytics_pipeline to 2026-06-06 19:00:00+00:00, run_after=2026-06-13 19:00:00+00:00
[2026-06-11T16:48:45.861+0000] {processor.py:183} INFO - Processing /opt/airflow/dags/dag_crime_pipeline.py took 0.196 seconds
[2026-06-11T16:49:16.863+0000] {processor.py:161} INFO - Started process (PID=1021) to work on /opt/airflow/dags/dag_crime_pipeline.py
[2026-06-11T16:49:16.865+0000] {processor.py:830} INFO - Processing file /opt/airflow/dags/dag_crime_pipeline.py for tasks to queue
[2026-06-11T16:49:16.868+0000] {logging_mixin.py:188} INFO - [2026-06-11T16:49:16.868+0000] {dagbag.py:538} INFO - Filling up the DagBag from /opt/airflow/dags/dag_crime_pipeline.py
[2026-06-11T16:49:16.929+0000] {processor.py:840} INFO - DAG(s) 'crime_analytics_pipeline' retrieved from /opt/airflow/dags/dag_crime_pipeline.py
[2026-06-11T16:49:16.976+0000] {logging_mixin.py:188} INFO - [2026-06-11T16:49:16.975+0000] {dag.py:3036} INFO - Sync 1 DAGs
[2026-06-11T16:49:17.010+0000] {logging_mixin.py:188} INFO - [2026-06-11T16:49:17.010+0000] {dag.py:3823} INFO - Setting next_dagrun for crime_analytics_pipeline to 2026-06-06 19:00:00+00:00, run_after=2026-06-13 19:00:00+00:00
[2026-06-11T16:49:17.039+0000] {processor.py:183} INFO - Processing /opt/airflow/dags/dag_crime_pipeline.py took 0.183 seconds
[2026-06-11T16:49:48.075+0000] {processor.py:161} INFO - Started process (PID=1026) to work on /opt/airflow/dags/dag_crime_pipeline.py
[2026-06-11T16:49:48.078+0000] {processor.py:830} INFO - Processing file /opt/airflow/dags/dag_crime_pipeline.py for tasks to queue
[2026-06-11T16:49:48.082+0000] {logging_mixin.py:188} INFO - [2026-06-11T16:49:48.081+0000] {dagbag.py:538} INFO - Filling up the DagBag from /opt/airflow/dags/dag_crime_pipeline.py
[2026-06-11T16:49:48.140+0000] {processor.py:840} INFO - DAG(s) 'crime_analytics_pipeline' retrieved from /opt/airflow/dags/dag_crime_pipeline.py
[2026-06-11T16:49:48.191+0000] {logging_mixin.py:188} INFO - [2026-06-11T16:49:48.190+0000] {dag.py:3036} INFO - Sync 1 DAGs
[2026-06-11T16:49:47.592+0000] {logging_mixin.py:188} INFO - [2026-06-11T16:49:47.592+0000] {dag.py:3823} INFO - Setting next_dagrun for crime_analytics_pipeline to 2026-06-06 19:00:00+00:00, run_after=2026-06-13 19:00:00+00:00
[2026-06-11T16:49:47.625+0000] {processor.py:183} INFO - Processing /opt/airflow/dags/dag_crime_pipeline.py took 0.198 seconds
[2026-06-11T16:50:17.845+0000] {processor.py:161} INFO - Started process (PID=1031) to work on /opt/airflow/dags/dag_crime_pipeline.py
[2026-06-11T16:50:17.848+0000] {processor.py:830} INFO - Processing file /opt/airflow/dags/dag_crime_pipeline.py for tasks to queue
[2026-06-11T16:50:17.853+0000] {logging_mixin.py:188} INFO - [2026-06-11T16:50:17.853+0000] {dagbag.py:538} INFO - Filling up the DagBag from /opt/airflow/dags/dag_crime_pipeline.py
[2026-06-11T16:50:17.908+0000] {processor.py:840} INFO - DAG(s) 'crime_analytics_pipeline' retrieved from /opt/airflow/dags/dag_crime_pipeline.py
[2026-06-11T16:50:17.952+0000] {logging_mixin.py:188} INFO - [2026-06-11T16:50:17.951+0000] {dag.py:3036} INFO - Sync 1 DAGs
[2026-06-11T16:50:17.981+0000] {logging_mixin.py:188} INFO - [2026-06-11T16:50:17.981+0000] {dag.py:3823} INFO - Setting next_dagrun for crime_analytics_pipeline to 2026-06-06 19:00:00+00:00, run_after=2026-06-13 19:00:00+00:00
[2026-06-11T16:50:18.011+0000] {processor.py:183} INFO - Processing /opt/airflow/dags/dag_crime_pipeline.py took 0.177 seconds
[2026-06-11T16:50:48.944+0000] {processor.py:161} INFO - Started process (PID=1036) to work on /opt/airflow/dags/dag_crime_pipeline.py
[2026-06-11T16:50:48.945+0000] {processor.py:830} INFO - Processing file /opt/airflow/dags/dag_crime_pipeline.py for tasks to queue
[2026-06-11T16:50:48.950+0000] {logging_mixin.py:188} INFO - [2026-06-11T16:50:48.949+0000] {dagbag.py:538} INFO - Filling up the DagBag from /opt/airflow/dags/dag_crime_pipeline.py
[2026-06-11T16:50:49.017+0000] {processor.py:840} INFO - DAG(s) 'crime_analytics_pipeline' retrieved from /opt/airflow/dags/dag_crime_pipeline.py
[2026-06-11T16:50:49.066+0000] {logging_mixin.py:188} INFO - [2026-06-11T16:50:49.065+0000] {dag.py:3036} INFO - Sync 1 DAGs
[2026-06-11T16:50:49.099+0000] {logging_mixin.py:188} INFO - [2026-06-11T16:50:49.099+0000] {dag.py:3823} INFO - Setting next_dagrun for crime_analytics_pipeline to 2026-06-06 19:00:00+00:00, run_after=2026-06-13 19:00:00+00:00
[2026-06-11T16:50:49.135+0000] {processor.py:183} INFO - Processing /opt/airflow/dags/dag_crime_pipeline.py took 0.196 seconds
[2026-06-11T16:51:20.055+0000] {processor.py:161} INFO - Started process (PID=1041) to work on /opt/airflow/dags/dag_crime_pipeline.py
[2026-06-11T16:51:20.057+0000] {processor.py:830} INFO - Processing file /opt/airflow/dags/dag_crime_pipeline.py for tasks to queue
[2026-06-11T16:51:20.061+0000] {logging_mixin.py:188} INFO - [2026-06-11T16:51:20.061+0000] {dagbag.py:538} INFO - Filling up the DagBag from /opt/airflow/dags/dag_crime_pipeline.py
[2026-06-11T16:51:20.117+0000] {processor.py:840} INFO - DAG(s) 'crime_analytics_pipeline' retrieved from /opt/airflow/dags/dag_crime_pipeline.py
[2026-06-11T16:51:20.164+0000] {logging_mixin.py:188} INFO - [2026-06-11T16:51:20.164+0000] {dag.py:3036} INFO - Sync 1 DAGs
[2026-06-11T16:51:20.198+0000] {logging_mixin.py:188} INFO - [2026-06-11T16:51:20.198+0000] {dag.py:3823} INFO - Setting next_dagrun for crime_analytics_pipeline to 2026-06-06 19:00:00+00:00, run_after=2026-06-13 19:00:00+00:00
[2026-06-11T16:51:20.241+0000] {processor.py:183} INFO - Processing /opt/airflow/dags/dag_crime_pipeline.py took 0.191 seconds
[2026-06-11T16:51:51.192+0000] {processor.py:161} INFO - Started process (PID=1046) to work on /opt/airflow/dags/dag_crime_pipeline.py
[2026-06-11T16:51:51.196+0000] {processor.py:830} INFO - Processing file /opt/airflow/dags/dag_crime_pipeline.py for tasks to queue
[2026-06-11T16:51:51.199+0000] {logging_mixin.py:188} INFO - [2026-06-11T16:51:51.198+0000] {dagbag.py:538} INFO - Filling up the DagBag from /opt/airflow/dags/dag_crime_pipeline.py
[2026-06-11T16:51:51.250+0000] {processor.py:840} INFO - DAG(s) 'crime_analytics_pipeline' retrieved from /opt/airflow/dags/dag_crime_pipeline.py
[2026-06-11T16:51:51.291+0000] {logging_mixin.py:188} INFO - [2026-06-11T16:51:51.291+0000] {dag.py:3036} INFO - Sync 1 DAGs
[2026-06-11T16:51:51.321+0000] {logging_mixin.py:188} INFO - [2026-06-11T16:51:51.321+0000] {dag.py:3823} INFO - Setting next_dagrun for crime_analytics_pipeline to 2026-06-06 19:00:00+00:00, run_after=2026-06-13 19:00:00+00:00
[2026-06-11T16:51:51.375+0000] {processor.py:183} INFO - Processing /opt/airflow/dags/dag_crime_pipeline.py took 0.190 seconds
[2026-06-11T16:52:22.180+0000] {processor.py:161} INFO - Started process (PID=1051) to work on /opt/airflow/dags/dag_crime_pipeline.py
[2026-06-11T16:52:22.182+0000] {processor.py:830} INFO - Processing file /opt/airflow/dags/dag_crime_pipeline.py for tasks to queue
[2026-06-11T16:52:22.186+0000] {logging_mixin.py:188} INFO - [2026-06-11T16:52:22.186+0000] {dagbag.py:538} INFO - Filling up the DagBag from /opt/airflow/dags/dag_crime_pipeline.py
[2026-06-11T16:52:22.249+0000] {processor.py:840} INFO - DAG(s) 'crime_analytics_pipeline' retrieved from /opt/airflow/dags/dag_crime_pipeline.py
[2026-06-11T16:52:22.313+0000] {logging_mixin.py:188} INFO - [2026-06-11T16:52:22.312+0000] {dag.py:3036} INFO - Sync 1 DAGs
[2026-06-11T16:52:22.352+0000] {logging_mixin.py:188} INFO - [2026-06-11T16:52:22.352+0000] {dag.py:3823} INFO - Setting next_dagrun for crime_analytics_pipeline to 2026-06-06 19:00:00+00:00, run_after=2026-06-13 19:00:00+00:00
[2026-06-11T16:52:22.407+0000] {processor.py:183} INFO - Processing /opt/airflow/dags/dag_crime_pipeline.py took 0.232 seconds
[2026-06-11T16:52:52.561+0000] {processor.py:161} INFO - Started process (PID=1056) to work on /opt/airflow/dags/dag_crime_pipeline.py
[2026-06-11T16:52:52.563+0000] {processor.py:830} INFO - Processing file /opt/airflow/dags/dag_crime_pipeline.py for tasks to queue
[2026-06-11T16:52:52.566+0000] {logging_mixin.py:188} INFO - [2026-06-11T16:52:52.566+0000] {dagbag.py:538} INFO - Filling up the DagBag from /opt/airflow/dags/dag_crime_pipeline.py
[2026-06-11T16:52:52.621+0000] {processor.py:840} INFO - DAG(s) 'crime_analytics_pipeline' retrieved from /opt/airflow/dags/dag_crime_pipeline.py
[2026-06-11T16:52:52.669+0000] {logging_mixin.py:188} INFO - [2026-06-11T16:52:52.668+0000] {dag.py:3036} INFO - Sync 1 DAGs
[2026-06-11T16:52:52.703+0000] {logging_mixin.py:188} INFO - [2026-06-11T16:52:52.703+0000] {dag.py:3823} INFO - Setting next_dagrun for crime_analytics_pipeline to 2026-06-06 19:00:00+00:00, run_after=2026-06-13 19:00:00+00:00
[2026-06-11T16:52:52.729+0000] {processor.py:183} INFO - Processing /opt/airflow/dags/dag_crime_pipeline.py took 0.175 seconds
[2026-06-11T16:53:23.725+0000] {processor.py:161} INFO - Started process (PID=1061) to work on /opt/airflow/dags/dag_crime_pipeline.py
[2026-06-11T16:53:23.727+0000] {processor.py:830} INFO - Processing file /opt/airflow/dags/dag_crime_pipeline.py for tasks to queue
[2026-06-11T16:53:23.731+0000] {logging_mixin.py:188} INFO - [2026-06-11T16:53:23.731+0000] {dagbag.py:538} INFO - Filling up the DagBag from /opt/airflow/dags/dag_crime_pipeline.py
[2026-06-11T16:53:23.782+0000] {processor.py:840} INFO - DAG(s) 'crime_analytics_pipeline' retrieved from /opt/airflow/dags/dag_crime_pipeline.py
[2026-06-11T16:53:23.825+0000] {logging_mixin.py:188} INFO - [2026-06-11T16:53:23.824+0000] {dag.py:3036} INFO - Sync 1 DAGs
[2026-06-11T16:53:23.859+0000] {logging_mixin.py:188} INFO - [2026-06-11T16:53:23.858+0000] {dag.py:3823} INFO - Setting next_dagrun for crime_analytics_pipeline to 2026-06-06 19:00:00+00:00, run_after=2026-06-13 19:00:00+00:00
[2026-06-11T16:53:23.917+0000] {processor.py:183} INFO - Processing /opt/airflow/dags/dag_crime_pipeline.py took 0.197 seconds
[2026-06-11T16:53:54.722+0000] {processor.py:161} INFO - Started process (PID=1066) to work on /opt/airflow/dags/dag_crime_pipeline.py
[2026-06-11T16:53:54.725+0000] {processor.py:830} INFO - Processing file /opt/airflow/dags/dag_crime_pipeline.py for tasks to queue
[2026-06-11T16:53:54.729+0000] {logging_mixin.py:188} INFO - [2026-06-11T16:53:54.728+0000] {dagbag.py:538} INFO - Filling up the DagBag from /opt/airflow/dags/dag_crime_pipeline.py
[2026-06-11T16:53:54.777+0000] {processor.py:840} INFO - DAG(s) 'crime_analytics_pipeline' retrieved from /opt/airflow/dags/dag_crime_pipeline.py
[2026-06-11T16:53:54.938+0000] {logging_mixin.py:188} INFO - [2026-06-11T16:53:54.937+0000] {dag.py:3036} INFO - Sync 1 DAGs
[2026-06-11T16:53:54.976+0000] {logging_mixin.py:188} INFO - [2026-06-11T16:53:54.976+0000] {dag.py:3823} INFO - Setting next_dagrun for crime_analytics_pipeline to 2026-06-06 19:00:00+00:00, run_after=2026-06-13 19:00:00+00:00
[2026-06-11T16:53:55.010+0000] {processor.py:183} INFO - Processing /opt/airflow/dags/dag_crime_pipeline.py took 0.301 seconds
[2026-06-11T16:54:26.098+0000] {processor.py:161} INFO - Started process (PID=1071) to work on /opt/airflow/dags/dag_crime_pipeline.py
[2026-06-11T16:54:26.100+0000] {processor.py:830} INFO - Processing file /opt/airflow/dags/dag_crime_pipeline.py for tasks to queue
[2026-06-11T16:54:26.104+0000] {logging_mixin.py:188} INFO - [2026-06-11T16:54:26.103+0000] {dagbag.py:538} INFO - Filling up the DagBag from /opt/airflow/dags/dag_crime_pipeline.py
[2026-06-11T16:54:26.157+0000] {processor.py:840} INFO - DAG(s) 'crime_analytics_pipeline' retrieved from /opt/airflow/dags/dag_crime_pipeline.py
[2026-06-11T16:54:26.202+0000] {logging_mixin.py:188} INFO - [2026-06-11T16:54:26.202+0000] {dag.py:3036} INFO - Sync 1 DAGs
[2026-06-11T16:54:26.235+0000] {logging_mixin.py:188} INFO - [2026-06-11T16:54:26.235+0000] {dag.py:3823} INFO - Setting next_dagrun for crime_analytics_pipeline to 2026-06-06 19:00:00+00:00, run_after=2026-06-13 19:00:00+00:00
[2026-06-11T16:54:26.276+0000] {processor.py:183} INFO - Processing /opt/airflow/dags/dag_crime_pipeline.py took 0.182 seconds
[2026-06-11T16:54:56.427+0000] {processor.py:161} INFO - Started process (PID=1076) to work on /opt/airflow/dags/dag_crime_pipeline.py
[2026-06-11T16:54:56.430+0000] {processor.py:830} INFO - Processing file /opt/airflow/dags/dag_crime_pipeline.py for tasks to queue
[2026-06-11T16:54:56.435+0000] {logging_mixin.py:188} INFO - [2026-06-11T16:54:56.435+0000] {dagbag.py:538} INFO - Filling up the DagBag from /opt/airflow/dags/dag_crime_pipeline.py
[2026-06-11T16:54:56.505+0000] {processor.py:840} INFO - DAG(s) 'crime_analytics_pipeline' retrieved from /opt/airflow/dags/dag_crime_pipeline.py
[2026-06-11T16:54:56.550+0000] {logging_mixin.py:188} INFO - [2026-06-11T16:54:56.549+0000] {dag.py:3036} INFO - Sync 1 DAGs
[2026-06-11T16:54:56.584+0000] {logging_mixin.py:188} INFO - [2026-06-11T16:54:56.584+0000] {dag.py:3823} INFO - Setting next_dagrun for crime_analytics_pipeline to 2026-06-06 19:00:00+00:00, run_after=2026-06-13 19:00:00+00:00
[2026-06-11T16:54:56.609+0000] {processor.py:183} INFO - Processing /opt/airflow/dags/dag_crime_pipeline.py took 0.187 seconds
[2026-06-11T16:55:27.675+0000] {processor.py:161} INFO - Started process (PID=1081) to work on /opt/airflow/dags/dag_crime_pipeline.py
[2026-06-11T16:55:27.676+0000] {processor.py:830} INFO - Processing file /opt/airflow/dags/dag_crime_pipeline.py for tasks to queue
[2026-06-11T16:55:27.681+0000] {logging_mixin.py:188} INFO - [2026-06-11T16:55:27.680+0000] {dagbag.py:538} INFO - Filling up the DagBag from /opt/airflow/dags/dag_crime_pipeline.py
[2026-06-11T16:55:27.737+0000] {processor.py:840} INFO - DAG(s) 'crime_analytics_pipeline' retrieved from /opt/airflow/dags/dag_crime_pipeline.py
[2026-06-11T16:55:27.786+0000] {logging_mixin.py:188} INFO - [2026-06-11T16:55:27.786+0000] {dag.py:3036} INFO - Sync 1 DAGs
[2026-06-11T16:55:27.818+0000] {logging_mixin.py:188} INFO - [2026-06-11T16:55:27.818+0000] {dag.py:3823} INFO - Setting next_dagrun for crime_analytics_pipeline to 2026-06-06 19:00:00+00:00, run_after=2026-06-13 19:00:00+00:00
[2026-06-11T16:55:27.850+0000] {processor.py:183} INFO - Processing /opt/airflow/dags/dag_crime_pipeline.py took 0.179 seconds
[2026-06-11T16:55:57.943+0000] {processor.py:161} INFO - Started process (PID=1086) to work on /opt/airflow/dags/dag_crime_pipeline.py
[2026-06-11T16:55:57.945+0000] {processor.py:830} INFO - Processing file /opt/airflow/dags/dag_crime_pipeline.py for tasks to queue
[2026-06-11T16:55:57.949+0000] {logging_mixin.py:188} INFO - [2026-06-11T16:55:57.949+0000] {dagbag.py:538} INFO - Filling up the DagBag from /opt/airflow/dags/dag_crime_pipeline.py
[2026-06-11T16:55:58.002+0000] {processor.py:840} INFO - DAG(s) 'crime_analytics_pipeline' retrieved from /opt/airflow/dags/dag_crime_pipeline.py
[2026-06-11T16:55:58.045+0000] {logging_mixin.py:188} INFO - [2026-06-11T16:55:58.044+0000] {dag.py:3036} INFO - Sync 1 DAGs
[2026-06-11T16:55:58.078+0000] {logging_mixin.py:188} INFO - [2026-06-11T16:55:58.078+0000] {dag.py:3823} INFO - Setting next_dagrun for crime_analytics_pipeline to 2026-06-06 19:00:00+00:00, run_after=2026-06-13 19:00:00+00:00
[2026-06-11T16:55:58.105+0000] {processor.py:183} INFO - Processing /opt/airflow/dags/dag_crime_pipeline.py took 0.168 seconds
[2026-06-11T16:56:28.365+0000] {processor.py:161} INFO - Started process (PID=1091) to work on /opt/airflow/dags/dag_crime_pipeline.py
[2026-06-11T16:56:28.367+0000] {processor.py:830} INFO - Processing file /opt/airflow/dags/dag_crime_pipeline.py for tasks to queue
[2026-06-11T16:56:28.370+0000] {logging_mixin.py:188} INFO - [2026-06-11T16:56:28.370+0000] {dagbag.py:538} INFO - Filling up the DagBag from /opt/airflow/dags/dag_crime_pipeline.py
[2026-06-11T16:56:27.660+0000] {processor.py:840} INFO - DAG(s) 'crime_analytics_pipeline' retrieved from /opt/airflow/dags/dag_crime_pipeline.py
[2026-06-11T16:56:27.701+0000] {logging_mixin.py:188} INFO - [2026-06-11T16:56:27.701+0000] {dag.py:3036} INFO - Sync 1 DAGs
[2026-06-11T16:56:27.731+0000] {logging_mixin.py:188} INFO - [2026-06-11T16:56:27.730+0000] {dag.py:3823} INFO - Setting next_dagrun for crime_analytics_pipeline to 2026-06-06 19:00:00+00:00, run_after=2026-06-13 19:00:00+00:00
[2026-06-11T16:56:27.763+0000] {processor.py:183} INFO - Processing /opt/airflow/dags/dag_crime_pipeline.py took 0.170 seconds
[2026-06-11T16:56:58.720+0000] {processor.py:161} INFO - Started process (PID=1096) to work on /opt/airflow/dags/dag_crime_pipeline.py
[2026-06-11T16:56:58.722+0000] {processor.py:830} INFO - Processing file /opt/airflow/dags/dag_crime_pipeline.py for tasks to queue
[2026-06-11T16:56:58.727+0000] {logging_mixin.py:188} INFO - [2026-06-11T16:56:58.726+0000] {dagbag.py:538} INFO - Filling up the DagBag from /opt/airflow/dags/dag_crime_pipeline.py
[2026-06-11T16:56:58.786+0000] {processor.py:840} INFO - DAG(s) 'crime_analytics_pipeline' retrieved from /opt/airflow/dags/dag_crime_pipeline.py
[2026-06-11T16:56:58.837+0000] {logging_mixin.py:188} INFO - [2026-06-11T16:56:58.836+0000] {dag.py:3036} INFO - Sync 1 DAGs
[2026-06-11T16:56:58.870+0000] {logging_mixin.py:188} INFO - [2026-06-11T16:56:58.869+0000] {dag.py:3823} INFO - Setting next_dagrun for crime_analytics_pipeline to 2026-06-06 19:00:00+00:00, run_after=2026-06-13 19:00:00+00:00
[2026-06-11T16:56:58.900+0000] {processor.py:183} INFO - Processing /opt/airflow/dags/dag_crime_pipeline.py took 0.184 seconds
[2026-06-11T16:57:29.840+0000] {processor.py:161} INFO - Started process (PID=1101) to work on /opt/airflow/dags/dag_crime_pipeline.py
[2026-06-11T16:57:29.842+0000] {processor.py:830} INFO - Processing file /opt/airflow/dags/dag_crime_pipeline.py for tasks to queue
[2026-06-11T16:57:29.847+0000] {logging_mixin.py:188} INFO - [2026-06-11T16:57:29.846+0000] {dagbag.py:538} INFO - Filling up the DagBag from /opt/airflow/dags/dag_crime_pipeline.py
[2026-06-11T16:57:29.899+0000] {processor.py:840} INFO - DAG(s) 'crime_analytics_pipeline' retrieved from /opt/airflow/dags/dag_crime_pipeline.py
[2026-06-11T16:57:29.943+0000] {logging_mixin.py:188} INFO - [2026-06-11T16:57:29.943+0000] {dag.py:3036} INFO - Sync 1 DAGs
[2026-06-11T16:57:29.978+0000] {logging_mixin.py:188} INFO - [2026-06-11T16:57:29.978+0000] {dag.py:3823} INFO - Setting next_dagrun for crime_analytics_pipeline to 2026-06-06 19:00:00+00:00, run_after=2026-06-13 19:00:00+00:00
[2026-06-11T16:57:30.007+0000] {processor.py:183} INFO - Processing /opt/airflow/dags/dag_crime_pipeline.py took 0.175 seconds
[2026-06-11T16:58:00.118+0000] {processor.py:161} INFO - Started process (PID=1106) to work on /opt/airflow/dags/dag_crime_pipeline.py
[2026-06-11T16:58:00.120+0000] {processor.py:830} INFO - Processing file /opt/airflow/dags/dag_crime_pipeline.py for tasks to queue
[2026-06-11T16:58:00.123+0000] {logging_mixin.py:188} INFO - [2026-06-11T16:58:00.123+0000] {dagbag.py:538} INFO - Filling up the DagBag from /opt/airflow/dags/dag_crime_pipeline.py
[2026-06-11T16:58:00.178+0000] {processor.py:840} INFO - DAG(s) 'crime_analytics_pipeline' retrieved from /opt/airflow/dags/dag_crime_pipeline.py
[2026-06-11T16:58:00.220+0000] {logging_mixin.py:188} INFO - [2026-06-11T16:58:00.219+0000] {dag.py:3036} INFO - Sync 1 DAGs
[2026-06-11T16:58:00.249+0000] {logging_mixin.py:188} INFO - [2026-06-11T16:58:00.248+0000] {dag.py:3823} INFO - Setting next_dagrun for crime_analytics_pipeline to 2026-06-06 19:00:00+00:00, run_after=2026-06-13 19:00:00+00:00
[2026-06-11T16:58:00.279+0000] {processor.py:183} INFO - Processing /opt/airflow/dags/dag_crime_pipeline.py took 0.165 seconds
[2026-06-11T16:58:30.382+0000] {processor.py:161} INFO - Started process (PID=1111) to work on /opt/airflow/dags/dag_crime_pipeline.py
[2026-06-11T16:58:30.384+0000] {processor.py:830} INFO - Processing file /opt/airflow/dags/dag_crime_pipeline.py for tasks to queue
[2026-06-11T16:58:30.388+0000] {logging_mixin.py:188} INFO - [2026-06-11T16:58:30.388+0000] {dagbag.py:538} INFO - Filling up the DagBag from /opt/airflow/dags/dag_crime_pipeline.py
[2026-06-11T16:58:30.445+0000] {processor.py:840} INFO - DAG(s) 'crime_analytics_pipeline' retrieved from /opt/airflow/dags/dag_crime_pipeline.py
[2026-06-11T16:58:30.494+0000] {logging_mixin.py:188} INFO - [2026-06-11T16:58:30.494+0000] {dag.py:3036} INFO - Sync 1 DAGs
[2026-06-11T16:58:30.531+0000] {logging_mixin.py:188} INFO - [2026-06-11T16:58:30.531+0000] {dag.py:3823} INFO - Setting next_dagrun for crime_analytics_pipeline to 2026-06-06 19:00:00+00:00, run_after=2026-06-13 19:00:00+00:00
[2026-06-11T16:58:30.584+0000] {processor.py:183} INFO - Processing /opt/airflow/dags/dag_crime_pipeline.py took 0.210 seconds
[2026-06-11T16:59:01.644+0000] {processor.py:161} INFO - Started process (PID=1116) to work on /opt/airflow/dags/dag_crime_pipeline.py
[2026-06-11T16:59:01.646+0000] {processor.py:830} INFO - Processing file /opt/airflow/dags/dag_crime_pipeline.py for tasks to queue
[2026-06-11T16:59:01.650+0000] {logging_mixin.py:188} INFO - [2026-06-11T16:59:01.649+0000] {dagbag.py:538} INFO - Filling up the DagBag from /opt/airflow/dags/dag_crime_pipeline.py
[2026-06-11T16:59:01.707+0000] {processor.py:840} INFO - DAG(s) 'crime_analytics_pipeline' retrieved from /opt/airflow/dags/dag_crime_pipeline.py
[2026-06-11T16:59:01.752+0000] {logging_mixin.py:188} INFO - [2026-06-11T16:59:01.752+0000] {dag.py:3036} INFO - Sync 1 DAGs
[2026-06-11T16:59:01.788+0000] {logging_mixin.py:188} INFO - [2026-06-11T16:59:01.788+0000] {dag.py:3823} INFO - Setting next_dagrun for crime_analytics_pipeline to 2026-06-06 19:00:00+00:00, run_after=2026-06-13 19:00:00+00:00
[2026-06-11T16:59:01.839+0000] {processor.py:183} INFO - Processing /opt/airflow/dags/dag_crime_pipeline.py took 0.200 seconds
[2026-06-11T16:59:32.878+0000] {processor.py:161} INFO - Started process (PID=1121) to work on /opt/airflow/dags/dag_crime_pipeline.py
[2026-06-11T16:59:32.880+0000] {processor.py:830} INFO - Processing file /opt/airflow/dags/dag_crime_pipeline.py for tasks to queue
[2026-06-11T16:59:32.886+0000] {logging_mixin.py:188} INFO - [2026-06-11T16:59:32.885+0000] {dagbag.py:538} INFO - Filling up the DagBag from /opt/airflow/dags/dag_crime_pipeline.py
[2026-06-11T16:59:32.946+0000] {processor.py:840} INFO - DAG(s) 'crime_analytics_pipeline' retrieved from /opt/airflow/dags/dag_crime_pipeline.py
[2026-06-11T16:59:32.996+0000] {logging_mixin.py:188} INFO - [2026-06-11T16:59:32.995+0000] {dag.py:3036} INFO - Sync 1 DAGs
[2026-06-11T16:59:33.026+0000] {logging_mixin.py:188} INFO - [2026-06-11T16:59:33.026+0000] {dag.py:3823} INFO - Setting next_dagrun for crime_analytics_pipeline to 2026-06-06 19:00:00+00:00, run_after=2026-06-13 19:00:00+00:00
[2026-06-11T16:59:33.079+0000] {processor.py:183} INFO - Processing /opt/airflow/dags/dag_crime_pipeline.py took 0.207 seconds
[2026-06-11T17:00:04.076+0000] {processor.py:161} INFO - Started process (PID=1126) to work on /opt/airflow/dags/dag_crime_pipeline.py
[2026-06-11T17:00:04.078+0000] {processor.py:830} INFO - Processing file /opt/airflow/dags/dag_crime_pipeline.py for tasks to queue
[2026-06-11T17:00:04.083+0000] {logging_mixin.py:188} INFO - [2026-06-11T17:00:04.082+0000] {dagbag.py:538} INFO - Filling up the DagBag from /opt/airflow/dags/dag_crime_pipeline.py
[2026-06-11T17:00:04.143+0000] {processor.py:840} INFO - DAG(s) 'crime_analytics_pipeline' retrieved from /opt/airflow/dags/dag_crime_pipeline.py
[2026-06-11T17:00:04.191+0000] {logging_mixin.py:188} INFO - [2026-06-11T17:00:04.191+0000] {dag.py:3036} INFO - Sync 1 DAGs
[2026-06-11T17:00:04.222+0000] {logging_mixin.py:188} INFO - [2026-06-11T17:00:04.222+0000] {dag.py:3823} INFO - Setting next_dagrun for crime_analytics_pipeline to 2026-06-06 19:00:00+00:00, run_after=2026-06-13 19:00:00+00:00
[2026-06-11T17:00:04.250+0000] {processor.py:183} INFO - Processing /opt/airflow/dags/dag_crime_pipeline.py took 0.178 seconds
[2026-06-11T17:00:35.209+0000] {processor.py:161} INFO - Started process (PID=1131) to work on /opt/airflow/dags/dag_crime_pipeline.py
[2026-06-11T17:00:35.211+0000] {processor.py:830} INFO - Processing file /opt/airflow/dags/dag_crime_pipeline.py for tasks to queue
[2026-06-11T17:00:35.216+0000] {logging_mixin.py:188} INFO - [2026-06-11T17:00:35.215+0000] {dagbag.py:538} INFO - Filling up the DagBag from /opt/airflow/dags/dag_crime_pipeline.py
[2026-06-11T17:00:35.269+0000] {processor.py:840} INFO - DAG(s) 'crime_analytics_pipeline' retrieved from /opt/airflow/dags/dag_crime_pipeline.py
[2026-06-11T17:00:35.312+0000] {logging_mixin.py:188} INFO - [2026-06-11T17:00:35.312+0000] {dag.py:3036} INFO - Sync 1 DAGs
[2026-06-11T17:00:35.344+0000] {logging_mixin.py:188} INFO - [2026-06-11T17:00:35.343+0000] {dag.py:3823} INFO - Setting next_dagrun for crime_analytics_pipeline to 2026-06-06 19:00:00+00:00, run_after=2026-06-13 19:00:00+00:00
[2026-06-11T17:00:35.394+0000] {processor.py:183} INFO - Processing /opt/airflow/dags/dag_crime_pipeline.py took 0.188 seconds
[2026-06-11T17:01:06.254+0000] {processor.py:161} INFO - Started process (PID=1136) to work on /opt/airflow/dags/dag_crime_pipeline.py
[2026-06-11T17:01:06.257+0000] {processor.py:830} INFO - Processing file /opt/airflow/dags/dag_crime_pipeline.py for tasks to queue
[2026-06-11T17:01:06.262+0000] {logging_mixin.py:188} INFO - [2026-06-11T17:01:06.261+0000] {dagbag.py:538} INFO - Filling up the DagBag from /opt/airflow/dags/dag_crime_pipeline.py
[2026-06-11T17:01:06.319+0000] {processor.py:840} INFO - DAG(s) 'crime_analytics_pipeline' retrieved from /opt/airflow/dags/dag_crime_pipeline.py
[2026-06-11T17:01:06.366+0000] {logging_mixin.py:188} INFO - [2026-06-11T17:01:06.366+0000] {dag.py:3036} INFO - Sync 1 DAGs
[2026-06-11T17:01:06.399+0000] {logging_mixin.py:188} INFO - [2026-06-11T17:01:06.399+0000] {dag.py:3823} INFO - Setting next_dagrun for crime_analytics_pipeline to 2026-06-06 19:00:00+00:00, run_after=2026-06-13 19:00:00+00:00
[2026-06-11T17:01:06.454+0000] {processor.py:183} INFO - Processing /opt/airflow/dags/dag_crime_pipeline.py took 0.208 seconds
[2026-06-11T17:01:37.437+0000] {processor.py:161} INFO - Started process (PID=1141) to work on /opt/airflow/dags/dag_crime_pipeline.py
[2026-06-11T17:01:37.439+0000] {processor.py:830} INFO - Processing file /opt/airflow/dags/dag_crime_pipeline.py for tasks to queue
[2026-06-11T17:01:37.442+0000] {logging_mixin.py:188} INFO - [2026-06-11T17:01:37.441+0000] {dagbag.py:538} INFO - Filling up the DagBag from /opt/airflow/dags/dag_crime_pipeline.py
[2026-06-11T17:01:37.495+0000] {processor.py:840} INFO - DAG(s) 'crime_analytics_pipeline' retrieved from /opt/airflow/dags/dag_crime_pipeline.py
[2026-06-11T17:01:37.541+0000] {logging_mixin.py:188} INFO - [2026-06-11T17:01:37.540+0000] {dag.py:3036} INFO - Sync 1 DAGs
[2026-06-11T17:01:37.576+0000] {logging_mixin.py:188} INFO - [2026-06-11T17:01:37.576+0000] {dag.py:3823} INFO - Setting next_dagrun for crime_analytics_pipeline to 2026-06-06 19:00:00+00:00, run_after=2026-06-13 19:00:00+00:00
[2026-06-11T17:01:37.631+0000] {processor.py:183} INFO - Processing /opt/airflow/dags/dag_crime_pipeline.py took 0.198 seconds
[2026-06-11T17:02:08.441+0000] {processor.py:161} INFO - Started process (PID=1146) to work on /opt/airflow/dags/dag_crime_pipeline.py
[2026-06-11T17:02:08.443+0000] {processor.py:830} INFO - Processing file /opt/airflow/dags/dag_crime_pipeline.py for tasks to queue
[2026-06-11T17:02:08.448+0000] {logging_mixin.py:188} INFO - [2026-06-11T17:02:08.447+0000] {dagbag.py:538} INFO - Filling up the DagBag from /opt/airflow/dags/dag_crime_pipeline.py
[2026-06-11T17:02:08.502+0000] {processor.py:840} INFO - DAG(s) 'crime_analytics_pipeline' retrieved from /opt/airflow/dags/dag_crime_pipeline.py
[2026-06-11T17:02:08.552+0000] {logging_mixin.py:188} INFO - [2026-06-11T17:02:08.552+0000] {dag.py:3036} INFO - Sync 1 DAGs
[2026-06-11T17:02:08.584+0000] {logging_mixin.py:188} INFO - [2026-06-11T17:02:08.584+0000] {dag.py:3823} INFO - Setting next_dagrun for crime_analytics_pipeline to 2026-06-06 19:00:00+00:00, run_after=2026-06-13 19:00:00+00:00
[2026-06-11T17:02:08.641+0000] {processor.py:183} INFO - Processing /opt/airflow/dags/dag_crime_pipeline.py took 0.208 seconds
[2026-06-11T17:02:39.652+0000] {processor.py:161} INFO - Started process (PID=1151) to work on /opt/airflow/dags/dag_crime_pipeline.py
[2026-06-11T17:02:39.653+0000] {processor.py:830} INFO - Processing file /opt/airflow/dags/dag_crime_pipeline.py for tasks to queue
[2026-06-11T17:02:39.657+0000] {logging_mixin.py:188} INFO - [2026-06-11T17:02:39.656+0000] {dagbag.py:538} INFO - Filling up the DagBag from /opt/airflow/dags/dag_crime_pipeline.py
[2026-06-11T17:02:39.712+0000] {processor.py:840} INFO - DAG(s) 'crime_analytics_pipeline' retrieved from /opt/airflow/dags/dag_crime_pipeline.py
[2026-06-11T17:02:39.757+0000] {logging_mixin.py:188} INFO - [2026-06-11T17:02:39.756+0000] {dag.py:3036} INFO - Sync 1 DAGs
[2026-06-11T17:02:39.790+0000] {logging_mixin.py:188} INFO - [2026-06-11T17:02:39.789+0000] {dag.py:3823} INFO - Setting next_dagrun for crime_analytics_pipeline to 2026-06-06 19:00:00+00:00, run_after=2026-06-13 19:00:00+00:00
[2026-06-11T17:02:39.819+0000] {processor.py:183} INFO - Processing /opt/airflow/dags/dag_crime_pipeline.py took 0.171 seconds
[2026-06-11T17:03:10.388+0000] {processor.py:161} INFO - Started process (PID=1156) to work on /opt/airflow/dags/dag_crime_pipeline.py
[2026-06-11T17:03:10.390+0000] {processor.py:830} INFO - Processing file /opt/airflow/dags/dag_crime_pipeline.py for tasks to queue
[2026-06-11T17:03:10.395+0000] {logging_mixin.py:188} INFO - [2026-06-11T17:03:10.394+0000] {dagbag.py:538} INFO - Filling up the DagBag from /opt/airflow/dags/dag_crime_pipeline.py
[2026-06-11T17:03:10.451+0000] {processor.py:840} INFO - DAG(s) 'crime_analytics_pipeline' retrieved from /opt/airflow/dags/dag_crime_pipeline.py
[2026-06-11T17:03:10.501+0000] {logging_mixin.py:188} INFO - [2026-06-11T17:03:10.500+0000] {dag.py:3036} INFO - Sync 1 DAGs
[2026-06-11T17:03:10.539+0000] {logging_mixin.py:188} INFO - [2026-06-11T17:03:10.539+0000] {dag.py:3823} INFO - Setting next_dagrun for crime_analytics_pipeline to 2026-06-06 19:00:00+00:00, run_after=2026-06-13 19:00:00+00:00
[2026-06-11T17:03:10.570+0000] {processor.py:183} INFO - Processing /opt/airflow/dags/dag_crime_pipeline.py took 0.187 seconds
[2026-06-11T17:03:41.535+0000] {processor.py:161} INFO - Started process (PID=1161) to work on /opt/airflow/dags/dag_crime_pipeline.py
[2026-06-11T17:03:41.537+0000] {processor.py:830} INFO - Processing file /opt/airflow/dags/dag_crime_pipeline.py for tasks to queue
[2026-06-11T17:03:41.540+0000] {logging_mixin.py:188} INFO - [2026-06-11T17:03:41.540+0000] {dagbag.py:538} INFO - Filling up the DagBag from /opt/airflow/dags/dag_crime_pipeline.py
[2026-06-11T17:03:41.593+0000] {processor.py:840} INFO - DAG(s) 'crime_analytics_pipeline' retrieved from /opt/airflow/dags/dag_crime_pipeline.py
[2026-06-11T17:03:41.645+0000] {logging_mixin.py:188} INFO - [2026-06-11T17:03:41.645+0000] {dag.py:3036} INFO - Sync 1 DAGs
[2026-06-11T17:03:41.679+0000] {logging_mixin.py:188} INFO - [2026-06-11T17:03:41.678+0000] {dag.py:3823} INFO - Setting next_dagrun for crime_analytics_pipeline to 2026-06-06 19:00:00+00:00, run_after=2026-06-13 19:00:00+00:00
[2026-06-11T17:03:41.706+0000] {processor.py:183} INFO - Processing /opt/airflow/dags/dag_crime_pipeline.py took 0.175 seconds
[2026-06-11T17:04:12.616+0000] {processor.py:161} INFO - Started process (PID=1166) to work on /opt/airflow/dags/dag_crime_pipeline.py
[2026-06-11T17:04:12.618+0000] {processor.py:830} INFO - Processing file /opt/airflow/dags/dag_crime_pipeline.py for tasks to queue
[2026-06-11T17:04:12.622+0000] {logging_mixin.py:188} INFO - [2026-06-11T17:04:12.621+0000] {dagbag.py:538} INFO - Filling up the DagBag from /opt/airflow/dags/dag_crime_pipeline.py
[2026-06-11T17:04:12.675+0000] {processor.py:840} INFO - DAG(s) 'crime_analytics_pipeline' retrieved from /opt/airflow/dags/dag_crime_pipeline.py
[2026-06-11T17:04:12.722+0000] {logging_mixin.py:188} INFO - [2026-06-11T17:04:12.721+0000] {dag.py:3036} INFO - Sync 1 DAGs
[2026-06-11T17:04:12.758+0000] {logging_mixin.py:188} INFO - [2026-06-11T17:04:12.758+0000] {dag.py:3823} INFO - Setting next_dagrun for crime_analytics_pipeline to 2026-06-06 19:00:00+00:00, run_after=2026-06-13 19:00:00+00:00
[2026-06-11T17:04:12.788+0000] {processor.py:183} INFO - Processing /opt/airflow/dags/dag_crime_pipeline.py took 0.177 seconds
[2026-06-11T17:04:43.668+0000] {processor.py:161} INFO - Started process (PID=1171) to work on /opt/airflow/dags/dag_crime_pipeline.py
[2026-06-11T17:04:43.670+0000] {processor.py:830} INFO - Processing file /opt/airflow/dags/dag_crime_pipeline.py for tasks to queue
[2026-06-11T17:04:43.674+0000] {logging_mixin.py:188} INFO - [2026-06-11T17:04:43.673+0000] {dagbag.py:538} INFO - Filling up the DagBag from /opt/airflow/dags/dag_crime_pipeline.py
[2026-06-11T17:04:43.726+0000] {processor.py:840} INFO - DAG(s) 'crime_analytics_pipeline' retrieved from /opt/airflow/dags/dag_crime_pipeline.py
[2026-06-11T17:04:43.773+0000] {logging_mixin.py:188} INFO - [2026-06-11T17:04:43.772+0000] {dag.py:3036} INFO - Sync 1 DAGs
[2026-06-11T17:04:43.809+0000] {logging_mixin.py:188} INFO - [2026-06-11T17:04:43.809+0000] {dag.py:3823} INFO - Setting next_dagrun for crime_analytics_pipeline to 2026-06-06 19:00:00+00:00, run_after=2026-06-13 19:00:00+00:00
[2026-06-11T17:04:43.857+0000] {processor.py:183} INFO - Processing /opt/airflow/dags/dag_crime_pipeline.py took 0.194 seconds
[2026-06-11T17:05:14.798+0000] {processor.py:161} INFO - Started process (PID=1176) to work on /opt/airflow/dags/dag_crime_pipeline.py
[2026-06-11T17:05:14.800+0000] {processor.py:830} INFO - Processing file /opt/airflow/dags/dag_crime_pipeline.py for tasks to queue
[2026-06-11T17:05:14.805+0000] {logging_mixin.py:188} INFO - [2026-06-11T17:05:14.804+0000] {dagbag.py:538} INFO - Filling up the DagBag from /opt/airflow/dags/dag_crime_pipeline.py
[2026-06-11T17:05:14.857+0000] {processor.py:840} INFO - DAG(s) 'crime_analytics_pipeline' retrieved from /opt/airflow/dags/dag_crime_pipeline.py
[2026-06-11T17:05:14.901+0000] {logging_mixin.py:188} INFO - [2026-06-11T17:05:14.901+0000] {dag.py:3036} INFO - Sync 1 DAGs
[2026-06-11T17:05:14.934+0000] {logging_mixin.py:188} INFO - [2026-06-11T17:05:14.933+0000] {dag.py:3823} INFO - Setting next_dagrun for crime_analytics_pipeline to 2026-06-06 19:00:00+00:00, run_after=2026-06-13 19:00:00+00:00
[2026-06-11T17:05:14.967+0000] {processor.py:183} INFO - Processing /opt/airflow/dags/dag_crime_pipeline.py took 0.175 seconds
[2026-06-11T17:05:45.879+0000] {processor.py:161} INFO - Started process (PID=1181) to work on /opt/airflow/dags/dag_crime_pipeline.py
[2026-06-11T17:05:45.881+0000] {processor.py:830} INFO - Processing file /opt/airflow/dags/dag_crime_pipeline.py for tasks to queue
[2026-06-11T17:05:45.886+0000] {logging_mixin.py:188} INFO - [2026-06-11T17:05:45.886+0000] {dagbag.py:538} INFO - Filling up the DagBag from /opt/airflow/dags/dag_crime_pipeline.py
[2026-06-11T17:05:45.953+0000] {processor.py:840} INFO - DAG(s) 'crime_analytics_pipeline' retrieved from /opt/airflow/dags/dag_crime_pipeline.py
[2026-06-11T17:05:46.006+0000] {logging_mixin.py:188} INFO - [2026-06-11T17:05:46.005+0000] {dag.py:3036} INFO - Sync 1 DAGs
[2026-06-11T17:05:46.039+0000] {logging_mixin.py:188} INFO - [2026-06-11T17:05:46.039+0000] {dag.py:3823} INFO - Setting next_dagrun for crime_analytics_pipeline to 2026-06-06 19:00:00+00:00, run_after=2026-06-13 19:00:00+00:00
[2026-06-11T17:05:46.093+0000] {processor.py:183} INFO - Processing /opt/airflow/dags/dag_crime_pipeline.py took 0.220 seconds
[2026-06-11T17:06:16.907+0000] {processor.py:161} INFO - Started process (PID=1186) to work on /opt/airflow/dags/dag_crime_pipeline.py
[2026-06-11T17:06:16.909+0000] {processor.py:830} INFO - Processing file /opt/airflow/dags/dag_crime_pipeline.py for tasks to queue
[2026-06-11T17:06:16.913+0000] {logging_mixin.py:188} INFO - [2026-06-11T17:06:16.912+0000] {dagbag.py:538} INFO - Filling up the DagBag from /opt/airflow/dags/dag_crime_pipeline.py
[2026-06-11T17:06:16.969+0000] {processor.py:840} INFO - DAG(s) 'crime_analytics_pipeline' retrieved from /opt/airflow/dags/dag_crime_pipeline.py
[2026-06-11T17:06:17.017+0000] {logging_mixin.py:188} INFO - [2026-06-11T17:06:17.017+0000] {dag.py:3036} INFO - Sync 1 DAGs
[2026-06-11T17:06:17.053+0000] {logging_mixin.py:188} INFO - [2026-06-11T17:06:17.052+0000] {dag.py:3823} INFO - Setting next_dagrun for crime_analytics_pipeline to 2026-06-06 19:00:00+00:00, run_after=2026-06-13 19:00:00+00:00
[2026-06-11T17:06:17.111+0000] {processor.py:183} INFO - Processing /opt/airflow/dags/dag_crime_pipeline.py took 0.208 seconds
[2026-06-11T17:06:47.996+0000] {processor.py:161} INFO - Started process (PID=1191) to work on /opt/airflow/dags/dag_crime_pipeline.py
[2026-06-11T17:06:47.999+0000] {processor.py:830} INFO - Processing file /opt/airflow/dags/dag_crime_pipeline.py for tasks to queue
[2026-06-11T17:06:48.003+0000] {logging_mixin.py:188} INFO - [2026-06-11T17:06:48.003+0000] {dagbag.py:538} INFO - Filling up the DagBag from /opt/airflow/dags/dag_crime_pipeline.py
[2026-06-11T17:06:48.058+0000] {processor.py:840} INFO - DAG(s) 'crime_analytics_pipeline' retrieved from /opt/airflow/dags/dag_crime_pipeline.py
[2026-06-11T17:06:48.106+0000] {logging_mixin.py:188} INFO - [2026-06-11T17:06:48.105+0000] {dag.py:3036} INFO - Sync 1 DAGs
[2026-06-11T17:06:48.136+0000] {logging_mixin.py:188} INFO - [2026-06-11T17:06:48.135+0000] {dag.py:3823} INFO - Setting next_dagrun for crime_analytics_pipeline to 2026-06-06 19:00:00+00:00, run_after=2026-06-13 19:00:00+00:00
[2026-06-11T17:06:48.187+0000] {processor.py:183} INFO - Processing /opt/airflow/dags/dag_crime_pipeline.py took 0.197 seconds
[2026-06-11T17:07:19.109+0000] {processor.py:161} INFO - Started process (PID=1196) to work on /opt/airflow/dags/dag_crime_pipeline.py
[2026-06-11T17:07:19.111+0000] {processor.py:830} INFO - Processing file /opt/airflow/dags/dag_crime_pipeline.py for tasks to queue
[2026-06-11T17:07:19.115+0000] {logging_mixin.py:188} INFO - [2026-06-11T17:07:19.114+0000] {dagbag.py:538} INFO - Filling up the DagBag from /opt/airflow/dags/dag_crime_pipeline.py
[2026-06-11T17:07:19.171+0000] {processor.py:840} INFO - DAG(s) 'crime_analytics_pipeline' retrieved from /opt/airflow/dags/dag_crime_pipeline.py
[2026-06-11T17:07:19.217+0000] {logging_mixin.py:188} INFO - [2026-06-11T17:07:19.217+0000] {dag.py:3036} INFO - Sync 1 DAGs
[2026-06-11T17:07:19.253+0000] {logging_mixin.py:188} INFO - [2026-06-11T17:07:19.253+0000] {dag.py:3823} INFO - Setting next_dagrun for crime_analytics_pipeline to 2026-06-06 19:00:00+00:00, run_after=2026-06-13 19:00:00+00:00
[2026-06-11T17:07:19.283+0000] {processor.py:183} INFO - Processing /opt/airflow/dags/dag_crime_pipeline.py took 0.180 seconds
[2026-06-11T17:07:49.415+0000] {processor.py:161} INFO - Started process (PID=1201) to work on /opt/airflow/dags/dag_crime_pipeline.py
[2026-06-11T17:07:49.417+0000] {processor.py:830} INFO - Processing file /opt/airflow/dags/dag_crime_pipeline.py for tasks to queue
[2026-06-11T17:07:49.422+0000] {logging_mixin.py:188} INFO - [2026-06-11T17:07:49.421+0000] {dagbag.py:538} INFO - Filling up the DagBag from /opt/airflow/dags/dag_crime_pipeline.py
[2026-06-11T17:07:49.473+0000] {processor.py:840} INFO - DAG(s) 'crime_analytics_pipeline' retrieved from /opt/airflow/dags/dag_crime_pipeline.py
[2026-06-11T17:07:49.521+0000] {logging_mixin.py:188} INFO - [2026-06-11T17:07:49.519+0000] {dag.py:3036} INFO - Sync 1 DAGs
[2026-06-11T17:07:49.557+0000] {logging_mixin.py:188} INFO - [2026-06-11T17:07:49.557+0000] {dag.py:3823} INFO - Setting next_dagrun for crime_analytics_pipeline to 2026-06-06 19:00:00+00:00, run_after=2026-06-13 19:00:00+00:00
[2026-06-11T17:07:49.608+0000] {processor.py:183} INFO - Processing /opt/airflow/dags/dag_crime_pipeline.py took 0.198 seconds
[2026-06-11T17:08:20.392+0000] {processor.py:161} INFO - Started process (PID=1206) to work on /opt/airflow/dags/dag_crime_pipeline.py
[2026-06-11T17:08:20.394+0000] {processor.py:830} INFO - Processing file /opt/airflow/dags/dag_crime_pipeline.py for tasks to queue
[2026-06-11T17:08:20.398+0000] {logging_mixin.py:188} INFO - [2026-06-11T17:08:20.397+0000] {dagbag.py:538} INFO - Filling up the DagBag from /opt/airflow/dags/dag_crime_pipeline.py
[2026-06-11T17:08:20.456+0000] {processor.py:840} INFO - DAG(s) 'crime_analytics_pipeline' retrieved from /opt/airflow/dags/dag_crime_pipeline.py
[2026-06-11T17:08:20.503+0000] {logging_mixin.py:188} INFO - [2026-06-11T17:08:20.502+0000] {dag.py:3036} INFO - Sync 1 DAGs
[2026-06-11T17:08:20.536+0000] {logging_mixin.py:188} INFO - [2026-06-11T17:08:20.536+0000] {dag.py:3823} INFO - Setting next_dagrun for crime_analytics_pipeline to 2026-06-06 19:00:00+00:00, run_after=2026-06-13 19:00:00+00:00
[2026-06-11T17:08:20.584+0000] {processor.py:183} INFO - Processing /opt/airflow/dags/dag_crime_pipeline.py took 0.199 seconds
[2026-06-11T17:08:50.742+0000] {processor.py:161} INFO - Started process (PID=1211) to work on /opt/airflow/dags/dag_crime_pipeline.py
[2026-06-11T17:08:50.744+0000] {processor.py:830} INFO - Processing file /opt/airflow/dags/dag_crime_pipeline.py for tasks to queue
[2026-06-11T17:08:50.749+0000] {logging_mixin.py:188} INFO - [2026-06-11T17:08:50.748+0000] {dagbag.py:538} INFO - Filling up the DagBag from /opt/airflow/dags/dag_crime_pipeline.py
[2026-06-11T17:08:50.807+0000] {processor.py:840} INFO - DAG(s) 'crime_analytics_pipeline' retrieved from /opt/airflow/dags/dag_crime_pipeline.py
[2026-06-11T17:08:50.854+0000] {logging_mixin.py:188} INFO - [2026-06-11T17:08:50.854+0000] {dag.py:3036} INFO - Sync 1 DAGs
[2026-06-11T17:08:50.890+0000] {logging_mixin.py:188} INFO - [2026-06-11T17:08:50.889+0000] {dag.py:3823} INFO - Setting next_dagrun for crime_analytics_pipeline to 2026-06-06 19:00:00+00:00, run_after=2026-06-13 19:00:00+00:00
[2026-06-11T17:08:50.918+0000] {processor.py:183} INFO - Processing /opt/airflow/dags/dag_crime_pipeline.py took 0.181 seconds
[2026-06-11T17:09:21.389+0000] {processor.py:161} INFO - Started process (PID=1216) to work on /opt/airflow/dags/dag_crime_pipeline.py
[2026-06-11T17:09:21.391+0000] {processor.py:830} INFO - Processing file /opt/airflow/dags/dag_crime_pipeline.py for tasks to queue
[2026-06-11T17:09:21.395+0000] {logging_mixin.py:188} INFO - [2026-06-11T17:09:21.394+0000] {dagbag.py:538} INFO - Filling up the DagBag from /opt/airflow/dags/dag_crime_pipeline.py
[2026-06-11T17:09:21.449+0000] {processor.py:840} INFO - DAG(s) 'crime_analytics_pipeline' retrieved from /opt/airflow/dags/dag_crime_pipeline.py
[2026-06-11T17:09:21.500+0000] {logging_mixin.py:188} INFO - [2026-06-11T17:09:21.500+0000] {dag.py:3036} INFO - Sync 1 DAGs
[2026-06-11T17:09:21.535+0000] {logging_mixin.py:188} INFO - [2026-06-11T17:09:21.535+0000] {dag.py:3823} INFO - Setting next_dagrun for crime_analytics_pipeline to 2026-06-06 19:00:00+00:00, run_after=2026-06-13 19:00:00+00:00
[2026-06-11T17:09:21.564+0000] {processor.py:183} INFO - Processing /opt/airflow/dags/dag_crime_pipeline.py took 0.182 seconds
[2026-06-11T17:09:52.507+0000] {processor.py:161} INFO - Started process (PID=1221) to work on /opt/airflow/dags/dag_crime_pipeline.py
[2026-06-11T17:09:52.510+0000] {processor.py:830} INFO - Processing file /opt/airflow/dags/dag_crime_pipeline.py for tasks to queue
[2026-06-11T17:09:52.513+0000] {logging_mixin.py:188} INFO - [2026-06-11T17:09:52.512+0000] {dagbag.py:538} INFO - Filling up the DagBag from /opt/airflow/dags/dag_crime_pipeline.py
[2026-06-11T17:09:52.566+0000] {processor.py:840} INFO - DAG(s) 'crime_analytics_pipeline' retrieved from /opt/airflow/dags/dag_crime_pipeline.py
[2026-06-11T17:09:52.610+0000] {logging_mixin.py:188} INFO - [2026-06-11T17:09:52.610+0000] {dag.py:3036} INFO - Sync 1 DAGs
[2026-06-11T17:09:52.642+0000] {logging_mixin.py:188} INFO - [2026-06-11T17:09:52.642+0000] {dag.py:3823} INFO - Setting next_dagrun for crime_analytics_pipeline to 2026-06-06 19:00:00+00:00, run_after=2026-06-13 19:00:00+00:00
[2026-06-11T17:09:52.672+0000] {processor.py:183} INFO - Processing /opt/airflow/dags/dag_crime_pipeline.py took 0.171 seconds
[2026-06-11T17:10:23.627+0000] {processor.py:161} INFO - Started process (PID=1226) to work on /opt/airflow/dags/dag_crime_pipeline.py
[2026-06-11T17:10:23.629+0000] {processor.py:830} INFO - Processing file /opt/airflow/dags/dag_crime_pipeline.py for tasks to queue
[2026-06-11T17:10:23.633+0000] {logging_mixin.py:188} INFO - [2026-06-11T17:10:23.632+0000] {dagbag.py:538} INFO - Filling up the DagBag from /opt/airflow/dags/dag_crime_pipeline.py
[2026-06-11T17:10:23.693+0000] {processor.py:840} INFO - DAG(s) 'crime_analytics_pipeline' retrieved from /opt/airflow/dags/dag_crime_pipeline.py
[2026-06-11T17:10:23.738+0000] {logging_mixin.py:188} INFO - [2026-06-11T17:10:23.737+0000] {dag.py:3036} INFO - Sync 1 DAGs
[2026-06-11T17:10:23.774+0000] {logging_mixin.py:188} INFO - [2026-06-11T17:10:23.773+0000] {dag.py:3823} INFO - Setting next_dagrun for crime_analytics_pipeline to 2026-06-06 19:00:00+00:00, run_after=2026-06-13 19:00:00+00:00
[2026-06-11T17:10:23.804+0000] {processor.py:183} INFO - Processing /opt/airflow/dags/dag_crime_pipeline.py took 0.183 seconds
[2026-06-11T17:10:54.648+0000] {processor.py:161} INFO - Started process (PID=1231) to work on /opt/airflow/dags/dag_crime_pipeline.py
[2026-06-11T17:10:54.651+0000] {processor.py:830} INFO - Processing file /opt/airflow/dags/dag_crime_pipeline.py for tasks to queue
[2026-06-11T17:10:54.655+0000] {logging_mixin.py:188} INFO - [2026-06-11T17:10:54.654+0000] {dagbag.py:538} INFO - Filling up the DagBag from /opt/airflow/dags/dag_crime_pipeline.py
[2026-06-11T17:10:54.714+0000] {processor.py:840} INFO - DAG(s) 'crime_analytics_pipeline' retrieved from /opt/airflow/dags/dag_crime_pipeline.py
[2026-06-11T17:10:54.761+0000] {logging_mixin.py:188} INFO - [2026-06-11T17:10:54.760+0000] {dag.py:3036} INFO - Sync 1 DAGs
[2026-06-11T17:10:54.797+0000] {logging_mixin.py:188} INFO - [2026-06-11T17:10:54.797+0000] {dag.py:3823} INFO - Setting next_dagrun for crime_analytics_pipeline to 2026-06-06 19:00:00+00:00, run_after=2026-06-13 19:00:00+00:00
[2026-06-11T17:10:54.844+0000] {processor.py:183} INFO - Processing /opt/airflow/dags/dag_crime_pipeline.py took 0.202 seconds
[2026-06-11T17:11:25.674+0000] {processor.py:161} INFO - Started process (PID=1236) to work on /opt/airflow/dags/dag_crime_pipeline.py
[2026-06-11T17:11:25.677+0000] {processor.py:830} INFO - Processing file /opt/airflow/dags/dag_crime_pipeline.py for tasks to queue
[2026-06-11T17:11:25.682+0000] {logging_mixin.py:188} INFO - [2026-06-11T17:11:25.681+0000] {dagbag.py:538} INFO - Filling up the DagBag from /opt/airflow/dags/dag_crime_pipeline.py
[2026-06-11T17:11:25.741+0000] {processor.py:840} INFO - DAG(s) 'crime_analytics_pipeline' retrieved from /opt/airflow/dags/dag_crime_pipeline.py
[2026-06-11T17:11:25.791+0000] {logging_mixin.py:188} INFO - [2026-06-11T17:11:25.790+0000] {dag.py:3036} INFO - Sync 1 DAGs
[2026-06-11T17:11:25.828+0000] {logging_mixin.py:188} INFO - [2026-06-11T17:11:25.828+0000] {dag.py:3823} INFO - Setting next_dagrun for crime_analytics_pipeline to 2026-06-06 19:00:00+00:00, run_after=2026-06-13 19:00:00+00:00
[2026-06-11T17:11:25.859+0000] {processor.py:183} INFO - Processing /opt/airflow/dags/dag_crime_pipeline.py took 0.193 seconds
[2026-06-11T17:11:56.782+0000] {processor.py:161} INFO - Started process (PID=1241) to work on /opt/airflow/dags/dag_crime_pipeline.py
[2026-06-11T17:11:56.784+0000] {processor.py:830} INFO - Processing file /opt/airflow/dags/dag_crime_pipeline.py for tasks to queue
[2026-06-11T17:11:56.789+0000] {logging_mixin.py:188} INFO - [2026-06-11T17:11:56.788+0000] {dagbag.py:538} INFO - Filling up the DagBag from /opt/airflow/dags/dag_crime_pipeline.py
[2026-06-11T17:11:56.850+0000] {processor.py:840} INFO - DAG(s) 'crime_analytics_pipeline' retrieved from /opt/airflow/dags/dag_crime_pipeline.py
[2026-06-11T17:11:56.893+0000] {logging_mixin.py:188} INFO - [2026-06-11T17:11:56.892+0000] {dag.py:3036} INFO - Sync 1 DAGs
[2026-06-11T17:11:56.926+0000] {logging_mixin.py:188} INFO - [2026-06-11T17:11:56.926+0000] {dag.py:3823} INFO - Setting next_dagrun for crime_analytics_pipeline to 2026-06-06 19:00:00+00:00, run_after=2026-06-13 19:00:00+00:00
[2026-06-11T17:11:56.975+0000] {processor.py:183} INFO - Processing /opt/airflow/dags/dag_crime_pipeline.py took 0.199 seconds
[2026-06-11T17:12:28.009+0000] {processor.py:161} INFO - Started process (PID=1246) to work on /opt/airflow/dags/dag_crime_pipeline.py
[2026-06-11T17:12:28.010+0000] {processor.py:830} INFO - Processing file /opt/airflow/dags/dag_crime_pipeline.py for tasks to queue
[2026-06-11T17:12:28.014+0000] {logging_mixin.py:188} INFO - [2026-06-11T17:12:28.013+0000] {dagbag.py:538} INFO - Filling up the DagBag from /opt/airflow/dags/dag_crime_pipeline.py
[2026-06-11T17:12:28.067+0000] {processor.py:840} INFO - DAG(s) 'crime_analytics_pipeline' retrieved from /opt/airflow/dags/dag_crime_pipeline.py
[2026-06-11T17:12:28.117+0000] {logging_mixin.py:188} INFO - [2026-06-11T17:12:28.116+0000] {dag.py:3036} INFO - Sync 1 DAGs
[2026-06-11T17:12:28.150+0000] {logging_mixin.py:188} INFO - [2026-06-11T17:12:28.150+0000] {dag.py:3823} INFO - Setting next_dagrun for crime_analytics_pipeline to 2026-06-06 19:00:00+00:00, run_after=2026-06-13 19:00:00+00:00
[2026-06-11T17:12:28.188+0000] {processor.py:183} INFO - Processing /opt/airflow/dags/dag_crime_pipeline.py took 0.184 seconds
[2026-06-11T17:12:59.183+0000] {processor.py:161} INFO - Started process (PID=1251) to work on /opt/airflow/dags/dag_crime_pipeline.py
[2026-06-11T17:12:59.185+0000] {processor.py:830} INFO - Processing file /opt/airflow/dags/dag_crime_pipeline.py for tasks to queue
[2026-06-11T17:12:59.189+0000] {logging_mixin.py:188} INFO - [2026-06-11T17:12:59.189+0000] {dagbag.py:538} INFO - Filling up the DagBag from /opt/airflow/dags/dag_crime_pipeline.py
[2026-06-11T17:12:59.244+0000] {processor.py:840} INFO - DAG(s) 'crime_analytics_pipeline' retrieved from /opt/airflow/dags/dag_crime_pipeline.py
[2026-06-11T17:12:59.292+0000] {logging_mixin.py:188} INFO - [2026-06-11T17:12:59.291+0000] {dag.py:3036} INFO - Sync 1 DAGs
[2026-06-11T17:12:59.326+0000] {logging_mixin.py:188} INFO - [2026-06-11T17:12:59.325+0000] {dag.py:3823} INFO - Setting next_dagrun for crime_analytics_pipeline to 2026-06-06 19:00:00+00:00, run_after=2026-06-13 19:00:00+00:00
[2026-06-11T17:12:59.355+0000] {processor.py:183} INFO - Processing /opt/airflow/dags/dag_crime_pipeline.py took 0.177 seconds
[2026-06-11T17:13:29.440+0000] {processor.py:161} INFO - Started process (PID=1256) to work on /opt/airflow/dags/dag_crime_pipeline.py
[2026-06-11T17:13:29.443+0000] {processor.py:830} INFO - Processing file /opt/airflow/dags/dag_crime_pipeline.py for tasks to queue
[2026-06-11T17:13:29.446+0000] {logging_mixin.py:188} INFO - [2026-06-11T17:13:29.446+0000] {dagbag.py:538} INFO - Filling up the DagBag from /opt/airflow/dags/dag_crime_pipeline.py
[2026-06-11T17:13:29.499+0000] {processor.py:840} INFO - DAG(s) 'crime_analytics_pipeline' retrieved from /opt/airflow/dags/dag_crime_pipeline.py
[2026-06-11T17:13:29.546+0000] {logging_mixin.py:188} INFO - [2026-06-11T17:13:29.546+0000] {dag.py:3036} INFO - Sync 1 DAGs
[2026-06-11T17:13:29.582+0000] {logging_mixin.py:188} INFO - [2026-06-11T17:13:29.581+0000] {dag.py:3823} INFO - Setting next_dagrun for crime_analytics_pipeline to 2026-06-06 19:00:00+00:00, run_after=2026-06-13 19:00:00+00:00
[2026-06-11T17:13:29.635+0000] {processor.py:183} INFO - Processing /opt/airflow/dags/dag_crime_pipeline.py took 0.201 seconds
[2026-06-11T17:14:00.489+0000] {processor.py:161} INFO - Started process (PID=1261) to work on /opt/airflow/dags/dag_crime_pipeline.py
[2026-06-11T17:14:00.491+0000] {processor.py:830} INFO - Processing file /opt/airflow/dags/dag_crime_pipeline.py for tasks to queue
[2026-06-11T17:14:00.494+0000] {logging_mixin.py:188} INFO - [2026-06-11T17:14:00.494+0000] {dagbag.py:538} INFO - Filling up the DagBag from /opt/airflow/dags/dag_crime_pipeline.py
[2026-06-11T17:14:00.546+0000] {processor.py:840} INFO - DAG(s) 'crime_analytics_pipeline' retrieved from /opt/airflow/dags/dag_crime_pipeline.py
[2026-06-11T17:14:00.598+0000] {logging_mixin.py:188} INFO - [2026-06-11T17:14:00.598+0000] {dag.py:3036} INFO - Sync 1 DAGs
[2026-06-11T17:14:00.633+0000] {logging_mixin.py:188} INFO - [2026-06-11T17:14:00.633+0000] {dag.py:3823} INFO - Setting next_dagrun for crime_analytics_pipeline to 2026-06-06 19:00:00+00:00, run_after=2026-06-13 19:00:00+00:00
[2026-06-11T17:14:00.664+0000] {processor.py:183} INFO - Processing /opt/airflow/dags/dag_crime_pipeline.py took 0.179 seconds
[2026-06-11T17:14:31.611+0000] {processor.py:161} INFO - Started process (PID=1266) to work on /opt/airflow/dags/dag_crime_pipeline.py
[2026-06-11T17:14:31.614+0000] {processor.py:830} INFO - Processing file /opt/airflow/dags/dag_crime_pipeline.py for tasks to queue
[2026-06-11T17:14:31.619+0000] {logging_mixin.py:188} INFO - [2026-06-11T17:14:31.618+0000] {dagbag.py:538} INFO - Filling up the DagBag from /opt/airflow/dags/dag_crime_pipeline.py
[2026-06-11T17:14:31.675+0000] {processor.py:840} INFO - DAG(s) 'crime_analytics_pipeline' retrieved from /opt/airflow/dags/dag_crime_pipeline.py
[2026-06-11T17:14:31.723+0000] {logging_mixin.py:188} INFO - [2026-06-11T17:14:31.722+0000] {dag.py:3036} INFO - Sync 1 DAGs
[2026-06-11T17:14:31.756+0000] {logging_mixin.py:188} INFO - [2026-06-11T17:14:31.756+0000] {dag.py:3823} INFO - Setting next_dagrun for crime_analytics_pipeline to 2026-06-06 19:00:00+00:00, run_after=2026-06-13 19:00:00+00:00
[2026-06-11T17:14:31.786+0000] {processor.py:183} INFO - Processing /opt/airflow/dags/dag_crime_pipeline.py took 0.181 seconds
[2026-06-11T17:15:02.567+0000] {processor.py:161} INFO - Started process (PID=1271) to work on /opt/airflow/dags/dag_crime_pipeline.py
[2026-06-11T17:15:02.569+0000] {processor.py:830} INFO - Processing file /opt/airflow/dags/dag_crime_pipeline.py for tasks to queue
[2026-06-11T17:15:02.573+0000] {logging_mixin.py:188} INFO - [2026-06-11T17:15:02.572+0000] {dagbag.py:538} INFO - Filling up the DagBag from /opt/airflow/dags/dag_crime_pipeline.py
[2026-06-11T17:15:02.627+0000] {processor.py:840} INFO - DAG(s) 'crime_analytics_pipeline' retrieved from /opt/airflow/dags/dag_crime_pipeline.py
[2026-06-11T17:15:02.681+0000] {logging_mixin.py:188} INFO - [2026-06-11T17:15:02.680+0000] {dag.py:3036} INFO - Sync 1 DAGs
[2026-06-11T17:15:02.722+0000] {logging_mixin.py:188} INFO - [2026-06-11T17:15:02.721+0000] {dag.py:3823} INFO - Setting next_dagrun for crime_analytics_pipeline to 2026-06-06 19:00:00+00:00, run_after=2026-06-13 19:00:00+00:00
[2026-06-11T17:15:02.772+0000] {processor.py:183} INFO - Processing /opt/airflow/dags/dag_crime_pipeline.py took 0.212 seconds
[2026-06-11T17:15:33.417+0000] {processor.py:161} INFO - Started process (PID=1276) to work on /opt/airflow/dags/dag_crime_pipeline.py
[2026-06-11T17:15:33.420+0000] {processor.py:830} INFO - Processing file /opt/airflow/dags/dag_crime_pipeline.py for tasks to queue
[2026-06-11T17:15:33.424+0000] {logging_mixin.py:188} INFO - [2026-06-11T17:15:33.424+0000] {dagbag.py:538} INFO - Filling up the DagBag from /opt/airflow/dags/dag_crime_pipeline.py
[2026-06-11T17:15:33.478+0000] {processor.py:840} INFO - DAG(s) 'crime_analytics_pipeline' retrieved from /opt/airflow/dags/dag_crime_pipeline.py
[2026-06-11T17:15:33.528+0000] {logging_mixin.py:188} INFO - [2026-06-11T17:15:33.527+0000] {dag.py:3036} INFO - Sync 1 DAGs
[2026-06-11T17:15:33.557+0000] {logging_mixin.py:188} INFO - [2026-06-11T17:15:33.557+0000] {dag.py:3823} INFO - Setting next_dagrun for crime_analytics_pipeline to 2026-06-06 19:00:00+00:00, run_after=2026-06-13 19:00:00+00:00
[2026-06-11T17:15:33.586+0000] {processor.py:183} INFO - Processing /opt/airflow/dags/dag_crime_pipeline.py took 0.176 seconds
[2026-06-11T17:16:04.585+0000] {processor.py:161} INFO - Started process (PID=1281) to work on /opt/airflow/dags/dag_crime_pipeline.py
[2026-06-11T17:16:04.588+0000] {processor.py:830} INFO - Processing file /opt/airflow/dags/dag_crime_pipeline.py for tasks to queue
[2026-06-11T17:16:04.591+0000] {logging_mixin.py:188} INFO - [2026-06-11T17:16:04.591+0000] {dagbag.py:538} INFO - Filling up the DagBag from /opt/airflow/dags/dag_crime_pipeline.py
[2026-06-11T17:16:04.653+0000] {processor.py:840} INFO - DAG(s) 'crime_analytics_pipeline' retrieved from /opt/airflow/dags/dag_crime_pipeline.py
[2026-06-11T17:16:04.703+0000] {logging_mixin.py:188} INFO - [2026-06-11T17:16:04.702+0000] {dag.py:3036} INFO - Sync 1 DAGs
[2026-06-11T17:16:04.744+0000] {logging_mixin.py:188} INFO - [2026-06-11T17:16:04.743+0000] {dag.py:3823} INFO - Setting next_dagrun for crime_analytics_pipeline to 2026-06-06 19:00:00+00:00, run_after=2026-06-13 19:00:00+00:00
[2026-06-11T17:16:04.778+0000] {processor.py:183} INFO - Processing /opt/airflow/dags/dag_crime_pipeline.py took 0.199 seconds
[2026-06-11T17:16:35.671+0000] {processor.py:161} INFO - Started process (PID=1286) to work on /opt/airflow/dags/dag_crime_pipeline.py
[2026-06-11T17:16:35.673+0000] {processor.py:830} INFO - Processing file /opt/airflow/dags/dag_crime_pipeline.py for tasks to queue
[2026-06-11T17:16:35.682+0000] {logging_mixin.py:188} INFO - [2026-06-11T17:16:35.681+0000] {dagbag.py:538} INFO - Filling up the DagBag from /opt/airflow/dags/dag_crime_pipeline.py
[2026-06-11T17:16:35.752+0000] {processor.py:840} INFO - DAG(s) 'crime_analytics_pipeline' retrieved from /opt/airflow/dags/dag_crime_pipeline.py
[2026-06-11T17:16:35.805+0000] {logging_mixin.py:188} INFO - [2026-06-11T17:16:35.804+0000] {dag.py:3036} INFO - Sync 1 DAGs
[2026-06-11T17:16:35.847+0000] {logging_mixin.py:188} INFO - [2026-06-11T17:16:35.847+0000] {dag.py:3823} INFO - Setting next_dagrun for crime_analytics_pipeline to 2026-06-06 19:00:00+00:00, run_after=2026-06-13 19:00:00+00:00
[2026-06-11T17:16:35.882+0000] {processor.py:183} INFO - Processing /opt/airflow/dags/dag_crime_pipeline.py took 0.217 seconds
[2026-06-11T17:17:06.895+0000] {processor.py:161} INFO - Started process (PID=1291) to work on /opt/airflow/dags/dag_crime_pipeline.py
[2026-06-11T17:17:06.897+0000] {processor.py:830} INFO - Processing file /opt/airflow/dags/dag_crime_pipeline.py for tasks to queue
[2026-06-11T17:17:06.900+0000] {logging_mixin.py:188} INFO - [2026-06-11T17:17:06.900+0000] {dagbag.py:538} INFO - Filling up the DagBag from /opt/airflow/dags/dag_crime_pipeline.py
[2026-06-11T17:17:06.953+0000] {processor.py:840} INFO - DAG(s) 'crime_analytics_pipeline' retrieved from /opt/airflow/dags/dag_crime_pipeline.py
[2026-06-11T17:17:06.992+0000] {logging_mixin.py:188} INFO - [2026-06-11T17:17:06.991+0000] {dag.py:3036} INFO - Sync 1 DAGs
[2026-06-11T17:17:07.028+0000] {logging_mixin.py:188} INFO - [2026-06-11T17:17:07.028+0000] {dag.py:3823} INFO - Setting next_dagrun for crime_analytics_pipeline to 2026-06-06 19:00:00+00:00, run_after=2026-06-13 19:00:00+00:00
[2026-06-11T17:17:07.056+0000] {processor.py:183} INFO - Processing /opt/airflow/dags/dag_crime_pipeline.py took 0.167 seconds
[2026-06-11T17:17:38.052+0000] {processor.py:161} INFO - Started process (PID=1296) to work on /opt/airflow/dags/dag_crime_pipeline.py
[2026-06-11T17:17:38.054+0000] {processor.py:830} INFO - Processing file /opt/airflow/dags/dag_crime_pipeline.py for tasks to queue
[2026-06-11T17:17:38.058+0000] {logging_mixin.py:188} INFO - [2026-06-11T17:17:38.057+0000] {dagbag.py:538} INFO - Filling up the DagBag from /opt/airflow/dags/dag_crime_pipeline.py
[2026-06-11T17:17:38.113+0000] {processor.py:840} INFO - DAG(s) 'crime_analytics_pipeline' retrieved from /opt/airflow/dags/dag_crime_pipeline.py
[2026-06-11T17:17:38.154+0000] {logging_mixin.py:188} INFO - [2026-06-11T17:17:38.154+0000] {dag.py:3036} INFO - Sync 1 DAGs
[2026-06-11T17:17:38.187+0000] {logging_mixin.py:188} INFO - [2026-06-11T17:17:38.186+0000] {dag.py:3823} INFO - Setting next_dagrun for crime_analytics_pipeline to 2026-06-06 19:00:00+00:00, run_after=2026-06-13 19:00:00+00:00
[2026-06-11T17:17:38.224+0000] {processor.py:183} INFO - Processing /opt/airflow/dags/dag_crime_pipeline.py took 0.178 seconds
[2026-06-11T17:18:08.505+0000] {processor.py:161} INFO - Started process (PID=1301) to work on /opt/airflow/dags/dag_crime_pipeline.py
[2026-06-11T17:18:08.507+0000] {processor.py:830} INFO - Processing file /opt/airflow/dags/dag_crime_pipeline.py for tasks to queue
[2026-06-11T17:18:08.512+0000] {logging_mixin.py:188} INFO - [2026-06-11T17:18:08.511+0000] {dagbag.py:538} INFO - Filling up the DagBag from /opt/airflow/dags/dag_crime_pipeline.py
[2026-06-11T17:18:08.568+0000] {processor.py:840} INFO - DAG(s) 'crime_analytics_pipeline' retrieved from /opt/airflow/dags/dag_crime_pipeline.py
[2026-06-11T17:18:08.620+0000] {logging_mixin.py:188} INFO - [2026-06-11T17:18:08.619+0000] {dag.py:3036} INFO - Sync 1 DAGs
[2026-06-11T17:18:08.655+0000] {logging_mixin.py:188} INFO - [2026-06-11T17:18:08.654+0000] {dag.py:3823} INFO - Setting next_dagrun for crime_analytics_pipeline to 2026-06-06 19:00:00+00:00, run_after=2026-06-13 19:00:00+00:00
[2026-06-11T17:18:08.707+0000] {processor.py:183} INFO - Processing /opt/airflow/dags/dag_crime_pipeline.py took 0.207 seconds
[2026-06-11T17:18:39.771+0000] {processor.py:161} INFO - Started process (PID=1306) to work on /opt/airflow/dags/dag_crime_pipeline.py
[2026-06-11T17:18:39.773+0000] {processor.py:830} INFO - Processing file /opt/airflow/dags/dag_crime_pipeline.py for tasks to queue
[2026-06-11T17:18:39.779+0000] {logging_mixin.py:188} INFO - [2026-06-11T17:18:39.778+0000] {dagbag.py:538} INFO - Filling up the DagBag from /opt/airflow/dags/dag_crime_pipeline.py
[2026-06-11T17:18:39.833+0000] {processor.py:840} INFO - DAG(s) 'crime_analytics_pipeline' retrieved from /opt/airflow/dags/dag_crime_pipeline.py
[2026-06-11T17:18:39.876+0000] {logging_mixin.py:188} INFO - [2026-06-11T17:18:39.876+0000] {dag.py:3036} INFO - Sync 1 DAGs
[2026-06-11T17:18:39.906+0000] {logging_mixin.py:188} INFO - [2026-06-11T17:18:39.905+0000] {dag.py:3823} INFO - Setting next_dagrun for crime_analytics_pipeline to 2026-06-06 19:00:00+00:00, run_after=2026-06-13 19:00:00+00:00
[2026-06-11T17:18:39.939+0000] {processor.py:183} INFO - Processing /opt/airflow/dags/dag_crime_pipeline.py took 0.173 seconds
[2026-06-11T17:19:10.207+0000] {processor.py:161} INFO - Started process (PID=1311) to work on /opt/airflow/dags/dag_crime_pipeline.py
[2026-06-11T17:19:10.209+0000] {processor.py:830} INFO - Processing file /opt/airflow/dags/dag_crime_pipeline.py for tasks to queue
[2026-06-11T17:19:10.213+0000] {logging_mixin.py:188} INFO - [2026-06-11T17:19:10.212+0000] {dagbag.py:538} INFO - Filling up the DagBag from /opt/airflow/dags/dag_crime_pipeline.py
[2026-06-11T17:19:10.269+0000] {processor.py:840} INFO - DAG(s) 'crime_analytics_pipeline' retrieved from /opt/airflow/dags/dag_crime_pipeline.py
[2026-06-11T17:19:10.318+0000] {logging_mixin.py:188} INFO - [2026-06-11T17:19:10.317+0000] {dag.py:3036} INFO - Sync 1 DAGs
[2026-06-11T17:19:10.351+0000] {logging_mixin.py:188} INFO - [2026-06-11T17:19:10.351+0000] {dag.py:3823} INFO - Setting next_dagrun for crime_analytics_pipeline to 2026-06-06 19:00:00+00:00, run_after=2026-06-13 19:00:00+00:00
[2026-06-11T17:19:10.400+0000] {processor.py:183} INFO - Processing /opt/airflow/dags/dag_crime_pipeline.py took 0.198 seconds
[2026-06-11T17:19:41.288+0000] {processor.py:161} INFO - Started process (PID=1316) to work on /opt/airflow/dags/dag_crime_pipeline.py
[2026-06-11T17:19:41.290+0000] {processor.py:830} INFO - Processing file /opt/airflow/dags/dag_crime_pipeline.py for tasks to queue
[2026-06-11T17:19:41.294+0000] {logging_mixin.py:188} INFO - [2026-06-11T17:19:41.294+0000] {dagbag.py:538} INFO - Filling up the DagBag from /opt/airflow/dags/dag_crime_pipeline.py
[2026-06-11T17:19:41.354+0000] {processor.py:840} INFO - DAG(s) 'crime_analytics_pipeline' retrieved from /opt/airflow/dags/dag_crime_pipeline.py
[2026-06-11T17:19:41.406+0000] {logging_mixin.py:188} INFO - [2026-06-11T17:19:41.406+0000] {dag.py:3036} INFO - Sync 1 DAGs
[2026-06-11T17:19:41.444+0000] {logging_mixin.py:188} INFO - [2026-06-11T17:19:41.444+0000] {dag.py:3823} INFO - Setting next_dagrun for crime_analytics_pipeline to 2026-06-06 19:00:00+00:00, run_after=2026-06-13 19:00:00+00:00
[2026-06-11T17:19:41.477+0000] {processor.py:183} INFO - Processing /opt/airflow/dags/dag_crime_pipeline.py took 0.195 seconds
[2026-06-11T17:20:11.792+0000] {processor.py:161} INFO - Started process (PID=1321) to work on /opt/airflow/dags/dag_crime_pipeline.py
[2026-06-11T17:20:11.795+0000] {processor.py:830} INFO - Processing file /opt/airflow/dags/dag_crime_pipeline.py for tasks to queue
[2026-06-11T17:20:11.803+0000] {logging_mixin.py:188} INFO - [2026-06-11T17:20:11.802+0000] {dagbag.py:538} INFO - Filling up the DagBag from /opt/airflow/dags/dag_crime_pipeline.py
[2026-06-11T17:20:11.892+0000] {processor.py:840} INFO - DAG(s) 'crime_analytics_pipeline' retrieved from /opt/airflow/dags/dag_crime_pipeline.py
[2026-06-11T17:20:11.939+0000] {logging_mixin.py:188} INFO - [2026-06-11T17:20:11.938+0000] {dag.py:3036} INFO - Sync 1 DAGs
[2026-06-11T17:20:11.975+0000] {logging_mixin.py:188} INFO - [2026-06-11T17:20:11.975+0000] {dag.py:3823} INFO - Setting next_dagrun for crime_analytics_pipeline to 2026-06-06 19:00:00+00:00, run_after=2026-06-13 19:00:00+00:00
[2026-06-11T17:20:12.025+0000] {processor.py:183} INFO - Processing /opt/airflow/dags/dag_crime_pipeline.py took 0.241 seconds
[2026-06-11T17:20:42.899+0000] {processor.py:161} INFO - Started process (PID=1326) to work on /opt/airflow/dags/dag_crime_pipeline.py
[2026-06-11T17:20:42.901+0000] {processor.py:830} INFO - Processing file /opt/airflow/dags/dag_crime_pipeline.py for tasks to queue
[2026-06-11T17:20:42.905+0000] {logging_mixin.py:188} INFO - [2026-06-11T17:20:42.904+0000] {dagbag.py:538} INFO - Filling up the DagBag from /opt/airflow/dags/dag_crime_pipeline.py
[2026-06-11T17:20:42.953+0000] {processor.py:840} INFO - DAG(s) 'crime_analytics_pipeline' retrieved from /opt/airflow/dags/dag_crime_pipeline.py
[2026-06-11T17:20:42.997+0000] {logging_mixin.py:188} INFO - [2026-06-11T17:20:42.996+0000] {dag.py:3036} INFO - Sync 1 DAGs
[2026-06-11T17:20:43.031+0000] {logging_mixin.py:188} INFO - [2026-06-11T17:20:43.030+0000] {dag.py:3823} INFO - Setting next_dagrun for crime_analytics_pipeline to 2026-06-06 19:00:00+00:00, run_after=2026-06-13 19:00:00+00:00
[2026-06-11T17:20:43.081+0000] {processor.py:183} INFO - Processing /opt/airflow/dags/dag_crime_pipeline.py took 0.190 seconds
[2026-06-11T17:21:13.225+0000] {processor.py:161} INFO - Started process (PID=1331) to work on /opt/airflow/dags/dag_crime_pipeline.py
[2026-06-11T17:21:13.227+0000] {processor.py:830} INFO - Processing file /opt/airflow/dags/dag_crime_pipeline.py for tasks to queue
[2026-06-11T17:21:13.230+0000] {logging_mixin.py:188} INFO - [2026-06-11T17:21:13.230+0000] {dagbag.py:538} INFO - Filling up the DagBag from /opt/airflow/dags/dag_crime_pipeline.py
[2026-06-11T17:21:13.280+0000] {processor.py:840} INFO - DAG(s) 'crime_analytics_pipeline' retrieved from /opt/airflow/dags/dag_crime_pipeline.py
[2026-06-11T17:21:13.325+0000] {logging_mixin.py:188} INFO - [2026-06-11T17:21:13.325+0000] {dag.py:3036} INFO - Sync 1 DAGs
[2026-06-11T17:21:13.360+0000] {logging_mixin.py:188} INFO - [2026-06-11T17:21:13.360+0000] {dag.py:3823} INFO - Setting next_dagrun for crime_analytics_pipeline to 2026-06-06 19:00:00+00:00, run_after=2026-06-13 19:00:00+00:00
[2026-06-11T17:21:13.412+0000] {processor.py:183} INFO - Processing /opt/airflow/dags/dag_crime_pipeline.py took 0.191 seconds
[2026-06-11T17:21:44.234+0000] {processor.py:161} INFO - Started process (PID=1336) to work on /opt/airflow/dags/dag_crime_pipeline.py
[2026-06-11T17:21:44.236+0000] {processor.py:830} INFO - Processing file /opt/airflow/dags/dag_crime_pipeline.py for tasks to queue
[2026-06-11T17:21:44.241+0000] {logging_mixin.py:188} INFO - [2026-06-11T17:21:44.240+0000] {dagbag.py:538} INFO - Filling up the DagBag from /opt/airflow/dags/dag_crime_pipeline.py
[2026-06-11T17:21:44.297+0000] {processor.py:840} INFO - DAG(s) 'crime_analytics_pipeline' retrieved from /opt/airflow/dags/dag_crime_pipeline.py
[2026-06-11T17:21:44.346+0000] {logging_mixin.py:188} INFO - [2026-06-11T17:21:44.345+0000] {dag.py:3036} INFO - Sync 1 DAGs
[2026-06-11T17:21:44.377+0000] {logging_mixin.py:188} INFO - [2026-06-11T17:21:44.376+0000] {dag.py:3823} INFO - Setting next_dagrun for crime_analytics_pipeline to 2026-06-06 19:00:00+00:00, run_after=2026-06-13 19:00:00+00:00
[2026-06-11T17:21:44.427+0000] {processor.py:183} INFO - Processing /opt/airflow/dags/dag_crime_pipeline.py took 0.199 seconds
[2026-06-11T17:22:15.151+0000] {processor.py:161} INFO - Started process (PID=1341) to work on /opt/airflow/dags/dag_crime_pipeline.py
[2026-06-11T17:22:15.154+0000] {processor.py:830} INFO - Processing file /opt/airflow/dags/dag_crime_pipeline.py for tasks to queue
[2026-06-11T17:22:15.158+0000] {logging_mixin.py:188} INFO - [2026-06-11T17:22:15.157+0000] {dagbag.py:538} INFO - Filling up the DagBag from /opt/airflow/dags/dag_crime_pipeline.py
[2026-06-11T17:22:15.210+0000] {processor.py:840} INFO - DAG(s) 'crime_analytics_pipeline' retrieved from /opt/airflow/dags/dag_crime_pipeline.py
[2026-06-11T17:22:15.255+0000] {logging_mixin.py:188} INFO - [2026-06-11T17:22:15.254+0000] {dag.py:3036} INFO - Sync 1 DAGs
[2026-06-11T17:22:15.288+0000] {logging_mixin.py:188} INFO - [2026-06-11T17:22:15.288+0000] {dag.py:3823} INFO - Setting next_dagrun for crime_analytics_pipeline to 2026-06-06 19:00:00+00:00, run_after=2026-06-13 19:00:00+00:00
[2026-06-11T17:22:15.338+0000] {processor.py:183} INFO - Processing /opt/airflow/dags/dag_crime_pipeline.py took 0.192 seconds
[2026-06-11T17:22:46.220+0000] {processor.py:161} INFO - Started process (PID=1346) to work on /opt/airflow/dags/dag_crime_pipeline.py
[2026-06-11T17:22:46.222+0000] {processor.py:830} INFO - Processing file /opt/airflow/dags/dag_crime_pipeline.py for tasks to queue
[2026-06-11T17:22:46.226+0000] {logging_mixin.py:188} INFO - [2026-06-11T17:22:46.225+0000] {dagbag.py:538} INFO - Filling up the DagBag from /opt/airflow/dags/dag_crime_pipeline.py
[2026-06-11T17:22:46.282+0000] {processor.py:840} INFO - DAG(s) 'crime_analytics_pipeline' retrieved from /opt/airflow/dags/dag_crime_pipeline.py
[2026-06-11T17:22:46.325+0000] {logging_mixin.py:188} INFO - [2026-06-11T17:22:46.325+0000] {dag.py:3036} INFO - Sync 1 DAGs
[2026-06-11T17:22:46.354+0000] {logging_mixin.py:188} INFO - [2026-06-11T17:22:46.354+0000] {dag.py:3823} INFO - Setting next_dagrun for crime_analytics_pipeline to 2026-06-06 19:00:00+00:00, run_after=2026-06-13 19:00:00+00:00
[2026-06-11T17:22:46.401+0000] {processor.py:183} INFO - Processing /opt/airflow/dags/dag_crime_pipeline.py took 0.186 seconds
[2026-06-11T17:23:17.353+0000] {processor.py:161} INFO - Started process (PID=1351) to work on /opt/airflow/dags/dag_crime_pipeline.py
[2026-06-11T17:23:17.355+0000] {processor.py:830} INFO - Processing file /opt/airflow/dags/dag_crime_pipeline.py for tasks to queue
[2026-06-11T17:23:17.359+0000] {logging_mixin.py:188} INFO - [2026-06-11T17:23:17.359+0000] {dagbag.py:538} INFO - Filling up the DagBag from /opt/airflow/dags/dag_crime_pipeline.py
[2026-06-11T17:23:17.419+0000] {processor.py:840} INFO - DAG(s) 'crime_analytics_pipeline' retrieved from /opt/airflow/dags/dag_crime_pipeline.py
[2026-06-11T17:23:17.459+0000] {logging_mixin.py:188} INFO - [2026-06-11T17:23:17.459+0000] {dag.py:3036} INFO - Sync 1 DAGs
[2026-06-11T17:23:17.491+0000] {logging_mixin.py:188} INFO - [2026-06-11T17:23:17.490+0000] {dag.py:3823} INFO - Setting next_dagrun for crime_analytics_pipeline to 2026-06-06 19:00:00+00:00, run_after=2026-06-13 19:00:00+00:00
[2026-06-11T17:23:17.523+0000] {processor.py:183} INFO - Processing /opt/airflow/dags/dag_crime_pipeline.py took 0.176 seconds
[2026-06-11T17:23:48.384+0000] {processor.py:161} INFO - Started process (PID=1356) to work on /opt/airflow/dags/dag_crime_pipeline.py
[2026-06-11T17:23:48.386+0000] {processor.py:830} INFO - Processing file /opt/airflow/dags/dag_crime_pipeline.py for tasks to queue
[2026-06-11T17:23:48.392+0000] {logging_mixin.py:188} INFO - [2026-06-11T17:23:48.390+0000] {dagbag.py:538} INFO - Filling up the DagBag from /opt/airflow/dags/dag_crime_pipeline.py
[2026-06-11T17:23:48.452+0000] {processor.py:840} INFO - DAG(s) 'crime_analytics_pipeline' retrieved from /opt/airflow/dags/dag_crime_pipeline.py
[2026-06-11T17:23:48.497+0000] {logging_mixin.py:188} INFO - [2026-06-11T17:23:48.497+0000] {dag.py:3036} INFO - Sync 1 DAGs
[2026-06-11T17:23:48.527+0000] {logging_mixin.py:188} INFO - [2026-06-11T17:23:48.527+0000] {dag.py:3823} INFO - Setting next_dagrun for crime_analytics_pipeline to 2026-06-06 19:00:00+00:00, run_after=2026-06-13 19:00:00+00:00
[2026-06-11T17:23:48.556+0000] {processor.py:183} INFO - Processing /opt/airflow/dags/dag_crime_pipeline.py took 0.178 seconds
[2026-06-11T17:24:18.649+0000] {processor.py:161} INFO - Started process (PID=1361) to work on /opt/airflow/dags/dag_crime_pipeline.py
[2026-06-11T17:24:18.652+0000] {processor.py:830} INFO - Processing file /opt/airflow/dags/dag_crime_pipeline.py for tasks to queue
[2026-06-11T17:24:18.658+0000] {logging_mixin.py:188} INFO - [2026-06-11T17:24:18.657+0000] {dagbag.py:538} INFO - Filling up the DagBag from /opt/airflow/dags/dag_crime_pipeline.py
[2026-06-11T17:24:18.707+0000] {processor.py:840} INFO - DAG(s) 'crime_analytics_pipeline' retrieved from /opt/airflow/dags/dag_crime_pipeline.py
[2026-06-11T17:24:18.746+0000] {logging_mixin.py:188} INFO - [2026-06-11T17:24:18.745+0000] {dag.py:3036} INFO - Sync 1 DAGs
[2026-06-11T17:24:18.772+0000] {logging_mixin.py:188} INFO - [2026-06-11T17:24:18.772+0000] {dag.py:3823} INFO - Setting next_dagrun for crime_analytics_pipeline to 2026-06-06 19:00:00+00:00, run_after=2026-06-13 19:00:00+00:00
[2026-06-11T17:24:18.822+0000] {processor.py:183} INFO - Processing /opt/airflow/dags/dag_crime_pipeline.py took 0.177 seconds
[2026-06-11T17:24:49.560+0000] {processor.py:161} INFO - Started process (PID=1366) to work on /opt/airflow/dags/dag_crime_pipeline.py
[2026-06-11T17:24:49.562+0000] {processor.py:830} INFO - Processing file /opt/airflow/dags/dag_crime_pipeline.py for tasks to queue
[2026-06-11T17:24:49.567+0000] {logging_mixin.py:188} INFO - [2026-06-11T17:24:49.567+0000] {dagbag.py:538} INFO - Filling up the DagBag from /opt/airflow/dags/dag_crime_pipeline.py
[2026-06-11T17:24:49.633+0000] {processor.py:840} INFO - DAG(s) 'crime_analytics_pipeline' retrieved from /opt/airflow/dags/dag_crime_pipeline.py
[2026-06-11T17:24:49.682+0000] {logging_mixin.py:188} INFO - [2026-06-11T17:24:49.682+0000] {dag.py:3036} INFO - Sync 1 DAGs
[2026-06-11T17:24:49.712+0000] {logging_mixin.py:188} INFO - [2026-06-11T17:24:49.712+0000] {dag.py:3823} INFO - Setting next_dagrun for crime_analytics_pipeline to 2026-06-06 19:00:00+00:00, run_after=2026-06-13 19:00:00+00:00
[2026-06-11T17:24:49.749+0000] {processor.py:183} INFO - Processing /opt/airflow/dags/dag_crime_pipeline.py took 0.197 seconds
[2026-06-11T17:25:19.861+0000] {processor.py:161} INFO - Started process (PID=1371) to work on /opt/airflow/dags/dag_crime_pipeline.py
[2026-06-11T17:25:19.863+0000] {processor.py:830} INFO - Processing file /opt/airflow/dags/dag_crime_pipeline.py for tasks to queue
[2026-06-11T17:25:19.867+0000] {logging_mixin.py:188} INFO - [2026-06-11T17:25:19.867+0000] {dagbag.py:538} INFO - Filling up the DagBag from /opt/airflow/dags/dag_crime_pipeline.py
[2026-06-11T17:25:19.921+0000] {processor.py:840} INFO - DAG(s) 'crime_analytics_pipeline' retrieved from /opt/airflow/dags/dag_crime_pipeline.py
[2026-06-11T17:25:19.965+0000] {logging_mixin.py:188} INFO - [2026-06-11T17:25:19.964+0000] {dag.py:3036} INFO - Sync 1 DAGs
[2026-06-11T17:25:19.999+0000] {logging_mixin.py:188} INFO - [2026-06-11T17:25:19.998+0000] {dag.py:3823} INFO - Setting next_dagrun for crime_analytics_pipeline to 2026-06-06 19:00:00+00:00, run_after=2026-06-13 19:00:00+00:00
[2026-06-11T17:25:20.031+0000] {processor.py:183} INFO - Processing /opt/airflow/dags/dag_crime_pipeline.py took 0.174 seconds
[2026-06-11T17:25:51.003+0000] {processor.py:161} INFO - Started process (PID=1376) to work on /opt/airflow/dags/dag_crime_pipeline.py
[2026-06-11T17:25:51.006+0000] {processor.py:830} INFO - Processing file /opt/airflow/dags/dag_crime_pipeline.py for tasks to queue
[2026-06-11T17:25:51.010+0000] {logging_mixin.py:188} INFO - [2026-06-11T17:25:51.009+0000] {dagbag.py:538} INFO - Filling up the DagBag from /opt/airflow/dags/dag_crime_pipeline.py
[2026-06-11T17:25:51.067+0000] {processor.py:840} INFO - DAG(s) 'crime_analytics_pipeline' retrieved from /opt/airflow/dags/dag_crime_pipeline.py
[2026-06-11T17:25:51.109+0000] {logging_mixin.py:188} INFO - [2026-06-11T17:25:51.108+0000] {dag.py:3036} INFO - Sync 1 DAGs
[2026-06-11T17:25:51.141+0000] {logging_mixin.py:188} INFO - [2026-06-11T17:25:51.141+0000] {dag.py:3823} INFO - Setting next_dagrun for crime_analytics_pipeline to 2026-06-06 19:00:00+00:00, run_after=2026-06-13 19:00:00+00:00
[2026-06-11T17:25:51.178+0000] {processor.py:183} INFO - Processing /opt/airflow/dags/dag_crime_pipeline.py took 0.179 seconds
[2026-06-11T17:26:21.418+0000] {processor.py:161} INFO - Started process (PID=1381) to work on /opt/airflow/dags/dag_crime_pipeline.py
[2026-06-11T17:26:21.419+0000] {processor.py:830} INFO - Processing file /opt/airflow/dags/dag_crime_pipeline.py for tasks to queue
[2026-06-11T17:26:21.423+0000] {logging_mixin.py:188} INFO - [2026-06-11T17:26:21.423+0000] {dagbag.py:538} INFO - Filling up the DagBag from /opt/airflow/dags/dag_crime_pipeline.py
[2026-06-11T17:26:21.488+0000] {processor.py:840} INFO - DAG(s) 'crime_analytics_pipeline' retrieved from /opt/airflow/dags/dag_crime_pipeline.py
[2026-06-11T17:26:21.536+0000] {logging_mixin.py:188} INFO - [2026-06-11T17:26:21.535+0000] {dag.py:3036} INFO - Sync 1 DAGs
[2026-06-11T17:26:21.572+0000] {logging_mixin.py:188} INFO - [2026-06-11T17:26:21.572+0000] {dag.py:3823} INFO - Setting next_dagrun for crime_analytics_pipeline to 2026-06-06 19:00:00+00:00, run_after=2026-06-13 19:00:00+00:00
[2026-06-11T17:26:21.605+0000] {processor.py:183} INFO - Processing /opt/airflow/dags/dag_crime_pipeline.py took 0.194 seconds
[2026-06-11T17:26:51.686+0000] {processor.py:161} INFO - Started process (PID=1386) to work on /opt/airflow/dags/dag_crime_pipeline.py
[2026-06-11T17:26:51.688+0000] {processor.py:830} INFO - Processing file /opt/airflow/dags/dag_crime_pipeline.py for tasks to queue
[2026-06-11T17:26:51.693+0000] {logging_mixin.py:188} INFO - [2026-06-11T17:26:51.692+0000] {dagbag.py:538} INFO - Filling up the DagBag from /opt/airflow/dags/dag_crime_pipeline.py
[2026-06-11T17:26:51.745+0000] {processor.py:840} INFO - DAG(s) 'crime_analytics_pipeline' retrieved from /opt/airflow/dags/dag_crime_pipeline.py
[2026-06-11T17:26:51.791+0000] {logging_mixin.py:188} INFO - [2026-06-11T17:26:51.790+0000] {dag.py:3036} INFO - Sync 1 DAGs
[2026-06-11T17:26:52.593+0000] {logging_mixin.py:188} INFO - [2026-06-11T17:26:52.592+0000] {dag.py:3823} INFO - Setting next_dagrun for crime_analytics_pipeline to 2026-06-06 19:00:00+00:00, run_after=2026-06-13 19:00:00+00:00
[2026-06-11T17:26:52.619+0000] {processor.py:183} INFO - Processing /opt/airflow/dags/dag_crime_pipeline.py took 0.940 seconds
[2026-06-11T17:27:23.099+0000] {processor.py:161} INFO - Started process (PID=1391) to work on /opt/airflow/dags/dag_crime_pipeline.py
[2026-06-11T17:27:23.101+0000] {processor.py:830} INFO - Processing file /opt/airflow/dags/dag_crime_pipeline.py for tasks to queue
[2026-06-11T17:27:23.105+0000] {logging_mixin.py:188} INFO - [2026-06-11T17:27:23.104+0000] {dagbag.py:538} INFO - Filling up the DagBag from /opt/airflow/dags/dag_crime_pipeline.py
[2026-06-11T17:27:23.163+0000] {processor.py:840} INFO - DAG(s) 'crime_analytics_pipeline' retrieved from /opt/airflow/dags/dag_crime_pipeline.py
[2026-06-11T17:27:23.206+0000] {logging_mixin.py:188} INFO - [2026-06-11T17:27:23.206+0000] {dag.py:3036} INFO - Sync 1 DAGs
[2026-06-11T17:27:23.240+0000] {logging_mixin.py:188} INFO - [2026-06-11T17:27:23.239+0000] {dag.py:3823} INFO - Setting next_dagrun for crime_analytics_pipeline to 2026-06-06 19:00:00+00:00, run_after=2026-06-13 19:00:00+00:00
[2026-06-11T17:27:23.270+0000] {processor.py:183} INFO - Processing /opt/airflow/dags/dag_crime_pipeline.py took 0.177 seconds
[2026-06-11T17:27:54.342+0000] {processor.py:161} INFO - Started process (PID=1428) to work on /opt/airflow/dags/dag_crime_pipeline.py
[2026-06-11T17:27:54.344+0000] {processor.py:830} INFO - Processing file /opt/airflow/dags/dag_crime_pipeline.py for tasks to queue
[2026-06-11T17:27:54.348+0000] {logging_mixin.py:188} INFO - [2026-06-11T17:27:54.347+0000] {dagbag.py:538} INFO - Filling up the DagBag from /opt/airflow/dags/dag_crime_pipeline.py
[2026-06-11T17:27:54.406+0000] {processor.py:840} INFO - DAG(s) 'crime_analytics_pipeline' retrieved from /opt/airflow/dags/dag_crime_pipeline.py
[2026-06-11T17:27:54.706+0000] {logging_mixin.py:188} INFO - [2026-06-11T17:27:54.705+0000] {dag.py:3036} INFO - Sync 1 DAGs
[2026-06-11T17:27:54.755+0000] {processor.py:183} INFO - Processing /opt/airflow/dags/dag_crime_pipeline.py took 0.417 seconds
[2026-06-11T17:28:25.336+0000] {processor.py:161} INFO - Started process (PID=1435) to work on /opt/airflow/dags/dag_crime_pipeline.py
[2026-06-11T17:28:25.339+0000] {processor.py:830} INFO - Processing file /opt/airflow/dags/dag_crime_pipeline.py for tasks to queue
[2026-06-11T17:28:25.344+0000] {logging_mixin.py:188} INFO - [2026-06-11T17:28:25.344+0000] {dagbag.py:538} INFO - Filling up the DagBag from /opt/airflow/dags/dag_crime_pipeline.py
[2026-06-11T17:28:25.401+0000] {processor.py:840} INFO - DAG(s) 'crime_analytics_pipeline' retrieved from /opt/airflow/dags/dag_crime_pipeline.py
[2026-06-11T17:28:25.453+0000] {logging_mixin.py:188} INFO - [2026-06-11T17:28:25.453+0000] {dag.py:3036} INFO - Sync 1 DAGs
[2026-06-11T17:28:25.802+0000] {processor.py:183} INFO - Processing /opt/airflow/dags/dag_crime_pipeline.py took 0.473 seconds
[2026-06-11T17:28:56.454+0000] {processor.py:161} INFO - Started process (PID=1445) to work on /opt/airflow/dags/dag_crime_pipeline.py
[2026-06-11T17:28:56.456+0000] {processor.py:830} INFO - Processing file /opt/airflow/dags/dag_crime_pipeline.py for tasks to queue
[2026-06-11T17:28:56.463+0000] {logging_mixin.py:188} INFO - [2026-06-11T17:28:56.462+0000] {dagbag.py:538} INFO - Filling up the DagBag from /opt/airflow/dags/dag_crime_pipeline.py
[2026-06-11T17:28:56.762+0000] {processor.py:840} INFO - DAG(s) 'crime_analytics_pipeline' retrieved from /opt/airflow/dags/dag_crime_pipeline.py
[2026-06-11T17:28:56.799+0000] {logging_mixin.py:188} INFO - [2026-06-11T17:28:56.799+0000] {dag.py:3036} INFO - Sync 1 DAGs
[2026-06-11T17:28:56.866+0000] {processor.py:183} INFO - Processing /opt/airflow/dags/dag_crime_pipeline.py took 0.416 seconds
[2026-06-11T17:29:27.430+0000] {processor.py:161} INFO - Started process (PID=1454) to work on /opt/airflow/dags/dag_crime_pipeline.py
[2026-06-11T17:29:27.432+0000] {processor.py:830} INFO - Processing file /opt/airflow/dags/dag_crime_pipeline.py for tasks to queue
[2026-06-11T17:29:27.437+0000] {logging_mixin.py:188} INFO - [2026-06-11T17:29:27.437+0000] {dagbag.py:538} INFO - Filling up the DagBag from /opt/airflow/dags/dag_crime_pipeline.py
[2026-06-11T17:29:27.493+0000] {processor.py:840} INFO - DAG(s) 'crime_analytics_pipeline' retrieved from /opt/airflow/dags/dag_crime_pipeline.py
[2026-06-11T17:29:27.536+0000] {logging_mixin.py:188} INFO - [2026-06-11T17:29:27.535+0000] {dag.py:3036} INFO - Sync 1 DAGs
[2026-06-11T17:29:27.833+0000] {processor.py:183} INFO - Processing /opt/airflow/dags/dag_crime_pipeline.py took 0.410 seconds
[2026-06-11T17:29:59.486+0000] {processor.py:161} INFO - Started process (PID=1463) to work on /opt/airflow/dags/dag_crime_pipeline.py
[2026-06-11T17:29:59.488+0000] {processor.py:830} INFO - Processing file /opt/airflow/dags/dag_crime_pipeline.py for tasks to queue
[2026-06-11T17:29:59.494+0000] {logging_mixin.py:188} INFO - [2026-06-11T17:29:59.493+0000] {dagbag.py:538} INFO - Filling up the DagBag from /opt/airflow/dags/dag_crime_pipeline.py
[2026-06-11T17:29:59.547+0000] {processor.py:840} INFO - DAG(s) 'crime_analytics_pipeline' retrieved from /opt/airflow/dags/dag_crime_pipeline.py
[2026-06-11T17:29:59.594+0000] {logging_mixin.py:188} INFO - [2026-06-11T17:29:59.593+0000] {dag.py:3036} INFO - Sync 1 DAGs
[2026-06-11T17:29:59.658+0000] {processor.py:183} INFO - Processing /opt/airflow/dags/dag_crime_pipeline.py took 0.176 seconds
[2026-06-11T17:30:30.617+0000] {processor.py:161} INFO - Started process (PID=1470) to work on /opt/airflow/dags/dag_crime_pipeline.py
[2026-06-11T17:30:30.619+0000] {processor.py:830} INFO - Processing file /opt/airflow/dags/dag_crime_pipeline.py for tasks to queue
[2026-06-11T17:30:30.624+0000] {logging_mixin.py:188} INFO - [2026-06-11T17:30:30.623+0000] {dagbag.py:538} INFO - Filling up the DagBag from /opt/airflow/dags/dag_crime_pipeline.py
[2026-06-11T17:30:30.681+0000] {processor.py:840} INFO - DAG(s) 'crime_analytics_pipeline' retrieved from /opt/airflow/dags/dag_crime_pipeline.py
[2026-06-11T17:30:30.724+0000] {logging_mixin.py:188} INFO - [2026-06-11T17:30:30.723+0000] {dag.py:3036} INFO - Sync 1 DAGs
[2026-06-11T17:30:30.777+0000] {processor.py:183} INFO - Processing /opt/airflow/dags/dag_crime_pipeline.py took 0.165 seconds
[2026-06-11T17:31:01.742+0000] {processor.py:161} INFO - Started process (PID=1478) to work on /opt/airflow/dags/dag_crime_pipeline.py
[2026-06-11T17:31:01.744+0000] {processor.py:830} INFO - Processing file /opt/airflow/dags/dag_crime_pipeline.py for tasks to queue
[2026-06-11T17:31:01.747+0000] {logging_mixin.py:188} INFO - [2026-06-11T17:31:01.747+0000] {dagbag.py:538} INFO - Filling up the DagBag from /opt/airflow/dags/dag_crime_pipeline.py
[2026-06-11T17:31:01.799+0000] {processor.py:840} INFO - DAG(s) 'crime_analytics_pipeline' retrieved from /opt/airflow/dags/dag_crime_pipeline.py
[2026-06-11T17:31:01.843+0000] {logging_mixin.py:188} INFO - [2026-06-11T17:31:01.843+0000] {dag.py:3036} INFO - Sync 1 DAGs
[2026-06-11T17:31:01.898+0000] {processor.py:183} INFO - Processing /opt/airflow/dags/dag_crime_pipeline.py took 0.160 seconds
[2026-06-11T17:31:32.689+0000] {processor.py:161} INFO - Started process (PID=1485) to work on /opt/airflow/dags/dag_crime_pipeline.py
[2026-06-11T17:31:32.691+0000] {processor.py:830} INFO - Processing file /opt/airflow/dags/dag_crime_pipeline.py for tasks to queue
[2026-06-11T17:31:32.694+0000] {logging_mixin.py:188} INFO - [2026-06-11T17:31:32.693+0000] {dagbag.py:538} INFO - Filling up the DagBag from /opt/airflow/dags/dag_crime_pipeline.py
[2026-06-11T17:31:32.744+0000] {processor.py:840} INFO - DAG(s) 'crime_analytics_pipeline' retrieved from /opt/airflow/dags/dag_crime_pipeline.py
[2026-06-11T17:31:32.791+0000] {logging_mixin.py:188} INFO - [2026-06-11T17:31:32.790+0000] {dag.py:3036} INFO - Sync 1 DAGs
[2026-06-11T17:31:32.867+0000] {processor.py:183} INFO - Processing /opt/airflow/dags/dag_crime_pipeline.py took 0.182 seconds
[2026-06-11T17:32:03.634+0000] {processor.py:161} INFO - Started process (PID=1563) to work on /opt/airflow/dags/dag_crime_pipeline.py
[2026-06-11T17:32:03.636+0000] {processor.py:830} INFO - Processing file /opt/airflow/dags/dag_crime_pipeline.py for tasks to queue
[2026-06-11T17:32:03.639+0000] {logging_mixin.py:188} INFO - [2026-06-11T17:32:03.639+0000] {dagbag.py:538} INFO - Filling up the DagBag from /opt/airflow/dags/dag_crime_pipeline.py
[2026-06-11T17:32:03.695+0000] {processor.py:840} INFO - DAG(s) 'crime_analytics_pipeline' retrieved from /opt/airflow/dags/dag_crime_pipeline.py
[2026-06-11T17:32:03.741+0000] {logging_mixin.py:188} INFO - [2026-06-11T17:32:03.741+0000] {dag.py:3036} INFO - Sync 1 DAGs
[2026-06-11T17:32:03.801+0000] {processor.py:183} INFO - Processing /opt/airflow/dags/dag_crime_pipeline.py took 0.172 seconds
[2026-06-11T17:32:34.815+0000] {processor.py:161} INFO - Started process (PID=1636) to work on /opt/airflow/dags/dag_crime_pipeline.py
[2026-06-11T17:32:34.817+0000] {processor.py:830} INFO - Processing file /opt/airflow/dags/dag_crime_pipeline.py for tasks to queue
[2026-06-11T17:32:34.821+0000] {logging_mixin.py:188} INFO - [2026-06-11T17:32:34.820+0000] {dagbag.py:538} INFO - Filling up the DagBag from /opt/airflow/dags/dag_crime_pipeline.py
[2026-06-11T17:32:34.875+0000] {processor.py:840} INFO - DAG(s) 'crime_analytics_pipeline' retrieved from /opt/airflow/dags/dag_crime_pipeline.py
[2026-06-11T17:32:34.918+0000] {logging_mixin.py:188} INFO - [2026-06-11T17:32:34.918+0000] {dag.py:3036} INFO - Sync 1 DAGs
[2026-06-11T17:32:34.975+0000] {processor.py:183} INFO - Processing /opt/airflow/dags/dag_crime_pipeline.py took 0.164 seconds
[2026-06-11T17:33:05.905+0000] {processor.py:161} INFO - Started process (PID=1688) to work on /opt/airflow/dags/dag_crime_pipeline.py
[2026-06-11T17:33:05.907+0000] {processor.py:830} INFO - Processing file /opt/airflow/dags/dag_crime_pipeline.py for tasks to queue
[2026-06-11T17:33:05.911+0000] {logging_mixin.py:188} INFO - [2026-06-11T17:33:05.910+0000] {dagbag.py:538} INFO - Filling up the DagBag from /opt/airflow/dags/dag_crime_pipeline.py
[2026-06-11T17:33:05.964+0000] {processor.py:840} INFO - DAG(s) 'crime_analytics_pipeline' retrieved from /opt/airflow/dags/dag_crime_pipeline.py
[2026-06-11T17:33:06.012+0000] {logging_mixin.py:188} INFO - [2026-06-11T17:33:06.011+0000] {dag.py:3036} INFO - Sync 1 DAGs
[2026-06-11T17:33:06.095+0000] {processor.py:183} INFO - Processing /opt/airflow/dags/dag_crime_pipeline.py took 0.198 seconds
[2026-06-11T17:33:36.966+0000] {processor.py:161} INFO - Started process (PID=1762) to work on /opt/airflow/dags/dag_crime_pipeline.py
[2026-06-11T17:33:36.968+0000] {processor.py:830} INFO - Processing file /opt/airflow/dags/dag_crime_pipeline.py for tasks to queue
[2026-06-11T17:33:36.972+0000] {logging_mixin.py:188} INFO - [2026-06-11T17:33:36.971+0000] {dagbag.py:538} INFO - Filling up the DagBag from /opt/airflow/dags/dag_crime_pipeline.py
[2026-06-11T17:33:37.029+0000] {processor.py:840} INFO - DAG(s) 'crime_analytics_pipeline' retrieved from /opt/airflow/dags/dag_crime_pipeline.py
[2026-06-11T17:33:37.075+0000] {logging_mixin.py:188} INFO - [2026-06-11T17:33:37.075+0000] {dag.py:3036} INFO - Sync 1 DAGs
[2026-06-11T17:33:37.153+0000] {processor.py:183} INFO - Processing /opt/airflow/dags/dag_crime_pipeline.py took 0.197 seconds
[2026-06-11T17:34:08.119+0000] {processor.py:161} INFO - Started process (PID=1861) to work on /opt/airflow/dags/dag_crime_pipeline.py
[2026-06-11T17:34:08.122+0000] {processor.py:830} INFO - Processing file /opt/airflow/dags/dag_crime_pipeline.py for tasks to queue
[2026-06-11T17:34:08.128+0000] {logging_mixin.py:188} INFO - [2026-06-11T17:34:08.126+0000] {dagbag.py:538} INFO - Filling up the DagBag from /opt/airflow/dags/dag_crime_pipeline.py
[2026-06-11T17:34:08.179+0000] {processor.py:840} INFO - DAG(s) 'crime_analytics_pipeline' retrieved from /opt/airflow/dags/dag_crime_pipeline.py
[2026-06-11T17:34:08.233+0000] {logging_mixin.py:188} INFO - [2026-06-11T17:34:08.233+0000] {dag.py:3036} INFO - Sync 1 DAGs
[2026-06-11T17:34:08.296+0000] {processor.py:183} INFO - Processing /opt/airflow/dags/dag_crime_pipeline.py took 0.182 seconds
[2026-06-11T17:34:38.802+0000] {processor.py:161} INFO - Started process (PID=1934) to work on /opt/airflow/dags/dag_crime_pipeline.py
[2026-06-11T17:34:38.804+0000] {processor.py:830} INFO - Processing file /opt/airflow/dags/dag_crime_pipeline.py for tasks to queue
[2026-06-11T17:34:38.807+0000] {logging_mixin.py:188} INFO - [2026-06-11T17:34:38.807+0000] {dagbag.py:538} INFO - Filling up the DagBag from /opt/airflow/dags/dag_crime_pipeline.py
[2026-06-11T17:34:38.861+0000] {processor.py:840} INFO - DAG(s) 'crime_analytics_pipeline' retrieved from /opt/airflow/dags/dag_crime_pipeline.py
[2026-06-11T17:34:38.909+0000] {logging_mixin.py:188} INFO - [2026-06-11T17:34:38.908+0000] {dag.py:3036} INFO - Sync 1 DAGs
[2026-06-11T17:34:38.990+0000] {processor.py:183} INFO - Processing /opt/airflow/dags/dag_crime_pipeline.py took 0.193 seconds
[2026-06-11T17:35:09.976+0000] {processor.py:161} INFO - Started process (PID=1986) to work on /opt/airflow/dags/dag_crime_pipeline.py
[2026-06-11T17:35:09.977+0000] {processor.py:830} INFO - Processing file /opt/airflow/dags/dag_crime_pipeline.py for tasks to queue
[2026-06-11T17:35:09.981+0000] {logging_mixin.py:188} INFO - [2026-06-11T17:35:09.980+0000] {dagbag.py:538} INFO - Filling up the DagBag from /opt/airflow/dags/dag_crime_pipeline.py
[2026-06-11T17:35:10.029+0000] {processor.py:840} INFO - DAG(s) 'crime_analytics_pipeline' retrieved from /opt/airflow/dags/dag_crime_pipeline.py
[2026-06-11T17:35:10.071+0000] {logging_mixin.py:188} INFO - [2026-06-11T17:35:10.070+0000] {dag.py:3036} INFO - Sync 1 DAGs
[2026-06-11T17:35:10.146+0000] {processor.py:183} INFO - Processing /opt/airflow/dags/dag_crime_pipeline.py took 0.174 seconds
[2026-06-11T17:35:40.228+0000] {processor.py:161} INFO - Started process (PID=2060) to work on /opt/airflow/dags/dag_crime_pipeline.py
[2026-06-11T17:35:40.230+0000] {processor.py:830} INFO - Processing file /opt/airflow/dags/dag_crime_pipeline.py for tasks to queue
[2026-06-11T17:35:40.233+0000] {logging_mixin.py:188} INFO - [2026-06-11T17:35:40.233+0000] {dagbag.py:538} INFO - Filling up the DagBag from /opt/airflow/dags/dag_crime_pipeline.py
[2026-06-11T17:35:40.288+0000] {processor.py:840} INFO - DAG(s) 'crime_analytics_pipeline' retrieved from /opt/airflow/dags/dag_crime_pipeline.py
[2026-06-11T17:35:40.330+0000] {logging_mixin.py:188} INFO - [2026-06-11T17:35:40.330+0000] {dag.py:3036} INFO - Sync 1 DAGs
[2026-06-11T17:35:40.392+0000] {processor.py:183} INFO - Processing /opt/airflow/dags/dag_crime_pipeline.py took 0.167 seconds
[2026-06-11T17:36:11.371+0000] {processor.py:161} INFO - Started process (PID=2134) to work on /opt/airflow/dags/dag_crime_pipeline.py
[2026-06-11T17:36:11.373+0000] {processor.py:830} INFO - Processing file /opt/airflow/dags/dag_crime_pipeline.py for tasks to queue
[2026-06-11T17:36:11.376+0000] {logging_mixin.py:188} INFO - [2026-06-11T17:36:11.376+0000] {dagbag.py:538} INFO - Filling up the DagBag from /opt/airflow/dags/dag_crime_pipeline.py
[2026-06-11T17:36:11.421+0000] {processor.py:840} INFO - DAG(s) 'crime_analytics_pipeline' retrieved from /opt/airflow/dags/dag_crime_pipeline.py
[2026-06-11T17:36:11.464+0000] {logging_mixin.py:188} INFO - [2026-06-11T17:36:11.463+0000] {dag.py:3036} INFO - Sync 1 DAGs
[2026-06-11T17:36:11.527+0000] {processor.py:183} INFO - Processing /opt/airflow/dags/dag_crime_pipeline.py took 0.161 seconds
[2026-06-11T17:36:41.688+0000] {processor.py:161} INFO - Started process (PID=2208) to work on /opt/airflow/dags/dag_crime_pipeline.py
[2026-06-11T17:36:41.690+0000] {processor.py:830} INFO - Processing file /opt/airflow/dags/dag_crime_pipeline.py for tasks to queue
[2026-06-11T17:36:41.694+0000] {logging_mixin.py:188} INFO - [2026-06-11T17:36:41.693+0000] {dagbag.py:538} INFO - Filling up the DagBag from /opt/airflow/dags/dag_crime_pipeline.py
[2026-06-11T17:36:41.747+0000] {processor.py:840} INFO - DAG(s) 'crime_analytics_pipeline' retrieved from /opt/airflow/dags/dag_crime_pipeline.py
[2026-06-11T17:36:41.788+0000] {logging_mixin.py:188} INFO - [2026-06-11T17:36:41.788+0000] {dag.py:3036} INFO - Sync 1 DAGs
[2026-06-11T17:36:41.868+0000] {processor.py:183} INFO - Processing /opt/airflow/dags/dag_crime_pipeline.py took 0.185 seconds
[2026-06-11T17:37:11.968+0000] {processor.py:161} INFO - Started process (PID=2281) to work on /opt/airflow/dags/dag_crime_pipeline.py
[2026-06-11T17:37:11.970+0000] {processor.py:830} INFO - Processing file /opt/airflow/dags/dag_crime_pipeline.py for tasks to queue
[2026-06-11T17:37:11.973+0000] {logging_mixin.py:188} INFO - [2026-06-11T17:37:11.972+0000] {dagbag.py:538} INFO - Filling up the DagBag from /opt/airflow/dags/dag_crime_pipeline.py
[2026-06-11T17:37:12.024+0000] {processor.py:840} INFO - DAG(s) 'crime_analytics_pipeline' retrieved from /opt/airflow/dags/dag_crime_pipeline.py
[2026-06-11T17:37:12.066+0000] {logging_mixin.py:188} INFO - [2026-06-11T17:37:12.065+0000] {dag.py:3036} INFO - Sync 1 DAGs
[2026-06-11T17:37:12.145+0000] {processor.py:183} INFO - Processing /opt/airflow/dags/dag_crime_pipeline.py took 0.180 seconds
[2026-06-11T17:37:43.201+0000] {processor.py:161} INFO - Started process (PID=2333) to work on /opt/airflow/dags/dag_crime_pipeline.py
[2026-06-11T17:37:43.202+0000] {processor.py:830} INFO - Processing file /opt/airflow/dags/dag_crime_pipeline.py for tasks to queue
[2026-06-11T17:37:43.205+0000] {logging_mixin.py:188} INFO - [2026-06-11T17:37:43.204+0000] {dagbag.py:538} INFO - Filling up the DagBag from /opt/airflow/dags/dag_crime_pipeline.py
[2026-06-11T17:37:43.262+0000] {processor.py:840} INFO - DAG(s) 'crime_analytics_pipeline' retrieved from /opt/airflow/dags/dag_crime_pipeline.py
[2026-06-11T17:37:43.303+0000] {logging_mixin.py:188} INFO - [2026-06-11T17:37:43.302+0000] {dag.py:3036} INFO - Sync 1 DAGs
[2026-06-11T17:37:43.356+0000] {processor.py:183} INFO - Processing /opt/airflow/dags/dag_crime_pipeline.py took 0.160 seconds
[2026-06-11T17:38:13.440+0000] {processor.py:161} INFO - Started process (PID=2407) to work on /opt/airflow/dags/dag_crime_pipeline.py
[2026-06-11T17:38:13.443+0000] {processor.py:830} INFO - Processing file /opt/airflow/dags/dag_crime_pipeline.py for tasks to queue
[2026-06-11T17:38:13.446+0000] {logging_mixin.py:188} INFO - [2026-06-11T17:38:13.445+0000] {dagbag.py:538} INFO - Filling up the DagBag from /opt/airflow/dags/dag_crime_pipeline.py
[2026-06-11T17:38:13.501+0000] {processor.py:840} INFO - DAG(s) 'crime_analytics_pipeline' retrieved from /opt/airflow/dags/dag_crime_pipeline.py
[2026-06-11T17:38:13.545+0000] {logging_mixin.py:188} INFO - [2026-06-11T17:38:13.544+0000] {dag.py:3036} INFO - Sync 1 DAGs
[2026-06-11T17:38:13.607+0000] {processor.py:183} INFO - Processing /opt/airflow/dags/dag_crime_pipeline.py took 0.172 seconds
[2026-06-11T17:38:44.507+0000] {processor.py:161} INFO - Started process (PID=2481) to work on /opt/airflow/dags/dag_crime_pipeline.py
[2026-06-11T17:38:44.509+0000] {processor.py:830} INFO - Processing file /opt/airflow/dags/dag_crime_pipeline.py for tasks to queue
[2026-06-11T17:38:44.518+0000] {logging_mixin.py:188} INFO - [2026-06-11T17:38:44.517+0000] {dagbag.py:538} INFO - Filling up the DagBag from /opt/airflow/dags/dag_crime_pipeline.py
[2026-06-11T17:38:44.571+0000] {processor.py:840} INFO - DAG(s) 'crime_analytics_pipeline' retrieved from /opt/airflow/dags/dag_crime_pipeline.py
[2026-06-11T17:38:44.610+0000] {logging_mixin.py:188} INFO - [2026-06-11T17:38:44.610+0000] {dag.py:3036} INFO - Sync 1 DAGs
[2026-06-11T17:38:44.665+0000] {processor.py:183} INFO - Processing /opt/airflow/dags/dag_crime_pipeline.py took 0.167 seconds
[2026-06-11T17:39:15.653+0000] {processor.py:161} INFO - Started process (PID=2578) to work on /opt/airflow/dags/dag_crime_pipeline.py
[2026-06-11T17:39:15.655+0000] {processor.py:830} INFO - Processing file /opt/airflow/dags/dag_crime_pipeline.py for tasks to queue
[2026-06-11T17:39:15.659+0000] {logging_mixin.py:188} INFO - [2026-06-11T17:39:15.659+0000] {dagbag.py:538} INFO - Filling up the DagBag from /opt/airflow/dags/dag_crime_pipeline.py
[2026-06-11T17:39:15.713+0000] {processor.py:840} INFO - DAG(s) 'crime_analytics_pipeline' retrieved from /opt/airflow/dags/dag_crime_pipeline.py
[2026-06-11T17:39:15.755+0000] {logging_mixin.py:188} INFO - [2026-06-11T17:39:15.755+0000] {dag.py:3036} INFO - Sync 1 DAGs
[2026-06-11T17:39:15.810+0000] {processor.py:183} INFO - Processing /opt/airflow/dags/dag_crime_pipeline.py took 0.164 seconds
[2026-06-11T17:39:46.667+0000] {processor.py:161} INFO - Started process (PID=2631) to work on /opt/airflow/dags/dag_crime_pipeline.py
[2026-06-11T17:39:46.669+0000] {processor.py:830} INFO - Processing file /opt/airflow/dags/dag_crime_pipeline.py for tasks to queue
[2026-06-11T17:39:46.674+0000] {logging_mixin.py:188} INFO - [2026-06-11T17:39:46.673+0000] {dagbag.py:538} INFO - Filling up the DagBag from /opt/airflow/dags/dag_crime_pipeline.py
[2026-06-11T17:39:46.724+0000] {processor.py:840} INFO - DAG(s) 'crime_analytics_pipeline' retrieved from /opt/airflow/dags/dag_crime_pipeline.py
[2026-06-11T17:39:46.768+0000] {logging_mixin.py:188} INFO - [2026-06-11T17:39:46.768+0000] {dag.py:3036} INFO - Sync 1 DAGs
[2026-06-11T17:39:46.843+0000] {processor.py:183} INFO - Processing /opt/airflow/dags/dag_crime_pipeline.py took 0.181 seconds
[2026-06-11T17:40:17.918+0000] {processor.py:161} INFO - Started process (PID=2705) to work on /opt/airflow/dags/dag_crime_pipeline.py
[2026-06-11T17:40:17.922+0000] {processor.py:830} INFO - Processing file /opt/airflow/dags/dag_crime_pipeline.py for tasks to queue
[2026-06-11T17:40:17.926+0000] {logging_mixin.py:188} INFO - [2026-06-11T17:40:17.925+0000] {dagbag.py:538} INFO - Filling up the DagBag from /opt/airflow/dags/dag_crime_pipeline.py
[2026-06-11T17:40:17.978+0000] {processor.py:840} INFO - DAG(s) 'crime_analytics_pipeline' retrieved from /opt/airflow/dags/dag_crime_pipeline.py
[2026-06-11T17:40:18.021+0000] {logging_mixin.py:188} INFO - [2026-06-11T17:40:18.020+0000] {dag.py:3036} INFO - Sync 1 DAGs
[2026-06-11T17:40:18.082+0000] {processor.py:183} INFO - Processing /opt/airflow/dags/dag_crime_pipeline.py took 0.171 seconds
[2026-06-11T17:40:48.937+0000] {processor.py:161} INFO - Started process (PID=2779) to work on /opt/airflow/dags/dag_crime_pipeline.py
[2026-06-11T17:40:48.939+0000] {processor.py:830} INFO - Processing file /opt/airflow/dags/dag_crime_pipeline.py for tasks to queue
[2026-06-11T17:40:48.943+0000] {logging_mixin.py:188} INFO - [2026-06-11T17:40:48.942+0000] {dagbag.py:538} INFO - Filling up the DagBag from /opt/airflow/dags/dag_crime_pipeline.py
[2026-06-11T17:40:48.994+0000] {processor.py:840} INFO - DAG(s) 'crime_analytics_pipeline' retrieved from /opt/airflow/dags/dag_crime_pipeline.py
[2026-06-11T17:40:49.036+0000] {logging_mixin.py:188} INFO - [2026-06-11T17:40:49.035+0000] {dag.py:3036} INFO - Sync 1 DAGs
[2026-06-11T17:40:49.111+0000] {processor.py:183} INFO - Processing /opt/airflow/dags/dag_crime_pipeline.py took 0.178 seconds
[2026-06-11T17:41:19.803+0000] {processor.py:161} INFO - Started process (PID=2853) to work on /opt/airflow/dags/dag_crime_pipeline.py
[2026-06-11T17:41:19.805+0000] {processor.py:830} INFO - Processing file /opt/airflow/dags/dag_crime_pipeline.py for tasks to queue
[2026-06-11T17:41:19.810+0000] {logging_mixin.py:188} INFO - [2026-06-11T17:41:19.809+0000] {dagbag.py:538} INFO - Filling up the DagBag from /opt/airflow/dags/dag_crime_pipeline.py
[2026-06-11T17:41:19.862+0000] {processor.py:840} INFO - DAG(s) 'crime_analytics_pipeline' retrieved from /opt/airflow/dags/dag_crime_pipeline.py
[2026-06-11T17:41:19.903+0000] {logging_mixin.py:188} INFO - [2026-06-11T17:41:19.902+0000] {dag.py:3036} INFO - Sync 1 DAGs
[2026-06-11T17:41:19.964+0000] {processor.py:183} INFO - Processing /opt/airflow/dags/dag_crime_pipeline.py took 0.170 seconds
[2026-06-11T17:41:50.849+0000] {processor.py:161} INFO - Started process (PID=2927) to work on /opt/airflow/dags/dag_crime_pipeline.py
[2026-06-11T17:41:50.856+0000] {processor.py:830} INFO - Processing file /opt/airflow/dags/dag_crime_pipeline.py for tasks to queue
[2026-06-11T17:41:50.867+0000] {logging_mixin.py:188} INFO - [2026-06-11T17:41:50.866+0000] {dagbag.py:538} INFO - Filling up the DagBag from /opt/airflow/dags/dag_crime_pipeline.py
[2026-06-11T17:41:50.966+0000] {processor.py:840} INFO - DAG(s) 'crime_analytics_pipeline' retrieved from /opt/airflow/dags/dag_crime_pipeline.py
[2026-06-11T17:41:51.037+0000] {logging_mixin.py:188} INFO - [2026-06-11T17:41:51.037+0000] {dag.py:3036} INFO - Sync 1 DAGs
[2026-06-11T17:41:51.133+0000] {processor.py:183} INFO - Processing /opt/airflow/dags/dag_crime_pipeline.py took 0.307 seconds
[2026-06-11T17:42:22.151+0000] {processor.py:161} INFO - Started process (PID=3001) to work on /opt/airflow/dags/dag_crime_pipeline.py
[2026-06-11T17:42:22.153+0000] {processor.py:830} INFO - Processing file /opt/airflow/dags/dag_crime_pipeline.py for tasks to queue
[2026-06-11T17:42:22.158+0000] {logging_mixin.py:188} INFO - [2026-06-11T17:42:22.157+0000] {dagbag.py:538} INFO - Filling up the DagBag from /opt/airflow/dags/dag_crime_pipeline.py
[2026-06-11T17:42:22.240+0000] {processor.py:840} INFO - DAG(s) 'crime_analytics_pipeline' retrieved from /opt/airflow/dags/dag_crime_pipeline.py
[2026-06-11T17:42:22.281+0000] {logging_mixin.py:188} INFO - [2026-06-11T17:42:22.280+0000] {dag.py:3036} INFO - Sync 1 DAGs
[2026-06-11T17:42:22.353+0000] {processor.py:183} INFO - Processing /opt/airflow/dags/dag_crime_pipeline.py took 0.209 seconds
[2026-06-11T17:42:53.301+0000] {processor.py:161} INFO - Started process (PID=3063) to work on /opt/airflow/dags/dag_crime_pipeline.py
[2026-06-11T17:42:53.303+0000] {processor.py:830} INFO - Processing file /opt/airflow/dags/dag_crime_pipeline.py for tasks to queue
[2026-06-11T17:42:53.306+0000] {logging_mixin.py:188} INFO - [2026-06-11T17:42:53.305+0000] {dagbag.py:538} INFO - Filling up the DagBag from /opt/airflow/dags/dag_crime_pipeline.py
[2026-06-11T17:42:53.367+0000] {processor.py:840} INFO - DAG(s) 'crime_analytics_pipeline' retrieved from /opt/airflow/dags/dag_crime_pipeline.py
[2026-06-11T17:42:53.420+0000] {logging_mixin.py:188} INFO - [2026-06-11T17:42:53.419+0000] {dag.py:3036} INFO - Sync 1 DAGs
[2026-06-11T17:42:53.486+0000] {processor.py:183} INFO - Processing /opt/airflow/dags/dag_crime_pipeline.py took 0.189 seconds
[2026-06-11T17:43:24.376+0000] {processor.py:161} INFO - Started process (PID=3118) to work on /opt/airflow/dags/dag_crime_pipeline.py
[2026-06-11T17:43:24.377+0000] {processor.py:830} INFO - Processing file /opt/airflow/dags/dag_crime_pipeline.py for tasks to queue
[2026-06-11T17:43:24.380+0000] {logging_mixin.py:188} INFO - [2026-06-11T17:43:24.380+0000] {dagbag.py:538} INFO - Filling up the DagBag from /opt/airflow/dags/dag_crime_pipeline.py
[2026-06-11T17:43:24.428+0000] {processor.py:840} INFO - DAG(s) 'crime_analytics_pipeline' retrieved from /opt/airflow/dags/dag_crime_pipeline.py
[2026-06-11T17:43:24.471+0000] {logging_mixin.py:188} INFO - [2026-06-11T17:43:24.470+0000] {dag.py:3036} INFO - Sync 1 DAGs
[2026-06-11T17:43:24.544+0000] {processor.py:183} INFO - Processing /opt/airflow/dags/dag_crime_pipeline.py took 0.173 seconds
[2026-06-11T17:43:54.695+0000] {processor.py:161} INFO - Started process (PID=3154) to work on /opt/airflow/dags/dag_crime_pipeline.py
[2026-06-11T17:43:54.702+0000] {processor.py:830} INFO - Processing file /opt/airflow/dags/dag_crime_pipeline.py for tasks to queue
[2026-06-11T17:43:54.706+0000] {logging_mixin.py:188} INFO - [2026-06-11T17:43:54.706+0000] {dagbag.py:538} INFO - Filling up the DagBag from /opt/airflow/dags/dag_crime_pipeline.py
[2026-06-11T17:43:54.775+0000] {processor.py:840} INFO - DAG(s) 'crime_analytics_pipeline' retrieved from /opt/airflow/dags/dag_crime_pipeline.py
[2026-06-11T17:43:54.848+0000] {logging_mixin.py:188} INFO - [2026-06-11T17:43:54.848+0000] {dag.py:3036} INFO - Sync 1 DAGs
[2026-06-11T17:43:54.962+0000] {processor.py:183} INFO - Processing /opt/airflow/dags/dag_crime_pipeline.py took 0.273 seconds
[2026-06-11T17:44:25.739+0000] {processor.py:161} INFO - Started process (PID=3159) to work on /opt/airflow/dags/dag_crime_pipeline.py
[2026-06-11T17:44:25.741+0000] {processor.py:830} INFO - Processing file /opt/airflow/dags/dag_crime_pipeline.py for tasks to queue
[2026-06-11T17:44:25.749+0000] {logging_mixin.py:188} INFO - [2026-06-11T17:44:25.748+0000] {dagbag.py:538} INFO - Filling up the DagBag from /opt/airflow/dags/dag_crime_pipeline.py
[2026-06-11T17:44:25.823+0000] {processor.py:840} INFO - DAG(s) 'crime_analytics_pipeline' retrieved from /opt/airflow/dags/dag_crime_pipeline.py
[2026-06-11T17:44:25.882+0000] {logging_mixin.py:188} INFO - [2026-06-11T17:44:25.881+0000] {dag.py:3036} INFO - Sync 1 DAGs
[2026-06-11T17:44:26.029+0000] {processor.py:183} INFO - Processing /opt/airflow/dags/dag_crime_pipeline.py took 0.310 seconds
[2026-06-11T17:44:57.025+0000] {processor.py:161} INFO - Started process (PID=3164) to work on /opt/airflow/dags/dag_crime_pipeline.py
[2026-06-11T17:44:57.026+0000] {processor.py:830} INFO - Processing file /opt/airflow/dags/dag_crime_pipeline.py for tasks to queue
[2026-06-11T17:44:57.029+0000] {logging_mixin.py:188} INFO - [2026-06-11T17:44:57.029+0000] {dagbag.py:538} INFO - Filling up the DagBag from /opt/airflow/dags/dag_crime_pipeline.py
[2026-06-11T17:44:57.078+0000] {processor.py:840} INFO - DAG(s) 'crime_analytics_pipeline' retrieved from /opt/airflow/dags/dag_crime_pipeline.py
[2026-06-11T17:44:57.120+0000] {logging_mixin.py:188} INFO - [2026-06-11T17:44:57.119+0000] {dag.py:3036} INFO - Sync 1 DAGs
[2026-06-11T17:44:57.193+0000] {processor.py:183} INFO - Processing /opt/airflow/dags/dag_crime_pipeline.py took 0.172 seconds
[2026-06-11T17:45:28.130+0000] {processor.py:161} INFO - Started process (PID=3169) to work on /opt/airflow/dags/dag_crime_pipeline.py
[2026-06-11T17:45:28.140+0000] {processor.py:830} INFO - Processing file /opt/airflow/dags/dag_crime_pipeline.py for tasks to queue
[2026-06-11T17:45:28.150+0000] {logging_mixin.py:188} INFO - [2026-06-11T17:45:28.149+0000] {dagbag.py:538} INFO - Filling up the DagBag from /opt/airflow/dags/dag_crime_pipeline.py
[2026-06-11T17:45:28.224+0000] {processor.py:840} INFO - DAG(s) 'crime_analytics_pipeline' retrieved from /opt/airflow/dags/dag_crime_pipeline.py
[2026-06-11T17:45:28.285+0000] {logging_mixin.py:188} INFO - [2026-06-11T17:45:28.284+0000] {dag.py:3036} INFO - Sync 1 DAGs
[2026-06-11T17:45:28.435+0000] {processor.py:183} INFO - Processing /opt/airflow/dags/dag_crime_pipeline.py took 0.320 seconds
[2026-06-11T17:45:59.280+0000] {processor.py:161} INFO - Started process (PID=3174) to work on /opt/airflow/dags/dag_crime_pipeline.py
[2026-06-11T17:45:59.283+0000] {processor.py:830} INFO - Processing file /opt/airflow/dags/dag_crime_pipeline.py for tasks to queue
[2026-06-11T17:45:59.290+0000] {logging_mixin.py:188} INFO - [2026-06-11T17:45:59.289+0000] {dagbag.py:538} INFO - Filling up the DagBag from /opt/airflow/dags/dag_crime_pipeline.py
[2026-06-11T17:45:59.365+0000] {processor.py:840} INFO - DAG(s) 'crime_analytics_pipeline' retrieved from /opt/airflow/dags/dag_crime_pipeline.py
[2026-06-11T17:45:59.429+0000] {logging_mixin.py:188} INFO - [2026-06-11T17:45:59.428+0000] {dag.py:3036} INFO - Sync 1 DAGs
[2026-06-11T17:45:59.516+0000] {processor.py:183} INFO - Processing /opt/airflow/dags/dag_crime_pipeline.py took 0.246 seconds
[2026-06-11T17:46:30.560+0000] {processor.py:161} INFO - Started process (PID=3179) to work on /opt/airflow/dags/dag_crime_pipeline.py
[2026-06-11T17:46:30.567+0000] {processor.py:830} INFO - Processing file /opt/airflow/dags/dag_crime_pipeline.py for tasks to queue
[2026-06-11T17:46:30.573+0000] {logging_mixin.py:188} INFO - [2026-06-11T17:46:30.572+0000] {dagbag.py:538} INFO - Filling up the DagBag from /opt/airflow/dags/dag_crime_pipeline.py
[2026-06-11T17:46:30.675+0000] {processor.py:840} INFO - DAG(s) 'crime_analytics_pipeline' retrieved from /opt/airflow/dags/dag_crime_pipeline.py
[2026-06-11T17:46:30.756+0000] {logging_mixin.py:188} INFO - [2026-06-11T17:46:30.755+0000] {dag.py:3036} INFO - Sync 1 DAGs
[2026-06-11T17:46:30.873+0000] {processor.py:183} INFO - Processing /opt/airflow/dags/dag_crime_pipeline.py took 0.328 seconds
[2026-06-11T17:47:01.647+0000] {processor.py:161} INFO - Started process (PID=3188) to work on /opt/airflow/dags/dag_crime_pipeline.py
[2026-06-11T17:47:01.649+0000] {processor.py:830} INFO - Processing file /opt/airflow/dags/dag_crime_pipeline.py for tasks to queue
[2026-06-11T17:47:01.652+0000] {logging_mixin.py:188} INFO - [2026-06-11T17:47:01.652+0000] {dagbag.py:538} INFO - Filling up the DagBag from /opt/airflow/dags/dag_crime_pipeline.py
[2026-06-11T17:47:01.708+0000] {processor.py:840} INFO - DAG(s) 'crime_analytics_pipeline' retrieved from /opt/airflow/dags/dag_crime_pipeline.py
[2026-06-11T17:47:01.753+0000] {logging_mixin.py:188} INFO - [2026-06-11T17:47:01.753+0000] {dag.py:3036} INFO - Sync 1 DAGs
[2026-06-11T17:47:01.787+0000] {logging_mixin.py:188} INFO - [2026-06-11T17:47:01.786+0000] {dag.py:3823} INFO - Setting next_dagrun for crime_analytics_pipeline to 2026-06-06 19:00:00+00:00, run_after=2026-06-13 19:00:00+00:00
[2026-06-11T17:47:01.814+0000] {processor.py:183} INFO - Processing /opt/airflow/dags/dag_crime_pipeline.py took 0.170 seconds
[2026-06-11T17:47:32.469+0000] {processor.py:161} INFO - Started process (PID=3193) to work on /opt/airflow/dags/dag_crime_pipeline.py
[2026-06-11T17:47:32.472+0000] {processor.py:830} INFO - Processing file /opt/airflow/dags/dag_crime_pipeline.py for tasks to queue
[2026-06-11T17:47:32.476+0000] {logging_mixin.py:188} INFO - [2026-06-11T17:47:32.475+0000] {dagbag.py:538} INFO - Filling up the DagBag from /opt/airflow/dags/dag_crime_pipeline.py
[2026-06-11T17:47:32.524+0000] {processor.py:840} INFO - DAG(s) 'crime_analytics_pipeline' retrieved from /opt/airflow/dags/dag_crime_pipeline.py
[2026-06-11T17:47:32.565+0000] {logging_mixin.py:188} INFO - [2026-06-11T17:47:32.565+0000] {dag.py:3036} INFO - Sync 1 DAGs
[2026-06-11T17:47:32.592+0000] {logging_mixin.py:188} INFO - [2026-06-11T17:47:32.591+0000] {dag.py:3823} INFO - Setting next_dagrun for crime_analytics_pipeline to 2026-06-06 19:00:00+00:00, run_after=2026-06-13 19:00:00+00:00
[2026-06-11T17:47:32.618+0000] {processor.py:183} INFO - Processing /opt/airflow/dags/dag_crime_pipeline.py took 0.154 seconds
[2026-06-11T17:48:02.704+0000] {processor.py:161} INFO - Started process (PID=3198) to work on /opt/airflow/dags/dag_crime_pipeline.py
[2026-06-11T17:48:02.706+0000] {processor.py:830} INFO - Processing file /opt/airflow/dags/dag_crime_pipeline.py for tasks to queue
[2026-06-11T17:48:02.708+0000] {logging_mixin.py:188} INFO - [2026-06-11T17:48:02.708+0000] {dagbag.py:538} INFO - Filling up the DagBag from /opt/airflow/dags/dag_crime_pipeline.py
[2026-06-11T17:48:02.758+0000] {processor.py:840} INFO - DAG(s) 'crime_analytics_pipeline' retrieved from /opt/airflow/dags/dag_crime_pipeline.py
[2026-06-11T17:48:02.797+0000] {logging_mixin.py:188} INFO - [2026-06-11T17:48:02.796+0000] {dag.py:3036} INFO - Sync 1 DAGs
[2026-06-11T17:48:02.831+0000] {logging_mixin.py:188} INFO - [2026-06-11T17:48:02.830+0000] {dag.py:3823} INFO - Setting next_dagrun for crime_analytics_pipeline to 2026-06-06 19:00:00+00:00, run_after=2026-06-13 19:00:00+00:00
[2026-06-11T17:48:02.855+0000] {processor.py:183} INFO - Processing /opt/airflow/dags/dag_crime_pipeline.py took 0.155 seconds
[2026-06-11T17:48:33.873+0000] {processor.py:161} INFO - Started process (PID=3203) to work on /opt/airflow/dags/dag_crime_pipeline.py
[2026-06-11T17:48:33.875+0000] {processor.py:830} INFO - Processing file /opt/airflow/dags/dag_crime_pipeline.py for tasks to queue
[2026-06-11T17:48:33.878+0000] {logging_mixin.py:188} INFO - [2026-06-11T17:48:33.878+0000] {dagbag.py:538} INFO - Filling up the DagBag from /opt/airflow/dags/dag_crime_pipeline.py
[2026-06-11T17:48:33.924+0000] {processor.py:840} INFO - DAG(s) 'crime_analytics_pipeline' retrieved from /opt/airflow/dags/dag_crime_pipeline.py
[2026-06-11T17:48:33.964+0000] {logging_mixin.py:188} INFO - [2026-06-11T17:48:33.964+0000] {dag.py:3036} INFO - Sync 1 DAGs
[2026-06-11T17:48:33.996+0000] {logging_mixin.py:188} INFO - [2026-06-11T17:48:33.995+0000] {dag.py:3823} INFO - Setting next_dagrun for crime_analytics_pipeline to 2026-06-06 19:00:00+00:00, run_after=2026-06-13 19:00:00+00:00
[2026-06-11T17:48:34.047+0000] {processor.py:183} INFO - Processing /opt/airflow/dags/dag_crime_pipeline.py took 0.177 seconds
[2026-06-11T17:49:04.142+0000] {processor.py:161} INFO - Started process (PID=3208) to work on /opt/airflow/dags/dag_crime_pipeline.py
[2026-06-11T17:49:04.144+0000] {processor.py:830} INFO - Processing file /opt/airflow/dags/dag_crime_pipeline.py for tasks to queue
[2026-06-11T17:49:04.147+0000] {logging_mixin.py:188} INFO - [2026-06-11T17:49:04.147+0000] {dagbag.py:538} INFO - Filling up the DagBag from /opt/airflow/dags/dag_crime_pipeline.py
[2026-06-11T17:49:04.197+0000] {processor.py:840} INFO - DAG(s) 'crime_analytics_pipeline' retrieved from /opt/airflow/dags/dag_crime_pipeline.py
[2026-06-11T17:49:04.239+0000] {logging_mixin.py:188} INFO - [2026-06-11T17:49:04.239+0000] {dag.py:3036} INFO - Sync 1 DAGs
[2026-06-11T17:49:04.273+0000] {logging_mixin.py:188} INFO - [2026-06-11T17:49:04.272+0000] {dag.py:3823} INFO - Setting next_dagrun for crime_analytics_pipeline to 2026-06-06 19:00:00+00:00, run_after=2026-06-13 19:00:00+00:00
[2026-06-11T17:49:04.300+0000] {processor.py:183} INFO - Processing /opt/airflow/dags/dag_crime_pipeline.py took 0.162 seconds
[2026-06-11T17:49:35.263+0000] {processor.py:161} INFO - Started process (PID=3213) to work on /opt/airflow/dags/dag_crime_pipeline.py
[2026-06-11T17:49:35.265+0000] {processor.py:830} INFO - Processing file /opt/airflow/dags/dag_crime_pipeline.py for tasks to queue
[2026-06-11T17:49:35.268+0000] {logging_mixin.py:188} INFO - [2026-06-11T17:49:35.267+0000] {dagbag.py:538} INFO - Filling up the DagBag from /opt/airflow/dags/dag_crime_pipeline.py
[2026-06-11T17:49:35.310+0000] {processor.py:840} INFO - DAG(s) 'crime_analytics_pipeline' retrieved from /opt/airflow/dags/dag_crime_pipeline.py
[2026-06-11T17:49:35.351+0000] {logging_mixin.py:188} INFO - [2026-06-11T17:49:35.351+0000] {dag.py:3036} INFO - Sync 1 DAGs
[2026-06-11T17:49:35.378+0000] {logging_mixin.py:188} INFO - [2026-06-11T17:49:35.377+0000] {dag.py:3823} INFO - Setting next_dagrun for crime_analytics_pipeline to 2026-06-06 19:00:00+00:00, run_after=2026-06-13 19:00:00+00:00
[2026-06-11T17:49:35.405+0000] {processor.py:183} INFO - Processing /opt/airflow/dags/dag_crime_pipeline.py took 0.146 seconds
[2026-06-11T17:50:05.507+0000] {processor.py:161} INFO - Started process (PID=3218) to work on /opt/airflow/dags/dag_crime_pipeline.py
[2026-06-11T17:50:05.509+0000] {processor.py:830} INFO - Processing file /opt/airflow/dags/dag_crime_pipeline.py for tasks to queue
[2026-06-11T17:50:05.511+0000] {logging_mixin.py:188} INFO - [2026-06-11T17:50:05.511+0000] {dagbag.py:538} INFO - Filling up the DagBag from /opt/airflow/dags/dag_crime_pipeline.py
[2026-06-11T17:50:05.560+0000] {processor.py:840} INFO - DAG(s) 'crime_analytics_pipeline' retrieved from /opt/airflow/dags/dag_crime_pipeline.py
[2026-06-11T17:50:05.600+0000] {logging_mixin.py:188} INFO - [2026-06-11T17:50:05.600+0000] {dag.py:3036} INFO - Sync 1 DAGs
[2026-06-11T17:50:05.632+0000] {logging_mixin.py:188} INFO - [2026-06-11T17:50:05.631+0000] {dag.py:3823} INFO - Setting next_dagrun for crime_analytics_pipeline to 2026-06-06 19:00:00+00:00, run_after=2026-06-13 19:00:00+00:00
[2026-06-11T17:50:05.682+0000] {processor.py:183} INFO - Processing /opt/airflow/dags/dag_crime_pipeline.py took 0.179 seconds
[2026-06-11T17:50:36.742+0000] {processor.py:161} INFO - Started process (PID=3223) to work on /opt/airflow/dags/dag_crime_pipeline.py
[2026-06-11T17:50:36.744+0000] {processor.py:830} INFO - Processing file /opt/airflow/dags/dag_crime_pipeline.py for tasks to queue
[2026-06-11T17:50:36.747+0000] {logging_mixin.py:188} INFO - [2026-06-11T17:50:36.746+0000] {dagbag.py:538} INFO - Filling up the DagBag from /opt/airflow/dags/dag_crime_pipeline.py
[2026-06-11T17:50:36.790+0000] {processor.py:840} INFO - DAG(s) 'crime_analytics_pipeline' retrieved from /opt/airflow/dags/dag_crime_pipeline.py
[2026-06-11T17:50:36.829+0000] {logging_mixin.py:188} INFO - [2026-06-11T17:50:36.828+0000] {dag.py:3036} INFO - Sync 1 DAGs
[2026-06-11T17:50:36.862+0000] {logging_mixin.py:188} INFO - [2026-06-11T17:50:36.862+0000] {dag.py:3823} INFO - Setting next_dagrun for crime_analytics_pipeline to 2026-06-06 19:00:00+00:00, run_after=2026-06-13 19:00:00+00:00
[2026-06-11T17:50:36.893+0000] {processor.py:183} INFO - Processing /opt/airflow/dags/dag_crime_pipeline.py took 0.156 seconds
[2026-06-11T17:51:07.846+0000] {processor.py:161} INFO - Started process (PID=3228) to work on /opt/airflow/dags/dag_crime_pipeline.py
[2026-06-11T17:51:07.849+0000] {processor.py:830} INFO - Processing file /opt/airflow/dags/dag_crime_pipeline.py for tasks to queue
[2026-06-11T17:51:07.852+0000] {logging_mixin.py:188} INFO - [2026-06-11T17:51:07.851+0000] {dagbag.py:538} INFO - Filling up the DagBag from /opt/airflow/dags/dag_crime_pipeline.py
[2026-06-11T17:51:07.900+0000] {processor.py:840} INFO - DAG(s) 'crime_analytics_pipeline' retrieved from /opt/airflow/dags/dag_crime_pipeline.py
[2026-06-11T17:51:07.941+0000] {logging_mixin.py:188} INFO - [2026-06-11T17:51:07.940+0000] {dag.py:3036} INFO - Sync 1 DAGs
[2026-06-11T17:51:07.971+0000] {logging_mixin.py:188} INFO - [2026-06-11T17:51:07.971+0000] {dag.py:3823} INFO - Setting next_dagrun for crime_analytics_pipeline to 2026-06-06 19:00:00+00:00, run_after=2026-06-13 19:00:00+00:00
[2026-06-11T17:51:08.014+0000] {processor.py:183} INFO - Processing /opt/airflow/dags/dag_crime_pipeline.py took 0.174 seconds
[2026-06-11T17:51:38.136+0000] {processor.py:161} INFO - Started process (PID=3233) to work on /opt/airflow/dags/dag_crime_pipeline.py
[2026-06-11T17:51:38.138+0000] {processor.py:830} INFO - Processing file /opt/airflow/dags/dag_crime_pipeline.py for tasks to queue
[2026-06-11T17:51:38.141+0000] {logging_mixin.py:188} INFO - [2026-06-11T17:51:38.141+0000] {dagbag.py:538} INFO - Filling up the DagBag from /opt/airflow/dags/dag_crime_pipeline.py
[2026-06-11T17:51:38.191+0000] {processor.py:840} INFO - DAG(s) 'crime_analytics_pipeline' retrieved from /opt/airflow/dags/dag_crime_pipeline.py
[2026-06-11T17:51:38.234+0000] {logging_mixin.py:188} INFO - [2026-06-11T17:51:38.234+0000] {dag.py:3036} INFO - Sync 1 DAGs
[2026-06-11T17:51:38.268+0000] {logging_mixin.py:188} INFO - [2026-06-11T17:51:38.268+0000] {dag.py:3823} INFO - Setting next_dagrun for crime_analytics_pipeline to 2026-06-06 19:00:00+00:00, run_after=2026-06-13 19:00:00+00:00
[2026-06-11T17:51:38.317+0000] {processor.py:183} INFO - Processing /opt/airflow/dags/dag_crime_pipeline.py took 0.187 seconds
[2026-06-11T17:52:08.418+0000] {processor.py:161} INFO - Started process (PID=3238) to work on /opt/airflow/dags/dag_crime_pipeline.py
[2026-06-11T17:52:08.420+0000] {processor.py:830} INFO - Processing file /opt/airflow/dags/dag_crime_pipeline.py for tasks to queue
[2026-06-11T17:52:08.423+0000] {logging_mixin.py:188} INFO - [2026-06-11T17:52:08.423+0000] {dagbag.py:538} INFO - Filling up the DagBag from /opt/airflow/dags/dag_crime_pipeline.py
[2026-06-11T17:52:08.474+0000] {processor.py:840} INFO - DAG(s) 'crime_analytics_pipeline' retrieved from /opt/airflow/dags/dag_crime_pipeline.py
[2026-06-11T17:52:08.518+0000] {logging_mixin.py:188} INFO - [2026-06-11T17:52:08.518+0000] {dag.py:3036} INFO - Sync 1 DAGs
[2026-06-11T17:52:08.549+0000] {logging_mixin.py:188} INFO - [2026-06-11T17:52:08.549+0000] {dag.py:3823} INFO - Setting next_dagrun for crime_analytics_pipeline to 2026-06-06 19:00:00+00:00, run_after=2026-06-13 19:00:00+00:00
[2026-06-11T17:52:08.581+0000] {processor.py:183} INFO - Processing /opt/airflow/dags/dag_crime_pipeline.py took 0.167 seconds
[2026-06-11T17:52:38.681+0000] {processor.py:161} INFO - Started process (PID=3243) to work on /opt/airflow/dags/dag_crime_pipeline.py
[2026-06-11T17:52:38.683+0000] {processor.py:830} INFO - Processing file /opt/airflow/dags/dag_crime_pipeline.py for tasks to queue
[2026-06-11T17:52:38.688+0000] {logging_mixin.py:188} INFO - [2026-06-11T17:52:38.688+0000] {dagbag.py:538} INFO - Filling up the DagBag from /opt/airflow/dags/dag_crime_pipeline.py
[2026-06-11T17:52:38.736+0000] {processor.py:840} INFO - DAG(s) 'crime_analytics_pipeline' retrieved from /opt/airflow/dags/dag_crime_pipeline.py
[2026-06-11T17:52:38.787+0000] {logging_mixin.py:188} INFO - [2026-06-11T17:52:38.786+0000] {dag.py:3036} INFO - Sync 1 DAGs
[2026-06-11T17:52:38.829+0000] {logging_mixin.py:188} INFO - [2026-06-11T17:52:38.829+0000] {dag.py:3823} INFO - Setting next_dagrun for crime_analytics_pipeline to 2026-06-06 19:00:00+00:00, run_after=2026-06-13 19:00:00+00:00
[2026-06-11T17:52:38.857+0000] {processor.py:183} INFO - Processing /opt/airflow/dags/dag_crime_pipeline.py took 0.180 seconds
[2026-06-11T17:53:09.034+0000] {processor.py:161} INFO - Started process (PID=3248) to work on /opt/airflow/dags/dag_crime_pipeline.py
[2026-06-11T17:53:09.036+0000] {processor.py:830} INFO - Processing file /opt/airflow/dags/dag_crime_pipeline.py for tasks to queue
[2026-06-11T17:53:09.040+0000] {logging_mixin.py:188} INFO - [2026-06-11T17:53:09.039+0000] {dagbag.py:538} INFO - Filling up the DagBag from /opt/airflow/dags/dag_crime_pipeline.py
[2026-06-11T17:53:09.119+0000] {processor.py:840} INFO - DAG(s) 'crime_analytics_pipeline' retrieved from /opt/airflow/dags/dag_crime_pipeline.py
[2026-06-11T17:53:09.180+0000] {logging_mixin.py:188} INFO - [2026-06-11T17:53:09.179+0000] {dag.py:3036} INFO - Sync 1 DAGs
[2026-06-11T17:53:09.230+0000] {logging_mixin.py:188} INFO - [2026-06-11T17:53:09.230+0000] {dag.py:3823} INFO - Setting next_dagrun for crime_analytics_pipeline to 2026-06-06 19:00:00+00:00, run_after=2026-06-13 19:00:00+00:00
[2026-06-11T17:53:09.276+0000] {processor.py:183} INFO - Processing /opt/airflow/dags/dag_crime_pipeline.py took 0.248 seconds
[2026-06-11T17:53:39.348+0000] {processor.py:161} INFO - Started process (PID=3253) to work on /opt/airflow/dags/dag_crime_pipeline.py
[2026-06-11T17:53:39.349+0000] {processor.py:830} INFO - Processing file /opt/airflow/dags/dag_crime_pipeline.py for tasks to queue
[2026-06-11T17:53:39.352+0000] {logging_mixin.py:188} INFO - [2026-06-11T17:53:39.352+0000] {dagbag.py:538} INFO - Filling up the DagBag from /opt/airflow/dags/dag_crime_pipeline.py
[2026-06-11T17:53:39.406+0000] {processor.py:840} INFO - DAG(s) 'crime_analytics_pipeline' retrieved from /opt/airflow/dags/dag_crime_pipeline.py
[2026-06-11T17:53:39.449+0000] {logging_mixin.py:188} INFO - [2026-06-11T17:53:39.449+0000] {dag.py:3036} INFO - Sync 1 DAGs
[2026-06-11T17:53:39.482+0000] {logging_mixin.py:188} INFO - [2026-06-11T17:53:39.481+0000] {dag.py:3823} INFO - Setting next_dagrun for crime_analytics_pipeline to 2026-06-06 19:00:00+00:00, run_after=2026-06-13 19:00:00+00:00
[2026-06-11T17:53:39.510+0000] {processor.py:183} INFO - Processing /opt/airflow/dags/dag_crime_pipeline.py took 0.166 seconds
[2026-06-11T17:54:09.705+0000] {processor.py:161} INFO - Started process (PID=3258) to work on /opt/airflow/dags/dag_crime_pipeline.py
[2026-06-11T17:54:09.707+0000] {processor.py:830} INFO - Processing file /opt/airflow/dags/dag_crime_pipeline.py for tasks to queue
[2026-06-11T17:54:09.711+0000] {logging_mixin.py:188} INFO - [2026-06-11T17:54:09.711+0000] {dagbag.py:538} INFO - Filling up the DagBag from /opt/airflow/dags/dag_crime_pipeline.py
[2026-06-11T17:54:09.767+0000] {processor.py:840} INFO - DAG(s) 'crime_analytics_pipeline' retrieved from /opt/airflow/dags/dag_crime_pipeline.py
[2026-06-11T17:54:09.814+0000] {logging_mixin.py:188} INFO - [2026-06-11T17:54:09.813+0000] {dag.py:3036} INFO - Sync 1 DAGs
[2026-06-11T17:54:09.852+0000] {logging_mixin.py:188} INFO - [2026-06-11T17:54:09.851+0000] {dag.py:3823} INFO - Setting next_dagrun for crime_analytics_pipeline to 2026-06-06 19:00:00+00:00, run_after=2026-06-13 19:00:00+00:00
[2026-06-11T17:54:09.904+0000] {processor.py:183} INFO - Processing /opt/airflow/dags/dag_crime_pipeline.py took 0.204 seconds
[2026-06-11T17:54:40.012+0000] {processor.py:161} INFO - Started process (PID=3263) to work on /opt/airflow/dags/dag_crime_pipeline.py
[2026-06-11T17:54:40.014+0000] {processor.py:830} INFO - Processing file /opt/airflow/dags/dag_crime_pipeline.py for tasks to queue
[2026-06-11T17:54:40.018+0000] {logging_mixin.py:188} INFO - [2026-06-11T17:54:40.018+0000] {dagbag.py:538} INFO - Filling up the DagBag from /opt/airflow/dags/dag_crime_pipeline.py
[2026-06-11T17:54:40.073+0000] {processor.py:840} INFO - DAG(s) 'crime_analytics_pipeline' retrieved from /opt/airflow/dags/dag_crime_pipeline.py
[2026-06-11T17:54:40.125+0000] {logging_mixin.py:188} INFO - [2026-06-11T17:54:40.124+0000] {dag.py:3036} INFO - Sync 1 DAGs
[2026-06-11T17:54:40.164+0000] {logging_mixin.py:188} INFO - [2026-06-11T17:54:40.164+0000] {dag.py:3823} INFO - Setting next_dagrun for crime_analytics_pipeline to 2026-06-06 19:00:00+00:00, run_after=2026-06-13 19:00:00+00:00
[2026-06-11T17:54:40.224+0000] {processor.py:183} INFO - Processing /opt/airflow/dags/dag_crime_pipeline.py took 0.218 seconds
[2026-06-11T17:55:10.647+0000] {processor.py:161} INFO - Started process (PID=3268) to work on /opt/airflow/dags/dag_crime_pipeline.py
[2026-06-11T17:55:10.649+0000] {processor.py:830} INFO - Processing file /opt/airflow/dags/dag_crime_pipeline.py for tasks to queue
[2026-06-11T17:55:10.654+0000] {logging_mixin.py:188} INFO - [2026-06-11T17:55:10.653+0000] {dagbag.py:538} INFO - Filling up the DagBag from /opt/airflow/dags/dag_crime_pipeline.py
[2026-06-11T17:55:10.712+0000] {processor.py:840} INFO - DAG(s) 'crime_analytics_pipeline' retrieved from /opt/airflow/dags/dag_crime_pipeline.py
[2026-06-11T17:55:10.755+0000] {logging_mixin.py:188} INFO - [2026-06-11T17:55:10.754+0000] {dag.py:3036} INFO - Sync 1 DAGs
[2026-06-11T17:55:10.788+0000] {logging_mixin.py:188} INFO - [2026-06-11T17:55:10.788+0000] {dag.py:3823} INFO - Setting next_dagrun for crime_analytics_pipeline to 2026-06-06 19:00:00+00:00, run_after=2026-06-13 19:00:00+00:00
[2026-06-11T17:55:10.837+0000] {processor.py:183} INFO - Processing /opt/airflow/dags/dag_crime_pipeline.py took 0.199 seconds
[2026-06-11T17:55:41.099+0000] {processor.py:161} INFO - Started process (PID=3273) to work on /opt/airflow/dags/dag_crime_pipeline.py
[2026-06-11T17:55:41.102+0000] {processor.py:830} INFO - Processing file /opt/airflow/dags/dag_crime_pipeline.py for tasks to queue
[2026-06-11T17:55:41.107+0000] {logging_mixin.py:188} INFO - [2026-06-11T17:55:41.106+0000] {dagbag.py:538} INFO - Filling up the DagBag from /opt/airflow/dags/dag_crime_pipeline.py
[2026-06-11T17:55:41.163+0000] {processor.py:840} INFO - DAG(s) 'crime_analytics_pipeline' retrieved from /opt/airflow/dags/dag_crime_pipeline.py
[2026-06-11T17:55:41.213+0000] {logging_mixin.py:188} INFO - [2026-06-11T17:55:41.212+0000] {dag.py:3036} INFO - Sync 1 DAGs
[2026-06-11T17:55:41.247+0000] {logging_mixin.py:188} INFO - [2026-06-11T17:55:41.247+0000] {dag.py:3823} INFO - Setting next_dagrun for crime_analytics_pipeline to 2026-06-06 19:00:00+00:00, run_after=2026-06-13 19:00:00+00:00
[2026-06-11T17:55:41.278+0000] {processor.py:183} INFO - Processing /opt/airflow/dags/dag_crime_pipeline.py took 0.186 seconds
[2026-06-11T17:56:11.463+0000] {processor.py:161} INFO - Started process (PID=3278) to work on /opt/airflow/dags/dag_crime_pipeline.py
[2026-06-11T17:56:11.465+0000] {processor.py:830} INFO - Processing file /opt/airflow/dags/dag_crime_pipeline.py for tasks to queue
[2026-06-11T17:56:11.469+0000] {logging_mixin.py:188} INFO - [2026-06-11T17:56:11.468+0000] {dagbag.py:538} INFO - Filling up the DagBag from /opt/airflow/dags/dag_crime_pipeline.py
[2026-06-11T17:56:11.521+0000] {processor.py:840} INFO - DAG(s) 'crime_analytics_pipeline' retrieved from /opt/airflow/dags/dag_crime_pipeline.py
[2026-06-11T17:56:11.567+0000] {logging_mixin.py:188} INFO - [2026-06-11T17:56:11.567+0000] {dag.py:3036} INFO - Sync 1 DAGs
[2026-06-11T17:56:11.600+0000] {logging_mixin.py:188} INFO - [2026-06-11T17:56:11.600+0000] {dag.py:3823} INFO - Setting next_dagrun for crime_analytics_pipeline to 2026-06-06 19:00:00+00:00, run_after=2026-06-13 19:00:00+00:00
[2026-06-11T17:56:11.659+0000] {processor.py:183} INFO - Processing /opt/airflow/dags/dag_crime_pipeline.py took 0.201 seconds
[2026-06-11T17:56:41.760+0000] {processor.py:161} INFO - Started process (PID=3283) to work on /opt/airflow/dags/dag_crime_pipeline.py
[2026-06-11T17:56:41.762+0000] {processor.py:830} INFO - Processing file /opt/airflow/dags/dag_crime_pipeline.py for tasks to queue
[2026-06-11T17:56:41.766+0000] {logging_mixin.py:188} INFO - [2026-06-11T17:56:41.765+0000] {dagbag.py:538} INFO - Filling up the DagBag from /opt/airflow/dags/dag_crime_pipeline.py
[2026-06-11T17:56:41.832+0000] {processor.py:840} INFO - DAG(s) 'crime_analytics_pipeline' retrieved from /opt/airflow/dags/dag_crime_pipeline.py
[2026-06-11T17:56:41.883+0000] {logging_mixin.py:188} INFO - [2026-06-11T17:56:41.882+0000] {dag.py:3036} INFO - Sync 1 DAGs
[2026-06-11T17:56:41.912+0000] {logging_mixin.py:188} INFO - [2026-06-11T17:56:41.911+0000] {dag.py:3823} INFO - Setting next_dagrun for crime_analytics_pipeline to 2026-06-06 19:00:00+00:00, run_after=2026-06-13 19:00:00+00:00
[2026-06-11T17:56:41.948+0000] {processor.py:183} INFO - Processing /opt/airflow/dags/dag_crime_pipeline.py took 0.194 seconds
[2026-06-11T17:57:13.007+0000] {processor.py:161} INFO - Started process (PID=3288) to work on /opt/airflow/dags/dag_crime_pipeline.py
[2026-06-11T17:57:13.009+0000] {processor.py:830} INFO - Processing file /opt/airflow/dags/dag_crime_pipeline.py for tasks to queue
[2026-06-11T17:57:13.012+0000] {logging_mixin.py:188} INFO - [2026-06-11T17:57:13.012+0000] {dagbag.py:538} INFO - Filling up the DagBag from /opt/airflow/dags/dag_crime_pipeline.py
[2026-06-11T17:57:13.073+0000] {processor.py:840} INFO - DAG(s) 'crime_analytics_pipeline' retrieved from /opt/airflow/dags/dag_crime_pipeline.py
[2026-06-11T17:57:13.120+0000] {logging_mixin.py:188} INFO - [2026-06-11T17:57:13.119+0000] {dag.py:3036} INFO - Sync 1 DAGs
[2026-06-11T17:57:13.149+0000] {logging_mixin.py:188} INFO - [2026-06-11T17:57:13.149+0000] {dag.py:3823} INFO - Setting next_dagrun for crime_analytics_pipeline to 2026-06-06 19:00:00+00:00, run_after=2026-06-13 19:00:00+00:00
[2026-06-11T17:57:13.181+0000] {processor.py:183} INFO - Processing /opt/airflow/dags/dag_crime_pipeline.py took 0.179 seconds
[2026-06-11T17:57:43.303+0000] {processor.py:161} INFO - Started process (PID=3293) to work on /opt/airflow/dags/dag_crime_pipeline.py
[2026-06-11T17:57:43.305+0000] {processor.py:830} INFO - Processing file /opt/airflow/dags/dag_crime_pipeline.py for tasks to queue
[2026-06-11T17:57:43.308+0000] {logging_mixin.py:188} INFO - [2026-06-11T17:57:43.308+0000] {dagbag.py:538} INFO - Filling up the DagBag from /opt/airflow/dags/dag_crime_pipeline.py
[2026-06-11T17:57:43.359+0000] {processor.py:840} INFO - DAG(s) 'crime_analytics_pipeline' retrieved from /opt/airflow/dags/dag_crime_pipeline.py
[2026-06-11T17:57:43.399+0000] {logging_mixin.py:188} INFO - [2026-06-11T17:57:43.398+0000] {dag.py:3036} INFO - Sync 1 DAGs
[2026-06-11T17:57:43.428+0000] {logging_mixin.py:188} INFO - [2026-06-11T17:57:43.428+0000] {dag.py:3823} INFO - Setting next_dagrun for crime_analytics_pipeline to 2026-06-06 19:00:00+00:00, run_after=2026-06-13 19:00:00+00:00
[2026-06-11T17:57:43.455+0000] {processor.py:183} INFO - Processing /opt/airflow/dags/dag_crime_pipeline.py took 0.157 seconds
[2026-06-11T17:58:13.646+0000] {processor.py:161} INFO - Started process (PID=3298) to work on /opt/airflow/dags/dag_crime_pipeline.py
[2026-06-11T17:58:13.648+0000] {processor.py:830} INFO - Processing file /opt/airflow/dags/dag_crime_pipeline.py for tasks to queue
[2026-06-11T17:58:13.650+0000] {logging_mixin.py:188} INFO - [2026-06-11T17:58:13.650+0000] {dagbag.py:538} INFO - Filling up the DagBag from /opt/airflow/dags/dag_crime_pipeline.py
[2026-06-11T17:58:13.695+0000] {processor.py:840} INFO - DAG(s) 'crime_analytics_pipeline' retrieved from /opt/airflow/dags/dag_crime_pipeline.py
[2026-06-11T17:58:13.735+0000] {logging_mixin.py:188} INFO - [2026-06-11T17:58:13.734+0000] {dag.py:3036} INFO - Sync 1 DAGs
[2026-06-11T17:58:13.764+0000] {logging_mixin.py:188} INFO - [2026-06-11T17:58:13.763+0000] {dag.py:3823} INFO - Setting next_dagrun for crime_analytics_pipeline to 2026-06-06 19:00:00+00:00, run_after=2026-06-13 19:00:00+00:00
[2026-06-11T17:58:13.791+0000] {processor.py:183} INFO - Processing /opt/airflow/dags/dag_crime_pipeline.py took 0.149 seconds
[2026-06-11T17:58:44.656+0000] {processor.py:161} INFO - Started process (PID=3303) to work on /opt/airflow/dags/dag_crime_pipeline.py
[2026-06-11T17:58:44.658+0000] {processor.py:830} INFO - Processing file /opt/airflow/dags/dag_crime_pipeline.py for tasks to queue
[2026-06-11T17:58:44.662+0000] {logging_mixin.py:188} INFO - [2026-06-11T17:58:44.661+0000] {dagbag.py:538} INFO - Filling up the DagBag from /opt/airflow/dags/dag_crime_pipeline.py
[2026-06-11T17:58:44.709+0000] {processor.py:840} INFO - DAG(s) 'crime_analytics_pipeline' retrieved from /opt/airflow/dags/dag_crime_pipeline.py
[2026-06-11T17:58:44.754+0000] {logging_mixin.py:188} INFO - [2026-06-11T17:58:44.753+0000] {dag.py:3036} INFO - Sync 1 DAGs
[2026-06-11T17:58:44.781+0000] {logging_mixin.py:188} INFO - [2026-06-11T17:58:44.780+0000] {dag.py:3823} INFO - Setting next_dagrun for crime_analytics_pipeline to 2026-06-06 19:00:00+00:00, run_after=2026-06-13 19:00:00+00:00
[2026-06-11T17:58:44.809+0000] {processor.py:183} INFO - Processing /opt/airflow/dags/dag_crime_pipeline.py took 0.160 seconds
[2026-06-11T17:59:15.899+0000] {processor.py:161} INFO - Started process (PID=3308) to work on /opt/airflow/dags/dag_crime_pipeline.py
[2026-06-11T17:59:15.901+0000] {processor.py:830} INFO - Processing file /opt/airflow/dags/dag_crime_pipeline.py for tasks to queue
[2026-06-11T17:59:15.903+0000] {logging_mixin.py:188} INFO - [2026-06-11T17:59:15.903+0000] {dagbag.py:538} INFO - Filling up the DagBag from /opt/airflow/dags/dag_crime_pipeline.py
[2026-06-11T17:59:15.947+0000] {processor.py:840} INFO - DAG(s) 'crime_analytics_pipeline' retrieved from /opt/airflow/dags/dag_crime_pipeline.py
[2026-06-11T17:59:15.983+0000] {logging_mixin.py:188} INFO - [2026-06-11T17:59:15.982+0000] {dag.py:3036} INFO - Sync 1 DAGs
[2026-06-11T17:59:16.010+0000] {logging_mixin.py:188} INFO - [2026-06-11T17:59:16.010+0000] {dag.py:3823} INFO - Setting next_dagrun for crime_analytics_pipeline to 2026-06-06 19:00:00+00:00, run_after=2026-06-13 19:00:00+00:00
[2026-06-11T17:59:16.057+0000] {processor.py:183} INFO - Processing /opt/airflow/dags/dag_crime_pipeline.py took 0.163 seconds
[2026-06-11T17:59:47.033+0000] {processor.py:161} INFO - Started process (PID=3313) to work on /opt/airflow/dags/dag_crime_pipeline.py
[2026-06-11T17:59:47.035+0000] {processor.py:830} INFO - Processing file /opt/airflow/dags/dag_crime_pipeline.py for tasks to queue
[2026-06-11T17:59:47.038+0000] {logging_mixin.py:188} INFO - [2026-06-11T17:59:47.037+0000] {dagbag.py:538} INFO - Filling up the DagBag from /opt/airflow/dags/dag_crime_pipeline.py
[2026-06-11T17:59:47.086+0000] {processor.py:840} INFO - DAG(s) 'crime_analytics_pipeline' retrieved from /opt/airflow/dags/dag_crime_pipeline.py
[2026-06-11T17:59:47.127+0000] {logging_mixin.py:188} INFO - [2026-06-11T17:59:47.127+0000] {dag.py:3036} INFO - Sync 1 DAGs
[2026-06-11T17:59:47.160+0000] {logging_mixin.py:188} INFO - [2026-06-11T17:59:47.160+0000] {dag.py:3823} INFO - Setting next_dagrun for crime_analytics_pipeline to 2026-06-06 19:00:00+00:00, run_after=2026-06-13 19:00:00+00:00
[2026-06-11T17:59:47.188+0000] {processor.py:183} INFO - Processing /opt/airflow/dags/dag_crime_pipeline.py took 0.160 seconds
[2026-06-11T18:00:17.264+0000] {processor.py:161} INFO - Started process (PID=3318) to work on /opt/airflow/dags/dag_crime_pipeline.py
[2026-06-11T18:00:17.266+0000] {processor.py:830} INFO - Processing file /opt/airflow/dags/dag_crime_pipeline.py for tasks to queue
[2026-06-11T18:00:17.269+0000] {logging_mixin.py:188} INFO - [2026-06-11T18:00:17.268+0000] {dagbag.py:538} INFO - Filling up the DagBag from /opt/airflow/dags/dag_crime_pipeline.py
[2026-06-11T18:00:17.316+0000] {processor.py:840} INFO - DAG(s) 'crime_analytics_pipeline' retrieved from /opt/airflow/dags/dag_crime_pipeline.py
[2026-06-11T18:00:17.362+0000] {logging_mixin.py:188} INFO - [2026-06-11T18:00:17.361+0000] {dag.py:3036} INFO - Sync 1 DAGs
[2026-06-11T18:00:17.396+0000] {logging_mixin.py:188} INFO - [2026-06-11T18:00:17.395+0000] {dag.py:3823} INFO - Setting next_dagrun for crime_analytics_pipeline to 2026-06-06 19:00:00+00:00, run_after=2026-06-13 19:00:00+00:00
[2026-06-11T18:00:17.443+0000] {processor.py:183} INFO - Processing /opt/airflow/dags/dag_crime_pipeline.py took 0.184 seconds
[2026-06-11T18:00:47.526+0000] {processor.py:161} INFO - Started process (PID=3323) to work on /opt/airflow/dags/dag_crime_pipeline.py
[2026-06-11T18:00:47.528+0000] {processor.py:830} INFO - Processing file /opt/airflow/dags/dag_crime_pipeline.py for tasks to queue
[2026-06-11T18:00:47.531+0000] {logging_mixin.py:188} INFO - [2026-06-11T18:00:47.531+0000] {dagbag.py:538} INFO - Filling up the DagBag from /opt/airflow/dags/dag_crime_pipeline.py
[2026-06-11T18:00:47.579+0000] {processor.py:840} INFO - DAG(s) 'crime_analytics_pipeline' retrieved from /opt/airflow/dags/dag_crime_pipeline.py
[2026-06-11T18:00:47.618+0000] {logging_mixin.py:188} INFO - [2026-06-11T18:00:47.618+0000] {dag.py:3036} INFO - Sync 1 DAGs
[2026-06-11T18:00:47.646+0000] {logging_mixin.py:188} INFO - [2026-06-11T18:00:47.645+0000] {dag.py:3823} INFO - Setting next_dagrun for crime_analytics_pipeline to 2026-06-06 19:00:00+00:00, run_after=2026-06-13 19:00:00+00:00
[2026-06-11T18:00:47.699+0000] {processor.py:183} INFO - Processing /opt/airflow/dags/dag_crime_pipeline.py took 0.178 seconds
[2026-06-11T18:01:18.578+0000] {processor.py:161} INFO - Started process (PID=3328) to work on /opt/airflow/dags/dag_crime_pipeline.py
[2026-06-11T18:01:18.579+0000] {processor.py:830} INFO - Processing file /opt/airflow/dags/dag_crime_pipeline.py for tasks to queue
[2026-06-11T18:01:18.583+0000] {logging_mixin.py:188} INFO - [2026-06-11T18:01:18.582+0000] {dagbag.py:538} INFO - Filling up the DagBag from /opt/airflow/dags/dag_crime_pipeline.py
[2026-06-11T18:01:18.632+0000] {processor.py:840} INFO - DAG(s) 'crime_analytics_pipeline' retrieved from /opt/airflow/dags/dag_crime_pipeline.py
[2026-06-11T18:01:18.673+0000] {logging_mixin.py:188} INFO - [2026-06-11T18:01:18.673+0000] {dag.py:3036} INFO - Sync 1 DAGs
[2026-06-11T18:01:18.706+0000] {logging_mixin.py:188} INFO - [2026-06-11T18:01:18.705+0000] {dag.py:3823} INFO - Setting next_dagrun for crime_analytics_pipeline to 2026-06-06 19:00:00+00:00, run_after=2026-06-13 19:00:00+00:00
[2026-06-11T18:01:18.754+0000] {processor.py:183} INFO - Processing /opt/airflow/dags/dag_crime_pipeline.py took 0.182 seconds
[2026-06-11T18:01:48.845+0000] {processor.py:161} INFO - Started process (PID=3333) to work on /opt/airflow/dags/dag_crime_pipeline.py
[2026-06-11T18:01:48.847+0000] {processor.py:830} INFO - Processing file /opt/airflow/dags/dag_crime_pipeline.py for tasks to queue
[2026-06-11T18:01:48.851+0000] {logging_mixin.py:188} INFO - [2026-06-11T18:01:48.851+0000] {dagbag.py:538} INFO - Filling up the DagBag from /opt/airflow/dags/dag_crime_pipeline.py
[2026-06-11T18:01:48.899+0000] {processor.py:840} INFO - DAG(s) 'crime_analytics_pipeline' retrieved from /opt/airflow/dags/dag_crime_pipeline.py
[2026-06-11T18:01:48.938+0000] {logging_mixin.py:188} INFO - [2026-06-11T18:01:48.937+0000] {dag.py:3036} INFO - Sync 1 DAGs
[2026-06-11T18:01:48.969+0000] {logging_mixin.py:188} INFO - [2026-06-11T18:01:48.968+0000] {dag.py:3823} INFO - Setting next_dagrun for crime_analytics_pipeline to 2026-06-06 19:00:00+00:00, run_after=2026-06-13 19:00:00+00:00
[2026-06-11T18:01:48.997+0000] {processor.py:183} INFO - Processing /opt/airflow/dags/dag_crime_pipeline.py took 0.157 seconds
[2026-06-11T18:02:19.941+0000] {processor.py:161} INFO - Started process (PID=3338) to work on /opt/airflow/dags/dag_crime_pipeline.py
[2026-06-11T18:02:19.944+0000] {processor.py:830} INFO - Processing file /opt/airflow/dags/dag_crime_pipeline.py for tasks to queue
[2026-06-11T18:02:19.947+0000] {logging_mixin.py:188} INFO - [2026-06-11T18:02:19.946+0000] {dagbag.py:538} INFO - Filling up the DagBag from /opt/airflow/dags/dag_crime_pipeline.py
[2026-06-11T18:02:20.000+0000] {processor.py:840} INFO - DAG(s) 'crime_analytics_pipeline' retrieved from /opt/airflow/dags/dag_crime_pipeline.py
[2026-06-11T18:02:20.050+0000] {logging_mixin.py:188} INFO - [2026-06-11T18:02:20.049+0000] {dag.py:3036} INFO - Sync 1 DAGs
[2026-06-11T18:02:20.083+0000] {logging_mixin.py:188} INFO - [2026-06-11T18:02:20.082+0000] {dag.py:3823} INFO - Setting next_dagrun for crime_analytics_pipeline to 2026-06-06 19:00:00+00:00, run_after=2026-06-13 19:00:00+00:00
[2026-06-11T18:02:20.112+0000] {processor.py:183} INFO - Processing /opt/airflow/dags/dag_crime_pipeline.py took 0.176 seconds
[2026-06-11T18:02:50.213+0000] {processor.py:161} INFO - Started process (PID=3343) to work on /opt/airflow/dags/dag_crime_pipeline.py
[2026-06-11T18:02:50.215+0000] {processor.py:830} INFO - Processing file /opt/airflow/dags/dag_crime_pipeline.py for tasks to queue
[2026-06-11T18:02:50.218+0000] {logging_mixin.py:188} INFO - [2026-06-11T18:02:50.218+0000] {dagbag.py:538} INFO - Filling up the DagBag from /opt/airflow/dags/dag_crime_pipeline.py
[2026-06-11T18:02:50.269+0000] {processor.py:840} INFO - DAG(s) 'crime_analytics_pipeline' retrieved from /opt/airflow/dags/dag_crime_pipeline.py
[2026-06-11T18:02:50.316+0000] {logging_mixin.py:188} INFO - [2026-06-11T18:02:50.315+0000] {dag.py:3036} INFO - Sync 1 DAGs
[2026-06-11T18:02:50.349+0000] {logging_mixin.py:188} INFO - [2026-06-11T18:02:50.349+0000] {dag.py:3823} INFO - Setting next_dagrun for crime_analytics_pipeline to 2026-06-06 19:00:00+00:00, run_after=2026-06-13 19:00:00+00:00
[2026-06-11T18:02:50.396+0000] {processor.py:183} INFO - Processing /opt/airflow/dags/dag_crime_pipeline.py took 0.187 seconds
[2026-06-11T18:03:21.147+0000] {processor.py:161} INFO - Started process (PID=3348) to work on /opt/airflow/dags/dag_crime_pipeline.py
[2026-06-11T18:03:21.149+0000] {processor.py:830} INFO - Processing file /opt/airflow/dags/dag_crime_pipeline.py for tasks to queue
[2026-06-11T18:03:21.155+0000] {logging_mixin.py:188} INFO - [2026-06-11T18:03:21.154+0000] {dagbag.py:538} INFO - Filling up the DagBag from /opt/airflow/dags/dag_crime_pipeline.py
[2026-06-11T18:03:21.218+0000] {processor.py:840} INFO - DAG(s) 'crime_analytics_pipeline' retrieved from /opt/airflow/dags/dag_crime_pipeline.py
[2026-06-11T18:03:21.270+0000] {logging_mixin.py:188} INFO - [2026-06-11T18:03:21.270+0000] {dag.py:3036} INFO - Sync 1 DAGs
[2026-06-11T18:03:21.304+0000] {logging_mixin.py:188} INFO - [2026-06-11T18:03:21.304+0000] {dag.py:3823} INFO - Setting next_dagrun for crime_analytics_pipeline to 2026-06-06 19:00:00+00:00, run_after=2026-06-13 19:00:00+00:00
[2026-06-11T18:03:21.354+0000] {processor.py:183} INFO - Processing /opt/airflow/dags/dag_crime_pipeline.py took 0.212 seconds
[2026-06-11T18:03:51.510+0000] {processor.py:161} INFO - Started process (PID=3353) to work on /opt/airflow/dags/dag_crime_pipeline.py
[2026-06-11T18:03:51.513+0000] {processor.py:830} INFO - Processing file /opt/airflow/dags/dag_crime_pipeline.py for tasks to queue
[2026-06-11T18:03:51.518+0000] {logging_mixin.py:188} INFO - [2026-06-11T18:03:51.516+0000] {dagbag.py:538} INFO - Filling up the DagBag from /opt/airflow/dags/dag_crime_pipeline.py
[2026-06-11T18:03:51.575+0000] {processor.py:840} INFO - DAG(s) 'crime_analytics_pipeline' retrieved from /opt/airflow/dags/dag_crime_pipeline.py
[2026-06-11T18:03:51.619+0000] {logging_mixin.py:188} INFO - [2026-06-11T18:03:51.619+0000] {dag.py:3036} INFO - Sync 1 DAGs
[2026-06-11T18:03:51.655+0000] {logging_mixin.py:188} INFO - [2026-06-11T18:03:51.655+0000] {dag.py:3823} INFO - Setting next_dagrun for crime_analytics_pipeline to 2026-06-06 19:00:00+00:00, run_after=2026-06-13 19:00:00+00:00
[2026-06-11T18:03:51.689+0000] {processor.py:183} INFO - Processing /opt/airflow/dags/dag_crime_pipeline.py took 0.184 seconds
[2026-06-11T18:04:22.771+0000] {processor.py:161} INFO - Started process (PID=3358) to work on /opt/airflow/dags/dag_crime_pipeline.py
[2026-06-11T18:04:22.773+0000] {processor.py:830} INFO - Processing file /opt/airflow/dags/dag_crime_pipeline.py for tasks to queue
[2026-06-11T18:04:22.777+0000] {logging_mixin.py:188} INFO - [2026-06-11T18:04:22.776+0000] {dagbag.py:538} INFO - Filling up the DagBag from /opt/airflow/dags/dag_crime_pipeline.py
[2026-06-11T18:04:22.831+0000] {processor.py:840} INFO - DAG(s) 'crime_analytics_pipeline' retrieved from /opt/airflow/dags/dag_crime_pipeline.py
[2026-06-11T18:04:22.877+0000] {logging_mixin.py:188} INFO - [2026-06-11T18:04:22.877+0000] {dag.py:3036} INFO - Sync 1 DAGs
[2026-06-11T18:04:22.912+0000] {logging_mixin.py:188} INFO - [2026-06-11T18:04:22.912+0000] {dag.py:3823} INFO - Setting next_dagrun for crime_analytics_pipeline to 2026-06-06 19:00:00+00:00, run_after=2026-06-13 19:00:00+00:00
[2026-06-11T18:04:22.959+0000] {processor.py:183} INFO - Processing /opt/airflow/dags/dag_crime_pipeline.py took 0.194 seconds
[2026-06-11T18:04:53.982+0000] {processor.py:161} INFO - Started process (PID=3363) to work on /opt/airflow/dags/dag_crime_pipeline.py
[2026-06-11T18:04:53.984+0000] {processor.py:830} INFO - Processing file /opt/airflow/dags/dag_crime_pipeline.py for tasks to queue
[2026-06-11T18:04:53.988+0000] {logging_mixin.py:188} INFO - [2026-06-11T18:04:53.987+0000] {dagbag.py:538} INFO - Filling up the DagBag from /opt/airflow/dags/dag_crime_pipeline.py
[2026-06-11T18:04:54.043+0000] {processor.py:840} INFO - DAG(s) 'crime_analytics_pipeline' retrieved from /opt/airflow/dags/dag_crime_pipeline.py
[2026-06-11T18:04:54.089+0000] {logging_mixin.py:188} INFO - [2026-06-11T18:04:54.089+0000] {dag.py:3036} INFO - Sync 1 DAGs
[2026-06-11T18:04:54.122+0000] {logging_mixin.py:188} INFO - [2026-06-11T18:04:54.122+0000] {dag.py:3823} INFO - Setting next_dagrun for crime_analytics_pipeline to 2026-06-06 19:00:00+00:00, run_after=2026-06-13 19:00:00+00:00
[2026-06-11T18:04:54.150+0000] {processor.py:183} INFO - Processing /opt/airflow/dags/dag_crime_pipeline.py took 0.176 seconds
[2026-06-11T18:05:24.249+0000] {processor.py:161} INFO - Started process (PID=3368) to work on /opt/airflow/dags/dag_crime_pipeline.py
[2026-06-11T18:05:24.251+0000] {processor.py:830} INFO - Processing file /opt/airflow/dags/dag_crime_pipeline.py for tasks to queue
[2026-06-11T18:05:24.255+0000] {logging_mixin.py:188} INFO - [2026-06-11T18:05:24.254+0000] {dagbag.py:538} INFO - Filling up the DagBag from /opt/airflow/dags/dag_crime_pipeline.py
[2026-06-11T18:05:24.309+0000] {processor.py:840} INFO - DAG(s) 'crime_analytics_pipeline' retrieved from /opt/airflow/dags/dag_crime_pipeline.py
[2026-06-11T18:05:24.353+0000] {logging_mixin.py:188} INFO - [2026-06-11T18:05:24.352+0000] {dag.py:3036} INFO - Sync 1 DAGs
[2026-06-11T18:05:24.390+0000] {logging_mixin.py:188} INFO - [2026-06-11T18:05:24.389+0000] {dag.py:3823} INFO - Setting next_dagrun for crime_analytics_pipeline to 2026-06-06 19:00:00+00:00, run_after=2026-06-13 19:00:00+00:00
[2026-06-11T18:05:24.443+0000] {processor.py:183} INFO - Processing /opt/airflow/dags/dag_crime_pipeline.py took 0.201 seconds
[2026-06-11T18:05:55.528+0000] {processor.py:161} INFO - Started process (PID=3373) to work on /opt/airflow/dags/dag_crime_pipeline.py
[2026-06-11T18:05:55.530+0000] {processor.py:830} INFO - Processing file /opt/airflow/dags/dag_crime_pipeline.py for tasks to queue
[2026-06-11T18:05:55.534+0000] {logging_mixin.py:188} INFO - [2026-06-11T18:05:55.534+0000] {dagbag.py:538} INFO - Filling up the DagBag from /opt/airflow/dags/dag_crime_pipeline.py
[2026-06-11T18:05:55.592+0000] {processor.py:840} INFO - DAG(s) 'crime_analytics_pipeline' retrieved from /opt/airflow/dags/dag_crime_pipeline.py
[2026-06-11T18:05:55.638+0000] {logging_mixin.py:188} INFO - [2026-06-11T18:05:55.638+0000] {dag.py:3036} INFO - Sync 1 DAGs
[2026-06-11T18:05:55.669+0000] {logging_mixin.py:188} INFO - [2026-06-11T18:05:55.668+0000] {dag.py:3823} INFO - Setting next_dagrun for crime_analytics_pipeline to 2026-06-06 19:00:00+00:00, run_after=2026-06-13 19:00:00+00:00
[2026-06-11T18:05:55.698+0000] {processor.py:183} INFO - Processing /opt/airflow/dags/dag_crime_pipeline.py took 0.175 seconds
[2026-06-11T18:06:26.801+0000] {processor.py:161} INFO - Started process (PID=3378) to work on /opt/airflow/dags/dag_crime_pipeline.py
[2026-06-11T18:06:26.803+0000] {processor.py:830} INFO - Processing file /opt/airflow/dags/dag_crime_pipeline.py for tasks to queue
[2026-06-11T18:06:26.807+0000] {logging_mixin.py:188} INFO - [2026-06-11T18:06:26.807+0000] {dagbag.py:538} INFO - Filling up the DagBag from /opt/airflow/dags/dag_crime_pipeline.py
[2026-06-11T18:06:26.862+0000] {processor.py:840} INFO - DAG(s) 'crime_analytics_pipeline' retrieved from /opt/airflow/dags/dag_crime_pipeline.py
[2026-06-11T18:06:26.905+0000] {logging_mixin.py:188} INFO - [2026-06-11T18:06:26.905+0000] {dag.py:3036} INFO - Sync 1 DAGs
[2026-06-11T18:06:26.940+0000] {logging_mixin.py:188} INFO - [2026-06-11T18:06:26.939+0000] {dag.py:3823} INFO - Setting next_dagrun for crime_analytics_pipeline to 2026-06-06 19:00:00+00:00, run_after=2026-06-13 19:00:00+00:00
[2026-06-11T18:06:26.992+0000] {processor.py:183} INFO - Processing /opt/airflow/dags/dag_crime_pipeline.py took 0.195 seconds
[2026-06-11T18:06:57.925+0000] {processor.py:161} INFO - Started process (PID=3383) to work on /opt/airflow/dags/dag_crime_pipeline.py
[2026-06-11T18:06:57.927+0000] {processor.py:830} INFO - Processing file /opt/airflow/dags/dag_crime_pipeline.py for tasks to queue
[2026-06-11T18:06:57.930+0000] {logging_mixin.py:188} INFO - [2026-06-11T18:06:57.929+0000] {dagbag.py:538} INFO - Filling up the DagBag from /opt/airflow/dags/dag_crime_pipeline.py
[2026-06-11T18:06:57.985+0000] {processor.py:840} INFO - DAG(s) 'crime_analytics_pipeline' retrieved from /opt/airflow/dags/dag_crime_pipeline.py
[2026-06-11T18:06:58.033+0000] {logging_mixin.py:188} INFO - [2026-06-11T18:06:58.032+0000] {dag.py:3036} INFO - Sync 1 DAGs
[2026-06-11T18:06:58.068+0000] {logging_mixin.py:188} INFO - [2026-06-11T18:06:58.067+0000] {dag.py:3823} INFO - Setting next_dagrun for crime_analytics_pipeline to 2026-06-06 19:00:00+00:00, run_after=2026-06-13 19:00:00+00:00
[2026-06-11T18:06:58.117+0000] {processor.py:183} INFO - Processing /opt/airflow/dags/dag_crime_pipeline.py took 0.196 seconds
[2026-06-11T18:07:28.203+0000] {processor.py:161} INFO - Started process (PID=3388) to work on /opt/airflow/dags/dag_crime_pipeline.py
[2026-06-11T18:07:28.205+0000] {processor.py:830} INFO - Processing file /opt/airflow/dags/dag_crime_pipeline.py for tasks to queue
[2026-06-11T18:07:28.210+0000] {logging_mixin.py:188} INFO - [2026-06-11T18:07:28.209+0000] {dagbag.py:538} INFO - Filling up the DagBag from /opt/airflow/dags/dag_crime_pipeline.py
[2026-06-11T18:07:28.264+0000] {processor.py:840} INFO - DAG(s) 'crime_analytics_pipeline' retrieved from /opt/airflow/dags/dag_crime_pipeline.py
[2026-06-11T18:07:28.313+0000] {logging_mixin.py:188} INFO - [2026-06-11T18:07:28.312+0000] {dag.py:3036} INFO - Sync 1 DAGs
[2026-06-11T18:07:28.346+0000] {logging_mixin.py:188} INFO - [2026-06-11T18:07:28.345+0000] {dag.py:3823} INFO - Setting next_dagrun for crime_analytics_pipeline to 2026-06-06 19:00:00+00:00, run_after=2026-06-13 19:00:00+00:00
[2026-06-11T18:07:28.392+0000] {processor.py:183} INFO - Processing /opt/airflow/dags/dag_crime_pipeline.py took 0.194 seconds
[2026-06-11T18:07:59.346+0000] {processor.py:161} INFO - Started process (PID=3393) to work on /opt/airflow/dags/dag_crime_pipeline.py
[2026-06-11T18:07:59.348+0000] {processor.py:830} INFO - Processing file /opt/airflow/dags/dag_crime_pipeline.py for tasks to queue
[2026-06-11T18:07:59.352+0000] {logging_mixin.py:188} INFO - [2026-06-11T18:07:59.352+0000] {dagbag.py:538} INFO - Filling up the DagBag from /opt/airflow/dags/dag_crime_pipeline.py
[2026-06-11T18:07:59.410+0000] {processor.py:840} INFO - DAG(s) 'crime_analytics_pipeline' retrieved from /opt/airflow/dags/dag_crime_pipeline.py
[2026-06-11T18:07:59.455+0000] {logging_mixin.py:188} INFO - [2026-06-11T18:07:59.455+0000] {dag.py:3036} INFO - Sync 1 DAGs
[2026-06-11T18:07:59.487+0000] {logging_mixin.py:188} INFO - [2026-06-11T18:07:59.487+0000] {dag.py:3823} INFO - Setting next_dagrun for crime_analytics_pipeline to 2026-06-06 19:00:00+00:00, run_after=2026-06-13 19:00:00+00:00
[2026-06-11T18:07:59.536+0000] {processor.py:183} INFO - Processing /opt/airflow/dags/dag_crime_pipeline.py took 0.196 seconds
[2026-06-11T18:08:30.584+0000] {processor.py:161} INFO - Started process (PID=3398) to work on /opt/airflow/dags/dag_crime_pipeline.py
[2026-06-11T18:08:30.586+0000] {processor.py:830} INFO - Processing file /opt/airflow/dags/dag_crime_pipeline.py for tasks to queue
[2026-06-11T18:08:30.590+0000] {logging_mixin.py:188} INFO - [2026-06-11T18:08:30.590+0000] {dagbag.py:538} INFO - Filling up the DagBag from /opt/airflow/dags/dag_crime_pipeline.py
[2026-06-11T18:08:30.644+0000] {processor.py:840} INFO - DAG(s) 'crime_analytics_pipeline' retrieved from /opt/airflow/dags/dag_crime_pipeline.py
[2026-06-11T18:08:30.693+0000] {logging_mixin.py:188} INFO - [2026-06-11T18:08:30.691+0000] {dag.py:3036} INFO - Sync 1 DAGs
[2026-06-11T18:08:30.730+0000] {logging_mixin.py:188} INFO - [2026-06-11T18:08:30.730+0000] {dag.py:3823} INFO - Setting next_dagrun for crime_analytics_pipeline to 2026-06-06 19:00:00+00:00, run_after=2026-06-13 19:00:00+00:00
[2026-06-11T18:08:30.783+0000] {processor.py:183} INFO - Processing /opt/airflow/dags/dag_crime_pipeline.py took 0.204 seconds
[2026-06-11T18:09:01.840+0000] {processor.py:161} INFO - Started process (PID=3403) to work on /opt/airflow/dags/dag_crime_pipeline.py
[2026-06-11T18:09:01.842+0000] {processor.py:830} INFO - Processing file /opt/airflow/dags/dag_crime_pipeline.py for tasks to queue
[2026-06-11T18:09:01.846+0000] {logging_mixin.py:188} INFO - [2026-06-11T18:09:01.846+0000] {dagbag.py:538} INFO - Filling up the DagBag from /opt/airflow/dags/dag_crime_pipeline.py
[2026-06-11T18:09:01.899+0000] {processor.py:840} INFO - DAG(s) 'crime_analytics_pipeline' retrieved from /opt/airflow/dags/dag_crime_pipeline.py
[2026-06-11T18:09:01.942+0000] {logging_mixin.py:188} INFO - [2026-06-11T18:09:01.941+0000] {dag.py:3036} INFO - Sync 1 DAGs
[2026-06-11T18:09:01.974+0000] {logging_mixin.py:188} INFO - [2026-06-11T18:09:01.974+0000] {dag.py:3823} INFO - Setting next_dagrun for crime_analytics_pipeline to 2026-06-06 19:00:00+00:00, run_after=2026-06-13 19:00:00+00:00
[2026-06-11T18:09:02.004+0000] {processor.py:183} INFO - Processing /opt/airflow/dags/dag_crime_pipeline.py took 0.170 seconds
[2026-06-11T18:09:32.128+0000] {processor.py:161} INFO - Started process (PID=3408) to work on /opt/airflow/dags/dag_crime_pipeline.py
[2026-06-11T18:09:32.130+0000] {processor.py:830} INFO - Processing file /opt/airflow/dags/dag_crime_pipeline.py for tasks to queue
[2026-06-11T18:09:32.134+0000] {logging_mixin.py:188} INFO - [2026-06-11T18:09:32.133+0000] {dagbag.py:538} INFO - Filling up the DagBag from /opt/airflow/dags/dag_crime_pipeline.py
[2026-06-11T18:09:32.194+0000] {processor.py:840} INFO - DAG(s) 'crime_analytics_pipeline' retrieved from /opt/airflow/dags/dag_crime_pipeline.py
[2026-06-11T18:09:32.246+0000] {logging_mixin.py:188} INFO - [2026-06-11T18:09:32.245+0000] {dag.py:3036} INFO - Sync 1 DAGs
[2026-06-11T18:09:32.276+0000] {logging_mixin.py:188} INFO - [2026-06-11T18:09:32.276+0000] {dag.py:3823} INFO - Setting next_dagrun for crime_analytics_pipeline to 2026-06-06 19:00:00+00:00, run_after=2026-06-13 19:00:00+00:00
[2026-06-11T18:09:32.304+0000] {processor.py:183} INFO - Processing /opt/airflow/dags/dag_crime_pipeline.py took 0.181 seconds
[2026-06-11T18:10:03.387+0000] {processor.py:161} INFO - Started process (PID=3413) to work on /opt/airflow/dags/dag_crime_pipeline.py
[2026-06-11T18:10:03.389+0000] {processor.py:830} INFO - Processing file /opt/airflow/dags/dag_crime_pipeline.py for tasks to queue
[2026-06-11T18:10:03.393+0000] {logging_mixin.py:188} INFO - [2026-06-11T18:10:03.392+0000] {dagbag.py:538} INFO - Filling up the DagBag from /opt/airflow/dags/dag_crime_pipeline.py
[2026-06-11T18:10:03.448+0000] {processor.py:840} INFO - DAG(s) 'crime_analytics_pipeline' retrieved from /opt/airflow/dags/dag_crime_pipeline.py
[2026-06-11T18:10:03.492+0000] {logging_mixin.py:188} INFO - [2026-06-11T18:10:03.491+0000] {dag.py:3036} INFO - Sync 1 DAGs
[2026-06-11T18:10:03.525+0000] {logging_mixin.py:188} INFO - [2026-06-11T18:10:03.524+0000] {dag.py:3823} INFO - Setting next_dagrun for crime_analytics_pipeline to 2026-06-06 19:00:00+00:00, run_after=2026-06-13 19:00:00+00:00
[2026-06-11T18:10:03.551+0000] {processor.py:183} INFO - Processing /opt/airflow/dags/dag_crime_pipeline.py took 0.170 seconds
[2026-06-11T18:10:33.732+0000] {processor.py:161} INFO - Started process (PID=3418) to work on /opt/airflow/dags/dag_crime_pipeline.py
[2026-06-11T18:10:33.733+0000] {processor.py:830} INFO - Processing file /opt/airflow/dags/dag_crime_pipeline.py for tasks to queue
[2026-06-11T18:10:33.738+0000] {logging_mixin.py:188} INFO - [2026-06-11T18:10:33.737+0000] {dagbag.py:538} INFO - Filling up the DagBag from /opt/airflow/dags/dag_crime_pipeline.py
[2026-06-11T18:10:33.795+0000] {processor.py:840} INFO - DAG(s) 'crime_analytics_pipeline' retrieved from /opt/airflow/dags/dag_crime_pipeline.py
[2026-06-11T18:10:33.844+0000] {logging_mixin.py:188} INFO - [2026-06-11T18:10:33.843+0000] {dag.py:3036} INFO - Sync 1 DAGs
[2026-06-11T18:10:33.876+0000] {logging_mixin.py:188} INFO - [2026-06-11T18:10:33.876+0000] {dag.py:3823} INFO - Setting next_dagrun for crime_analytics_pipeline to 2026-06-06 19:00:00+00:00, run_after=2026-06-13 19:00:00+00:00
[2026-06-11T18:10:33.907+0000] {processor.py:183} INFO - Processing /opt/airflow/dags/dag_crime_pipeline.py took 0.181 seconds
[2026-06-11T18:11:04.035+0000] {processor.py:161} INFO - Started process (PID=3423) to work on /opt/airflow/dags/dag_crime_pipeline.py
[2026-06-11T18:11:04.037+0000] {processor.py:830} INFO - Processing file /opt/airflow/dags/dag_crime_pipeline.py for tasks to queue
[2026-06-11T18:11:04.043+0000] {logging_mixin.py:188} INFO - [2026-06-11T18:11:04.040+0000] {dagbag.py:538} INFO - Filling up the DagBag from /opt/airflow/dags/dag_crime_pipeline.py
[2026-06-11T18:11:04.092+0000] {processor.py:840} INFO - DAG(s) 'crime_analytics_pipeline' retrieved from /opt/airflow/dags/dag_crime_pipeline.py
[2026-06-11T18:11:04.134+0000] {logging_mixin.py:188} INFO - [2026-06-11T18:11:04.133+0000] {dag.py:3036} INFO - Sync 1 DAGs
[2026-06-11T18:11:04.165+0000] {logging_mixin.py:188} INFO - [2026-06-11T18:11:04.165+0000] {dag.py:3823} INFO - Setting next_dagrun for crime_analytics_pipeline to 2026-06-06 19:00:00+00:00, run_after=2026-06-13 19:00:00+00:00
[2026-06-11T18:11:04.195+0000] {processor.py:183} INFO - Processing /opt/airflow/dags/dag_crime_pipeline.py took 0.164 seconds
[2026-06-11T18:11:34.295+0000] {processor.py:161} INFO - Started process (PID=3428) to work on /opt/airflow/dags/dag_crime_pipeline.py
[2026-06-11T18:11:34.298+0000] {processor.py:830} INFO - Processing file /opt/airflow/dags/dag_crime_pipeline.py for tasks to queue
[2026-06-11T18:11:34.302+0000] {logging_mixin.py:188} INFO - [2026-06-11T18:11:34.301+0000] {dagbag.py:538} INFO - Filling up the DagBag from /opt/airflow/dags/dag_crime_pipeline.py
[2026-06-11T18:11:34.355+0000] {processor.py:840} INFO - DAG(s) 'crime_analytics_pipeline' retrieved from /opt/airflow/dags/dag_crime_pipeline.py
[2026-06-11T18:11:34.402+0000] {logging_mixin.py:188} INFO - [2026-06-11T18:11:34.402+0000] {dag.py:3036} INFO - Sync 1 DAGs
[2026-06-11T18:11:34.434+0000] {logging_mixin.py:188} INFO - [2026-06-11T18:11:34.434+0000] {dag.py:3823} INFO - Setting next_dagrun for crime_analytics_pipeline to 2026-06-06 19:00:00+00:00, run_after=2026-06-13 19:00:00+00:00
[2026-06-11T18:11:34.463+0000] {processor.py:183} INFO - Processing /opt/airflow/dags/dag_crime_pipeline.py took 0.176 seconds
[2026-06-11T18:12:04.562+0000] {processor.py:161} INFO - Started process (PID=3433) to work on /opt/airflow/dags/dag_crime_pipeline.py
[2026-06-11T18:12:04.564+0000] {processor.py:830} INFO - Processing file /opt/airflow/dags/dag_crime_pipeline.py for tasks to queue
[2026-06-11T18:12:04.566+0000] {logging_mixin.py:188} INFO - [2026-06-11T18:12:04.566+0000] {dagbag.py:538} INFO - Filling up the DagBag from /opt/airflow/dags/dag_crime_pipeline.py
[2026-06-11T18:12:04.615+0000] {processor.py:840} INFO - DAG(s) 'crime_analytics_pipeline' retrieved from /opt/airflow/dags/dag_crime_pipeline.py
[2026-06-11T18:12:04.660+0000] {logging_mixin.py:188} INFO - [2026-06-11T18:12:04.659+0000] {dag.py:3036} INFO - Sync 1 DAGs
[2026-06-11T18:12:04.690+0000] {logging_mixin.py:188} INFO - [2026-06-11T18:12:04.690+0000] {dag.py:3823} INFO - Setting next_dagrun for crime_analytics_pipeline to 2026-06-06 19:00:00+00:00, run_after=2026-06-13 19:00:00+00:00
[2026-06-11T18:12:04.716+0000] {processor.py:183} INFO - Processing /opt/airflow/dags/dag_crime_pipeline.py took 0.158 seconds
[2026-06-11T18:12:34.822+0000] {processor.py:161} INFO - Started process (PID=3438) to work on /opt/airflow/dags/dag_crime_pipeline.py
[2026-06-11T18:12:34.824+0000] {processor.py:830} INFO - Processing file /opt/airflow/dags/dag_crime_pipeline.py for tasks to queue
[2026-06-11T18:12:34.828+0000] {logging_mixin.py:188} INFO - [2026-06-11T18:12:34.827+0000] {dagbag.py:538} INFO - Filling up the DagBag from /opt/airflow/dags/dag_crime_pipeline.py
[2026-06-11T18:12:34.880+0000] {processor.py:840} INFO - DAG(s) 'crime_analytics_pipeline' retrieved from /opt/airflow/dags/dag_crime_pipeline.py
[2026-06-11T18:12:34.928+0000] {logging_mixin.py:188} INFO - [2026-06-11T18:12:34.928+0000] {dag.py:3036} INFO - Sync 1 DAGs
[2026-06-11T18:12:34.961+0000] {logging_mixin.py:188} INFO - [2026-06-11T18:12:34.961+0000] {dag.py:3823} INFO - Setting next_dagrun for crime_analytics_pipeline to 2026-06-06 19:00:00+00:00, run_after=2026-06-13 19:00:00+00:00
[2026-06-11T18:12:35.013+0000] {processor.py:183} INFO - Processing /opt/airflow/dags/dag_crime_pipeline.py took 0.195 seconds
[2026-06-11T18:13:06.058+0000] {processor.py:161} INFO - Started process (PID=3443) to work on /opt/airflow/dags/dag_crime_pipeline.py
[2026-06-11T18:13:06.063+0000] {processor.py:830} INFO - Processing file /opt/airflow/dags/dag_crime_pipeline.py for tasks to queue
[2026-06-11T18:13:06.067+0000] {logging_mixin.py:188} INFO - [2026-06-11T18:13:06.067+0000] {dagbag.py:538} INFO - Filling up the DagBag from /opt/airflow/dags/dag_crime_pipeline.py
[2026-06-11T18:13:06.124+0000] {processor.py:840} INFO - DAG(s) 'crime_analytics_pipeline' retrieved from /opt/airflow/dags/dag_crime_pipeline.py
[2026-06-11T18:13:06.167+0000] {logging_mixin.py:188} INFO - [2026-06-11T18:13:06.167+0000] {dag.py:3036} INFO - Sync 1 DAGs
[2026-06-11T18:13:06.203+0000] {logging_mixin.py:188} INFO - [2026-06-11T18:13:06.203+0000] {dag.py:3823} INFO - Setting next_dagrun for crime_analytics_pipeline to 2026-06-06 19:00:00+00:00, run_after=2026-06-13 19:00:00+00:00
[2026-06-11T18:13:06.250+0000] {processor.py:183} INFO - Processing /opt/airflow/dags/dag_crime_pipeline.py took 0.197 seconds
[2026-06-11T18:13:36.337+0000] {processor.py:161} INFO - Started process (PID=3448) to work on /opt/airflow/dags/dag_crime_pipeline.py
[2026-06-11T18:13:36.339+0000] {processor.py:830} INFO - Processing file /opt/airflow/dags/dag_crime_pipeline.py for tasks to queue
[2026-06-11T18:13:36.343+0000] {logging_mixin.py:188} INFO - [2026-06-11T18:13:36.342+0000] {dagbag.py:538} INFO - Filling up the DagBag from /opt/airflow/dags/dag_crime_pipeline.py
[2026-06-11T18:13:36.396+0000] {processor.py:840} INFO - DAG(s) 'crime_analytics_pipeline' retrieved from /opt/airflow/dags/dag_crime_pipeline.py
[2026-06-11T18:13:36.445+0000] {logging_mixin.py:188} INFO - [2026-06-11T18:13:36.444+0000] {dag.py:3036} INFO - Sync 1 DAGs
[2026-06-11T18:13:36.483+0000] {logging_mixin.py:188} INFO - [2026-06-11T18:13:36.483+0000] {dag.py:3823} INFO - Setting next_dagrun for crime_analytics_pipeline to 2026-06-06 19:00:00+00:00, run_after=2026-06-13 19:00:00+00:00
[2026-06-11T18:13:36.517+0000] {processor.py:183} INFO - Processing /opt/airflow/dags/dag_crime_pipeline.py took 0.185 seconds
[2026-06-11T18:14:06.592+0000] {processor.py:161} INFO - Started process (PID=3453) to work on /opt/airflow/dags/dag_crime_pipeline.py
[2026-06-11T18:14:06.594+0000] {processor.py:830} INFO - Processing file /opt/airflow/dags/dag_crime_pipeline.py for tasks to queue
[2026-06-11T18:14:06.598+0000] {logging_mixin.py:188} INFO - [2026-06-11T18:14:06.597+0000] {dagbag.py:538} INFO - Filling up the DagBag from /opt/airflow/dags/dag_crime_pipeline.py
[2026-06-11T18:14:06.657+0000] {processor.py:840} INFO - DAG(s) 'crime_analytics_pipeline' retrieved from /opt/airflow/dags/dag_crime_pipeline.py
[2026-06-11T18:14:06.700+0000] {logging_mixin.py:188} INFO - [2026-06-11T18:14:06.699+0000] {dag.py:3036} INFO - Sync 1 DAGs
[2026-06-11T18:14:06.732+0000] {logging_mixin.py:188} INFO - [2026-06-11T18:14:06.732+0000] {dag.py:3823} INFO - Setting next_dagrun for crime_analytics_pipeline to 2026-06-06 19:00:00+00:00, run_after=2026-06-13 19:00:00+00:00
[2026-06-11T18:14:06.780+0000] {processor.py:183} INFO - Processing /opt/airflow/dags/dag_crime_pipeline.py took 0.193 seconds
[2026-06-11T18:14:37.809+0000] {processor.py:161} INFO - Started process (PID=3458) to work on /opt/airflow/dags/dag_crime_pipeline.py
[2026-06-11T18:14:37.811+0000] {processor.py:830} INFO - Processing file /opt/airflow/dags/dag_crime_pipeline.py for tasks to queue
[2026-06-11T18:14:37.816+0000] {logging_mixin.py:188} INFO - [2026-06-11T18:14:37.815+0000] {dagbag.py:538} INFO - Filling up the DagBag from /opt/airflow/dags/dag_crime_pipeline.py
[2026-06-11T18:14:37.876+0000] {processor.py:840} INFO - DAG(s) 'crime_analytics_pipeline' retrieved from /opt/airflow/dags/dag_crime_pipeline.py
[2026-06-11T18:14:37.924+0000] {logging_mixin.py:188} INFO - [2026-06-11T18:14:37.924+0000] {dag.py:3036} INFO - Sync 1 DAGs
[2026-06-11T18:14:37.959+0000] {logging_mixin.py:188} INFO - [2026-06-11T18:14:37.959+0000] {dag.py:3823} INFO - Setting next_dagrun for crime_analytics_pipeline to 2026-06-06 19:00:00+00:00, run_after=2026-06-13 19:00:00+00:00
[2026-06-11T18:14:38.008+0000] {processor.py:183} INFO - Processing /opt/airflow/dags/dag_crime_pipeline.py took 0.208 seconds
[2026-06-11T18:15:08.129+0000] {processor.py:161} INFO - Started process (PID=3463) to work on /opt/airflow/dags/dag_crime_pipeline.py
[2026-06-11T18:15:08.131+0000] {processor.py:830} INFO - Processing file /opt/airflow/dags/dag_crime_pipeline.py for tasks to queue
[2026-06-11T18:15:08.134+0000] {logging_mixin.py:188} INFO - [2026-06-11T18:15:08.134+0000] {dagbag.py:538} INFO - Filling up the DagBag from /opt/airflow/dags/dag_crime_pipeline.py
[2026-06-11T18:15:08.195+0000] {processor.py:840} INFO - DAG(s) 'crime_analytics_pipeline' retrieved from /opt/airflow/dags/dag_crime_pipeline.py
[2026-06-11T18:15:08.238+0000] {logging_mixin.py:188} INFO - [2026-06-11T18:15:08.238+0000] {dag.py:3036} INFO - Sync 1 DAGs
[2026-06-11T18:15:09.067+0000] {logging_mixin.py:188} INFO - [2026-06-11T18:15:09.067+0000] {dag.py:3823} INFO - Setting next_dagrun for crime_analytics_pipeline to 2026-06-06 19:00:00+00:00, run_after=2026-06-13 19:00:00+00:00
[2026-06-11T18:15:09.118+0000] {processor.py:183} INFO - Processing /opt/airflow/dags/dag_crime_pipeline.py took 0.995 seconds
[2026-06-11T18:15:39.280+0000] {processor.py:161} INFO - Started process (PID=3468) to work on /opt/airflow/dags/dag_crime_pipeline.py
[2026-06-11T18:15:39.282+0000] {processor.py:830} INFO - Processing file /opt/airflow/dags/dag_crime_pipeline.py for tasks to queue
[2026-06-11T18:15:39.285+0000] {logging_mixin.py:188} INFO - [2026-06-11T18:15:39.285+0000] {dagbag.py:538} INFO - Filling up the DagBag from /opt/airflow/dags/dag_crime_pipeline.py
[2026-06-11T18:15:39.638+0000] {processor.py:840} INFO - DAG(s) 'crime_analytics_pipeline' retrieved from /opt/airflow/dags/dag_crime_pipeline.py
[2026-06-11T18:15:39.679+0000] {logging_mixin.py:188} INFO - [2026-06-11T18:15:39.678+0000] {dag.py:3036} INFO - Sync 1 DAGs
[2026-06-11T18:15:39.706+0000] {logging_mixin.py:188} INFO - [2026-06-11T18:15:39.705+0000] {dag.py:3823} INFO - Setting next_dagrun for crime_analytics_pipeline to 2026-06-06 19:00:00+00:00, run_after=2026-06-13 19:00:00+00:00
[2026-06-11T18:15:39.755+0000] {processor.py:183} INFO - Processing /opt/airflow/dags/dag_crime_pipeline.py took 0.480 seconds
[2026-06-11T18:16:10.160+0000] {processor.py:161} INFO - Started process (PID=3473) to work on /opt/airflow/dags/dag_crime_pipeline.py
[2026-06-11T18:16:10.162+0000] {processor.py:830} INFO - Processing file /opt/airflow/dags/dag_crime_pipeline.py for tasks to queue
[2026-06-11T18:16:10.166+0000] {logging_mixin.py:188} INFO - [2026-06-11T18:16:10.165+0000] {dagbag.py:538} INFO - Filling up the DagBag from /opt/airflow/dags/dag_crime_pipeline.py
[2026-06-11T18:16:10.248+0000] {processor.py:840} INFO - DAG(s) 'crime_analytics_pipeline' retrieved from /opt/airflow/dags/dag_crime_pipeline.py
[2026-06-11T18:16:10.332+0000] {logging_mixin.py:188} INFO - [2026-06-11T18:16:10.329+0000] {dag.py:3036} INFO - Sync 1 DAGs
[2026-06-11T18:16:10.385+0000] {logging_mixin.py:188} INFO - [2026-06-11T18:16:10.384+0000] {dag.py:3823} INFO - Setting next_dagrun for crime_analytics_pipeline to 2026-06-06 19:00:00+00:00, run_after=2026-06-13 19:00:00+00:00
[2026-06-11T18:16:10.431+0000] {processor.py:183} INFO - Processing /opt/airflow/dags/dag_crime_pipeline.py took 0.279 seconds
[2026-06-11T18:16:40.580+0000] {processor.py:161} INFO - Started process (PID=3478) to work on /opt/airflow/dags/dag_crime_pipeline.py
[2026-06-11T18:16:40.582+0000] {processor.py:830} INFO - Processing file /opt/airflow/dags/dag_crime_pipeline.py for tasks to queue
[2026-06-11T18:16:40.587+0000] {logging_mixin.py:188} INFO - [2026-06-11T18:16:40.586+0000] {dagbag.py:538} INFO - Filling up the DagBag from /opt/airflow/dags/dag_crime_pipeline.py
[2026-06-11T18:16:40.646+0000] {processor.py:840} INFO - DAG(s) 'crime_analytics_pipeline' retrieved from /opt/airflow/dags/dag_crime_pipeline.py
[2026-06-11T18:16:40.711+0000] {logging_mixin.py:188} INFO - [2026-06-11T18:16:40.710+0000] {dag.py:3036} INFO - Sync 1 DAGs
[2026-06-11T18:16:40.747+0000] {logging_mixin.py:188} INFO - [2026-06-11T18:16:40.747+0000] {dag.py:3823} INFO - Setting next_dagrun for crime_analytics_pipeline to 2026-06-06 19:00:00+00:00, run_after=2026-06-13 19:00:00+00:00
[2026-06-11T18:16:40.786+0000] {processor.py:183} INFO - Processing /opt/airflow/dags/dag_crime_pipeline.py took 0.211 seconds
[2026-06-11T18:17:10.875+0000] {processor.py:161} INFO - Started process (PID=3483) to work on /opt/airflow/dags/dag_crime_pipeline.py
[2026-06-11T18:17:10.877+0000] {processor.py:830} INFO - Processing file /opt/airflow/dags/dag_crime_pipeline.py for tasks to queue
[2026-06-11T18:17:10.879+0000] {logging_mixin.py:188} INFO - [2026-06-11T18:17:10.879+0000] {dagbag.py:538} INFO - Filling up the DagBag from /opt/airflow/dags/dag_crime_pipeline.py
[2026-06-11T18:17:10.929+0000] {processor.py:840} INFO - DAG(s) 'crime_analytics_pipeline' retrieved from /opt/airflow/dags/dag_crime_pipeline.py
[2026-06-11T18:17:10.968+0000] {logging_mixin.py:188} INFO - [2026-06-11T18:17:10.968+0000] {dag.py:3036} INFO - Sync 1 DAGs
[2026-06-11T18:17:10.999+0000] {logging_mixin.py:188} INFO - [2026-06-11T18:17:10.999+0000] {dag.py:3823} INFO - Setting next_dagrun for crime_analytics_pipeline to 2026-06-06 19:00:00+00:00, run_after=2026-06-13 19:00:00+00:00
[2026-06-11T18:17:11.045+0000] {processor.py:183} INFO - Processing /opt/airflow/dags/dag_crime_pipeline.py took 0.175 seconds
[2026-06-11T18:17:41.255+0000] {processor.py:161} INFO - Started process (PID=3488) to work on /opt/airflow/dags/dag_crime_pipeline.py
[2026-06-11T18:17:41.256+0000] {processor.py:830} INFO - Processing file /opt/airflow/dags/dag_crime_pipeline.py for tasks to queue
[2026-06-11T18:17:41.260+0000] {logging_mixin.py:188} INFO - [2026-06-11T18:17:41.259+0000] {dagbag.py:538} INFO - Filling up the DagBag from /opt/airflow/dags/dag_crime_pipeline.py
[2026-06-11T18:17:41.306+0000] {processor.py:840} INFO - DAG(s) 'crime_analytics_pipeline' retrieved from /opt/airflow/dags/dag_crime_pipeline.py
[2026-06-11T18:17:41.342+0000] {logging_mixin.py:188} INFO - [2026-06-11T18:17:41.340+0000] {dag.py:3036} INFO - Sync 1 DAGs
[2026-06-11T18:17:41.369+0000] {logging_mixin.py:188} INFO - [2026-06-11T18:17:41.369+0000] {dag.py:3823} INFO - Setting next_dagrun for crime_analytics_pipeline to 2026-06-06 19:00:00+00:00, run_after=2026-06-13 19:00:00+00:00
[2026-06-11T18:17:41.412+0000] {processor.py:183} INFO - Processing /opt/airflow/dags/dag_crime_pipeline.py took 0.163 seconds
[2026-06-11T18:18:12.480+0000] {processor.py:161} INFO - Started process (PID=3493) to work on /opt/airflow/dags/dag_crime_pipeline.py
[2026-06-11T18:18:12.481+0000] {processor.py:830} INFO - Processing file /opt/airflow/dags/dag_crime_pipeline.py for tasks to queue
[2026-06-11T18:18:12.485+0000] {logging_mixin.py:188} INFO - [2026-06-11T18:18:12.484+0000] {dagbag.py:538} INFO - Filling up the DagBag from /opt/airflow/dags/dag_crime_pipeline.py
[2026-06-11T18:18:12.537+0000] {processor.py:840} INFO - DAG(s) 'crime_analytics_pipeline' retrieved from /opt/airflow/dags/dag_crime_pipeline.py
[2026-06-11T18:18:12.575+0000] {logging_mixin.py:188} INFO - [2026-06-11T18:18:12.575+0000] {dag.py:3036} INFO - Sync 1 DAGs
[2026-06-11T18:18:12.604+0000] {logging_mixin.py:188} INFO - [2026-06-11T18:18:12.603+0000] {dag.py:3823} INFO - Setting next_dagrun for crime_analytics_pipeline to 2026-06-06 19:00:00+00:00, run_after=2026-06-13 19:00:00+00:00
[2026-06-11T18:18:12.631+0000] {processor.py:183} INFO - Processing /opt/airflow/dags/dag_crime_pipeline.py took 0.155 seconds
[2026-06-11T18:18:42.962+0000] {processor.py:161} INFO - Started process (PID=3498) to work on /opt/airflow/dags/dag_crime_pipeline.py
[2026-06-11T18:18:42.963+0000] {processor.py:830} INFO - Processing file /opt/airflow/dags/dag_crime_pipeline.py for tasks to queue
[2026-06-11T18:18:42.966+0000] {logging_mixin.py:188} INFO - [2026-06-11T18:18:42.965+0000] {dagbag.py:538} INFO - Filling up the DagBag from /opt/airflow/dags/dag_crime_pipeline.py
[2026-06-11T18:18:43.013+0000] {processor.py:840} INFO - DAG(s) 'crime_analytics_pipeline' retrieved from /opt/airflow/dags/dag_crime_pipeline.py
[2026-06-11T18:18:43.057+0000] {logging_mixin.py:188} INFO - [2026-06-11T18:18:43.056+0000] {dag.py:3036} INFO - Sync 1 DAGs
[2026-06-11T18:18:43.083+0000] {logging_mixin.py:188} INFO - [2026-06-11T18:18:43.082+0000] {dag.py:3823} INFO - Setting next_dagrun for crime_analytics_pipeline to 2026-06-06 19:00:00+00:00, run_after=2026-06-13 19:00:00+00:00
[2026-06-11T18:18:43.110+0000] {processor.py:183} INFO - Processing /opt/airflow/dags/dag_crime_pipeline.py took 0.152 seconds
[2026-06-11T18:19:13.367+0000] {processor.py:161} INFO - Started process (PID=3503) to work on /opt/airflow/dags/dag_crime_pipeline.py
[2026-06-11T18:19:13.368+0000] {processor.py:830} INFO - Processing file /opt/airflow/dags/dag_crime_pipeline.py for tasks to queue
[2026-06-11T18:19:13.372+0000] {logging_mixin.py:188} INFO - [2026-06-11T18:19:13.371+0000] {dagbag.py:538} INFO - Filling up the DagBag from /opt/airflow/dags/dag_crime_pipeline.py
[2026-06-11T18:19:13.418+0000] {processor.py:840} INFO - DAG(s) 'crime_analytics_pipeline' retrieved from /opt/airflow/dags/dag_crime_pipeline.py
[2026-06-11T18:19:13.452+0000] {logging_mixin.py:188} INFO - [2026-06-11T18:19:13.452+0000] {dag.py:3036} INFO - Sync 1 DAGs
[2026-06-11T18:19:13.478+0000] {logging_mixin.py:188} INFO - [2026-06-11T18:19:13.478+0000] {dag.py:3823} INFO - Setting next_dagrun for crime_analytics_pipeline to 2026-06-06 19:00:00+00:00, run_after=2026-06-13 19:00:00+00:00
[2026-06-11T18:19:13.504+0000] {processor.py:183} INFO - Processing /opt/airflow/dags/dag_crime_pipeline.py took 0.142 seconds
[2026-06-11T18:19:43.706+0000] {processor.py:161} INFO - Started process (PID=3508) to work on /opt/airflow/dags/dag_crime_pipeline.py
[2026-06-11T18:19:43.708+0000] {processor.py:830} INFO - Processing file /opt/airflow/dags/dag_crime_pipeline.py for tasks to queue
[2026-06-11T18:19:43.711+0000] {logging_mixin.py:188} INFO - [2026-06-11T18:19:43.710+0000] {dagbag.py:538} INFO - Filling up the DagBag from /opt/airflow/dags/dag_crime_pipeline.py
[2026-06-11T18:19:43.755+0000] {processor.py:840} INFO - DAG(s) 'crime_analytics_pipeline' retrieved from /opt/airflow/dags/dag_crime_pipeline.py
[2026-06-11T18:19:43.794+0000] {logging_mixin.py:188} INFO - [2026-06-11T18:19:43.794+0000] {dag.py:3036} INFO - Sync 1 DAGs
[2026-06-11T18:19:43.827+0000] {logging_mixin.py:188} INFO - [2026-06-11T18:19:43.827+0000] {dag.py:3823} INFO - Setting next_dagrun for crime_analytics_pipeline to 2026-06-06 19:00:00+00:00, run_after=2026-06-13 19:00:00+00:00
[2026-06-11T18:19:43.857+0000] {processor.py:183} INFO - Processing /opt/airflow/dags/dag_crime_pipeline.py took 0.154 seconds
[2026-06-11T18:20:14.162+0000] {processor.py:161} INFO - Started process (PID=3513) to work on /opt/airflow/dags/dag_crime_pipeline.py
[2026-06-11T18:20:14.164+0000] {processor.py:830} INFO - Processing file /opt/airflow/dags/dag_crime_pipeline.py for tasks to queue
[2026-06-11T18:20:14.166+0000] {logging_mixin.py:188} INFO - [2026-06-11T18:20:14.166+0000] {dagbag.py:538} INFO - Filling up the DagBag from /opt/airflow/dags/dag_crime_pipeline.py
[2026-06-11T18:20:14.210+0000] {processor.py:840} INFO - DAG(s) 'crime_analytics_pipeline' retrieved from /opt/airflow/dags/dag_crime_pipeline.py
[2026-06-11T18:20:14.245+0000] {logging_mixin.py:188} INFO - [2026-06-11T18:20:14.244+0000] {dag.py:3036} INFO - Sync 1 DAGs
[2026-06-11T18:20:14.276+0000] {logging_mixin.py:188} INFO - [2026-06-11T18:20:14.275+0000] {dag.py:3823} INFO - Setting next_dagrun for crime_analytics_pipeline to 2026-06-06 19:00:00+00:00, run_after=2026-06-13 19:00:00+00:00
[2026-06-11T18:20:14.332+0000] {processor.py:183} INFO - Processing /opt/airflow/dags/dag_crime_pipeline.py took 0.175 seconds
[2026-06-11T18:20:44.796+0000] {processor.py:161} INFO - Started process (PID=3518) to work on /opt/airflow/dags/dag_crime_pipeline.py
[2026-06-11T18:20:44.797+0000] {processor.py:830} INFO - Processing file /opt/airflow/dags/dag_crime_pipeline.py for tasks to queue
[2026-06-11T18:20:44.801+0000] {logging_mixin.py:188} INFO - [2026-06-11T18:20:44.801+0000] {dagbag.py:538} INFO - Filling up the DagBag from /opt/airflow/dags/dag_crime_pipeline.py
[2026-06-11T18:20:44.849+0000] {processor.py:840} INFO - DAG(s) 'crime_analytics_pipeline' retrieved from /opt/airflow/dags/dag_crime_pipeline.py
[2026-06-11T18:20:44.890+0000] {logging_mixin.py:188} INFO - [2026-06-11T18:20:44.889+0000] {dag.py:3036} INFO - Sync 1 DAGs
[2026-06-11T18:20:44.925+0000] {logging_mixin.py:188} INFO - [2026-06-11T18:20:44.925+0000] {dag.py:3823} INFO - Setting next_dagrun for crime_analytics_pipeline to 2026-06-06 19:00:00+00:00, run_after=2026-06-13 19:00:00+00:00
[2026-06-11T18:20:44.956+0000] {processor.py:183} INFO - Processing /opt/airflow/dags/dag_crime_pipeline.py took 0.164 seconds
[2026-06-11T18:21:15.139+0000] {processor.py:161} INFO - Started process (PID=3523) to work on /opt/airflow/dags/dag_crime_pipeline.py
[2026-06-11T18:21:15.144+0000] {processor.py:830} INFO - Processing file /opt/airflow/dags/dag_crime_pipeline.py for tasks to queue
[2026-06-11T18:21:15.148+0000] {logging_mixin.py:188} INFO - [2026-06-11T18:21:15.147+0000] {dagbag.py:538} INFO - Filling up the DagBag from /opt/airflow/dags/dag_crime_pipeline.py
[2026-06-11T18:21:15.196+0000] {processor.py:840} INFO - DAG(s) 'crime_analytics_pipeline' retrieved from /opt/airflow/dags/dag_crime_pipeline.py
[2026-06-11T18:21:15.239+0000] {logging_mixin.py:188} INFO - [2026-06-11T18:21:15.238+0000] {dag.py:3036} INFO - Sync 1 DAGs
[2026-06-11T18:21:15.277+0000] {logging_mixin.py:188} INFO - [2026-06-11T18:21:15.277+0000] {dag.py:3823} INFO - Setting next_dagrun for crime_analytics_pipeline to 2026-06-06 19:00:00+00:00, run_after=2026-06-13 19:00:00+00:00
[2026-06-11T18:21:15.304+0000] {processor.py:183} INFO - Processing /opt/airflow/dags/dag_crime_pipeline.py took 0.169 seconds
[2026-06-11T18:21:45.527+0000] {processor.py:161} INFO - Started process (PID=3528) to work on /opt/airflow/dags/dag_crime_pipeline.py
[2026-06-11T18:21:45.530+0000] {processor.py:830} INFO - Processing file /opt/airflow/dags/dag_crime_pipeline.py for tasks to queue
[2026-06-11T18:21:45.535+0000] {logging_mixin.py:188} INFO - [2026-06-11T18:21:45.533+0000] {dagbag.py:538} INFO - Filling up the DagBag from /opt/airflow/dags/dag_crime_pipeline.py
[2026-06-11T18:21:45.596+0000] {processor.py:840} INFO - DAG(s) 'crime_analytics_pipeline' retrieved from /opt/airflow/dags/dag_crime_pipeline.py
[2026-06-11T18:21:45.651+0000] {logging_mixin.py:188} INFO - [2026-06-11T18:21:45.651+0000] {dag.py:3036} INFO - Sync 1 DAGs
[2026-06-11T18:21:45.693+0000] {logging_mixin.py:188} INFO - [2026-06-11T18:21:45.692+0000] {dag.py:3823} INFO - Setting next_dagrun for crime_analytics_pipeline to 2026-06-06 19:00:00+00:00, run_after=2026-06-13 19:00:00+00:00
[2026-06-11T18:21:45.744+0000] {processor.py:183} INFO - Processing /opt/airflow/dags/dag_crime_pipeline.py took 0.224 seconds
[2026-06-11T18:22:15.949+0000] {processor.py:161} INFO - Started process (PID=3533) to work on /opt/airflow/dags/dag_crime_pipeline.py
[2026-06-11T18:22:15.951+0000] {processor.py:830} INFO - Processing file /opt/airflow/dags/dag_crime_pipeline.py for tasks to queue
[2026-06-11T18:22:15.956+0000] {logging_mixin.py:188} INFO - [2026-06-11T18:22:15.956+0000] {dagbag.py:538} INFO - Filling up the DagBag from /opt/airflow/dags/dag_crime_pipeline.py
[2026-06-11T18:22:16.003+0000] {processor.py:840} INFO - DAG(s) 'crime_analytics_pipeline' retrieved from /opt/airflow/dags/dag_crime_pipeline.py
[2026-06-11T18:22:16.048+0000] {logging_mixin.py:188} INFO - [2026-06-11T18:22:16.048+0000] {dag.py:3036} INFO - Sync 1 DAGs
[2026-06-11T18:22:16.080+0000] {logging_mixin.py:188} INFO - [2026-06-11T18:22:16.079+0000] {dag.py:3823} INFO - Setting next_dagrun for crime_analytics_pipeline to 2026-06-06 19:00:00+00:00, run_after=2026-06-13 19:00:00+00:00
[2026-06-11T18:22:16.128+0000] {processor.py:183} INFO - Processing /opt/airflow/dags/dag_crime_pipeline.py took 0.182 seconds
[2026-06-11T18:22:46.235+0000] {processor.py:161} INFO - Started process (PID=3538) to work on /opt/airflow/dags/dag_crime_pipeline.py
[2026-06-11T18:22:46.237+0000] {processor.py:830} INFO - Processing file /opt/airflow/dags/dag_crime_pipeline.py for tasks to queue
[2026-06-11T18:22:46.240+0000] {logging_mixin.py:188} INFO - [2026-06-11T18:22:46.240+0000] {dagbag.py:538} INFO - Filling up the DagBag from /opt/airflow/dags/dag_crime_pipeline.py
[2026-06-11T18:22:46.294+0000] {processor.py:840} INFO - DAG(s) 'crime_analytics_pipeline' retrieved from /opt/airflow/dags/dag_crime_pipeline.py
[2026-06-11T18:22:46.350+0000] {logging_mixin.py:188} INFO - [2026-06-11T18:22:46.349+0000] {dag.py:3036} INFO - Sync 1 DAGs
[2026-06-11T18:22:46.387+0000] {logging_mixin.py:188} INFO - [2026-06-11T18:22:46.386+0000] {dag.py:3823} INFO - Setting next_dagrun for crime_analytics_pipeline to 2026-06-06 19:00:00+00:00, run_after=2026-06-13 19:00:00+00:00
[2026-06-11T18:22:46.430+0000] {processor.py:183} INFO - Processing /opt/airflow/dags/dag_crime_pipeline.py took 0.200 seconds
[2026-06-11T18:23:16.532+0000] {processor.py:161} INFO - Started process (PID=3543) to work on /opt/airflow/dags/dag_crime_pipeline.py
[2026-06-11T18:23:16.534+0000] {processor.py:830} INFO - Processing file /opt/airflow/dags/dag_crime_pipeline.py for tasks to queue
[2026-06-11T18:23:16.537+0000] {logging_mixin.py:188} INFO - [2026-06-11T18:23:16.537+0000] {dagbag.py:538} INFO - Filling up the DagBag from /opt/airflow/dags/dag_crime_pipeline.py
[2026-06-11T18:23:16.590+0000] {processor.py:840} INFO - DAG(s) 'crime_analytics_pipeline' retrieved from /opt/airflow/dags/dag_crime_pipeline.py
[2026-06-11T18:23:16.636+0000] {logging_mixin.py:188} INFO - [2026-06-11T18:23:16.635+0000] {dag.py:3036} INFO - Sync 1 DAGs
[2026-06-11T18:23:16.669+0000] {logging_mixin.py:188} INFO - [2026-06-11T18:23:16.669+0000] {dag.py:3823} INFO - Setting next_dagrun for crime_analytics_pipeline to 2026-06-06 19:00:00+00:00, run_after=2026-06-13 19:00:00+00:00
[2026-06-11T18:23:16.714+0000] {processor.py:183} INFO - Processing /opt/airflow/dags/dag_crime_pipeline.py took 0.188 seconds
[2026-06-11T18:23:46.829+0000] {processor.py:161} INFO - Started process (PID=3548) to work on /opt/airflow/dags/dag_crime_pipeline.py
[2026-06-11T18:23:46.832+0000] {processor.py:830} INFO - Processing file /opt/airflow/dags/dag_crime_pipeline.py for tasks to queue
[2026-06-11T18:23:46.835+0000] {logging_mixin.py:188} INFO - [2026-06-11T18:23:46.834+0000] {dagbag.py:538} INFO - Filling up the DagBag from /opt/airflow/dags/dag_crime_pipeline.py
[2026-06-11T18:23:46.884+0000] {processor.py:840} INFO - DAG(s) 'crime_analytics_pipeline' retrieved from /opt/airflow/dags/dag_crime_pipeline.py
[2026-06-11T18:23:46.932+0000] {logging_mixin.py:188} INFO - [2026-06-11T18:23:46.931+0000] {dag.py:3036} INFO - Sync 1 DAGs
[2026-06-11T18:23:46.964+0000] {logging_mixin.py:188} INFO - [2026-06-11T18:23:46.963+0000] {dag.py:3823} INFO - Setting next_dagrun for crime_analytics_pipeline to 2026-06-06 19:00:00+00:00, run_after=2026-06-13 19:00:00+00:00
[2026-06-11T18:23:47.013+0000] {processor.py:183} INFO - Processing /opt/airflow/dags/dag_crime_pipeline.py took 0.189 seconds
[2026-06-11T18:24:17.084+0000] {processor.py:161} INFO - Started process (PID=3553) to work on /opt/airflow/dags/dag_crime_pipeline.py
[2026-06-11T18:24:17.088+0000] {processor.py:830} INFO - Processing file /opt/airflow/dags/dag_crime_pipeline.py for tasks to queue
[2026-06-11T18:24:17.093+0000] {logging_mixin.py:188} INFO - [2026-06-11T18:24:17.092+0000] {dagbag.py:538} INFO - Filling up the DagBag from /opt/airflow/dags/dag_crime_pipeline.py
[2026-06-11T18:24:17.142+0000] {processor.py:840} INFO - DAG(s) 'crime_analytics_pipeline' retrieved from /opt/airflow/dags/dag_crime_pipeline.py
[2026-06-11T18:24:17.183+0000] {logging_mixin.py:188} INFO - [2026-06-11T18:24:17.182+0000] {dag.py:3036} INFO - Sync 1 DAGs
[2026-06-11T18:24:17.213+0000] {logging_mixin.py:188} INFO - [2026-06-11T18:24:17.213+0000] {dag.py:3823} INFO - Setting next_dagrun for crime_analytics_pipeline to 2026-06-06 19:00:00+00:00, run_after=2026-06-13 19:00:00+00:00
[2026-06-11T18:24:17.239+0000] {processor.py:183} INFO - Processing /opt/airflow/dags/dag_crime_pipeline.py took 0.161 seconds
[2026-06-11T18:24:47.339+0000] {processor.py:161} INFO - Started process (PID=3558) to work on /opt/airflow/dags/dag_crime_pipeline.py
[2026-06-11T18:24:47.341+0000] {processor.py:830} INFO - Processing file /opt/airflow/dags/dag_crime_pipeline.py for tasks to queue
[2026-06-11T18:24:47.345+0000] {logging_mixin.py:188} INFO - [2026-06-11T18:24:47.344+0000] {dagbag.py:538} INFO - Filling up the DagBag from /opt/airflow/dags/dag_crime_pipeline.py
[2026-06-11T18:24:47.396+0000] {processor.py:840} INFO - DAG(s) 'crime_analytics_pipeline' retrieved from /opt/airflow/dags/dag_crime_pipeline.py
[2026-06-11T18:24:47.440+0000] {logging_mixin.py:188} INFO - [2026-06-11T18:24:47.439+0000] {dag.py:3036} INFO - Sync 1 DAGs
[2026-06-11T18:24:47.475+0000] {logging_mixin.py:188} INFO - [2026-06-11T18:24:47.474+0000] {dag.py:3823} INFO - Setting next_dagrun for crime_analytics_pipeline to 2026-06-06 19:00:00+00:00, run_after=2026-06-13 19:00:00+00:00
[2026-06-11T18:24:47.525+0000] {processor.py:183} INFO - Processing /opt/airflow/dags/dag_crime_pipeline.py took 0.192 seconds
[2026-06-11T18:25:17.620+0000] {processor.py:161} INFO - Started process (PID=3563) to work on /opt/airflow/dags/dag_crime_pipeline.py
[2026-06-11T18:25:17.622+0000] {processor.py:830} INFO - Processing file /opt/airflow/dags/dag_crime_pipeline.py for tasks to queue
[2026-06-11T18:25:17.625+0000] {logging_mixin.py:188} INFO - [2026-06-11T18:25:17.625+0000] {dagbag.py:538} INFO - Filling up the DagBag from /opt/airflow/dags/dag_crime_pipeline.py
[2026-06-11T18:25:17.680+0000] {processor.py:840} INFO - DAG(s) 'crime_analytics_pipeline' retrieved from /opt/airflow/dags/dag_crime_pipeline.py
[2026-06-11T18:25:17.726+0000] {logging_mixin.py:188} INFO - [2026-06-11T18:25:17.726+0000] {dag.py:3036} INFO - Sync 1 DAGs
[2026-06-11T18:25:17.757+0000] {logging_mixin.py:188} INFO - [2026-06-11T18:25:17.757+0000] {dag.py:3823} INFO - Setting next_dagrun for crime_analytics_pipeline to 2026-06-06 19:00:00+00:00, run_after=2026-06-13 19:00:00+00:00
[2026-06-11T18:25:17.807+0000] {processor.py:183} INFO - Processing /opt/airflow/dags/dag_crime_pipeline.py took 0.191 seconds
[2026-06-11T18:25:47.887+0000] {processor.py:161} INFO - Started process (PID=3568) to work on /opt/airflow/dags/dag_crime_pipeline.py
[2026-06-11T18:25:47.889+0000] {processor.py:830} INFO - Processing file /opt/airflow/dags/dag_crime_pipeline.py for tasks to queue
[2026-06-11T18:25:47.892+0000] {logging_mixin.py:188} INFO - [2026-06-11T18:25:47.892+0000] {dagbag.py:538} INFO - Filling up the DagBag from /opt/airflow/dags/dag_crime_pipeline.py
[2026-06-11T18:25:47.943+0000] {processor.py:840} INFO - DAG(s) 'crime_analytics_pipeline' retrieved from /opt/airflow/dags/dag_crime_pipeline.py
[2026-06-11T18:25:47.989+0000] {logging_mixin.py:188} INFO - [2026-06-11T18:25:47.989+0000] {dag.py:3036} INFO - Sync 1 DAGs
[2026-06-11T18:25:48.020+0000] {logging_mixin.py:188} INFO - [2026-06-11T18:25:48.019+0000] {dag.py:3823} INFO - Setting next_dagrun for crime_analytics_pipeline to 2026-06-06 19:00:00+00:00, run_after=2026-06-13 19:00:00+00:00
[2026-06-11T18:25:48.046+0000] {processor.py:183} INFO - Processing /opt/airflow/dags/dag_crime_pipeline.py took 0.165 seconds
[2026-06-11T18:26:18.178+0000] {processor.py:161} INFO - Started process (PID=3573) to work on /opt/airflow/dags/dag_crime_pipeline.py
[2026-06-11T18:26:18.180+0000] {processor.py:830} INFO - Processing file /opt/airflow/dags/dag_crime_pipeline.py for tasks to queue
[2026-06-11T18:26:18.183+0000] {logging_mixin.py:188} INFO - [2026-06-11T18:26:18.182+0000] {dagbag.py:538} INFO - Filling up the DagBag from /opt/airflow/dags/dag_crime_pipeline.py
[2026-06-11T18:26:18.234+0000] {processor.py:840} INFO - DAG(s) 'crime_analytics_pipeline' retrieved from /opt/airflow/dags/dag_crime_pipeline.py
[2026-06-11T18:26:18.281+0000] {logging_mixin.py:188} INFO - [2026-06-11T18:26:18.280+0000] {dag.py:3036} INFO - Sync 1 DAGs
[2026-06-11T18:26:18.315+0000] {logging_mixin.py:188} INFO - [2026-06-11T18:26:18.314+0000] {dag.py:3823} INFO - Setting next_dagrun for crime_analytics_pipeline to 2026-06-06 19:00:00+00:00, run_after=2026-06-13 19:00:00+00:00
[2026-06-11T18:26:18.343+0000] {processor.py:183} INFO - Processing /opt/airflow/dags/dag_crime_pipeline.py took 0.170 seconds
[2026-06-11T18:26:48.480+0000] {processor.py:161} INFO - Started process (PID=3578) to work on /opt/airflow/dags/dag_crime_pipeline.py
[2026-06-11T18:26:48.482+0000] {processor.py:830} INFO - Processing file /opt/airflow/dags/dag_crime_pipeline.py for tasks to queue
[2026-06-11T18:26:48.488+0000] {logging_mixin.py:188} INFO - [2026-06-11T18:26:48.487+0000] {dagbag.py:538} INFO - Filling up the DagBag from /opt/airflow/dags/dag_crime_pipeline.py
[2026-06-11T18:26:48.560+0000] {processor.py:840} INFO - DAG(s) 'crime_analytics_pipeline' retrieved from /opt/airflow/dags/dag_crime_pipeline.py
[2026-06-11T18:26:48.599+0000] {logging_mixin.py:188} INFO - [2026-06-11T18:26:48.598+0000] {dag.py:3036} INFO - Sync 1 DAGs
[2026-06-11T18:26:48.625+0000] {logging_mixin.py:188} INFO - [2026-06-11T18:26:48.625+0000] {dag.py:3823} INFO - Setting next_dagrun for crime_analytics_pipeline to 2026-06-06 19:00:00+00:00, run_after=2026-06-13 19:00:00+00:00
[2026-06-11T18:26:48.652+0000] {processor.py:183} INFO - Processing /opt/airflow/dags/dag_crime_pipeline.py took 0.177 seconds
[2026-06-11T18:27:19.473+0000] {processor.py:161} INFO - Started process (PID=3583) to work on /opt/airflow/dags/dag_crime_pipeline.py
[2026-06-11T18:27:19.475+0000] {processor.py:830} INFO - Processing file /opt/airflow/dags/dag_crime_pipeline.py for tasks to queue
[2026-06-11T18:27:19.479+0000] {logging_mixin.py:188} INFO - [2026-06-11T18:27:19.478+0000] {dagbag.py:538} INFO - Filling up the DagBag from /opt/airflow/dags/dag_crime_pipeline.py
[2026-06-11T18:27:19.530+0000] {processor.py:840} INFO - DAG(s) 'crime_analytics_pipeline' retrieved from /opt/airflow/dags/dag_crime_pipeline.py
[2026-06-11T18:27:19.572+0000] {logging_mixin.py:188} INFO - [2026-06-11T18:27:19.571+0000] {dag.py:3036} INFO - Sync 1 DAGs
[2026-06-11T18:27:19.600+0000] {logging_mixin.py:188} INFO - [2026-06-11T18:27:19.599+0000] {dag.py:3823} INFO - Setting next_dagrun for crime_analytics_pipeline to 2026-06-06 19:00:00+00:00, run_after=2026-06-13 19:00:00+00:00
[2026-06-11T18:27:19.631+0000] {processor.py:183} INFO - Processing /opt/airflow/dags/dag_crime_pipeline.py took 0.164 seconds
[2026-06-11T18:27:49.723+0000] {processor.py:161} INFO - Started process (PID=3588) to work on /opt/airflow/dags/dag_crime_pipeline.py
[2026-06-11T18:27:49.726+0000] {processor.py:830} INFO - Processing file /opt/airflow/dags/dag_crime_pipeline.py for tasks to queue
[2026-06-11T18:27:49.730+0000] {logging_mixin.py:188} INFO - [2026-06-11T18:27:49.729+0000] {dagbag.py:538} INFO - Filling up the DagBag from /opt/airflow/dags/dag_crime_pipeline.py
[2026-06-11T18:27:49.783+0000] {processor.py:840} INFO - DAG(s) 'crime_analytics_pipeline' retrieved from /opt/airflow/dags/dag_crime_pipeline.py
[2026-06-11T18:27:49.830+0000] {logging_mixin.py:188} INFO - [2026-06-11T18:27:49.830+0000] {dag.py:3036} INFO - Sync 1 DAGs
[2026-06-11T18:27:49.867+0000] {logging_mixin.py:188} INFO - [2026-06-11T18:27:49.866+0000] {dag.py:3823} INFO - Setting next_dagrun for crime_analytics_pipeline to 2026-06-06 19:00:00+00:00, run_after=2026-06-13 19:00:00+00:00
[2026-06-11T18:27:49.931+0000] {processor.py:183} INFO - Processing /opt/airflow/dags/dag_crime_pipeline.py took 0.213 seconds
[2026-06-11T18:28:20.103+0000] {processor.py:161} INFO - Started process (PID=3593) to work on /opt/airflow/dags/dag_crime_pipeline.py
[2026-06-11T18:28:20.105+0000] {processor.py:830} INFO - Processing file /opt/airflow/dags/dag_crime_pipeline.py for tasks to queue
[2026-06-11T18:28:20.108+0000] {logging_mixin.py:188} INFO - [2026-06-11T18:28:20.108+0000] {dagbag.py:538} INFO - Filling up the DagBag from /opt/airflow/dags/dag_crime_pipeline.py
[2026-06-11T18:28:20.152+0000] {processor.py:840} INFO - DAG(s) 'crime_analytics_pipeline' retrieved from /opt/airflow/dags/dag_crime_pipeline.py
[2026-06-11T18:28:20.198+0000] {logging_mixin.py:188} INFO - [2026-06-11T18:28:20.197+0000] {dag.py:3036} INFO - Sync 1 DAGs
[2026-06-11T18:28:20.228+0000] {logging_mixin.py:188} INFO - [2026-06-11T18:28:20.228+0000] {dag.py:3823} INFO - Setting next_dagrun for crime_analytics_pipeline to 2026-06-06 19:00:00+00:00, run_after=2026-06-13 19:00:00+00:00
[2026-06-11T18:28:20.261+0000] {processor.py:183} INFO - Processing /opt/airflow/dags/dag_crime_pipeline.py took 0.163 seconds
[2026-06-11T18:28:50.362+0000] {processor.py:161} INFO - Started process (PID=3598) to work on /opt/airflow/dags/dag_crime_pipeline.py
[2026-06-11T18:28:50.369+0000] {processor.py:830} INFO - Processing file /opt/airflow/dags/dag_crime_pipeline.py for tasks to queue
[2026-06-11T18:28:50.376+0000] {logging_mixin.py:188} INFO - [2026-06-11T18:28:50.375+0000] {dagbag.py:538} INFO - Filling up the DagBag from /opt/airflow/dags/dag_crime_pipeline.py
[2026-06-11T18:28:50.427+0000] {processor.py:840} INFO - DAG(s) 'crime_analytics_pipeline' retrieved from /opt/airflow/dags/dag_crime_pipeline.py
[2026-06-11T18:28:50.476+0000] {logging_mixin.py:188} INFO - [2026-06-11T18:28:50.476+0000] {dag.py:3036} INFO - Sync 1 DAGs
[2026-06-11T18:28:50.506+0000] {logging_mixin.py:188} INFO - [2026-06-11T18:28:50.506+0000] {dag.py:3823} INFO - Setting next_dagrun for crime_analytics_pipeline to 2026-06-06 19:00:00+00:00, run_after=2026-06-13 19:00:00+00:00
[2026-06-11T18:28:50.531+0000] {processor.py:183} INFO - Processing /opt/airflow/dags/dag_crime_pipeline.py took 0.174 seconds
[2026-06-11T18:29:20.643+0000] {processor.py:161} INFO - Started process (PID=3603) to work on /opt/airflow/dags/dag_crime_pipeline.py
[2026-06-11T18:29:20.645+0000] {processor.py:830} INFO - Processing file /opt/airflow/dags/dag_crime_pipeline.py for tasks to queue
[2026-06-11T18:29:20.648+0000] {logging_mixin.py:188} INFO - [2026-06-11T18:29:20.647+0000] {dagbag.py:538} INFO - Filling up the DagBag from /opt/airflow/dags/dag_crime_pipeline.py
[2026-06-11T18:29:20.696+0000] {processor.py:840} INFO - DAG(s) 'crime_analytics_pipeline' retrieved from /opt/airflow/dags/dag_crime_pipeline.py
[2026-06-11T18:29:20.737+0000] {logging_mixin.py:188} INFO - [2026-06-11T18:29:20.737+0000] {dag.py:3036} INFO - Sync 1 DAGs
[2026-06-11T18:29:20.766+0000] {logging_mixin.py:188} INFO - [2026-06-11T18:29:20.766+0000] {dag.py:3823} INFO - Setting next_dagrun for crime_analytics_pipeline to 2026-06-06 19:00:00+00:00, run_after=2026-06-13 19:00:00+00:00
[2026-06-11T18:29:20.790+0000] {processor.py:183} INFO - Processing /opt/airflow/dags/dag_crime_pipeline.py took 0.154 seconds
[2026-06-11T18:29:50.960+0000] {processor.py:161} INFO - Started process (PID=3608) to work on /opt/airflow/dags/dag_crime_pipeline.py
[2026-06-11T18:29:50.961+0000] {processor.py:830} INFO - Processing file /opt/airflow/dags/dag_crime_pipeline.py for tasks to queue
[2026-06-11T18:29:50.964+0000] {logging_mixin.py:188} INFO - [2026-06-11T18:29:50.964+0000] {dagbag.py:538} INFO - Filling up the DagBag from /opt/airflow/dags/dag_crime_pipeline.py
[2026-06-11T18:29:51.011+0000] {processor.py:840} INFO - DAG(s) 'crime_analytics_pipeline' retrieved from /opt/airflow/dags/dag_crime_pipeline.py
[2026-06-11T18:29:51.048+0000] {logging_mixin.py:188} INFO - [2026-06-11T18:29:51.048+0000] {dag.py:3036} INFO - Sync 1 DAGs
[2026-06-11T18:29:51.075+0000] {logging_mixin.py:188} INFO - [2026-06-11T18:29:51.075+0000] {dag.py:3823} INFO - Setting next_dagrun for crime_analytics_pipeline to 2026-06-06 19:00:00+00:00, run_after=2026-06-13 19:00:00+00:00
[2026-06-11T18:29:51.120+0000] {processor.py:183} INFO - Processing /opt/airflow/dags/dag_crime_pipeline.py took 0.164 seconds
[2026-06-11T18:30:21.257+0000] {processor.py:161} INFO - Started process (PID=3613) to work on /opt/airflow/dags/dag_crime_pipeline.py
[2026-06-11T18:30:21.258+0000] {processor.py:830} INFO - Processing file /opt/airflow/dags/dag_crime_pipeline.py for tasks to queue
[2026-06-11T18:30:21.261+0000] {logging_mixin.py:188} INFO - [2026-06-11T18:30:21.261+0000] {dagbag.py:538} INFO - Filling up the DagBag from /opt/airflow/dags/dag_crime_pipeline.py
[2026-06-11T18:30:21.324+0000] {processor.py:840} INFO - DAG(s) 'crime_analytics_pipeline' retrieved from /opt/airflow/dags/dag_crime_pipeline.py
[2026-06-11T18:30:21.364+0000] {logging_mixin.py:188} INFO - [2026-06-11T18:30:21.363+0000] {dag.py:3036} INFO - Sync 1 DAGs
[2026-06-11T18:30:21.392+0000] {logging_mixin.py:188} INFO - [2026-06-11T18:30:21.391+0000] {dag.py:3823} INFO - Setting next_dagrun for crime_analytics_pipeline to 2026-06-06 19:00:00+00:00, run_after=2026-06-13 19:00:00+00:00
[2026-06-11T18:30:21.419+0000] {processor.py:183} INFO - Processing /opt/airflow/dags/dag_crime_pipeline.py took 0.167 seconds
[2026-06-11T18:30:51.553+0000] {processor.py:161} INFO - Started process (PID=3618) to work on /opt/airflow/dags/dag_crime_pipeline.py
[2026-06-11T18:30:51.555+0000] {processor.py:830} INFO - Processing file /opt/airflow/dags/dag_crime_pipeline.py for tasks to queue
[2026-06-11T18:30:51.560+0000] {logging_mixin.py:188} INFO - [2026-06-11T18:30:51.559+0000] {dagbag.py:538} INFO - Filling up the DagBag from /opt/airflow/dags/dag_crime_pipeline.py
[2026-06-11T18:30:51.610+0000] {processor.py:840} INFO - DAG(s) 'crime_analytics_pipeline' retrieved from /opt/airflow/dags/dag_crime_pipeline.py
[2026-06-11T18:30:51.652+0000] {logging_mixin.py:188} INFO - [2026-06-11T18:30:51.651+0000] {dag.py:3036} INFO - Sync 1 DAGs
[2026-06-11T18:30:51.686+0000] {logging_mixin.py:188} INFO - [2026-06-11T18:30:51.685+0000] {dag.py:3823} INFO - Setting next_dagrun for crime_analytics_pipeline to 2026-06-06 19:00:00+00:00, run_after=2026-06-13 19:00:00+00:00
[2026-06-11T18:30:51.712+0000] {processor.py:183} INFO - Processing /opt/airflow/dags/dag_crime_pipeline.py took 0.164 seconds
[2026-06-11T18:31:21.825+0000] {processor.py:161} INFO - Started process (PID=3623) to work on /opt/airflow/dags/dag_crime_pipeline.py
[2026-06-11T18:31:21.827+0000] {processor.py:830} INFO - Processing file /opt/airflow/dags/dag_crime_pipeline.py for tasks to queue
[2026-06-11T18:31:21.831+0000] {logging_mixin.py:188} INFO - [2026-06-11T18:31:21.831+0000] {dagbag.py:538} INFO - Filling up the DagBag from /opt/airflow/dags/dag_crime_pipeline.py
[2026-06-11T18:31:21.881+0000] {processor.py:840} INFO - DAG(s) 'crime_analytics_pipeline' retrieved from /opt/airflow/dags/dag_crime_pipeline.py
[2026-06-11T18:31:21.927+0000] {logging_mixin.py:188} INFO - [2026-06-11T18:31:21.927+0000] {dag.py:3036} INFO - Sync 1 DAGs
[2026-06-11T18:31:21.960+0000] {logging_mixin.py:188} INFO - [2026-06-11T18:31:21.959+0000] {dag.py:3823} INFO - Setting next_dagrun for crime_analytics_pipeline to 2026-06-06 19:00:00+00:00, run_after=2026-06-13 19:00:00+00:00
[2026-06-11T18:31:21.987+0000] {processor.py:183} INFO - Processing /opt/airflow/dags/dag_crime_pipeline.py took 0.167 seconds
[2026-06-11T18:31:52.184+0000] {processor.py:161} INFO - Started process (PID=3628) to work on /opt/airflow/dags/dag_crime_pipeline.py
[2026-06-11T18:31:52.187+0000] {processor.py:830} INFO - Processing file /opt/airflow/dags/dag_crime_pipeline.py for tasks to queue
[2026-06-11T18:31:52.191+0000] {logging_mixin.py:188} INFO - [2026-06-11T18:31:52.190+0000] {dagbag.py:538} INFO - Filling up the DagBag from /opt/airflow/dags/dag_crime_pipeline.py
[2026-06-11T18:31:52.242+0000] {processor.py:840} INFO - DAG(s) 'crime_analytics_pipeline' retrieved from /opt/airflow/dags/dag_crime_pipeline.py
[2026-06-11T18:31:52.291+0000] {logging_mixin.py:188} INFO - [2026-06-11T18:31:52.290+0000] {dag.py:3036} INFO - Sync 1 DAGs
[2026-06-11T18:31:52.323+0000] {logging_mixin.py:188} INFO - [2026-06-11T18:31:52.323+0000] {dag.py:3823} INFO - Setting next_dagrun for crime_analytics_pipeline to 2026-06-06 19:00:00+00:00, run_after=2026-06-13 19:00:00+00:00
[2026-06-11T18:31:52.372+0000] {processor.py:183} INFO - Processing /opt/airflow/dags/dag_crime_pipeline.py took 0.193 seconds
[2026-06-11T18:32:22.547+0000] {processor.py:161} INFO - Started process (PID=3633) to work on /opt/airflow/dags/dag_crime_pipeline.py
[2026-06-11T18:32:22.549+0000] {processor.py:830} INFO - Processing file /opt/airflow/dags/dag_crime_pipeline.py for tasks to queue
[2026-06-11T18:32:22.553+0000] {logging_mixin.py:188} INFO - [2026-06-11T18:32:22.552+0000] {dagbag.py:538} INFO - Filling up the DagBag from /opt/airflow/dags/dag_crime_pipeline.py
[2026-06-11T18:32:22.601+0000] {processor.py:840} INFO - DAG(s) 'crime_analytics_pipeline' retrieved from /opt/airflow/dags/dag_crime_pipeline.py
[2026-06-11T18:32:22.652+0000] {logging_mixin.py:188} INFO - [2026-06-11T18:32:22.651+0000] {dag.py:3036} INFO - Sync 1 DAGs
[2026-06-11T18:32:22.687+0000] {logging_mixin.py:188} INFO - [2026-06-11T18:32:22.687+0000] {dag.py:3823} INFO - Setting next_dagrun for crime_analytics_pipeline to 2026-06-06 19:00:00+00:00, run_after=2026-06-13 19:00:00+00:00
[2026-06-11T18:32:22.734+0000] {processor.py:183} INFO - Processing /opt/airflow/dags/dag_crime_pipeline.py took 0.193 seconds
[2026-06-11T18:32:52.875+0000] {processor.py:161} INFO - Started process (PID=3638) to work on /opt/airflow/dags/dag_crime_pipeline.py
[2026-06-11T18:32:52.878+0000] {processor.py:830} INFO - Processing file /opt/airflow/dags/dag_crime_pipeline.py for tasks to queue
[2026-06-11T18:32:52.881+0000] {logging_mixin.py:188} INFO - [2026-06-11T18:32:52.881+0000] {dagbag.py:538} INFO - Filling up the DagBag from /opt/airflow/dags/dag_crime_pipeline.py
[2026-06-11T18:32:52.934+0000] {processor.py:840} INFO - DAG(s) 'crime_analytics_pipeline' retrieved from /opt/airflow/dags/dag_crime_pipeline.py
[2026-06-11T18:32:52.977+0000] {logging_mixin.py:188} INFO - [2026-06-11T18:32:52.976+0000] {dag.py:3036} INFO - Sync 1 DAGs
[2026-06-11T18:32:53.003+0000] {logging_mixin.py:188} INFO - [2026-06-11T18:32:53.003+0000] {dag.py:3823} INFO - Setting next_dagrun for crime_analytics_pipeline to 2026-06-06 19:00:00+00:00, run_after=2026-06-13 19:00:00+00:00
[2026-06-11T18:32:53.034+0000] {processor.py:183} INFO - Processing /opt/airflow/dags/dag_crime_pipeline.py took 0.166 seconds
[2026-06-11T18:33:23.103+0000] {processor.py:161} INFO - Started process (PID=3643) to work on /opt/airflow/dags/dag_crime_pipeline.py
[2026-06-11T18:33:23.109+0000] {processor.py:830} INFO - Processing file /opt/airflow/dags/dag_crime_pipeline.py for tasks to queue
[2026-06-11T18:33:23.112+0000] {logging_mixin.py:188} INFO - [2026-06-11T18:33:23.112+0000] {dagbag.py:538} INFO - Filling up the DagBag from /opt/airflow/dags/dag_crime_pipeline.py
[2026-06-11T18:33:23.168+0000] {processor.py:840} INFO - DAG(s) 'crime_analytics_pipeline' retrieved from /opt/airflow/dags/dag_crime_pipeline.py
[2026-06-11T18:33:23.212+0000] {logging_mixin.py:188} INFO - [2026-06-11T18:33:23.211+0000] {dag.py:3036} INFO - Sync 1 DAGs
[2026-06-11T18:33:23.246+0000] {logging_mixin.py:188} INFO - [2026-06-11T18:33:23.246+0000] {dag.py:3823} INFO - Setting next_dagrun for crime_analytics_pipeline to 2026-06-06 19:00:00+00:00, run_after=2026-06-13 19:00:00+00:00
[2026-06-11T18:33:23.291+0000] {processor.py:183} INFO - Processing /opt/airflow/dags/dag_crime_pipeline.py took 0.195 seconds
[2026-06-11T18:33:53.426+0000] {processor.py:161} INFO - Started process (PID=3648) to work on /opt/airflow/dags/dag_crime_pipeline.py
[2026-06-11T18:33:53.428+0000] {processor.py:830} INFO - Processing file /opt/airflow/dags/dag_crime_pipeline.py for tasks to queue
[2026-06-11T18:33:53.433+0000] {logging_mixin.py:188} INFO - [2026-06-11T18:33:53.432+0000] {dagbag.py:538} INFO - Filling up the DagBag from /opt/airflow/dags/dag_crime_pipeline.py
[2026-06-11T18:33:53.483+0000] {processor.py:840} INFO - DAG(s) 'crime_analytics_pipeline' retrieved from /opt/airflow/dags/dag_crime_pipeline.py
[2026-06-11T18:33:53.527+0000] {logging_mixin.py:188} INFO - [2026-06-11T18:33:53.526+0000] {dag.py:3036} INFO - Sync 1 DAGs
[2026-06-11T18:33:53.557+0000] {logging_mixin.py:188} INFO - [2026-06-11T18:33:53.557+0000] {dag.py:3823} INFO - Setting next_dagrun for crime_analytics_pipeline to 2026-06-06 19:00:00+00:00, run_after=2026-06-13 19:00:00+00:00
[2026-06-11T18:33:53.584+0000] {processor.py:183} INFO - Processing /opt/airflow/dags/dag_crime_pipeline.py took 0.165 seconds
[2026-06-11T18:34:23.699+0000] {processor.py:161} INFO - Started process (PID=3653) to work on /opt/airflow/dags/dag_crime_pipeline.py
[2026-06-11T18:34:23.701+0000] {processor.py:830} INFO - Processing file /opt/airflow/dags/dag_crime_pipeline.py for tasks to queue
[2026-06-11T18:34:23.706+0000] {logging_mixin.py:188} INFO - [2026-06-11T18:34:23.705+0000] {dagbag.py:538} INFO - Filling up the DagBag from /opt/airflow/dags/dag_crime_pipeline.py
[2026-06-11T18:34:23.756+0000] {processor.py:840} INFO - DAG(s) 'crime_analytics_pipeline' retrieved from /opt/airflow/dags/dag_crime_pipeline.py
[2026-06-11T18:34:23.800+0000] {logging_mixin.py:188} INFO - [2026-06-11T18:34:23.800+0000] {dag.py:3036} INFO - Sync 1 DAGs
[2026-06-11T18:34:23.829+0000] {logging_mixin.py:188} INFO - [2026-06-11T18:34:23.829+0000] {dag.py:3823} INFO - Setting next_dagrun for crime_analytics_pipeline to 2026-06-06 19:00:00+00:00, run_after=2026-06-13 19:00:00+00:00
[2026-06-11T18:34:23.854+0000] {processor.py:183} INFO - Processing /opt/airflow/dags/dag_crime_pipeline.py took 0.161 seconds
[2026-06-11T18:34:53.980+0000] {processor.py:161} INFO - Started process (PID=3658) to work on /opt/airflow/dags/dag_crime_pipeline.py
[2026-06-11T18:34:53.982+0000] {processor.py:830} INFO - Processing file /opt/airflow/dags/dag_crime_pipeline.py for tasks to queue
[2026-06-11T18:34:53.986+0000] {logging_mixin.py:188} INFO - [2026-06-11T18:34:53.986+0000] {dagbag.py:538} INFO - Filling up the DagBag from /opt/airflow/dags/dag_crime_pipeline.py
[2026-06-11T18:34:54.039+0000] {processor.py:840} INFO - DAG(s) 'crime_analytics_pipeline' retrieved from /opt/airflow/dags/dag_crime_pipeline.py
[2026-06-11T18:34:54.081+0000] {logging_mixin.py:188} INFO - [2026-06-11T18:34:54.081+0000] {dag.py:3036} INFO - Sync 1 DAGs
[2026-06-11T18:34:54.108+0000] {logging_mixin.py:188} INFO - [2026-06-11T18:34:54.108+0000] {dag.py:3823} INFO - Setting next_dagrun for crime_analytics_pipeline to 2026-06-06 19:00:00+00:00, run_after=2026-06-13 19:00:00+00:00
[2026-06-11T18:34:54.153+0000] {processor.py:183} INFO - Processing /opt/airflow/dags/dag_crime_pipeline.py took 0.179 seconds
[2026-06-11T18:35:24.235+0000] {processor.py:161} INFO - Started process (PID=3663) to work on /opt/airflow/dags/dag_crime_pipeline.py
[2026-06-11T18:35:24.237+0000] {processor.py:830} INFO - Processing file /opt/airflow/dags/dag_crime_pipeline.py for tasks to queue
[2026-06-11T18:35:24.241+0000] {logging_mixin.py:188} INFO - [2026-06-11T18:35:24.240+0000] {dagbag.py:538} INFO - Filling up the DagBag from /opt/airflow/dags/dag_crime_pipeline.py
[2026-06-11T18:35:24.288+0000] {processor.py:840} INFO - DAG(s) 'crime_analytics_pipeline' retrieved from /opt/airflow/dags/dag_crime_pipeline.py
[2026-06-11T18:35:24.325+0000] {logging_mixin.py:188} INFO - [2026-06-11T18:35:24.325+0000] {dag.py:3036} INFO - Sync 1 DAGs
[2026-06-11T18:35:24.351+0000] {logging_mixin.py:188} INFO - [2026-06-11T18:35:24.351+0000] {dag.py:3823} INFO - Setting next_dagrun for crime_analytics_pipeline to 2026-06-06 19:00:00+00:00, run_after=2026-06-13 19:00:00+00:00
[2026-06-11T18:35:24.374+0000] {processor.py:183} INFO - Processing /opt/airflow/dags/dag_crime_pipeline.py took 0.144 seconds
[2026-06-11T18:35:54.601+0000] {processor.py:161} INFO - Started process (PID=3668) to work on /opt/airflow/dags/dag_crime_pipeline.py
[2026-06-11T18:35:54.603+0000] {processor.py:830} INFO - Processing file /opt/airflow/dags/dag_crime_pipeline.py for tasks to queue
[2026-06-11T18:35:54.606+0000] {logging_mixin.py:188} INFO - [2026-06-11T18:35:54.606+0000] {dagbag.py:538} INFO - Filling up the DagBag from /opt/airflow/dags/dag_crime_pipeline.py
[2026-06-11T18:35:54.654+0000] {processor.py:840} INFO - DAG(s) 'crime_analytics_pipeline' retrieved from /opt/airflow/dags/dag_crime_pipeline.py
[2026-06-11T18:35:54.697+0000] {logging_mixin.py:188} INFO - [2026-06-11T18:35:54.696+0000] {dag.py:3036} INFO - Sync 1 DAGs
[2026-06-11T18:35:54.731+0000] {logging_mixin.py:188} INFO - [2026-06-11T18:35:54.731+0000] {dag.py:3823} INFO - Setting next_dagrun for crime_analytics_pipeline to 2026-06-06 19:00:00+00:00, run_after=2026-06-13 19:00:00+00:00
[2026-06-11T18:35:54.779+0000] {processor.py:183} INFO - Processing /opt/airflow/dags/dag_crime_pipeline.py took 0.182 seconds
[2026-06-11T18:36:25.758+0000] {processor.py:161} INFO - Started process (PID=3673) to work on /opt/airflow/dags/dag_crime_pipeline.py
[2026-06-11T18:36:25.759+0000] {processor.py:830} INFO - Processing file /opt/airflow/dags/dag_crime_pipeline.py for tasks to queue
[2026-06-11T18:36:25.763+0000] {logging_mixin.py:188} INFO - [2026-06-11T18:36:25.762+0000] {dagbag.py:538} INFO - Filling up the DagBag from /opt/airflow/dags/dag_crime_pipeline.py
[2026-06-11T18:36:25.816+0000] {processor.py:840} INFO - DAG(s) 'crime_analytics_pipeline' retrieved from /opt/airflow/dags/dag_crime_pipeline.py
[2026-06-11T18:36:25.862+0000] {logging_mixin.py:188} INFO - [2026-06-11T18:36:25.861+0000] {dag.py:3036} INFO - Sync 1 DAGs
[2026-06-11T18:36:25.895+0000] {logging_mixin.py:188} INFO - [2026-06-11T18:36:25.895+0000] {dag.py:3823} INFO - Setting next_dagrun for crime_analytics_pipeline to 2026-06-06 19:00:00+00:00, run_after=2026-06-13 19:00:00+00:00
[2026-06-11T18:36:25.943+0000] {processor.py:183} INFO - Processing /opt/airflow/dags/dag_crime_pipeline.py took 0.190 seconds
[2026-06-11T18:36:56.185+0000] {processor.py:161} INFO - Started process (PID=3678) to work on /opt/airflow/dags/dag_crime_pipeline.py
[2026-06-11T18:36:56.187+0000] {processor.py:830} INFO - Processing file /opt/airflow/dags/dag_crime_pipeline.py for tasks to queue
[2026-06-11T18:36:56.190+0000] {logging_mixin.py:188} INFO - [2026-06-11T18:36:56.190+0000] {dagbag.py:538} INFO - Filling up the DagBag from /opt/airflow/dags/dag_crime_pipeline.py
[2026-06-11T18:36:56.251+0000] {processor.py:840} INFO - DAG(s) 'crime_analytics_pipeline' retrieved from /opt/airflow/dags/dag_crime_pipeline.py
[2026-06-11T18:36:56.294+0000] {logging_mixin.py:188} INFO - [2026-06-11T18:36:56.293+0000] {dag.py:3036} INFO - Sync 1 DAGs
[2026-06-11T18:36:56.323+0000] {logging_mixin.py:188} INFO - [2026-06-11T18:36:56.323+0000] {dag.py:3823} INFO - Setting next_dagrun for crime_analytics_pipeline to 2026-06-06 19:00:00+00:00, run_after=2026-06-13 19:00:00+00:00
[2026-06-11T18:36:56.357+0000] {processor.py:183} INFO - Processing /opt/airflow/dags/dag_crime_pipeline.py took 0.177 seconds
[2026-06-11T18:37:26.466+0000] {processor.py:161} INFO - Started process (PID=3683) to work on /opt/airflow/dags/dag_crime_pipeline.py
[2026-06-11T18:37:26.468+0000] {processor.py:830} INFO - Processing file /opt/airflow/dags/dag_crime_pipeline.py for tasks to queue
[2026-06-11T18:37:26.472+0000] {logging_mixin.py:188} INFO - [2026-06-11T18:37:26.471+0000] {dagbag.py:538} INFO - Filling up the DagBag from /opt/airflow/dags/dag_crime_pipeline.py
[2026-06-11T18:37:26.522+0000] {processor.py:840} INFO - DAG(s) 'crime_analytics_pipeline' retrieved from /opt/airflow/dags/dag_crime_pipeline.py
[2026-06-11T18:37:26.567+0000] {logging_mixin.py:188} INFO - [2026-06-11T18:37:26.566+0000] {dag.py:3036} INFO - Sync 1 DAGs
[2026-06-11T18:37:26.600+0000] {logging_mixin.py:188} INFO - [2026-06-11T18:37:26.600+0000] {dag.py:3823} INFO - Setting next_dagrun for crime_analytics_pipeline to 2026-06-06 19:00:00+00:00, run_after=2026-06-13 19:00:00+00:00
[2026-06-11T18:37:26.650+0000] {processor.py:183} INFO - Processing /opt/airflow/dags/dag_crime_pipeline.py took 0.191 seconds
[2026-06-11T18:37:56.921+0000] {processor.py:161} INFO - Started process (PID=3688) to work on /opt/airflow/dags/dag_crime_pipeline.py
[2026-06-11T18:37:56.923+0000] {processor.py:830} INFO - Processing file /opt/airflow/dags/dag_crime_pipeline.py for tasks to queue
[2026-06-11T18:37:56.927+0000] {logging_mixin.py:188} INFO - [2026-06-11T18:37:56.926+0000] {dagbag.py:538} INFO - Filling up the DagBag from /opt/airflow/dags/dag_crime_pipeline.py
[2026-06-11T18:37:56.977+0000] {processor.py:840} INFO - DAG(s) 'crime_analytics_pipeline' retrieved from /opt/airflow/dags/dag_crime_pipeline.py
[2026-06-11T18:37:57.018+0000] {logging_mixin.py:188} INFO - [2026-06-11T18:37:57.018+0000] {dag.py:3036} INFO - Sync 1 DAGs
[2026-06-11T18:37:57.044+0000] {logging_mixin.py:188} INFO - [2026-06-11T18:37:57.044+0000] {dag.py:3823} INFO - Setting next_dagrun for crime_analytics_pipeline to 2026-06-06 19:00:00+00:00, run_after=2026-06-13 19:00:00+00:00
[2026-06-11T18:37:57.068+0000] {processor.py:183} INFO - Processing /opt/airflow/dags/dag_crime_pipeline.py took 0.152 seconds
[2026-06-11T18:38:27.164+0000] {processor.py:161} INFO - Started process (PID=3693) to work on /opt/airflow/dags/dag_crime_pipeline.py
[2026-06-11T18:38:27.166+0000] {processor.py:830} INFO - Processing file /opt/airflow/dags/dag_crime_pipeline.py for tasks to queue
[2026-06-11T18:38:27.170+0000] {logging_mixin.py:188} INFO - [2026-06-11T18:38:27.170+0000] {dagbag.py:538} INFO - Filling up the DagBag from /opt/airflow/dags/dag_crime_pipeline.py
[2026-06-11T18:38:27.218+0000] {processor.py:840} INFO - DAG(s) 'crime_analytics_pipeline' retrieved from /opt/airflow/dags/dag_crime_pipeline.py
[2026-06-11T18:38:27.256+0000] {logging_mixin.py:188} INFO - [2026-06-11T18:38:27.255+0000] {dag.py:3036} INFO - Sync 1 DAGs
[2026-06-11T18:38:27.284+0000] {logging_mixin.py:188} INFO - [2026-06-11T18:38:27.283+0000] {dag.py:3823} INFO - Setting next_dagrun for crime_analytics_pipeline to 2026-06-06 19:00:00+00:00, run_after=2026-06-13 19:00:00+00:00
[2026-06-11T18:38:27.308+0000] {processor.py:183} INFO - Processing /opt/airflow/dags/dag_crime_pipeline.py took 0.148 seconds
[2026-06-11T18:38:57.484+0000] {processor.py:161} INFO - Started process (PID=3698) to work on /opt/airflow/dags/dag_crime_pipeline.py
[2026-06-11T18:38:57.486+0000] {processor.py:830} INFO - Processing file /opt/airflow/dags/dag_crime_pipeline.py for tasks to queue
[2026-06-11T18:38:57.491+0000] {logging_mixin.py:188} INFO - [2026-06-11T18:38:57.491+0000] {dagbag.py:538} INFO - Filling up the DagBag from /opt/airflow/dags/dag_crime_pipeline.py
[2026-06-11T18:38:57.547+0000] {processor.py:840} INFO - DAG(s) 'crime_analytics_pipeline' retrieved from /opt/airflow/dags/dag_crime_pipeline.py
[2026-06-11T18:38:57.592+0000] {logging_mixin.py:188} INFO - [2026-06-11T18:38:57.591+0000] {dag.py:3036} INFO - Sync 1 DAGs
[2026-06-11T18:38:57.625+0000] {logging_mixin.py:188} INFO - [2026-06-11T18:38:57.625+0000] {dag.py:3823} INFO - Setting next_dagrun for crime_analytics_pipeline to 2026-06-06 19:00:00+00:00, run_after=2026-06-13 19:00:00+00:00
[2026-06-11T18:38:57.684+0000] {processor.py:183} INFO - Processing /opt/airflow/dags/dag_crime_pipeline.py took 0.209 seconds
[2026-06-11T18:39:27.959+0000] {processor.py:161} INFO - Started process (PID=3703) to work on /opt/airflow/dags/dag_crime_pipeline.py
[2026-06-11T18:39:27.961+0000] {processor.py:830} INFO - Processing file /opt/airflow/dags/dag_crime_pipeline.py for tasks to queue
[2026-06-11T18:39:27.964+0000] {logging_mixin.py:188} INFO - [2026-06-11T18:39:27.964+0000] {dagbag.py:538} INFO - Filling up the DagBag from /opt/airflow/dags/dag_crime_pipeline.py
[2026-06-11T18:39:28.014+0000] {processor.py:840} INFO - DAG(s) 'crime_analytics_pipeline' retrieved from /opt/airflow/dags/dag_crime_pipeline.py
[2026-06-11T18:39:28.055+0000] {logging_mixin.py:188} INFO - [2026-06-11T18:39:28.054+0000] {dag.py:3036} INFO - Sync 1 DAGs
[2026-06-11T18:39:28.085+0000] {logging_mixin.py:188} INFO - [2026-06-11T18:39:28.084+0000] {dag.py:3823} INFO - Setting next_dagrun for crime_analytics_pipeline to 2026-06-06 19:00:00+00:00, run_after=2026-06-13 19:00:00+00:00
[2026-06-11T18:39:28.110+0000] {processor.py:183} INFO - Processing /opt/airflow/dags/dag_crime_pipeline.py took 0.155 seconds
[2026-06-11T18:39:58.540+0000] {processor.py:161} INFO - Started process (PID=3708) to work on /opt/airflow/dags/dag_crime_pipeline.py
[2026-06-11T18:39:58.543+0000] {processor.py:830} INFO - Processing file /opt/airflow/dags/dag_crime_pipeline.py for tasks to queue
[2026-06-11T18:39:58.550+0000] {logging_mixin.py:188} INFO - [2026-06-11T18:39:58.548+0000] {dagbag.py:538} INFO - Filling up the DagBag from /opt/airflow/dags/dag_crime_pipeline.py
[2026-06-11T18:39:58.637+0000] {processor.py:840} INFO - DAG(s) 'crime_analytics_pipeline' retrieved from /opt/airflow/dags/dag_crime_pipeline.py
[2026-06-11T18:39:58.700+0000] {logging_mixin.py:188} INFO - [2026-06-11T18:39:58.699+0000] {dag.py:3036} INFO - Sync 1 DAGs
[2026-06-11T18:39:58.734+0000] {logging_mixin.py:188} INFO - [2026-06-11T18:39:58.734+0000] {dag.py:3823} INFO - Setting next_dagrun for crime_analytics_pipeline to 2026-06-06 19:00:00+00:00, run_after=2026-06-13 19:00:00+00:00
[2026-06-11T18:39:58.766+0000] {processor.py:183} INFO - Processing /opt/airflow/dags/dag_crime_pipeline.py took 0.234 seconds
[2026-06-11T18:40:29.079+0000] {processor.py:161} INFO - Started process (PID=3713) to work on /opt/airflow/dags/dag_crime_pipeline.py
[2026-06-11T18:40:29.081+0000] {processor.py:830} INFO - Processing file /opt/airflow/dags/dag_crime_pipeline.py for tasks to queue
[2026-06-11T18:40:29.085+0000] {logging_mixin.py:188} INFO - [2026-06-11T18:40:29.084+0000] {dagbag.py:538} INFO - Filling up the DagBag from /opt/airflow/dags/dag_crime_pipeline.py
[2026-06-11T18:40:29.143+0000] {processor.py:840} INFO - DAG(s) 'crime_analytics_pipeline' retrieved from /opt/airflow/dags/dag_crime_pipeline.py
[2026-06-11T18:40:29.199+0000] {logging_mixin.py:188} INFO - [2026-06-11T18:40:29.198+0000] {dag.py:3036} INFO - Sync 1 DAGs
[2026-06-11T18:40:29.238+0000] {logging_mixin.py:188} INFO - [2026-06-11T18:40:29.238+0000] {dag.py:3823} INFO - Setting next_dagrun for crime_analytics_pipeline to 2026-06-06 19:00:00+00:00, run_after=2026-06-13 19:00:00+00:00
[2026-06-11T18:40:29.293+0000] {processor.py:183} INFO - Processing /opt/airflow/dags/dag_crime_pipeline.py took 0.219 seconds
[2026-06-11T18:40:59.472+0000] {processor.py:161} INFO - Started process (PID=3718) to work on /opt/airflow/dags/dag_crime_pipeline.py
[2026-06-11T18:40:59.477+0000] {processor.py:830} INFO - Processing file /opt/airflow/dags/dag_crime_pipeline.py for tasks to queue
[2026-06-11T18:40:59.498+0000] {logging_mixin.py:188} INFO - [2026-06-11T18:40:59.497+0000] {dagbag.py:538} INFO - Filling up the DagBag from /opt/airflow/dags/dag_crime_pipeline.py
[2026-06-11T18:40:59.547+0000] {processor.py:840} INFO - DAG(s) 'crime_analytics_pipeline' retrieved from /opt/airflow/dags/dag_crime_pipeline.py
[2026-06-11T18:40:59.596+0000] {logging_mixin.py:188} INFO - [2026-06-11T18:40:59.595+0000] {dag.py:3036} INFO - Sync 1 DAGs
[2026-06-11T18:40:59.629+0000] {logging_mixin.py:188} INFO - [2026-06-11T18:40:59.628+0000] {dag.py:3823} INFO - Setting next_dagrun for crime_analytics_pipeline to 2026-06-06 19:00:00+00:00, run_after=2026-06-13 19:00:00+00:00
[2026-06-11T18:40:59.658+0000] {processor.py:183} INFO - Processing /opt/airflow/dags/dag_crime_pipeline.py took 0.193 seconds
[2026-06-11T18:41:29.774+0000] {processor.py:161} INFO - Started process (PID=3723) to work on /opt/airflow/dags/dag_crime_pipeline.py
[2026-06-11T18:41:29.776+0000] {processor.py:830} INFO - Processing file /opt/airflow/dags/dag_crime_pipeline.py for tasks to queue
[2026-06-11T18:41:29.780+0000] {logging_mixin.py:188} INFO - [2026-06-11T18:41:29.779+0000] {dagbag.py:538} INFO - Filling up the DagBag from /opt/airflow/dags/dag_crime_pipeline.py
[2026-06-11T18:41:29.832+0000] {processor.py:840} INFO - DAG(s) 'crime_analytics_pipeline' retrieved from /opt/airflow/dags/dag_crime_pipeline.py
[2026-06-11T18:41:29.876+0000] {logging_mixin.py:188} INFO - [2026-06-11T18:41:29.875+0000] {dag.py:3036} INFO - Sync 1 DAGs
[2026-06-11T18:41:29.902+0000] {logging_mixin.py:188} INFO - [2026-06-11T18:41:29.902+0000] {dag.py:3823} INFO - Setting next_dagrun for crime_analytics_pipeline to 2026-06-06 19:00:00+00:00, run_after=2026-06-13 19:00:00+00:00
[2026-06-11T18:41:29.928+0000] {processor.py:183} INFO - Processing /opt/airflow/dags/dag_crime_pipeline.py took 0.159 seconds
[2026-06-11T18:42:00.102+0000] {processor.py:161} INFO - Started process (PID=3728) to work on /opt/airflow/dags/dag_crime_pipeline.py
[2026-06-11T18:42:00.103+0000] {processor.py:830} INFO - Processing file /opt/airflow/dags/dag_crime_pipeline.py for tasks to queue
[2026-06-11T18:42:00.106+0000] {logging_mixin.py:188} INFO - [2026-06-11T18:42:00.106+0000] {dagbag.py:538} INFO - Filling up the DagBag from /opt/airflow/dags/dag_crime_pipeline.py
[2026-06-11T18:42:00.164+0000] {processor.py:840} INFO - DAG(s) 'crime_analytics_pipeline' retrieved from /opt/airflow/dags/dag_crime_pipeline.py
[2026-06-11T18:42:00.212+0000] {logging_mixin.py:188} INFO - [2026-06-11T18:42:00.211+0000] {dag.py:3036} INFO - Sync 1 DAGs
[2026-06-11T18:42:00.239+0000] {logging_mixin.py:188} INFO - [2026-06-11T18:42:00.239+0000] {dag.py:3823} INFO - Setting next_dagrun for crime_analytics_pipeline to 2026-06-06 19:00:00+00:00, run_after=2026-06-13 19:00:00+00:00
[2026-06-11T18:42:00.265+0000] {processor.py:183} INFO - Processing /opt/airflow/dags/dag_crime_pipeline.py took 0.168 seconds
[2026-06-11T18:42:30.448+0000] {processor.py:161} INFO - Started process (PID=3733) to work on /opt/airflow/dags/dag_crime_pipeline.py
[2026-06-11T18:42:30.450+0000] {processor.py:830} INFO - Processing file /opt/airflow/dags/dag_crime_pipeline.py for tasks to queue
[2026-06-11T18:42:30.454+0000] {logging_mixin.py:188} INFO - [2026-06-11T18:42:30.453+0000] {dagbag.py:538} INFO - Filling up the DagBag from /opt/airflow/dags/dag_crime_pipeline.py
[2026-06-11T18:42:30.507+0000] {processor.py:840} INFO - DAG(s) 'crime_analytics_pipeline' retrieved from /opt/airflow/dags/dag_crime_pipeline.py
[2026-06-11T18:42:30.551+0000] {logging_mixin.py:188} INFO - [2026-06-11T18:42:30.550+0000] {dag.py:3036} INFO - Sync 1 DAGs
[2026-06-11T18:42:30.596+0000] {logging_mixin.py:188} INFO - [2026-06-11T18:42:30.595+0000] {dag.py:3823} INFO - Setting next_dagrun for crime_analytics_pipeline to 2026-06-06 19:00:00+00:00, run_after=2026-06-13 19:00:00+00:00
[2026-06-11T18:42:30.633+0000] {processor.py:183} INFO - Processing /opt/airflow/dags/dag_crime_pipeline.py took 0.191 seconds
[2026-06-11T18:43:00.847+0000] {processor.py:161} INFO - Started process (PID=3738) to work on /opt/airflow/dags/dag_crime_pipeline.py
[2026-06-11T18:43:00.848+0000] {processor.py:830} INFO - Processing file /opt/airflow/dags/dag_crime_pipeline.py for tasks to queue
[2026-06-11T18:43:00.852+0000] {logging_mixin.py:188} INFO - [2026-06-11T18:43:00.851+0000] {dagbag.py:538} INFO - Filling up the DagBag from /opt/airflow/dags/dag_crime_pipeline.py
[2026-06-11T18:43:00.899+0000] {processor.py:840} INFO - DAG(s) 'crime_analytics_pipeline' retrieved from /opt/airflow/dags/dag_crime_pipeline.py
[2026-06-11T18:43:00.937+0000] {logging_mixin.py:188} INFO - [2026-06-11T18:43:00.937+0000] {dag.py:3036} INFO - Sync 1 DAGs
[2026-06-11T18:43:00.965+0000] {logging_mixin.py:188} INFO - [2026-06-11T18:43:00.965+0000] {dag.py:3823} INFO - Setting next_dagrun for crime_analytics_pipeline to 2026-06-06 19:00:00+00:00, run_after=2026-06-13 19:00:00+00:00
[2026-06-11T18:43:00.990+0000] {processor.py:183} INFO - Processing /opt/airflow/dags/dag_crime_pipeline.py took 0.147 seconds
[2026-06-11T18:43:31.169+0000] {processor.py:161} INFO - Started process (PID=3743) to work on /opt/airflow/dags/dag_crime_pipeline.py
[2026-06-11T18:43:31.171+0000] {processor.py:830} INFO - Processing file /opt/airflow/dags/dag_crime_pipeline.py for tasks to queue
[2026-06-11T18:43:31.175+0000] {logging_mixin.py:188} INFO - [2026-06-11T18:43:31.175+0000] {dagbag.py:538} INFO - Filling up the DagBag from /opt/airflow/dags/dag_crime_pipeline.py
[2026-06-11T18:43:31.226+0000] {processor.py:840} INFO - DAG(s) 'crime_analytics_pipeline' retrieved from /opt/airflow/dags/dag_crime_pipeline.py
[2026-06-11T18:43:31.271+0000] {logging_mixin.py:188} INFO - [2026-06-11T18:43:31.270+0000] {dag.py:3036} INFO - Sync 1 DAGs
[2026-06-11T18:43:31.306+0000] {logging_mixin.py:188} INFO - [2026-06-11T18:43:31.306+0000] {dag.py:3823} INFO - Setting next_dagrun for crime_analytics_pipeline to 2026-06-06 19:00:00+00:00, run_after=2026-06-13 19:00:00+00:00
[2026-06-11T18:43:31.359+0000] {processor.py:183} INFO - Processing /opt/airflow/dags/dag_crime_pipeline.py took 0.195 seconds
[2026-06-11T18:44:01.527+0000] {processor.py:161} INFO - Started process (PID=3748) to work on /opt/airflow/dags/dag_crime_pipeline.py
[2026-06-11T18:44:01.530+0000] {processor.py:830} INFO - Processing file /opt/airflow/dags/dag_crime_pipeline.py for tasks to queue
[2026-06-11T18:44:01.535+0000] {logging_mixin.py:188} INFO - [2026-06-11T18:44:01.534+0000] {dagbag.py:538} INFO - Filling up the DagBag from /opt/airflow/dags/dag_crime_pipeline.py
[2026-06-11T18:44:01.591+0000] {processor.py:840} INFO - DAG(s) 'crime_analytics_pipeline' retrieved from /opt/airflow/dags/dag_crime_pipeline.py
[2026-06-11T18:44:01.644+0000] {logging_mixin.py:188} INFO - [2026-06-11T18:44:01.643+0000] {dag.py:3036} INFO - Sync 1 DAGs
[2026-06-11T18:44:01.687+0000] {logging_mixin.py:188} INFO - [2026-06-11T18:44:01.686+0000] {dag.py:3823} INFO - Setting next_dagrun for crime_analytics_pipeline to 2026-06-06 19:00:00+00:00, run_after=2026-06-13 19:00:00+00:00
[2026-06-11T18:44:01.721+0000] {processor.py:183} INFO - Processing /opt/airflow/dags/dag_crime_pipeline.py took 0.199 seconds
[2026-06-11T18:44:31.854+0000] {processor.py:161} INFO - Started process (PID=3753) to work on /opt/airflow/dags/dag_crime_pipeline.py
[2026-06-11T18:44:31.856+0000] {processor.py:830} INFO - Processing file /opt/airflow/dags/dag_crime_pipeline.py for tasks to queue
[2026-06-11T18:44:31.860+0000] {logging_mixin.py:188} INFO - [2026-06-11T18:44:31.859+0000] {dagbag.py:538} INFO - Filling up the DagBag from /opt/airflow/dags/dag_crime_pipeline.py
[2026-06-11T18:44:31.904+0000] {processor.py:840} INFO - DAG(s) 'crime_analytics_pipeline' retrieved from /opt/airflow/dags/dag_crime_pipeline.py
[2026-06-11T18:44:31.946+0000] {logging_mixin.py:188} INFO - [2026-06-11T18:44:31.946+0000] {dag.py:3036} INFO - Sync 1 DAGs
[2026-06-11T18:44:31.974+0000] {logging_mixin.py:188} INFO - [2026-06-11T18:44:31.974+0000] {dag.py:3823} INFO - Setting next_dagrun for crime_analytics_pipeline to 2026-06-06 19:00:00+00:00, run_after=2026-06-13 19:00:00+00:00
[2026-06-11T18:44:32.002+0000] {processor.py:183} INFO - Processing /opt/airflow/dags/dag_crime_pipeline.py took 0.152 seconds
[2026-06-11T18:45:02.072+0000] {processor.py:161} INFO - Started process (PID=3758) to work on /opt/airflow/dags/dag_crime_pipeline.py
[2026-06-11T18:45:02.074+0000] {processor.py:830} INFO - Processing file /opt/airflow/dags/dag_crime_pipeline.py for tasks to queue
[2026-06-11T18:45:02.078+0000] {logging_mixin.py:188} INFO - [2026-06-11T18:45:02.077+0000] {dagbag.py:538} INFO - Filling up the DagBag from /opt/airflow/dags/dag_crime_pipeline.py
[2026-06-11T18:45:02.133+0000] {processor.py:840} INFO - DAG(s) 'crime_analytics_pipeline' retrieved from /opt/airflow/dags/dag_crime_pipeline.py
[2026-06-11T18:45:02.177+0000] {logging_mixin.py:188} INFO - [2026-06-11T18:45:02.177+0000] {dag.py:3036} INFO - Sync 1 DAGs
[2026-06-11T18:45:02.204+0000] {logging_mixin.py:188} INFO - [2026-06-11T18:45:02.203+0000] {dag.py:3823} INFO - Setting next_dagrun for crime_analytics_pipeline to 2026-06-06 19:00:00+00:00, run_after=2026-06-13 19:00:00+00:00
[2026-06-11T18:45:02.227+0000] {processor.py:183} INFO - Processing /opt/airflow/dags/dag_crime_pipeline.py took 0.160 seconds
[2026-06-11T18:45:33.100+0000] {processor.py:161} INFO - Started process (PID=3767) to work on /opt/airflow/dags/dag_crime_pipeline.py
[2026-06-11T18:45:33.102+0000] {processor.py:830} INFO - Processing file /opt/airflow/dags/dag_crime_pipeline.py for tasks to queue
[2026-06-11T18:45:33.105+0000] {logging_mixin.py:188} INFO - [2026-06-11T18:45:33.105+0000] {dagbag.py:538} INFO - Filling up the DagBag from /opt/airflow/dags/dag_crime_pipeline.py
[2026-06-11T18:45:33.151+0000] {processor.py:840} INFO - DAG(s) 'crime_analytics_pipeline' retrieved from /opt/airflow/dags/dag_crime_pipeline.py
[2026-06-11T18:45:33.187+0000] {logging_mixin.py:188} INFO - [2026-06-11T18:45:33.187+0000] {dag.py:3036} INFO - Sync 1 DAGs
[2026-06-11T18:45:33.212+0000] {logging_mixin.py:188} INFO - [2026-06-11T18:45:33.212+0000] {dag.py:3823} INFO - Setting next_dagrun for crime_analytics_pipeline to 2026-06-06 19:00:00+00:00, run_after=2026-06-13 19:00:00+00:00
[2026-06-11T18:45:33.236+0000] {processor.py:183} INFO - Processing /opt/airflow/dags/dag_crime_pipeline.py took 0.141 seconds
[2026-06-11T18:46:03.376+0000] {processor.py:161} INFO - Started process (PID=3772) to work on /opt/airflow/dags/dag_crime_pipeline.py
[2026-06-11T18:46:03.378+0000] {processor.py:830} INFO - Processing file /opt/airflow/dags/dag_crime_pipeline.py for tasks to queue
[2026-06-11T18:46:03.383+0000] {logging_mixin.py:188} INFO - [2026-06-11T18:46:03.382+0000] {dagbag.py:538} INFO - Filling up the DagBag from /opt/airflow/dags/dag_crime_pipeline.py
[2026-06-11T18:46:03.441+0000] {processor.py:840} INFO - DAG(s) 'crime_analytics_pipeline' retrieved from /opt/airflow/dags/dag_crime_pipeline.py
[2026-06-11T18:46:03.493+0000] {logging_mixin.py:188} INFO - [2026-06-11T18:46:03.492+0000] {dag.py:3036} INFO - Sync 1 DAGs
[2026-06-11T18:46:03.529+0000] {logging_mixin.py:188} INFO - [2026-06-11T18:46:03.529+0000] {dag.py:3823} INFO - Setting next_dagrun for crime_analytics_pipeline to 2026-06-06 19:00:00+00:00, run_after=2026-06-13 19:00:00+00:00
[2026-06-11T18:46:03.561+0000] {processor.py:183} INFO - Processing /opt/airflow/dags/dag_crime_pipeline.py took 0.190 seconds
[2026-06-11T18:46:33.718+0000] {processor.py:161} INFO - Started process (PID=3777) to work on /opt/airflow/dags/dag_crime_pipeline.py
[2026-06-11T18:46:33.720+0000] {processor.py:830} INFO - Processing file /opt/airflow/dags/dag_crime_pipeline.py for tasks to queue
[2026-06-11T18:46:33.722+0000] {logging_mixin.py:188} INFO - [2026-06-11T18:46:33.722+0000] {dagbag.py:538} INFO - Filling up the DagBag from /opt/airflow/dags/dag_crime_pipeline.py
[2026-06-11T18:46:33.773+0000] {processor.py:840} INFO - DAG(s) 'crime_analytics_pipeline' retrieved from /opt/airflow/dags/dag_crime_pipeline.py
[2026-06-11T18:46:33.815+0000] {logging_mixin.py:188} INFO - [2026-06-11T18:46:33.815+0000] {dag.py:3036} INFO - Sync 1 DAGs
[2026-06-11T18:46:33.843+0000] {logging_mixin.py:188} INFO - [2026-06-11T18:46:33.843+0000] {dag.py:3823} INFO - Setting next_dagrun for crime_analytics_pipeline to 2026-06-06 19:00:00+00:00, run_after=2026-06-13 19:00:00+00:00
[2026-06-11T18:46:33.888+0000] {processor.py:183} INFO - Processing /opt/airflow/dags/dag_crime_pipeline.py took 0.174 seconds
[2026-06-11T18:47:04.058+0000] {processor.py:161} INFO - Started process (PID=3782) to work on /opt/airflow/dags/dag_crime_pipeline.py
[2026-06-11T18:47:04.060+0000] {processor.py:830} INFO - Processing file /opt/airflow/dags/dag_crime_pipeline.py for tasks to queue
[2026-06-11T18:47:04.063+0000] {logging_mixin.py:188} INFO - [2026-06-11T18:47:04.062+0000] {dagbag.py:538} INFO - Filling up the DagBag from /opt/airflow/dags/dag_crime_pipeline.py
[2026-06-11T18:47:04.108+0000] {processor.py:840} INFO - DAG(s) 'crime_analytics_pipeline' retrieved from /opt/airflow/dags/dag_crime_pipeline.py
[2026-06-11T18:47:04.149+0000] {logging_mixin.py:188} INFO - [2026-06-11T18:47:04.148+0000] {dag.py:3036} INFO - Sync 1 DAGs
[2026-06-11T18:47:04.178+0000] {logging_mixin.py:188} INFO - [2026-06-11T18:47:04.178+0000] {dag.py:3823} INFO - Setting next_dagrun for crime_analytics_pipeline to 2026-06-06 19:00:00+00:00, run_after=2026-06-13 19:00:00+00:00
[2026-06-11T18:47:04.210+0000] {processor.py:183} INFO - Processing /opt/airflow/dags/dag_crime_pipeline.py took 0.157 seconds
[2026-06-11T18:47:34.345+0000] {processor.py:161} INFO - Started process (PID=3787) to work on /opt/airflow/dags/dag_crime_pipeline.py
[2026-06-11T18:47:34.349+0000] {processor.py:830} INFO - Processing file /opt/airflow/dags/dag_crime_pipeline.py for tasks to queue
[2026-06-11T18:47:34.355+0000] {logging_mixin.py:188} INFO - [2026-06-11T18:47:34.354+0000] {dagbag.py:538} INFO - Filling up the DagBag from /opt/airflow/dags/dag_crime_pipeline.py
[2026-06-11T18:47:34.408+0000] {processor.py:840} INFO - DAG(s) 'crime_analytics_pipeline' retrieved from /opt/airflow/dags/dag_crime_pipeline.py
[2026-06-11T18:47:34.461+0000] {logging_mixin.py:188} INFO - [2026-06-11T18:47:34.460+0000] {dag.py:3036} INFO - Sync 1 DAGs
[2026-06-11T18:47:34.493+0000] {logging_mixin.py:188} INFO - [2026-06-11T18:47:34.492+0000] {dag.py:3823} INFO - Setting next_dagrun for crime_analytics_pipeline to 2026-06-06 19:00:00+00:00, run_after=2026-06-13 19:00:00+00:00
[2026-06-11T18:47:34.521+0000] {processor.py:183} INFO - Processing /opt/airflow/dags/dag_crime_pipeline.py took 0.186 seconds
[2026-06-11T18:48:04.698+0000] {processor.py:161} INFO - Started process (PID=3792) to work on /opt/airflow/dags/dag_crime_pipeline.py
[2026-06-11T18:48:04.700+0000] {processor.py:830} INFO - Processing file /opt/airflow/dags/dag_crime_pipeline.py for tasks to queue
[2026-06-11T18:48:04.704+0000] {logging_mixin.py:188} INFO - [2026-06-11T18:48:04.703+0000] {dagbag.py:538} INFO - Filling up the DagBag from /opt/airflow/dags/dag_crime_pipeline.py
[2026-06-11T18:48:04.748+0000] {processor.py:840} INFO - DAG(s) 'crime_analytics_pipeline' retrieved from /opt/airflow/dags/dag_crime_pipeline.py
[2026-06-11T18:48:04.793+0000] {logging_mixin.py:188} INFO - [2026-06-11T18:48:04.793+0000] {dag.py:3036} INFO - Sync 1 DAGs
[2026-06-11T18:48:04.820+0000] {logging_mixin.py:188} INFO - [2026-06-11T18:48:04.820+0000] {dag.py:3823} INFO - Setting next_dagrun for crime_analytics_pipeline to 2026-06-06 19:00:00+00:00, run_after=2026-06-13 19:00:00+00:00
[2026-06-11T18:48:04.845+0000] {processor.py:183} INFO - Processing /opt/airflow/dags/dag_crime_pipeline.py took 0.151 seconds
[2026-06-11T18:48:35.033+0000] {processor.py:161} INFO - Started process (PID=3797) to work on /opt/airflow/dags/dag_crime_pipeline.py
[2026-06-11T18:48:35.034+0000] {processor.py:830} INFO - Processing file /opt/airflow/dags/dag_crime_pipeline.py for tasks to queue
[2026-06-11T18:48:35.038+0000] {logging_mixin.py:188} INFO - [2026-06-11T18:48:35.037+0000] {dagbag.py:538} INFO - Filling up the DagBag from /opt/airflow/dags/dag_crime_pipeline.py
[2026-06-11T18:48:35.078+0000] {processor.py:840} INFO - DAG(s) 'crime_analytics_pipeline' retrieved from /opt/airflow/dags/dag_crime_pipeline.py
[2026-06-11T18:48:35.111+0000] {logging_mixin.py:188} INFO - [2026-06-11T18:48:35.111+0000] {dag.py:3036} INFO - Sync 1 DAGs
[2026-06-11T18:48:35.134+0000] {logging_mixin.py:188} INFO - [2026-06-11T18:48:35.134+0000] {dag.py:3823} INFO - Setting next_dagrun for crime_analytics_pipeline to 2026-06-06 19:00:00+00:00, run_after=2026-06-13 19:00:00+00:00
[2026-06-11T18:48:35.155+0000] {processor.py:183} INFO - Processing /opt/airflow/dags/dag_crime_pipeline.py took 0.128 seconds
[2026-06-11T18:49:05.277+0000] {processor.py:161} INFO - Started process (PID=3802) to work on /opt/airflow/dags/dag_crime_pipeline.py
[2026-06-11T18:49:05.279+0000] {processor.py:830} INFO - Processing file /opt/airflow/dags/dag_crime_pipeline.py for tasks to queue
[2026-06-11T18:49:05.281+0000] {logging_mixin.py:188} INFO - [2026-06-11T18:49:05.281+0000] {dagbag.py:538} INFO - Filling up the DagBag from /opt/airflow/dags/dag_crime_pipeline.py
[2026-06-11T18:49:05.328+0000] {processor.py:840} INFO - DAG(s) 'crime_analytics_pipeline' retrieved from /opt/airflow/dags/dag_crime_pipeline.py
[2026-06-11T18:49:05.372+0000] {logging_mixin.py:188} INFO - [2026-06-11T18:49:05.372+0000] {dag.py:3036} INFO - Sync 1 DAGs
[2026-06-11T18:49:05.403+0000] {logging_mixin.py:188} INFO - [2026-06-11T18:49:05.402+0000] {dag.py:3823} INFO - Setting next_dagrun for crime_analytics_pipeline to 2026-06-06 19:00:00+00:00, run_after=2026-06-13 19:00:00+00:00
[2026-06-11T18:49:05.431+0000] {processor.py:183} INFO - Processing /opt/airflow/dags/dag_crime_pipeline.py took 0.159 seconds
[2026-06-11T18:49:35.676+0000] {processor.py:161} INFO - Started process (PID=3807) to work on /opt/airflow/dags/dag_crime_pipeline.py
[2026-06-11T18:49:35.678+0000] {processor.py:830} INFO - Processing file /opt/airflow/dags/dag_crime_pipeline.py for tasks to queue
[2026-06-11T18:49:35.681+0000] {logging_mixin.py:188} INFO - [2026-06-11T18:49:35.681+0000] {dagbag.py:538} INFO - Filling up the DagBag from /opt/airflow/dags/dag_crime_pipeline.py
[2026-06-11T18:49:35.725+0000] {processor.py:840} INFO - DAG(s) 'crime_analytics_pipeline' retrieved from /opt/airflow/dags/dag_crime_pipeline.py
[2026-06-11T18:49:35.765+0000] {logging_mixin.py:188} INFO - [2026-06-11T18:49:35.764+0000] {dag.py:3036} INFO - Sync 1 DAGs
[2026-06-11T18:49:35.793+0000] {logging_mixin.py:188} INFO - [2026-06-11T18:49:35.793+0000] {dag.py:3823} INFO - Setting next_dagrun for crime_analytics_pipeline to 2026-06-06 19:00:00+00:00, run_after=2026-06-13 19:00:00+00:00
[2026-06-11T18:49:35.816+0000] {processor.py:183} INFO - Processing /opt/airflow/dags/dag_crime_pipeline.py took 0.145 seconds
[2026-06-11T18:50:06.006+0000] {processor.py:161} INFO - Started process (PID=3812) to work on /opt/airflow/dags/dag_crime_pipeline.py
[2026-06-11T18:50:06.008+0000] {processor.py:830} INFO - Processing file /opt/airflow/dags/dag_crime_pipeline.py for tasks to queue
[2026-06-11T18:50:06.011+0000] {logging_mixin.py:188} INFO - [2026-06-11T18:50:06.010+0000] {dagbag.py:538} INFO - Filling up the DagBag from /opt/airflow/dags/dag_crime_pipeline.py
[2026-06-11T18:50:06.055+0000] {processor.py:840} INFO - DAG(s) 'crime_analytics_pipeline' retrieved from /opt/airflow/dags/dag_crime_pipeline.py
[2026-06-11T18:50:06.096+0000] {logging_mixin.py:188} INFO - [2026-06-11T18:50:06.096+0000] {dag.py:3036} INFO - Sync 1 DAGs
[2026-06-11T18:50:06.123+0000] {logging_mixin.py:188} INFO - [2026-06-11T18:50:06.123+0000] {dag.py:3823} INFO - Setting next_dagrun for crime_analytics_pipeline to 2026-06-06 19:00:00+00:00, run_after=2026-06-13 19:00:00+00:00
[2026-06-11T18:50:06.149+0000] {processor.py:183} INFO - Processing /opt/airflow/dags/dag_crime_pipeline.py took 0.147 seconds
[2026-06-11T18:50:36.299+0000] {processor.py:161} INFO - Started process (PID=3817) to work on /opt/airflow/dags/dag_crime_pipeline.py
[2026-06-11T18:50:36.301+0000] {processor.py:830} INFO - Processing file /opt/airflow/dags/dag_crime_pipeline.py for tasks to queue
[2026-06-11T18:50:36.304+0000] {logging_mixin.py:188} INFO - [2026-06-11T18:50:36.303+0000] {dagbag.py:538} INFO - Filling up the DagBag from /opt/airflow/dags/dag_crime_pipeline.py
[2026-06-11T18:50:36.350+0000] {processor.py:840} INFO - DAG(s) 'crime_analytics_pipeline' retrieved from /opt/airflow/dags/dag_crime_pipeline.py
[2026-06-11T18:50:36.388+0000] {logging_mixin.py:188} INFO - [2026-06-11T18:50:36.387+0000] {dag.py:3036} INFO - Sync 1 DAGs
[2026-06-11T18:50:36.413+0000] {logging_mixin.py:188} INFO - [2026-06-11T18:50:36.413+0000] {dag.py:3823} INFO - Setting next_dagrun for crime_analytics_pipeline to 2026-06-06 19:00:00+00:00, run_after=2026-06-13 19:00:00+00:00
[2026-06-11T18:50:36.462+0000] {processor.py:183} INFO - Processing /opt/airflow/dags/dag_crime_pipeline.py took 0.169 seconds
[2026-06-11T18:51:06.648+0000] {processor.py:161} INFO - Started process (PID=3822) to work on /opt/airflow/dags/dag_crime_pipeline.py
[2026-06-11T18:51:06.650+0000] {processor.py:830} INFO - Processing file /opt/airflow/dags/dag_crime_pipeline.py for tasks to queue
[2026-06-11T18:51:06.653+0000] {logging_mixin.py:188} INFO - [2026-06-11T18:51:06.653+0000] {dagbag.py:538} INFO - Filling up the DagBag from /opt/airflow/dags/dag_crime_pipeline.py
[2026-06-11T18:51:06.701+0000] {processor.py:840} INFO - DAG(s) 'crime_analytics_pipeline' retrieved from /opt/airflow/dags/dag_crime_pipeline.py
[2026-06-11T18:51:06.741+0000] {logging_mixin.py:188} INFO - [2026-06-11T18:51:06.741+0000] {dag.py:3036} INFO - Sync 1 DAGs
[2026-06-11T18:51:06.771+0000] {logging_mixin.py:188} INFO - [2026-06-11T18:51:06.771+0000] {dag.py:3823} INFO - Setting next_dagrun for crime_analytics_pipeline to 2026-06-06 19:00:00+00:00, run_after=2026-06-13 19:00:00+00:00
[2026-06-11T18:51:06.816+0000] {processor.py:183} INFO - Processing /opt/airflow/dags/dag_crime_pipeline.py took 0.173 seconds
[2026-06-11T18:51:37.087+0000] {processor.py:161} INFO - Started process (PID=3827) to work on /opt/airflow/dags/dag_crime_pipeline.py
[2026-06-11T18:51:37.088+0000] {processor.py:830} INFO - Processing file /opt/airflow/dags/dag_crime_pipeline.py for tasks to queue
[2026-06-11T18:51:37.092+0000] {logging_mixin.py:188} INFO - [2026-06-11T18:51:37.091+0000] {dagbag.py:538} INFO - Filling up the DagBag from /opt/airflow/dags/dag_crime_pipeline.py
[2026-06-11T18:51:37.135+0000] {processor.py:840} INFO - DAG(s) 'crime_analytics_pipeline' retrieved from /opt/airflow/dags/dag_crime_pipeline.py
[2026-06-11T18:51:37.174+0000] {logging_mixin.py:188} INFO - [2026-06-11T18:51:37.173+0000] {dag.py:3036} INFO - Sync 1 DAGs
[2026-06-11T18:51:37.211+0000] {logging_mixin.py:188} INFO - [2026-06-11T18:51:37.211+0000] {dag.py:3823} INFO - Setting next_dagrun for crime_analytics_pipeline to 2026-06-06 19:00:00+00:00, run_after=2026-06-13 19:00:00+00:00
[2026-06-11T18:51:37.262+0000] {processor.py:183} INFO - Processing /opt/airflow/dags/dag_crime_pipeline.py took 0.180 seconds
[2026-06-11T18:52:07.364+0000] {processor.py:161} INFO - Started process (PID=3832) to work on /opt/airflow/dags/dag_crime_pipeline.py
[2026-06-11T18:52:07.366+0000] {processor.py:830} INFO - Processing file /opt/airflow/dags/dag_crime_pipeline.py for tasks to queue
[2026-06-11T18:52:07.368+0000] {logging_mixin.py:188} INFO - [2026-06-11T18:52:07.368+0000] {dagbag.py:538} INFO - Filling up the DagBag from /opt/airflow/dags/dag_crime_pipeline.py
[2026-06-11T18:52:07.422+0000] {processor.py:840} INFO - DAG(s) 'crime_analytics_pipeline' retrieved from /opt/airflow/dags/dag_crime_pipeline.py
[2026-06-11T18:52:07.462+0000] {logging_mixin.py:188} INFO - [2026-06-11T18:52:07.462+0000] {dag.py:3036} INFO - Sync 1 DAGs
[2026-06-11T18:52:07.484+0000] {logging_mixin.py:188} INFO - [2026-06-11T18:52:07.484+0000] {dag.py:3823} INFO - Setting next_dagrun for crime_analytics_pipeline to 2026-06-06 19:00:00+00:00, run_after=2026-06-13 19:00:00+00:00
[2026-06-11T18:52:07.509+0000] {processor.py:183} INFO - Processing /opt/airflow/dags/dag_crime_pipeline.py took 0.151 seconds
[2026-06-11T18:52:37.692+0000] {processor.py:161} INFO - Started process (PID=3837) to work on /opt/airflow/dags/dag_crime_pipeline.py
[2026-06-11T18:52:37.694+0000] {processor.py:830} INFO - Processing file /opt/airflow/dags/dag_crime_pipeline.py for tasks to queue
[2026-06-11T18:52:37.697+0000] {logging_mixin.py:188} INFO - [2026-06-11T18:52:37.696+0000] {dagbag.py:538} INFO - Filling up the DagBag from /opt/airflow/dags/dag_crime_pipeline.py
[2026-06-11T18:52:37.746+0000] {processor.py:840} INFO - DAG(s) 'crime_analytics_pipeline' retrieved from /opt/airflow/dags/dag_crime_pipeline.py
[2026-06-11T18:52:37.787+0000] {logging_mixin.py:188} INFO - [2026-06-11T18:52:37.786+0000] {dag.py:3036} INFO - Sync 1 DAGs
[2026-06-11T18:52:37.819+0000] {logging_mixin.py:188} INFO - [2026-06-11T18:52:37.819+0000] {dag.py:3823} INFO - Setting next_dagrun for crime_analytics_pipeline to 2026-06-06 19:00:00+00:00, run_after=2026-06-13 19:00:00+00:00
[2026-06-11T18:52:37.846+0000] {processor.py:183} INFO - Processing /opt/airflow/dags/dag_crime_pipeline.py took 0.158 seconds
[2026-06-11T18:53:07.978+0000] {processor.py:161} INFO - Started process (PID=3842) to work on /opt/airflow/dags/dag_crime_pipeline.py
[2026-06-11T18:53:07.980+0000] {processor.py:830} INFO - Processing file /opt/airflow/dags/dag_crime_pipeline.py for tasks to queue
[2026-06-11T18:53:07.983+0000] {logging_mixin.py:188} INFO - [2026-06-11T18:53:07.983+0000] {dagbag.py:538} INFO - Filling up the DagBag from /opt/airflow/dags/dag_crime_pipeline.py
[2026-06-11T18:53:08.025+0000] {processor.py:840} INFO - DAG(s) 'crime_analytics_pipeline' retrieved from /opt/airflow/dags/dag_crime_pipeline.py
[2026-06-11T18:53:08.063+0000] {logging_mixin.py:188} INFO - [2026-06-11T18:53:08.062+0000] {dag.py:3036} INFO - Sync 1 DAGs
[2026-06-11T18:53:08.094+0000] {logging_mixin.py:188} INFO - [2026-06-11T18:53:08.094+0000] {dag.py:3823} INFO - Setting next_dagrun for crime_analytics_pipeline to 2026-06-06 19:00:00+00:00, run_after=2026-06-13 19:00:00+00:00
[2026-06-11T18:53:08.124+0000] {processor.py:183} INFO - Processing /opt/airflow/dags/dag_crime_pipeline.py took 0.149 seconds
[2026-06-11T18:53:38.370+0000] {processor.py:161} INFO - Started process (PID=3849) to work on /opt/airflow/dags/dag_crime_pipeline.py
[2026-06-11T18:53:38.372+0000] {processor.py:830} INFO - Processing file /opt/airflow/dags/dag_crime_pipeline.py for tasks to queue
[2026-06-11T18:53:38.375+0000] {logging_mixin.py:188} INFO - [2026-06-11T18:53:38.375+0000] {dagbag.py:538} INFO - Filling up the DagBag from /opt/airflow/dags/dag_crime_pipeline.py
[2026-06-11T18:53:38.423+0000] {processor.py:840} INFO - DAG(s) 'crime_analytics_pipeline' retrieved from /opt/airflow/dags/dag_crime_pipeline.py
[2026-06-11T18:53:38.464+0000] {logging_mixin.py:188} INFO - [2026-06-11T18:53:38.464+0000] {dag.py:3036} INFO - Sync 1 DAGs
[2026-06-11T18:53:38.496+0000] {logging_mixin.py:188} INFO - [2026-06-11T18:53:38.495+0000] {dag.py:3823} INFO - Setting next_dagrun for crime_analytics_pipeline to 2026-06-06 19:00:00+00:00, run_after=2026-06-13 19:00:00+00:00
[2026-06-11T18:53:38.542+0000] {processor.py:183} INFO - Processing /opt/airflow/dags/dag_crime_pipeline.py took 0.176 seconds
[2026-06-11T18:54:08.682+0000] {processor.py:161} INFO - Started process (PID=3854) to work on /opt/airflow/dags/dag_crime_pipeline.py
[2026-06-11T18:54:08.683+0000] {processor.py:830} INFO - Processing file /opt/airflow/dags/dag_crime_pipeline.py for tasks to queue
[2026-06-11T18:54:08.687+0000] {logging_mixin.py:188} INFO - [2026-06-11T18:54:08.686+0000] {dagbag.py:538} INFO - Filling up the DagBag from /opt/airflow/dags/dag_crime_pipeline.py
[2026-06-11T18:54:08.758+0000] {processor.py:840} INFO - DAG(s) 'crime_analytics_pipeline' retrieved from /opt/airflow/dags/dag_crime_pipeline.py
[2026-06-11T18:54:08.805+0000] {logging_mixin.py:188} INFO - [2026-06-11T18:54:08.804+0000] {dag.py:3036} INFO - Sync 1 DAGs
[2026-06-11T18:54:08.840+0000] {logging_mixin.py:188} INFO - [2026-06-11T18:54:08.839+0000] {dag.py:3823} INFO - Setting next_dagrun for crime_analytics_pipeline to 2026-06-06 19:00:00+00:00, run_after=2026-06-13 19:00:00+00:00
[2026-06-11T18:54:08.864+0000] {processor.py:183} INFO - Processing /opt/airflow/dags/dag_crime_pipeline.py took 0.187 seconds
[2026-06-11T18:54:38.972+0000] {processor.py:161} INFO - Started process (PID=3859) to work on /opt/airflow/dags/dag_crime_pipeline.py
[2026-06-11T18:54:38.976+0000] {processor.py:830} INFO - Processing file /opt/airflow/dags/dag_crime_pipeline.py for tasks to queue
[2026-06-11T18:54:38.981+0000] {logging_mixin.py:188} INFO - [2026-06-11T18:54:38.980+0000] {dagbag.py:538} INFO - Filling up the DagBag from /opt/airflow/dags/dag_crime_pipeline.py
[2026-06-11T18:54:39.034+0000] {processor.py:840} INFO - DAG(s) 'crime_analytics_pipeline' retrieved from /opt/airflow/dags/dag_crime_pipeline.py
[2026-06-11T18:54:39.081+0000] {logging_mixin.py:188} INFO - [2026-06-11T18:54:39.080+0000] {dag.py:3036} INFO - Sync 1 DAGs
[2026-06-11T18:54:39.113+0000] {logging_mixin.py:188} INFO - [2026-06-11T18:54:39.113+0000] {dag.py:3823} INFO - Setting next_dagrun for crime_analytics_pipeline to 2026-06-06 19:00:00+00:00, run_after=2026-06-13 19:00:00+00:00
[2026-06-11T18:54:39.140+0000] {processor.py:183} INFO - Processing /opt/airflow/dags/dag_crime_pipeline.py took 0.174 seconds
[2026-06-11T18:55:09.225+0000] {processor.py:161} INFO - Started process (PID=3864) to work on /opt/airflow/dags/dag_crime_pipeline.py
[2026-06-11T18:55:09.227+0000] {processor.py:830} INFO - Processing file /opt/airflow/dags/dag_crime_pipeline.py for tasks to queue
[2026-06-11T18:55:09.230+0000] {logging_mixin.py:188} INFO - [2026-06-11T18:55:09.230+0000] {dagbag.py:538} INFO - Filling up the DagBag from /opt/airflow/dags/dag_crime_pipeline.py
[2026-06-11T18:55:09.277+0000] {processor.py:840} INFO - DAG(s) 'crime_analytics_pipeline' retrieved from /opt/airflow/dags/dag_crime_pipeline.py
[2026-06-11T18:55:09.318+0000] {logging_mixin.py:188} INFO - [2026-06-11T18:55:09.318+0000] {dag.py:3036} INFO - Sync 1 DAGs
[2026-06-11T18:55:09.349+0000] {logging_mixin.py:188} INFO - [2026-06-11T18:55:09.349+0000] {dag.py:3823} INFO - Setting next_dagrun for crime_analytics_pipeline to 2026-06-06 19:00:00+00:00, run_after=2026-06-13 19:00:00+00:00
[2026-06-11T18:55:09.386+0000] {processor.py:183} INFO - Processing /opt/airflow/dags/dag_crime_pipeline.py took 0.166 seconds
[2026-06-11T18:55:39.576+0000] {processor.py:161} INFO - Started process (PID=3869) to work on /opt/airflow/dags/dag_crime_pipeline.py
[2026-06-11T18:55:39.577+0000] {processor.py:830} INFO - Processing file /opt/airflow/dags/dag_crime_pipeline.py for tasks to queue
[2026-06-11T18:55:39.581+0000] {logging_mixin.py:188} INFO - [2026-06-11T18:55:39.580+0000] {dagbag.py:538} INFO - Filling up the DagBag from /opt/airflow/dags/dag_crime_pipeline.py
[2026-06-11T18:55:39.626+0000] {processor.py:840} INFO - DAG(s) 'crime_analytics_pipeline' retrieved from /opt/airflow/dags/dag_crime_pipeline.py
[2026-06-11T18:55:39.662+0000] {logging_mixin.py:188} INFO - [2026-06-11T18:55:39.661+0000] {dag.py:3036} INFO - Sync 1 DAGs
[2026-06-11T18:55:39.689+0000] {logging_mixin.py:188} INFO - [2026-06-11T18:55:39.689+0000] {dag.py:3823} INFO - Setting next_dagrun for crime_analytics_pipeline to 2026-06-06 19:00:00+00:00, run_after=2026-06-13 19:00:00+00:00
[2026-06-11T18:55:39.713+0000] {processor.py:183} INFO - Processing /opt/airflow/dags/dag_crime_pipeline.py took 0.141 seconds
[2026-06-11T18:56:09.797+0000] {processor.py:161} INFO - Started process (PID=3874) to work on /opt/airflow/dags/dag_crime_pipeline.py
[2026-06-11T18:56:09.798+0000] {processor.py:830} INFO - Processing file /opt/airflow/dags/dag_crime_pipeline.py for tasks to queue
[2026-06-11T18:56:09.801+0000] {logging_mixin.py:188} INFO - [2026-06-11T18:56:09.801+0000] {dagbag.py:538} INFO - Filling up the DagBag from /opt/airflow/dags/dag_crime_pipeline.py
[2026-06-11T18:56:09.849+0000] {processor.py:840} INFO - DAG(s) 'crime_analytics_pipeline' retrieved from /opt/airflow/dags/dag_crime_pipeline.py
[2026-06-11T18:56:09.935+0000] {logging_mixin.py:188} INFO - [2026-06-11T18:56:09.935+0000] {dag.py:3036} INFO - Sync 1 DAGs
[2026-06-11T18:56:09.969+0000] {logging_mixin.py:188} INFO - [2026-06-11T18:56:09.968+0000] {dag.py:3823} INFO - Setting next_dagrun for crime_analytics_pipeline to 2026-06-06 19:00:00+00:00, run_after=2026-06-13 19:00:00+00:00
[2026-06-11T18:56:09.995+0000] {processor.py:183} INFO - Processing /opt/airflow/dags/dag_crime_pipeline.py took 0.203 seconds
[2026-06-11T18:56:40.148+0000] {processor.py:161} INFO - Started process (PID=3879) to work on /opt/airflow/dags/dag_crime_pipeline.py
[2026-06-11T18:56:40.150+0000] {processor.py:830} INFO - Processing file /opt/airflow/dags/dag_crime_pipeline.py for tasks to queue
[2026-06-11T18:56:40.153+0000] {logging_mixin.py:188} INFO - [2026-06-11T18:56:40.153+0000] {dagbag.py:538} INFO - Filling up the DagBag from /opt/airflow/dags/dag_crime_pipeline.py
[2026-06-11T18:56:40.200+0000] {processor.py:840} INFO - DAG(s) 'crime_analytics_pipeline' retrieved from /opt/airflow/dags/dag_crime_pipeline.py
[2026-06-11T18:56:40.241+0000] {logging_mixin.py:188} INFO - [2026-06-11T18:56:40.240+0000] {dag.py:3036} INFO - Sync 1 DAGs
[2026-06-11T18:56:40.272+0000] {logging_mixin.py:188} INFO - [2026-06-11T18:56:40.272+0000] {dag.py:3823} INFO - Setting next_dagrun for crime_analytics_pipeline to 2026-06-06 19:00:00+00:00, run_after=2026-06-13 19:00:00+00:00
[2026-06-11T18:56:40.300+0000] {processor.py:183} INFO - Processing /opt/airflow/dags/dag_crime_pipeline.py took 0.156 seconds
[2026-06-11T18:57:10.462+0000] {processor.py:161} INFO - Started process (PID=3884) to work on /opt/airflow/dags/dag_crime_pipeline.py
[2026-06-11T18:57:10.465+0000] {processor.py:830} INFO - Processing file /opt/airflow/dags/dag_crime_pipeline.py for tasks to queue
[2026-06-11T18:57:10.468+0000] {logging_mixin.py:188} INFO - [2026-06-11T18:57:10.468+0000] {dagbag.py:538} INFO - Filling up the DagBag from /opt/airflow/dags/dag_crime_pipeline.py
[2026-06-11T18:57:10.514+0000] {processor.py:840} INFO - DAG(s) 'crime_analytics_pipeline' retrieved from /opt/airflow/dags/dag_crime_pipeline.py
[2026-06-11T18:57:10.544+0000] {logging_mixin.py:188} INFO - [2026-06-11T18:57:10.543+0000] {dag.py:3036} INFO - Sync 1 DAGs
[2026-06-11T18:57:10.564+0000] {logging_mixin.py:188} INFO - [2026-06-11T18:57:10.564+0000] {dag.py:3823} INFO - Setting next_dagrun for crime_analytics_pipeline to 2026-06-06 19:00:00+00:00, run_after=2026-06-13 19:00:00+00:00
[2026-06-11T18:57:10.607+0000] {processor.py:183} INFO - Processing /opt/airflow/dags/dag_crime_pipeline.py took 0.150 seconds
[2026-06-11T18:57:40.852+0000] {processor.py:161} INFO - Started process (PID=3889) to work on /opt/airflow/dags/dag_crime_pipeline.py
[2026-06-11T18:57:40.854+0000] {processor.py:830} INFO - Processing file /opt/airflow/dags/dag_crime_pipeline.py for tasks to queue
[2026-06-11T18:57:40.857+0000] {logging_mixin.py:188} INFO - [2026-06-11T18:57:40.856+0000] {dagbag.py:538} INFO - Filling up the DagBag from /opt/airflow/dags/dag_crime_pipeline.py
[2026-06-11T18:57:40.902+0000] {processor.py:840} INFO - DAG(s) 'crime_analytics_pipeline' retrieved from /opt/airflow/dags/dag_crime_pipeline.py
[2026-06-11T18:57:40.941+0000] {logging_mixin.py:188} INFO - [2026-06-11T18:57:40.941+0000] {dag.py:3036} INFO - Sync 1 DAGs
[2026-06-11T18:57:40.970+0000] {logging_mixin.py:188} INFO - [2026-06-11T18:57:40.969+0000] {dag.py:3823} INFO - Setting next_dagrun for crime_analytics_pipeline to 2026-06-06 19:00:00+00:00, run_after=2026-06-13 19:00:00+00:00
[2026-06-11T18:57:41.016+0000] {processor.py:183} INFO - Processing /opt/airflow/dags/dag_crime_pipeline.py took 0.169 seconds
[2026-06-11T18:58:11.243+0000] {processor.py:161} INFO - Started process (PID=3894) to work on /opt/airflow/dags/dag_crime_pipeline.py
[2026-06-11T18:58:11.245+0000] {processor.py:830} INFO - Processing file /opt/airflow/dags/dag_crime_pipeline.py for tasks to queue
[2026-06-11T18:58:11.248+0000] {logging_mixin.py:188} INFO - [2026-06-11T18:58:11.247+0000] {dagbag.py:538} INFO - Filling up the DagBag from /opt/airflow/dags/dag_crime_pipeline.py
[2026-06-11T18:58:11.292+0000] {processor.py:840} INFO - DAG(s) 'crime_analytics_pipeline' retrieved from /opt/airflow/dags/dag_crime_pipeline.py
[2026-06-11T18:58:11.324+0000] {logging_mixin.py:188} INFO - [2026-06-11T18:58:11.323+0000] {dag.py:3036} INFO - Sync 1 DAGs
[2026-06-11T18:58:11.343+0000] {logging_mixin.py:188} INFO - [2026-06-11T18:58:11.343+0000] {dag.py:3823} INFO - Setting next_dagrun for crime_analytics_pipeline to 2026-06-06 19:00:00+00:00, run_after=2026-06-13 19:00:00+00:00
[2026-06-11T18:58:11.362+0000] {processor.py:183} INFO - Processing /opt/airflow/dags/dag_crime_pipeline.py took 0.123 seconds
[2026-06-11T18:58:42.371+0000] {processor.py:161} INFO - Started process (PID=3899) to work on /opt/airflow/dags/dag_crime_pipeline.py
[2026-06-11T18:58:42.373+0000] {processor.py:830} INFO - Processing file /opt/airflow/dags/dag_crime_pipeline.py for tasks to queue
[2026-06-11T18:58:42.376+0000] {logging_mixin.py:188} INFO - [2026-06-11T18:58:42.376+0000] {dagbag.py:538} INFO - Filling up the DagBag from /opt/airflow/dags/dag_crime_pipeline.py
[2026-06-11T18:58:42.416+0000] {processor.py:840} INFO - DAG(s) 'crime_analytics_pipeline' retrieved from /opt/airflow/dags/dag_crime_pipeline.py
[2026-06-11T18:58:42.448+0000] {logging_mixin.py:188} INFO - [2026-06-11T18:58:42.447+0000] {dag.py:3036} INFO - Sync 1 DAGs
[2026-06-11T18:58:43.059+0000] {logging_mixin.py:188} INFO - [2026-06-11T18:58:43.059+0000] {dag.py:3823} INFO - Setting next_dagrun for crime_analytics_pipeline to 2026-06-06 19:00:00+00:00, run_after=2026-06-13 19:00:00+00:00
[2026-06-11T18:58:43.079+0000] {processor.py:183} INFO - Processing /opt/airflow/dags/dag_crime_pipeline.py took 0.711 seconds
[2026-06-11T18:59:13.425+0000] {processor.py:161} INFO - Started process (PID=3904) to work on /opt/airflow/dags/dag_crime_pipeline.py
[2026-06-11T18:59:13.427+0000] {processor.py:830} INFO - Processing file /opt/airflow/dags/dag_crime_pipeline.py for tasks to queue
[2026-06-11T18:59:13.431+0000] {logging_mixin.py:188} INFO - [2026-06-11T18:59:13.431+0000] {dagbag.py:538} INFO - Filling up the DagBag from /opt/airflow/dags/dag_crime_pipeline.py
[2026-06-11T18:59:13.479+0000] {processor.py:840} INFO - DAG(s) 'crime_analytics_pipeline' retrieved from /opt/airflow/dags/dag_crime_pipeline.py
[2026-06-11T18:59:13.514+0000] {logging_mixin.py:188} INFO - [2026-06-11T18:59:13.514+0000] {dag.py:3036} INFO - Sync 1 DAGs
[2026-06-11T18:59:13.537+0000] {logging_mixin.py:188} INFO - [2026-06-11T18:59:13.537+0000] {dag.py:3823} INFO - Setting next_dagrun for crime_analytics_pipeline to 2026-06-06 19:00:00+00:00, run_after=2026-06-13 19:00:00+00:00
[2026-06-11T18:59:13.560+0000] {processor.py:183} INFO - Processing /opt/airflow/dags/dag_crime_pipeline.py took 0.140 seconds
[2026-06-11T18:59:43.937+0000] {processor.py:161} INFO - Started process (PID=3909) to work on /opt/airflow/dags/dag_crime_pipeline.py
[2026-06-11T18:59:43.938+0000] {processor.py:830} INFO - Processing file /opt/airflow/dags/dag_crime_pipeline.py for tasks to queue
[2026-06-11T18:59:43.941+0000] {logging_mixin.py:188} INFO - [2026-06-11T18:59:43.941+0000] {dagbag.py:538} INFO - Filling up the DagBag from /opt/airflow/dags/dag_crime_pipeline.py
[2026-06-11T18:59:43.985+0000] {processor.py:840} INFO - DAG(s) 'crime_analytics_pipeline' retrieved from /opt/airflow/dags/dag_crime_pipeline.py
[2026-06-11T18:59:44.327+0000] {logging_mixin.py:188} INFO - [2026-06-11T18:59:44.326+0000] {dag.py:3036} INFO - Sync 1 DAGs
[2026-06-11T18:59:44.349+0000] {logging_mixin.py:188} INFO - [2026-06-11T18:59:44.349+0000] {dag.py:3823} INFO - Setting next_dagrun for crime_analytics_pipeline to 2026-06-06 19:00:00+00:00, run_after=2026-06-13 19:00:00+00:00
[2026-06-11T18:59:44.373+0000] {processor.py:183} INFO - Processing /opt/airflow/dags/dag_crime_pipeline.py took 0.441 seconds
[2026-06-11T19:00:14.952+0000] {processor.py:161} INFO - Started process (PID=3914) to work on /opt/airflow/dags/dag_crime_pipeline.py
[2026-06-11T19:00:14.959+0000] {processor.py:830} INFO - Processing file /opt/airflow/dags/dag_crime_pipeline.py for tasks to queue
[2026-06-11T19:00:14.963+0000] {logging_mixin.py:188} INFO - [2026-06-11T19:00:14.962+0000] {dagbag.py:538} INFO - Filling up the DagBag from /opt/airflow/dags/dag_crime_pipeline.py
[2026-06-11T19:00:15.010+0000] {processor.py:840} INFO - DAG(s) 'crime_analytics_pipeline' retrieved from /opt/airflow/dags/dag_crime_pipeline.py
[2026-06-11T19:00:15.052+0000] {logging_mixin.py:188} INFO - [2026-06-11T19:00:15.052+0000] {dag.py:3036} INFO - Sync 1 DAGs
[2026-06-11T19:00:15.085+0000] {logging_mixin.py:188} INFO - [2026-06-11T19:00:15.083+0000] {dag.py:3823} INFO - Setting next_dagrun for crime_analytics_pipeline to 2026-06-06 19:00:00+00:00, run_after=2026-06-13 19:00:00+00:00
[2026-06-11T19:00:15.132+0000] {processor.py:183} INFO - Processing /opt/airflow/dags/dag_crime_pipeline.py took 0.188 seconds
[2026-06-11T19:00:45.304+0000] {processor.py:161} INFO - Started process (PID=3919) to work on /opt/airflow/dags/dag_crime_pipeline.py
[2026-06-11T19:00:45.306+0000] {processor.py:830} INFO - Processing file /opt/airflow/dags/dag_crime_pipeline.py for tasks to queue
[2026-06-11T19:00:45.310+0000] {logging_mixin.py:188} INFO - [2026-06-11T19:00:45.310+0000] {dagbag.py:538} INFO - Filling up the DagBag from /opt/airflow/dags/dag_crime_pipeline.py
[2026-06-11T19:00:45.361+0000] {processor.py:840} INFO - DAG(s) 'crime_analytics_pipeline' retrieved from /opt/airflow/dags/dag_crime_pipeline.py
[2026-06-11T19:00:45.407+0000] {logging_mixin.py:188} INFO - [2026-06-11T19:00:45.407+0000] {dag.py:3036} INFO - Sync 1 DAGs
[2026-06-11T19:00:45.431+0000] {logging_mixin.py:188} INFO - [2026-06-11T19:00:45.431+0000] {dag.py:3823} INFO - Setting next_dagrun for crime_analytics_pipeline to 2026-06-06 19:00:00+00:00, run_after=2026-06-13 19:00:00+00:00
[2026-06-11T19:00:45.474+0000] {processor.py:183} INFO - Processing /opt/airflow/dags/dag_crime_pipeline.py took 0.177 seconds
[2026-06-11T19:01:15.658+0000] {processor.py:161} INFO - Started process (PID=3924) to work on /opt/airflow/dags/dag_crime_pipeline.py
[2026-06-11T19:01:15.661+0000] {processor.py:830} INFO - Processing file /opt/airflow/dags/dag_crime_pipeline.py for tasks to queue
[2026-06-11T19:01:15.665+0000] {logging_mixin.py:188} INFO - [2026-06-11T19:01:15.664+0000] {dagbag.py:538} INFO - Filling up the DagBag from /opt/airflow/dags/dag_crime_pipeline.py
[2026-06-11T19:01:15.712+0000] {processor.py:840} INFO - DAG(s) 'crime_analytics_pipeline' retrieved from /opt/airflow/dags/dag_crime_pipeline.py
[2026-06-11T19:01:15.748+0000] {logging_mixin.py:188} INFO - [2026-06-11T19:01:15.748+0000] {dag.py:3036} INFO - Sync 1 DAGs
[2026-06-11T19:01:15.776+0000] {logging_mixin.py:188} INFO - [2026-06-11T19:01:15.776+0000] {dag.py:3823} INFO - Setting next_dagrun for crime_analytics_pipeline to 2026-06-06 19:00:00+00:00, run_after=2026-06-13 19:00:00+00:00
[2026-06-11T19:01:15.798+0000] {processor.py:183} INFO - Processing /opt/airflow/dags/dag_crime_pipeline.py took 0.145 seconds
[2026-06-11T19:01:46.076+0000] {processor.py:161} INFO - Started process (PID=3929) to work on /opt/airflow/dags/dag_crime_pipeline.py
[2026-06-11T19:01:46.078+0000] {processor.py:830} INFO - Processing file /opt/airflow/dags/dag_crime_pipeline.py for tasks to queue
[2026-06-11T19:01:46.082+0000] {logging_mixin.py:188} INFO - [2026-06-11T19:01:46.082+0000] {dagbag.py:538} INFO - Filling up the DagBag from /opt/airflow/dags/dag_crime_pipeline.py
[2026-06-11T19:01:46.130+0000] {processor.py:840} INFO - DAG(s) 'crime_analytics_pipeline' retrieved from /opt/airflow/dags/dag_crime_pipeline.py
[2026-06-11T19:01:46.165+0000] {logging_mixin.py:188} INFO - [2026-06-11T19:01:46.165+0000] {dag.py:3036} INFO - Sync 1 DAGs
[2026-06-11T19:01:46.191+0000] {logging_mixin.py:188} INFO - [2026-06-11T19:01:46.191+0000] {dag.py:3823} INFO - Setting next_dagrun for crime_analytics_pipeline to 2026-06-06 19:00:00+00:00, run_after=2026-06-13 19:00:00+00:00
[2026-06-11T19:01:46.233+0000] {processor.py:183} INFO - Processing /opt/airflow/dags/dag_crime_pipeline.py took 0.163 seconds
[2026-06-11T19:02:16.335+0000] {processor.py:161} INFO - Started process (PID=3934) to work on /opt/airflow/dags/dag_crime_pipeline.py
[2026-06-11T19:02:16.337+0000] {processor.py:830} INFO - Processing file /opt/airflow/dags/dag_crime_pipeline.py for tasks to queue
[2026-06-11T19:02:16.342+0000] {logging_mixin.py:188} INFO - [2026-06-11T19:02:16.341+0000] {dagbag.py:538} INFO - Filling up the DagBag from /opt/airflow/dags/dag_crime_pipeline.py
[2026-06-11T19:02:16.394+0000] {processor.py:840} INFO - DAG(s) 'crime_analytics_pipeline' retrieved from /opt/airflow/dags/dag_crime_pipeline.py
[2026-06-11T19:02:16.440+0000] {logging_mixin.py:188} INFO - [2026-06-11T19:02:16.439+0000] {dag.py:3036} INFO - Sync 1 DAGs
[2026-06-11T19:02:16.476+0000] {logging_mixin.py:188} INFO - [2026-06-11T19:02:16.476+0000] {dag.py:3823} INFO - Setting next_dagrun for crime_analytics_pipeline to 2026-06-06 19:00:00+00:00, run_after=2026-06-13 19:00:00+00:00
[2026-06-11T19:02:16.509+0000] {processor.py:183} INFO - Processing /opt/airflow/dags/dag_crime_pipeline.py took 0.180 seconds
[2026-06-11T19:02:46.712+0000] {processor.py:161} INFO - Started process (PID=3939) to work on /opt/airflow/dags/dag_crime_pipeline.py
[2026-06-11T19:02:46.714+0000] {processor.py:830} INFO - Processing file /opt/airflow/dags/dag_crime_pipeline.py for tasks to queue
[2026-06-11T19:02:46.718+0000] {logging_mixin.py:188} INFO - [2026-06-11T19:02:46.717+0000] {dagbag.py:538} INFO - Filling up the DagBag from /opt/airflow/dags/dag_crime_pipeline.py
[2026-06-11T19:02:46.770+0000] {processor.py:840} INFO - DAG(s) 'crime_analytics_pipeline' retrieved from /opt/airflow/dags/dag_crime_pipeline.py
[2026-06-11T19:02:46.817+0000] {logging_mixin.py:188} INFO - [2026-06-11T19:02:46.817+0000] {dag.py:3036} INFO - Sync 1 DAGs
[2026-06-11T19:02:46.852+0000] {logging_mixin.py:188} INFO - [2026-06-11T19:02:46.852+0000] {dag.py:3823} INFO - Setting next_dagrun for crime_analytics_pipeline to 2026-06-06 19:00:00+00:00, run_after=2026-06-13 19:00:00+00:00
[2026-06-11T19:02:46.903+0000] {processor.py:183} INFO - Processing /opt/airflow/dags/dag_crime_pipeline.py took 0.198 seconds
[2026-06-11T19:03:16.989+0000] {processor.py:161} INFO - Started process (PID=3944) to work on /opt/airflow/dags/dag_crime_pipeline.py
[2026-06-11T19:03:16.991+0000] {processor.py:830} INFO - Processing file /opt/airflow/dags/dag_crime_pipeline.py for tasks to queue
[2026-06-11T19:03:16.996+0000] {logging_mixin.py:188} INFO - [2026-06-11T19:03:16.995+0000] {dagbag.py:538} INFO - Filling up the DagBag from /opt/airflow/dags/dag_crime_pipeline.py
[2026-06-11T19:03:17.050+0000] {processor.py:840} INFO - DAG(s) 'crime_analytics_pipeline' retrieved from /opt/airflow/dags/dag_crime_pipeline.py
[2026-06-11T19:03:17.096+0000] {logging_mixin.py:188} INFO - [2026-06-11T19:03:17.095+0000] {dag.py:3036} INFO - Sync 1 DAGs
[2026-06-11T19:03:17.129+0000] {logging_mixin.py:188} INFO - [2026-06-11T19:03:17.129+0000] {dag.py:3823} INFO - Setting next_dagrun for crime_analytics_pipeline to 2026-06-06 19:00:00+00:00, run_after=2026-06-13 19:00:00+00:00
[2026-06-11T19:03:17.161+0000] {processor.py:183} INFO - Processing /opt/airflow/dags/dag_crime_pipeline.py took 0.178 seconds
[2026-06-11T19:03:47.366+0000] {processor.py:161} INFO - Started process (PID=3949) to work on /opt/airflow/dags/dag_crime_pipeline.py
[2026-06-11T19:03:47.368+0000] {processor.py:830} INFO - Processing file /opt/airflow/dags/dag_crime_pipeline.py for tasks to queue
[2026-06-11T19:03:47.371+0000] {logging_mixin.py:188} INFO - [2026-06-11T19:03:47.371+0000] {dagbag.py:538} INFO - Filling up the DagBag from /opt/airflow/dags/dag_crime_pipeline.py
[2026-06-11T19:03:47.424+0000] {processor.py:840} INFO - DAG(s) 'crime_analytics_pipeline' retrieved from /opt/airflow/dags/dag_crime_pipeline.py
[2026-06-11T19:03:47.473+0000] {logging_mixin.py:188} INFO - [2026-06-11T19:03:47.472+0000] {dag.py:3036} INFO - Sync 1 DAGs
[2026-06-11T19:03:47.508+0000] {logging_mixin.py:188} INFO - [2026-06-11T19:03:47.508+0000] {dag.py:3823} INFO - Setting next_dagrun for crime_analytics_pipeline to 2026-06-06 19:00:00+00:00, run_after=2026-06-13 19:00:00+00:00
[2026-06-11T19:03:47.538+0000] {processor.py:183} INFO - Processing /opt/airflow/dags/dag_crime_pipeline.py took 0.177 seconds
[2026-06-11T19:04:17.642+0000] {processor.py:161} INFO - Started process (PID=3954) to work on /opt/airflow/dags/dag_crime_pipeline.py
[2026-06-11T19:04:17.644+0000] {processor.py:830} INFO - Processing file /opt/airflow/dags/dag_crime_pipeline.py for tasks to queue
[2026-06-11T19:04:17.648+0000] {logging_mixin.py:188} INFO - [2026-06-11T19:04:17.647+0000] {dagbag.py:538} INFO - Filling up the DagBag from /opt/airflow/dags/dag_crime_pipeline.py
[2026-06-11T19:04:17.704+0000] {processor.py:840} INFO - DAG(s) 'crime_analytics_pipeline' retrieved from /opt/airflow/dags/dag_crime_pipeline.py
[2026-06-11T19:04:17.769+0000] {logging_mixin.py:188} INFO - [2026-06-11T19:04:17.768+0000] {dag.py:3036} INFO - Sync 1 DAGs
[2026-06-11T19:04:17.812+0000] {logging_mixin.py:188} INFO - [2026-06-11T19:04:17.812+0000] {dag.py:3823} INFO - Setting next_dagrun for crime_analytics_pipeline to 2026-06-06 19:00:00+00:00, run_after=2026-06-13 19:00:00+00:00
[2026-06-11T19:04:17.851+0000] {processor.py:183} INFO - Processing /opt/airflow/dags/dag_crime_pipeline.py took 0.213 seconds
[2026-06-11T19:04:47.940+0000] {processor.py:161} INFO - Started process (PID=3959) to work on /opt/airflow/dags/dag_crime_pipeline.py
[2026-06-11T19:04:47.942+0000] {processor.py:830} INFO - Processing file /opt/airflow/dags/dag_crime_pipeline.py for tasks to queue
[2026-06-11T19:04:47.946+0000] {logging_mixin.py:188} INFO - [2026-06-11T19:04:47.945+0000] {dagbag.py:538} INFO - Filling up the DagBag from /opt/airflow/dags/dag_crime_pipeline.py
[2026-06-11T19:04:47.992+0000] {processor.py:840} INFO - DAG(s) 'crime_analytics_pipeline' retrieved from /opt/airflow/dags/dag_crime_pipeline.py
[2026-06-11T19:04:48.037+0000] {logging_mixin.py:188} INFO - [2026-06-11T19:04:48.036+0000] {dag.py:3036} INFO - Sync 1 DAGs
[2026-06-11T19:04:48.069+0000] {logging_mixin.py:188} INFO - [2026-06-11T19:04:48.068+0000] {dag.py:3823} INFO - Setting next_dagrun for crime_analytics_pipeline to 2026-06-06 19:00:00+00:00, run_after=2026-06-13 19:00:00+00:00
[2026-06-11T19:04:48.125+0000] {processor.py:183} INFO - Processing /opt/airflow/dags/dag_crime_pipeline.py took 0.189 seconds
[2026-06-11T19:05:18.702+0000] {processor.py:161} INFO - Started process (PID=3964) to work on /opt/airflow/dags/dag_crime_pipeline.py
[2026-06-11T19:05:18.703+0000] {processor.py:830} INFO - Processing file /opt/airflow/dags/dag_crime_pipeline.py for tasks to queue
[2026-06-11T19:05:18.706+0000] {logging_mixin.py:188} INFO - [2026-06-11T19:05:18.706+0000] {dagbag.py:538} INFO - Filling up the DagBag from /opt/airflow/dags/dag_crime_pipeline.py
[2026-06-11T19:05:18.755+0000] {processor.py:840} INFO - DAG(s) 'crime_analytics_pipeline' retrieved from /opt/airflow/dags/dag_crime_pipeline.py
[2026-06-11T19:05:18.801+0000] {logging_mixin.py:188} INFO - [2026-06-11T19:05:18.800+0000] {dag.py:3036} INFO - Sync 1 DAGs
[2026-06-11T19:05:18.831+0000] {logging_mixin.py:188} INFO - [2026-06-11T19:05:18.830+0000] {dag.py:3823} INFO - Setting next_dagrun for crime_analytics_pipeline to 2026-06-06 19:00:00+00:00, run_after=2026-06-13 19:00:00+00:00
[2026-06-11T19:05:18.878+0000] {processor.py:183} INFO - Processing /opt/airflow/dags/dag_crime_pipeline.py took 0.180 seconds
[2026-06-11T19:05:49.143+0000] {processor.py:161} INFO - Started process (PID=3969) to work on /opt/airflow/dags/dag_crime_pipeline.py
[2026-06-11T19:05:49.144+0000] {processor.py:830} INFO - Processing file /opt/airflow/dags/dag_crime_pipeline.py for tasks to queue
[2026-06-11T19:05:49.147+0000] {logging_mixin.py:188} INFO - [2026-06-11T19:05:49.147+0000] {dagbag.py:538} INFO - Filling up the DagBag from /opt/airflow/dags/dag_crime_pipeline.py
[2026-06-11T19:05:49.193+0000] {processor.py:840} INFO - DAG(s) 'crime_analytics_pipeline' retrieved from /opt/airflow/dags/dag_crime_pipeline.py
[2026-06-11T19:05:49.236+0000] {logging_mixin.py:188} INFO - [2026-06-11T19:05:49.236+0000] {dag.py:3036} INFO - Sync 1 DAGs
[2026-06-11T19:05:49.270+0000] {logging_mixin.py:188} INFO - [2026-06-11T19:05:49.269+0000] {dag.py:3823} INFO - Setting next_dagrun for crime_analytics_pipeline to 2026-06-06 19:00:00+00:00, run_after=2026-06-13 19:00:00+00:00
[2026-06-11T19:05:49.295+0000] {processor.py:183} INFO - Processing /opt/airflow/dags/dag_crime_pipeline.py took 0.155 seconds
[2026-06-11T19:06:19.491+0000] {processor.py:161} INFO - Started process (PID=3974) to work on /opt/airflow/dags/dag_crime_pipeline.py
[2026-06-11T19:06:19.493+0000] {processor.py:830} INFO - Processing file /opt/airflow/dags/dag_crime_pipeline.py for tasks to queue
[2026-06-11T19:06:19.498+0000] {logging_mixin.py:188} INFO - [2026-06-11T19:06:19.498+0000] {dagbag.py:538} INFO - Filling up the DagBag from /opt/airflow/dags/dag_crime_pipeline.py
[2026-06-11T19:06:19.548+0000] {processor.py:840} INFO - DAG(s) 'crime_analytics_pipeline' retrieved from /opt/airflow/dags/dag_crime_pipeline.py
[2026-06-11T19:06:19.595+0000] {logging_mixin.py:188} INFO - [2026-06-11T19:06:19.595+0000] {dag.py:3036} INFO - Sync 1 DAGs
[2026-06-11T19:06:19.625+0000] {logging_mixin.py:188} INFO - [2026-06-11T19:06:19.625+0000] {dag.py:3823} INFO - Setting next_dagrun for crime_analytics_pipeline to 2026-06-06 19:00:00+00:00, run_after=2026-06-13 19:00:00+00:00
[2026-06-11T19:06:19.652+0000] {processor.py:183} INFO - Processing /opt/airflow/dags/dag_crime_pipeline.py took 0.167 seconds
[2026-06-11T19:06:49.856+0000] {processor.py:161} INFO - Started process (PID=3979) to work on /opt/airflow/dags/dag_crime_pipeline.py
[2026-06-11T19:06:49.858+0000] {processor.py:830} INFO - Processing file /opt/airflow/dags/dag_crime_pipeline.py for tasks to queue
[2026-06-11T19:06:49.862+0000] {logging_mixin.py:188} INFO - [2026-06-11T19:06:49.861+0000] {dagbag.py:538} INFO - Filling up the DagBag from /opt/airflow/dags/dag_crime_pipeline.py
[2026-06-11T19:06:49.912+0000] {processor.py:840} INFO - DAG(s) 'crime_analytics_pipeline' retrieved from /opt/airflow/dags/dag_crime_pipeline.py
[2026-06-11T19:06:49.959+0000] {logging_mixin.py:188} INFO - [2026-06-11T19:06:49.958+0000] {dag.py:3036} INFO - Sync 1 DAGs
[2026-06-11T19:06:49.994+0000] {logging_mixin.py:188} INFO - [2026-06-11T19:06:49.994+0000] {dag.py:3823} INFO - Setting next_dagrun for crime_analytics_pipeline to 2026-06-06 19:00:00+00:00, run_after=2026-06-13 19:00:00+00:00
[2026-06-11T19:06:50.041+0000] {processor.py:183} INFO - Processing /opt/airflow/dags/dag_crime_pipeline.py took 0.191 seconds
[2026-06-11T19:07:20.144+0000] {processor.py:161} INFO - Started process (PID=3984) to work on /opt/airflow/dags/dag_crime_pipeline.py
[2026-06-11T19:07:20.146+0000] {processor.py:830} INFO - Processing file /opt/airflow/dags/dag_crime_pipeline.py for tasks to queue
[2026-06-11T19:07:20.150+0000] {logging_mixin.py:188} INFO - [2026-06-11T19:07:20.149+0000] {dagbag.py:538} INFO - Filling up the DagBag from /opt/airflow/dags/dag_crime_pipeline.py
[2026-06-11T19:07:20.202+0000] {processor.py:840} INFO - DAG(s) 'crime_analytics_pipeline' retrieved from /opt/airflow/dags/dag_crime_pipeline.py
[2026-06-11T19:07:20.252+0000] {logging_mixin.py:188} INFO - [2026-06-11T19:07:20.250+0000] {dag.py:3036} INFO - Sync 1 DAGs
[2026-06-11T19:07:20.285+0000] {logging_mixin.py:188} INFO - [2026-06-11T19:07:20.285+0000] {dag.py:3823} INFO - Setting next_dagrun for crime_analytics_pipeline to 2026-06-06 19:00:00+00:00, run_after=2026-06-13 19:00:00+00:00
[2026-06-11T19:07:20.312+0000] {processor.py:183} INFO - Processing /opt/airflow/dags/dag_crime_pipeline.py took 0.173 seconds
[2026-06-11T19:07:50.562+0000] {processor.py:161} INFO - Started process (PID=3989) to work on /opt/airflow/dags/dag_crime_pipeline.py
[2026-06-11T19:07:50.563+0000] {processor.py:830} INFO - Processing file /opt/airflow/dags/dag_crime_pipeline.py for tasks to queue
[2026-06-11T19:07:50.567+0000] {logging_mixin.py:188} INFO - [2026-06-11T19:07:50.566+0000] {dagbag.py:538} INFO - Filling up the DagBag from /opt/airflow/dags/dag_crime_pipeline.py
[2026-06-11T19:07:50.618+0000] {processor.py:840} INFO - DAG(s) 'crime_analytics_pipeline' retrieved from /opt/airflow/dags/dag_crime_pipeline.py
[2026-06-11T19:07:50.676+0000] {logging_mixin.py:188} INFO - [2026-06-11T19:07:50.675+0000] {dag.py:3036} INFO - Sync 1 DAGs
[2026-06-11T19:07:50.707+0000] {logging_mixin.py:188} INFO - [2026-06-11T19:07:50.707+0000] {dag.py:3823} INFO - Setting next_dagrun for crime_analytics_pipeline to 2026-06-06 19:00:00+00:00, run_after=2026-06-13 19:00:00+00:00
[2026-06-11T19:07:50.749+0000] {processor.py:183} INFO - Processing /opt/airflow/dags/dag_crime_pipeline.py took 0.191 seconds
[2026-06-11T19:08:20.981+0000] {processor.py:161} INFO - Started process (PID=3994) to work on /opt/airflow/dags/dag_crime_pipeline.py
[2026-06-11T19:08:20.984+0000] {processor.py:830} INFO - Processing file /opt/airflow/dags/dag_crime_pipeline.py for tasks to queue
[2026-06-11T19:08:20.988+0000] {logging_mixin.py:188} INFO - [2026-06-11T19:08:20.988+0000] {dagbag.py:538} INFO - Filling up the DagBag from /opt/airflow/dags/dag_crime_pipeline.py
[2026-06-11T19:08:21.036+0000] {processor.py:840} INFO - DAG(s) 'crime_analytics_pipeline' retrieved from /opt/airflow/dags/dag_crime_pipeline.py
[2026-06-11T19:08:21.081+0000] {logging_mixin.py:188} INFO - [2026-06-11T19:08:21.081+0000] {dag.py:3036} INFO - Sync 1 DAGs
[2026-06-11T19:08:21.114+0000] {logging_mixin.py:188} INFO - [2026-06-11T19:08:21.114+0000] {dag.py:3823} INFO - Setting next_dagrun for crime_analytics_pipeline to 2026-06-06 19:00:00+00:00, run_after=2026-06-13 19:00:00+00:00
[2026-06-11T19:08:21.161+0000] {processor.py:183} INFO - Processing /opt/airflow/dags/dag_crime_pipeline.py took 0.186 seconds
[2026-06-11T19:08:51.236+0000] {processor.py:161} INFO - Started process (PID=3999) to work on /opt/airflow/dags/dag_crime_pipeline.py
[2026-06-11T19:08:51.238+0000] {processor.py:830} INFO - Processing file /opt/airflow/dags/dag_crime_pipeline.py for tasks to queue
[2026-06-11T19:08:51.240+0000] {logging_mixin.py:188} INFO - [2026-06-11T19:08:51.240+0000] {dagbag.py:538} INFO - Filling up the DagBag from /opt/airflow/dags/dag_crime_pipeline.py
[2026-06-11T19:08:51.285+0000] {processor.py:840} INFO - DAG(s) 'crime_analytics_pipeline' retrieved from /opt/airflow/dags/dag_crime_pipeline.py
[2026-06-11T19:08:51.333+0000] {logging_mixin.py:188} INFO - [2026-06-11T19:08:51.332+0000] {dag.py:3036} INFO - Sync 1 DAGs
[2026-06-11T19:08:51.358+0000] {logging_mixin.py:188} INFO - [2026-06-11T19:08:51.358+0000] {dag.py:3823} INFO - Setting next_dagrun for crime_analytics_pipeline to 2026-06-06 19:00:00+00:00, run_after=2026-06-13 19:00:00+00:00
[2026-06-11T19:08:51.400+0000] {processor.py:183} INFO - Processing /opt/airflow/dags/dag_crime_pipeline.py took 0.168 seconds
[2026-06-11T19:09:21.676+0000] {processor.py:161} INFO - Started process (PID=4004) to work on /opt/airflow/dags/dag_crime_pipeline.py
[2026-06-11T19:09:21.678+0000] {processor.py:830} INFO - Processing file /opt/airflow/dags/dag_crime_pipeline.py for tasks to queue
[2026-06-11T19:09:21.680+0000] {logging_mixin.py:188} INFO - [2026-06-11T19:09:21.680+0000] {dagbag.py:538} INFO - Filling up the DagBag from /opt/airflow/dags/dag_crime_pipeline.py
[2026-06-11T19:09:21.730+0000] {processor.py:840} INFO - DAG(s) 'crime_analytics_pipeline' retrieved from /opt/airflow/dags/dag_crime_pipeline.py
[2026-06-11T19:09:21.766+0000] {logging_mixin.py:188} INFO - [2026-06-11T19:09:21.765+0000] {dag.py:3036} INFO - Sync 1 DAGs
[2026-06-11T19:09:21.792+0000] {logging_mixin.py:188} INFO - [2026-06-11T19:09:21.792+0000] {dag.py:3823} INFO - Setting next_dagrun for crime_analytics_pipeline to 2026-06-06 19:00:00+00:00, run_after=2026-06-13 19:00:00+00:00
[2026-06-11T19:09:21.813+0000] {processor.py:183} INFO - Processing /opt/airflow/dags/dag_crime_pipeline.py took 0.141 seconds
[2026-06-11T19:09:52.106+0000] {processor.py:161} INFO - Started process (PID=4009) to work on /opt/airflow/dags/dag_crime_pipeline.py
[2026-06-11T19:09:52.108+0000] {processor.py:830} INFO - Processing file /opt/airflow/dags/dag_crime_pipeline.py for tasks to queue
[2026-06-11T19:09:52.112+0000] {logging_mixin.py:188} INFO - [2026-06-11T19:09:52.111+0000] {dagbag.py:538} INFO - Filling up the DagBag from /opt/airflow/dags/dag_crime_pipeline.py
[2026-06-11T19:09:52.151+0000] {processor.py:840} INFO - DAG(s) 'crime_analytics_pipeline' retrieved from /opt/airflow/dags/dag_crime_pipeline.py
[2026-06-11T19:09:52.188+0000] {logging_mixin.py:188} INFO - [2026-06-11T19:09:52.188+0000] {dag.py:3036} INFO - Sync 1 DAGs
[2026-06-11T19:09:52.213+0000] {logging_mixin.py:188} INFO - [2026-06-11T19:09:52.213+0000] {dag.py:3823} INFO - Setting next_dagrun for crime_analytics_pipeline to 2026-06-06 19:00:00+00:00, run_after=2026-06-13 19:00:00+00:00
[2026-06-11T19:09:52.254+0000] {processor.py:183} INFO - Processing /opt/airflow/dags/dag_crime_pipeline.py took 0.153 seconds
[2026-06-11T19:10:22.499+0000] {processor.py:161} INFO - Started process (PID=4014) to work on /opt/airflow/dags/dag_crime_pipeline.py
[2026-06-11T19:10:22.502+0000] {processor.py:830} INFO - Processing file /opt/airflow/dags/dag_crime_pipeline.py for tasks to queue
[2026-06-11T19:10:22.506+0000] {logging_mixin.py:188} INFO - [2026-06-11T19:10:22.505+0000] {dagbag.py:538} INFO - Filling up the DagBag from /opt/airflow/dags/dag_crime_pipeline.py
[2026-06-11T19:10:22.552+0000] {processor.py:840} INFO - DAG(s) 'crime_analytics_pipeline' retrieved from /opt/airflow/dags/dag_crime_pipeline.py
[2026-06-11T19:10:22.617+0000] {logging_mixin.py:188} INFO - [2026-06-11T19:10:22.617+0000] {dag.py:3036} INFO - Sync 1 DAGs
[2026-06-11T19:10:22.648+0000] {logging_mixin.py:188} INFO - [2026-06-11T19:10:22.648+0000] {dag.py:3823} INFO - Setting next_dagrun for crime_analytics_pipeline to 2026-06-06 19:00:00+00:00, run_after=2026-06-13 19:00:00+00:00
[2026-06-11T19:10:22.692+0000] {processor.py:183} INFO - Processing /opt/airflow/dags/dag_crime_pipeline.py took 0.199 seconds
[2026-06-11T19:10:52.836+0000] {processor.py:161} INFO - Started process (PID=4019) to work on /opt/airflow/dags/dag_crime_pipeline.py
[2026-06-11T19:10:52.838+0000] {processor.py:830} INFO - Processing file /opt/airflow/dags/dag_crime_pipeline.py for tasks to queue
[2026-06-11T19:10:52.841+0000] {logging_mixin.py:188} INFO - [2026-06-11T19:10:52.840+0000] {dagbag.py:538} INFO - Filling up the DagBag from /opt/airflow/dags/dag_crime_pipeline.py
[2026-06-11T19:10:52.909+0000] {processor.py:840} INFO - DAG(s) 'crime_analytics_pipeline' retrieved from /opt/airflow/dags/dag_crime_pipeline.py
[2026-06-11T19:10:52.956+0000] {logging_mixin.py:188} INFO - [2026-06-11T19:10:52.955+0000] {dag.py:3036} INFO - Sync 1 DAGs
[2026-06-11T19:10:52.982+0000] {logging_mixin.py:188} INFO - [2026-06-11T19:10:52.982+0000] {dag.py:3823} INFO - Setting next_dagrun for crime_analytics_pipeline to 2026-06-06 19:00:00+00:00, run_after=2026-06-13 19:00:00+00:00
[2026-06-11T19:10:53.001+0000] {processor.py:183} INFO - Processing /opt/airflow/dags/dag_crime_pipeline.py took 0.169 seconds
[2026-06-11T19:11:23.174+0000] {processor.py:161} INFO - Started process (PID=4024) to work on /opt/airflow/dags/dag_crime_pipeline.py
[2026-06-11T19:11:23.175+0000] {processor.py:830} INFO - Processing file /opt/airflow/dags/dag_crime_pipeline.py for tasks to queue
[2026-06-11T19:11:23.178+0000] {logging_mixin.py:188} INFO - [2026-06-11T19:11:23.177+0000] {dagbag.py:538} INFO - Filling up the DagBag from /opt/airflow/dags/dag_crime_pipeline.py
[2026-06-11T19:11:23.218+0000] {processor.py:840} INFO - DAG(s) 'crime_analytics_pipeline' retrieved from /opt/airflow/dags/dag_crime_pipeline.py
[2026-06-11T19:11:23.253+0000] {logging_mixin.py:188} INFO - [2026-06-11T19:11:23.252+0000] {dag.py:3036} INFO - Sync 1 DAGs
[2026-06-11T19:11:23.273+0000] {logging_mixin.py:188} INFO - [2026-06-11T19:11:23.272+0000] {dag.py:3823} INFO - Setting next_dagrun for crime_analytics_pipeline to 2026-06-06 19:00:00+00:00, run_after=2026-06-13 19:00:00+00:00
[2026-06-11T19:11:23.291+0000] {processor.py:183} INFO - Processing /opt/airflow/dags/dag_crime_pipeline.py took 0.121 seconds
[2026-06-11T19:11:53.519+0000] {processor.py:161} INFO - Started process (PID=4029) to work on /opt/airflow/dags/dag_crime_pipeline.py
[2026-06-11T19:11:53.521+0000] {processor.py:830} INFO - Processing file /opt/airflow/dags/dag_crime_pipeline.py for tasks to queue
[2026-06-11T19:11:53.523+0000] {logging_mixin.py:188} INFO - [2026-06-11T19:11:53.523+0000] {dagbag.py:538} INFO - Filling up the DagBag from /opt/airflow/dags/dag_crime_pipeline.py
[2026-06-11T19:11:53.580+0000] {processor.py:840} INFO - DAG(s) 'crime_analytics_pipeline' retrieved from /opt/airflow/dags/dag_crime_pipeline.py
[2026-06-11T19:11:53.613+0000] {logging_mixin.py:188} INFO - [2026-06-11T19:11:53.613+0000] {dag.py:3036} INFO - Sync 1 DAGs
[2026-06-11T19:11:53.642+0000] {logging_mixin.py:188} INFO - [2026-06-11T19:11:53.642+0000] {dag.py:3823} INFO - Setting next_dagrun for crime_analytics_pipeline to 2026-06-06 19:00:00+00:00, run_after=2026-06-13 19:00:00+00:00
[2026-06-11T19:11:53.663+0000] {processor.py:183} INFO - Processing /opt/airflow/dags/dag_crime_pipeline.py took 0.148 seconds
[2026-06-11T19:12:23.796+0000] {processor.py:161} INFO - Started process (PID=4034) to work on /opt/airflow/dags/dag_crime_pipeline.py
[2026-06-11T19:12:23.798+0000] {processor.py:830} INFO - Processing file /opt/airflow/dags/dag_crime_pipeline.py for tasks to queue
[2026-06-11T19:12:23.800+0000] {logging_mixin.py:188} INFO - [2026-06-11T19:12:23.800+0000] {dagbag.py:538} INFO - Filling up the DagBag from /opt/airflow/dags/dag_crime_pipeline.py
[2026-06-11T19:12:23.846+0000] {processor.py:840} INFO - DAG(s) 'crime_analytics_pipeline' retrieved from /opt/airflow/dags/dag_crime_pipeline.py
[2026-06-11T19:12:23.881+0000] {logging_mixin.py:188} INFO - [2026-06-11T19:12:23.881+0000] {dag.py:3036} INFO - Sync 1 DAGs
[2026-06-11T19:12:23.903+0000] {logging_mixin.py:188} INFO - [2026-06-11T19:12:23.903+0000] {dag.py:3823} INFO - Setting next_dagrun for crime_analytics_pipeline to 2026-06-06 19:00:00+00:00, run_after=2026-06-13 19:00:00+00:00
[2026-06-11T19:12:23.923+0000] {processor.py:183} INFO - Processing /opt/airflow/dags/dag_crime_pipeline.py took 0.131 seconds
[2026-06-11T19:12:54.218+0000] {processor.py:161} INFO - Started process (PID=4039) to work on /opt/airflow/dags/dag_crime_pipeline.py
[2026-06-11T19:12:54.219+0000] {processor.py:830} INFO - Processing file /opt/airflow/dags/dag_crime_pipeline.py for tasks to queue
[2026-06-11T19:12:54.221+0000] {logging_mixin.py:188} INFO - [2026-06-11T19:12:54.221+0000] {dagbag.py:538} INFO - Filling up the DagBag from /opt/airflow/dags/dag_crime_pipeline.py
[2026-06-11T19:12:54.257+0000] {processor.py:840} INFO - DAG(s) 'crime_analytics_pipeline' retrieved from /opt/airflow/dags/dag_crime_pipeline.py
[2026-06-11T19:12:54.287+0000] {logging_mixin.py:188} INFO - [2026-06-11T19:12:54.287+0000] {dag.py:3036} INFO - Sync 1 DAGs
[2026-06-11T19:12:54.310+0000] {logging_mixin.py:188} INFO - [2026-06-11T19:12:54.310+0000] {dag.py:3823} INFO - Setting next_dagrun for crime_analytics_pipeline to 2026-06-06 19:00:00+00:00, run_after=2026-06-13 19:00:00+00:00
[2026-06-11T19:12:54.349+0000] {processor.py:183} INFO - Processing /opt/airflow/dags/dag_crime_pipeline.py took 0.134 seconds
[2026-06-11T19:13:24.508+0000] {processor.py:161} INFO - Started process (PID=4044) to work on /opt/airflow/dags/dag_crime_pipeline.py
[2026-06-11T19:13:24.509+0000] {processor.py:830} INFO - Processing file /opt/airflow/dags/dag_crime_pipeline.py for tasks to queue
[2026-06-11T19:13:24.513+0000] {logging_mixin.py:188} INFO - [2026-06-11T19:13:24.512+0000] {dagbag.py:538} INFO - Filling up the DagBag from /opt/airflow/dags/dag_crime_pipeline.py
[2026-06-11T19:13:24.558+0000] {processor.py:840} INFO - DAG(s) 'crime_analytics_pipeline' retrieved from /opt/airflow/dags/dag_crime_pipeline.py
[2026-06-11T19:13:24.591+0000] {logging_mixin.py:188} INFO - [2026-06-11T19:13:24.590+0000] {dag.py:3036} INFO - Sync 1 DAGs
[2026-06-11T19:13:24.614+0000] {logging_mixin.py:188} INFO - [2026-06-11T19:13:24.614+0000] {dag.py:3823} INFO - Setting next_dagrun for crime_analytics_pipeline to 2026-06-06 19:00:00+00:00, run_after=2026-06-13 19:00:00+00:00
[2026-06-11T19:13:24.653+0000] {processor.py:183} INFO - Processing /opt/airflow/dags/dag_crime_pipeline.py took 0.149 seconds
[2026-06-11T19:13:54.921+0000] {processor.py:161} INFO - Started process (PID=4049) to work on /opt/airflow/dags/dag_crime_pipeline.py
[2026-06-11T19:13:54.923+0000] {processor.py:830} INFO - Processing file /opt/airflow/dags/dag_crime_pipeline.py for tasks to queue
[2026-06-11T19:13:54.925+0000] {logging_mixin.py:188} INFO - [2026-06-11T19:13:54.924+0000] {dagbag.py:538} INFO - Filling up the DagBag from /opt/airflow/dags/dag_crime_pipeline.py
[2026-06-11T19:13:54.960+0000] {processor.py:840} INFO - DAG(s) 'crime_analytics_pipeline' retrieved from /opt/airflow/dags/dag_crime_pipeline.py
[2026-06-11T19:13:54.988+0000] {logging_mixin.py:188} INFO - [2026-06-11T19:13:54.988+0000] {dag.py:3036} INFO - Sync 1 DAGs
[2026-06-11T19:13:55.009+0000] {logging_mixin.py:188} INFO - [2026-06-11T19:13:55.009+0000] {dag.py:3823} INFO - Setting next_dagrun for crime_analytics_pipeline to 2026-06-06 19:00:00+00:00, run_after=2026-06-13 19:00:00+00:00
[2026-06-11T19:13:55.049+0000] {processor.py:183} INFO - Processing /opt/airflow/dags/dag_crime_pipeline.py took 0.131 seconds
[2026-06-11T19:14:25.199+0000] {processor.py:161} INFO - Started process (PID=4054) to work on /opt/airflow/dags/dag_crime_pipeline.py
[2026-06-11T19:14:25.201+0000] {processor.py:830} INFO - Processing file /opt/airflow/dags/dag_crime_pipeline.py for tasks to queue
[2026-06-11T19:14:25.204+0000] {logging_mixin.py:188} INFO - [2026-06-11T19:14:25.204+0000] {dagbag.py:538} INFO - Filling up the DagBag from /opt/airflow/dags/dag_crime_pipeline.py
[2026-06-11T19:14:25.245+0000] {processor.py:840} INFO - DAG(s) 'crime_analytics_pipeline' retrieved from /opt/airflow/dags/dag_crime_pipeline.py
[2026-06-11T19:14:25.285+0000] {logging_mixin.py:188} INFO - [2026-06-11T19:14:25.284+0000] {dag.py:3036} INFO - Sync 1 DAGs
[2026-06-11T19:14:25.309+0000] {logging_mixin.py:188} INFO - [2026-06-11T19:14:25.308+0000] {dag.py:3823} INFO - Setting next_dagrun for crime_analytics_pipeline to 2026-06-06 19:00:00+00:00, run_after=2026-06-13 19:00:00+00:00
[2026-06-11T19:14:25.332+0000] {processor.py:183} INFO - Processing /opt/airflow/dags/dag_crime_pipeline.py took 0.137 seconds
[2026-06-11T19:14:55.545+0000] {processor.py:161} INFO - Started process (PID=4059) to work on /opt/airflow/dags/dag_crime_pipeline.py
[2026-06-11T19:14:55.547+0000] {processor.py:830} INFO - Processing file /opt/airflow/dags/dag_crime_pipeline.py for tasks to queue
[2026-06-11T19:14:55.550+0000] {logging_mixin.py:188} INFO - [2026-06-11T19:14:55.550+0000] {dagbag.py:538} INFO - Filling up the DagBag from /opt/airflow/dags/dag_crime_pipeline.py
[2026-06-11T19:14:55.605+0000] {processor.py:840} INFO - DAG(s) 'crime_analytics_pipeline' retrieved from /opt/airflow/dags/dag_crime_pipeline.py
[2026-06-11T19:14:55.646+0000] {logging_mixin.py:188} INFO - [2026-06-11T19:14:55.646+0000] {dag.py:3036} INFO - Sync 1 DAGs
[2026-06-11T19:14:55.670+0000] {logging_mixin.py:188} INFO - [2026-06-11T19:14:55.670+0000] {dag.py:3823} INFO - Setting next_dagrun for crime_analytics_pipeline to 2026-06-06 19:00:00+00:00, run_after=2026-06-13 19:00:00+00:00
[2026-06-11T19:14:55.692+0000] {processor.py:183} INFO - Processing /opt/airflow/dags/dag_crime_pipeline.py took 0.152 seconds
[2026-06-11T19:15:25.945+0000] {processor.py:161} INFO - Started process (PID=4064) to work on /opt/airflow/dags/dag_crime_pipeline.py
[2026-06-11T19:15:25.947+0000] {processor.py:830} INFO - Processing file /opt/airflow/dags/dag_crime_pipeline.py for tasks to queue
[2026-06-11T19:15:25.950+0000] {logging_mixin.py:188} INFO - [2026-06-11T19:15:25.949+0000] {dagbag.py:538} INFO - Filling up the DagBag from /opt/airflow/dags/dag_crime_pipeline.py
[2026-06-11T19:15:25.993+0000] {processor.py:840} INFO - DAG(s) 'crime_analytics_pipeline' retrieved from /opt/airflow/dags/dag_crime_pipeline.py
[2026-06-11T19:15:26.026+0000] {logging_mixin.py:188} INFO - [2026-06-11T19:15:26.026+0000] {dag.py:3036} INFO - Sync 1 DAGs
[2026-06-11T19:15:26.052+0000] {logging_mixin.py:188} INFO - [2026-06-11T19:15:26.051+0000] {dag.py:3823} INFO - Setting next_dagrun for crime_analytics_pipeline to 2026-06-06 19:00:00+00:00, run_after=2026-06-13 19:00:00+00:00
[2026-06-11T19:15:26.081+0000] {processor.py:183} INFO - Processing /opt/airflow/dags/dag_crime_pipeline.py took 0.139 seconds
[2026-06-11T19:15:56.338+0000] {processor.py:161} INFO - Started process (PID=4069) to work on /opt/airflow/dags/dag_crime_pipeline.py
[2026-06-11T19:15:56.340+0000] {processor.py:830} INFO - Processing file /opt/airflow/dags/dag_crime_pipeline.py for tasks to queue
[2026-06-11T19:15:56.343+0000] {logging_mixin.py:188} INFO - [2026-06-11T19:15:56.342+0000] {dagbag.py:538} INFO - Filling up the DagBag from /opt/airflow/dags/dag_crime_pipeline.py
[2026-06-11T19:15:56.383+0000] {processor.py:840} INFO - DAG(s) 'crime_analytics_pipeline' retrieved from /opt/airflow/dags/dag_crime_pipeline.py
[2026-06-11T19:15:56.420+0000] {logging_mixin.py:188} INFO - [2026-06-11T19:15:56.420+0000] {dag.py:3036} INFO - Sync 1 DAGs
[2026-06-11T19:15:56.448+0000] {logging_mixin.py:188} INFO - [2026-06-11T19:15:56.448+0000] {dag.py:3823} INFO - Setting next_dagrun for crime_analytics_pipeline to 2026-06-06 19:00:00+00:00, run_after=2026-06-13 19:00:00+00:00
[2026-06-11T19:15:56.489+0000] {processor.py:183} INFO - Processing /opt/airflow/dags/dag_crime_pipeline.py took 0.156 seconds
[2026-06-11T19:16:26.726+0000] {processor.py:161} INFO - Started process (PID=4074) to work on /opt/airflow/dags/dag_crime_pipeline.py
[2026-06-11T19:16:26.727+0000] {processor.py:830} INFO - Processing file /opt/airflow/dags/dag_crime_pipeline.py for tasks to queue
[2026-06-11T19:16:26.730+0000] {logging_mixin.py:188} INFO - [2026-06-11T19:16:26.730+0000] {dagbag.py:538} INFO - Filling up the DagBag from /opt/airflow/dags/dag_crime_pipeline.py
[2026-06-11T19:16:26.778+0000] {processor.py:840} INFO - DAG(s) 'crime_analytics_pipeline' retrieved from /opt/airflow/dags/dag_crime_pipeline.py
[2026-06-11T19:16:26.825+0000] {logging_mixin.py:188} INFO - [2026-06-11T19:16:26.824+0000] {dag.py:3036} INFO - Sync 1 DAGs
[2026-06-11T19:16:26.849+0000] {logging_mixin.py:188} INFO - [2026-06-11T19:16:26.848+0000] {dag.py:3823} INFO - Setting next_dagrun for crime_analytics_pipeline to 2026-06-06 19:00:00+00:00, run_after=2026-06-13 19:00:00+00:00
[2026-06-11T19:16:26.869+0000] {processor.py:183} INFO - Processing /opt/airflow/dags/dag_crime_pipeline.py took 0.148 seconds
[2026-06-11T19:16:57.074+0000] {processor.py:161} INFO - Started process (PID=4079) to work on /opt/airflow/dags/dag_crime_pipeline.py
[2026-06-11T19:16:57.075+0000] {processor.py:830} INFO - Processing file /opt/airflow/dags/dag_crime_pipeline.py for tasks to queue
[2026-06-11T19:16:57.078+0000] {logging_mixin.py:188} INFO - [2026-06-11T19:16:57.078+0000] {dagbag.py:538} INFO - Filling up the DagBag from /opt/airflow/dags/dag_crime_pipeline.py
[2026-06-11T19:16:57.119+0000] {processor.py:840} INFO - DAG(s) 'crime_analytics_pipeline' retrieved from /opt/airflow/dags/dag_crime_pipeline.py
[2026-06-11T19:16:57.160+0000] {logging_mixin.py:188} INFO - [2026-06-11T19:16:57.160+0000] {dag.py:3036} INFO - Sync 1 DAGs
[2026-06-11T19:16:57.187+0000] {logging_mixin.py:188} INFO - [2026-06-11T19:16:57.187+0000] {dag.py:3823} INFO - Setting next_dagrun for crime_analytics_pipeline to 2026-06-06 19:00:00+00:00, run_after=2026-06-13 19:00:00+00:00
[2026-06-11T19:16:57.211+0000] {processor.py:183} INFO - Processing /opt/airflow/dags/dag_crime_pipeline.py took 0.142 seconds
[2026-06-11T19:17:27.408+0000] {processor.py:161} INFO - Started process (PID=4084) to work on /opt/airflow/dags/dag_crime_pipeline.py
[2026-06-11T19:17:27.409+0000] {processor.py:830} INFO - Processing file /opt/airflow/dags/dag_crime_pipeline.py for tasks to queue
[2026-06-11T19:17:27.413+0000] {logging_mixin.py:188} INFO - [2026-06-11T19:17:27.412+0000] {dagbag.py:538} INFO - Filling up the DagBag from /opt/airflow/dags/dag_crime_pipeline.py
[2026-06-11T19:17:27.465+0000] {processor.py:840} INFO - DAG(s) 'crime_analytics_pipeline' retrieved from /opt/airflow/dags/dag_crime_pipeline.py
[2026-06-11T19:17:27.511+0000] {logging_mixin.py:188} INFO - [2026-06-11T19:17:27.511+0000] {dag.py:3036} INFO - Sync 1 DAGs
[2026-06-11T19:17:27.538+0000] {logging_mixin.py:188} INFO - [2026-06-11T19:17:27.537+0000] {dag.py:3823} INFO - Setting next_dagrun for crime_analytics_pipeline to 2026-06-06 19:00:00+00:00, run_after=2026-06-13 19:00:00+00:00
[2026-06-11T19:17:27.563+0000] {processor.py:183} INFO - Processing /opt/airflow/dags/dag_crime_pipeline.py took 0.161 seconds
[2026-06-11T19:17:57.719+0000] {processor.py:161} INFO - Started process (PID=4089) to work on /opt/airflow/dags/dag_crime_pipeline.py
[2026-06-11T19:17:57.721+0000] {processor.py:830} INFO - Processing file /opt/airflow/dags/dag_crime_pipeline.py for tasks to queue
[2026-06-11T19:17:57.724+0000] {logging_mixin.py:188} INFO - [2026-06-11T19:17:57.723+0000] {dagbag.py:538} INFO - Filling up the DagBag from /opt/airflow/dags/dag_crime_pipeline.py
[2026-06-11T19:17:57.768+0000] {processor.py:840} INFO - DAG(s) 'crime_analytics_pipeline' retrieved from /opt/airflow/dags/dag_crime_pipeline.py
[2026-06-11T19:17:57.813+0000] {logging_mixin.py:188} INFO - [2026-06-11T19:17:57.813+0000] {dag.py:3036} INFO - Sync 1 DAGs
[2026-06-11T19:17:57.840+0000] {logging_mixin.py:188} INFO - [2026-06-11T19:17:57.839+0000] {dag.py:3823} INFO - Setting next_dagrun for crime_analytics_pipeline to 2026-06-06 19:00:00+00:00, run_after=2026-06-13 19:00:00+00:00
[2026-06-11T19:17:57.864+0000] {processor.py:183} INFO - Processing /opt/airflow/dags/dag_crime_pipeline.py took 0.149 seconds
[2026-06-11T19:18:28.100+0000] {processor.py:161} INFO - Started process (PID=4094) to work on /opt/airflow/dags/dag_crime_pipeline.py
[2026-06-11T19:18:28.102+0000] {processor.py:830} INFO - Processing file /opt/airflow/dags/dag_crime_pipeline.py for tasks to queue
[2026-06-11T19:18:28.105+0000] {logging_mixin.py:188} INFO - [2026-06-11T19:18:28.105+0000] {dagbag.py:538} INFO - Filling up the DagBag from /opt/airflow/dags/dag_crime_pipeline.py
[2026-06-11T19:18:28.151+0000] {processor.py:840} INFO - DAG(s) 'crime_analytics_pipeline' retrieved from /opt/airflow/dags/dag_crime_pipeline.py
[2026-06-11T19:18:28.194+0000] {logging_mixin.py:188} INFO - [2026-06-11T19:18:28.194+0000] {dag.py:3036} INFO - Sync 1 DAGs
[2026-06-11T19:18:28.224+0000] {logging_mixin.py:188} INFO - [2026-06-11T19:18:28.224+0000] {dag.py:3823} INFO - Setting next_dagrun for crime_analytics_pipeline to 2026-06-06 19:00:00+00:00, run_after=2026-06-13 19:00:00+00:00
[2026-06-11T19:18:28.248+0000] {processor.py:183} INFO - Processing /opt/airflow/dags/dag_crime_pipeline.py took 0.152 seconds
[2026-06-11T19:18:58.394+0000] {processor.py:161} INFO - Started process (PID=4099) to work on /opt/airflow/dags/dag_crime_pipeline.py
[2026-06-11T19:18:58.397+0000] {processor.py:830} INFO - Processing file /opt/airflow/dags/dag_crime_pipeline.py for tasks to queue
[2026-06-11T19:18:58.401+0000] {logging_mixin.py:188} INFO - [2026-06-11T19:18:58.400+0000] {dagbag.py:538} INFO - Filling up the DagBag from /opt/airflow/dags/dag_crime_pipeline.py
[2026-06-11T19:18:58.451+0000] {processor.py:840} INFO - DAG(s) 'crime_analytics_pipeline' retrieved from /opt/airflow/dags/dag_crime_pipeline.py
[2026-06-11T19:18:58.490+0000] {logging_mixin.py:188} INFO - [2026-06-11T19:18:58.489+0000] {dag.py:3036} INFO - Sync 1 DAGs
[2026-06-11T19:18:58.520+0000] {logging_mixin.py:188} INFO - [2026-06-11T19:18:58.519+0000] {dag.py:3823} INFO - Setting next_dagrun for crime_analytics_pipeline to 2026-06-06 19:00:00+00:00, run_after=2026-06-13 19:00:00+00:00
[2026-06-11T19:18:58.562+0000] {processor.py:183} INFO - Processing /opt/airflow/dags/dag_crime_pipeline.py took 0.174 seconds
[2026-06-11T19:19:28.695+0000] {processor.py:161} INFO - Started process (PID=4104) to work on /opt/airflow/dags/dag_crime_pipeline.py
[2026-06-11T19:19:28.697+0000] {processor.py:830} INFO - Processing file /opt/airflow/dags/dag_crime_pipeline.py for tasks to queue
[2026-06-11T19:19:28.701+0000] {logging_mixin.py:188} INFO - [2026-06-11T19:19:28.700+0000] {dagbag.py:538} INFO - Filling up the DagBag from /opt/airflow/dags/dag_crime_pipeline.py
[2026-06-11T19:19:28.750+0000] {processor.py:840} INFO - DAG(s) 'crime_analytics_pipeline' retrieved from /opt/airflow/dags/dag_crime_pipeline.py
[2026-06-11T19:19:28.797+0000] {logging_mixin.py:188} INFO - [2026-06-11T19:19:28.796+0000] {dag.py:3036} INFO - Sync 1 DAGs
[2026-06-11T19:19:28.829+0000] {logging_mixin.py:188} INFO - [2026-06-11T19:19:28.829+0000] {dag.py:3823} INFO - Setting next_dagrun for crime_analytics_pipeline to 2026-06-06 19:00:00+00:00, run_after=2026-06-13 19:00:00+00:00
[2026-06-11T19:19:28.878+0000] {processor.py:183} INFO - Processing /opt/airflow/dags/dag_crime_pipeline.py took 0.189 seconds
[2026-06-11T19:19:59.134+0000] {processor.py:161} INFO - Started process (PID=4109) to work on /opt/airflow/dags/dag_crime_pipeline.py
[2026-06-11T19:19:59.136+0000] {processor.py:830} INFO - Processing file /opt/airflow/dags/dag_crime_pipeline.py for tasks to queue
[2026-06-11T19:19:59.141+0000] {logging_mixin.py:188} INFO - [2026-06-11T19:19:59.140+0000] {dagbag.py:538} INFO - Filling up the DagBag from /opt/airflow/dags/dag_crime_pipeline.py
[2026-06-11T19:19:59.192+0000] {processor.py:840} INFO - DAG(s) 'crime_analytics_pipeline' retrieved from /opt/airflow/dags/dag_crime_pipeline.py
[2026-06-11T19:19:59.235+0000] {logging_mixin.py:188} INFO - [2026-06-11T19:19:59.235+0000] {dag.py:3036} INFO - Sync 1 DAGs
[2026-06-11T19:19:59.262+0000] {logging_mixin.py:188} INFO - [2026-06-11T19:19:59.262+0000] {dag.py:3823} INFO - Setting next_dagrun for crime_analytics_pipeline to 2026-06-06 19:00:00+00:00, run_after=2026-06-13 19:00:00+00:00
[2026-06-11T19:19:59.287+0000] {processor.py:183} INFO - Processing /opt/airflow/dags/dag_crime_pipeline.py took 0.159 seconds
[2026-06-11T19:20:29.548+0000] {processor.py:161} INFO - Started process (PID=4114) to work on /opt/airflow/dags/dag_crime_pipeline.py
[2026-06-11T19:20:29.550+0000] {processor.py:830} INFO - Processing file /opt/airflow/dags/dag_crime_pipeline.py for tasks to queue
[2026-06-11T19:20:29.553+0000] {logging_mixin.py:188} INFO - [2026-06-11T19:20:29.553+0000] {dagbag.py:538} INFO - Filling up the DagBag from /opt/airflow/dags/dag_crime_pipeline.py
[2026-06-11T19:20:29.601+0000] {processor.py:840} INFO - DAG(s) 'crime_analytics_pipeline' retrieved from /opt/airflow/dags/dag_crime_pipeline.py
[2026-06-11T19:20:29.641+0000] {logging_mixin.py:188} INFO - [2026-06-11T19:20:29.640+0000] {dag.py:3036} INFO - Sync 1 DAGs
[2026-06-11T19:20:29.679+0000] {logging_mixin.py:188} INFO - [2026-06-11T19:20:29.679+0000] {dag.py:3823} INFO - Setting next_dagrun for crime_analytics_pipeline to 2026-06-06 19:00:00+00:00, run_after=2026-06-13 19:00:00+00:00
[2026-06-11T19:20:29.702+0000] {processor.py:183} INFO - Processing /opt/airflow/dags/dag_crime_pipeline.py took 0.160 seconds
[2026-06-11T19:20:59.934+0000] {processor.py:161} INFO - Started process (PID=4119) to work on /opt/airflow/dags/dag_crime_pipeline.py
[2026-06-11T19:20:59.936+0000] {processor.py:830} INFO - Processing file /opt/airflow/dags/dag_crime_pipeline.py for tasks to queue
[2026-06-11T19:20:59.939+0000] {logging_mixin.py:188} INFO - [2026-06-11T19:20:59.938+0000] {dagbag.py:538} INFO - Filling up the DagBag from /opt/airflow/dags/dag_crime_pipeline.py
[2026-06-11T19:20:59.994+0000] {processor.py:840} INFO - DAG(s) 'crime_analytics_pipeline' retrieved from /opt/airflow/dags/dag_crime_pipeline.py
[2026-06-11T19:21:00.036+0000] {logging_mixin.py:188} INFO - [2026-06-11T19:21:00.035+0000] {dag.py:3036} INFO - Sync 1 DAGs
[2026-06-11T19:21:00.061+0000] {logging_mixin.py:188} INFO - [2026-06-11T19:21:00.060+0000] {dag.py:3823} INFO - Setting next_dagrun for crime_analytics_pipeline to 2026-06-06 19:00:00+00:00, run_after=2026-06-13 19:00:00+00:00
[2026-06-11T19:21:00.106+0000] {processor.py:183} INFO - Processing /opt/airflow/dags/dag_crime_pipeline.py took 0.177 seconds
[2026-06-11T19:21:30.359+0000] {processor.py:161} INFO - Started process (PID=4124) to work on /opt/airflow/dags/dag_crime_pipeline.py
[2026-06-11T19:21:30.360+0000] {processor.py:830} INFO - Processing file /opt/airflow/dags/dag_crime_pipeline.py for tasks to queue
[2026-06-11T19:21:30.363+0000] {logging_mixin.py:188} INFO - [2026-06-11T19:21:30.363+0000] {dagbag.py:538} INFO - Filling up the DagBag from /opt/airflow/dags/dag_crime_pipeline.py
[2026-06-11T19:21:30.404+0000] {processor.py:840} INFO - DAG(s) 'crime_analytics_pipeline' retrieved from /opt/airflow/dags/dag_crime_pipeline.py
[2026-06-11T19:21:30.438+0000] {logging_mixin.py:188} INFO - [2026-06-11T19:21:30.437+0000] {dag.py:3036} INFO - Sync 1 DAGs
[2026-06-11T19:21:30.461+0000] {logging_mixin.py:188} INFO - [2026-06-11T19:21:30.461+0000] {dag.py:3823} INFO - Setting next_dagrun for crime_analytics_pipeline to 2026-06-06 19:00:00+00:00, run_after=2026-06-13 19:00:00+00:00
[2026-06-11T19:21:30.480+0000] {processor.py:183} INFO - Processing /opt/airflow/dags/dag_crime_pipeline.py took 0.125 seconds
[2026-06-11T19:22:00.594+0000] {processor.py:161} INFO - Started process (PID=4129) to work on /opt/airflow/dags/dag_crime_pipeline.py
[2026-06-11T19:22:00.596+0000] {processor.py:830} INFO - Processing file /opt/airflow/dags/dag_crime_pipeline.py for tasks to queue
[2026-06-11T19:22:00.599+0000] {logging_mixin.py:188} INFO - [2026-06-11T19:22:00.599+0000] {dagbag.py:538} INFO - Filling up the DagBag from /opt/airflow/dags/dag_crime_pipeline.py
[2026-06-11T19:22:00.646+0000] {processor.py:840} INFO - DAG(s) 'crime_analytics_pipeline' retrieved from /opt/airflow/dags/dag_crime_pipeline.py
[2026-06-11T19:22:00.687+0000] {logging_mixin.py:188} INFO - [2026-06-11T19:22:00.686+0000] {dag.py:3036} INFO - Sync 1 DAGs
[2026-06-11T19:22:00.713+0000] {logging_mixin.py:188} INFO - [2026-06-11T19:22:00.713+0000] {dag.py:3823} INFO - Setting next_dagrun for crime_analytics_pipeline to 2026-06-06 19:00:00+00:00, run_after=2026-06-13 19:00:00+00:00
[2026-06-11T19:22:00.737+0000] {processor.py:183} INFO - Processing /opt/airflow/dags/dag_crime_pipeline.py took 0.149 seconds
[2026-06-11T19:22:31.152+0000] {processor.py:161} INFO - Started process (PID=4134) to work on /opt/airflow/dags/dag_crime_pipeline.py
[2026-06-11T19:22:31.154+0000] {processor.py:830} INFO - Processing file /opt/airflow/dags/dag_crime_pipeline.py for tasks to queue
[2026-06-11T19:22:31.159+0000] {logging_mixin.py:188} INFO - [2026-06-11T19:22:31.158+0000] {dagbag.py:538} INFO - Filling up the DagBag from /opt/airflow/dags/dag_crime_pipeline.py
[2026-06-11T19:22:31.207+0000] {processor.py:840} INFO - DAG(s) 'crime_analytics_pipeline' retrieved from /opt/airflow/dags/dag_crime_pipeline.py
[2026-06-11T19:22:31.252+0000] {logging_mixin.py:188} INFO - [2026-06-11T19:22:31.251+0000] {dag.py:3036} INFO - Sync 1 DAGs
[2026-06-11T19:22:31.281+0000] {logging_mixin.py:188} INFO - [2026-06-11T19:22:31.281+0000] {dag.py:3823} INFO - Setting next_dagrun for crime_analytics_pipeline to 2026-06-06 19:00:00+00:00, run_after=2026-06-13 19:00:00+00:00
[2026-06-11T19:22:31.303+0000] {processor.py:183} INFO - Processing /opt/airflow/dags/dag_crime_pipeline.py took 0.157 seconds
[2026-06-11T19:23:01.669+0000] {processor.py:161} INFO - Started process (PID=4139) to work on /opt/airflow/dags/dag_crime_pipeline.py
[2026-06-11T19:23:01.671+0000] {processor.py:830} INFO - Processing file /opt/airflow/dags/dag_crime_pipeline.py for tasks to queue
[2026-06-11T19:23:01.674+0000] {logging_mixin.py:188} INFO - [2026-06-11T19:23:01.674+0000] {dagbag.py:538} INFO - Filling up the DagBag from /opt/airflow/dags/dag_crime_pipeline.py
[2026-06-11T19:23:01.722+0000] {processor.py:840} INFO - DAG(s) 'crime_analytics_pipeline' retrieved from /opt/airflow/dags/dag_crime_pipeline.py
[2026-06-11T19:23:01.764+0000] {logging_mixin.py:188} INFO - [2026-06-11T19:23:01.763+0000] {dag.py:3036} INFO - Sync 1 DAGs
[2026-06-11T19:23:01.797+0000] {logging_mixin.py:188} INFO - [2026-06-11T19:23:01.797+0000] {dag.py:3823} INFO - Setting next_dagrun for crime_analytics_pipeline to 2026-06-06 19:00:00+00:00, run_after=2026-06-13 19:00:00+00:00
[2026-06-11T19:23:01.842+0000] {processor.py:183} INFO - Processing /opt/airflow/dags/dag_crime_pipeline.py took 0.179 seconds
[2026-06-11T19:23:31.965+0000] {processor.py:161} INFO - Started process (PID=4144) to work on /opt/airflow/dags/dag_crime_pipeline.py
[2026-06-11T19:23:31.967+0000] {processor.py:830} INFO - Processing file /opt/airflow/dags/dag_crime_pipeline.py for tasks to queue
[2026-06-11T19:23:31.971+0000] {logging_mixin.py:188} INFO - [2026-06-11T19:23:31.970+0000] {dagbag.py:538} INFO - Filling up the DagBag from /opt/airflow/dags/dag_crime_pipeline.py
[2026-06-11T19:23:32.020+0000] {processor.py:840} INFO - DAG(s) 'crime_analytics_pipeline' retrieved from /opt/airflow/dags/dag_crime_pipeline.py
[2026-06-11T19:23:32.061+0000] {logging_mixin.py:188} INFO - [2026-06-11T19:23:32.060+0000] {dag.py:3036} INFO - Sync 1 DAGs
[2026-06-11T19:23:32.091+0000] {logging_mixin.py:188} INFO - [2026-06-11T19:23:32.091+0000] {dag.py:3823} INFO - Setting next_dagrun for crime_analytics_pipeline to 2026-06-06 19:00:00+00:00, run_after=2026-06-13 19:00:00+00:00
[2026-06-11T19:23:32.115+0000] {processor.py:183} INFO - Processing /opt/airflow/dags/dag_crime_pipeline.py took 0.158 seconds
[2026-06-11T19:24:02.237+0000] {processor.py:161} INFO - Started process (PID=4149) to work on /opt/airflow/dags/dag_crime_pipeline.py
[2026-06-11T19:24:02.239+0000] {processor.py:830} INFO - Processing file /opt/airflow/dags/dag_crime_pipeline.py for tasks to queue
[2026-06-11T19:24:02.242+0000] {logging_mixin.py:188} INFO - [2026-06-11T19:24:02.242+0000] {dagbag.py:538} INFO - Filling up the DagBag from /opt/airflow/dags/dag_crime_pipeline.py
[2026-06-11T19:24:02.290+0000] {processor.py:840} INFO - DAG(s) 'crime_analytics_pipeline' retrieved from /opt/airflow/dags/dag_crime_pipeline.py
[2026-06-11T19:24:02.326+0000] {logging_mixin.py:188} INFO - [2026-06-11T19:24:02.326+0000] {dag.py:3036} INFO - Sync 1 DAGs
[2026-06-11T19:24:02.350+0000] {logging_mixin.py:188} INFO - [2026-06-11T19:24:02.349+0000] {dag.py:3823} INFO - Setting next_dagrun for crime_analytics_pipeline to 2026-06-06 19:00:00+00:00, run_after=2026-06-13 19:00:00+00:00
[2026-06-11T19:24:02.388+0000] {processor.py:183} INFO - Processing /opt/airflow/dags/dag_crime_pipeline.py took 0.155 seconds
[2026-06-11T19:24:32.523+0000] {processor.py:161} INFO - Started process (PID=4154) to work on /opt/airflow/dags/dag_crime_pipeline.py
[2026-06-11T19:24:32.525+0000] {processor.py:830} INFO - Processing file /opt/airflow/dags/dag_crime_pipeline.py for tasks to queue
[2026-06-11T19:24:32.530+0000] {logging_mixin.py:188} INFO - [2026-06-11T19:24:32.529+0000] {dagbag.py:538} INFO - Filling up the DagBag from /opt/airflow/dags/dag_crime_pipeline.py
[2026-06-11T19:24:32.579+0000] {processor.py:840} INFO - DAG(s) 'crime_analytics_pipeline' retrieved from /opt/airflow/dags/dag_crime_pipeline.py
[2026-06-11T19:24:32.628+0000] {logging_mixin.py:188} INFO - [2026-06-11T19:24:32.627+0000] {dag.py:3036} INFO - Sync 1 DAGs
[2026-06-11T19:24:32.660+0000] {logging_mixin.py:188} INFO - [2026-06-11T19:24:32.660+0000] {dag.py:3823} INFO - Setting next_dagrun for crime_analytics_pipeline to 2026-06-06 19:00:00+00:00, run_after=2026-06-13 19:00:00+00:00
[2026-06-11T19:24:32.688+0000] {processor.py:183} INFO - Processing /opt/airflow/dags/dag_crime_pipeline.py took 0.172 seconds
[2026-06-11T19:25:02.849+0000] {processor.py:161} INFO - Started process (PID=4159) to work on /opt/airflow/dags/dag_crime_pipeline.py
[2026-06-11T19:25:02.851+0000] {processor.py:830} INFO - Processing file /opt/airflow/dags/dag_crime_pipeline.py for tasks to queue
[2026-06-11T19:25:02.855+0000] {logging_mixin.py:188} INFO - [2026-06-11T19:25:02.854+0000] {dagbag.py:538} INFO - Filling up the DagBag from /opt/airflow/dags/dag_crime_pipeline.py
[2026-06-11T19:25:02.920+0000] {processor.py:840} INFO - DAG(s) 'crime_analytics_pipeline' retrieved from /opt/airflow/dags/dag_crime_pipeline.py
[2026-06-11T19:25:02.963+0000] {logging_mixin.py:188} INFO - [2026-06-11T19:25:02.963+0000] {dag.py:3036} INFO - Sync 1 DAGs
[2026-06-11T19:25:02.995+0000] {logging_mixin.py:188} INFO - [2026-06-11T19:25:02.995+0000] {dag.py:3823} INFO - Setting next_dagrun for crime_analytics_pipeline to 2026-06-06 19:00:00+00:00, run_after=2026-06-13 19:00:00+00:00
[2026-06-11T19:25:03.044+0000] {processor.py:183} INFO - Processing /opt/airflow/dags/dag_crime_pipeline.py took 0.201 seconds
[2026-06-11T19:25:33.251+0000] {processor.py:161} INFO - Started process (PID=4164) to work on /opt/airflow/dags/dag_crime_pipeline.py
[2026-06-11T19:25:33.253+0000] {processor.py:830} INFO - Processing file /opt/airflow/dags/dag_crime_pipeline.py for tasks to queue
[2026-06-11T19:25:33.257+0000] {logging_mixin.py:188} INFO - [2026-06-11T19:25:33.256+0000] {dagbag.py:538} INFO - Filling up the DagBag from /opt/airflow/dags/dag_crime_pipeline.py
[2026-06-11T19:25:33.307+0000] {processor.py:840} INFO - DAG(s) 'crime_analytics_pipeline' retrieved from /opt/airflow/dags/dag_crime_pipeline.py
[2026-06-11T19:25:33.342+0000] {logging_mixin.py:188} INFO - [2026-06-11T19:25:33.342+0000] {dag.py:3036} INFO - Sync 1 DAGs
[2026-06-11T19:25:33.369+0000] {logging_mixin.py:188} INFO - [2026-06-11T19:25:33.369+0000] {dag.py:3823} INFO - Setting next_dagrun for crime_analytics_pipeline to 2026-06-06 19:00:00+00:00, run_after=2026-06-13 19:00:00+00:00
[2026-06-11T19:25:33.394+0000] {processor.py:183} INFO - Processing /opt/airflow/dags/dag_crime_pipeline.py took 0.149 seconds
[2026-06-11T19:26:03.522+0000] {processor.py:161} INFO - Started process (PID=4169) to work on /opt/airflow/dags/dag_crime_pipeline.py
[2026-06-11T19:26:03.525+0000] {processor.py:830} INFO - Processing file /opt/airflow/dags/dag_crime_pipeline.py for tasks to queue
[2026-06-11T19:26:03.530+0000] {logging_mixin.py:188} INFO - [2026-06-11T19:26:03.529+0000] {dagbag.py:538} INFO - Filling up the DagBag from /opt/airflow/dags/dag_crime_pipeline.py
[2026-06-11T19:26:03.579+0000] {processor.py:840} INFO - DAG(s) 'crime_analytics_pipeline' retrieved from /opt/airflow/dags/dag_crime_pipeline.py
[2026-06-11T19:26:03.620+0000] {logging_mixin.py:188} INFO - [2026-06-11T19:26:03.619+0000] {dag.py:3036} INFO - Sync 1 DAGs
[2026-06-11T19:26:03.649+0000] {logging_mixin.py:188} INFO - [2026-06-11T19:26:03.648+0000] {dag.py:3823} INFO - Setting next_dagrun for crime_analytics_pipeline to 2026-06-06 19:00:00+00:00, run_after=2026-06-13 19:00:00+00:00
[2026-06-11T19:26:03.673+0000] {processor.py:183} INFO - Processing /opt/airflow/dags/dag_crime_pipeline.py took 0.159 seconds
[2026-06-11T19:26:33.965+0000] {processor.py:161} INFO - Started process (PID=4174) to work on /opt/airflow/dags/dag_crime_pipeline.py
[2026-06-11T19:26:33.968+0000] {processor.py:830} INFO - Processing file /opt/airflow/dags/dag_crime_pipeline.py for tasks to queue
[2026-06-11T19:26:33.971+0000] {logging_mixin.py:188} INFO - [2026-06-11T19:26:33.970+0000] {dagbag.py:538} INFO - Filling up the DagBag from /opt/airflow/dags/dag_crime_pipeline.py
[2026-06-11T19:26:34.021+0000] {processor.py:840} INFO - DAG(s) 'crime_analytics_pipeline' retrieved from /opt/airflow/dags/dag_crime_pipeline.py
[2026-06-11T19:26:34.072+0000] {logging_mixin.py:188} INFO - [2026-06-11T19:26:34.071+0000] {dag.py:3036} INFO - Sync 1 DAGs
[2026-06-11T19:26:34.102+0000] {logging_mixin.py:188} INFO - [2026-06-11T19:26:34.102+0000] {dag.py:3823} INFO - Setting next_dagrun for crime_analytics_pipeline to 2026-06-06 19:00:00+00:00, run_after=2026-06-13 19:00:00+00:00
[2026-06-11T19:26:34.127+0000] {processor.py:183} INFO - Processing /opt/airflow/dags/dag_crime_pipeline.py took 0.167 seconds
[2026-06-11T19:27:04.335+0000] {processor.py:161} INFO - Started process (PID=4179) to work on /opt/airflow/dags/dag_crime_pipeline.py
[2026-06-11T19:27:04.337+0000] {processor.py:830} INFO - Processing file /opt/airflow/dags/dag_crime_pipeline.py for tasks to queue
[2026-06-11T19:27:04.341+0000] {logging_mixin.py:188} INFO - [2026-06-11T19:27:04.341+0000] {dagbag.py:538} INFO - Filling up the DagBag from /opt/airflow/dags/dag_crime_pipeline.py
[2026-06-11T19:27:04.389+0000] {processor.py:840} INFO - DAG(s) 'crime_analytics_pipeline' retrieved from /opt/airflow/dags/dag_crime_pipeline.py
[2026-06-11T19:27:04.436+0000] {logging_mixin.py:188} INFO - [2026-06-11T19:27:04.436+0000] {dag.py:3036} INFO - Sync 1 DAGs
[2026-06-11T19:27:04.470+0000] {logging_mixin.py:188} INFO - [2026-06-11T19:27:04.469+0000] {dag.py:3823} INFO - Setting next_dagrun for crime_analytics_pipeline to 2026-06-06 19:00:00+00:00, run_after=2026-06-13 19:00:00+00:00
[2026-06-11T19:27:04.500+0000] {processor.py:183} INFO - Processing /opt/airflow/dags/dag_crime_pipeline.py took 0.171 seconds
[2026-06-11T19:27:34.657+0000] {processor.py:161} INFO - Started process (PID=4184) to work on /opt/airflow/dags/dag_crime_pipeline.py
[2026-06-11T19:27:34.659+0000] {processor.py:830} INFO - Processing file /opt/airflow/dags/dag_crime_pipeline.py for tasks to queue
[2026-06-11T19:27:34.663+0000] {logging_mixin.py:188} INFO - [2026-06-11T19:27:34.662+0000] {dagbag.py:538} INFO - Filling up the DagBag from /opt/airflow/dags/dag_crime_pipeline.py
[2026-06-11T19:27:34.716+0000] {processor.py:840} INFO - DAG(s) 'crime_analytics_pipeline' retrieved from /opt/airflow/dags/dag_crime_pipeline.py
[2026-06-11T19:27:34.763+0000] {logging_mixin.py:188} INFO - [2026-06-11T19:27:34.762+0000] {dag.py:3036} INFO - Sync 1 DAGs
[2026-06-11T19:27:34.796+0000] {logging_mixin.py:188} INFO - [2026-06-11T19:27:34.796+0000] {dag.py:3823} INFO - Setting next_dagrun for crime_analytics_pipeline to 2026-06-06 19:00:00+00:00, run_after=2026-06-13 19:00:00+00:00
[2026-06-11T19:27:34.821+0000] {processor.py:183} INFO - Processing /opt/airflow/dags/dag_crime_pipeline.py took 0.169 seconds
[2026-06-11T19:28:05.191+0000] {processor.py:161} INFO - Started process (PID=4189) to work on /opt/airflow/dags/dag_crime_pipeline.py
[2026-06-11T19:28:05.193+0000] {processor.py:830} INFO - Processing file /opt/airflow/dags/dag_crime_pipeline.py for tasks to queue
[2026-06-11T19:28:05.197+0000] {logging_mixin.py:188} INFO - [2026-06-11T19:28:05.196+0000] {dagbag.py:538} INFO - Filling up the DagBag from /opt/airflow/dags/dag_crime_pipeline.py
[2026-06-11T19:28:05.244+0000] {processor.py:840} INFO - DAG(s) 'crime_analytics_pipeline' retrieved from /opt/airflow/dags/dag_crime_pipeline.py
[2026-06-11T19:28:05.294+0000] {logging_mixin.py:188} INFO - [2026-06-11T19:28:05.293+0000] {dag.py:3036} INFO - Sync 1 DAGs
[2026-06-11T19:28:05.325+0000] {logging_mixin.py:188} INFO - [2026-06-11T19:28:05.325+0000] {dag.py:3823} INFO - Setting next_dagrun for crime_analytics_pipeline to 2026-06-06 19:00:00+00:00, run_after=2026-06-13 19:00:00+00:00
[2026-06-11T19:28:05.366+0000] {processor.py:183} INFO - Processing /opt/airflow/dags/dag_crime_pipeline.py took 0.180 seconds
[2026-06-11T19:28:35.496+0000] {processor.py:161} INFO - Started process (PID=4194) to work on /opt/airflow/dags/dag_crime_pipeline.py
[2026-06-11T19:28:35.498+0000] {processor.py:830} INFO - Processing file /opt/airflow/dags/dag_crime_pipeline.py for tasks to queue
[2026-06-11T19:28:35.502+0000] {logging_mixin.py:188} INFO - [2026-06-11T19:28:35.501+0000] {dagbag.py:538} INFO - Filling up the DagBag from /opt/airflow/dags/dag_crime_pipeline.py
[2026-06-11T19:28:35.543+0000] {processor.py:840} INFO - DAG(s) 'crime_analytics_pipeline' retrieved from /opt/airflow/dags/dag_crime_pipeline.py
[2026-06-11T19:28:35.576+0000] {logging_mixin.py:188} INFO - [2026-06-11T19:28:35.576+0000] {dag.py:3036} INFO - Sync 1 DAGs
[2026-06-11T19:28:35.605+0000] {logging_mixin.py:188} INFO - [2026-06-11T19:28:35.605+0000] {dag.py:3823} INFO - Setting next_dagrun for crime_analytics_pipeline to 2026-06-06 19:00:00+00:00, run_after=2026-06-13 19:00:00+00:00
[2026-06-11T19:28:35.635+0000] {processor.py:183} INFO - Processing /opt/airflow/dags/dag_crime_pipeline.py took 0.142 seconds
[2026-06-11T19:29:05.861+0000] {processor.py:161} INFO - Started process (PID=4199) to work on /opt/airflow/dags/dag_crime_pipeline.py
[2026-06-11T19:29:05.863+0000] {processor.py:830} INFO - Processing file /opt/airflow/dags/dag_crime_pipeline.py for tasks to queue
[2026-06-11T19:29:05.867+0000] {logging_mixin.py:188} INFO - [2026-06-11T19:29:05.866+0000] {dagbag.py:538} INFO - Filling up the DagBag from /opt/airflow/dags/dag_crime_pipeline.py
[2026-06-11T19:29:05.913+0000] {processor.py:840} INFO - DAG(s) 'crime_analytics_pipeline' retrieved from /opt/airflow/dags/dag_crime_pipeline.py
[2026-06-11T19:29:05.953+0000] {logging_mixin.py:188} INFO - [2026-06-11T19:29:05.953+0000] {dag.py:3036} INFO - Sync 1 DAGs
[2026-06-11T19:29:05.981+0000] {logging_mixin.py:188} INFO - [2026-06-11T19:29:05.981+0000] {dag.py:3823} INFO - Setting next_dagrun for crime_analytics_pipeline to 2026-06-06 19:00:00+00:00, run_after=2026-06-13 19:00:00+00:00
[2026-06-11T19:29:06.007+0000] {processor.py:183} INFO - Processing /opt/airflow/dags/dag_crime_pipeline.py took 0.151 seconds
[2026-06-11T19:29:36.260+0000] {processor.py:161} INFO - Started process (PID=4204) to work on /opt/airflow/dags/dag_crime_pipeline.py
[2026-06-11T19:29:36.263+0000] {processor.py:830} INFO - Processing file /opt/airflow/dags/dag_crime_pipeline.py for tasks to queue
[2026-06-11T19:29:36.270+0000] {logging_mixin.py:188} INFO - [2026-06-11T19:29:36.268+0000] {dagbag.py:538} INFO - Filling up the DagBag from /opt/airflow/dags/dag_crime_pipeline.py
[2026-06-11T19:29:36.322+0000] {processor.py:840} INFO - DAG(s) 'crime_analytics_pipeline' retrieved from /opt/airflow/dags/dag_crime_pipeline.py
[2026-06-11T19:29:36.368+0000] {logging_mixin.py:188} INFO - [2026-06-11T19:29:36.367+0000] {dag.py:3036} INFO - Sync 1 DAGs
[2026-06-11T19:29:36.407+0000] {logging_mixin.py:188} INFO - [2026-06-11T19:29:36.407+0000] {dag.py:3823} INFO - Setting next_dagrun for crime_analytics_pipeline to 2026-06-06 19:00:00+00:00, run_after=2026-06-13 19:00:00+00:00
[2026-06-11T19:29:36.454+0000] {processor.py:183} INFO - Processing /opt/airflow/dags/dag_crime_pipeline.py took 0.200 seconds
[2026-06-11T19:30:06.613+0000] {processor.py:161} INFO - Started process (PID=4209) to work on /opt/airflow/dags/dag_crime_pipeline.py
[2026-06-11T19:30:06.615+0000] {processor.py:830} INFO - Processing file /opt/airflow/dags/dag_crime_pipeline.py for tasks to queue
[2026-06-11T19:30:06.619+0000] {logging_mixin.py:188} INFO - [2026-06-11T19:30:06.618+0000] {dagbag.py:538} INFO - Filling up the DagBag from /opt/airflow/dags/dag_crime_pipeline.py
[2026-06-11T19:30:06.667+0000] {processor.py:840} INFO - DAG(s) 'crime_analytics_pipeline' retrieved from /opt/airflow/dags/dag_crime_pipeline.py
[2026-06-11T19:30:06.708+0000] {logging_mixin.py:188} INFO - [2026-06-11T19:30:06.708+0000] {dag.py:3036} INFO - Sync 1 DAGs
[2026-06-11T19:30:06.735+0000] {logging_mixin.py:188} INFO - [2026-06-11T19:30:06.735+0000] {dag.py:3823} INFO - Setting next_dagrun for crime_analytics_pipeline to 2026-06-06 19:00:00+00:00, run_after=2026-06-13 19:00:00+00:00
[2026-06-11T19:30:06.762+0000] {processor.py:183} INFO - Processing /opt/airflow/dags/dag_crime_pipeline.py took 0.155 seconds
[2026-06-11T19:30:37.141+0000] {processor.py:161} INFO - Started process (PID=4214) to work on /opt/airflow/dags/dag_crime_pipeline.py
[2026-06-11T19:30:37.143+0000] {processor.py:830} INFO - Processing file /opt/airflow/dags/dag_crime_pipeline.py for tasks to queue
[2026-06-11T19:30:37.147+0000] {logging_mixin.py:188} INFO - [2026-06-11T19:30:37.146+0000] {dagbag.py:538} INFO - Filling up the DagBag from /opt/airflow/dags/dag_crime_pipeline.py
[2026-06-11T19:30:37.200+0000] {processor.py:840} INFO - DAG(s) 'crime_analytics_pipeline' retrieved from /opt/airflow/dags/dag_crime_pipeline.py
[2026-06-11T19:30:37.240+0000] {logging_mixin.py:188} INFO - [2026-06-11T19:30:37.239+0000] {dag.py:3036} INFO - Sync 1 DAGs
[2026-06-11T19:30:37.272+0000] {logging_mixin.py:188} INFO - [2026-06-11T19:30:37.271+0000] {dag.py:3823} INFO - Setting next_dagrun for crime_analytics_pipeline to 2026-06-06 19:00:00+00:00, run_after=2026-06-13 19:00:00+00:00
[2026-06-11T19:30:37.296+0000] {processor.py:183} INFO - Processing /opt/airflow/dags/dag_crime_pipeline.py took 0.161 seconds
[2026-06-11T19:31:07.442+0000] {processor.py:161} INFO - Started process (PID=4219) to work on /opt/airflow/dags/dag_crime_pipeline.py
[2026-06-11T19:31:07.444+0000] {processor.py:830} INFO - Processing file /opt/airflow/dags/dag_crime_pipeline.py for tasks to queue
[2026-06-11T19:31:07.447+0000] {logging_mixin.py:188} INFO - [2026-06-11T19:31:07.447+0000] {dagbag.py:538} INFO - Filling up the DagBag from /opt/airflow/dags/dag_crime_pipeline.py
[2026-06-11T19:31:07.497+0000] {processor.py:840} INFO - DAG(s) 'crime_analytics_pipeline' retrieved from /opt/airflow/dags/dag_crime_pipeline.py
[2026-06-11T19:31:07.537+0000] {logging_mixin.py:188} INFO - [2026-06-11T19:31:07.536+0000] {dag.py:3036} INFO - Sync 1 DAGs
[2026-06-11T19:31:07.565+0000] {logging_mixin.py:188} INFO - [2026-06-11T19:31:07.565+0000] {dag.py:3823} INFO - Setting next_dagrun for crime_analytics_pipeline to 2026-06-06 19:00:00+00:00, run_after=2026-06-13 19:00:00+00:00
[2026-06-11T19:31:07.589+0000] {processor.py:183} INFO - Processing /opt/airflow/dags/dag_crime_pipeline.py took 0.153 seconds
[2026-06-11T19:31:37.927+0000] {processor.py:161} INFO - Started process (PID=4224) to work on /opt/airflow/dags/dag_crime_pipeline.py
[2026-06-11T19:31:37.929+0000] {processor.py:830} INFO - Processing file /opt/airflow/dags/dag_crime_pipeline.py for tasks to queue
[2026-06-11T19:31:37.933+0000] {logging_mixin.py:188} INFO - [2026-06-11T19:31:37.932+0000] {dagbag.py:538} INFO - Filling up the DagBag from /opt/airflow/dags/dag_crime_pipeline.py
[2026-06-11T19:31:37.983+0000] {processor.py:840} INFO - DAG(s) 'crime_analytics_pipeline' retrieved from /opt/airflow/dags/dag_crime_pipeline.py
[2026-06-11T19:31:38.022+0000] {logging_mixin.py:188} INFO - [2026-06-11T19:31:38.021+0000] {dag.py:3036} INFO - Sync 1 DAGs
[2026-06-11T19:31:38.051+0000] {logging_mixin.py:188} INFO - [2026-06-11T19:31:38.051+0000] {dag.py:3823} INFO - Setting next_dagrun for crime_analytics_pipeline to 2026-06-06 19:00:00+00:00, run_after=2026-06-13 19:00:00+00:00
[2026-06-11T19:31:38.098+0000] {processor.py:183} INFO - Processing /opt/airflow/dags/dag_crime_pipeline.py took 0.177 seconds
[2026-06-11T19:32:08.286+0000] {processor.py:161} INFO - Started process (PID=4229) to work on /opt/airflow/dags/dag_crime_pipeline.py
[2026-06-11T19:32:08.289+0000] {processor.py:830} INFO - Processing file /opt/airflow/dags/dag_crime_pipeline.py for tasks to queue
[2026-06-11T19:32:08.293+0000] {logging_mixin.py:188} INFO - [2026-06-11T19:32:08.292+0000] {dagbag.py:538} INFO - Filling up the DagBag from /opt/airflow/dags/dag_crime_pipeline.py
[2026-06-11T19:32:08.344+0000] {processor.py:840} INFO - DAG(s) 'crime_analytics_pipeline' retrieved from /opt/airflow/dags/dag_crime_pipeline.py
[2026-06-11T19:32:08.389+0000] {logging_mixin.py:188} INFO - [2026-06-11T19:32:08.389+0000] {dag.py:3036} INFO - Sync 1 DAGs
[2026-06-11T19:32:08.422+0000] {logging_mixin.py:188} INFO - [2026-06-11T19:32:08.422+0000] {dag.py:3823} INFO - Setting next_dagrun for crime_analytics_pipeline to 2026-06-06 19:00:00+00:00, run_after=2026-06-13 19:00:00+00:00
[2026-06-11T19:32:08.469+0000] {processor.py:183} INFO - Processing /opt/airflow/dags/dag_crime_pipeline.py took 0.187 seconds
[2026-06-11T19:32:38.641+0000] {processor.py:161} INFO - Started process (PID=4234) to work on /opt/airflow/dags/dag_crime_pipeline.py
[2026-06-11T19:32:38.642+0000] {processor.py:830} INFO - Processing file /opt/airflow/dags/dag_crime_pipeline.py for tasks to queue
[2026-06-11T19:32:38.646+0000] {logging_mixin.py:188} INFO - [2026-06-11T19:32:38.645+0000] {dagbag.py:538} INFO - Filling up the DagBag from /opt/airflow/dags/dag_crime_pipeline.py
[2026-06-11T19:32:38.708+0000] {processor.py:840} INFO - DAG(s) 'crime_analytics_pipeline' retrieved from /opt/airflow/dags/dag_crime_pipeline.py
[2026-06-11T19:32:38.762+0000] {logging_mixin.py:188} INFO - [2026-06-11T19:32:38.762+0000] {dag.py:3036} INFO - Sync 1 DAGs
[2026-06-11T19:32:38.789+0000] {logging_mixin.py:188} INFO - [2026-06-11T19:32:38.789+0000] {dag.py:3823} INFO - Setting next_dagrun for crime_analytics_pipeline to 2026-06-06 19:00:00+00:00, run_after=2026-06-13 19:00:00+00:00
[2026-06-11T19:32:38.812+0000] {processor.py:183} INFO - Processing /opt/airflow/dags/dag_crime_pipeline.py took 0.177 seconds
[2026-06-11T19:33:08.979+0000] {processor.py:161} INFO - Started process (PID=4239) to work on /opt/airflow/dags/dag_crime_pipeline.py
[2026-06-11T19:33:08.981+0000] {processor.py:830} INFO - Processing file /opt/airflow/dags/dag_crime_pipeline.py for tasks to queue
[2026-06-11T19:33:08.984+0000] {logging_mixin.py:188} INFO - [2026-06-11T19:33:08.983+0000] {dagbag.py:538} INFO - Filling up the DagBag from /opt/airflow/dags/dag_crime_pipeline.py
[2026-06-11T19:33:09.029+0000] {processor.py:840} INFO - DAG(s) 'crime_analytics_pipeline' retrieved from /opt/airflow/dags/dag_crime_pipeline.py
[2026-06-11T19:33:09.068+0000] {logging_mixin.py:188} INFO - [2026-06-11T19:33:09.067+0000] {dag.py:3036} INFO - Sync 1 DAGs
[2026-06-11T19:33:09.096+0000] {logging_mixin.py:188} INFO - [2026-06-11T19:33:09.096+0000] {dag.py:3823} INFO - Setting next_dagrun for crime_analytics_pipeline to 2026-06-06 19:00:00+00:00, run_after=2026-06-13 19:00:00+00:00
[2026-06-11T19:33:09.145+0000] {processor.py:183} INFO - Processing /opt/airflow/dags/dag_crime_pipeline.py took 0.171 seconds
[2026-06-11T19:33:39.414+0000] {processor.py:161} INFO - Started process (PID=4244) to work on /opt/airflow/dags/dag_crime_pipeline.py
[2026-06-11T19:33:39.416+0000] {processor.py:830} INFO - Processing file /opt/airflow/dags/dag_crime_pipeline.py for tasks to queue
[2026-06-11T19:33:39.419+0000] {logging_mixin.py:188} INFO - [2026-06-11T19:33:39.418+0000] {dagbag.py:538} INFO - Filling up the DagBag from /opt/airflow/dags/dag_crime_pipeline.py
[2026-06-11T19:33:39.465+0000] {processor.py:840} INFO - DAG(s) 'crime_analytics_pipeline' retrieved from /opt/airflow/dags/dag_crime_pipeline.py
[2026-06-11T19:33:39.508+0000] {logging_mixin.py:188} INFO - [2026-06-11T19:33:39.508+0000] {dag.py:3036} INFO - Sync 1 DAGs
[2026-06-11T19:33:39.535+0000] {logging_mixin.py:188} INFO - [2026-06-11T19:33:39.535+0000] {dag.py:3823} INFO - Setting next_dagrun for crime_analytics_pipeline to 2026-06-06 19:00:00+00:00, run_after=2026-06-13 19:00:00+00:00
[2026-06-11T19:33:39.559+0000] {processor.py:183} INFO - Processing /opt/airflow/dags/dag_crime_pipeline.py took 0.150 seconds
[2026-06-11T19:34:09.812+0000] {processor.py:161} INFO - Started process (PID=4249) to work on /opt/airflow/dags/dag_crime_pipeline.py
[2026-06-11T19:34:09.814+0000] {processor.py:830} INFO - Processing file /opt/airflow/dags/dag_crime_pipeline.py for tasks to queue
[2026-06-11T19:34:09.816+0000] {logging_mixin.py:188} INFO - [2026-06-11T19:34:09.816+0000] {dagbag.py:538} INFO - Filling up the DagBag from /opt/airflow/dags/dag_crime_pipeline.py
[2026-06-11T19:34:09.859+0000] {processor.py:840} INFO - DAG(s) 'crime_analytics_pipeline' retrieved from /opt/airflow/dags/dag_crime_pipeline.py
[2026-06-11T19:34:09.901+0000] {logging_mixin.py:188} INFO - [2026-06-11T19:34:09.901+0000] {dag.py:3036} INFO - Sync 1 DAGs
[2026-06-11T19:34:09.929+0000] {logging_mixin.py:188} INFO - [2026-06-11T19:34:09.929+0000] {dag.py:3823} INFO - Setting next_dagrun for crime_analytics_pipeline to 2026-06-06 19:00:00+00:00, run_after=2026-06-13 19:00:00+00:00
[2026-06-11T19:34:09.973+0000] {processor.py:183} INFO - Processing /opt/airflow/dags/dag_crime_pipeline.py took 0.165 seconds
[2026-06-11T19:34:40.312+0000] {processor.py:161} INFO - Started process (PID=4254) to work on /opt/airflow/dags/dag_crime_pipeline.py
[2026-06-11T19:34:40.313+0000] {processor.py:830} INFO - Processing file /opt/airflow/dags/dag_crime_pipeline.py for tasks to queue
[2026-06-11T19:34:40.317+0000] {logging_mixin.py:188} INFO - [2026-06-11T19:34:40.316+0000] {dagbag.py:538} INFO - Filling up the DagBag from /opt/airflow/dags/dag_crime_pipeline.py
[2026-06-11T19:34:40.358+0000] {processor.py:840} INFO - DAG(s) 'crime_analytics_pipeline' retrieved from /opt/airflow/dags/dag_crime_pipeline.py
[2026-06-11T19:34:40.393+0000] {logging_mixin.py:188} INFO - [2026-06-11T19:34:40.393+0000] {dag.py:3036} INFO - Sync 1 DAGs
[2026-06-11T19:34:40.416+0000] {logging_mixin.py:188} INFO - [2026-06-11T19:34:40.416+0000] {dag.py:3823} INFO - Setting next_dagrun for crime_analytics_pipeline to 2026-06-06 19:00:00+00:00, run_after=2026-06-13 19:00:00+00:00
[2026-06-11T19:34:40.458+0000] {processor.py:183} INFO - Processing /opt/airflow/dags/dag_crime_pipeline.py took 0.150 seconds
[2026-06-11T19:35:10.693+0000] {processor.py:161} INFO - Started process (PID=4259) to work on /opt/airflow/dags/dag_crime_pipeline.py
[2026-06-11T19:35:10.695+0000] {processor.py:830} INFO - Processing file /opt/airflow/dags/dag_crime_pipeline.py for tasks to queue
[2026-06-11T19:35:10.697+0000] {logging_mixin.py:188} INFO - [2026-06-11T19:35:10.697+0000] {dagbag.py:538} INFO - Filling up the DagBag from /opt/airflow/dags/dag_crime_pipeline.py
[2026-06-11T19:35:10.738+0000] {processor.py:840} INFO - DAG(s) 'crime_analytics_pipeline' retrieved from /opt/airflow/dags/dag_crime_pipeline.py
[2026-06-11T19:35:10.772+0000] {logging_mixin.py:188} INFO - [2026-06-11T19:35:10.772+0000] {dag.py:3036} INFO - Sync 1 DAGs
[2026-06-11T19:35:10.801+0000] {logging_mixin.py:188} INFO - [2026-06-11T19:35:10.800+0000] {dag.py:3823} INFO - Setting next_dagrun for crime_analytics_pipeline to 2026-06-06 19:00:00+00:00, run_after=2026-06-13 19:00:00+00:00
[2026-06-11T19:35:10.825+0000] {processor.py:183} INFO - Processing /opt/airflow/dags/dag_crime_pipeline.py took 0.135 seconds
[2026-06-11T19:35:40.999+0000] {processor.py:161} INFO - Started process (PID=4264) to work on /opt/airflow/dags/dag_crime_pipeline.py
[2026-06-11T19:35:41.001+0000] {processor.py:830} INFO - Processing file /opt/airflow/dags/dag_crime_pipeline.py for tasks to queue
[2026-06-11T19:35:41.004+0000] {logging_mixin.py:188} INFO - [2026-06-11T19:35:41.003+0000] {dagbag.py:538} INFO - Filling up the DagBag from /opt/airflow/dags/dag_crime_pipeline.py
[2026-06-11T19:35:41.045+0000] {processor.py:840} INFO - DAG(s) 'crime_analytics_pipeline' retrieved from /opt/airflow/dags/dag_crime_pipeline.py
[2026-06-11T19:35:41.079+0000] {logging_mixin.py:188} INFO - [2026-06-11T19:35:41.079+0000] {dag.py:3036} INFO - Sync 1 DAGs
[2026-06-11T19:35:41.104+0000] {logging_mixin.py:188} INFO - [2026-06-11T19:35:41.103+0000] {dag.py:3823} INFO - Setting next_dagrun for crime_analytics_pipeline to 2026-06-06 19:00:00+00:00, run_after=2026-06-13 19:00:00+00:00
[2026-06-11T19:35:41.128+0000] {processor.py:183} INFO - Processing /opt/airflow/dags/dag_crime_pipeline.py took 0.133 seconds
[2026-06-11T19:36:11.392+0000] {processor.py:161} INFO - Started process (PID=4269) to work on /opt/airflow/dags/dag_crime_pipeline.py
[2026-06-11T19:36:11.394+0000] {processor.py:830} INFO - Processing file /opt/airflow/dags/dag_crime_pipeline.py for tasks to queue
[2026-06-11T19:36:11.397+0000] {logging_mixin.py:188} INFO - [2026-06-11T19:36:11.396+0000] {dagbag.py:538} INFO - Filling up the DagBag from /opt/airflow/dags/dag_crime_pipeline.py
[2026-06-11T19:36:11.441+0000] {processor.py:840} INFO - DAG(s) 'crime_analytics_pipeline' retrieved from /opt/airflow/dags/dag_crime_pipeline.py
[2026-06-11T19:36:11.478+0000] {logging_mixin.py:188} INFO - [2026-06-11T19:36:11.477+0000] {dag.py:3036} INFO - Sync 1 DAGs
[2026-06-11T19:36:11.504+0000] {logging_mixin.py:188} INFO - [2026-06-11T19:36:11.504+0000] {dag.py:3823} INFO - Setting next_dagrun for crime_analytics_pipeline to 2026-06-06 19:00:00+00:00, run_after=2026-06-13 19:00:00+00:00
[2026-06-11T19:36:11.546+0000] {processor.py:183} INFO - Processing /opt/airflow/dags/dag_crime_pipeline.py took 0.158 seconds
[2026-06-11T19:36:41.895+0000] {processor.py:161} INFO - Started process (PID=4274) to work on /opt/airflow/dags/dag_crime_pipeline.py
[2026-06-11T19:36:41.898+0000] {processor.py:830} INFO - Processing file /opt/airflow/dags/dag_crime_pipeline.py for tasks to queue
[2026-06-11T19:36:41.902+0000] {logging_mixin.py:188} INFO - [2026-06-11T19:36:41.901+0000] {dagbag.py:538} INFO - Filling up the DagBag from /opt/airflow/dags/dag_crime_pipeline.py
[2026-06-11T19:36:41.951+0000] {processor.py:840} INFO - DAG(s) 'crime_analytics_pipeline' retrieved from /opt/airflow/dags/dag_crime_pipeline.py
[2026-06-11T19:36:41.990+0000] {logging_mixin.py:188} INFO - [2026-06-11T19:36:41.989+0000] {dag.py:3036} INFO - Sync 1 DAGs
[2026-06-11T19:36:42.020+0000] {logging_mixin.py:188} INFO - [2026-06-11T19:36:42.020+0000] {dag.py:3823} INFO - Setting next_dagrun for crime_analytics_pipeline to 2026-06-06 19:00:00+00:00, run_after=2026-06-13 19:00:00+00:00
[2026-06-11T19:36:42.063+0000] {processor.py:183} INFO - Processing /opt/airflow/dags/dag_crime_pipeline.py took 0.173 seconds
[2026-06-11T19:37:12.270+0000] {processor.py:161} INFO - Started process (PID=4279) to work on /opt/airflow/dags/dag_crime_pipeline.py
[2026-06-11T19:37:12.272+0000] {processor.py:830} INFO - Processing file /opt/airflow/dags/dag_crime_pipeline.py for tasks to queue
[2026-06-11T19:37:12.275+0000] {logging_mixin.py:188} INFO - [2026-06-11T19:37:12.275+0000] {dagbag.py:538} INFO - Filling up the DagBag from /opt/airflow/dags/dag_crime_pipeline.py
[2026-06-11T19:37:12.317+0000] {processor.py:840} INFO - DAG(s) 'crime_analytics_pipeline' retrieved from /opt/airflow/dags/dag_crime_pipeline.py
[2026-06-11T19:37:12.353+0000] {logging_mixin.py:188} INFO - [2026-06-11T19:37:12.353+0000] {dag.py:3036} INFO - Sync 1 DAGs
[2026-06-11T19:37:12.376+0000] {logging_mixin.py:188} INFO - [2026-06-11T19:37:12.376+0000] {dag.py:3823} INFO - Setting next_dagrun for crime_analytics_pipeline to 2026-06-06 19:00:00+00:00, run_after=2026-06-13 19:00:00+00:00
[2026-06-11T19:37:12.401+0000] {processor.py:183} INFO - Processing /opt/airflow/dags/dag_crime_pipeline.py took 0.136 seconds
[2026-06-11T19:37:42.627+0000] {processor.py:161} INFO - Started process (PID=4284) to work on /opt/airflow/dags/dag_crime_pipeline.py
[2026-06-11T19:37:42.628+0000] {processor.py:830} INFO - Processing file /opt/airflow/dags/dag_crime_pipeline.py for tasks to queue
[2026-06-11T19:37:42.631+0000] {logging_mixin.py:188} INFO - [2026-06-11T19:37:42.630+0000] {dagbag.py:538} INFO - Filling up the DagBag from /opt/airflow/dags/dag_crime_pipeline.py
[2026-06-11T19:37:42.673+0000] {processor.py:840} INFO - DAG(s) 'crime_analytics_pipeline' retrieved from /opt/airflow/dags/dag_crime_pipeline.py
[2026-06-11T19:37:42.709+0000] {logging_mixin.py:188} INFO - [2026-06-11T19:37:42.709+0000] {dag.py:3036} INFO - Sync 1 DAGs
[2026-06-11T19:37:42.736+0000] {logging_mixin.py:188} INFO - [2026-06-11T19:37:42.736+0000] {dag.py:3823} INFO - Setting next_dagrun for crime_analytics_pipeline to 2026-06-06 19:00:00+00:00, run_after=2026-06-13 19:00:00+00:00
[2026-06-11T19:37:42.784+0000] {processor.py:183} INFO - Processing /opt/airflow/dags/dag_crime_pipeline.py took 0.161 seconds
[2026-06-11T19:38:12.927+0000] {processor.py:161} INFO - Started process (PID=4289) to work on /opt/airflow/dags/dag_crime_pipeline.py
[2026-06-11T19:38:12.929+0000] {processor.py:830} INFO - Processing file /opt/airflow/dags/dag_crime_pipeline.py for tasks to queue
[2026-06-11T19:38:12.932+0000] {logging_mixin.py:188} INFO - [2026-06-11T19:38:12.931+0000] {dagbag.py:538} INFO - Filling up the DagBag from /opt/airflow/dags/dag_crime_pipeline.py
[2026-06-11T19:38:12.979+0000] {processor.py:840} INFO - DAG(s) 'crime_analytics_pipeline' retrieved from /opt/airflow/dags/dag_crime_pipeline.py
[2026-06-11T19:38:13.017+0000] {logging_mixin.py:188} INFO - [2026-06-11T19:38:13.016+0000] {dag.py:3036} INFO - Sync 1 DAGs
[2026-06-11T19:38:13.052+0000] {logging_mixin.py:188} INFO - [2026-06-11T19:38:13.051+0000] {dag.py:3823} INFO - Setting next_dagrun for crime_analytics_pipeline to 2026-06-06 19:00:00+00:00, run_after=2026-06-13 19:00:00+00:00
[2026-06-11T19:38:13.108+0000] {processor.py:183} INFO - Processing /opt/airflow/dags/dag_crime_pipeline.py took 0.187 seconds
[2026-06-11T19:38:43.314+0000] {processor.py:161} INFO - Started process (PID=4294) to work on /opt/airflow/dags/dag_crime_pipeline.py
[2026-06-11T19:38:43.315+0000] {processor.py:830} INFO - Processing file /opt/airflow/dags/dag_crime_pipeline.py for tasks to queue
[2026-06-11T19:38:43.318+0000] {logging_mixin.py:188} INFO - [2026-06-11T19:38:43.318+0000] {dagbag.py:538} INFO - Filling up the DagBag from /opt/airflow/dags/dag_crime_pipeline.py
[2026-06-11T19:38:43.373+0000] {processor.py:840} INFO - DAG(s) 'crime_analytics_pipeline' retrieved from /opt/airflow/dags/dag_crime_pipeline.py
[2026-06-11T19:38:43.420+0000] {logging_mixin.py:188} INFO - [2026-06-11T19:38:43.419+0000] {dag.py:3036} INFO - Sync 1 DAGs
[2026-06-11T19:38:43.445+0000] {logging_mixin.py:188} INFO - [2026-06-11T19:38:43.445+0000] {dag.py:3823} INFO - Setting next_dagrun for crime_analytics_pipeline to 2026-06-06 19:00:00+00:00, run_after=2026-06-13 19:00:00+00:00
[2026-06-11T19:38:43.468+0000] {processor.py:183} INFO - Processing /opt/airflow/dags/dag_crime_pipeline.py took 0.157 seconds
[2026-06-11T19:39:13.753+0000] {processor.py:161} INFO - Started process (PID=4299) to work on /opt/airflow/dags/dag_crime_pipeline.py
[2026-06-11T19:39:13.755+0000] {processor.py:830} INFO - Processing file /opt/airflow/dags/dag_crime_pipeline.py for tasks to queue
[2026-06-11T19:39:13.760+0000] {logging_mixin.py:188} INFO - [2026-06-11T19:39:13.759+0000] {dagbag.py:538} INFO - Filling up the DagBag from /opt/airflow/dags/dag_crime_pipeline.py
[2026-06-11T19:39:13.807+0000] {processor.py:840} INFO - DAG(s) 'crime_analytics_pipeline' retrieved from /opt/airflow/dags/dag_crime_pipeline.py
[2026-06-11T19:39:13.841+0000] {logging_mixin.py:188} INFO - [2026-06-11T19:39:13.841+0000] {dag.py:3036} INFO - Sync 1 DAGs
[2026-06-11T19:39:13.873+0000] {logging_mixin.py:188} INFO - [2026-06-11T19:39:13.872+0000] {dag.py:3823} INFO - Setting next_dagrun for crime_analytics_pipeline to 2026-06-06 19:00:00+00:00, run_after=2026-06-13 19:00:00+00:00
[2026-06-11T19:39:13.913+0000] {processor.py:183} INFO - Processing /opt/airflow/dags/dag_crime_pipeline.py took 0.164 seconds
[2026-06-11T19:39:44.068+0000] {processor.py:161} INFO - Started process (PID=4304) to work on /opt/airflow/dags/dag_crime_pipeline.py
[2026-06-11T19:39:44.069+0000] {processor.py:830} INFO - Processing file /opt/airflow/dags/dag_crime_pipeline.py for tasks to queue
[2026-06-11T19:39:44.072+0000] {logging_mixin.py:188} INFO - [2026-06-11T19:39:44.071+0000] {dagbag.py:538} INFO - Filling up the DagBag from /opt/airflow/dags/dag_crime_pipeline.py
[2026-06-11T19:39:44.116+0000] {processor.py:840} INFO - DAG(s) 'crime_analytics_pipeline' retrieved from /opt/airflow/dags/dag_crime_pipeline.py
[2026-06-11T19:39:44.151+0000] {logging_mixin.py:188} INFO - [2026-06-11T19:39:44.151+0000] {dag.py:3036} INFO - Sync 1 DAGs
[2026-06-11T19:39:44.176+0000] {logging_mixin.py:188} INFO - [2026-06-11T19:39:44.175+0000] {dag.py:3823} INFO - Setting next_dagrun for crime_analytics_pipeline to 2026-06-06 19:00:00+00:00, run_after=2026-06-13 19:00:00+00:00
[2026-06-11T19:39:44.220+0000] {processor.py:183} INFO - Processing /opt/airflow/dags/dag_crime_pipeline.py took 0.157 seconds
[2026-06-11T19:40:14.635+0000] {processor.py:161} INFO - Started process (PID=4309) to work on /opt/airflow/dags/dag_crime_pipeline.py
[2026-06-11T19:40:14.637+0000] {processor.py:830} INFO - Processing file /opt/airflow/dags/dag_crime_pipeline.py for tasks to queue
[2026-06-11T19:40:14.640+0000] {logging_mixin.py:188} INFO - [2026-06-11T19:40:14.640+0000] {dagbag.py:538} INFO - Filling up the DagBag from /opt/airflow/dags/dag_crime_pipeline.py
[2026-06-11T19:40:14.684+0000] {processor.py:840} INFO - DAG(s) 'crime_analytics_pipeline' retrieved from /opt/airflow/dags/dag_crime_pipeline.py
[2026-06-11T19:40:14.721+0000] {logging_mixin.py:188} INFO - [2026-06-11T19:40:14.720+0000] {dag.py:3036} INFO - Sync 1 DAGs
[2026-06-11T19:40:14.745+0000] {logging_mixin.py:188} INFO - [2026-06-11T19:40:14.745+0000] {dag.py:3823} INFO - Setting next_dagrun for crime_analytics_pipeline to 2026-06-06 19:00:00+00:00, run_after=2026-06-13 19:00:00+00:00
[2026-06-11T19:40:14.768+0000] {processor.py:183} INFO - Processing /opt/airflow/dags/dag_crime_pipeline.py took 0.136 seconds
[2026-06-11T19:40:45.083+0000] {processor.py:161} INFO - Started process (PID=4314) to work on /opt/airflow/dags/dag_crime_pipeline.py
[2026-06-11T19:40:45.084+0000] {processor.py:830} INFO - Processing file /opt/airflow/dags/dag_crime_pipeline.py for tasks to queue
[2026-06-11T19:40:45.088+0000] {logging_mixin.py:188} INFO - [2026-06-11T19:40:45.087+0000] {dagbag.py:538} INFO - Filling up the DagBag from /opt/airflow/dags/dag_crime_pipeline.py
[2026-06-11T19:40:45.128+0000] {processor.py:840} INFO - DAG(s) 'crime_analytics_pipeline' retrieved from /opt/airflow/dags/dag_crime_pipeline.py
[2026-06-11T19:40:45.171+0000] {logging_mixin.py:188} INFO - [2026-06-11T19:40:45.171+0000] {dag.py:3036} INFO - Sync 1 DAGs
[2026-06-11T19:40:45.211+0000] {logging_mixin.py:188} INFO - [2026-06-11T19:40:45.210+0000] {dag.py:3823} INFO - Setting next_dagrun for crime_analytics_pipeline to 2026-06-06 19:00:00+00:00, run_after=2026-06-13 19:00:00+00:00
[2026-06-11T19:40:45.236+0000] {processor.py:183} INFO - Processing /opt/airflow/dags/dag_crime_pipeline.py took 0.158 seconds
[2026-06-11T19:41:15.409+0000] {processor.py:161} INFO - Started process (PID=4319) to work on /opt/airflow/dags/dag_crime_pipeline.py
[2026-06-11T19:41:15.410+0000] {processor.py:830} INFO - Processing file /opt/airflow/dags/dag_crime_pipeline.py for tasks to queue
[2026-06-11T19:41:15.413+0000] {logging_mixin.py:188} INFO - [2026-06-11T19:41:15.412+0000] {dagbag.py:538} INFO - Filling up the DagBag from /opt/airflow/dags/dag_crime_pipeline.py
[2026-06-11T19:41:15.456+0000] {processor.py:840} INFO - DAG(s) 'crime_analytics_pipeline' retrieved from /opt/airflow/dags/dag_crime_pipeline.py
[2026-06-11T19:41:15.499+0000] {logging_mixin.py:188} INFO - [2026-06-11T19:41:15.498+0000] {dag.py:3036} INFO - Sync 1 DAGs
[2026-06-11T19:41:15.525+0000] {logging_mixin.py:188} INFO - [2026-06-11T19:41:15.524+0000] {dag.py:3823} INFO - Setting next_dagrun for crime_analytics_pipeline to 2026-06-06 19:00:00+00:00, run_after=2026-06-13 19:00:00+00:00
[2026-06-11T19:41:15.546+0000] {processor.py:183} INFO - Processing /opt/airflow/dags/dag_crime_pipeline.py took 0.142 seconds
[2026-06-11T19:41:46.058+0000] {processor.py:161} INFO - Started process (PID=4324) to work on /opt/airflow/dags/dag_crime_pipeline.py
[2026-06-11T19:41:46.060+0000] {processor.py:830} INFO - Processing file /opt/airflow/dags/dag_crime_pipeline.py for tasks to queue
[2026-06-11T19:41:46.063+0000] {logging_mixin.py:188} INFO - [2026-06-11T19:41:46.062+0000] {dagbag.py:538} INFO - Filling up the DagBag from /opt/airflow/dags/dag_crime_pipeline.py
[2026-06-11T19:41:46.105+0000] {processor.py:840} INFO - DAG(s) 'crime_analytics_pipeline' retrieved from /opt/airflow/dags/dag_crime_pipeline.py
[2026-06-11T19:41:46.144+0000] {logging_mixin.py:188} INFO - [2026-06-11T19:41:46.144+0000] {dag.py:3036} INFO - Sync 1 DAGs
[2026-06-11T19:41:46.170+0000] {logging_mixin.py:188} INFO - [2026-06-11T19:41:46.169+0000] {dag.py:3823} INFO - Setting next_dagrun for crime_analytics_pipeline to 2026-06-06 19:00:00+00:00, run_after=2026-06-13 19:00:00+00:00
[2026-06-11T19:41:46.195+0000] {processor.py:183} INFO - Processing /opt/airflow/dags/dag_crime_pipeline.py took 0.141 seconds
[2026-06-11T19:42:16.406+0000] {processor.py:161} INFO - Started process (PID=4329) to work on /opt/airflow/dags/dag_crime_pipeline.py
[2026-06-11T19:42:16.412+0000] {processor.py:830} INFO - Processing file /opt/airflow/dags/dag_crime_pipeline.py for tasks to queue
[2026-06-11T19:42:16.418+0000] {logging_mixin.py:188} INFO - [2026-06-11T19:42:16.416+0000] {dagbag.py:538} INFO - Filling up the DagBag from /opt/airflow/dags/dag_crime_pipeline.py
[2026-06-11T19:42:16.470+0000] {processor.py:840} INFO - DAG(s) 'crime_analytics_pipeline' retrieved from /opt/airflow/dags/dag_crime_pipeline.py
[2026-06-11T19:42:16.510+0000] {logging_mixin.py:188} INFO - [2026-06-11T19:42:16.510+0000] {dag.py:3036} INFO - Sync 1 DAGs
[2026-06-11T19:42:16.535+0000] {logging_mixin.py:188} INFO - [2026-06-11T19:42:16.535+0000] {dag.py:3823} INFO - Setting next_dagrun for crime_analytics_pipeline to 2026-06-06 19:00:00+00:00, run_after=2026-06-13 19:00:00+00:00
[2026-06-11T19:42:16.557+0000] {processor.py:183} INFO - Processing /opt/airflow/dags/dag_crime_pipeline.py took 0.156 seconds
[2026-06-11T19:42:46.759+0000] {processor.py:161} INFO - Started process (PID=4334) to work on /opt/airflow/dags/dag_crime_pipeline.py
[2026-06-11T19:42:46.761+0000] {processor.py:830} INFO - Processing file /opt/airflow/dags/dag_crime_pipeline.py for tasks to queue
[2026-06-11T19:42:46.764+0000] {logging_mixin.py:188} INFO - [2026-06-11T19:42:46.763+0000] {dagbag.py:538} INFO - Filling up the DagBag from /opt/airflow/dags/dag_crime_pipeline.py
[2026-06-11T19:42:46.811+0000] {processor.py:840} INFO - DAG(s) 'crime_analytics_pipeline' retrieved from /opt/airflow/dags/dag_crime_pipeline.py
[2026-06-11T19:42:46.852+0000] {logging_mixin.py:188} INFO - [2026-06-11T19:42:46.851+0000] {dag.py:3036} INFO - Sync 1 DAGs
[2026-06-11T19:42:46.882+0000] {logging_mixin.py:188} INFO - [2026-06-11T19:42:46.882+0000] {dag.py:3823} INFO - Setting next_dagrun for crime_analytics_pipeline to 2026-06-06 19:00:00+00:00, run_after=2026-06-13 19:00:00+00:00
[2026-06-11T19:42:47.743+0000] {processor.py:183} INFO - Processing /opt/airflow/dags/dag_crime_pipeline.py took 0.989 seconds
[2026-06-11T19:43:18.240+0000] {processor.py:161} INFO - Started process (PID=4339) to work on /opt/airflow/dags/dag_crime_pipeline.py
[2026-06-11T19:43:18.242+0000] {processor.py:830} INFO - Processing file /opt/airflow/dags/dag_crime_pipeline.py for tasks to queue
[2026-06-11T19:43:18.247+0000] {logging_mixin.py:188} INFO - [2026-06-11T19:43:18.246+0000] {dagbag.py:538} INFO - Filling up the DagBag from /opt/airflow/dags/dag_crime_pipeline.py
[2026-06-11T19:43:18.299+0000] {processor.py:840} INFO - DAG(s) 'crime_analytics_pipeline' retrieved from /opt/airflow/dags/dag_crime_pipeline.py
[2026-06-11T19:43:18.344+0000] {logging_mixin.py:188} INFO - [2026-06-11T19:43:18.343+0000] {dag.py:3036} INFO - Sync 1 DAGs
[2026-06-11T19:43:18.376+0000] {logging_mixin.py:188} INFO - [2026-06-11T19:43:18.375+0000] {dag.py:3823} INFO - Setting next_dagrun for crime_analytics_pipeline to 2026-06-06 19:00:00+00:00, run_after=2026-06-13 19:00:00+00:00
[2026-06-11T19:43:18.408+0000] {processor.py:183} INFO - Processing /opt/airflow/dags/dag_crime_pipeline.py took 0.173 seconds
[2026-06-11T19:43:48.576+0000] {processor.py:161} INFO - Started process (PID=4344) to work on /opt/airflow/dags/dag_crime_pipeline.py
[2026-06-11T19:43:48.577+0000] {processor.py:830} INFO - Processing file /opt/airflow/dags/dag_crime_pipeline.py for tasks to queue
[2026-06-11T19:43:48.580+0000] {logging_mixin.py:188} INFO - [2026-06-11T19:43:48.580+0000] {dagbag.py:538} INFO - Filling up the DagBag from /opt/airflow/dags/dag_crime_pipeline.py
[2026-06-11T19:43:48.645+0000] {processor.py:840} INFO - DAG(s) 'crime_analytics_pipeline' retrieved from /opt/airflow/dags/dag_crime_pipeline.py
[2026-06-11T19:43:48.172+0000] {logging_mixin.py:188} INFO - [2026-06-11T19:43:48.172+0000] {dag.py:3036} INFO - Sync 1 DAGs
[2026-06-11T19:43:47.951+0000] {logging_mixin.py:188} INFO - [2026-06-11T19:43:47.950+0000] {dag.py:3823} INFO - Setting next_dagrun for crime_analytics_pipeline to 2026-06-06 19:00:00+00:00, run_after=2026-06-13 19:00:00+00:00
[2026-06-11T19:43:47.973+0000] {processor.py:183} INFO - Processing /opt/airflow/dags/dag_crime_pipeline.py took 0.414 seconds
[2026-06-11T19:44:18.307+0000] {processor.py:161} INFO - Started process (PID=4349) to work on /opt/airflow/dags/dag_crime_pipeline.py
[2026-06-11T19:44:18.309+0000] {processor.py:830} INFO - Processing file /opt/airflow/dags/dag_crime_pipeline.py for tasks to queue
[2026-06-11T19:44:18.312+0000] {logging_mixin.py:188} INFO - [2026-06-11T19:44:18.311+0000] {dagbag.py:538} INFO - Filling up the DagBag from /opt/airflow/dags/dag_crime_pipeline.py
[2026-06-11T19:44:18.354+0000] {processor.py:840} INFO - DAG(s) 'crime_analytics_pipeline' retrieved from /opt/airflow/dags/dag_crime_pipeline.py
[2026-06-11T19:44:18.394+0000] {logging_mixin.py:188} INFO - [2026-06-11T19:44:18.394+0000] {dag.py:3036} INFO - Sync 1 DAGs
[2026-06-11T19:44:18.421+0000] {logging_mixin.py:188} INFO - [2026-06-11T19:44:18.420+0000] {dag.py:3823} INFO - Setting next_dagrun for crime_analytics_pipeline to 2026-06-06 19:00:00+00:00, run_after=2026-06-13 19:00:00+00:00
[2026-06-11T19:44:18.454+0000] {processor.py:183} INFO - Processing /opt/airflow/dags/dag_crime_pipeline.py took 0.152 seconds
[2026-06-11T19:44:48.587+0000] {processor.py:161} INFO - Started process (PID=4354) to work on /opt/airflow/dags/dag_crime_pipeline.py
[2026-06-11T19:44:48.589+0000] {processor.py:830} INFO - Processing file /opt/airflow/dags/dag_crime_pipeline.py for tasks to queue
[2026-06-11T19:44:48.592+0000] {logging_mixin.py:188} INFO - [2026-06-11T19:44:48.591+0000] {dagbag.py:538} INFO - Filling up the DagBag from /opt/airflow/dags/dag_crime_pipeline.py
[2026-06-11T19:44:48.635+0000] {processor.py:840} INFO - DAG(s) 'crime_analytics_pipeline' retrieved from /opt/airflow/dags/dag_crime_pipeline.py
[2026-06-11T19:44:48.672+0000] {logging_mixin.py:188} INFO - [2026-06-11T19:44:48.671+0000] {dag.py:3036} INFO - Sync 1 DAGs
[2026-06-11T19:44:48.961+0000] {logging_mixin.py:188} INFO - [2026-06-11T19:44:48.961+0000] {dag.py:3823} INFO - Setting next_dagrun for crime_analytics_pipeline to 2026-06-06 19:00:00+00:00, run_after=2026-06-13 19:00:00+00:00
[2026-06-11T19:44:49.004+0000] {processor.py:183} INFO - Processing /opt/airflow/dags/dag_crime_pipeline.py took 0.423 seconds
[2026-06-11T19:45:19.738+0000] {processor.py:161} INFO - Started process (PID=4359) to work on /opt/airflow/dags/dag_crime_pipeline.py
[2026-06-11T19:45:19.739+0000] {processor.py:830} INFO - Processing file /opt/airflow/dags/dag_crime_pipeline.py for tasks to queue
[2026-06-11T19:45:19.742+0000] {logging_mixin.py:188} INFO - [2026-06-11T19:45:19.742+0000] {dagbag.py:538} INFO - Filling up the DagBag from /opt/airflow/dags/dag_crime_pipeline.py
[2026-06-11T19:45:19.783+0000] {processor.py:840} INFO - DAG(s) 'crime_analytics_pipeline' retrieved from /opt/airflow/dags/dag_crime_pipeline.py
[2026-06-11T19:45:19.819+0000] {logging_mixin.py:188} INFO - [2026-06-11T19:45:19.818+0000] {dag.py:3036} INFO - Sync 1 DAGs
[2026-06-11T19:45:19.851+0000] {logging_mixin.py:188} INFO - [2026-06-11T19:45:19.851+0000] {dag.py:3823} INFO - Setting next_dagrun for crime_analytics_pipeline to 2026-06-06 19:00:00+00:00, run_after=2026-06-13 19:00:00+00:00
[2026-06-11T19:45:19.872+0000] {processor.py:183} INFO - Processing /opt/airflow/dags/dag_crime_pipeline.py took 0.139 seconds
[2026-06-11T19:45:50.006+0000] {processor.py:161} INFO - Started process (PID=4364) to work on /opt/airflow/dags/dag_crime_pipeline.py
[2026-06-11T19:45:50.007+0000] {processor.py:830} INFO - Processing file /opt/airflow/dags/dag_crime_pipeline.py for tasks to queue
[2026-06-11T19:45:50.010+0000] {logging_mixin.py:188} INFO - [2026-06-11T19:45:50.010+0000] {dagbag.py:538} INFO - Filling up the DagBag from /opt/airflow/dags/dag_crime_pipeline.py
[2026-06-11T19:45:50.051+0000] {processor.py:840} INFO - DAG(s) 'crime_analytics_pipeline' retrieved from /opt/airflow/dags/dag_crime_pipeline.py
[2026-06-11T19:45:50.086+0000] {logging_mixin.py:188} INFO - [2026-06-11T19:45:50.086+0000] {dag.py:3036} INFO - Sync 1 DAGs
[2026-06-11T19:45:50.106+0000] {logging_mixin.py:188} INFO - [2026-06-11T19:45:50.106+0000] {dag.py:3823} INFO - Setting next_dagrun for crime_analytics_pipeline to 2026-06-06 19:00:00+00:00, run_after=2026-06-13 19:00:00+00:00
[2026-06-11T19:45:50.124+0000] {processor.py:183} INFO - Processing /opt/airflow/dags/dag_crime_pipeline.py took 0.123 seconds
[2026-06-11T19:46:20.314+0000] {processor.py:161} INFO - Started process (PID=4369) to work on /opt/airflow/dags/dag_crime_pipeline.py
[2026-06-11T19:46:20.315+0000] {processor.py:830} INFO - Processing file /opt/airflow/dags/dag_crime_pipeline.py for tasks to queue
[2026-06-11T19:46:20.318+0000] {logging_mixin.py:188} INFO - [2026-06-11T19:46:20.318+0000] {dagbag.py:538} INFO - Filling up the DagBag from /opt/airflow/dags/dag_crime_pipeline.py
[2026-06-11T19:46:20.364+0000] {processor.py:840} INFO - DAG(s) 'crime_analytics_pipeline' retrieved from /opt/airflow/dags/dag_crime_pipeline.py
[2026-06-11T19:46:20.397+0000] {logging_mixin.py:188} INFO - [2026-06-11T19:46:20.397+0000] {dag.py:3036} INFO - Sync 1 DAGs
[2026-06-11T19:46:20.421+0000] {logging_mixin.py:188} INFO - [2026-06-11T19:46:20.421+0000] {dag.py:3823} INFO - Setting next_dagrun for crime_analytics_pipeline to 2026-06-06 19:00:00+00:00, run_after=2026-06-13 19:00:00+00:00
[2026-06-11T19:46:20.444+0000] {processor.py:183} INFO - Processing /opt/airflow/dags/dag_crime_pipeline.py took 0.135 seconds
[2026-06-11T19:46:50.687+0000] {processor.py:161} INFO - Started process (PID=4374) to work on /opt/airflow/dags/dag_crime_pipeline.py
[2026-06-11T19:46:50.688+0000] {processor.py:830} INFO - Processing file /opt/airflow/dags/dag_crime_pipeline.py for tasks to queue
[2026-06-11T19:46:50.691+0000] {logging_mixin.py:188} INFO - [2026-06-11T19:46:50.691+0000] {dagbag.py:538} INFO - Filling up the DagBag from /opt/airflow/dags/dag_crime_pipeline.py
[2026-06-11T19:46:50.735+0000] {processor.py:840} INFO - DAG(s) 'crime_analytics_pipeline' retrieved from /opt/airflow/dags/dag_crime_pipeline.py
[2026-06-11T19:46:50.768+0000] {logging_mixin.py:188} INFO - [2026-06-11T19:46:50.768+0000] {dag.py:3036} INFO - Sync 1 DAGs
[2026-06-11T19:46:50.789+0000] {logging_mixin.py:188} INFO - [2026-06-11T19:46:50.789+0000] {dag.py:3823} INFO - Setting next_dagrun for crime_analytics_pipeline to 2026-06-06 19:00:00+00:00, run_after=2026-06-13 19:00:00+00:00
[2026-06-11T19:46:50.832+0000] {processor.py:183} INFO - Processing /opt/airflow/dags/dag_crime_pipeline.py took 0.149 seconds
[2026-06-11T19:47:21.017+0000] {processor.py:161} INFO - Started process (PID=4379) to work on /opt/airflow/dags/dag_crime_pipeline.py
[2026-06-11T19:47:21.020+0000] {processor.py:830} INFO - Processing file /opt/airflow/dags/dag_crime_pipeline.py for tasks to queue
[2026-06-11T19:47:21.024+0000] {logging_mixin.py:188} INFO - [2026-06-11T19:47:21.023+0000] {dagbag.py:538} INFO - Filling up the DagBag from /opt/airflow/dags/dag_crime_pipeline.py
[2026-06-11T19:47:21.072+0000] {processor.py:840} INFO - DAG(s) 'crime_analytics_pipeline' retrieved from /opt/airflow/dags/dag_crime_pipeline.py
[2026-06-11T19:47:21.115+0000] {logging_mixin.py:188} INFO - [2026-06-11T19:47:21.114+0000] {dag.py:3036} INFO - Sync 1 DAGs
[2026-06-11T19:47:21.143+0000] {logging_mixin.py:188} INFO - [2026-06-11T19:47:21.142+0000] {dag.py:3823} INFO - Setting next_dagrun for crime_analytics_pipeline to 2026-06-06 19:00:00+00:00, run_after=2026-06-13 19:00:00+00:00
[2026-06-11T19:47:21.187+0000] {processor.py:183} INFO - Processing /opt/airflow/dags/dag_crime_pipeline.py took 0.178 seconds
[2026-06-11T19:47:51.448+0000] {processor.py:161} INFO - Started process (PID=4384) to work on /opt/airflow/dags/dag_crime_pipeline.py
[2026-06-11T19:47:51.450+0000] {processor.py:830} INFO - Processing file /opt/airflow/dags/dag_crime_pipeline.py for tasks to queue
[2026-06-11T19:47:51.455+0000] {logging_mixin.py:188} INFO - [2026-06-11T19:47:51.453+0000] {dagbag.py:538} INFO - Filling up the DagBag from /opt/airflow/dags/dag_crime_pipeline.py
[2026-06-11T19:47:51.509+0000] {processor.py:840} INFO - DAG(s) 'crime_analytics_pipeline' retrieved from /opt/airflow/dags/dag_crime_pipeline.py
[2026-06-11T19:47:51.550+0000] {logging_mixin.py:188} INFO - [2026-06-11T19:47:51.549+0000] {dag.py:3036} INFO - Sync 1 DAGs
[2026-06-11T19:47:51.578+0000] {logging_mixin.py:188} INFO - [2026-06-11T19:47:51.578+0000] {dag.py:3823} INFO - Setting next_dagrun for crime_analytics_pipeline to 2026-06-06 19:00:00+00:00, run_after=2026-06-13 19:00:00+00:00
[2026-06-11T19:47:51.622+0000] {processor.py:183} INFO - Processing /opt/airflow/dags/dag_crime_pipeline.py took 0.181 seconds
[2026-06-11T19:48:21.792+0000] {processor.py:161} INFO - Started process (PID=4389) to work on /opt/airflow/dags/dag_crime_pipeline.py
[2026-06-11T19:48:21.794+0000] {processor.py:830} INFO - Processing file /opt/airflow/dags/dag_crime_pipeline.py for tasks to queue
[2026-06-11T19:48:21.797+0000] {logging_mixin.py:188} INFO - [2026-06-11T19:48:21.797+0000] {dagbag.py:538} INFO - Filling up the DagBag from /opt/airflow/dags/dag_crime_pipeline.py
[2026-06-11T19:48:21.849+0000] {processor.py:840} INFO - DAG(s) 'crime_analytics_pipeline' retrieved from /opt/airflow/dags/dag_crime_pipeline.py
[2026-06-11T19:48:21.890+0000] {logging_mixin.py:188} INFO - [2026-06-11T19:48:21.889+0000] {dag.py:3036} INFO - Sync 1 DAGs
[2026-06-11T19:48:21.918+0000] {logging_mixin.py:188} INFO - [2026-06-11T19:48:21.918+0000] {dag.py:3823} INFO - Setting next_dagrun for crime_analytics_pipeline to 2026-06-06 19:00:00+00:00, run_after=2026-06-13 19:00:00+00:00
[2026-06-11T19:48:21.943+0000] {processor.py:183} INFO - Processing /opt/airflow/dags/dag_crime_pipeline.py took 0.156 seconds
[2026-06-11T19:48:52.271+0000] {processor.py:161} INFO - Started process (PID=4394) to work on /opt/airflow/dags/dag_crime_pipeline.py
[2026-06-11T19:48:52.273+0000] {processor.py:830} INFO - Processing file /opt/airflow/dags/dag_crime_pipeline.py for tasks to queue
[2026-06-11T19:48:52.276+0000] {logging_mixin.py:188} INFO - [2026-06-11T19:48:52.276+0000] {dagbag.py:538} INFO - Filling up the DagBag from /opt/airflow/dags/dag_crime_pipeline.py
[2026-06-11T19:48:52.325+0000] {processor.py:840} INFO - DAG(s) 'crime_analytics_pipeline' retrieved from /opt/airflow/dags/dag_crime_pipeline.py
[2026-06-11T19:48:52.369+0000] {logging_mixin.py:188} INFO - [2026-06-11T19:48:52.368+0000] {dag.py:3036} INFO - Sync 1 DAGs
[2026-06-11T19:48:52.403+0000] {logging_mixin.py:188} INFO - [2026-06-11T19:48:52.402+0000] {dag.py:3823} INFO - Setting next_dagrun for crime_analytics_pipeline to 2026-06-06 19:00:00+00:00, run_after=2026-06-13 19:00:00+00:00
[2026-06-11T19:48:52.434+0000] {processor.py:183} INFO - Processing /opt/airflow/dags/dag_crime_pipeline.py took 0.169 seconds
[2026-06-11T19:49:22.611+0000] {processor.py:161} INFO - Started process (PID=4399) to work on /opt/airflow/dags/dag_crime_pipeline.py
[2026-06-11T19:49:22.612+0000] {processor.py:830} INFO - Processing file /opt/airflow/dags/dag_crime_pipeline.py for tasks to queue
[2026-06-11T19:49:22.616+0000] {logging_mixin.py:188} INFO - [2026-06-11T19:49:22.615+0000] {dagbag.py:538} INFO - Filling up the DagBag from /opt/airflow/dags/dag_crime_pipeline.py
[2026-06-11T19:49:22.665+0000] {processor.py:840} INFO - DAG(s) 'crime_analytics_pipeline' retrieved from /opt/airflow/dags/dag_crime_pipeline.py
[2026-06-11T19:49:22.713+0000] {logging_mixin.py:188} INFO - [2026-06-11T19:49:22.711+0000] {dag.py:3036} INFO - Sync 1 DAGs
[2026-06-11T19:49:22.742+0000] {logging_mixin.py:188} INFO - [2026-06-11T19:49:22.742+0000] {dag.py:3823} INFO - Setting next_dagrun for crime_analytics_pipeline to 2026-06-06 19:00:00+00:00, run_after=2026-06-13 19:00:00+00:00
[2026-06-11T19:49:22.767+0000] {processor.py:183} INFO - Processing /opt/airflow/dags/dag_crime_pipeline.py took 0.162 seconds
[2026-06-11T19:49:53.187+0000] {processor.py:161} INFO - Started process (PID=4404) to work on /opt/airflow/dags/dag_crime_pipeline.py
[2026-06-11T19:49:53.188+0000] {processor.py:830} INFO - Processing file /opt/airflow/dags/dag_crime_pipeline.py for tasks to queue
[2026-06-11T19:49:53.191+0000] {logging_mixin.py:188} INFO - [2026-06-11T19:49:53.191+0000] {dagbag.py:538} INFO - Filling up the DagBag from /opt/airflow/dags/dag_crime_pipeline.py
[2026-06-11T19:49:53.238+0000] {processor.py:840} INFO - DAG(s) 'crime_analytics_pipeline' retrieved from /opt/airflow/dags/dag_crime_pipeline.py
[2026-06-11T19:49:53.286+0000] {logging_mixin.py:188} INFO - [2026-06-11T19:49:53.286+0000] {dag.py:3036} INFO - Sync 1 DAGs
[2026-06-11T19:49:53.317+0000] {logging_mixin.py:188} INFO - [2026-06-11T19:49:53.316+0000] {dag.py:3823} INFO - Setting next_dagrun for crime_analytics_pipeline to 2026-06-06 19:00:00+00:00, run_after=2026-06-13 19:00:00+00:00
[2026-06-11T19:49:53.360+0000] {processor.py:183} INFO - Processing /opt/airflow/dags/dag_crime_pipeline.py took 0.177 seconds
[2026-06-11T19:50:23.481+0000] {processor.py:161} INFO - Started process (PID=4409) to work on /opt/airflow/dags/dag_crime_pipeline.py
[2026-06-11T19:50:23.483+0000] {processor.py:830} INFO - Processing file /opt/airflow/dags/dag_crime_pipeline.py for tasks to queue
[2026-06-11T19:50:23.487+0000] {logging_mixin.py:188} INFO - [2026-06-11T19:50:23.486+0000] {dagbag.py:538} INFO - Filling up the DagBag from /opt/airflow/dags/dag_crime_pipeline.py
[2026-06-11T19:50:23.537+0000] {processor.py:840} INFO - DAG(s) 'crime_analytics_pipeline' retrieved from /opt/airflow/dags/dag_crime_pipeline.py
[2026-06-11T19:50:23.594+0000] {logging_mixin.py:188} INFO - [2026-06-11T19:50:23.593+0000] {dag.py:3036} INFO - Sync 1 DAGs
[2026-06-11T19:50:23.640+0000] {logging_mixin.py:188} INFO - [2026-06-11T19:50:23.639+0000] {dag.py:3823} INFO - Setting next_dagrun for crime_analytics_pipeline to 2026-06-06 19:00:00+00:00, run_after=2026-06-13 19:00:00+00:00
[2026-06-11T19:50:23.669+0000] {processor.py:183} INFO - Processing /opt/airflow/dags/dag_crime_pipeline.py took 0.193 seconds
[2026-06-11T19:50:54.234+0000] {processor.py:161} INFO - Started process (PID=4414) to work on /opt/airflow/dags/dag_crime_pipeline.py
[2026-06-11T19:50:54.236+0000] {processor.py:830} INFO - Processing file /opt/airflow/dags/dag_crime_pipeline.py for tasks to queue
[2026-06-11T19:50:54.241+0000] {logging_mixin.py:188} INFO - [2026-06-11T19:50:54.240+0000] {dagbag.py:538} INFO - Filling up the DagBag from /opt/airflow/dags/dag_crime_pipeline.py
[2026-06-11T19:50:54.296+0000] {processor.py:840} INFO - DAG(s) 'crime_analytics_pipeline' retrieved from /opt/airflow/dags/dag_crime_pipeline.py
[2026-06-11T19:50:54.342+0000] {logging_mixin.py:188} INFO - [2026-06-11T19:50:54.341+0000] {dag.py:3036} INFO - Sync 1 DAGs
[2026-06-11T19:50:54.376+0000] {logging_mixin.py:188} INFO - [2026-06-11T19:50:54.376+0000] {dag.py:3823} INFO - Setting next_dagrun for crime_analytics_pipeline to 2026-06-06 19:00:00+00:00, run_after=2026-06-13 19:00:00+00:00
[2026-06-11T19:50:54.426+0000] {processor.py:183} INFO - Processing /opt/airflow/dags/dag_crime_pipeline.py took 0.198 seconds
[2026-06-11T19:51:24.527+0000] {processor.py:161} INFO - Started process (PID=4419) to work on /opt/airflow/dags/dag_crime_pipeline.py
[2026-06-11T19:51:24.529+0000] {processor.py:830} INFO - Processing file /opt/airflow/dags/dag_crime_pipeline.py for tasks to queue
[2026-06-11T19:51:24.533+0000] {logging_mixin.py:188} INFO - [2026-06-11T19:51:24.532+0000] {dagbag.py:538} INFO - Filling up the DagBag from /opt/airflow/dags/dag_crime_pipeline.py
[2026-06-11T19:51:24.583+0000] {processor.py:840} INFO - DAG(s) 'crime_analytics_pipeline' retrieved from /opt/airflow/dags/dag_crime_pipeline.py
[2026-06-11T19:51:24.629+0000] {logging_mixin.py:188} INFO - [2026-06-11T19:51:24.628+0000] {dag.py:3036} INFO - Sync 1 DAGs
[2026-06-11T19:51:24.661+0000] {logging_mixin.py:188} INFO - [2026-06-11T19:51:24.660+0000] {dag.py:3823} INFO - Setting next_dagrun for crime_analytics_pipeline to 2026-06-06 19:00:00+00:00, run_after=2026-06-13 19:00:00+00:00
[2026-06-11T19:51:24.697+0000] {processor.py:183} INFO - Processing /opt/airflow/dags/dag_crime_pipeline.py took 0.176 seconds
[2026-06-11T19:51:55.205+0000] {processor.py:161} INFO - Started process (PID=4424) to work on /opt/airflow/dags/dag_crime_pipeline.py
[2026-06-11T19:51:55.207+0000] {processor.py:830} INFO - Processing file /opt/airflow/dags/dag_crime_pipeline.py for tasks to queue
[2026-06-11T19:51:55.211+0000] {logging_mixin.py:188} INFO - [2026-06-11T19:51:55.210+0000] {dagbag.py:538} INFO - Filling up the DagBag from /opt/airflow/dags/dag_crime_pipeline.py
[2026-06-11T19:51:55.266+0000] {processor.py:840} INFO - DAG(s) 'crime_analytics_pipeline' retrieved from /opt/airflow/dags/dag_crime_pipeline.py
[2026-06-11T19:51:55.306+0000] {logging_mixin.py:188} INFO - [2026-06-11T19:51:55.306+0000] {dag.py:3036} INFO - Sync 1 DAGs
[2026-06-11T19:51:55.333+0000] {logging_mixin.py:188} INFO - [2026-06-11T19:51:55.333+0000] {dag.py:3823} INFO - Setting next_dagrun for crime_analytics_pipeline to 2026-06-06 19:00:00+00:00, run_after=2026-06-13 19:00:00+00:00
[2026-06-11T19:51:55.355+0000] {processor.py:183} INFO - Processing /opt/airflow/dags/dag_crime_pipeline.py took 0.155 seconds
[2026-06-11T19:52:25.580+0000] {processor.py:161} INFO - Started process (PID=4429) to work on /opt/airflow/dags/dag_crime_pipeline.py
[2026-06-11T19:52:25.582+0000] {processor.py:830} INFO - Processing file /opt/airflow/dags/dag_crime_pipeline.py for tasks to queue
[2026-06-11T19:52:25.585+0000] {logging_mixin.py:188} INFO - [2026-06-11T19:52:25.584+0000] {dagbag.py:538} INFO - Filling up the DagBag from /opt/airflow/dags/dag_crime_pipeline.py
[2026-06-11T19:52:25.633+0000] {processor.py:840} INFO - DAG(s) 'crime_analytics_pipeline' retrieved from /opt/airflow/dags/dag_crime_pipeline.py
[2026-06-11T19:52:25.675+0000] {logging_mixin.py:188} INFO - [2026-06-11T19:52:25.675+0000] {dag.py:3036} INFO - Sync 1 DAGs
[2026-06-11T19:52:25.708+0000] {logging_mixin.py:188} INFO - [2026-06-11T19:52:25.708+0000] {dag.py:3823} INFO - Setting next_dagrun for crime_analytics_pipeline to 2026-06-06 19:00:00+00:00, run_after=2026-06-13 19:00:00+00:00
[2026-06-11T19:52:25.756+0000] {processor.py:183} INFO - Processing /opt/airflow/dags/dag_crime_pipeline.py took 0.180 seconds
[2026-06-11T19:52:56.073+0000] {processor.py:161} INFO - Started process (PID=4434) to work on /opt/airflow/dags/dag_crime_pipeline.py
[2026-06-11T19:52:56.075+0000] {processor.py:830} INFO - Processing file /opt/airflow/dags/dag_crime_pipeline.py for tasks to queue
[2026-06-11T19:52:56.079+0000] {logging_mixin.py:188} INFO - [2026-06-11T19:52:56.078+0000] {dagbag.py:538} INFO - Filling up the DagBag from /opt/airflow/dags/dag_crime_pipeline.py
[2026-06-11T19:52:56.128+0000] {processor.py:840} INFO - DAG(s) 'crime_analytics_pipeline' retrieved from /opt/airflow/dags/dag_crime_pipeline.py
[2026-06-11T19:52:56.171+0000] {logging_mixin.py:188} INFO - [2026-06-11T19:52:56.170+0000] {dag.py:3036} INFO - Sync 1 DAGs
[2026-06-11T19:52:56.199+0000] {logging_mixin.py:188} INFO - [2026-06-11T19:52:56.198+0000] {dag.py:3823} INFO - Setting next_dagrun for crime_analytics_pipeline to 2026-06-06 19:00:00+00:00, run_after=2026-06-13 19:00:00+00:00
[2026-06-11T19:52:56.246+0000] {processor.py:183} INFO - Processing /opt/airflow/dags/dag_crime_pipeline.py took 0.177 seconds
[2026-06-11T19:53:26.540+0000] {processor.py:161} INFO - Started process (PID=4439) to work on /opt/airflow/dags/dag_crime_pipeline.py
[2026-06-11T19:53:26.542+0000] {processor.py:830} INFO - Processing file /opt/airflow/dags/dag_crime_pipeline.py for tasks to queue
[2026-06-11T19:53:26.546+0000] {logging_mixin.py:188} INFO - [2026-06-11T19:53:26.546+0000] {dagbag.py:538} INFO - Filling up the DagBag from /opt/airflow/dags/dag_crime_pipeline.py
[2026-06-11T19:53:26.599+0000] {processor.py:840} INFO - DAG(s) 'crime_analytics_pipeline' retrieved from /opt/airflow/dags/dag_crime_pipeline.py
[2026-06-11T19:53:26.643+0000] {logging_mixin.py:188} INFO - [2026-06-11T19:53:26.642+0000] {dag.py:3036} INFO - Sync 1 DAGs
[2026-06-11T19:53:26.681+0000] {logging_mixin.py:188} INFO - [2026-06-11T19:53:26.680+0000] {dag.py:3823} INFO - Setting next_dagrun for crime_analytics_pipeline to 2026-06-06 19:00:00+00:00, run_after=2026-06-13 19:00:00+00:00
[2026-06-11T19:53:26.707+0000] {processor.py:183} INFO - Processing /opt/airflow/dags/dag_crime_pipeline.py took 0.174 seconds
[2026-06-11T19:53:56.828+0000] {processor.py:161} INFO - Started process (PID=4444) to work on /opt/airflow/dags/dag_crime_pipeline.py
[2026-06-11T19:53:56.830+0000] {processor.py:830} INFO - Processing file /opt/airflow/dags/dag_crime_pipeline.py for tasks to queue
[2026-06-11T19:53:56.833+0000] {logging_mixin.py:188} INFO - [2026-06-11T19:53:56.832+0000] {dagbag.py:538} INFO - Filling up the DagBag from /opt/airflow/dags/dag_crime_pipeline.py
[2026-06-11T19:53:56.879+0000] {processor.py:840} INFO - DAG(s) 'crime_analytics_pipeline' retrieved from /opt/airflow/dags/dag_crime_pipeline.py
[2026-06-11T19:53:56.916+0000] {logging_mixin.py:188} INFO - [2026-06-11T19:53:56.916+0000] {dag.py:3036} INFO - Sync 1 DAGs
[2026-06-11T19:53:56.940+0000] {logging_mixin.py:188} INFO - [2026-06-11T19:53:56.939+0000] {dag.py:3823} INFO - Setting next_dagrun for crime_analytics_pipeline to 2026-06-06 19:00:00+00:00, run_after=2026-06-13 19:00:00+00:00
[2026-06-11T19:53:56.960+0000] {processor.py:183} INFO - Processing /opt/airflow/dags/dag_crime_pipeline.py took 0.136 seconds
[2026-06-11T19:54:27.079+0000] {processor.py:161} INFO - Started process (PID=4449) to work on /opt/airflow/dags/dag_crime_pipeline.py
[2026-06-11T19:54:27.082+0000] {processor.py:830} INFO - Processing file /opt/airflow/dags/dag_crime_pipeline.py for tasks to queue
[2026-06-11T19:54:27.086+0000] {logging_mixin.py:188} INFO - [2026-06-11T19:54:27.085+0000] {dagbag.py:538} INFO - Filling up the DagBag from /opt/airflow/dags/dag_crime_pipeline.py
[2026-06-11T19:54:27.132+0000] {processor.py:840} INFO - DAG(s) 'crime_analytics_pipeline' retrieved from /opt/airflow/dags/dag_crime_pipeline.py
[2026-06-11T19:54:27.171+0000] {logging_mixin.py:188} INFO - [2026-06-11T19:54:27.171+0000] {dag.py:3036} INFO - Sync 1 DAGs
[2026-06-11T19:54:27.198+0000] {logging_mixin.py:188} INFO - [2026-06-11T19:54:27.198+0000] {dag.py:3823} INFO - Setting next_dagrun for crime_analytics_pipeline to 2026-06-06 19:00:00+00:00, run_after=2026-06-13 19:00:00+00:00
[2026-06-11T19:54:27.219+0000] {processor.py:183} INFO - Processing /opt/airflow/dags/dag_crime_pipeline.py took 0.146 seconds
[2026-06-11T19:54:57.447+0000] {processor.py:161} INFO - Started process (PID=4454) to work on /opt/airflow/dags/dag_crime_pipeline.py
[2026-06-11T19:54:57.449+0000] {processor.py:830} INFO - Processing file /opt/airflow/dags/dag_crime_pipeline.py for tasks to queue
[2026-06-11T19:54:57.452+0000] {logging_mixin.py:188} INFO - [2026-06-11T19:54:57.452+0000] {dagbag.py:538} INFO - Filling up the DagBag from /opt/airflow/dags/dag_crime_pipeline.py
[2026-06-11T19:54:57.499+0000] {processor.py:840} INFO - DAG(s) 'crime_analytics_pipeline' retrieved from /opt/airflow/dags/dag_crime_pipeline.py
[2026-06-11T19:54:57.538+0000] {logging_mixin.py:188} INFO - [2026-06-11T19:54:57.537+0000] {dag.py:3036} INFO - Sync 1 DAGs
[2026-06-11T19:54:57.563+0000] {logging_mixin.py:188} INFO - [2026-06-11T19:54:57.563+0000] {dag.py:3823} INFO - Setting next_dagrun for crime_analytics_pipeline to 2026-06-06 19:00:00+00:00, run_after=2026-06-13 19:00:00+00:00
[2026-06-11T19:54:57.605+0000] {processor.py:183} INFO - Processing /opt/airflow/dags/dag_crime_pipeline.py took 0.164 seconds
[2026-06-11T19:55:27.878+0000] {processor.py:161} INFO - Started process (PID=4459) to work on /opt/airflow/dags/dag_crime_pipeline.py
[2026-06-11T19:55:27.880+0000] {processor.py:830} INFO - Processing file /opt/airflow/dags/dag_crime_pipeline.py for tasks to queue
[2026-06-11T19:55:27.883+0000] {logging_mixin.py:188} INFO - [2026-06-11T19:55:27.883+0000] {dagbag.py:538} INFO - Filling up the DagBag from /opt/airflow/dags/dag_crime_pipeline.py
[2026-06-11T19:55:27.935+0000] {processor.py:840} INFO - DAG(s) 'crime_analytics_pipeline' retrieved from /opt/airflow/dags/dag_crime_pipeline.py
[2026-06-11T19:55:27.974+0000] {logging_mixin.py:188} INFO - [2026-06-11T19:55:27.973+0000] {dag.py:3036} INFO - Sync 1 DAGs
[2026-06-11T19:55:27.999+0000] {logging_mixin.py:188} INFO - [2026-06-11T19:55:27.999+0000] {dag.py:3823} INFO - Setting next_dagrun for crime_analytics_pipeline to 2026-06-06 19:00:00+00:00, run_after=2026-06-13 19:00:00+00:00
[2026-06-11T19:55:28.042+0000] {processor.py:183} INFO - Processing /opt/airflow/dags/dag_crime_pipeline.py took 0.170 seconds
[2026-06-11T19:55:58.235+0000] {processor.py:161} INFO - Started process (PID=4464) to work on /opt/airflow/dags/dag_crime_pipeline.py
[2026-06-11T19:55:58.237+0000] {processor.py:830} INFO - Processing file /opt/airflow/dags/dag_crime_pipeline.py for tasks to queue
[2026-06-11T19:55:58.241+0000] {logging_mixin.py:188} INFO - [2026-06-11T19:55:58.240+0000] {dagbag.py:538} INFO - Filling up the DagBag from /opt/airflow/dags/dag_crime_pipeline.py
[2026-06-11T19:55:58.297+0000] {processor.py:840} INFO - DAG(s) 'crime_analytics_pipeline' retrieved from /opt/airflow/dags/dag_crime_pipeline.py
[2026-06-11T19:55:58.343+0000] {logging_mixin.py:188} INFO - [2026-06-11T19:55:58.342+0000] {dag.py:3036} INFO - Sync 1 DAGs
[2026-06-11T19:55:58.375+0000] {logging_mixin.py:188} INFO - [2026-06-11T19:55:58.375+0000] {dag.py:3823} INFO - Setting next_dagrun for crime_analytics_pipeline to 2026-06-06 19:00:00+00:00, run_after=2026-06-13 19:00:00+00:00
[2026-06-11T19:55:58.403+0000] {processor.py:183} INFO - Processing /opt/airflow/dags/dag_crime_pipeline.py took 0.173 seconds
[2026-06-11T19:56:28.798+0000] {processor.py:161} INFO - Started process (PID=4469) to work on /opt/airflow/dags/dag_crime_pipeline.py
[2026-06-11T19:56:28.800+0000] {processor.py:830} INFO - Processing file /opt/airflow/dags/dag_crime_pipeline.py for tasks to queue
[2026-06-11T19:56:28.804+0000] {logging_mixin.py:188} INFO - [2026-06-11T19:56:28.803+0000] {dagbag.py:538} INFO - Filling up the DagBag from /opt/airflow/dags/dag_crime_pipeline.py
[2026-06-11T19:56:28.856+0000] {processor.py:840} INFO - DAG(s) 'crime_analytics_pipeline' retrieved from /opt/airflow/dags/dag_crime_pipeline.py
[2026-06-11T19:56:28.896+0000] {logging_mixin.py:188} INFO - [2026-06-11T19:56:28.895+0000] {dag.py:3036} INFO - Sync 1 DAGs
[2026-06-11T19:56:28.925+0000] {logging_mixin.py:188} INFO - [2026-06-11T19:56:28.925+0000] {dag.py:3823} INFO - Setting next_dagrun for crime_analytics_pipeline to 2026-06-06 19:00:00+00:00, run_after=2026-06-13 19:00:00+00:00
[2026-06-11T19:56:28.973+0000] {processor.py:183} INFO - Processing /opt/airflow/dags/dag_crime_pipeline.py took 0.180 seconds
[2026-06-11T19:56:59.125+0000] {processor.py:161} INFO - Started process (PID=4474) to work on /opt/airflow/dags/dag_crime_pipeline.py
[2026-06-11T19:56:59.127+0000] {processor.py:830} INFO - Processing file /opt/airflow/dags/dag_crime_pipeline.py for tasks to queue
[2026-06-11T19:56:59.130+0000] {logging_mixin.py:188} INFO - [2026-06-11T19:56:59.129+0000] {dagbag.py:538} INFO - Filling up the DagBag from /opt/airflow/dags/dag_crime_pipeline.py
[2026-06-11T19:56:59.179+0000] {processor.py:840} INFO - DAG(s) 'crime_analytics_pipeline' retrieved from /opt/airflow/dags/dag_crime_pipeline.py
[2026-06-11T19:56:59.228+0000] {logging_mixin.py:188} INFO - [2026-06-11T19:56:59.227+0000] {dag.py:3036} INFO - Sync 1 DAGs
[2026-06-11T19:56:59.262+0000] {logging_mixin.py:188} INFO - [2026-06-11T19:56:59.262+0000] {dag.py:3823} INFO - Setting next_dagrun for crime_analytics_pipeline to 2026-06-06 19:00:00+00:00, run_after=2026-06-13 19:00:00+00:00
[2026-06-11T19:56:59.313+0000] {processor.py:183} INFO - Processing /opt/airflow/dags/dag_crime_pipeline.py took 0.192 seconds
[2026-06-11T19:57:29.436+0000] {processor.py:161} INFO - Started process (PID=4479) to work on /opt/airflow/dags/dag_crime_pipeline.py
[2026-06-11T19:57:29.438+0000] {processor.py:830} INFO - Processing file /opt/airflow/dags/dag_crime_pipeline.py for tasks to queue
[2026-06-11T19:57:29.442+0000] {logging_mixin.py:188} INFO - [2026-06-11T19:57:29.441+0000] {dagbag.py:538} INFO - Filling up the DagBag from /opt/airflow/dags/dag_crime_pipeline.py
[2026-06-11T19:57:29.491+0000] {processor.py:840} INFO - DAG(s) 'crime_analytics_pipeline' retrieved from /opt/airflow/dags/dag_crime_pipeline.py
[2026-06-11T19:57:29.536+0000] {logging_mixin.py:188} INFO - [2026-06-11T19:57:29.535+0000] {dag.py:3036} INFO - Sync 1 DAGs
[2026-06-11T19:57:29.566+0000] {logging_mixin.py:188} INFO - [2026-06-11T19:57:29.566+0000] {dag.py:3823} INFO - Setting next_dagrun for crime_analytics_pipeline to 2026-06-06 19:00:00+00:00, run_after=2026-06-13 19:00:00+00:00
[2026-06-11T19:57:29.593+0000] {processor.py:183} INFO - Processing /opt/airflow/dags/dag_crime_pipeline.py took 0.162 seconds
[2026-06-11T19:58:00.114+0000] {processor.py:161} INFO - Started process (PID=4484) to work on /opt/airflow/dags/dag_crime_pipeline.py
[2026-06-11T19:58:00.116+0000] {processor.py:830} INFO - Processing file /opt/airflow/dags/dag_crime_pipeline.py for tasks to queue
[2026-06-11T19:58:00.120+0000] {logging_mixin.py:188} INFO - [2026-06-11T19:58:00.119+0000] {dagbag.py:538} INFO - Filling up the DagBag from /opt/airflow/dags/dag_crime_pipeline.py
[2026-06-11T19:58:00.167+0000] {processor.py:840} INFO - DAG(s) 'crime_analytics_pipeline' retrieved from /opt/airflow/dags/dag_crime_pipeline.py
[2026-06-11T19:58:00.202+0000] {logging_mixin.py:188} INFO - [2026-06-11T19:58:00.201+0000] {dag.py:3036} INFO - Sync 1 DAGs
[2026-06-11T19:58:00.225+0000] {logging_mixin.py:188} INFO - [2026-06-11T19:58:00.225+0000] {dag.py:3823} INFO - Setting next_dagrun for crime_analytics_pipeline to 2026-06-06 19:00:00+00:00, run_after=2026-06-13 19:00:00+00:00
[2026-06-11T19:58:00.246+0000] {processor.py:183} INFO - Processing /opt/airflow/dags/dag_crime_pipeline.py took 0.136 seconds
[2026-06-11T19:58:30.516+0000] {processor.py:161} INFO - Started process (PID=4489) to work on /opt/airflow/dags/dag_crime_pipeline.py
[2026-06-11T19:58:30.517+0000] {processor.py:830} INFO - Processing file /opt/airflow/dags/dag_crime_pipeline.py for tasks to queue
[2026-06-11T19:58:30.521+0000] {logging_mixin.py:188} INFO - [2026-06-11T19:58:30.520+0000] {dagbag.py:538} INFO - Filling up the DagBag from /opt/airflow/dags/dag_crime_pipeline.py
[2026-06-11T19:58:30.566+0000] {processor.py:840} INFO - DAG(s) 'crime_analytics_pipeline' retrieved from /opt/airflow/dags/dag_crime_pipeline.py
[2026-06-11T19:58:30.604+0000] {logging_mixin.py:188} INFO - [2026-06-11T19:58:30.604+0000] {dag.py:3036} INFO - Sync 1 DAGs
[2026-06-11T19:58:30.629+0000] {logging_mixin.py:188} INFO - [2026-06-11T19:58:30.629+0000] {dag.py:3823} INFO - Setting next_dagrun for crime_analytics_pipeline to 2026-06-06 19:00:00+00:00, run_after=2026-06-13 19:00:00+00:00
[2026-06-11T19:58:30.650+0000] {processor.py:183} INFO - Processing /opt/airflow/dags/dag_crime_pipeline.py took 0.139 seconds
[2026-06-11T19:59:01.030+0000] {processor.py:161} INFO - Started process (PID=4494) to work on /opt/airflow/dags/dag_crime_pipeline.py
[2026-06-11T19:59:01.032+0000] {processor.py:830} INFO - Processing file /opt/airflow/dags/dag_crime_pipeline.py for tasks to queue
[2026-06-11T19:59:01.036+0000] {logging_mixin.py:188} INFO - [2026-06-11T19:59:01.036+0000] {dagbag.py:538} INFO - Filling up the DagBag from /opt/airflow/dags/dag_crime_pipeline.py
[2026-06-11T19:59:01.083+0000] {processor.py:840} INFO - DAG(s) 'crime_analytics_pipeline' retrieved from /opt/airflow/dags/dag_crime_pipeline.py
[2026-06-11T19:59:01.118+0000] {logging_mixin.py:188} INFO - [2026-06-11T19:59:01.117+0000] {dag.py:3036} INFO - Sync 1 DAGs
[2026-06-11T19:59:01.142+0000] {logging_mixin.py:188} INFO - [2026-06-11T19:59:01.142+0000] {dag.py:3823} INFO - Setting next_dagrun for crime_analytics_pipeline to 2026-06-06 19:00:00+00:00, run_after=2026-06-13 19:00:00+00:00
[2026-06-11T19:59:01.184+0000] {processor.py:183} INFO - Processing /opt/airflow/dags/dag_crime_pipeline.py took 0.158 seconds
[2026-06-11T19:59:31.633+0000] {processor.py:161} INFO - Started process (PID=4499) to work on /opt/airflow/dags/dag_crime_pipeline.py
[2026-06-11T19:59:31.635+0000] {processor.py:830} INFO - Processing file /opt/airflow/dags/dag_crime_pipeline.py for tasks to queue
[2026-06-11T19:59:31.640+0000] {logging_mixin.py:188} INFO - [2026-06-11T19:59:31.639+0000] {dagbag.py:538} INFO - Filling up the DagBag from /opt/airflow/dags/dag_crime_pipeline.py
[2026-06-11T19:59:31.712+0000] {processor.py:840} INFO - DAG(s) 'crime_analytics_pipeline' retrieved from /opt/airflow/dags/dag_crime_pipeline.py
[2026-06-11T19:59:31.753+0000] {logging_mixin.py:188} INFO - [2026-06-11T19:59:31.753+0000] {dag.py:3036} INFO - Sync 1 DAGs
[2026-06-11T19:59:31.786+0000] {logging_mixin.py:188} INFO - [2026-06-11T19:59:31.785+0000] {dag.py:3823} INFO - Setting next_dagrun for crime_analytics_pipeline to 2026-06-06 19:00:00+00:00, run_after=2026-06-13 19:00:00+00:00
[2026-06-11T19:59:31.808+0000] {processor.py:183} INFO - Processing /opt/airflow/dags/dag_crime_pipeline.py took 0.180 seconds
[2026-06-11T20:00:02.037+0000] {processor.py:161} INFO - Started process (PID=4504) to work on /opt/airflow/dags/dag_crime_pipeline.py
[2026-06-11T20:00:02.039+0000] {processor.py:830} INFO - Processing file /opt/airflow/dags/dag_crime_pipeline.py for tasks to queue
[2026-06-11T20:00:02.043+0000] {logging_mixin.py:188} INFO - [2026-06-11T20:00:02.042+0000] {dagbag.py:538} INFO - Filling up the DagBag from /opt/airflow/dags/dag_crime_pipeline.py
[2026-06-11T20:00:02.090+0000] {processor.py:840} INFO - DAG(s) 'crime_analytics_pipeline' retrieved from /opt/airflow/dags/dag_crime_pipeline.py
[2026-06-11T20:00:02.133+0000] {logging_mixin.py:188} INFO - [2026-06-11T20:00:02.132+0000] {dag.py:3036} INFO - Sync 1 DAGs
[2026-06-11T20:00:02.160+0000] {logging_mixin.py:188} INFO - [2026-06-11T20:00:02.160+0000] {dag.py:3823} INFO - Setting next_dagrun for crime_analytics_pipeline to 2026-06-06 19:00:00+00:00, run_after=2026-06-13 19:00:00+00:00
[2026-06-11T20:00:02.206+0000] {processor.py:183} INFO - Processing /opt/airflow/dags/dag_crime_pipeline.py took 0.174 seconds
[2026-06-11T20:00:32.530+0000] {processor.py:161} INFO - Started process (PID=4509) to work on /opt/airflow/dags/dag_crime_pipeline.py
[2026-06-11T20:00:32.532+0000] {processor.py:830} INFO - Processing file /opt/airflow/dags/dag_crime_pipeline.py for tasks to queue
[2026-06-11T20:00:32.535+0000] {logging_mixin.py:188} INFO - [2026-06-11T20:00:32.534+0000] {dagbag.py:538} INFO - Filling up the DagBag from /opt/airflow/dags/dag_crime_pipeline.py
[2026-06-11T20:00:32.582+0000] {processor.py:840} INFO - DAG(s) 'crime_analytics_pipeline' retrieved from /opt/airflow/dags/dag_crime_pipeline.py
[2026-06-11T20:00:32.627+0000] {logging_mixin.py:188} INFO - [2026-06-11T20:00:32.627+0000] {dag.py:3036} INFO - Sync 1 DAGs
[2026-06-11T20:00:32.655+0000] {logging_mixin.py:188} INFO - [2026-06-11T20:00:32.654+0000] {dag.py:3823} INFO - Setting next_dagrun for crime_analytics_pipeline to 2026-06-06 19:00:00+00:00, run_after=2026-06-13 19:00:00+00:00
[2026-06-11T20:00:32.699+0000] {processor.py:183} INFO - Processing /opt/airflow/dags/dag_crime_pipeline.py took 0.173 seconds
[2026-06-11T20:01:02.916+0000] {processor.py:161} INFO - Started process (PID=4514) to work on /opt/airflow/dags/dag_crime_pipeline.py
[2026-06-11T20:01:02.917+0000] {processor.py:830} INFO - Processing file /opt/airflow/dags/dag_crime_pipeline.py for tasks to queue
[2026-06-11T20:01:02.921+0000] {logging_mixin.py:188} INFO - [2026-06-11T20:01:02.920+0000] {dagbag.py:538} INFO - Filling up the DagBag from /opt/airflow/dags/dag_crime_pipeline.py
[2026-06-11T20:01:02.965+0000] {processor.py:840} INFO - DAG(s) 'crime_analytics_pipeline' retrieved from /opt/airflow/dags/dag_crime_pipeline.py
[2026-06-11T20:01:03.002+0000] {logging_mixin.py:188} INFO - [2026-06-11T20:01:03.001+0000] {dag.py:3036} INFO - Sync 1 DAGs
[2026-06-11T20:01:03.032+0000] {logging_mixin.py:188} INFO - [2026-06-11T20:01:03.032+0000] {dag.py:3823} INFO - Setting next_dagrun for crime_analytics_pipeline to 2026-06-06 19:00:00+00:00, run_after=2026-06-13 19:00:00+00:00
[2026-06-11T20:01:03.073+0000] {processor.py:183} INFO - Processing /opt/airflow/dags/dag_crime_pipeline.py took 0.162 seconds
[2026-06-11T20:01:33.394+0000] {processor.py:161} INFO - Started process (PID=4519) to work on /opt/airflow/dags/dag_crime_pipeline.py
[2026-06-11T20:01:33.396+0000] {processor.py:830} INFO - Processing file /opt/airflow/dags/dag_crime_pipeline.py for tasks to queue
[2026-06-11T20:01:33.401+0000] {logging_mixin.py:188} INFO - [2026-06-11T20:01:33.400+0000] {dagbag.py:538} INFO - Filling up the DagBag from /opt/airflow/dags/dag_crime_pipeline.py
[2026-06-11T20:01:33.453+0000] {processor.py:840} INFO - DAG(s) 'crime_analytics_pipeline' retrieved from /opt/airflow/dags/dag_crime_pipeline.py
[2026-06-11T20:01:33.503+0000] {logging_mixin.py:188} INFO - [2026-06-11T20:01:33.502+0000] {dag.py:3036} INFO - Sync 1 DAGs
[2026-06-11T20:01:33.542+0000] {logging_mixin.py:188} INFO - [2026-06-11T20:01:33.541+0000] {dag.py:3823} INFO - Setting next_dagrun for crime_analytics_pipeline to 2026-06-06 19:00:00+00:00, run_after=2026-06-13 19:00:00+00:00
[2026-06-11T20:01:33.599+0000] {processor.py:183} INFO - Processing /opt/airflow/dags/dag_crime_pipeline.py took 0.212 seconds
[2026-06-11T20:02:03.750+0000] {processor.py:161} INFO - Started process (PID=4524) to work on /opt/airflow/dags/dag_crime_pipeline.py
[2026-06-11T20:02:03.752+0000] {processor.py:830} INFO - Processing file /opt/airflow/dags/dag_crime_pipeline.py for tasks to queue
[2026-06-11T20:02:03.756+0000] {logging_mixin.py:188} INFO - [2026-06-11T20:02:03.755+0000] {dagbag.py:538} INFO - Filling up the DagBag from /opt/airflow/dags/dag_crime_pipeline.py
[2026-06-11T20:02:03.808+0000] {processor.py:840} INFO - DAG(s) 'crime_analytics_pipeline' retrieved from /opt/airflow/dags/dag_crime_pipeline.py
[2026-06-11T20:02:03.853+0000] {logging_mixin.py:188} INFO - [2026-06-11T20:02:03.853+0000] {dag.py:3036} INFO - Sync 1 DAGs
[2026-06-11T20:02:03.880+0000] {logging_mixin.py:188} INFO - [2026-06-11T20:02:03.880+0000] {dag.py:3823} INFO - Setting next_dagrun for crime_analytics_pipeline to 2026-06-06 19:00:00+00:00, run_after=2026-06-13 19:00:00+00:00
[2026-06-11T20:02:03.904+0000] {processor.py:183} INFO - Processing /opt/airflow/dags/dag_crime_pipeline.py took 0.161 seconds
[2026-06-11T20:02:34.196+0000] {processor.py:161} INFO - Started process (PID=4529) to work on /opt/airflow/dags/dag_crime_pipeline.py
[2026-06-11T20:02:34.198+0000] {processor.py:830} INFO - Processing file /opt/airflow/dags/dag_crime_pipeline.py for tasks to queue
[2026-06-11T20:02:34.202+0000] {logging_mixin.py:188} INFO - [2026-06-11T20:02:34.202+0000] {dagbag.py:538} INFO - Filling up the DagBag from /opt/airflow/dags/dag_crime_pipeline.py
[2026-06-11T20:02:34.248+0000] {processor.py:840} INFO - DAG(s) 'crime_analytics_pipeline' retrieved from /opt/airflow/dags/dag_crime_pipeline.py
[2026-06-11T20:02:34.290+0000] {logging_mixin.py:188} INFO - [2026-06-11T20:02:34.290+0000] {dag.py:3036} INFO - Sync 1 DAGs
[2026-06-11T20:02:34.317+0000] {logging_mixin.py:188} INFO - [2026-06-11T20:02:34.317+0000] {dag.py:3823} INFO - Setting next_dagrun for crime_analytics_pipeline to 2026-06-06 19:00:00+00:00, run_after=2026-06-13 19:00:00+00:00
[2026-06-11T20:02:34.359+0000] {processor.py:183} INFO - Processing /opt/airflow/dags/dag_crime_pipeline.py took 0.167 seconds
[2026-06-11T20:03:04.769+0000] {processor.py:161} INFO - Started process (PID=4534) to work on /opt/airflow/dags/dag_crime_pipeline.py
[2026-06-11T20:03:04.770+0000] {processor.py:830} INFO - Processing file /opt/airflow/dags/dag_crime_pipeline.py for tasks to queue
[2026-06-11T20:03:04.774+0000] {logging_mixin.py:188} INFO - [2026-06-11T20:03:04.773+0000] {dagbag.py:538} INFO - Filling up the DagBag from /opt/airflow/dags/dag_crime_pipeline.py
[2026-06-11T20:03:04.823+0000] {processor.py:840} INFO - DAG(s) 'crime_analytics_pipeline' retrieved from /opt/airflow/dags/dag_crime_pipeline.py
[2026-06-11T20:03:04.866+0000] {logging_mixin.py:188} INFO - [2026-06-11T20:03:04.865+0000] {dag.py:3036} INFO - Sync 1 DAGs
[2026-06-11T20:03:04.896+0000] {logging_mixin.py:188} INFO - [2026-06-11T20:03:04.895+0000] {dag.py:3823} INFO - Setting next_dagrun for crime_analytics_pipeline to 2026-06-06 19:00:00+00:00, run_after=2026-06-13 19:00:00+00:00
[2026-06-11T20:03:04.920+0000] {processor.py:183} INFO - Processing /opt/airflow/dags/dag_crime_pipeline.py took 0.156 seconds
[2026-06-11T20:03:35.099+0000] {processor.py:161} INFO - Started process (PID=4539) to work on /opt/airflow/dags/dag_crime_pipeline.py
[2026-06-11T20:03:35.102+0000] {processor.py:830} INFO - Processing file /opt/airflow/dags/dag_crime_pipeline.py for tasks to queue
[2026-06-11T20:03:35.105+0000] {logging_mixin.py:188} INFO - [2026-06-11T20:03:35.105+0000] {dagbag.py:538} INFO - Filling up the DagBag from /opt/airflow/dags/dag_crime_pipeline.py
[2026-06-11T20:03:35.162+0000] {processor.py:840} INFO - DAG(s) 'crime_analytics_pipeline' retrieved from /opt/airflow/dags/dag_crime_pipeline.py
[2026-06-11T20:03:35.208+0000] {logging_mixin.py:188} INFO - [2026-06-11T20:03:35.207+0000] {dag.py:3036} INFO - Sync 1 DAGs
[2026-06-11T20:03:35.239+0000] {logging_mixin.py:188} INFO - [2026-06-11T20:03:35.238+0000] {dag.py:3823} INFO - Setting next_dagrun for crime_analytics_pipeline to 2026-06-06 19:00:00+00:00, run_after=2026-06-13 19:00:00+00:00
[2026-06-11T20:03:35.270+0000] {processor.py:183} INFO - Processing /opt/airflow/dags/dag_crime_pipeline.py took 0.179 seconds
[2026-06-11T20:04:05.659+0000] {processor.py:161} INFO - Started process (PID=4544) to work on /opt/airflow/dags/dag_crime_pipeline.py
[2026-06-11T20:04:05.661+0000] {processor.py:830} INFO - Processing file /opt/airflow/dags/dag_crime_pipeline.py for tasks to queue
[2026-06-11T20:04:05.665+0000] {logging_mixin.py:188} INFO - [2026-06-11T20:04:05.664+0000] {dagbag.py:538} INFO - Filling up the DagBag from /opt/airflow/dags/dag_crime_pipeline.py
[2026-06-11T20:04:05.713+0000] {processor.py:840} INFO - DAG(s) 'crime_analytics_pipeline' retrieved from /opt/airflow/dags/dag_crime_pipeline.py
[2026-06-11T20:04:05.754+0000] {logging_mixin.py:188} INFO - [2026-06-11T20:04:05.753+0000] {dag.py:3036} INFO - Sync 1 DAGs
[2026-06-11T20:04:05.783+0000] {logging_mixin.py:188} INFO - [2026-06-11T20:04:05.783+0000] {dag.py:3823} INFO - Setting next_dagrun for crime_analytics_pipeline to 2026-06-06 19:00:00+00:00, run_after=2026-06-13 19:00:00+00:00
[2026-06-11T20:04:05.807+0000] {processor.py:183} INFO - Processing /opt/airflow/dags/dag_crime_pipeline.py took 0.151 seconds
[2026-06-11T20:04:35.676+0000] {processor.py:161} INFO - Started process (PID=4549) to work on /opt/airflow/dags/dag_crime_pipeline.py
[2026-06-11T20:04:35.678+0000] {processor.py:830} INFO - Processing file /opt/airflow/dags/dag_crime_pipeline.py for tasks to queue
[2026-06-11T20:04:35.682+0000] {logging_mixin.py:188} INFO - [2026-06-11T20:04:35.681+0000] {dagbag.py:538} INFO - Filling up the DagBag from /opt/airflow/dags/dag_crime_pipeline.py
[2026-06-11T20:04:35.737+0000] {processor.py:840} INFO - DAG(s) 'crime_analytics_pipeline' retrieved from /opt/airflow/dags/dag_crime_pipeline.py
[2026-06-11T20:04:35.782+0000] {logging_mixin.py:188} INFO - [2026-06-11T20:04:35.781+0000] {dag.py:3036} INFO - Sync 1 DAGs
[2026-06-11T20:04:35.813+0000] {logging_mixin.py:188} INFO - [2026-06-11T20:04:35.813+0000] {dag.py:3823} INFO - Setting next_dagrun for crime_analytics_pipeline to 2026-06-06 19:00:00+00:00, run_after=2026-06-13 19:00:00+00:00
[2026-06-11T20:04:35.836+0000] {processor.py:183} INFO - Processing /opt/airflow/dags/dag_crime_pipeline.py took 0.165 seconds
[2026-06-11T20:05:06.625+0000] {processor.py:161} INFO - Started process (PID=4554) to work on /opt/airflow/dags/dag_crime_pipeline.py
[2026-06-11T20:05:06.627+0000] {processor.py:830} INFO - Processing file /opt/airflow/dags/dag_crime_pipeline.py for tasks to queue
[2026-06-11T20:05:06.630+0000] {logging_mixin.py:188} INFO - [2026-06-11T20:05:06.629+0000] {dagbag.py:538} INFO - Filling up the DagBag from /opt/airflow/dags/dag_crime_pipeline.py
[2026-06-11T20:05:06.680+0000] {processor.py:840} INFO - DAG(s) 'crime_analytics_pipeline' retrieved from /opt/airflow/dags/dag_crime_pipeline.py
[2026-06-11T20:05:06.728+0000] {logging_mixin.py:188} INFO - [2026-06-11T20:05:06.727+0000] {dag.py:3036} INFO - Sync 1 DAGs
[2026-06-11T20:05:06.766+0000] {logging_mixin.py:188} INFO - [2026-06-11T20:05:06.765+0000] {dag.py:3823} INFO - Setting next_dagrun for crime_analytics_pipeline to 2026-06-06 19:00:00+00:00, run_after=2026-06-13 19:00:00+00:00
[2026-06-11T20:05:06.794+0000] {processor.py:183} INFO - Processing /opt/airflow/dags/dag_crime_pipeline.py took 0.175 seconds
[2026-06-11T20:05:37.381+0000] {processor.py:161} INFO - Started process (PID=4559) to work on /opt/airflow/dags/dag_crime_pipeline.py
[2026-06-11T20:05:37.382+0000] {processor.py:830} INFO - Processing file /opt/airflow/dags/dag_crime_pipeline.py for tasks to queue
[2026-06-11T20:05:37.386+0000] {logging_mixin.py:188} INFO - [2026-06-11T20:05:37.385+0000] {dagbag.py:538} INFO - Filling up the DagBag from /opt/airflow/dags/dag_crime_pipeline.py
[2026-06-11T20:05:37.429+0000] {processor.py:840} INFO - DAG(s) 'crime_analytics_pipeline' retrieved from /opt/airflow/dags/dag_crime_pipeline.py
[2026-06-11T20:05:37.463+0000] {logging_mixin.py:188} INFO - [2026-06-11T20:05:37.463+0000] {dag.py:3036} INFO - Sync 1 DAGs
[2026-06-11T20:05:37.488+0000] {logging_mixin.py:188} INFO - [2026-06-11T20:05:37.488+0000] {dag.py:3823} INFO - Setting next_dagrun for crime_analytics_pipeline to 2026-06-06 19:00:00+00:00, run_after=2026-06-13 19:00:00+00:00
[2026-06-11T20:05:37.528+0000] {processor.py:183} INFO - Processing /opt/airflow/dags/dag_crime_pipeline.py took 0.151 seconds
[2026-06-11T20:06:07.822+0000] {processor.py:161} INFO - Started process (PID=4564) to work on /opt/airflow/dags/dag_crime_pipeline.py
[2026-06-11T20:06:07.824+0000] {processor.py:830} INFO - Processing file /opt/airflow/dags/dag_crime_pipeline.py for tasks to queue
[2026-06-11T20:06:07.827+0000] {logging_mixin.py:188} INFO - [2026-06-11T20:06:07.826+0000] {dagbag.py:538} INFO - Filling up the DagBag from /opt/airflow/dags/dag_crime_pipeline.py
[2026-06-11T20:06:07.874+0000] {processor.py:840} INFO - DAG(s) 'crime_analytics_pipeline' retrieved from /opt/airflow/dags/dag_crime_pipeline.py
[2026-06-11T20:06:07.923+0000] {logging_mixin.py:188} INFO - [2026-06-11T20:06:07.923+0000] {dag.py:3036} INFO - Sync 1 DAGs
[2026-06-11T20:06:07.953+0000] {logging_mixin.py:188} INFO - [2026-06-11T20:06:07.952+0000] {dag.py:3823} INFO - Setting next_dagrun for crime_analytics_pipeline to 2026-06-06 19:00:00+00:00, run_after=2026-06-13 19:00:00+00:00
[2026-06-11T20:06:07.973+0000] {processor.py:183} INFO - Processing /opt/airflow/dags/dag_crime_pipeline.py took 0.156 seconds
[2026-06-11T20:06:38.377+0000] {processor.py:161} INFO - Started process (PID=4569) to work on /opt/airflow/dags/dag_crime_pipeline.py
[2026-06-11T20:06:38.379+0000] {processor.py:830} INFO - Processing file /opt/airflow/dags/dag_crime_pipeline.py for tasks to queue
[2026-06-11T20:06:38.383+0000] {logging_mixin.py:188} INFO - [2026-06-11T20:06:38.382+0000] {dagbag.py:538} INFO - Filling up the DagBag from /opt/airflow/dags/dag_crime_pipeline.py
[2026-06-11T20:06:38.430+0000] {processor.py:840} INFO - DAG(s) 'crime_analytics_pipeline' retrieved from /opt/airflow/dags/dag_crime_pipeline.py
[2026-06-11T20:06:38.472+0000] {logging_mixin.py:188} INFO - [2026-06-11T20:06:38.471+0000] {dag.py:3036} INFO - Sync 1 DAGs
[2026-06-11T20:06:38.498+0000] {logging_mixin.py:188} INFO - [2026-06-11T20:06:38.498+0000] {dag.py:3823} INFO - Setting next_dagrun for crime_analytics_pipeline to 2026-06-06 19:00:00+00:00, run_after=2026-06-13 19:00:00+00:00
[2026-06-11T20:06:38.522+0000] {processor.py:183} INFO - Processing /opt/airflow/dags/dag_crime_pipeline.py took 0.149 seconds
[2026-06-11T20:07:08.818+0000] {processor.py:161} INFO - Started process (PID=4574) to work on /opt/airflow/dags/dag_crime_pipeline.py
[2026-06-11T20:07:08.820+0000] {processor.py:830} INFO - Processing file /opt/airflow/dags/dag_crime_pipeline.py for tasks to queue
[2026-06-11T20:07:08.825+0000] {logging_mixin.py:188} INFO - [2026-06-11T20:07:08.824+0000] {dagbag.py:538} INFO - Filling up the DagBag from /opt/airflow/dags/dag_crime_pipeline.py
[2026-06-11T20:07:08.877+0000] {processor.py:840} INFO - DAG(s) 'crime_analytics_pipeline' retrieved from /opt/airflow/dags/dag_crime_pipeline.py
[2026-06-11T20:07:08.919+0000] {logging_mixin.py:188} INFO - [2026-06-11T20:07:08.919+0000] {dag.py:3036} INFO - Sync 1 DAGs
[2026-06-11T20:07:08.950+0000] {logging_mixin.py:188} INFO - [2026-06-11T20:07:08.950+0000] {dag.py:3823} INFO - Setting next_dagrun for crime_analytics_pipeline to 2026-06-06 19:00:00+00:00, run_after=2026-06-13 19:00:00+00:00
[2026-06-11T20:07:08.975+0000] {processor.py:183} INFO - Processing /opt/airflow/dags/dag_crime_pipeline.py took 0.164 seconds
