[2026-04-14T16:25:06.712+0000] {manager.py:469} INFO - Processing files using up to 2 processes at a time 
[2026-04-14T16:25:06.713+0000] {manager.py:470} INFO - Process each file at most once every 30 seconds
[2026-04-14T16:25:06.715+0000] {manager.py:471} INFO - Checking for new files in /opt/airflow/dags every 300 seconds
[2026-04-14T16:25:06.715+0000] {manager.py:738} INFO - Searching for files in /opt/airflow/dags
[2026-04-14T16:25:06.720+0000] {manager.py:741} INFO - There are 0 files in /opt/airflow/dags
[2026-04-14T16:30:06.813+0000] {manager.py:738} INFO - Searching for files in /opt/airflow/dags
[2026-04-14T16:30:06.820+0000] {manager.py:741} INFO - There are 0 files in /opt/airflow/dags
[2026-04-14T16:33:26.004+0000] {manager.py:451} INFO - Exiting gracefully upon receiving signal 15
[2026-04-14T16:38:13.451+0000] {manager.py:469} INFO - Processing files using up to 2 processes at a time 
[2026-04-14T16:38:13.453+0000] {manager.py:470} INFO - Process each file at most once every 30 seconds
[2026-04-14T16:38:13.455+0000] {manager.py:471} INFO - Checking for new files in /opt/airflow/dags every 300 seconds
[2026-04-14T16:38:13.456+0000] {manager.py:738} INFO - Searching for files in /opt/airflow/dags
[2026-04-14T16:38:13.462+0000] {manager.py:741} INFO - There are 0 files in /opt/airflow/dags
[2026-04-14T16:39:07.139+0000] {manager.py:451} INFO - Exiting gracefully upon receiving signal 15
[2026-04-14T16:49:43.558+0000] {manager.py:469} INFO - Processing files using up to 2 processes at a time 
[2026-04-14T16:49:43.560+0000] {manager.py:470} INFO - Process each file at most once every 30 seconds
[2026-04-14T16:49:43.561+0000] {manager.py:471} INFO - Checking for new files in /opt/airflow/dags every 300 seconds
[2026-04-14T16:49:43.562+0000] {manager.py:738} INFO - Searching for files in /opt/airflow/dags
[2026-04-14T16:49:43.567+0000] {manager.py:741} INFO - There are 0 files in /opt/airflow/dags
[2026-04-14T16:54:44.258+0000] {manager.py:738} INFO - Searching for files in /opt/airflow/dags
[2026-04-14T16:54:44.270+0000] {manager.py:741} INFO - There are 1 files in /opt/airflow/dags
[2026-04-14T16:54:58.805+0000] {manager.py:879} INFO - 
================================================================================
DAG File Processing Stats

File Path                                PID    Runtime      # DAGs    # Errors  Last Runtime    Last Run
---------------------------------------  -----  ---------  --------  ----------  --------------  -------------------
/opt/airflow/dags/dag_crime_pipeline.py                           0           1  0.24s           2026-04-14T16:54:46
================================================================================
[2026-04-14T16:55:30.442+0000] {manager.py:879} INFO - 
================================================================================
DAG File Processing Stats

File Path                                PID    Runtime      # DAGs    # Errors  Last Runtime    Last Run
---------------------------------------  -----  ---------  --------  ----------  --------------  -------------------
/opt/airflow/dags/dag_crime_pipeline.py                           0           1  0.14s           2026-04-14T16:55:17
================================================================================
[2026-04-14T16:56:02.012+0000] {manager.py:879} INFO - 
================================================================================
DAG File Processing Stats

File Path                                PID    Runtime      # DAGs    # Errors  Last Runtime    Last Run
---------------------------------------  -----  ---------  --------  ----------  --------------  -------------------
/opt/airflow/dags/dag_crime_pipeline.py                           0           1  0.16s           2026-04-14T16:55:48
================================================================================
[2026-04-14T16:56:33.671+0000] {manager.py:879} INFO - 
================================================================================
DAG File Processing Stats

File Path                                PID    Runtime      # DAGs    # Errors  Last Runtime    Last Run
---------------------------------------  -----  ---------  --------  ----------  --------------  -------------------
/opt/airflow/dags/dag_crime_pipeline.py                           0           1  0.15s           2026-04-14T16:56:18
================================================================================
[2026-04-14T16:57:05.273+0000] {manager.py:879} INFO - 
================================================================================
DAG File Processing Stats

File Path                                PID    Runtime      # DAGs    # Errors  Last Runtime    Last Run
---------------------------------------  -----  ---------  --------  ----------  --------------  -------------------
/opt/airflow/dags/dag_crime_pipeline.py                           0           1  0.14s           2026-04-14T16:56:49
================================================================================
[2026-04-14T16:57:36.924+0000] {manager.py:879} INFO - 
================================================================================
DAG File Processing Stats

File Path                                PID    Runtime      # DAGs    # Errors  Last Runtime    Last Run
---------------------------------------  -----  ---------  --------  ----------  --------------  -------------------
/opt/airflow/dags/dag_crime_pipeline.py                           0           1  0.14s           2026-04-14T16:57:19
================================================================================
[2026-04-14T16:58:08.452+0000] {manager.py:879} INFO - 
================================================================================
DAG File Processing Stats

File Path                                PID    Runtime      # DAGs    # Errors  Last Runtime    Last Run
---------------------------------------  -----  ---------  --------  ----------  --------------  -------------------
/opt/airflow/dags/dag_crime_pipeline.py                           0           1  0.16s           2026-04-14T16:57:50
================================================================================
[2026-04-14T16:58:39.996+0000] {manager.py:879} INFO - 
================================================================================
DAG File Processing Stats

File Path                                PID    Runtime      # DAGs    # Errors  Last Runtime    Last Run
---------------------------------------  -----  ---------  --------  ----------  --------------  -------------------
/opt/airflow/dags/dag_crime_pipeline.py                           0           1  0.14s           2026-04-14T16:58:21
================================================================================
[2026-04-14T16:59:11.668+0000] {manager.py:879} INFO - 
================================================================================
DAG File Processing Stats

File Path                                PID    Runtime      # DAGs    # Errors  Last Runtime    Last Run
---------------------------------------  -----  ---------  --------  ----------  --------------  -------------------
/opt/airflow/dags/dag_crime_pipeline.py                           0           1  0.13s           2026-04-14T16:58:51
================================================================================
[2026-04-14T16:59:43.223+0000] {manager.py:879} INFO - 
================================================================================
DAG File Processing Stats

File Path                                PID    Runtime      # DAGs    # Errors  Last Runtime    Last Run
---------------------------------------  -----  ---------  --------  ----------  --------------  -------------------
/opt/airflow/dags/dag_crime_pipeline.py                           0           1  0.13s           2026-04-14T16:59:22
================================================================================
[2026-04-14T16:59:44.337+0000] {manager.py:738} INFO - Searching for files in /opt/airflow/dags
[2026-04-14T16:59:44.364+0000] {manager.py:741} INFO - There are 1 files in /opt/airflow/dags
[2026-04-14T17:00:14.927+0000] {manager.py:879} INFO - 
================================================================================
DAG File Processing Stats

File Path                                PID    Runtime      # DAGs    # Errors  Last Runtime    Last Run
---------------------------------------  -----  ---------  --------  ----------  --------------  -------------------
/opt/airflow/dags/dag_crime_pipeline.py                           0           1  0.15s           2026-04-14T16:59:52
================================================================================
[2026-04-14T17:00:46.505+0000] {manager.py:879} INFO - 
================================================================================
DAG File Processing Stats

File Path                                PID    Runtime      # DAGs    # Errors  Last Runtime    Last Run
---------------------------------------  -----  ---------  --------  ----------  --------------  -------------------
/opt/airflow/dags/dag_crime_pipeline.py                           0           1  0.16s           2026-04-14T17:00:23
================================================================================
[2026-04-14T17:01:18.219+0000] {manager.py:879} INFO - 
================================================================================
DAG File Processing Stats

File Path                                PID    Runtime      # DAGs    # Errors  Last Runtime    Last Run
---------------------------------------  -----  ---------  --------  ----------  --------------  -------------------
/opt/airflow/dags/dag_crime_pipeline.py                           1           0  0.51s           2026-04-14T17:00:57
================================================================================
[2026-04-14T17:01:49.817+0000] {manager.py:879} INFO - 
================================================================================
DAG File Processing Stats

File Path                                PID    Runtime      # DAGs    # Errors  Last Runtime    Last Run
---------------------------------------  -----  ---------  --------  ----------  --------------  -------------------
/opt/airflow/dags/dag_crime_pipeline.py                           1           0  0.15s           2026-04-14T17:01:27
================================================================================
[2026-04-14T17:02:21.412+0000] {manager.py:879} INFO - 
================================================================================
DAG File Processing Stats

File Path                                PID    Runtime      # DAGs    # Errors  Last Runtime    Last Run
---------------------------------------  -----  ---------  --------  ----------  --------------  -------------------
/opt/airflow/dags/dag_crime_pipeline.py                           1           0  0.21s           2026-04-14T17:01:58
================================================================================
[2026-04-14T17:02:53.032+0000] {manager.py:879} INFO - 
================================================================================
DAG File Processing Stats

File Path                                PID    Runtime      # DAGs    # Errors  Last Runtime    Last Run
---------------------------------------  -----  ---------  --------  ----------  --------------  -------------------
/opt/airflow/dags/dag_crime_pipeline.py                           1           0  0.17s           2026-04-14T17:02:28
================================================================================
[2026-04-14T17:03:24.669+0000] {manager.py:879} INFO - 
================================================================================
DAG File Processing Stats

File Path                                PID    Runtime      # DAGs    # Errors  Last Runtime    Last Run
---------------------------------------  -----  ---------  --------  ----------  --------------  -------------------
/opt/airflow/dags/dag_crime_pipeline.py                           1           0  0.20s           2026-04-14T17:02:59
================================================================================
[2026-04-14T17:03:56.339+0000] {manager.py:879} INFO - 
================================================================================
DAG File Processing Stats

File Path                                PID    Runtime      # DAGs    # Errors  Last Runtime    Last Run
---------------------------------------  -----  ---------  --------  ----------  --------------  -------------------
/opt/airflow/dags/dag_crime_pipeline.py                           1           0  0.23s           2026-04-14T17:03:30
================================================================================
[2026-04-14T17:04:27.947+0000] {manager.py:879} INFO - 
================================================================================
DAG File Processing Stats

File Path                                PID    Runtime      # DAGs    # Errors  Last Runtime    Last Run
---------------------------------------  -----  ---------  --------  ----------  --------------  -------------------
/opt/airflow/dags/dag_crime_pipeline.py                           1           0  0.18s           2026-04-14T17:04:00
================================================================================
[2026-04-14T17:04:44.430+0000] {manager.py:738} INFO - Searching for files in /opt/airflow/dags
[2026-04-14T17:04:44.455+0000] {manager.py:741} INFO - There are 1 files in /opt/airflow/dags
[2026-04-14T17:04:59.550+0000] {manager.py:879} INFO - 
================================================================================
DAG File Processing Stats

File Path                                PID    Runtime      # DAGs    # Errors  Last Runtime    Last Run
---------------------------------------  -----  ---------  --------  ----------  --------------  -------------------
/opt/airflow/dags/dag_crime_pipeline.py                           1           0  0.18s           2026-04-14T17:04:31
================================================================================
[2026-04-14T17:05:31.140+0000] {manager.py:879} INFO - 
================================================================================
DAG File Processing Stats

File Path                                PID    Runtime      # DAGs    # Errors  Last Runtime    Last Run
---------------------------------------  -----  ---------  --------  ----------  --------------  -------------------
/opt/airflow/dags/dag_crime_pipeline.py                           1           0  0.17s           2026-04-14T17:05:02
================================================================================
[2026-04-14T17:06:02.833+0000] {manager.py:879} INFO - 
================================================================================
DAG File Processing Stats

File Path                                PID    Runtime      # DAGs    # Errors  Last Runtime    Last Run
---------------------------------------  -----  ---------  --------  ----------  --------------  -------------------
/opt/airflow/dags/dag_crime_pipeline.py                           1           0  0.15s           2026-04-14T17:05:33
================================================================================
[2026-04-14T17:06:34.992+0000] {manager.py:879} INFO - 
================================================================================
DAG File Processing Stats

File Path                                PID    Runtime      # DAGs    # Errors  Last Runtime    Last Run
---------------------------------------  -----  ---------  --------  ----------  --------------  -------------------
/opt/airflow/dags/dag_crime_pipeline.py                           1           0  0.15s           2026-04-14T17:06:05
================================================================================
[2026-04-14T17:07:06.707+0000] {manager.py:879} INFO - 
================================================================================
DAG File Processing Stats

File Path                                  PID  Runtime      # DAGs    # Errors  Last Runtime    Last Run
---------------------------------------  -----  ---------  --------  ----------  --------------  -------------------
/opt/airflow/dags/dag_crime_pipeline.py    355  0.01s             1           0  0.19s           2026-04-14T17:06:36
================================================================================
[2026-04-14T17:07:39.202+0000] {manager.py:879} INFO - 
================================================================================
DAG File Processing Stats

File Path                                PID    Runtime      # DAGs    # Errors  Last Runtime    Last Run
---------------------------------------  -----  ---------  --------  ----------  --------------  -------------------
/opt/airflow/dags/dag_crime_pipeline.py                           1           0  0.14s           2026-04-14T17:07:37
================================================================================
[2026-04-14T17:08:10.913+0000] {manager.py:879} INFO - 
================================================================================
DAG File Processing Stats

File Path                                PID    Runtime      # DAGs    # Errors  Last Runtime    Last Run
---------------------------------------  -----  ---------  --------  ----------  --------------  -------------------
/opt/airflow/dags/dag_crime_pipeline.py                           1           0  0.18s           2026-04-14T17:08:09
================================================================================
[2026-04-14T17:08:42.502+0000] {manager.py:879} INFO - 
================================================================================
DAG File Processing Stats

File Path                                PID    Runtime      # DAGs    # Errors  Last Runtime    Last Run
---------------------------------------  -----  ---------  --------  ----------  --------------  -------------------
/opt/airflow/dags/dag_crime_pipeline.py                           1           0  0.18s           2026-04-14T17:08:41
================================================================================
[2026-04-14T17:09:14.015+0000] {manager.py:879} INFO - 
================================================================================
DAG File Processing Stats

File Path                                PID    Runtime      # DAGs    # Errors  Last Runtime    Last Run
---------------------------------------  -----  ---------  --------  ----------  --------------  -------------------
/opt/airflow/dags/dag_crime_pipeline.py                           1           0  0.15s           2026-04-14T17:09:13
================================================================================
[2026-04-14T17:09:44.557+0000] {manager.py:738} INFO - Searching for files in /opt/airflow/dags
[2026-04-14T17:09:44.581+0000] {manager.py:741} INFO - There are 1 files in /opt/airflow/dags
[2026-04-14T17:09:45.695+0000] {manager.py:879} INFO - 
================================================================================
DAG File Processing Stats

File Path                                PID    Runtime      # DAGs    # Errors  Last Runtime    Last Run
---------------------------------------  -----  ---------  --------  ----------  --------------  -------------------
/opt/airflow/dags/dag_crime_pipeline.py                           1           0  0.17s           2026-04-14T17:09:44
================================================================================
[2026-04-14T17:10:17.367+0000] {manager.py:879} INFO - 
================================================================================
DAG File Processing Stats

File Path                                PID    Runtime      # DAGs    # Errors  Last Runtime    Last Run
---------------------------------------  -----  ---------  --------  ----------  --------------  -------------------
/opt/airflow/dags/dag_crime_pipeline.py                           1           0  0.17s           2026-04-14T17:10:16
================================================================================
[2026-04-14T17:10:48.957+0000] {manager.py:879} INFO - 
================================================================================
DAG File Processing Stats

File Path                                PID    Runtime      # DAGs    # Errors  Last Runtime    Last Run
---------------------------------------  -----  ---------  --------  ----------  --------------  -------------------
/opt/airflow/dags/dag_crime_pipeline.py                           1           0  0.29s           2026-04-14T17:10:47
================================================================================
[2026-04-14T17:11:20.555+0000] {manager.py:879} INFO - 
================================================================================
DAG File Processing Stats

File Path                                PID    Runtime      # DAGs    # Errors  Last Runtime    Last Run
---------------------------------------  -----  ---------  --------  ----------  --------------  -------------------
/opt/airflow/dags/dag_crime_pipeline.py                           1           0  0.17s           2026-04-14T17:11:18
================================================================================
[2026-04-14T17:11:52.257+0000] {manager.py:879} INFO - 
================================================================================
DAG File Processing Stats

File Path                                PID    Runtime      # DAGs    # Errors  Last Runtime    Last Run
---------------------------------------  -----  ---------  --------  ----------  --------------  -------------------
/opt/airflow/dags/dag_crime_pipeline.py                           1           0  0.16s           2026-04-14T17:11:50
================================================================================
[2026-04-14T17:12:23.841+0000] {manager.py:879} INFO - 
================================================================================
DAG File Processing Stats

File Path                                PID    Runtime      # DAGs    # Errors  Last Runtime    Last Run
---------------------------------------  -----  ---------  --------  ----------  --------------  -------------------
/opt/airflow/dags/dag_crime_pipeline.py                           1           0  0.20s           2026-04-14T17:12:22
================================================================================
[2026-04-14T17:12:55.581+0000] {manager.py:879} INFO - 
================================================================================
DAG File Processing Stats

File Path                                PID    Runtime      # DAGs    # Errors  Last Runtime    Last Run
---------------------------------------  -----  ---------  --------  ----------  --------------  -------------------
/opt/airflow/dags/dag_crime_pipeline.py                           1           0  0.15s           2026-04-14T17:12:52
================================================================================
[2026-04-14T17:13:28.372+0000] {manager.py:879} INFO - 
================================================================================
DAG File Processing Stats

File Path                                PID    Runtime      # DAGs    # Errors  Last Runtime    Last Run
---------------------------------------  -----  ---------  --------  ----------  --------------  -------------------
/opt/airflow/dags/dag_crime_pipeline.py                           1           0  0.18s           2026-04-14T17:13:25
================================================================================
[2026-04-14T17:13:59.894+0000] {manager.py:879} INFO - 
================================================================================
DAG File Processing Stats

File Path                                PID    Runtime      # DAGs    # Errors  Last Runtime    Last Run
---------------------------------------  -----  ---------  --------  ----------  --------------  -------------------
/opt/airflow/dags/dag_crime_pipeline.py                           1           0  0.15s           2026-04-14T17:13:57
================================================================================
[2026-04-14T17:18:34.720+0000] {manager.py:738} INFO - Searching for files in /opt/airflow/dags
[2026-04-14T17:18:34.734+0000] {manager.py:741} INFO - There are 1 files in /opt/airflow/dags
[2026-04-14T17:18:39.662+0000] {manager.py:879} INFO - 
================================================================================
DAG File Processing Stats

File Path                                PID    Runtime      # DAGs    # Errors  Last Runtime    Last Run
---------------------------------------  -----  ---------  --------  ----------  --------------  -------------------
/opt/airflow/dags/dag_crime_pipeline.py                           1           0  0.93s           2026-04-14T17:18:35
================================================================================
[2026-04-14T17:19:10.659+0000] {manager.py:879} INFO - 
================================================================================
DAG File Processing Stats

File Path                                PID    Runtime      # DAGs    # Errors  Last Runtime    Last Run
---------------------------------------  -----  ---------  --------  ----------  --------------  -------------------
/opt/airflow/dags/dag_crime_pipeline.py                           1           0  0.15s           2026-04-14T17:19:06
================================================================================
[2026-04-14T17:19:41.682+0000] {manager.py:879} INFO - 
================================================================================
DAG File Processing Stats

File Path                                PID    Runtime      # DAGs    # Errors  Last Runtime    Last Run
---------------------------------------  -----  ---------  --------  ----------  --------------  -------------------
/opt/airflow/dags/dag_crime_pipeline.py                           1           0  0.20s           2026-04-14T17:19:37
================================================================================
[2026-04-14T17:20:12.764+0000] {manager.py:879} INFO - 
================================================================================
DAG File Processing Stats

File Path                                PID    Runtime      # DAGs    # Errors  Last Runtime    Last Run
---------------------------------------  -----  ---------  --------  ----------  --------------  -------------------
/opt/airflow/dags/dag_crime_pipeline.py                           1           0  0.17s           2026-04-14T17:20:08
================================================================================
[2026-04-14T17:20:43.995+0000] {manager.py:879} INFO - 
================================================================================
DAG File Processing Stats

File Path                                PID    Runtime      # DAGs    # Errors  Last Runtime    Last Run
---------------------------------------  -----  ---------  --------  ----------  --------------  -------------------
/opt/airflow/dags/dag_crime_pipeline.py                           1           0  0.18s           2026-04-14T17:20:39
================================================================================
[2026-04-14T17:21:15.084+0000] {manager.py:879} INFO - 
================================================================================
DAG File Processing Stats

File Path                                PID    Runtime      # DAGs    # Errors  Last Runtime    Last Run
---------------------------------------  -----  ---------  --------  ----------  --------------  -------------------
/opt/airflow/dags/dag_crime_pipeline.py                           1           0  0.19s           2026-04-14T17:21:10
================================================================================
[2026-04-14T17:21:38.804+0000] {manager.py:451} INFO - Exiting gracefully upon receiving signal 15
[2026-05-08T02:58:59.396+0000] {manager.py:469} INFO - Processing files using up to 2 processes at a time 
[2026-05-08T02:58:59.399+0000] {manager.py:470} INFO - Process each file at most once every 30 seconds
[2026-05-08T02:58:59.401+0000] {manager.py:471} INFO - Checking for new files in /opt/airflow/dags every 300 seconds
[2026-05-08T02:58:59.402+0000] {manager.py:738} INFO - Searching for files in /opt/airflow/dags
[2026-05-08T02:58:59.487+0000] {manager.py:741} INFO - There are 1 files in /opt/airflow/dags
[2026-05-08T02:59:01.588+0000] {manager.py:879} INFO - 
================================================================================
DAG File Processing Stats

File Path                                  PID  Runtime      # DAGs    # Errors  Last Runtime    Last Run
---------------------------------------  -----  ---------  --------  ----------  --------------  ----------
/opt/airflow/dags/dag_crime_pipeline.py    190  0.05s             0           0
================================================================================
[2026-05-08T02:59:30.107+0000] {manager.py:879} INFO - 
================================================================================
DAG File Processing Stats

File Path                                PID    Runtime      # DAGs    # Errors  Last Runtime    Last Run
---------------------------------------  -----  ---------  --------  ----------  --------------  -------------------
/opt/airflow/dags/dag_crime_pipeline.py                           1           0  0.25s           2026-05-08T02:59:01
================================================================================
[2026-05-08T02:59:59.550+0000] {manager.py:879} INFO - 
================================================================================
DAG File Processing Stats

File Path                                PID    Runtime      # DAGs    # Errors  Last Runtime    Last Run
---------------------------------------  -----  ---------  --------  ----------  --------------  -------------------
/opt/airflow/dags/dag_crime_pipeline.py                           1           0  0.54s           2026-05-08T02:59:32
================================================================================
[2026-05-08T03:00:28.635+0000] {manager.py:879} INFO - 
================================================================================
DAG File Processing Stats

File Path                                PID    Runtime      # DAGs    # Errors  Last Runtime    Last Run
---------------------------------------  -----  ---------  --------  ----------  --------------  -------------------
/opt/airflow/dags/dag_crime_pipeline.py                           1           0  0.35s           2026-05-08T03:00:03
================================================================================
[2026-05-08T03:00:57.167+0000] {manager.py:879} INFO - 
================================================================================
DAG File Processing Stats

File Path                                PID    Runtime      # DAGs    # Errors  Last Runtime    Last Run
---------------------------------------  -----  ---------  --------  ----------  --------------  -------------------
/opt/airflow/dags/dag_crime_pipeline.py                           1           0  0.28s           2026-05-08T03:00:33
================================================================================
[2026-05-08T03:01:25.910+0000] {manager.py:879} INFO - 
================================================================================
DAG File Processing Stats

File Path                                PID    Runtime      # DAGs    # Errors  Last Runtime    Last Run
---------------------------------------  -----  ---------  --------  ----------  --------------  -------------------
/opt/airflow/dags/dag_crime_pipeline.py                           1           0  0.28s           2026-05-08T03:01:04
================================================================================
[2026-05-08T03:01:54.680+0000] {manager.py:879} INFO - 
================================================================================
DAG File Processing Stats

File Path                                PID    Runtime      # DAGs    # Errors  Last Runtime    Last Run
---------------------------------------  -----  ---------  --------  ----------  --------------  -------------------
/opt/airflow/dags/dag_crime_pipeline.py                           1           0  0.25s           2026-05-08T03:01:35
================================================================================
[2026-05-08T03:02:23.764+0000] {manager.py:879} INFO - 
================================================================================
DAG File Processing Stats

File Path                                PID    Runtime      # DAGs    # Errors  Last Runtime    Last Run
---------------------------------------  -----  ---------  --------  ----------  --------------  -------------------
/opt/airflow/dags/dag_crime_pipeline.py                           1           0  0.25s           2026-05-08T03:02:06
================================================================================
[2026-05-08T03:02:52.628+0000] {manager.py:879} INFO - 
================================================================================
DAG File Processing Stats

File Path                                PID    Runtime      # DAGs    # Errors  Last Runtime    Last Run
---------------------------------------  -----  ---------  --------  ----------  --------------  -------------------
/opt/airflow/dags/dag_crime_pipeline.py                           1           0  0.27s           2026-05-08T03:02:37
================================================================================
[2026-05-08T03:03:21.298+0000] {manager.py:879} INFO - 
================================================================================
DAG File Processing Stats

File Path                                PID    Runtime      # DAGs    # Errors  Last Runtime    Last Run
---------------------------------------  -----  ---------  --------  ----------  --------------  -------------------
/opt/airflow/dags/dag_crime_pipeline.py                           1           0  0.27s           2026-05-08T03:03:08
================================================================================
[2026-05-08T03:03:50.235+0000] {manager.py:879} INFO - 
================================================================================
DAG File Processing Stats

File Path                                PID    Runtime      # DAGs    # Errors  Last Runtime    Last Run
---------------------------------------  -----  ---------  --------  ----------  --------------  -------------------
/opt/airflow/dags/dag_crime_pipeline.py                           1           0  0.29s           2026-05-08T03:03:39
================================================================================
[2026-05-08T03:04:00.310+0000] {manager.py:738} INFO - Searching for files in /opt/airflow/dags
[2026-05-08T03:04:00.391+0000] {manager.py:741} INFO - There are 1 files in /opt/airflow/dags
[2026-05-08T03:04:16.802+0000] {manager.py:879} INFO - 
================================================================================
DAG File Processing Stats

File Path                                PID    Runtime      # DAGs    # Errors  Last Runtime    Last Run
---------------------------------------  -----  ---------  --------  ----------  --------------  -------------------
/opt/airflow/dags/dag_crime_pipeline.py                           1           0  0.26s           2026-05-08T03:04:09
================================================================================
[2026-05-08T03:04:45.326+0000] {manager.py:879} INFO - 
================================================================================
DAG File Processing Stats

File Path                                PID    Runtime      # DAGs    # Errors  Last Runtime    Last Run
---------------------------------------  -----  ---------  --------  ----------  --------------  -------------------
/opt/airflow/dags/dag_crime_pipeline.py                           1           0  0.34s           2026-05-08T03:04:40
================================================================================
[2026-05-08T03:05:13.877+0000] {manager.py:879} INFO - 
================================================================================
DAG File Processing Stats

File Path                                PID    Runtime      # DAGs    # Errors  Last Runtime    Last Run
---------------------------------------  -----  ---------  --------  ----------  --------------  -------------------
/opt/airflow/dags/dag_crime_pipeline.py                           1           0  0.27s           2026-05-08T03:05:11
================================================================================
[2026-05-08T03:05:41.800+0000] {manager.py:879} INFO - 
================================================================================
DAG File Processing Stats

File Path                                PID    Runtime      # DAGs    # Errors  Last Runtime    Last Run
---------------------------------------  -----  ---------  --------  ----------  --------------  -------------------
/opt/airflow/dags/dag_crime_pipeline.py                           1           0  0.29s           2026-05-08T03:05:41
================================================================================
[2026-05-08T03:06:10.337+0000] {manager.py:879} INFO - 
================================================================================
DAG File Processing Stats

File Path                                PID    Runtime      # DAGs    # Errors  Last Runtime    Last Run
---------------------------------------  -----  ---------  --------  ----------  --------------  -------------------
/opt/airflow/dags/dag_crime_pipeline.py                           1           0  0.29s           2026-05-08T03:05:41
================================================================================
[2026-05-08T03:06:38.930+0000] {manager.py:879} INFO - 
================================================================================
DAG File Processing Stats

File Path                                PID    Runtime      # DAGs    # Errors  Last Runtime    Last Run
---------------------------------------  -----  ---------  --------  ----------  --------------  -------------------
/opt/airflow/dags/dag_crime_pipeline.py                           1           0  0.28s           2026-05-08T03:06:12
================================================================================
[2026-05-08T03:07:07.725+0000] {manager.py:879} INFO - 
================================================================================
DAG File Processing Stats

File Path                                PID    Runtime      # DAGs    # Errors  Last Runtime    Last Run
---------------------------------------  -----  ---------  --------  ----------  --------------  -------------------
/opt/airflow/dags/dag_crime_pipeline.py                           1           0  0.28s           2026-05-08T03:06:43
================================================================================
[2026-05-08T03:07:36.487+0000] {manager.py:879} INFO - 
================================================================================
DAG File Processing Stats

File Path                                PID    Runtime      # DAGs    # Errors  Last Runtime    Last Run
---------------------------------------  -----  ---------  --------  ----------  --------------  -------------------
/opt/airflow/dags/dag_crime_pipeline.py                           1           0  0.28s           2026-05-08T03:07:14
================================================================================
[2026-05-08T03:08:05.486+0000] {manager.py:879} INFO - 
================================================================================
DAG File Processing Stats

File Path                                PID    Runtime      # DAGs    # Errors  Last Runtime    Last Run
---------------------------------------  -----  ---------  --------  ----------  --------------  -------------------
/opt/airflow/dags/dag_crime_pipeline.py                           1           0  0.28s           2026-05-08T03:07:45
================================================================================
[2026-05-08T03:08:34.122+0000] {manager.py:879} INFO - 
================================================================================
DAG File Processing Stats

File Path                                PID    Runtime      # DAGs    # Errors  Last Runtime    Last Run
---------------------------------------  -----  ---------  --------  ----------  --------------  -------------------
/opt/airflow/dags/dag_crime_pipeline.py                           1           0  0.28s           2026-05-08T03:08:16
================================================================================
[2026-05-08T03:09:00.835+0000] {manager.py:738} INFO - Searching for files in /opt/airflow/dags
[2026-05-08T03:09:00.908+0000] {manager.py:741} INFO - There are 1 files in /opt/airflow/dags
[2026-05-08T03:09:03.008+0000] {manager.py:879} INFO - 
================================================================================
DAG File Processing Stats

File Path                                PID    Runtime      # DAGs    # Errors  Last Runtime    Last Run
---------------------------------------  -----  ---------  --------  ----------  --------------  -------------------
/opt/airflow/dags/dag_crime_pipeline.py                           1           0  0.27s           2026-05-08T03:08:46
================================================================================
[2026-05-08T03:09:31.630+0000] {manager.py:879} INFO - 
================================================================================
DAG File Processing Stats

File Path                                PID    Runtime      # DAGs    # Errors  Last Runtime    Last Run
---------------------------------------  -----  ---------  --------  ----------  --------------  -------------------
/opt/airflow/dags/dag_crime_pipeline.py                           1           0  0.35s           2026-05-08T03:09:17
================================================================================
[2026-05-08T03:10:00.114+0000] {manager.py:879} INFO - 
================================================================================
DAG File Processing Stats

File Path                                PID    Runtime      # DAGs    # Errors  Last Runtime    Last Run
---------------------------------------  -----  ---------  --------  ----------  --------------  -------------------
/opt/airflow/dags/dag_crime_pipeline.py                           1           0  0.27s           2026-05-08T03:09:48
================================================================================
[2026-05-08T03:10:28.550+0000] {manager.py:879} INFO - 
================================================================================
DAG File Processing Stats

File Path                                PID    Runtime      # DAGs    # Errors  Last Runtime    Last Run
---------------------------------------  -----  ---------  --------  ----------  --------------  -------------------
/opt/airflow/dags/dag_crime_pipeline.py                           1           0  0.30s           2026-05-08T03:10:18
================================================================================
[2026-05-08T03:10:57.024+0000] {manager.py:879} INFO - 
================================================================================
DAG File Processing Stats

File Path                                PID    Runtime      # DAGs    # Errors  Last Runtime    Last Run
---------------------------------------  -----  ---------  --------  ----------  --------------  -------------------
/opt/airflow/dags/dag_crime_pipeline.py                           1           0  0.32s           2026-05-08T03:10:49
================================================================================
[2026-05-08T03:11:25.519+0000] {manager.py:879} INFO - 
================================================================================
DAG File Processing Stats

File Path                                PID    Runtime      # DAGs    # Errors  Last Runtime    Last Run
---------------------------------------  -----  ---------  --------  ----------  --------------  -------------------
/opt/airflow/dags/dag_crime_pipeline.py                           1           0  0.25s           2026-05-08T03:11:19
================================================================================
[2026-05-08T03:11:53.911+0000] {manager.py:879} INFO - 
================================================================================
DAG File Processing Stats

File Path                                PID    Runtime      # DAGs    # Errors  Last Runtime    Last Run
---------------------------------------  -----  ---------  --------  ----------  --------------  -------------------
/opt/airflow/dags/dag_crime_pipeline.py                           1           0  0.26s           2026-05-08T03:11:50
================================================================================
[2026-05-08T03:12:22.511+0000] {manager.py:879} INFO - 
================================================================================
DAG File Processing Stats

File Path                                PID    Runtime      # DAGs    # Errors  Last Runtime    Last Run
---------------------------------------  -----  ---------  --------  ----------  --------------  -------------------
/opt/airflow/dags/dag_crime_pipeline.py                           1           0  0.29s           2026-05-08T03:12:20
================================================================================
[2026-05-08T03:12:51.008+0000] {manager.py:879} INFO - 
================================================================================
DAG File Processing Stats

File Path                                  PID  Runtime      # DAGs    # Errors  Last Runtime    Last Run
---------------------------------------  -----  ---------  --------  ----------  --------------  -------------------
/opt/airflow/dags/dag_crime_pipeline.py    437  0.01s             1           0  0.29s           2026-05-08T03:12:20
================================================================================
[2026-05-08T03:13:19.287+0000] {manager.py:879} INFO - 
================================================================================
DAG File Processing Stats

File Path                                PID    Runtime      # DAGs    # Errors  Last Runtime    Last Run
---------------------------------------  -----  ---------  --------  ----------  --------------  -------------------
/opt/airflow/dags/dag_crime_pipeline.py                           1           0  0.32s           2026-05-08T03:12:51
================================================================================
[2026-05-08T03:13:48.038+0000] {manager.py:879} INFO - 
================================================================================
DAG File Processing Stats

File Path                                PID    Runtime      # DAGs    # Errors  Last Runtime    Last Run
---------------------------------------  -----  ---------  --------  ----------  --------------  -------------------
/opt/airflow/dags/dag_crime_pipeline.py                           1           0  0.33s           2026-05-08T03:13:21
================================================================================
[2026-05-08T03:14:01.601+0000] {manager.py:738} INFO - Searching for files in /opt/airflow/dags
[2026-05-08T03:14:01.681+0000] {manager.py:741} INFO - There are 1 files in /opt/airflow/dags
[2026-05-08T03:14:16.073+0000] {manager.py:879} INFO - 
================================================================================
DAG File Processing Stats

File Path                                PID    Runtime      # DAGs    # Errors  Last Runtime    Last Run
---------------------------------------  -----  ---------  --------  ----------  --------------  -------------------
/opt/airflow/dags/dag_crime_pipeline.py                           1           0  0.30s           2026-05-08T03:13:52
================================================================================
[2026-05-08T03:14:44.709+0000] {manager.py:879} INFO - 
================================================================================
DAG File Processing Stats

File Path                                PID    Runtime      # DAGs    # Errors  Last Runtime    Last Run
---------------------------------------  -----  ---------  --------  ----------  --------------  -------------------
/opt/airflow/dags/dag_crime_pipeline.py                           1           0  0.31s           2026-05-08T03:14:23
================================================================================
[2026-05-08T03:15:13.339+0000] {manager.py:879} INFO - 
================================================================================
DAG File Processing Stats

File Path                                PID    Runtime      # DAGs    # Errors  Last Runtime    Last Run
---------------------------------------  -----  ---------  --------  ----------  --------------  -------------------
/opt/airflow/dags/dag_crime_pipeline.py                           1           0  0.30s           2026-05-08T03:14:54
================================================================================
[2026-05-08T03:15:42.065+0000] {manager.py:879} INFO - 
================================================================================
DAG File Processing Stats

File Path                                PID    Runtime      # DAGs    # Errors  Last Runtime    Last Run
---------------------------------------  -----  ---------  --------  ----------  --------------  -------------------
/opt/airflow/dags/dag_crime_pipeline.py                           1           0  0.27s           2026-05-08T03:15:24
================================================================================
[2026-05-08T03:16:10.517+0000] {manager.py:879} INFO - 
================================================================================
DAG File Processing Stats

File Path                                PID    Runtime      # DAGs    # Errors  Last Runtime    Last Run
---------------------------------------  -----  ---------  --------  ----------  --------------  -------------------
/opt/airflow/dags/dag_crime_pipeline.py                           1           0  0.32s           2026-05-08T03:15:55
================================================================================
[2026-05-08T03:16:38.951+0000] {manager.py:879} INFO - 
================================================================================
DAG File Processing Stats

File Path                                PID    Runtime      # DAGs    # Errors  Last Runtime    Last Run
---------------------------------------  -----  ---------  --------  ----------  --------------  -------------------
/opt/airflow/dags/dag_crime_pipeline.py                           1           0  0.28s           2026-05-08T03:16:26
================================================================================
[2026-05-08T03:17:07.469+0000] {manager.py:879} INFO - 
================================================================================
DAG File Processing Stats

File Path                                PID    Runtime      # DAGs    # Errors  Last Runtime    Last Run
---------------------------------------  -----  ---------  --------  ----------  --------------  -------------------
/opt/airflow/dags/dag_crime_pipeline.py                           1           0  0.29s           2026-05-08T03:16:56
================================================================================
[2026-05-08T03:17:35.989+0000] {manager.py:879} INFO - 
================================================================================
DAG File Processing Stats

File Path                                PID    Runtime      # DAGs    # Errors  Last Runtime    Last Run
---------------------------------------  -----  ---------  --------  ----------  --------------  -------------------
/opt/airflow/dags/dag_crime_pipeline.py                           1           0  0.30s           2026-05-08T03:17:27
================================================================================
[2026-05-08T03:18:04.323+0000] {manager.py:879} INFO - 
================================================================================
DAG File Processing Stats

File Path                                PID    Runtime      # DAGs    # Errors  Last Runtime    Last Run
---------------------------------------  -----  ---------  --------  ----------  --------------  -------------------
/opt/airflow/dags/dag_crime_pipeline.py                           1           0  0.31s           2026-05-08T03:17:57
================================================================================
[2026-05-08T03:18:32.760+0000] {manager.py:879} INFO - 
================================================================================
DAG File Processing Stats

File Path                                PID    Runtime      # DAGs    # Errors  Last Runtime    Last Run
---------------------------------------  -----  ---------  --------  ----------  --------------  -------------------
/opt/airflow/dags/dag_crime_pipeline.py                           1           0  0.29s           2026-05-08T03:18:27
================================================================================
[2026-05-08T03:19:01.091+0000] {manager.py:879} INFO - 
================================================================================
DAG File Processing Stats

File Path                                PID    Runtime      # DAGs    # Errors  Last Runtime    Last Run
---------------------------------------  -----  ---------  --------  ----------  --------------  -------------------
/opt/airflow/dags/dag_crime_pipeline.py                           1           0  0.28s           2026-05-08T03:18:58
================================================================================
[2026-05-08T03:19:02.101+0000] {manager.py:738} INFO - Searching for files in /opt/airflow/dags
[2026-05-08T03:19:02.171+0000] {manager.py:741} INFO - There are 1 files in /opt/airflow/dags
[2026-05-08T03:19:28.979+0000] {manager.py:879} INFO - 
================================================================================
DAG File Processing Stats

File Path                                PID    Runtime      # DAGs    # Errors  Last Runtime    Last Run
---------------------------------------  -----  ---------  --------  ----------  --------------  -------------------
/opt/airflow/dags/dag_crime_pipeline.py                           1           0  0.34s           2026-05-08T03:19:28
================================================================================
[2026-05-08T03:19:57.073+0000] {manager.py:879} INFO - 
================================================================================
DAG File Processing Stats

File Path                                PID    Runtime      # DAGs    # Errors  Last Runtime    Last Run
---------------------------------------  -----  ---------  --------  ----------  --------------  -------------------
/opt/airflow/dags/dag_crime_pipeline.py                           1           0  0.34s           2026-05-08T03:19:28
================================================================================
[2026-05-08T03:20:25.342+0000] {manager.py:879} INFO - 
================================================================================
DAG File Processing Stats

File Path                                PID    Runtime      # DAGs    # Errors  Last Runtime    Last Run
---------------------------------------  -----  ---------  --------  ----------  --------------  -------------------
/opt/airflow/dags/dag_crime_pipeline.py                           1           0  0.36s           2026-05-08T03:19:59
================================================================================
[2026-05-08T03:20:53.833+0000] {manager.py:879} INFO - 
================================================================================
DAG File Processing Stats

File Path                                PID    Runtime      # DAGs    # Errors  Last Runtime    Last Run
---------------------------------------  -----  ---------  --------  ----------  --------------  -------------------
/opt/airflow/dags/dag_crime_pipeline.py                           1           0  0.33s           2026-05-08T03:20:29
================================================================================
[2026-05-08T03:21:22.299+0000] {manager.py:879} INFO - 
================================================================================
DAG File Processing Stats

File Path                                PID    Runtime      # DAGs    # Errors  Last Runtime    Last Run
---------------------------------------  -----  ---------  --------  ----------  --------------  -------------------
/opt/airflow/dags/dag_crime_pipeline.py                           1           0  0.34s           2026-05-08T03:21:00
================================================================================
[2026-05-08T03:21:50.594+0000] {manager.py:879} INFO - 
================================================================================
DAG File Processing Stats

File Path                                PID    Runtime      # DAGs    # Errors  Last Runtime    Last Run
---------------------------------------  -----  ---------  --------  ----------  --------------  -------------------
/opt/airflow/dags/dag_crime_pipeline.py                           1           0  0.33s           2026-05-08T03:21:31
================================================================================
[2026-05-08T03:22:19.068+0000] {manager.py:879} INFO - 
================================================================================
DAG File Processing Stats

File Path                                PID    Runtime      # DAGs    # Errors  Last Runtime    Last Run
---------------------------------------  -----  ---------  --------  ----------  --------------  -------------------
/opt/airflow/dags/dag_crime_pipeline.py                           1           0  0.31s           2026-05-08T03:22:01
================================================================================
[2026-05-08T03:22:47.412+0000] {manager.py:879} INFO - 
================================================================================
DAG File Processing Stats

File Path                                PID    Runtime      # DAGs    # Errors  Last Runtime    Last Run
---------------------------------------  -----  ---------  --------  ----------  --------------  -------------------
/opt/airflow/dags/dag_crime_pipeline.py                           1           0  0.28s           2026-05-08T03:22:32
================================================================================
[2026-05-08T03:23:15.914+0000] {manager.py:879} INFO - 
================================================================================
DAG File Processing Stats

File Path                                PID    Runtime      # DAGs    # Errors  Last Runtime    Last Run
---------------------------------------  -----  ---------  --------  ----------  --------------  -------------------
/opt/airflow/dags/dag_crime_pipeline.py                           1           0  0.34s           2026-05-08T03:23:02
================================================================================
[2026-05-08T03:23:44.224+0000] {manager.py:879} INFO - 
================================================================================
DAG File Processing Stats

File Path                                PID    Runtime      # DAGs    # Errors  Last Runtime    Last Run
---------------------------------------  -----  ---------  --------  ----------  --------------  -------------------
/opt/airflow/dags/dag_crime_pipeline.py                           1           0  0.32s           2026-05-08T03:23:33
================================================================================
[2026-05-08T03:24:02.286+0000] {manager.py:738} INFO - Searching for files in /opt/airflow/dags
[2026-05-08T03:24:02.362+0000] {manager.py:741} INFO - There are 1 files in /opt/airflow/dags
[2026-05-08T03:24:12.618+0000] {manager.py:879} INFO - 
================================================================================
DAG File Processing Stats

File Path                                PID    Runtime      # DAGs    # Errors  Last Runtime    Last Run
---------------------------------------  -----  ---------  --------  ----------  --------------  -------------------
/opt/airflow/dags/dag_crime_pipeline.py                           1           0  0.27s           2026-05-08T03:24:03
================================================================================
[2026-05-08T03:24:40.604+0000] {manager.py:879} INFO - 
================================================================================
DAG File Processing Stats

File Path                                PID    Runtime      # DAGs    # Errors  Last Runtime    Last Run
---------------------------------------  -----  ---------  --------  ----------  --------------  -------------------
/opt/airflow/dags/dag_crime_pipeline.py                           1           0  0.29s           2026-05-08T03:24:34
================================================================================
[2026-05-08T03:25:08.904+0000] {manager.py:879} INFO - 
================================================================================
DAG File Processing Stats

File Path                                PID    Runtime      # DAGs    # Errors  Last Runtime    Last Run
---------------------------------------  -----  ---------  --------  ----------  --------------  -------------------
/opt/airflow/dags/dag_crime_pipeline.py                           1           0  0.29s           2026-05-08T03:25:05
================================================================================
[2026-05-08T03:25:37.163+0000] {manager.py:879} INFO - 
================================================================================
DAG File Processing Stats

File Path                                PID    Runtime      # DAGs    # Errors  Last Runtime    Last Run
---------------------------------------  -----  ---------  --------  ----------  --------------  -------------------
/opt/airflow/dags/dag_crime_pipeline.py                           1           0  0.32s           2026-05-08T03:25:36
================================================================================
[2026-05-08T03:26:05.376+0000] {manager.py:879} INFO - 
================================================================================
DAG File Processing Stats

File Path                                PID    Runtime      # DAGs    # Errors  Last Runtime    Last Run
---------------------------------------  -----  ---------  --------  ----------  --------------  -------------------
/opt/airflow/dags/dag_crime_pipeline.py                           1           0  0.32s           2026-05-08T03:25:36
================================================================================
[2026-05-08T03:26:31.351+0000] {manager.py:879} INFO - 
================================================================================
DAG File Processing Stats

File Path                                PID    Runtime      # DAGs    # Errors  Last Runtime    Last Run
---------------------------------------  -----  ---------  --------  ----------  --------------  -------------------
/opt/airflow/dags/dag_crime_pipeline.py                           1           0  0.28s           2026-05-08T03:26:07
================================================================================
[2026-05-08T03:26:59.536+0000] {manager.py:879} INFO - 
================================================================================
DAG File Processing Stats

File Path                                PID    Runtime      # DAGs    # Errors  Last Runtime    Last Run
---------------------------------------  -----  ---------  --------  ----------  --------------  -------------------
/opt/airflow/dags/dag_crime_pipeline.py                           1           0  0.24s           2026-05-08T03:26:37
================================================================================
[2026-05-08T03:27:27.626+0000] {manager.py:879} INFO - 
================================================================================
DAG File Processing Stats

File Path                                PID    Runtime      # DAGs    # Errors  Last Runtime    Last Run
---------------------------------------  -----  ---------  --------  ----------  --------------  -------------------
/opt/airflow/dags/dag_crime_pipeline.py                           1           0  0.25s           2026-05-08T03:27:08
================================================================================
[2026-05-08T03:27:55.586+0000] {manager.py:879} INFO - 
================================================================================
DAG File Processing Stats

File Path                                PID    Runtime      # DAGs    # Errors  Last Runtime    Last Run
---------------------------------------  -----  ---------  --------  ----------  --------------  -------------------
/opt/airflow/dags/dag_crime_pipeline.py                           1           0  0.23s           2026-05-08T03:27:40
================================================================================
[2026-05-08T03:28:23.723+0000] {manager.py:879} INFO - 
================================================================================
DAG File Processing Stats

File Path                                PID    Runtime      # DAGs    # Errors  Last Runtime    Last Run
---------------------------------------  -----  ---------  --------  ----------  --------------  -------------------
/opt/airflow/dags/dag_crime_pipeline.py                           1           0  0.26s           2026-05-08T03:28:11
================================================================================
[2026-05-08T03:28:51.746+0000] {manager.py:879} INFO - 
================================================================================
DAG File Processing Stats

File Path                                PID    Runtime      # DAGs    # Errors  Last Runtime    Last Run
---------------------------------------  -----  ---------  --------  ----------  --------------  -------------------
/opt/airflow/dags/dag_crime_pipeline.py                           1           0  0.27s           2026-05-08T03:28:42
================================================================================
[2026-05-08T03:29:02.881+0000] {manager.py:738} INFO - Searching for files in /opt/airflow/dags
[2026-05-08T03:29:02.946+0000] {manager.py:741} INFO - There are 1 files in /opt/airflow/dags
[2026-05-08T03:29:19.811+0000] {manager.py:879} INFO - 
================================================================================
DAG File Processing Stats

File Path                                PID    Runtime      # DAGs    # Errors  Last Runtime    Last Run
---------------------------------------  -----  ---------  --------  ----------  --------------  -------------------
/opt/airflow/dags/dag_crime_pipeline.py                           1           0  0.24s           2026-05-08T03:29:13
================================================================================
[2026-05-08T03:29:48.082+0000] {manager.py:879} INFO - 
================================================================================
DAG File Processing Stats

File Path                                PID    Runtime      # DAGs    # Errors  Last Runtime    Last Run
---------------------------------------  -----  ---------  --------  ----------  --------------  -------------------
/opt/airflow/dags/dag_crime_pipeline.py                           1           0  0.22s           2026-05-08T03:29:43
================================================================================
[2026-05-08T03:30:16.279+0000] {manager.py:879} INFO - 
================================================================================
DAG File Processing Stats

File Path                                PID    Runtime      # DAGs    # Errors  Last Runtime    Last Run
---------------------------------------  -----  ---------  --------  ----------  --------------  -------------------
/opt/airflow/dags/dag_crime_pipeline.py                           1           0  0.23s           2026-05-08T03:30:14
================================================================================
[2026-05-08T03:30:44.357+0000] {manager.py:879} INFO - 
================================================================================
DAG File Processing Stats

File Path                                PID    Runtime      # DAGs    # Errors  Last Runtime    Last Run
---------------------------------------  -----  ---------  --------  ----------  --------------  -------------------
/opt/airflow/dags/dag_crime_pipeline.py                           1           0  0.23s           2026-05-08T03:30:14
================================================================================
[2026-05-08T03:31:12.333+0000] {manager.py:879} INFO - 
================================================================================
DAG File Processing Stats

File Path                                PID    Runtime      # DAGs    # Errors  Last Runtime    Last Run
---------------------------------------  -----  ---------  --------  ----------  --------------  -------------------
/opt/airflow/dags/dag_crime_pipeline.py                           1           0  0.27s           2026-05-08T03:30:45
================================================================================
[2026-05-08T03:31:40.288+0000] {manager.py:879} INFO - 
================================================================================
DAG File Processing Stats

File Path                                PID    Runtime      # DAGs    # Errors  Last Runtime    Last Run
---------------------------------------  -----  ---------  --------  ----------  --------------  -------------------
/opt/airflow/dags/dag_crime_pipeline.py                           1           0  0.23s           2026-05-08T03:31:16
================================================================================
[2026-05-08T03:32:08.350+0000] {manager.py:879} INFO - 
================================================================================
DAG File Processing Stats

File Path                                PID    Runtime      # DAGs    # Errors  Last Runtime    Last Run
---------------------------------------  -----  ---------  --------  ----------  --------------  -------------------
/opt/airflow/dags/dag_crime_pipeline.py                           1           0  0.27s           2026-05-08T03:31:47
================================================================================
[2026-05-08T03:32:36.261+0000] {manager.py:879} INFO - 
================================================================================
DAG File Processing Stats

File Path                                PID    Runtime      # DAGs    # Errors  Last Runtime    Last Run
---------------------------------------  -----  ---------  --------  ----------  --------------  -------------------
/opt/airflow/dags/dag_crime_pipeline.py                           1           0  0.22s           2026-05-08T03:32:18
================================================================================
[2026-05-08T03:33:04.334+0000] {manager.py:879} INFO - 
================================================================================
DAG File Processing Stats

File Path                                PID    Runtime      # DAGs    # Errors  Last Runtime    Last Run
---------------------------------------  -----  ---------  --------  ----------  --------------  -------------------
/opt/airflow/dags/dag_crime_pipeline.py                           1           0  0.26s           2026-05-08T03:32:49
================================================================================
[2026-05-08T03:33:32.565+0000] {manager.py:879} INFO - 
================================================================================
DAG File Processing Stats

File Path                                PID    Runtime      # DAGs    # Errors  Last Runtime    Last Run
---------------------------------------  -----  ---------  --------  ----------  --------------  -------------------
/opt/airflow/dags/dag_crime_pipeline.py                           1           0  0.24s           2026-05-08T03:33:19
================================================================================
[2026-05-08T03:34:00.633+0000] {manager.py:879} INFO - 
================================================================================
DAG File Processing Stats

File Path                                PID    Runtime      # DAGs    # Errors  Last Runtime    Last Run
---------------------------------------  -----  ---------  --------  ----------  --------------  -------------------
/opt/airflow/dags/dag_crime_pipeline.py                           1           0  0.26s           2026-05-08T03:33:51
================================================================================
[2026-05-08T03:34:03.669+0000] {manager.py:738} INFO - Searching for files in /opt/airflow/dags
[2026-05-08T03:34:03.730+0000] {manager.py:741} INFO - There are 1 files in /opt/airflow/dags
[2026-05-08T03:34:28.814+0000] {manager.py:879} INFO - 
================================================================================
DAG File Processing Stats

File Path                                PID    Runtime      # DAGs    # Errors  Last Runtime    Last Run
---------------------------------------  -----  ---------  --------  ----------  --------------  -------------------
/opt/airflow/dags/dag_crime_pipeline.py                           1           0  0.27s           2026-05-08T03:34:21
================================================================================
[2026-05-08T03:34:56.879+0000] {manager.py:879} INFO - 
================================================================================
DAG File Processing Stats

File Path                                PID    Runtime      # DAGs    # Errors  Last Runtime    Last Run
---------------------------------------  -----  ---------  --------  ----------  --------------  -------------------
/opt/airflow/dags/dag_crime_pipeline.py                           1           0  0.25s           2026-05-08T03:34:53
================================================================================
[2026-05-08T03:35:25.060+0000] {manager.py:879} INFO - 
================================================================================
DAG File Processing Stats

File Path                                PID    Runtime      # DAGs    # Errors  Last Runtime    Last Run
---------------------------------------  -----  ---------  --------  ----------  --------------  -------------------
/opt/airflow/dags/dag_crime_pipeline.py                           1           0  0.28s           2026-05-08T03:35:24
================================================================================
[2026-05-08T03:35:52.956+0000] {manager.py:879} INFO - 
================================================================================
DAG File Processing Stats

File Path                                PID    Runtime      # DAGs    # Errors  Last Runtime    Last Run
---------------------------------------  -----  ---------  --------  ----------  --------------  -------------------
/opt/airflow/dags/dag_crime_pipeline.py                           1           0  0.28s           2026-05-08T03:35:24
================================================================================
[2026-05-08T03:36:21.031+0000] {manager.py:879} INFO - 
================================================================================
DAG File Processing Stats

File Path                                PID    Runtime      # DAGs    # Errors  Last Runtime    Last Run
---------------------------------------  -----  ---------  --------  ----------  --------------  -------------------
/opt/airflow/dags/dag_crime_pipeline.py                           1           0  0.22s           2026-05-08T03:35:55
================================================================================
[2026-05-08T03:36:49.163+0000] {manager.py:879} INFO - 
================================================================================
DAG File Processing Stats

File Path                                PID    Runtime      # DAGs    # Errors  Last Runtime    Last Run
---------------------------------------  -----  ---------  --------  ----------  --------------  -------------------
/opt/airflow/dags/dag_crime_pipeline.py                           1           0  0.25s           2026-05-08T03:36:26
================================================================================
[2026-05-08T03:37:17.008+0000] {manager.py:879} INFO - 
================================================================================
DAG File Processing Stats

File Path                                PID    Runtime      # DAGs    # Errors  Last Runtime    Last Run
---------------------------------------  -----  ---------  --------  ----------  --------------  -------------------
/opt/airflow/dags/dag_crime_pipeline.py                           1           0  0.25s           2026-05-08T03:36:56
================================================================================
[2026-05-08T03:37:44.534+0000] {manager.py:879} INFO - 
================================================================================
DAG File Processing Stats

File Path                                PID    Runtime      # DAGs    # Errors  Last Runtime    Last Run
---------------------------------------  -----  ---------  --------  ----------  --------------  -------------------
/opt/airflow/dags/dag_crime_pipeline.py                           1           0  0.25s           2026-05-08T03:37:27
================================================================================
[2026-05-08T03:38:12.096+0000] {manager.py:879} INFO - 
================================================================================
DAG File Processing Stats

File Path                                PID    Runtime      # DAGs    # Errors  Last Runtime    Last Run
---------------------------------------  -----  ---------  --------  ----------  --------------  -------------------
/opt/airflow/dags/dag_crime_pipeline.py                           1           0  0.23s           2026-05-08T03:37:58
================================================================================
[2026-05-08T03:38:40.291+0000] {manager.py:879} INFO - 
================================================================================
DAG File Processing Stats

File Path                                PID    Runtime      # DAGs    # Errors  Last Runtime    Last Run
---------------------------------------  -----  ---------  --------  ----------  --------------  -------------------
/opt/airflow/dags/dag_crime_pipeline.py                           1           0  0.25s           2026-05-08T03:38:29
================================================================================
[2026-05-08T03:39:04.280+0000] {manager.py:738} INFO - Searching for files in /opt/airflow/dags
[2026-05-08T03:39:04.415+0000] {manager.py:741} INFO - There are 1 files in /opt/airflow/dags
[2026-05-08T03:39:08.534+0000] {manager.py:879} INFO - 
================================================================================
DAG File Processing Stats

File Path                                PID    Runtime      # DAGs    # Errors  Last Runtime    Last Run
---------------------------------------  -----  ---------  --------  ----------  --------------  -------------------
/opt/airflow/dags/dag_crime_pipeline.py                           1           0  0.26s           2026-05-08T03:39:00
================================================================================
[2026-05-08T03:39:36.109+0000] {manager.py:879} INFO - 
================================================================================
DAG File Processing Stats

File Path                                PID    Runtime      # DAGs    # Errors  Last Runtime    Last Run
---------------------------------------  -----  ---------  --------  ----------  --------------  -------------------
/opt/airflow/dags/dag_crime_pipeline.py                           1           0  0.26s           2026-05-08T03:39:31
================================================================================
[2026-05-08T03:40:03.721+0000] {manager.py:879} INFO - 
================================================================================
DAG File Processing Stats

File Path                                PID    Runtime      # DAGs    # Errors  Last Runtime    Last Run
---------------------------------------  -----  ---------  --------  ----------  --------------  -------------------
/opt/airflow/dags/dag_crime_pipeline.py                           1           0  0.24s           2026-05-08T03:40:01
================================================================================
[2026-05-08T03:40:31.463+0000] {manager.py:879} INFO - 
================================================================================
DAG File Processing Stats

File Path                                PID    Runtime      # DAGs    # Errors  Last Runtime    Last Run
---------------------------------------  -----  ---------  --------  ----------  --------------  -------------------
/opt/airflow/dags/dag_crime_pipeline.py                           1           0  0.24s           2026-05-08T03:40:01
================================================================================
[2026-05-08T03:40:59.651+0000] {manager.py:879} INFO - 
================================================================================
DAG File Processing Stats

File Path                                PID    Runtime      # DAGs    # Errors  Last Runtime    Last Run
---------------------------------------  -----  ---------  --------  ----------  --------------  -------------------
/opt/airflow/dags/dag_crime_pipeline.py                           1           0  0.23s           2026-05-08T03:40:32
================================================================================
[2026-05-08T03:41:27.918+0000] {manager.py:879} INFO - 
================================================================================
DAG File Processing Stats

File Path                                PID    Runtime      # DAGs    # Errors  Last Runtime    Last Run
---------------------------------------  -----  ---------  --------  ----------  --------------  -------------------
/opt/airflow/dags/dag_crime_pipeline.py                           1           0  0.25s           2026-05-08T03:41:03
================================================================================
[2026-05-08T03:41:55.342+0000] {manager.py:879} INFO - 
================================================================================
DAG File Processing Stats

File Path                                PID    Runtime      # DAGs    # Errors  Last Runtime    Last Run
---------------------------------------  -----  ---------  --------  ----------  --------------  -------------------
/opt/airflow/dags/dag_crime_pipeline.py                           1           0  0.25s           2026-05-08T03:41:33
================================================================================
[2026-05-08T03:42:23.282+0000] {manager.py:879} INFO - 
================================================================================
DAG File Processing Stats

File Path                                PID    Runtime      # DAGs    # Errors  Last Runtime    Last Run
---------------------------------------  -----  ---------  --------  ----------  --------------  -------------------
/opt/airflow/dags/dag_crime_pipeline.py                           1           0  0.26s           2026-05-08T03:42:03
================================================================================
[2026-05-08T03:42:51.110+0000] {manager.py:879} INFO - 
================================================================================
DAG File Processing Stats

File Path                                PID    Runtime      # DAGs    # Errors  Last Runtime    Last Run
---------------------------------------  -----  ---------  --------  ----------  --------------  -------------------
/opt/airflow/dags/dag_crime_pipeline.py                           1           0  0.23s           2026-05-08T03:42:34
================================================================================
[2026-05-08T03:43:19.373+0000] {manager.py:879} INFO - 
================================================================================
DAG File Processing Stats

File Path                                PID    Runtime      # DAGs    # Errors  Last Runtime    Last Run
---------------------------------------  -----  ---------  --------  ----------  --------------  -------------------
/opt/airflow/dags/dag_crime_pipeline.py                           1           0  0.21s           2026-05-08T03:43:05
================================================================================
[2026-05-08T03:43:47.548+0000] {manager.py:879} INFO - 
================================================================================
DAG File Processing Stats

File Path                                PID    Runtime      # DAGs    # Errors  Last Runtime    Last Run
---------------------------------------  -----  ---------  --------  ----------  --------------  -------------------
/opt/airflow/dags/dag_crime_pipeline.py                           1           0  0.26s           2026-05-08T03:43:35
================================================================================
[2026-05-08T03:44:04.427+0000] {manager.py:738} INFO - Searching for files in /opt/airflow/dags
[2026-05-08T03:44:04.547+0000] {manager.py:741} INFO - There are 1 files in /opt/airflow/dags
[2026-05-08T03:44:14.986+0000] {manager.py:879} INFO - 
================================================================================
DAG File Processing Stats

File Path                                PID    Runtime      # DAGs    # Errors  Last Runtime    Last Run
---------------------------------------  -----  ---------  --------  ----------  --------------  -------------------
/opt/airflow/dags/dag_crime_pipeline.py                           1           0  0.25s           2026-05-08T03:44:05
================================================================================
[2026-05-08T03:44:42.958+0000] {manager.py:879} INFO - 
================================================================================
DAG File Processing Stats

File Path                                PID    Runtime      # DAGs    # Errors  Last Runtime    Last Run
---------------------------------------  -----  ---------  --------  ----------  --------------  -------------------
/opt/airflow/dags/dag_crime_pipeline.py                           1           0  0.29s           2026-05-08T03:44:37
================================================================================
[2026-05-08T03:45:10.379+0000] {manager.py:879} INFO - 
================================================================================
DAG File Processing Stats

File Path                                PID    Runtime      # DAGs    # Errors  Last Runtime    Last Run
---------------------------------------  -----  ---------  --------  ----------  --------------  -------------------
/opt/airflow/dags/dag_crime_pipeline.py                           1           0  0.24s           2026-05-08T03:45:07
================================================================================
[2026-05-08T03:45:38.045+0000] {manager.py:879} INFO - 
================================================================================
DAG File Processing Stats

File Path                                  PID  Runtime      # DAGs    # Errors  Last Runtime    Last Run
---------------------------------------  -----  ---------  --------  ----------  --------------  -------------------
/opt/airflow/dags/dag_crime_pipeline.py    757  0.01s             1           0  0.24s           2026-05-08T03:45:07
================================================================================
[2026-05-08T03:46:06.051+0000] {manager.py:879} INFO - 
================================================================================
DAG File Processing Stats

File Path                                PID    Runtime      # DAGs    # Errors  Last Runtime    Last Run
---------------------------------------  -----  ---------  --------  ----------  --------------  -------------------
/opt/airflow/dags/dag_crime_pipeline.py                           1           0  0.28s           2026-05-08T03:45:38
================================================================================
[2026-05-08T03:46:33.921+0000] {manager.py:879} INFO - 
================================================================================
DAG File Processing Stats

File Path                                PID    Runtime      # DAGs    # Errors  Last Runtime    Last Run
---------------------------------------  -----  ---------  --------  ----------  --------------  -------------------
/opt/airflow/dags/dag_crime_pipeline.py                           1           0  0.24s           2026-05-08T03:46:09
================================================================================
[2026-05-08T03:47:02.149+0000] {manager.py:879} INFO - 
================================================================================
DAG File Processing Stats

File Path                                PID    Runtime      # DAGs    # Errors  Last Runtime    Last Run
---------------------------------------  -----  ---------  --------  ----------  --------------  -------------------
/opt/airflow/dags/dag_crime_pipeline.py                           1           0  0.27s           2026-05-08T03:46:40
================================================================================
[2026-05-08T03:47:30.097+0000] {manager.py:879} INFO - 
================================================================================
DAG File Processing Stats

File Path                                PID    Runtime      # DAGs    # Errors  Last Runtime    Last Run
---------------------------------------  -----  ---------  --------  ----------  --------------  -------------------
/opt/airflow/dags/dag_crime_pipeline.py                           1           0  0.27s           2026-05-08T03:47:11
================================================================================
[2026-05-08T03:47:58.069+0000] {manager.py:879} INFO - 
================================================================================
DAG File Processing Stats

File Path                                PID    Runtime      # DAGs    # Errors  Last Runtime    Last Run
---------------------------------------  -----  ---------  --------  ----------  --------------  -------------------
/opt/airflow/dags/dag_crime_pipeline.py                           1           0  0.25s           2026-05-08T03:47:41
================================================================================
[2026-05-08T03:48:26.266+0000] {manager.py:879} INFO - 
================================================================================
DAG File Processing Stats

File Path                                PID    Runtime      # DAGs    # Errors  Last Runtime    Last Run
---------------------------------------  -----  ---------  --------  ----------  --------------  -------------------
/opt/airflow/dags/dag_crime_pipeline.py                           1           0  0.23s           2026-05-08T03:48:12
================================================================================
[2026-05-08T03:48:54.297+0000] {manager.py:879} INFO - 
================================================================================
DAG File Processing Stats

File Path                                PID    Runtime      # DAGs    # Errors  Last Runtime    Last Run
---------------------------------------  -----  ---------  --------  ----------  --------------  -------------------
/opt/airflow/dags/dag_crime_pipeline.py                           1           0  0.28s           2026-05-08T03:48:43
================================================================================
[2026-05-08T03:49:05.027+0000] {manager.py:738} INFO - Searching for files in /opt/airflow/dags
[2026-05-08T03:49:05.085+0000] {manager.py:741} INFO - There are 1 files in /opt/airflow/dags
[2026-05-08T03:49:21.773+0000] {manager.py:879} INFO - 
================================================================================
DAG File Processing Stats

File Path                                PID    Runtime      # DAGs    # Errors  Last Runtime    Last Run
---------------------------------------  -----  ---------  --------  ----------  --------------  -------------------
/opt/airflow/dags/dag_crime_pipeline.py                           1           0  0.27s           2026-05-08T03:49:13
================================================================================
[2026-05-08T03:49:49.259+0000] {manager.py:879} INFO - 
================================================================================
DAG File Processing Stats

File Path                                PID    Runtime      # DAGs    # Errors  Last Runtime    Last Run
---------------------------------------  -----  ---------  --------  ----------  --------------  -------------------
/opt/airflow/dags/dag_crime_pipeline.py                           1           0  0.27s           2026-05-08T03:49:44
================================================================================
[2026-05-08T03:50:17.089+0000] {manager.py:879} INFO - 
================================================================================
DAG File Processing Stats

File Path                                PID    Runtime      # DAGs    # Errors  Last Runtime    Last Run
---------------------------------------  -----  ---------  --------  ----------  --------------  -------------------
/opt/airflow/dags/dag_crime_pipeline.py                           1           0  0.80s           2026-05-08T03:50:15
================================================================================
[2026-05-08T03:50:45.157+0000] {manager.py:879} INFO - 
================================================================================
DAG File Processing Stats

File Path                                  PID  Runtime      # DAGs    # Errors  Last Runtime    Last Run
---------------------------------------  -----  ---------  --------  ----------  --------------  -------------------
/opt/airflow/dags/dag_crime_pipeline.py    807  0.01s             1           0  0.80s           2026-05-08T03:50:15
================================================================================
[2026-05-08T03:51:13.041+0000] {manager.py:879} INFO - 
================================================================================
DAG File Processing Stats

File Path                                PID    Runtime      # DAGs    # Errors  Last Runtime    Last Run
---------------------------------------  -----  ---------  --------  ----------  --------------  -------------------
/opt/airflow/dags/dag_crime_pipeline.py                           1           0  0.23s           2026-05-08T03:50:45
================================================================================
[2026-05-08T03:51:40.886+0000] {manager.py:879} INFO - 
================================================================================
DAG File Processing Stats

File Path                                PID    Runtime      # DAGs    # Errors  Last Runtime    Last Run
---------------------------------------  -----  ---------  --------  ----------  --------------  -------------------
/opt/airflow/dags/dag_crime_pipeline.py                           1           0  0.25s           2026-05-08T03:51:15
================================================================================
[2026-05-08T03:52:08.275+0000] {manager.py:879} INFO - 
================================================================================
DAG File Processing Stats

File Path                                PID    Runtime      # DAGs    # Errors  Last Runtime    Last Run
---------------------------------------  -----  ---------  --------  ----------  --------------  -------------------
/opt/airflow/dags/dag_crime_pipeline.py                           1           0  0.55s           2026-05-08T03:51:46
================================================================================
[2026-05-08T03:52:37.728+0000] {manager.py:879} INFO - 
================================================================================
DAG File Processing Stats

File Path                                PID    Runtime      # DAGs    # Errors  Last Runtime    Last Run
---------------------------------------  -----  ---------  --------  ----------  --------------  -------------------
/opt/airflow/dags/dag_crime_pipeline.py                           1           0  0.25s           2026-05-08T03:52:17
================================================================================
[2026-05-08T03:53:04.040+0000] {manager.py:879} INFO - 
================================================================================
DAG File Processing Stats

File Path                                PID    Runtime      # DAGs    # Errors  Last Runtime    Last Run
---------------------------------------  -----  ---------  --------  ----------  --------------  -------------------
/opt/airflow/dags/dag_crime_pipeline.py                           1           0  0.22s           2026-05-08T03:52:48
================================================================================
[2026-05-08T03:53:31.164+0000] {manager.py:879} INFO - 
================================================================================
DAG File Processing Stats

File Path                                PID    Runtime      # DAGs    # Errors  Last Runtime    Last Run
---------------------------------------  -----  ---------  --------  ----------  --------------  -------------------
/opt/airflow/dags/dag_crime_pipeline.py                           1           0  0.57s           2026-05-08T03:53:19
================================================================================
[2026-05-08T03:53:56.926+0000] {manager.py:879} INFO - 
================================================================================
DAG File Processing Stats

File Path                                PID    Runtime      # DAGs    # Errors  Last Runtime    Last Run
---------------------------------------  -----  ---------  --------  ----------  --------------  -------------------
/opt/airflow/dags/dag_crime_pipeline.py                           1           0  0.55s           2026-05-08T03:53:50
================================================================================
[2026-05-08T03:54:05.033+0000] {manager.py:738} INFO - Searching for files in /opt/airflow/dags
[2026-05-08T03:54:05.112+0000] {manager.py:741} INFO - There are 1 files in /opt/airflow/dags
[2026-05-08T03:54:24.485+0000] {manager.py:879} INFO - 
================================================================================
DAG File Processing Stats

File Path                                PID    Runtime      # DAGs    # Errors  Last Runtime    Last Run
---------------------------------------  -----  ---------  --------  ----------  --------------  -------------------
/opt/airflow/dags/dag_crime_pipeline.py                           1           0  0.25s           2026-05-08T03:54:21
================================================================================
[2026-05-08T03:54:52.064+0000] {manager.py:879} INFO - 
================================================================================
DAG File Processing Stats

File Path                                PID    Runtime      # DAGs    # Errors  Last Runtime    Last Run
---------------------------------------  -----  ---------  --------  ----------  --------------  -------------------
/opt/airflow/dags/dag_crime_pipeline.py                           1           0  0.58s           2026-05-08T03:54:52
================================================================================
[2026-05-08T03:55:19.555+0000] {manager.py:879} INFO - 
================================================================================
DAG File Processing Stats

File Path                                PID    Runtime      # DAGs    # Errors  Last Runtime    Last Run
---------------------------------------  -----  ---------  --------  ----------  --------------  -------------------
/opt/airflow/dags/dag_crime_pipeline.py                           1           0  0.58s           2026-05-08T03:54:52
================================================================================
[2026-05-08T03:55:47.367+0000] {manager.py:879} INFO - 
================================================================================
DAG File Processing Stats

File Path                                PID    Runtime      # DAGs    # Errors  Last Runtime    Last Run
---------------------------------------  -----  ---------  --------  ----------  --------------  -------------------
/opt/airflow/dags/dag_crime_pipeline.py                           1           0  0.59s           2026-05-08T03:55:23
================================================================================
[2026-05-08T03:56:15.464+0000] {manager.py:879} INFO - 
================================================================================
DAG File Processing Stats

File Path                                PID    Runtime      # DAGs    # Errors  Last Runtime    Last Run
---------------------------------------  -----  ---------  --------  ----------  --------------  -------------------
/opt/airflow/dags/dag_crime_pipeline.py                           1           0  0.29s           2026-05-08T03:55:54
================================================================================
[2026-05-08T03:56:43.037+0000] {manager.py:879} INFO - 
================================================================================
DAG File Processing Stats

File Path                                PID    Runtime      # DAGs    # Errors  Last Runtime    Last Run
---------------------------------------  -----  ---------  --------  ----------  --------------  -------------------
/opt/airflow/dags/dag_crime_pipeline.py                           1           0  0.59s           2026-05-08T03:56:26
================================================================================
[2026-05-08T03:57:10.922+0000] {manager.py:879} INFO - 
================================================================================
DAG File Processing Stats

File Path                                PID    Runtime      # DAGs    # Errors  Last Runtime    Last Run
---------------------------------------  -----  ---------  --------  ----------  --------------  -------------------
/opt/airflow/dags/dag_crime_pipeline.py                           1           0  0.61s           2026-05-08T03:56:57
================================================================================
[2026-05-08T03:57:38.889+0000] {manager.py:879} INFO - 
================================================================================
DAG File Processing Stats

File Path                                PID    Runtime      # DAGs    # Errors  Last Runtime    Last Run
---------------------------------------  -----  ---------  --------  ----------  --------------  -------------------
/opt/airflow/dags/dag_crime_pipeline.py                           1           0  0.57s           2026-05-08T03:57:28
================================================================================
[2026-05-08T03:58:06.635+0000] {manager.py:879} INFO - 
================================================================================
DAG File Processing Stats

File Path                                PID    Runtime      # DAGs    # Errors  Last Runtime    Last Run
---------------------------------------  -----  ---------  --------  ----------  --------------  -------------------
/opt/airflow/dags/dag_crime_pipeline.py                           1           0  0.21s           2026-05-08T03:57:59
================================================================================
[2026-05-08T03:58:34.107+0000] {manager.py:879} INFO - 
================================================================================
DAG File Processing Stats

File Path                                PID    Runtime      # DAGs    # Errors  Last Runtime    Last Run
---------------------------------------  -----  ---------  --------  ----------  --------------  -------------------
/opt/airflow/dags/dag_crime_pipeline.py                           1           0  0.22s           2026-05-08T03:58:29
================================================================================
[2026-05-08T03:59:01.808+0000] {manager.py:879} INFO - 
================================================================================
DAG File Processing Stats

File Path                                PID    Runtime      # DAGs    # Errors  Last Runtime    Last Run
---------------------------------------  -----  ---------  --------  ----------  --------------  -------------------
/opt/airflow/dags/dag_crime_pipeline.py                           1           0  0.25s           2026-05-08T03:59:00
================================================================================
[2026-05-08T03:59:05.034+0000] {manager.py:738} INFO - Searching for files in /opt/airflow/dags
[2026-05-08T03:59:05.090+0000] {manager.py:741} INFO - There are 1 files in /opt/airflow/dags
[2026-05-08T03:59:29.737+0000] {manager.py:879} INFO - 
================================================================================
DAG File Processing Stats

File Path                                PID    Runtime      # DAGs    # Errors  Last Runtime    Last Run
---------------------------------------  -----  ---------  --------  ----------  --------------  -------------------
/opt/airflow/dags/dag_crime_pipeline.py                           1           0  0.25s           2026-05-08T03:59:00
================================================================================
[2026-05-08T03:59:57.413+0000] {manager.py:879} INFO - 
================================================================================
DAG File Processing Stats

File Path                                PID    Runtime      # DAGs    # Errors  Last Runtime    Last Run
---------------------------------------  -----  ---------  --------  ----------  --------------  -------------------
/opt/airflow/dags/dag_crime_pipeline.py                           1           0  0.25s           2026-05-08T03:59:31
================================================================================
[2026-05-08T04:00:25.458+0000] {manager.py:879} INFO - 
================================================================================
DAG File Processing Stats

File Path                                PID    Runtime      # DAGs    # Errors  Last Runtime    Last Run
---------------------------------------  -----  ---------  --------  ----------  --------------  -------------------
/opt/airflow/dags/dag_crime_pipeline.py                           1           0  0.23s           2026-05-08T04:00:01
================================================================================
[2026-05-08T04:00:53.661+0000] {manager.py:879} INFO - 
================================================================================
DAG File Processing Stats

File Path                                PID    Runtime      # DAGs    # Errors  Last Runtime    Last Run
---------------------------------------  -----  ---------  --------  ----------  --------------  -------------------
/opt/airflow/dags/dag_crime_pipeline.py                           1           0  0.24s           2026-05-08T04:00:32
================================================================================
[2026-05-08T04:01:21.835+0000] {manager.py:879} INFO - 
================================================================================
DAG File Processing Stats

File Path                                PID    Runtime      # DAGs    # Errors  Last Runtime    Last Run
---------------------------------------  -----  ---------  --------  ----------  --------------  -------------------
/opt/airflow/dags/dag_crime_pipeline.py                           1           0  0.23s           2026-05-08T04:01:03
================================================================================
[2026-05-08T04:01:50.253+0000] {manager.py:879} INFO - 
================================================================================
DAG File Processing Stats

File Path                                PID    Runtime      # DAGs    # Errors  Last Runtime    Last Run
---------------------------------------  -----  ---------  --------  ----------  --------------  -------------------
/opt/airflow/dags/dag_crime_pipeline.py                           1           0  0.24s           2026-05-08T04:01:34
================================================================================
[2026-05-08T04:02:17.695+0000] {manager.py:879} INFO - 
================================================================================
DAG File Processing Stats

File Path                                PID    Runtime      # DAGs    # Errors  Last Runtime    Last Run
---------------------------------------  -----  ---------  --------  ----------  --------------  -------------------
/opt/airflow/dags/dag_crime_pipeline.py                           1           0  0.26s           2026-05-08T04:02:05
================================================================================
[2026-05-08T04:02:45.662+0000] {manager.py:879} INFO - 
================================================================================
DAG File Processing Stats

File Path                                PID    Runtime      # DAGs    # Errors  Last Runtime    Last Run
---------------------------------------  -----  ---------  --------  ----------  --------------  -------------------
/opt/airflow/dags/dag_crime_pipeline.py                           1           0  0.24s           2026-05-08T04:02:36
================================================================================
[2026-05-08T04:03:13.750+0000] {manager.py:879} INFO - 
================================================================================
DAG File Processing Stats

File Path                                PID    Runtime      # DAGs    # Errors  Last Runtime    Last Run
---------------------------------------  -----  ---------  --------  ----------  --------------  -------------------
/opt/airflow/dags/dag_crime_pipeline.py                           1           0  0.24s           2026-05-08T04:03:06
================================================================================
[2026-05-08T04:03:41.912+0000] {manager.py:879} INFO - 
================================================================================
DAG File Processing Stats

File Path                                PID    Runtime      # DAGs    # Errors  Last Runtime    Last Run
---------------------------------------  -----  ---------  --------  ----------  --------------  -------------------
/opt/airflow/dags/dag_crime_pipeline.py                           1           0  0.27s           2026-05-08T04:03:37
================================================================================
[2026-05-08T04:04:05.665+0000] {manager.py:738} INFO - Searching for files in /opt/airflow/dags
[2026-05-08T04:04:05.721+0000] {manager.py:741} INFO - There are 1 files in /opt/airflow/dags
[2026-05-08T04:04:10.052+0000] {manager.py:879} INFO - 
================================================================================
DAG File Processing Stats

File Path                                PID    Runtime      # DAGs    # Errors  Last Runtime    Last Run
---------------------------------------  -----  ---------  --------  ----------  --------------  -------------------
/opt/airflow/dags/dag_crime_pipeline.py                           1           0  0.24s           2026-05-08T04:04:08
================================================================================
[2026-05-08T04:04:38.093+0000] {manager.py:879} INFO - 
================================================================================
DAG File Processing Stats

File Path                                  PID  Runtime      # DAGs    # Errors  Last Runtime    Last Run
---------------------------------------  -----  ---------  --------  ----------  --------------  -------------------
/opt/airflow/dags/dag_crime_pipeline.py    942  0.01s             1           0  0.24s           2026-05-08T04:04:08
================================================================================
[2026-05-08T04:05:06.203+0000] {manager.py:879} INFO - 
================================================================================
DAG File Processing Stats

File Path                                PID    Runtime      # DAGs    # Errors  Last Runtime    Last Run
---------------------------------------  -----  ---------  --------  ----------  --------------  -------------------
/opt/airflow/dags/dag_crime_pipeline.py                           1           0  0.25s           2026-05-08T04:04:38
================================================================================
[2026-05-08T04:05:34.169+0000] {manager.py:879} INFO - 
================================================================================
DAG File Processing Stats

File Path                                PID    Runtime      # DAGs    # Errors  Last Runtime    Last Run
---------------------------------------  -----  ---------  --------  ----------  --------------  -------------------
/opt/airflow/dags/dag_crime_pipeline.py                           1           0  0.24s           2026-05-08T04:05:09
================================================================================
[2026-05-08T04:06:02.007+0000] {manager.py:879} INFO - 
================================================================================
DAG File Processing Stats

File Path                                PID    Runtime      # DAGs    # Errors  Last Runtime    Last Run
---------------------------------------  -----  ---------  --------  ----------  --------------  -------------------
/opt/airflow/dags/dag_crime_pipeline.py                           1           0  0.25s           2026-05-08T04:05:40
================================================================================
[2026-05-08T04:06:30.120+0000] {manager.py:879} INFO - 
================================================================================
DAG File Processing Stats

File Path                                PID    Runtime      # DAGs    # Errors  Last Runtime    Last Run
---------------------------------------  -----  ---------  --------  ----------  --------------  -------------------
/opt/airflow/dags/dag_crime_pipeline.py                           1           0  0.24s           2026-05-08T04:06:11
================================================================================
[2026-05-08T04:06:58.224+0000] {manager.py:879} INFO - 
================================================================================
DAG File Processing Stats

File Path                                PID    Runtime      # DAGs    # Errors  Last Runtime    Last Run
---------------------------------------  -----  ---------  --------  ----------  --------------  -------------------
/opt/airflow/dags/dag_crime_pipeline.py                           1           0  0.27s           2026-05-08T04:06:42
================================================================================
[2026-05-08T04:07:26.205+0000] {manager.py:879} INFO - 
================================================================================
DAG File Processing Stats

File Path                                PID    Runtime      # DAGs    # Errors  Last Runtime    Last Run
---------------------------------------  -----  ---------  --------  ----------  --------------  -------------------
/opt/airflow/dags/dag_crime_pipeline.py                           1           0  0.25s           2026-05-08T04:07:12
================================================================================
[2026-05-08T04:07:54.263+0000] {manager.py:879} INFO - 
================================================================================
DAG File Processing Stats

File Path                                PID    Runtime      # DAGs    # Errors  Last Runtime    Last Run
---------------------------------------  -----  ---------  --------  ----------  --------------  -------------------
/opt/airflow/dags/dag_crime_pipeline.py                           1           0  0.22s           2026-05-08T04:07:43
================================================================================
[2026-05-08T04:08:22.154+0000] {manager.py:879} INFO - 
================================================================================
DAG File Processing Stats

File Path                                PID    Runtime      # DAGs    # Errors  Last Runtime    Last Run
---------------------------------------  -----  ---------  --------  ----------  --------------  -------------------
/opt/airflow/dags/dag_crime_pipeline.py                           1           0  0.24s           2026-05-08T04:08:14
================================================================================
[2026-05-08T04:08:50.201+0000] {manager.py:879} INFO - 
================================================================================
DAG File Processing Stats

File Path                                PID    Runtime      # DAGs    # Errors  Last Runtime    Last Run
---------------------------------------  -----  ---------  --------  ----------  --------------  -------------------
/opt/airflow/dags/dag_crime_pipeline.py                           1           0  0.23s           2026-05-08T04:08:45
================================================================================
[2026-05-08T04:09:05.972+0000] {manager.py:738} INFO - Searching for files in /opt/airflow/dags
[2026-05-08T04:09:06.025+0000] {manager.py:741} INFO - There are 1 files in /opt/airflow/dags
[2026-05-08T04:09:17.685+0000] {manager.py:879} INFO - 
================================================================================
DAG File Processing Stats

File Path                                PID    Runtime      # DAGs    # Errors  Last Runtime    Last Run
---------------------------------------  -----  ---------  --------  ----------  --------------  -------------------
/opt/airflow/dags/dag_crime_pipeline.py                           1           0  0.26s           2026-05-08T04:09:15
================================================================================
[2026-05-08T04:09:45.105+0000] {manager.py:879} INFO - 
================================================================================
DAG File Processing Stats

File Path                                PID    Runtime      # DAGs    # Errors  Last Runtime    Last Run
---------------------------------------  -----  ---------  --------  ----------  --------------  -------------------
/opt/airflow/dags/dag_crime_pipeline.py                           1           0  0.26s           2026-05-08T04:09:15
================================================================================
[2026-05-08T04:10:13.537+0000] {manager.py:879} INFO - 
================================================================================
DAG File Processing Stats

File Path                                PID    Runtime      # DAGs    # Errors  Last Runtime    Last Run
---------------------------------------  -----  ---------  --------  ----------  --------------  -------------------
/opt/airflow/dags/dag_crime_pipeline.py                           1           0  0.30s           2026-05-08T04:09:46
================================================================================
[2026-05-08T04:10:41.319+0000] {manager.py:879} INFO - 
================================================================================
DAG File Processing Stats

File Path                                PID    Runtime      # DAGs    # Errors  Last Runtime    Last Run
---------------------------------------  -----  ---------  --------  ----------  --------------  -------------------
/opt/airflow/dags/dag_crime_pipeline.py                           1           0  0.24s           2026-05-08T04:10:16
================================================================================
[2026-05-08T04:11:09.256+0000] {manager.py:879} INFO - 
================================================================================
DAG File Processing Stats

File Path                                PID    Runtime      # DAGs    # Errors  Last Runtime    Last Run
---------------------------------------  -----  ---------  --------  ----------  --------------  -------------------
/opt/airflow/dags/dag_crime_pipeline.py                           1           0  0.27s           2026-05-08T04:10:47
================================================================================
[2026-05-08T04:11:37.257+0000] {manager.py:879} INFO - 
================================================================================
DAG File Processing Stats

File Path                                PID    Runtime      # DAGs    # Errors  Last Runtime    Last Run
---------------------------------------  -----  ---------  --------  ----------  --------------  -------------------
/opt/airflow/dags/dag_crime_pipeline.py                           1           0  0.25s           2026-05-08T04:11:18
================================================================================
[2026-05-08T04:12:04.662+0000] {manager.py:879} INFO - 
================================================================================
DAG File Processing Stats

File Path                                PID    Runtime      # DAGs    # Errors  Last Runtime    Last Run
---------------------------------------  -----  ---------  --------  ----------  --------------  -------------------
/opt/airflow/dags/dag_crime_pipeline.py                           1           0  0.25s           2026-05-08T04:11:49
================================================================================
[2026-05-08T04:12:32.026+0000] {manager.py:879} INFO - 
================================================================================
DAG File Processing Stats

File Path                                PID    Runtime      # DAGs    # Errors  Last Runtime    Last Run
---------------------------------------  -----  ---------  --------  ----------  --------------  -------------------
/opt/airflow/dags/dag_crime_pipeline.py                           1           0  0.23s           2026-05-08T04:12:19
================================================================================
[2026-05-08T04:13:00.421+0000] {manager.py:879} INFO - 
================================================================================
DAG File Processing Stats

File Path                                PID    Runtime      # DAGs    # Errors  Last Runtime    Last Run
---------------------------------------  -----  ---------  --------  ----------  --------------  -------------------
/opt/airflow/dags/dag_crime_pipeline.py                           1           0  0.26s           2026-05-08T04:12:50
================================================================================
[2026-05-08T04:13:28.313+0000] {manager.py:879} INFO - 
================================================================================
DAG File Processing Stats

File Path                                PID    Runtime      # DAGs    # Errors  Last Runtime    Last Run
---------------------------------------  -----  ---------  --------  ----------  --------------  -------------------
/opt/airflow/dags/dag_crime_pipeline.py                           1           0  0.25s           2026-05-08T04:13:21
================================================================================
[2026-05-08T04:13:55.871+0000] {manager.py:879} INFO - 
================================================================================
DAG File Processing Stats

File Path                                PID    Runtime      # DAGs    # Errors  Last Runtime    Last Run
---------------------------------------  -----  ---------  --------  ----------  --------------  -------------------
/opt/airflow/dags/dag_crime_pipeline.py                           1           0  0.27s           2026-05-08T04:13:51
================================================================================
[2026-05-08T04:14:06.415+0000] {manager.py:738} INFO - Searching for files in /opt/airflow/dags
[2026-05-08T04:14:06.470+0000] {manager.py:741} INFO - There are 1 files in /opt/airflow/dags
[2026-05-08T04:14:23.762+0000] {manager.py:879} INFO - 
================================================================================
DAG File Processing Stats

File Path                                PID    Runtime      # DAGs    # Errors  Last Runtime    Last Run
---------------------------------------  -----  ---------  --------  ----------  --------------  -------------------
/opt/airflow/dags/dag_crime_pipeline.py                           1           0  0.26s           2026-05-08T04:14:22
================================================================================
[2026-05-08T04:14:51.613+0000] {manager.py:879} INFO - 
================================================================================
DAG File Processing Stats

File Path                                PID    Runtime      # DAGs    # Errors  Last Runtime    Last Run
---------------------------------------  -----  ---------  --------  ----------  --------------  -------------------
/opt/airflow/dags/dag_crime_pipeline.py                           1           0  0.26s           2026-05-08T04:14:22
================================================================================
[2026-05-08T04:15:19.796+0000] {manager.py:879} INFO - 
================================================================================
DAG File Processing Stats

File Path                                PID    Runtime      # DAGs    # Errors  Last Runtime    Last Run
---------------------------------------  -----  ---------  --------  ----------  --------------  -------------------
/opt/airflow/dags/dag_crime_pipeline.py                           1           0  0.21s           2026-05-08T04:14:53
================================================================================
[2026-05-08T04:15:48.006+0000] {manager.py:879} INFO - 
================================================================================
DAG File Processing Stats

File Path                                PID    Runtime      # DAGs    # Errors  Last Runtime    Last Run
---------------------------------------  -----  ---------  --------  ----------  --------------  -------------------
/opt/airflow/dags/dag_crime_pipeline.py                           1           0  0.24s           2026-05-08T04:15:25
================================================================================
[2026-05-08T04:16:16.261+0000] {manager.py:879} INFO - 
================================================================================
DAG File Processing Stats

File Path                                PID    Runtime      # DAGs    # Errors  Last Runtime    Last Run
---------------------------------------  -----  ---------  --------  ----------  --------------  -------------------
/opt/airflow/dags/dag_crime_pipeline.py                           1           0  0.21s           2026-05-08T04:15:55
================================================================================
[2026-05-08T04:16:44.478+0000] {manager.py:879} INFO - 
================================================================================
DAG File Processing Stats

File Path                                PID    Runtime      # DAGs    # Errors  Last Runtime    Last Run
---------------------------------------  -----  ---------  --------  ----------  --------------  -------------------
/opt/airflow/dags/dag_crime_pipeline.py                           1           0  0.23s           2026-05-08T04:16:26
================================================================================
[2026-05-08T04:17:12.201+0000] {manager.py:879} INFO - 
================================================================================
DAG File Processing Stats

File Path                                PID    Runtime      # DAGs    # Errors  Last Runtime    Last Run
---------------------------------------  -----  ---------  --------  ----------  --------------  -------------------
/opt/airflow/dags/dag_crime_pipeline.py                           1           0  0.25s           2026-05-08T04:16:56
================================================================================
[2026-05-08T04:17:40.364+0000] {manager.py:879} INFO - 
================================================================================
DAG File Processing Stats

File Path                                PID    Runtime      # DAGs    # Errors  Last Runtime    Last Run
---------------------------------------  -----  ---------  --------  ----------  --------------  -------------------
/opt/airflow/dags/dag_crime_pipeline.py                           1           0  0.26s           2026-05-08T04:17:27
================================================================================
[2026-05-08T04:18:07.868+0000] {manager.py:879} INFO - 
================================================================================
DAG File Processing Stats

File Path                                PID    Runtime      # DAGs    # Errors  Last Runtime    Last Run
---------------------------------------  -----  ---------  --------  ----------  --------------  -------------------
/opt/airflow/dags/dag_crime_pipeline.py                           1           0  0.28s           2026-05-08T04:17:57
================================================================================
[2026-05-08T04:18:35.290+0000] {manager.py:879} INFO - 
================================================================================
DAG File Processing Stats

File Path                                PID    Runtime      # DAGs    # Errors  Last Runtime    Last Run
---------------------------------------  -----  ---------  --------  ----------  --------------  -------------------
/opt/airflow/dags/dag_crime_pipeline.py                           1           0  0.23s           2026-05-08T04:18:28
================================================================================
[2026-05-08T04:19:02.845+0000] {manager.py:879} INFO - 
================================================================================
DAG File Processing Stats

File Path                                PID    Runtime      # DAGs    # Errors  Last Runtime    Last Run
---------------------------------------  -----  ---------  --------  ----------  --------------  -------------------
/opt/airflow/dags/dag_crime_pipeline.py                           1           0  0.26s           2026-05-08T04:18:58
================================================================================
[2026-05-08T04:19:06.456+0000] {manager.py:738} INFO - Searching for files in /opt/airflow/dags
[2026-05-08T04:19:06.516+0000] {manager.py:741} INFO - There are 1 files in /opt/airflow/dags
[2026-05-08T04:19:30.943+0000] {manager.py:879} INFO - 
================================================================================
DAG File Processing Stats

File Path                                PID    Runtime      # DAGs    # Errors  Last Runtime    Last Run
---------------------------------------  -----  ---------  --------  ----------  --------------  -------------------
/opt/airflow/dags/dag_crime_pipeline.py                           1           0  0.24s           2026-05-08T04:19:29
================================================================================
[2026-05-08T04:19:59.229+0000] {manager.py:879} INFO - 
================================================================================
DAG File Processing Stats

File Path                                  PID  Runtime      # DAGs    # Errors  Last Runtime    Last Run
---------------------------------------  -----  ---------  --------  ----------  --------------  -------------------
/opt/airflow/dags/dag_crime_pipeline.py   1092  0.01s             1           0  0.24s           2026-05-08T04:19:29
================================================================================
[2026-05-08T04:20:27.101+0000] {manager.py:879} INFO - 
================================================================================
DAG File Processing Stats

File Path                                PID    Runtime      # DAGs    # Errors  Last Runtime    Last Run
---------------------------------------  -----  ---------  --------  ----------  --------------  -------------------
/opt/airflow/dags/dag_crime_pipeline.py                           1           0  0.24s           2026-05-08T04:19:59
================================================================================
[2026-05-08T04:20:55.479+0000] {manager.py:879} INFO - 
================================================================================
DAG File Processing Stats

File Path                                PID    Runtime      # DAGs    # Errors  Last Runtime    Last Run
---------------------------------------  -----  ---------  --------  ----------  --------------  -------------------
/opt/airflow/dags/dag_crime_pipeline.py                           1           0  0.23s           2026-05-08T04:20:29
================================================================================
[2026-05-08T04:21:22.521+0000] {manager.py:879} INFO - 
================================================================================
DAG File Processing Stats

File Path                                PID    Runtime      # DAGs    # Errors  Last Runtime    Last Run
---------------------------------------  -----  ---------  --------  ----------  --------------  -------------------
/opt/airflow/dags/dag_crime_pipeline.py                           1           0  0.23s           2026-05-08T04:21:00
================================================================================
[2026-05-08T04:21:48.980+0000] {manager.py:879} INFO - 
================================================================================
DAG File Processing Stats

File Path                                PID    Runtime      # DAGs    # Errors  Last Runtime    Last Run
---------------------------------------  -----  ---------  --------  ----------  --------------  -------------------
/opt/airflow/dags/dag_crime_pipeline.py                           1           0  0.24s           2026-05-08T04:21:31
================================================================================
[2026-05-08T04:22:17.127+0000] {manager.py:879} INFO - 
================================================================================
DAG File Processing Stats

File Path                                PID    Runtime      # DAGs    # Errors  Last Runtime    Last Run
---------------------------------------  -----  ---------  --------  ----------  --------------  -------------------
/opt/airflow/dags/dag_crime_pipeline.py                           1           0  0.27s           2026-05-08T04:22:02
================================================================================
[2026-05-08T04:22:44.988+0000] {manager.py:879} INFO - 
================================================================================
DAG File Processing Stats

File Path                                PID    Runtime      # DAGs    # Errors  Last Runtime    Last Run
---------------------------------------  -----  ---------  --------  ----------  --------------  -------------------
/opt/airflow/dags/dag_crime_pipeline.py                           1           0  0.25s           2026-05-08T04:22:33
================================================================================
[2026-05-08T04:23:13.016+0000] {manager.py:879} INFO - 
================================================================================
DAG File Processing Stats

File Path                                PID    Runtime      # DAGs    # Errors  Last Runtime    Last Run
---------------------------------------  -----  ---------  --------  ----------  --------------  -------------------
/opt/airflow/dags/dag_crime_pipeline.py                           1           0  0.27s           2026-05-08T04:23:04
================================================================================
[2026-05-08T04:23:41.041+0000] {manager.py:879} INFO - 
================================================================================
DAG File Processing Stats

File Path                                PID    Runtime      # DAGs    # Errors  Last Runtime    Last Run
---------------------------------------  -----  ---------  --------  ----------  --------------  -------------------
/opt/airflow/dags/dag_crime_pipeline.py                           1           0  0.26s           2026-05-08T04:23:34
================================================================================
[2026-05-08T04:24:06.666+0000] {manager.py:738} INFO - Searching for files in /opt/airflow/dags
[2026-05-08T04:24:06.725+0000] {manager.py:741} INFO - There are 1 files in /opt/airflow/dags
[2026-05-08T04:24:09.259+0000] {manager.py:879} INFO - 
================================================================================
DAG File Processing Stats

File Path                                PID    Runtime      # DAGs    # Errors  Last Runtime    Last Run
---------------------------------------  -----  ---------  --------  ----------  --------------  -------------------
/opt/airflow/dags/dag_crime_pipeline.py                           1           0  0.28s           2026-05-08T04:24:05
================================================================================
[2026-05-08T04:24:36.795+0000] {manager.py:879} INFO - 
================================================================================
DAG File Processing Stats

File Path                                PID    Runtime      # DAGs    # Errors  Last Runtime    Last Run
---------------------------------------  -----  ---------  --------  ----------  --------------  -------------------
/opt/airflow/dags/dag_crime_pipeline.py                           1           0  0.25s           2026-05-08T04:24:36
================================================================================
[2026-05-08T04:25:04.468+0000] {manager.py:879} INFO - 
================================================================================
DAG File Processing Stats

File Path                                PID    Runtime      # DAGs    # Errors  Last Runtime    Last Run
---------------------------------------  -----  ---------  --------  ----------  --------------  -------------------
/opt/airflow/dags/dag_crime_pipeline.py                           1           0  0.25s           2026-05-08T04:24:36
================================================================================
[2026-05-08T04:25:32.661+0000] {manager.py:879} INFO - 
================================================================================
DAG File Processing Stats

File Path                                PID    Runtime      # DAGs    # Errors  Last Runtime    Last Run
---------------------------------------  -----  ---------  --------  ----------  --------------  -------------------
/opt/airflow/dags/dag_crime_pipeline.py                           1           0  0.26s           2026-05-08T04:25:07
================================================================================
[2026-05-08T04:26:00.837+0000] {manager.py:879} INFO - 
================================================================================
DAG File Processing Stats

File Path                                PID    Runtime      # DAGs    # Errors  Last Runtime    Last Run
---------------------------------------  -----  ---------  --------  ----------  --------------  -------------------
/opt/airflow/dags/dag_crime_pipeline.py                           1           0  0.28s           2026-05-08T04:25:38
================================================================================
[2026-05-08T04:26:28.822+0000] {manager.py:879} INFO - 
================================================================================
DAG File Processing Stats

File Path                                PID    Runtime      # DAGs    # Errors  Last Runtime    Last Run
---------------------------------------  -----  ---------  --------  ----------  --------------  -------------------
/opt/airflow/dags/dag_crime_pipeline.py                           1           0  0.27s           2026-05-08T04:26:09
================================================================================
[2026-05-08T04:26:57.005+0000] {manager.py:879} INFO - 
================================================================================
DAG File Processing Stats

File Path                                PID    Runtime      # DAGs    # Errors  Last Runtime    Last Run
---------------------------------------  -----  ---------  --------  ----------  --------------  -------------------
/opt/airflow/dags/dag_crime_pipeline.py                           1           0  0.25s           2026-05-08T04:26:40
================================================================================
[2026-05-08T04:27:25.168+0000] {manager.py:879} INFO - 
================================================================================
DAG File Processing Stats

File Path                                PID    Runtime      # DAGs    # Errors  Last Runtime    Last Run
---------------------------------------  -----  ---------  --------  ----------  --------------  -------------------
/opt/airflow/dags/dag_crime_pipeline.py                           1           0  0.26s           2026-05-08T04:27:10
================================================================================
[2026-05-08T04:27:53.326+0000] {manager.py:879} INFO - 
================================================================================
DAG File Processing Stats

File Path                                PID    Runtime      # DAGs    # Errors  Last Runtime    Last Run
---------------------------------------  -----  ---------  --------  ----------  --------------  -------------------
/opt/airflow/dags/dag_crime_pipeline.py                           1           0  0.26s           2026-05-08T04:27:41
================================================================================
[2026-05-08T04:28:20.758+0000] {manager.py:879} INFO - 
================================================================================
DAG File Processing Stats

File Path                                PID    Runtime      # DAGs    # Errors  Last Runtime    Last Run
---------------------------------------  -----  ---------  --------  ----------  --------------  -------------------
/opt/airflow/dags/dag_crime_pipeline.py                           1           0  0.24s           2026-05-08T04:28:12
================================================================================
[2026-05-08T04:28:48.485+0000] {manager.py:879} INFO - 
================================================================================
DAG File Processing Stats

File Path                                PID    Runtime      # DAGs    # Errors  Last Runtime    Last Run
---------------------------------------  -----  ---------  --------  ----------  --------------  -------------------
/opt/airflow/dags/dag_crime_pipeline.py                           1           0  0.23s           2026-05-08T04:28:43
================================================================================
[2026-05-08T04:29:06.873+0000] {manager.py:738} INFO - Searching for files in /opt/airflow/dags
[2026-05-08T04:29:06.926+0000] {manager.py:741} INFO - There are 1 files in /opt/airflow/dags
[2026-05-08T04:29:16.605+0000] {manager.py:879} INFO - 
================================================================================
DAG File Processing Stats

File Path                                PID    Runtime      # DAGs    # Errors  Last Runtime    Last Run
---------------------------------------  -----  ---------  --------  ----------  --------------  -------------------
/opt/airflow/dags/dag_crime_pipeline.py                           1           0  0.26s           2026-05-08T04:29:14
================================================================================
[2026-05-08T04:29:44.515+0000] {manager.py:879} INFO - 
================================================================================
DAG File Processing Stats

File Path                                PID    Runtime      # DAGs    # Errors  Last Runtime    Last Run
---------------------------------------  -----  ---------  --------  ----------  --------------  -------------------
/opt/airflow/dags/dag_crime_pipeline.py                           1           0  0.26s           2026-05-08T04:29:14
================================================================================
[2026-05-08T04:30:12.441+0000] {manager.py:879} INFO - 
================================================================================
DAG File Processing Stats

File Path                                PID    Runtime      # DAGs    # Errors  Last Runtime    Last Run
---------------------------------------  -----  ---------  --------  ----------  --------------  -------------------
/opt/airflow/dags/dag_crime_pipeline.py                           1           0  0.24s           2026-05-08T04:29:45
================================================================================
[2026-05-08T04:30:40.347+0000] {manager.py:879} INFO - 
================================================================================
DAG File Processing Stats

File Path                                PID    Runtime      # DAGs    # Errors  Last Runtime    Last Run
---------------------------------------  -----  ---------  --------  ----------  --------------  -------------------
/opt/airflow/dags/dag_crime_pipeline.py                           1           0  0.23s           2026-05-08T04:30:16
================================================================================
[2026-05-08T04:31:08.517+0000] {manager.py:879} INFO - 
================================================================================
DAG File Processing Stats

File Path                                PID    Runtime      # DAGs    # Errors  Last Runtime    Last Run
---------------------------------------  -----  ---------  --------  ----------  --------------  -------------------
/opt/airflow/dags/dag_crime_pipeline.py                           1           0  0.25s           2026-05-08T04:30:47
================================================================================
[2026-05-08T04:31:36.704+0000] {manager.py:879} INFO - 
================================================================================
DAG File Processing Stats

File Path                                PID    Runtime      # DAGs    # Errors  Last Runtime    Last Run
---------------------------------------  -----  ---------  --------  ----------  --------------  -------------------
/opt/airflow/dags/dag_crime_pipeline.py                           1           0  0.22s           2026-05-08T04:31:18
================================================================================
[2026-05-08T04:32:04.273+0000] {manager.py:879} INFO - 
================================================================================
DAG File Processing Stats

File Path                                PID    Runtime      # DAGs    # Errors  Last Runtime    Last Run
---------------------------------------  -----  ---------  --------  ----------  --------------  -------------------
/opt/airflow/dags/dag_crime_pipeline.py                           1           0  0.27s           2026-05-08T04:31:48
================================================================================
[2026-05-08T04:32:32.172+0000] {manager.py:879} INFO - 
================================================================================
DAG File Processing Stats

File Path                                PID    Runtime      # DAGs    # Errors  Last Runtime    Last Run
---------------------------------------  -----  ---------  --------  ----------  --------------  -------------------
/opt/airflow/dags/dag_crime_pipeline.py                           1           0  0.23s           2026-05-08T04:32:19
================================================================================
[2026-05-08T04:33:00.234+0000] {manager.py:879} INFO - 
================================================================================
DAG File Processing Stats

File Path                                PID    Runtime      # DAGs    # Errors  Last Runtime    Last Run
---------------------------------------  -----  ---------  --------  ----------  --------------  -------------------
/opt/airflow/dags/dag_crime_pipeline.py                           1           0  0.23s           2026-05-08T04:32:50
================================================================================
[2026-05-08T04:33:28.255+0000] {manager.py:879} INFO - 
================================================================================
DAG File Processing Stats

File Path                                PID    Runtime      # DAGs    # Errors  Last Runtime    Last Run
---------------------------------------  -----  ---------  --------  ----------  --------------  -------------------
/opt/airflow/dags/dag_crime_pipeline.py                           1           0  0.24s           2026-05-08T04:33:21
================================================================================
[2026-05-08T04:33:56.309+0000] {manager.py:879} INFO - 
================================================================================
DAG File Processing Stats

File Path                                PID    Runtime      # DAGs    # Errors  Last Runtime    Last Run
---------------------------------------  -----  ---------  --------  ----------  --------------  -------------------
/opt/airflow/dags/dag_crime_pipeline.py                           1           0  0.22s           2026-05-08T04:33:52
================================================================================
[2026-05-08T04:34:07.605+0000] {manager.py:738} INFO - Searching for files in /opt/airflow/dags
[2026-05-08T04:34:07.669+0000] {manager.py:741} INFO - There are 1 files in /opt/airflow/dags
[2026-05-08T04:34:23.809+0000] {manager.py:879} INFO - 
================================================================================
DAG File Processing Stats

File Path                                PID    Runtime      # DAGs    # Errors  Last Runtime    Last Run
---------------------------------------  -----  ---------  --------  ----------  --------------  -------------------
/opt/airflow/dags/dag_crime_pipeline.py                           1           0  0.23s           2026-05-08T04:34:22
================================================================================
[2026-05-08T04:34:51.470+0000] {manager.py:879} INFO - 
================================================================================
DAG File Processing Stats

File Path                                PID    Runtime      # DAGs    # Errors  Last Runtime    Last Run
---------------------------------------  -----  ---------  --------  ----------  --------------  -------------------
/opt/airflow/dags/dag_crime_pipeline.py                           1           0  0.23s           2026-05-08T04:34:22
================================================================================
[2026-05-08T04:35:19.696+0000] {manager.py:879} INFO - 
================================================================================
DAG File Processing Stats

File Path                                PID    Runtime      # DAGs    # Errors  Last Runtime    Last Run
---------------------------------------  -----  ---------  --------  ----------  --------------  -------------------
/opt/airflow/dags/dag_crime_pipeline.py                           1           0  0.25s           2026-05-08T04:34:53
================================================================================
[2026-05-08T04:35:47.690+0000] {manager.py:879} INFO - 
================================================================================
DAG File Processing Stats

File Path                                PID    Runtime      # DAGs    # Errors  Last Runtime    Last Run
---------------------------------------  -----  ---------  --------  ----------  --------------  -------------------
/opt/airflow/dags/dag_crime_pipeline.py                           1           0  0.26s           2026-05-08T04:35:25
================================================================================
[2026-05-08T04:36:15.945+0000] {manager.py:879} INFO - 
================================================================================
DAG File Processing Stats

File Path                                PID    Runtime      # DAGs    # Errors  Last Runtime    Last Run
---------------------------------------  -----  ---------  --------  ----------  --------------  -------------------
/opt/airflow/dags/dag_crime_pipeline.py                           1           0  0.21s           2026-05-08T04:35:56
================================================================================
[2026-05-08T04:36:44.153+0000] {manager.py:879} INFO - 
================================================================================
DAG File Processing Stats

File Path                                PID    Runtime      # DAGs    # Errors  Last Runtime    Last Run
---------------------------------------  -----  ---------  --------  ----------  --------------  -------------------
/opt/airflow/dags/dag_crime_pipeline.py                           1           0  0.27s           2026-05-08T04:36:26
================================================================================
[2026-05-08T04:37:11.644+0000] {manager.py:879} INFO - 
================================================================================
DAG File Processing Stats

File Path                                PID    Runtime      # DAGs    # Errors  Last Runtime    Last Run
---------------------------------------  -----  ---------  --------  ----------  --------------  -------------------
/opt/airflow/dags/dag_crime_pipeline.py                           1           0  0.22s           2026-05-08T04:36:57
================================================================================
[2026-05-08T04:37:39.458+0000] {manager.py:879} INFO - 
================================================================================
DAG File Processing Stats

File Path                                PID    Runtime      # DAGs    # Errors  Last Runtime    Last Run
---------------------------------------  -----  ---------  --------  ----------  --------------  -------------------
/opt/airflow/dags/dag_crime_pipeline.py                           1           0  0.22s           2026-05-08T04:37:28
================================================================================
[2026-05-08T04:38:07.630+0000] {manager.py:879} INFO - 
================================================================================
DAG File Processing Stats

File Path                                PID    Runtime      # DAGs    # Errors  Last Runtime    Last Run
---------------------------------------  -----  ---------  --------  ----------  --------------  -------------------
/opt/airflow/dags/dag_crime_pipeline.py                           1           0  0.24s           2026-05-08T04:37:59
================================================================================
[2026-05-08T04:38:35.212+0000] {manager.py:879} INFO - 
================================================================================
DAG File Processing Stats

File Path                                PID    Runtime      # DAGs    # Errors  Last Runtime    Last Run
---------------------------------------  -----  ---------  --------  ----------  --------------  -------------------
/opt/airflow/dags/dag_crime_pipeline.py                           1           0  0.23s           2026-05-08T04:38:30
================================================================================
[2026-05-08T04:39:03.136+0000] {manager.py:879} INFO - 
================================================================================
DAG File Processing Stats

File Path                                PID    Runtime      # DAGs    # Errors  Last Runtime    Last Run
---------------------------------------  -----  ---------  --------  ----------  --------------  -------------------
/opt/airflow/dags/dag_crime_pipeline.py                           1           0  0.25s           2026-05-08T04:39:01
================================================================================
[2026-05-08T04:39:08.277+0000] {manager.py:738} INFO - Searching for files in /opt/airflow/dags
[2026-05-08T04:39:08.337+0000] {manager.py:741} INFO - There are 1 files in /opt/airflow/dags
[2026-05-08T04:39:31.406+0000] {manager.py:879} INFO - 
================================================================================
DAG File Processing Stats

File Path                                  PID  Runtime      # DAGs    # Errors  Last Runtime    Last Run
---------------------------------------  -----  ---------  --------  ----------  --------------  -------------------
/opt/airflow/dags/dag_crime_pipeline.py   1282  0.01s             1           0  0.25s           2026-05-08T04:39:01
================================================================================
[2026-05-08T04:39:59.780+0000] {manager.py:879} INFO - 
================================================================================
DAG File Processing Stats

File Path                                PID    Runtime      # DAGs    # Errors  Last Runtime    Last Run
---------------------------------------  -----  ---------  --------  ----------  --------------  -------------------
/opt/airflow/dags/dag_crime_pipeline.py                           1           0  0.26s           2026-05-08T04:39:31
================================================================================
[2026-05-08T04:40:28.197+0000] {manager.py:879} INFO - 
================================================================================
DAG File Processing Stats

File Path                                PID    Runtime      # DAGs    # Errors  Last Runtime    Last Run
---------------------------------------  -----  ---------  --------  ----------  --------------  -------------------
/opt/airflow/dags/dag_crime_pipeline.py                           1           0  0.22s           2026-05-08T04:40:02
================================================================================
[2026-05-08T04:40:56.589+0000] {manager.py:879} INFO - 
================================================================================
DAG File Processing Stats

File Path                                PID    Runtime      # DAGs    # Errors  Last Runtime    Last Run
---------------------------------------  -----  ---------  --------  ----------  --------------  -------------------
/opt/airflow/dags/dag_crime_pipeline.py                           1           0  0.24s           2026-05-08T04:40:32
================================================================================
[2026-05-08T04:41:24.818+0000] {manager.py:879} INFO - 
================================================================================
DAG File Processing Stats

File Path                                PID    Runtime      # DAGs    # Errors  Last Runtime    Last Run
---------------------------------------  -----  ---------  --------  ----------  --------------  -------------------
/opt/airflow/dags/dag_crime_pipeline.py                           1           0  0.26s           2026-05-08T04:41:03
================================================================================
[2026-05-08T04:41:52.841+0000] {manager.py:879} INFO - 
================================================================================
DAG File Processing Stats

File Path                                PID    Runtime      # DAGs    # Errors  Last Runtime    Last Run
---------------------------------------  -----  ---------  --------  ----------  --------------  -------------------
/opt/airflow/dags/dag_crime_pipeline.py                           1           0  0.24s           2026-05-08T04:41:34
================================================================================
[2026-05-08T04:42:20.655+0000] {manager.py:879} INFO - 
================================================================================
DAG File Processing Stats

File Path                                PID    Runtime      # DAGs    # Errors  Last Runtime    Last Run
---------------------------------------  -----  ---------  --------  ----------  --------------  -------------------
/opt/airflow/dags/dag_crime_pipeline.py                           1           0  0.22s           2026-05-08T04:42:05
================================================================================
[2026-05-08T04:42:48.993+0000] {manager.py:879} INFO - 
================================================================================
DAG File Processing Stats

File Path                                PID    Runtime      # DAGs    # Errors  Last Runtime    Last Run
---------------------------------------  -----  ---------  --------  ----------  --------------  -------------------
/opt/airflow/dags/dag_crime_pipeline.py                           1           0  0.25s           2026-05-08T04:42:36
================================================================================
[2026-05-08T04:43:16.458+0000] {manager.py:879} INFO - 
================================================================================
DAG File Processing Stats

File Path                                PID    Runtime      # DAGs    # Errors  Last Runtime    Last Run
---------------------------------------  -----  ---------  --------  ----------  --------------  -------------------
/opt/airflow/dags/dag_crime_pipeline.py                           1           0  0.22s           2026-05-08T04:43:07
================================================================================
[2026-05-08T04:43:44.726+0000] {manager.py:879} INFO - 
================================================================================
DAG File Processing Stats

File Path                                PID    Runtime      # DAGs    # Errors  Last Runtime    Last Run
---------------------------------------  -----  ---------  --------  ----------  --------------  -------------------
/opt/airflow/dags/dag_crime_pipeline.py                           1           0  0.19s           2026-05-08T04:43:37
================================================================================
[2026-05-08T04:44:08.445+0000] {manager.py:738} INFO - Searching for files in /opt/airflow/dags
[2026-05-08T04:44:08.497+0000] {manager.py:741} INFO - There are 1 files in /opt/airflow/dags
[2026-05-08T04:44:12.483+0000] {manager.py:879} INFO - 
================================================================================
DAG File Processing Stats

File Path                                PID    Runtime      # DAGs    # Errors  Last Runtime    Last Run
---------------------------------------  -----  ---------  --------  ----------  --------------  -------------------
/opt/airflow/dags/dag_crime_pipeline.py                           1           0  0.21s           2026-05-08T04:44:08
================================================================================
[2026-05-08T04:44:40.231+0000] {manager.py:879} INFO - 
================================================================================
DAG File Processing Stats

File Path                                PID    Runtime      # DAGs    # Errors  Last Runtime    Last Run
---------------------------------------  -----  ---------  --------  ----------  --------------  -------------------
/opt/airflow/dags/dag_crime_pipeline.py                           1           0  0.18s           2026-05-08T04:44:39
================================================================================
[2026-05-08T04:45:07.693+0000] {manager.py:879} INFO - 
================================================================================
DAG File Processing Stats

File Path                                PID    Runtime      # DAGs    # Errors  Last Runtime    Last Run
---------------------------------------  -----  ---------  --------  ----------  --------------  -------------------
/opt/airflow/dags/dag_crime_pipeline.py                           1           0  0.18s           2026-05-08T04:44:39
================================================================================
[2026-05-08T04:45:35.285+0000] {manager.py:879} INFO - 
================================================================================
DAG File Processing Stats

File Path                                PID    Runtime      # DAGs    # Errors  Last Runtime    Last Run
---------------------------------------  -----  ---------  --------  ----------  --------------  -------------------
/opt/airflow/dags/dag_crime_pipeline.py                           1           0  0.18s           2026-05-08T04:45:10
================================================================================
[2026-05-08T04:46:01.070+0000] {manager.py:879} INFO - 
================================================================================
DAG File Processing Stats

File Path                                PID    Runtime      # DAGs    # Errors  Last Runtime    Last Run
---------------------------------------  -----  ---------  --------  ----------  --------------  -------------------
/opt/airflow/dags/dag_crime_pipeline.py                           1           0  0.21s           2026-05-08T04:45:41
================================================================================
[2026-05-08T04:46:29.271+0000] {manager.py:879} INFO - 
================================================================================
DAG File Processing Stats

File Path                                PID    Runtime      # DAGs    # Errors  Last Runtime    Last Run
---------------------------------------  -----  ---------  --------  ----------  --------------  -------------------
/opt/airflow/dags/dag_crime_pipeline.py                           1           0  0.20s           2026-05-08T04:46:11
================================================================================
[2026-05-08T04:46:57.295+0000] {manager.py:879} INFO - 
================================================================================
DAG File Processing Stats

File Path                                PID    Runtime      # DAGs    # Errors  Last Runtime    Last Run
---------------------------------------  -----  ---------  --------  ----------  --------------  -------------------
/opt/airflow/dags/dag_crime_pipeline.py                           1           0  0.18s           2026-05-08T04:46:42
================================================================================
[2026-05-08T06:09:21.057+0000] {manager.py:738} INFO - Searching for files in /opt/airflow/dags
[2026-05-08T06:09:21.119+0000] {manager.py:741} INFO - There are 1 files in /opt/airflow/dags
[2026-05-08T06:09:28.420+0000] {manager.py:879} INFO - 
================================================================================
DAG File Processing Stats

File Path                                PID    Runtime      # DAGs    # Errors  Last Runtime    Last Run
---------------------------------------  -----  ---------  --------  ----------  --------------  -------------------
/opt/airflow/dags/dag_crime_pipeline.py                           1           0  -1.27s          2026-05-08T06:09:19
================================================================================
[2026-05-08T06:09:56.847+0000] {manager.py:879} INFO - 
================================================================================
DAG File Processing Stats

File Path                                PID    Runtime      # DAGs    # Errors  Last Runtime    Last Run
---------------------------------------  -----  ---------  --------  ----------  --------------  -------------------
/opt/airflow/dags/dag_crime_pipeline.py                           1           0  0.22s           2026-05-08T06:09:50
================================================================================
[2026-05-08T06:10:25.109+0000] {manager.py:879} INFO - 
================================================================================
DAG File Processing Stats

File Path                                PID    Runtime      # DAGs    # Errors  Last Runtime    Last Run
---------------------------------------  -----  ---------  --------  ----------  --------------  -------------------
/opt/airflow/dags/dag_crime_pipeline.py                           1           0  0.22s           2026-05-08T06:10:21
================================================================================
[2026-05-08T06:10:53.375+0000] {manager.py:879} INFO - 
================================================================================
DAG File Processing Stats

File Path                                PID    Runtime      # DAGs    # Errors  Last Runtime    Last Run
---------------------------------------  -----  ---------  --------  ----------  --------------  -------------------
/opt/airflow/dags/dag_crime_pipeline.py                           1           0  0.23s           2026-05-08T06:10:51
================================================================================
[2026-05-08T06:11:21.846+0000] {manager.py:879} INFO - 
================================================================================
DAG File Processing Stats

File Path                                PID    Runtime      # DAGs    # Errors  Last Runtime    Last Run
---------------------------------------  -----  ---------  --------  ----------  --------------  -------------------
/opt/airflow/dags/dag_crime_pipeline.py                           1           0  0.23s           2026-05-08T06:10:51
================================================================================
[2026-05-08T06:11:49.544+0000] {manager.py:879} INFO - 
================================================================================
DAG File Processing Stats

File Path                                PID    Runtime      # DAGs    # Errors  Last Runtime    Last Run
---------------------------------------  -----  ---------  --------  ----------  --------------  -------------------
/opt/airflow/dags/dag_crime_pipeline.py                           1           0  0.21s           2026-05-08T06:11:23
================================================================================
[2026-05-08T06:12:18.035+0000] {manager.py:879} INFO - 
================================================================================
DAG File Processing Stats

File Path                                PID    Runtime      # DAGs    # Errors  Last Runtime    Last Run
---------------------------------------  -----  ---------  --------  ----------  --------------  -------------------
/opt/airflow/dags/dag_crime_pipeline.py                           1           0  0.17s           2026-05-08T06:11:53
================================================================================
[2026-05-08T06:12:21.587+0000] {manager.py:451} INFO - Exiting gracefully upon receiving signal 15
