[2026-06-12T01:43:26.233+0000] {processor.py:161} INFO - Started process (PID=189) to work on /opt/airflow/dags/dag_crime_pipeline.py
[2026-06-12T01:43:26.235+0000] {processor.py:830} INFO - Processing file /opt/airflow/dags/dag_crime_pipeline.py for tasks to queue
[2026-06-12T01:43:26.238+0000] {logging_mixin.py:188} INFO - [2026-06-12T01:43:26.237+0000] {dagbag.py:538} INFO - Filling up the DagBag from /opt/airflow/dags/dag_crime_pipeline.py
[2026-06-12T01:43:26.310+0000] {processor.py:840} INFO - DAG(s) 'crime_analytics_pipeline' retrieved from /opt/airflow/dags/dag_crime_pipeline.py
[2026-06-12T01:43:26.359+0000] {logging_mixin.py:188} INFO - [2026-06-12T01:43:26.358+0000] {dag.py:3036} INFO - Sync 1 DAGs
[2026-06-12T01:43:26.396+0000] {logging_mixin.py:188} INFO - [2026-06-12T01:43:26.395+0000] {dag.py:3823} INFO - Setting next_dagrun for crime_analytics_pipeline to 2026-06-06 19:00:00+00:00, run_after=2026-06-13 19:00:00+00:00
[2026-06-12T01:43:26.426+0000] {processor.py:183} INFO - Processing /opt/airflow/dags/dag_crime_pipeline.py took 0.197 seconds
[2026-06-12T01:43:56.513+0000] {processor.py:161} INFO - Started process (PID=194) to work on /opt/airflow/dags/dag_crime_pipeline.py
[2026-06-12T01:43:56.515+0000] {processor.py:830} INFO - Processing file /opt/airflow/dags/dag_crime_pipeline.py for tasks to queue
[2026-06-12T01:43:56.519+0000] {logging_mixin.py:188} INFO - [2026-06-12T01:43:56.518+0000] {dagbag.py:538} INFO - Filling up the DagBag from /opt/airflow/dags/dag_crime_pipeline.py
[2026-06-12T01:43:56.579+0000] {processor.py:840} INFO - DAG(s) 'crime_analytics_pipeline' retrieved from /opt/airflow/dags/dag_crime_pipeline.py
[2026-06-12T01:43:56.605+0000] {logging_mixin.py:188} INFO - [2026-06-12T01:43:56.604+0000] {dag.py:3036} INFO - Sync 1 DAGs
[2026-06-12T01:43:56.637+0000] {logging_mixin.py:188} INFO - [2026-06-12T01:43:56.637+0000] {dag.py:3823} INFO - Setting next_dagrun for crime_analytics_pipeline to 2026-06-06 19:00:00+00:00, run_after=2026-06-13 19:00:00+00:00
[2026-06-12T01:43:56.668+0000] {processor.py:183} INFO - Processing /opt/airflow/dags/dag_crime_pipeline.py took 0.160 seconds
[2026-06-12T01:44:26.959+0000] {processor.py:161} INFO - Started process (PID=199) to work on /opt/airflow/dags/dag_crime_pipeline.py
[2026-06-12T01:44:26.960+0000] {processor.py:830} INFO - Processing file /opt/airflow/dags/dag_crime_pipeline.py for tasks to queue
[2026-06-12T01:44:26.966+0000] {logging_mixin.py:188} INFO - [2026-06-12T01:44:26.965+0000] {dagbag.py:538} INFO - Filling up the DagBag from /opt/airflow/dags/dag_crime_pipeline.py
[2026-06-12T01:44:27.032+0000] {processor.py:840} INFO - DAG(s) 'crime_analytics_pipeline' retrieved from /opt/airflow/dags/dag_crime_pipeline.py
[2026-06-12T01:44:27.706+0000] {logging_mixin.py:188} INFO - [2026-06-12T01:44:27.705+0000] {dag.py:3036} INFO - Sync 1 DAGs
[2026-06-12T01:44:27.735+0000] {logging_mixin.py:188} INFO - [2026-06-12T01:44:27.735+0000] {dag.py:3823} INFO - Setting next_dagrun for crime_analytics_pipeline to 2026-06-06 19:00:00+00:00, run_after=2026-06-13 19:00:00+00:00
[2026-06-12T01:44:27.772+0000] {processor.py:183} INFO - Processing /opt/airflow/dags/dag_crime_pipeline.py took 0.820 seconds
[2026-06-12T01:44:58.069+0000] {processor.py:161} INFO - Started process (PID=204) to work on /opt/airflow/dags/dag_crime_pipeline.py
[2026-06-12T01:44:58.074+0000] {processor.py:830} INFO - Processing file /opt/airflow/dags/dag_crime_pipeline.py for tasks to queue
[2026-06-12T01:44:58.080+0000] {logging_mixin.py:188} INFO - [2026-06-12T01:44:58.079+0000] {dagbag.py:538} INFO - Filling up the DagBag from /opt/airflow/dags/dag_crime_pipeline.py
[2026-06-12T01:44:58.150+0000] {processor.py:840} INFO - DAG(s) 'crime_analytics_pipeline' retrieved from /opt/airflow/dags/dag_crime_pipeline.py
[2026-06-12T01:44:58.202+0000] {logging_mixin.py:188} INFO - [2026-06-12T01:44:58.202+0000] {dag.py:3036} INFO - Sync 1 DAGs
[2026-06-12T01:44:58.553+0000] {logging_mixin.py:188} INFO - [2026-06-12T01:44:58.553+0000] {dag.py:3823} INFO - Setting next_dagrun for crime_analytics_pipeline to 2026-06-06 19:00:00+00:00, run_after=2026-06-13 19:00:00+00:00
[2026-06-12T01:44:58.605+0000] {processor.py:183} INFO - Processing /opt/airflow/dags/dag_crime_pipeline.py took 0.547 seconds
[2026-06-12T01:45:28.933+0000] {processor.py:161} INFO - Started process (PID=209) to work on /opt/airflow/dags/dag_crime_pipeline.py
[2026-06-12T01:45:28.936+0000] {processor.py:830} INFO - Processing file /opt/airflow/dags/dag_crime_pipeline.py for tasks to queue
[2026-06-12T01:45:28.939+0000] {logging_mixin.py:188} INFO - [2026-06-12T01:45:28.939+0000] {dagbag.py:538} INFO - Filling up the DagBag from /opt/airflow/dags/dag_crime_pipeline.py
[2026-06-12T01:45:29.008+0000] {processor.py:840} INFO - DAG(s) 'crime_analytics_pipeline' retrieved from /opt/airflow/dags/dag_crime_pipeline.py
[2026-06-12T01:45:29.059+0000] {logging_mixin.py:188} INFO - [2026-06-12T01:45:29.058+0000] {dag.py:3036} INFO - Sync 1 DAGs
[2026-06-12T01:45:29.094+0000] {logging_mixin.py:188} INFO - [2026-06-12T01:45:29.094+0000] {dag.py:3823} INFO - Setting next_dagrun for crime_analytics_pipeline to 2026-06-06 19:00:00+00:00, run_after=2026-06-13 19:00:00+00:00
[2026-06-12T01:45:29.147+0000] {processor.py:183} INFO - Processing /opt/airflow/dags/dag_crime_pipeline.py took 0.219 seconds
[2026-06-12T01:45:59.437+0000] {processor.py:161} INFO - Started process (PID=214) to work on /opt/airflow/dags/dag_crime_pipeline.py
[2026-06-12T01:45:59.439+0000] {processor.py:830} INFO - Processing file /opt/airflow/dags/dag_crime_pipeline.py for tasks to queue
[2026-06-12T01:45:59.445+0000] {logging_mixin.py:188} INFO - [2026-06-12T01:45:59.444+0000] {dagbag.py:538} INFO - Filling up the DagBag from /opt/airflow/dags/dag_crime_pipeline.py
[2026-06-12T01:45:59.507+0000] {processor.py:840} INFO - DAG(s) 'crime_analytics_pipeline' retrieved from /opt/airflow/dags/dag_crime_pipeline.py
[2026-06-12T01:45:59.876+0000] {logging_mixin.py:188} INFO - [2026-06-12T01:45:59.876+0000] {dag.py:3036} INFO - Sync 1 DAGs
[2026-06-12T01:45:59.903+0000] {logging_mixin.py:188} INFO - [2026-06-12T01:45:59.903+0000] {dag.py:3823} INFO - Setting next_dagrun for crime_analytics_pipeline to 2026-06-06 19:00:00+00:00, run_after=2026-06-13 19:00:00+00:00
[2026-06-12T01:45:59.937+0000] {processor.py:183} INFO - Processing /opt/airflow/dags/dag_crime_pipeline.py took 0.507 seconds
[2026-06-12T01:46:30.239+0000] {processor.py:161} INFO - Started process (PID=219) to work on /opt/airflow/dags/dag_crime_pipeline.py
[2026-06-12T01:46:30.241+0000] {processor.py:830} INFO - Processing file /opt/airflow/dags/dag_crime_pipeline.py for tasks to queue
[2026-06-12T01:46:30.246+0000] {logging_mixin.py:188} INFO - [2026-06-12T01:46:30.245+0000] {dagbag.py:538} INFO - Filling up the DagBag from /opt/airflow/dags/dag_crime_pipeline.py
[2026-06-12T01:46:30.320+0000] {processor.py:840} INFO - DAG(s) 'crime_analytics_pipeline' retrieved from /opt/airflow/dags/dag_crime_pipeline.py
[2026-06-12T01:46:30.374+0000] {logging_mixin.py:188} INFO - [2026-06-12T01:46:30.374+0000] {dag.py:3036} INFO - Sync 1 DAGs
[2026-06-12T01:46:30.412+0000] {logging_mixin.py:188} INFO - [2026-06-12T01:46:30.411+0000] {dag.py:3823} INFO - Setting next_dagrun for crime_analytics_pipeline to 2026-06-06 19:00:00+00:00, run_after=2026-06-13 19:00:00+00:00
[2026-06-12T01:46:30.728+0000] {processor.py:183} INFO - Processing /opt/airflow/dags/dag_crime_pipeline.py took 0.495 seconds
[2026-06-12T01:47:00.876+0000] {processor.py:161} INFO - Started process (PID=224) to work on /opt/airflow/dags/dag_crime_pipeline.py
[2026-06-12T01:47:00.878+0000] {processor.py:830} INFO - Processing file /opt/airflow/dags/dag_crime_pipeline.py for tasks to queue
[2026-06-12T01:47:00.881+0000] {logging_mixin.py:188} INFO - [2026-06-12T01:47:00.881+0000] {dagbag.py:538} INFO - Filling up the DagBag from /opt/airflow/dags/dag_crime_pipeline.py
[2026-06-12T01:47:01.206+0000] {processor.py:840} INFO - DAG(s) 'crime_analytics_pipeline' retrieved from /opt/airflow/dags/dag_crime_pipeline.py
[2026-06-12T01:47:01.246+0000] {logging_mixin.py:188} INFO - [2026-06-12T01:47:01.245+0000] {dag.py:3036} INFO - Sync 1 DAGs
[2026-06-12T01:47:01.277+0000] {logging_mixin.py:188} INFO - [2026-06-12T01:47:01.277+0000] {dag.py:3823} INFO - Setting next_dagrun for crime_analytics_pipeline to 2026-06-06 19:00:00+00:00, run_after=2026-06-13 19:00:00+00:00
[2026-06-12T01:47:01.326+0000] {processor.py:183} INFO - Processing /opt/airflow/dags/dag_crime_pipeline.py took 0.455 seconds
[2026-06-12T01:47:31.614+0000] {processor.py:161} INFO - Started process (PID=229) to work on /opt/airflow/dags/dag_crime_pipeline.py
[2026-06-12T01:47:31.617+0000] {processor.py:830} INFO - Processing file /opt/airflow/dags/dag_crime_pipeline.py for tasks to queue
[2026-06-12T01:47:31.621+0000] {logging_mixin.py:188} INFO - [2026-06-12T01:47:31.620+0000] {dagbag.py:538} INFO - Filling up the DagBag from /opt/airflow/dags/dag_crime_pipeline.py
[2026-06-12T01:47:31.689+0000] {processor.py:840} INFO - DAG(s) 'crime_analytics_pipeline' retrieved from /opt/airflow/dags/dag_crime_pipeline.py
[2026-06-12T01:47:31.741+0000] {logging_mixin.py:188} INFO - [2026-06-12T01:47:31.740+0000] {dag.py:3036} INFO - Sync 1 DAGs
[2026-06-12T01:47:32.021+0000] {logging_mixin.py:188} INFO - [2026-06-12T01:47:32.021+0000] {dag.py:3823} INFO - Setting next_dagrun for crime_analytics_pipeline to 2026-06-06 19:00:00+00:00, run_after=2026-06-13 19:00:00+00:00
[2026-06-12T01:47:32.066+0000] {processor.py:183} INFO - Processing /opt/airflow/dags/dag_crime_pipeline.py took 0.458 seconds
[2026-06-12T01:48:02.484+0000] {processor.py:161} INFO - Started process (PID=234) to work on /opt/airflow/dags/dag_crime_pipeline.py
[2026-06-12T01:48:02.486+0000] {processor.py:830} INFO - Processing file /opt/airflow/dags/dag_crime_pipeline.py for tasks to queue
[2026-06-12T01:48:02.489+0000] {logging_mixin.py:188} INFO - [2026-06-12T01:48:02.489+0000] {dagbag.py:538} INFO - Filling up the DagBag from /opt/airflow/dags/dag_crime_pipeline.py
[2026-06-12T01:48:02.553+0000] {processor.py:840} INFO - DAG(s) 'crime_analytics_pipeline' retrieved from /opt/airflow/dags/dag_crime_pipeline.py
[2026-06-12T01:48:02.602+0000] {logging_mixin.py:188} INFO - [2026-06-12T01:48:02.602+0000] {dag.py:3036} INFO - Sync 1 DAGs
[2026-06-12T01:48:02.641+0000] {logging_mixin.py:188} INFO - [2026-06-12T01:48:02.641+0000] {dag.py:3823} INFO - Setting next_dagrun for crime_analytics_pipeline to 2026-06-06 19:00:00+00:00, run_after=2026-06-13 19:00:00+00:00
[2026-06-12T01:48:02.671+0000] {processor.py:183} INFO - Processing /opt/airflow/dags/dag_crime_pipeline.py took 0.192 seconds
[2026-06-12T01:48:32.761+0000] {processor.py:161} INFO - Started process (PID=239) to work on /opt/airflow/dags/dag_crime_pipeline.py
[2026-06-12T01:48:32.762+0000] {processor.py:830} INFO - Processing file /opt/airflow/dags/dag_crime_pipeline.py for tasks to queue
[2026-06-12T01:48:32.767+0000] {logging_mixin.py:188} INFO - [2026-06-12T01:48:32.765+0000] {dagbag.py:538} INFO - Filling up the DagBag from /opt/airflow/dags/dag_crime_pipeline.py
[2026-06-12T01:48:32.822+0000] {processor.py:840} INFO - DAG(s) 'crime_analytics_pipeline' retrieved from /opt/airflow/dags/dag_crime_pipeline.py
[2026-06-12T01:48:32.873+0000] {logging_mixin.py:188} INFO - [2026-06-12T01:48:32.873+0000] {dag.py:3036} INFO - Sync 1 DAGs
[2026-06-12T01:48:32.911+0000] {logging_mixin.py:188} INFO - [2026-06-12T01:48:32.911+0000] {dag.py:3823} INFO - Setting next_dagrun for crime_analytics_pipeline to 2026-06-06 19:00:00+00:00, run_after=2026-06-13 19:00:00+00:00
[2026-06-12T01:48:32.959+0000] {processor.py:183} INFO - Processing /opt/airflow/dags/dag_crime_pipeline.py took 0.205 seconds
[2026-06-12T01:49:03.094+0000] {processor.py:161} INFO - Started process (PID=244) to work on /opt/airflow/dags/dag_crime_pipeline.py
[2026-06-12T01:49:03.096+0000] {processor.py:830} INFO - Processing file /opt/airflow/dags/dag_crime_pipeline.py for tasks to queue
[2026-06-12T01:49:03.100+0000] {logging_mixin.py:188} INFO - [2026-06-12T01:49:03.099+0000] {dagbag.py:538} INFO - Filling up the DagBag from /opt/airflow/dags/dag_crime_pipeline.py
[2026-06-12T01:49:03.171+0000] {processor.py:840} INFO - DAG(s) 'crime_analytics_pipeline' retrieved from /opt/airflow/dags/dag_crime_pipeline.py
[2026-06-12T01:49:03.224+0000] {logging_mixin.py:188} INFO - [2026-06-12T01:49:03.223+0000] {dag.py:3036} INFO - Sync 1 DAGs
[2026-06-12T01:49:03.269+0000] {logging_mixin.py:188} INFO - [2026-06-12T01:49:03.268+0000] {dag.py:3823} INFO - Setting next_dagrun for crime_analytics_pipeline to 2026-06-06 19:00:00+00:00, run_after=2026-06-13 19:00:00+00:00
[2026-06-12T01:49:03.335+0000] {processor.py:183} INFO - Processing /opt/airflow/dags/dag_crime_pipeline.py took 0.246 seconds
[2026-06-12T01:49:33.644+0000] {processor.py:161} INFO - Started process (PID=249) to work on /opt/airflow/dags/dag_crime_pipeline.py
[2026-06-12T01:49:33.646+0000] {processor.py:830} INFO - Processing file /opt/airflow/dags/dag_crime_pipeline.py for tasks to queue
[2026-06-12T01:49:33.650+0000] {logging_mixin.py:188} INFO - [2026-06-12T01:49:33.650+0000] {dagbag.py:538} INFO - Filling up the DagBag from /opt/airflow/dags/dag_crime_pipeline.py
[2026-06-12T01:49:33.718+0000] {processor.py:840} INFO - DAG(s) 'crime_analytics_pipeline' retrieved from /opt/airflow/dags/dag_crime_pipeline.py
[2026-06-12T01:49:33.774+0000] {logging_mixin.py:188} INFO - [2026-06-12T01:49:33.773+0000] {dag.py:3036} INFO - Sync 1 DAGs
[2026-06-12T01:49:33.815+0000] {logging_mixin.py:188} INFO - [2026-06-12T01:49:33.815+0000] {dag.py:3823} INFO - Setting next_dagrun for crime_analytics_pipeline to 2026-06-06 19:00:00+00:00, run_after=2026-06-13 19:00:00+00:00
[2026-06-12T01:49:33.872+0000] {processor.py:183} INFO - Processing /opt/airflow/dags/dag_crime_pipeline.py took 0.234 seconds
[2026-06-12T01:50:04.171+0000] {processor.py:161} INFO - Started process (PID=254) to work on /opt/airflow/dags/dag_crime_pipeline.py
[2026-06-12T01:50:04.173+0000] {processor.py:830} INFO - Processing file /opt/airflow/dags/dag_crime_pipeline.py for tasks to queue
[2026-06-12T01:50:04.176+0000] {logging_mixin.py:188} INFO - [2026-06-12T01:50:04.176+0000] {dagbag.py:538} INFO - Filling up the DagBag from /opt/airflow/dags/dag_crime_pipeline.py
[2026-06-12T01:50:04.239+0000] {processor.py:840} INFO - DAG(s) 'crime_analytics_pipeline' retrieved from /opt/airflow/dags/dag_crime_pipeline.py
[2026-06-12T01:50:04.296+0000] {logging_mixin.py:188} INFO - [2026-06-12T01:50:04.295+0000] {dag.py:3036} INFO - Sync 1 DAGs
[2026-06-12T01:50:04.339+0000] {logging_mixin.py:188} INFO - [2026-06-12T01:50:04.339+0000] {dag.py:3823} INFO - Setting next_dagrun for crime_analytics_pipeline to 2026-06-06 19:00:00+00:00, run_after=2026-06-13 19:00:00+00:00
[2026-06-12T01:50:04.394+0000] {processor.py:183} INFO - Processing /opt/airflow/dags/dag_crime_pipeline.py took 0.229 seconds
[2026-06-12T01:50:34.680+0000] {processor.py:161} INFO - Started process (PID=259) to work on /opt/airflow/dags/dag_crime_pipeline.py
[2026-06-12T01:50:34.683+0000] {processor.py:830} INFO - Processing file /opt/airflow/dags/dag_crime_pipeline.py for tasks to queue
[2026-06-12T01:50:34.688+0000] {logging_mixin.py:188} INFO - [2026-06-12T01:50:34.687+0000] {dagbag.py:538} INFO - Filling up the DagBag from /opt/airflow/dags/dag_crime_pipeline.py
[2026-06-12T01:50:34.752+0000] {processor.py:840} INFO - DAG(s) 'crime_analytics_pipeline' retrieved from /opt/airflow/dags/dag_crime_pipeline.py
[2026-06-12T01:50:34.808+0000] {logging_mixin.py:188} INFO - [2026-06-12T01:50:34.807+0000] {dag.py:3036} INFO - Sync 1 DAGs
[2026-06-12T01:50:34.848+0000] {logging_mixin.py:188} INFO - [2026-06-12T01:50:34.848+0000] {dag.py:3823} INFO - Setting next_dagrun for crime_analytics_pipeline to 2026-06-06 19:00:00+00:00, run_after=2026-06-13 19:00:00+00:00
[2026-06-12T01:50:34.902+0000] {processor.py:183} INFO - Processing /opt/airflow/dags/dag_crime_pipeline.py took 0.227 seconds
[2026-06-12T01:51:05.175+0000] {processor.py:161} INFO - Started process (PID=264) to work on /opt/airflow/dags/dag_crime_pipeline.py
[2026-06-12T01:51:05.177+0000] {processor.py:830} INFO - Processing file /opt/airflow/dags/dag_crime_pipeline.py for tasks to queue
[2026-06-12T01:51:05.181+0000] {logging_mixin.py:188} INFO - [2026-06-12T01:51:05.180+0000] {dagbag.py:538} INFO - Filling up the DagBag from /opt/airflow/dags/dag_crime_pipeline.py
[2026-06-12T01:51:05.244+0000] {processor.py:840} INFO - DAG(s) 'crime_analytics_pipeline' retrieved from /opt/airflow/dags/dag_crime_pipeline.py
[2026-06-12T01:51:05.303+0000] {logging_mixin.py:188} INFO - [2026-06-12T01:51:05.302+0000] {dag.py:3036} INFO - Sync 1 DAGs
[2026-06-12T01:51:05.347+0000] {logging_mixin.py:188} INFO - [2026-06-12T01:51:05.347+0000] {dag.py:3823} INFO - Setting next_dagrun for crime_analytics_pipeline to 2026-06-06 19:00:00+00:00, run_after=2026-06-13 19:00:00+00:00
[2026-06-12T01:51:05.405+0000] {processor.py:183} INFO - Processing /opt/airflow/dags/dag_crime_pipeline.py took 0.236 seconds
[2026-06-12T01:51:35.701+0000] {processor.py:161} INFO - Started process (PID=269) to work on /opt/airflow/dags/dag_crime_pipeline.py
[2026-06-12T01:51:35.703+0000] {processor.py:830} INFO - Processing file /opt/airflow/dags/dag_crime_pipeline.py for tasks to queue
[2026-06-12T01:51:35.707+0000] {logging_mixin.py:188} INFO - [2026-06-12T01:51:35.706+0000] {dagbag.py:538} INFO - Filling up the DagBag from /opt/airflow/dags/dag_crime_pipeline.py
[2026-06-12T01:51:35.769+0000] {processor.py:840} INFO - DAG(s) 'crime_analytics_pipeline' retrieved from /opt/airflow/dags/dag_crime_pipeline.py
[2026-06-12T01:51:35.825+0000] {logging_mixin.py:188} INFO - [2026-06-12T01:51:35.825+0000] {dag.py:3036} INFO - Sync 1 DAGs
[2026-06-12T01:51:35.864+0000] {logging_mixin.py:188} INFO - [2026-06-12T01:51:35.863+0000] {dag.py:3823} INFO - Setting next_dagrun for crime_analytics_pipeline to 2026-06-06 19:00:00+00:00, run_after=2026-06-13 19:00:00+00:00
[2026-06-12T01:51:35.916+0000] {processor.py:183} INFO - Processing /opt/airflow/dags/dag_crime_pipeline.py took 0.220 seconds
[2026-06-12T01:52:06.244+0000] {processor.py:161} INFO - Started process (PID=274) to work on /opt/airflow/dags/dag_crime_pipeline.py
[2026-06-12T01:52:06.246+0000] {processor.py:830} INFO - Processing file /opt/airflow/dags/dag_crime_pipeline.py for tasks to queue
[2026-06-12T01:52:06.252+0000] {logging_mixin.py:188} INFO - [2026-06-12T01:52:06.251+0000] {dagbag.py:538} INFO - Filling up the DagBag from /opt/airflow/dags/dag_crime_pipeline.py
[2026-06-12T01:52:06.313+0000] {processor.py:840} INFO - DAG(s) 'crime_analytics_pipeline' retrieved from /opt/airflow/dags/dag_crime_pipeline.py
[2026-06-12T01:52:06.369+0000] {logging_mixin.py:188} INFO - [2026-06-12T01:52:06.369+0000] {dag.py:3036} INFO - Sync 1 DAGs
[2026-06-12T01:52:06.409+0000] {logging_mixin.py:188} INFO - [2026-06-12T01:52:06.408+0000] {dag.py:3823} INFO - Setting next_dagrun for crime_analytics_pipeline to 2026-06-06 19:00:00+00:00, run_after=2026-06-13 19:00:00+00:00
[2026-06-12T01:52:06.461+0000] {processor.py:183} INFO - Processing /opt/airflow/dags/dag_crime_pipeline.py took 0.223 seconds
[2026-06-12T01:52:36.747+0000] {processor.py:161} INFO - Started process (PID=279) to work on /opt/airflow/dags/dag_crime_pipeline.py
[2026-06-12T01:52:36.749+0000] {processor.py:830} INFO - Processing file /opt/airflow/dags/dag_crime_pipeline.py for tasks to queue
[2026-06-12T01:52:36.754+0000] {logging_mixin.py:188} INFO - [2026-06-12T01:52:36.753+0000] {dagbag.py:538} INFO - Filling up the DagBag from /opt/airflow/dags/dag_crime_pipeline.py
[2026-06-12T01:52:36.824+0000] {processor.py:840} INFO - DAG(s) 'crime_analytics_pipeline' retrieved from /opt/airflow/dags/dag_crime_pipeline.py
[2026-06-12T01:52:36.879+0000] {logging_mixin.py:188} INFO - [2026-06-12T01:52:36.878+0000] {dag.py:3036} INFO - Sync 1 DAGs
[2026-06-12T01:52:36.917+0000] {logging_mixin.py:188} INFO - [2026-06-12T01:52:36.917+0000] {dag.py:3823} INFO - Setting next_dagrun for crime_analytics_pipeline to 2026-06-06 19:00:00+00:00, run_after=2026-06-13 19:00:00+00:00
[2026-06-12T01:52:36.967+0000] {processor.py:183} INFO - Processing /opt/airflow/dags/dag_crime_pipeline.py took 0.226 seconds
[2026-06-12T01:53:07.262+0000] {processor.py:161} INFO - Started process (PID=284) to work on /opt/airflow/dags/dag_crime_pipeline.py
[2026-06-12T01:53:07.265+0000] {processor.py:830} INFO - Processing file /opt/airflow/dags/dag_crime_pipeline.py for tasks to queue
[2026-06-12T01:53:07.268+0000] {logging_mixin.py:188} INFO - [2026-06-12T01:53:07.267+0000] {dagbag.py:538} INFO - Filling up the DagBag from /opt/airflow/dags/dag_crime_pipeline.py
[2026-06-12T01:53:07.326+0000] {processor.py:840} INFO - DAG(s) 'crime_analytics_pipeline' retrieved from /opt/airflow/dags/dag_crime_pipeline.py
[2026-06-12T01:53:07.383+0000] {logging_mixin.py:188} INFO - [2026-06-12T01:53:07.382+0000] {dag.py:3036} INFO - Sync 1 DAGs
[2026-06-12T01:53:07.428+0000] {logging_mixin.py:188} INFO - [2026-06-12T01:53:07.428+0000] {dag.py:3823} INFO - Setting next_dagrun for crime_analytics_pipeline to 2026-06-06 19:00:00+00:00, run_after=2026-06-13 19:00:00+00:00
[2026-06-12T01:53:07.464+0000] {processor.py:183} INFO - Processing /opt/airflow/dags/dag_crime_pipeline.py took 0.208 seconds
[2026-06-12T01:53:37.800+0000] {processor.py:161} INFO - Started process (PID=289) to work on /opt/airflow/dags/dag_crime_pipeline.py
[2026-06-12T01:53:37.802+0000] {processor.py:830} INFO - Processing file /opt/airflow/dags/dag_crime_pipeline.py for tasks to queue
[2026-06-12T01:53:37.806+0000] {logging_mixin.py:188} INFO - [2026-06-12T01:53:37.805+0000] {dagbag.py:538} INFO - Filling up the DagBag from /opt/airflow/dags/dag_crime_pipeline.py
[2026-06-12T01:53:37.868+0000] {processor.py:840} INFO - DAG(s) 'crime_analytics_pipeline' retrieved from /opt/airflow/dags/dag_crime_pipeline.py
[2026-06-12T01:53:37.923+0000] {logging_mixin.py:188} INFO - [2026-06-12T01:53:37.922+0000] {dag.py:3036} INFO - Sync 1 DAGs
[2026-06-12T01:53:37.975+0000] {logging_mixin.py:188} INFO - [2026-06-12T01:53:37.975+0000] {dag.py:3823} INFO - Setting next_dagrun for crime_analytics_pipeline to 2026-06-06 19:00:00+00:00, run_after=2026-06-13 19:00:00+00:00
[2026-06-12T01:53:38.039+0000] {processor.py:183} INFO - Processing /opt/airflow/dags/dag_crime_pipeline.py took 0.246 seconds
[2026-06-12T01:54:08.317+0000] {processor.py:161} INFO - Started process (PID=294) to work on /opt/airflow/dags/dag_crime_pipeline.py
[2026-06-12T01:54:08.318+0000] {processor.py:830} INFO - Processing file /opt/airflow/dags/dag_crime_pipeline.py for tasks to queue
[2026-06-12T01:54:08.322+0000] {logging_mixin.py:188} INFO - [2026-06-12T01:54:08.321+0000] {dagbag.py:538} INFO - Filling up the DagBag from /opt/airflow/dags/dag_crime_pipeline.py
[2026-06-12T01:54:08.373+0000] {processor.py:840} INFO - DAG(s) 'crime_analytics_pipeline' retrieved from /opt/airflow/dags/dag_crime_pipeline.py
[2026-06-12T01:54:08.423+0000] {logging_mixin.py:188} INFO - [2026-06-12T01:54:08.422+0000] {dag.py:3036} INFO - Sync 1 DAGs
[2026-06-12T01:54:08.457+0000] {logging_mixin.py:188} INFO - [2026-06-12T01:54:08.457+0000] {dag.py:3823} INFO - Setting next_dagrun for crime_analytics_pipeline to 2026-06-06 19:00:00+00:00, run_after=2026-06-13 19:00:00+00:00
[2026-06-12T01:54:08.506+0000] {processor.py:183} INFO - Processing /opt/airflow/dags/dag_crime_pipeline.py took 0.195 seconds
[2026-06-12T01:54:38.585+0000] {processor.py:161} INFO - Started process (PID=299) to work on /opt/airflow/dags/dag_crime_pipeline.py
[2026-06-12T01:54:38.587+0000] {processor.py:830} INFO - Processing file /opt/airflow/dags/dag_crime_pipeline.py for tasks to queue
[2026-06-12T01:54:38.590+0000] {logging_mixin.py:188} INFO - [2026-06-12T01:54:38.590+0000] {dagbag.py:538} INFO - Filling up the DagBag from /opt/airflow/dags/dag_crime_pipeline.py
[2026-06-12T01:54:38.675+0000] {processor.py:840} INFO - DAG(s) 'crime_analytics_pipeline' retrieved from /opt/airflow/dags/dag_crime_pipeline.py
[2026-06-12T01:54:38.726+0000] {logging_mixin.py:188} INFO - [2026-06-12T01:54:38.725+0000] {dag.py:3036} INFO - Sync 1 DAGs
[2026-06-12T01:54:38.758+0000] {logging_mixin.py:188} INFO - [2026-06-12T01:54:38.758+0000] {dag.py:3823} INFO - Setting next_dagrun for crime_analytics_pipeline to 2026-06-06 19:00:00+00:00, run_after=2026-06-13 19:00:00+00:00
[2026-06-12T01:54:38.818+0000] {processor.py:183} INFO - Processing /opt/airflow/dags/dag_crime_pipeline.py took 0.238 seconds
[2026-06-12T01:55:09.048+0000] {processor.py:161} INFO - Started process (PID=304) to work on /opt/airflow/dags/dag_crime_pipeline.py
[2026-06-12T01:55:09.050+0000] {processor.py:830} INFO - Processing file /opt/airflow/dags/dag_crime_pipeline.py for tasks to queue
[2026-06-12T01:55:09.053+0000] {logging_mixin.py:188} INFO - [2026-06-12T01:55:09.052+0000] {dagbag.py:538} INFO - Filling up the DagBag from /opt/airflow/dags/dag_crime_pipeline.py
[2026-06-12T01:55:09.116+0000] {processor.py:840} INFO - DAG(s) 'crime_analytics_pipeline' retrieved from /opt/airflow/dags/dag_crime_pipeline.py
[2026-06-12T01:55:09.163+0000] {logging_mixin.py:188} INFO - [2026-06-12T01:55:09.162+0000] {dag.py:3036} INFO - Sync 1 DAGs
[2026-06-12T01:55:09.195+0000] {logging_mixin.py:188} INFO - [2026-06-12T01:55:09.195+0000] {dag.py:3823} INFO - Setting next_dagrun for crime_analytics_pipeline to 2026-06-06 19:00:00+00:00, run_after=2026-06-13 19:00:00+00:00
[2026-06-12T01:55:09.297+0000] {processor.py:183} INFO - Processing /opt/airflow/dags/dag_crime_pipeline.py took 0.254 seconds
[2026-06-12T01:55:39.596+0000] {processor.py:161} INFO - Started process (PID=309) to work on /opt/airflow/dags/dag_crime_pipeline.py
[2026-06-12T01:55:39.599+0000] {processor.py:830} INFO - Processing file /opt/airflow/dags/dag_crime_pipeline.py for tasks to queue
[2026-06-12T01:55:39.603+0000] {logging_mixin.py:188} INFO - [2026-06-12T01:55:39.602+0000] {dagbag.py:538} INFO - Filling up the DagBag from /opt/airflow/dags/dag_crime_pipeline.py
[2026-06-12T01:55:39.687+0000] {processor.py:840} INFO - DAG(s) 'crime_analytics_pipeline' retrieved from /opt/airflow/dags/dag_crime_pipeline.py
[2026-06-12T01:55:39.742+0000] {logging_mixin.py:188} INFO - [2026-06-12T01:55:39.741+0000] {dag.py:3036} INFO - Sync 1 DAGs
[2026-06-12T01:55:39.773+0000] {logging_mixin.py:188} INFO - [2026-06-12T01:55:39.773+0000] {dag.py:3823} INFO - Setting next_dagrun for crime_analytics_pipeline to 2026-06-06 19:00:00+00:00, run_after=2026-06-13 19:00:00+00:00
[2026-06-12T01:55:39.825+0000] {processor.py:183} INFO - Processing /opt/airflow/dags/dag_crime_pipeline.py took 0.234 seconds
[2026-06-12T01:56:10.119+0000] {processor.py:161} INFO - Started process (PID=314) to work on /opt/airflow/dags/dag_crime_pipeline.py
[2026-06-12T01:56:10.121+0000] {processor.py:830} INFO - Processing file /opt/airflow/dags/dag_crime_pipeline.py for tasks to queue
[2026-06-12T01:56:10.125+0000] {logging_mixin.py:188} INFO - [2026-06-12T01:56:10.124+0000] {dagbag.py:538} INFO - Filling up the DagBag from /opt/airflow/dags/dag_crime_pipeline.py
[2026-06-12T01:56:10.193+0000] {processor.py:840} INFO - DAG(s) 'crime_analytics_pipeline' retrieved from /opt/airflow/dags/dag_crime_pipeline.py
[2026-06-12T01:56:10.246+0000] {logging_mixin.py:188} INFO - [2026-06-12T01:56:10.245+0000] {dag.py:3036} INFO - Sync 1 DAGs
[2026-06-12T01:56:10.373+0000] {logging_mixin.py:188} INFO - [2026-06-12T01:56:10.373+0000] {dag.py:3823} INFO - Setting next_dagrun for crime_analytics_pipeline to 2026-06-06 19:00:00+00:00, run_after=2026-06-13 19:00:00+00:00
[2026-06-12T01:56:10.406+0000] {processor.py:183} INFO - Processing /opt/airflow/dags/dag_crime_pipeline.py took 0.293 seconds
[2026-06-12T01:56:40.781+0000] {processor.py:161} INFO - Started process (PID=319) to work on /opt/airflow/dags/dag_crime_pipeline.py
[2026-06-12T01:56:40.783+0000] {processor.py:830} INFO - Processing file /opt/airflow/dags/dag_crime_pipeline.py for tasks to queue
[2026-06-12T01:56:40.787+0000] {logging_mixin.py:188} INFO - [2026-06-12T01:56:40.787+0000] {dagbag.py:538} INFO - Filling up the DagBag from /opt/airflow/dags/dag_crime_pipeline.py
[2026-06-12T01:56:40.847+0000] {processor.py:840} INFO - DAG(s) 'crime_analytics_pipeline' retrieved from /opt/airflow/dags/dag_crime_pipeline.py
[2026-06-12T01:56:40.902+0000] {logging_mixin.py:188} INFO - [2026-06-12T01:56:40.901+0000] {dag.py:3036} INFO - Sync 1 DAGs
[2026-06-12T01:56:40.940+0000] {logging_mixin.py:188} INFO - [2026-06-12T01:56:40.940+0000] {dag.py:3823} INFO - Setting next_dagrun for crime_analytics_pipeline to 2026-06-06 19:00:00+00:00, run_after=2026-06-13 19:00:00+00:00
[2026-06-12T01:56:40.994+0000] {processor.py:183} INFO - Processing /opt/airflow/dags/dag_crime_pipeline.py took 0.219 seconds
[2026-06-12T01:57:11.278+0000] {processor.py:161} INFO - Started process (PID=324) to work on /opt/airflow/dags/dag_crime_pipeline.py
[2026-06-12T01:57:11.281+0000] {processor.py:830} INFO - Processing file /opt/airflow/dags/dag_crime_pipeline.py for tasks to queue
[2026-06-12T01:57:11.285+0000] {logging_mixin.py:188} INFO - [2026-06-12T01:57:11.284+0000] {dagbag.py:538} INFO - Filling up the DagBag from /opt/airflow/dags/dag_crime_pipeline.py
[2026-06-12T01:57:11.349+0000] {processor.py:840} INFO - DAG(s) 'crime_analytics_pipeline' retrieved from /opt/airflow/dags/dag_crime_pipeline.py
[2026-06-12T01:57:11.405+0000] {logging_mixin.py:188} INFO - [2026-06-12T01:57:11.403+0000] {dag.py:3036} INFO - Sync 1 DAGs
[2026-06-12T01:57:11.447+0000] {logging_mixin.py:188} INFO - [2026-06-12T01:57:11.446+0000] {dag.py:3823} INFO - Setting next_dagrun for crime_analytics_pipeline to 2026-06-06 19:00:00+00:00, run_after=2026-06-13 19:00:00+00:00
[2026-06-12T01:57:11.502+0000] {processor.py:183} INFO - Processing /opt/airflow/dags/dag_crime_pipeline.py took 0.229 seconds
[2026-06-12T01:57:41.817+0000] {processor.py:161} INFO - Started process (PID=329) to work on /opt/airflow/dags/dag_crime_pipeline.py
[2026-06-12T01:57:41.819+0000] {processor.py:830} INFO - Processing file /opt/airflow/dags/dag_crime_pipeline.py for tasks to queue
[2026-06-12T01:57:41.823+0000] {logging_mixin.py:188} INFO - [2026-06-12T01:57:41.823+0000] {dagbag.py:538} INFO - Filling up the DagBag from /opt/airflow/dags/dag_crime_pipeline.py
[2026-06-12T01:57:41.892+0000] {processor.py:840} INFO - DAG(s) 'crime_analytics_pipeline' retrieved from /opt/airflow/dags/dag_crime_pipeline.py
[2026-06-12T01:57:41.946+0000] {logging_mixin.py:188} INFO - [2026-06-12T01:57:41.945+0000] {dag.py:3036} INFO - Sync 1 DAGs
[2026-06-12T01:57:41.985+0000] {logging_mixin.py:188} INFO - [2026-06-12T01:57:41.984+0000] {dag.py:3823} INFO - Setting next_dagrun for crime_analytics_pipeline to 2026-06-06 19:00:00+00:00, run_after=2026-06-13 19:00:00+00:00
[2026-06-12T01:57:42.040+0000] {processor.py:183} INFO - Processing /opt/airflow/dags/dag_crime_pipeline.py took 0.229 seconds
[2026-06-12T01:58:12.336+0000] {processor.py:161} INFO - Started process (PID=334) to work on /opt/airflow/dags/dag_crime_pipeline.py
[2026-06-12T01:58:12.338+0000] {processor.py:830} INFO - Processing file /opt/airflow/dags/dag_crime_pipeline.py for tasks to queue
[2026-06-12T01:58:12.344+0000] {logging_mixin.py:188} INFO - [2026-06-12T01:58:12.343+0000] {dagbag.py:538} INFO - Filling up the DagBag from /opt/airflow/dags/dag_crime_pipeline.py
[2026-06-12T01:58:12.408+0000] {processor.py:840} INFO - DAG(s) 'crime_analytics_pipeline' retrieved from /opt/airflow/dags/dag_crime_pipeline.py
[2026-06-12T01:58:12.463+0000] {logging_mixin.py:188} INFO - [2026-06-12T01:58:12.462+0000] {dag.py:3036} INFO - Sync 1 DAGs
[2026-06-12T01:58:12.504+0000] {logging_mixin.py:188} INFO - [2026-06-12T01:58:12.503+0000] {dag.py:3823} INFO - Setting next_dagrun for crime_analytics_pipeline to 2026-06-06 19:00:00+00:00, run_after=2026-06-13 19:00:00+00:00
[2026-06-12T01:58:12.558+0000] {processor.py:183} INFO - Processing /opt/airflow/dags/dag_crime_pipeline.py took 0.228 seconds
[2026-06-12T01:58:42.898+0000] {processor.py:161} INFO - Started process (PID=339) to work on /opt/airflow/dags/dag_crime_pipeline.py
[2026-06-12T01:58:42.901+0000] {processor.py:830} INFO - Processing file /opt/airflow/dags/dag_crime_pipeline.py for tasks to queue
[2026-06-12T01:58:42.906+0000] {logging_mixin.py:188} INFO - [2026-06-12T01:58:42.905+0000] {dagbag.py:538} INFO - Filling up the DagBag from /opt/airflow/dags/dag_crime_pipeline.py
[2026-06-12T01:58:42.971+0000] {processor.py:840} INFO - DAG(s) 'crime_analytics_pipeline' retrieved from /opt/airflow/dags/dag_crime_pipeline.py
[2026-06-12T01:58:43.030+0000] {logging_mixin.py:188} INFO - [2026-06-12T01:58:43.030+0000] {dag.py:3036} INFO - Sync 1 DAGs
[2026-06-12T01:58:43.071+0000] {logging_mixin.py:188} INFO - [2026-06-12T01:58:43.071+0000] {dag.py:3823} INFO - Setting next_dagrun for crime_analytics_pipeline to 2026-06-06 19:00:00+00:00, run_after=2026-06-13 19:00:00+00:00
[2026-06-12T01:58:43.125+0000] {processor.py:183} INFO - Processing /opt/airflow/dags/dag_crime_pipeline.py took 0.234 seconds
[2026-06-12T01:59:13.212+0000] {processor.py:161} INFO - Started process (PID=344) to work on /opt/airflow/dags/dag_crime_pipeline.py
[2026-06-12T01:59:13.215+0000] {processor.py:830} INFO - Processing file /opt/airflow/dags/dag_crime_pipeline.py for tasks to queue
[2026-06-12T01:59:13.220+0000] {logging_mixin.py:188} INFO - [2026-06-12T01:59:13.219+0000] {dagbag.py:538} INFO - Filling up the DagBag from /opt/airflow/dags/dag_crime_pipeline.py
[2026-06-12T01:59:13.289+0000] {processor.py:840} INFO - DAG(s) 'crime_analytics_pipeline' retrieved from /opt/airflow/dags/dag_crime_pipeline.py
[2026-06-12T01:59:13.351+0000] {logging_mixin.py:188} INFO - [2026-06-12T01:59:13.350+0000] {dag.py:3036} INFO - Sync 1 DAGs
[2026-06-12T01:59:13.398+0000] {logging_mixin.py:188} INFO - [2026-06-12T01:59:13.397+0000] {dag.py:3823} INFO - Setting next_dagrun for crime_analytics_pipeline to 2026-06-06 19:00:00+00:00, run_after=2026-06-13 19:00:00+00:00
[2026-06-12T01:59:13.456+0000] {processor.py:183} INFO - Processing /opt/airflow/dags/dag_crime_pipeline.py took 0.251 seconds
[2026-06-12T01:59:43.728+0000] {processor.py:161} INFO - Started process (PID=349) to work on /opt/airflow/dags/dag_crime_pipeline.py
[2026-06-12T01:59:43.730+0000] {processor.py:830} INFO - Processing file /opt/airflow/dags/dag_crime_pipeline.py for tasks to queue
[2026-06-12T01:59:43.733+0000] {logging_mixin.py:188} INFO - [2026-06-12T01:59:43.733+0000] {dagbag.py:538} INFO - Filling up the DagBag from /opt/airflow/dags/dag_crime_pipeline.py
[2026-06-12T01:59:43.818+0000] {processor.py:840} INFO - DAG(s) 'crime_analytics_pipeline' retrieved from /opt/airflow/dags/dag_crime_pipeline.py
[2026-06-12T01:59:43.869+0000] {logging_mixin.py:188} INFO - [2026-06-12T01:59:43.868+0000] {dag.py:3036} INFO - Sync 1 DAGs
[2026-06-12T01:59:43.908+0000] {logging_mixin.py:188} INFO - [2026-06-12T01:59:43.908+0000] {dag.py:3823} INFO - Setting next_dagrun for crime_analytics_pipeline to 2026-06-06 19:00:00+00:00, run_after=2026-06-13 19:00:00+00:00
[2026-06-12T01:59:43.960+0000] {processor.py:183} INFO - Processing /opt/airflow/dags/dag_crime_pipeline.py took 0.236 seconds
[2026-06-12T02:00:14.249+0000] {processor.py:161} INFO - Started process (PID=354) to work on /opt/airflow/dags/dag_crime_pipeline.py
[2026-06-12T02:00:14.251+0000] {processor.py:830} INFO - Processing file /opt/airflow/dags/dag_crime_pipeline.py for tasks to queue
[2026-06-12T02:00:14.255+0000] {logging_mixin.py:188} INFO - [2026-06-12T02:00:14.254+0000] {dagbag.py:538} INFO - Filling up the DagBag from /opt/airflow/dags/dag_crime_pipeline.py
[2026-06-12T02:00:14.316+0000] {processor.py:840} INFO - DAG(s) 'crime_analytics_pipeline' retrieved from /opt/airflow/dags/dag_crime_pipeline.py
[2026-06-12T02:00:14.372+0000] {logging_mixin.py:188} INFO - [2026-06-12T02:00:14.371+0000] {dag.py:3036} INFO - Sync 1 DAGs
[2026-06-12T02:00:14.409+0000] {logging_mixin.py:188} INFO - [2026-06-12T02:00:14.409+0000] {dag.py:3823} INFO - Setting next_dagrun for crime_analytics_pipeline to 2026-06-06 19:00:00+00:00, run_after=2026-06-13 19:00:00+00:00
[2026-06-12T02:00:14.462+0000] {processor.py:183} INFO - Processing /opt/airflow/dags/dag_crime_pipeline.py took 0.219 seconds
[2026-06-12T02:00:44.692+0000] {processor.py:161} INFO - Started process (PID=359) to work on /opt/airflow/dags/dag_crime_pipeline.py
[2026-06-12T02:00:44.694+0000] {processor.py:830} INFO - Processing file /opt/airflow/dags/dag_crime_pipeline.py for tasks to queue
[2026-06-12T02:00:44.698+0000] {logging_mixin.py:188} INFO - [2026-06-12T02:00:44.698+0000] {dagbag.py:538} INFO - Filling up the DagBag from /opt/airflow/dags/dag_crime_pipeline.py
[2026-06-12T02:00:44.767+0000] {processor.py:840} INFO - DAG(s) 'crime_analytics_pipeline' retrieved from /opt/airflow/dags/dag_crime_pipeline.py
[2026-06-12T02:00:44.822+0000] {logging_mixin.py:188} INFO - [2026-06-12T02:00:44.821+0000] {dag.py:3036} INFO - Sync 1 DAGs
[2026-06-12T02:00:44.860+0000] {logging_mixin.py:188} INFO - [2026-06-12T02:00:44.859+0000] {dag.py:3823} INFO - Setting next_dagrun for crime_analytics_pipeline to 2026-06-06 19:00:00+00:00, run_after=2026-06-13 19:00:00+00:00
[2026-06-12T02:00:44.917+0000] {processor.py:183} INFO - Processing /opt/airflow/dags/dag_crime_pipeline.py took 0.232 seconds
[2026-06-12T02:01:15.243+0000] {processor.py:161} INFO - Started process (PID=364) to work on /opt/airflow/dags/dag_crime_pipeline.py
[2026-06-12T02:01:15.244+0000] {processor.py:830} INFO - Processing file /opt/airflow/dags/dag_crime_pipeline.py for tasks to queue
[2026-06-12T02:01:15.247+0000] {logging_mixin.py:188} INFO - [2026-06-12T02:01:15.247+0000] {dagbag.py:538} INFO - Filling up the DagBag from /opt/airflow/dags/dag_crime_pipeline.py
[2026-06-12T02:01:15.300+0000] {processor.py:840} INFO - DAG(s) 'crime_analytics_pipeline' retrieved from /opt/airflow/dags/dag_crime_pipeline.py
[2026-06-12T02:01:15.339+0000] {logging_mixin.py:188} INFO - [2026-06-12T02:01:15.338+0000] {dag.py:3036} INFO - Sync 1 DAGs
[2026-06-12T02:01:15.373+0000] {logging_mixin.py:188} INFO - [2026-06-12T02:01:15.373+0000] {dag.py:3823} INFO - Setting next_dagrun for crime_analytics_pipeline to 2026-06-06 19:00:00+00:00, run_after=2026-06-13 19:00:00+00:00
[2026-06-12T02:01:15.424+0000] {processor.py:183} INFO - Processing /opt/airflow/dags/dag_crime_pipeline.py took 0.187 seconds
[2026-06-12T02:01:45.770+0000] {processor.py:161} INFO - Started process (PID=369) to work on /opt/airflow/dags/dag_crime_pipeline.py
[2026-06-12T02:01:45.782+0000] {processor.py:830} INFO - Processing file /opt/airflow/dags/dag_crime_pipeline.py for tasks to queue
[2026-06-12T02:01:45.802+0000] {logging_mixin.py:188} INFO - [2026-06-12T02:01:45.799+0000] {dagbag.py:538} INFO - Filling up the DagBag from /opt/airflow/dags/dag_crime_pipeline.py
[2026-06-12T02:01:46.032+0000] {processor.py:840} INFO - DAG(s) 'crime_analytics_pipeline' retrieved from /opt/airflow/dags/dag_crime_pipeline.py
[2026-06-12T02:01:46.099+0000] {logging_mixin.py:188} INFO - [2026-06-12T02:01:46.098+0000] {dag.py:3036} INFO - Sync 1 DAGs
[2026-06-12T02:01:46.130+0000] {logging_mixin.py:188} INFO - [2026-06-12T02:01:46.129+0000] {dag.py:3823} INFO - Setting next_dagrun for crime_analytics_pipeline to 2026-06-06 19:00:00+00:00, run_after=2026-06-13 19:00:00+00:00
[2026-06-12T02:01:46.161+0000] {processor.py:183} INFO - Processing /opt/airflow/dags/dag_crime_pipeline.py took 0.422 seconds
[2026-06-12T02:02:16.462+0000] {processor.py:161} INFO - Started process (PID=374) to work on /opt/airflow/dags/dag_crime_pipeline.py
[2026-06-12T02:02:16.464+0000] {processor.py:830} INFO - Processing file /opt/airflow/dags/dag_crime_pipeline.py for tasks to queue
[2026-06-12T02:02:16.468+0000] {logging_mixin.py:188} INFO - [2026-06-12T02:02:16.467+0000] {dagbag.py:538} INFO - Filling up the DagBag from /opt/airflow/dags/dag_crime_pipeline.py
[2026-06-12T02:02:16.520+0000] {processor.py:840} INFO - DAG(s) 'crime_analytics_pipeline' retrieved from /opt/airflow/dags/dag_crime_pipeline.py
[2026-06-12T02:02:16.569+0000] {logging_mixin.py:188} INFO - [2026-06-12T02:02:16.568+0000] {dag.py:3036} INFO - Sync 1 DAGs
[2026-06-12T02:02:16.605+0000] {logging_mixin.py:188} INFO - [2026-06-12T02:02:16.605+0000] {dag.py:3823} INFO - Setting next_dagrun for crime_analytics_pipeline to 2026-06-06 19:00:00+00:00, run_after=2026-06-13 19:00:00+00:00
[2026-06-12T02:02:16.654+0000] {processor.py:183} INFO - Processing /opt/airflow/dags/dag_crime_pipeline.py took 0.198 seconds
[2026-06-12T02:02:46.930+0000] {processor.py:161} INFO - Started process (PID=379) to work on /opt/airflow/dags/dag_crime_pipeline.py
[2026-06-12T02:02:46.933+0000] {processor.py:830} INFO - Processing file /opt/airflow/dags/dag_crime_pipeline.py for tasks to queue
[2026-06-12T02:02:46.937+0000] {logging_mixin.py:188} INFO - [2026-06-12T02:02:46.937+0000] {dagbag.py:538} INFO - Filling up the DagBag from /opt/airflow/dags/dag_crime_pipeline.py
[2026-06-12T02:02:47.009+0000] {processor.py:840} INFO - DAG(s) 'crime_analytics_pipeline' retrieved from /opt/airflow/dags/dag_crime_pipeline.py
[2026-06-12T02:02:47.067+0000] {logging_mixin.py:188} INFO - [2026-06-12T02:02:47.066+0000] {dag.py:3036} INFO - Sync 1 DAGs
[2026-06-12T02:02:47.109+0000] {logging_mixin.py:188} INFO - [2026-06-12T02:02:47.109+0000] {dag.py:3823} INFO - Setting next_dagrun for crime_analytics_pipeline to 2026-06-06 19:00:00+00:00, run_after=2026-06-13 19:00:00+00:00
[2026-06-12T02:02:47.166+0000] {processor.py:183} INFO - Processing /opt/airflow/dags/dag_crime_pipeline.py took 0.244 seconds
[2026-06-12T02:03:17.444+0000] {processor.py:161} INFO - Started process (PID=384) to work on /opt/airflow/dags/dag_crime_pipeline.py
[2026-06-12T02:03:17.446+0000] {processor.py:830} INFO - Processing file /opt/airflow/dags/dag_crime_pipeline.py for tasks to queue
[2026-06-12T02:03:17.450+0000] {logging_mixin.py:188} INFO - [2026-06-12T02:03:17.450+0000] {dagbag.py:538} INFO - Filling up the DagBag from /opt/airflow/dags/dag_crime_pipeline.py
[2026-06-12T02:03:17.512+0000] {processor.py:840} INFO - DAG(s) 'crime_analytics_pipeline' retrieved from /opt/airflow/dags/dag_crime_pipeline.py
[2026-06-12T02:03:17.574+0000] {logging_mixin.py:188} INFO - [2026-06-12T02:03:17.573+0000] {dag.py:3036} INFO - Sync 1 DAGs
[2026-06-12T02:03:17.618+0000] {logging_mixin.py:188} INFO - [2026-06-12T02:03:17.617+0000] {dag.py:3823} INFO - Setting next_dagrun for crime_analytics_pipeline to 2026-06-06 19:00:00+00:00, run_after=2026-06-13 19:00:00+00:00
[2026-06-12T02:03:17.658+0000] {processor.py:183} INFO - Processing /opt/airflow/dags/dag_crime_pipeline.py took 0.221 seconds
[2026-06-12T02:03:48.007+0000] {processor.py:161} INFO - Started process (PID=389) to work on /opt/airflow/dags/dag_crime_pipeline.py
[2026-06-12T02:03:48.009+0000] {processor.py:830} INFO - Processing file /opt/airflow/dags/dag_crime_pipeline.py for tasks to queue
[2026-06-12T02:03:48.013+0000] {logging_mixin.py:188} INFO - [2026-06-12T02:03:48.012+0000] {dagbag.py:538} INFO - Filling up the DagBag from /opt/airflow/dags/dag_crime_pipeline.py
[2026-06-12T02:03:48.099+0000] {processor.py:840} INFO - DAG(s) 'crime_analytics_pipeline' retrieved from /opt/airflow/dags/dag_crime_pipeline.py
[2026-06-12T02:03:48.159+0000] {logging_mixin.py:188} INFO - [2026-06-12T02:03:48.159+0000] {dag.py:3036} INFO - Sync 1 DAGs
[2026-06-12T02:03:48.196+0000] {logging_mixin.py:188} INFO - [2026-06-12T02:03:48.195+0000] {dag.py:3823} INFO - Setting next_dagrun for crime_analytics_pipeline to 2026-06-06 19:00:00+00:00, run_after=2026-06-13 19:00:00+00:00
[2026-06-12T02:03:48.229+0000] {processor.py:183} INFO - Processing /opt/airflow/dags/dag_crime_pipeline.py took 0.228 seconds
[2026-06-12T02:04:18.541+0000] {processor.py:161} INFO - Started process (PID=394) to work on /opt/airflow/dags/dag_crime_pipeline.py
[2026-06-12T02:04:18.544+0000] {processor.py:830} INFO - Processing file /opt/airflow/dags/dag_crime_pipeline.py for tasks to queue
[2026-06-12T02:04:18.549+0000] {logging_mixin.py:188} INFO - [2026-06-12T02:04:18.548+0000] {dagbag.py:538} INFO - Filling up the DagBag from /opt/airflow/dags/dag_crime_pipeline.py
[2026-06-12T02:04:18.628+0000] {processor.py:840} INFO - DAG(s) 'crime_analytics_pipeline' retrieved from /opt/airflow/dags/dag_crime_pipeline.py
[2026-06-12T02:04:18.689+0000] {logging_mixin.py:188} INFO - [2026-06-12T02:04:18.688+0000] {dag.py:3036} INFO - Sync 1 DAGs
[2026-06-12T02:04:18.728+0000] {logging_mixin.py:188} INFO - [2026-06-12T02:04:18.728+0000] {dag.py:3823} INFO - Setting next_dagrun for crime_analytics_pipeline to 2026-06-06 19:00:00+00:00, run_after=2026-06-13 19:00:00+00:00
[2026-06-12T02:04:18.785+0000] {processor.py:183} INFO - Processing /opt/airflow/dags/dag_crime_pipeline.py took 0.253 seconds
[2026-06-12T02:04:49.073+0000] {processor.py:161} INFO - Started process (PID=399) to work on /opt/airflow/dags/dag_crime_pipeline.py
[2026-06-12T02:04:49.075+0000] {processor.py:830} INFO - Processing file /opt/airflow/dags/dag_crime_pipeline.py for tasks to queue
[2026-06-12T02:04:49.079+0000] {logging_mixin.py:188} INFO - [2026-06-12T02:04:49.078+0000] {dagbag.py:538} INFO - Filling up the DagBag from /opt/airflow/dags/dag_crime_pipeline.py
[2026-06-12T02:04:49.161+0000] {processor.py:840} INFO - DAG(s) 'crime_analytics_pipeline' retrieved from /opt/airflow/dags/dag_crime_pipeline.py
[2026-06-12T02:04:49.215+0000] {logging_mixin.py:188} INFO - [2026-06-12T02:04:49.215+0000] {dag.py:3036} INFO - Sync 1 DAGs
[2026-06-12T02:04:49.251+0000] {logging_mixin.py:188} INFO - [2026-06-12T02:04:49.250+0000] {dag.py:3823} INFO - Setting next_dagrun for crime_analytics_pipeline to 2026-06-06 19:00:00+00:00, run_after=2026-06-13 19:00:00+00:00
[2026-06-12T02:04:49.281+0000] {processor.py:183} INFO - Processing /opt/airflow/dags/dag_crime_pipeline.py took 0.212 seconds
[2026-06-12T02:05:19.549+0000] {processor.py:161} INFO - Started process (PID=404) to work on /opt/airflow/dags/dag_crime_pipeline.py
[2026-06-12T02:05:19.551+0000] {processor.py:830} INFO - Processing file /opt/airflow/dags/dag_crime_pipeline.py for tasks to queue
[2026-06-12T02:05:19.555+0000] {logging_mixin.py:188} INFO - [2026-06-12T02:05:19.555+0000] {dagbag.py:538} INFO - Filling up the DagBag from /opt/airflow/dags/dag_crime_pipeline.py
[2026-06-12T02:05:19.613+0000] {processor.py:840} INFO - DAG(s) 'crime_analytics_pipeline' retrieved from /opt/airflow/dags/dag_crime_pipeline.py
[2026-06-12T02:05:19.671+0000] {logging_mixin.py:188} INFO - [2026-06-12T02:05:19.670+0000] {dag.py:3036} INFO - Sync 1 DAGs
[2026-06-12T02:05:19.710+0000] {logging_mixin.py:188} INFO - [2026-06-12T02:05:19.710+0000] {dag.py:3823} INFO - Setting next_dagrun for crime_analytics_pipeline to 2026-06-06 19:00:00+00:00, run_after=2026-06-13 19:00:00+00:00
[2026-06-12T02:05:19.766+0000] {processor.py:183} INFO - Processing /opt/airflow/dags/dag_crime_pipeline.py took 0.223 seconds
[2026-06-12T02:05:50.075+0000] {processor.py:161} INFO - Started process (PID=409) to work on /opt/airflow/dags/dag_crime_pipeline.py
[2026-06-12T02:05:50.077+0000] {processor.py:830} INFO - Processing file /opt/airflow/dags/dag_crime_pipeline.py for tasks to queue
[2026-06-12T02:05:50.080+0000] {logging_mixin.py:188} INFO - [2026-06-12T02:05:50.080+0000] {dagbag.py:538} INFO - Filling up the DagBag from /opt/airflow/dags/dag_crime_pipeline.py
[2026-06-12T02:05:50.167+0000] {processor.py:840} INFO - DAG(s) 'crime_analytics_pipeline' retrieved from /opt/airflow/dags/dag_crime_pipeline.py
[2026-06-12T02:05:50.226+0000] {logging_mixin.py:188} INFO - [2026-06-12T02:05:50.225+0000] {dag.py:3036} INFO - Sync 1 DAGs
[2026-06-12T02:05:50.263+0000] {logging_mixin.py:188} INFO - [2026-06-12T02:05:50.262+0000] {dag.py:3823} INFO - Setting next_dagrun for crime_analytics_pipeline to 2026-06-06 19:00:00+00:00, run_after=2026-06-13 19:00:00+00:00
[2026-06-12T02:05:50.313+0000] {processor.py:183} INFO - Processing /opt/airflow/dags/dag_crime_pipeline.py took 0.245 seconds
[2026-06-12T02:06:20.584+0000] {processor.py:161} INFO - Started process (PID=414) to work on /opt/airflow/dags/dag_crime_pipeline.py
[2026-06-12T02:06:20.586+0000] {processor.py:830} INFO - Processing file /opt/airflow/dags/dag_crime_pipeline.py for tasks to queue
[2026-06-12T02:06:20.591+0000] {logging_mixin.py:188} INFO - [2026-06-12T02:06:20.590+0000] {dagbag.py:538} INFO - Filling up the DagBag from /opt/airflow/dags/dag_crime_pipeline.py
[2026-06-12T02:06:20.651+0000] {processor.py:840} INFO - DAG(s) 'crime_analytics_pipeline' retrieved from /opt/airflow/dags/dag_crime_pipeline.py
[2026-06-12T02:06:20.710+0000] {logging_mixin.py:188} INFO - [2026-06-12T02:06:20.709+0000] {dag.py:3036} INFO - Sync 1 DAGs
[2026-06-12T02:06:20.747+0000] {logging_mixin.py:188} INFO - [2026-06-12T02:06:20.747+0000] {dag.py:3823} INFO - Setting next_dagrun for crime_analytics_pipeline to 2026-06-06 19:00:00+00:00, run_after=2026-06-13 19:00:00+00:00
[2026-06-12T02:06:20.799+0000] {processor.py:183} INFO - Processing /opt/airflow/dags/dag_crime_pipeline.py took 0.222 seconds
[2026-06-12T02:06:51.091+0000] {processor.py:161} INFO - Started process (PID=419) to work on /opt/airflow/dags/dag_crime_pipeline.py
[2026-06-12T02:06:51.093+0000] {processor.py:830} INFO - Processing file /opt/airflow/dags/dag_crime_pipeline.py for tasks to queue
[2026-06-12T02:06:51.098+0000] {logging_mixin.py:188} INFO - [2026-06-12T02:06:51.097+0000] {dagbag.py:538} INFO - Filling up the DagBag from /opt/airflow/dags/dag_crime_pipeline.py
[2026-06-12T02:06:51.158+0000] {processor.py:840} INFO - DAG(s) 'crime_analytics_pipeline' retrieved from /opt/airflow/dags/dag_crime_pipeline.py
[2026-06-12T02:06:51.209+0000] {logging_mixin.py:188} INFO - [2026-06-12T02:06:51.208+0000] {dag.py:3036} INFO - Sync 1 DAGs
[2026-06-12T02:06:51.246+0000] {logging_mixin.py:188} INFO - [2026-06-12T02:06:51.245+0000] {dag.py:3823} INFO - Setting next_dagrun for crime_analytics_pipeline to 2026-06-06 19:00:00+00:00, run_after=2026-06-13 19:00:00+00:00
[2026-06-12T02:06:51.294+0000] {processor.py:183} INFO - Processing /opt/airflow/dags/dag_crime_pipeline.py took 0.210 seconds
[2026-06-12T02:07:21.571+0000] {processor.py:161} INFO - Started process (PID=424) to work on /opt/airflow/dags/dag_crime_pipeline.py
[2026-06-12T02:07:21.573+0000] {processor.py:830} INFO - Processing file /opt/airflow/dags/dag_crime_pipeline.py for tasks to queue
[2026-06-12T02:07:21.576+0000] {logging_mixin.py:188} INFO - [2026-06-12T02:07:21.576+0000] {dagbag.py:538} INFO - Filling up the DagBag from /opt/airflow/dags/dag_crime_pipeline.py
[2026-06-12T02:07:21.634+0000] {processor.py:840} INFO - DAG(s) 'crime_analytics_pipeline' retrieved from /opt/airflow/dags/dag_crime_pipeline.py
[2026-06-12T02:07:21.684+0000] {logging_mixin.py:188} INFO - [2026-06-12T02:07:21.684+0000] {dag.py:3036} INFO - Sync 1 DAGs
[2026-06-12T02:07:21.717+0000] {logging_mixin.py:188} INFO - [2026-06-12T02:07:21.716+0000] {dag.py:3823} INFO - Setting next_dagrun for crime_analytics_pipeline to 2026-06-06 19:00:00+00:00, run_after=2026-06-13 19:00:00+00:00
[2026-06-12T02:07:21.767+0000] {processor.py:183} INFO - Processing /opt/airflow/dags/dag_crime_pipeline.py took 0.202 seconds
[2026-06-12T02:07:52.065+0000] {processor.py:161} INFO - Started process (PID=429) to work on /opt/airflow/dags/dag_crime_pipeline.py
[2026-06-12T02:07:52.066+0000] {processor.py:830} INFO - Processing file /opt/airflow/dags/dag_crime_pipeline.py for tasks to queue
[2026-06-12T02:07:52.070+0000] {logging_mixin.py:188} INFO - [2026-06-12T02:07:52.069+0000] {dagbag.py:538} INFO - Filling up the DagBag from /opt/airflow/dags/dag_crime_pipeline.py
[2026-06-12T02:07:52.131+0000] {processor.py:840} INFO - DAG(s) 'crime_analytics_pipeline' retrieved from /opt/airflow/dags/dag_crime_pipeline.py
[2026-06-12T02:07:52.184+0000] {logging_mixin.py:188} INFO - [2026-06-12T02:07:52.183+0000] {dag.py:3036} INFO - Sync 1 DAGs
[2026-06-12T02:07:52.219+0000] {logging_mixin.py:188} INFO - [2026-06-12T02:07:52.219+0000] {dag.py:3823} INFO - Setting next_dagrun for crime_analytics_pipeline to 2026-06-06 19:00:00+00:00, run_after=2026-06-13 19:00:00+00:00
[2026-06-12T02:07:52.269+0000] {processor.py:183} INFO - Processing /opt/airflow/dags/dag_crime_pipeline.py took 0.210 seconds
[2026-06-12T02:08:22.555+0000] {processor.py:161} INFO - Started process (PID=434) to work on /opt/airflow/dags/dag_crime_pipeline.py
[2026-06-12T02:08:22.557+0000] {processor.py:830} INFO - Processing file /opt/airflow/dags/dag_crime_pipeline.py for tasks to queue
[2026-06-12T02:08:22.560+0000] {logging_mixin.py:188} INFO - [2026-06-12T02:08:22.559+0000] {dagbag.py:538} INFO - Filling up the DagBag from /opt/airflow/dags/dag_crime_pipeline.py
[2026-06-12T02:08:22.618+0000] {processor.py:840} INFO - DAG(s) 'crime_analytics_pipeline' retrieved from /opt/airflow/dags/dag_crime_pipeline.py
[2026-06-12T02:08:22.669+0000] {logging_mixin.py:188} INFO - [2026-06-12T02:08:22.668+0000] {dag.py:3036} INFO - Sync 1 DAGs
[2026-06-12T02:08:22.706+0000] {logging_mixin.py:188} INFO - [2026-06-12T02:08:22.705+0000] {dag.py:3823} INFO - Setting next_dagrun for crime_analytics_pipeline to 2026-06-06 19:00:00+00:00, run_after=2026-06-13 19:00:00+00:00
[2026-06-12T02:08:22.760+0000] {processor.py:183} INFO - Processing /opt/airflow/dags/dag_crime_pipeline.py took 0.210 seconds
[2026-06-12T02:08:53.113+0000] {processor.py:161} INFO - Started process (PID=439) to work on /opt/airflow/dags/dag_crime_pipeline.py
[2026-06-12T02:08:53.116+0000] {processor.py:830} INFO - Processing file /opt/airflow/dags/dag_crime_pipeline.py for tasks to queue
[2026-06-12T02:08:53.120+0000] {logging_mixin.py:188} INFO - [2026-06-12T02:08:53.119+0000] {dagbag.py:538} INFO - Filling up the DagBag from /opt/airflow/dags/dag_crime_pipeline.py
[2026-06-12T02:08:53.172+0000] {processor.py:840} INFO - DAG(s) 'crime_analytics_pipeline' retrieved from /opt/airflow/dags/dag_crime_pipeline.py
[2026-06-12T02:08:53.228+0000] {logging_mixin.py:188} INFO - [2026-06-12T02:08:53.228+0000] {dag.py:3036} INFO - Sync 1 DAGs
[2026-06-12T02:08:53.267+0000] {logging_mixin.py:188} INFO - [2026-06-12T02:08:53.266+0000] {dag.py:3823} INFO - Setting next_dagrun for crime_analytics_pipeline to 2026-06-06 19:00:00+00:00, run_after=2026-06-13 19:00:00+00:00
[2026-06-12T02:08:53.300+0000] {processor.py:183} INFO - Processing /opt/airflow/dags/dag_crime_pipeline.py took 0.193 seconds
[2026-06-12T02:09:23.597+0000] {processor.py:161} INFO - Started process (PID=444) to work on /opt/airflow/dags/dag_crime_pipeline.py
[2026-06-12T02:09:23.599+0000] {processor.py:830} INFO - Processing file /opt/airflow/dags/dag_crime_pipeline.py for tasks to queue
[2026-06-12T02:09:23.603+0000] {logging_mixin.py:188} INFO - [2026-06-12T02:09:23.602+0000] {dagbag.py:538} INFO - Filling up the DagBag from /opt/airflow/dags/dag_crime_pipeline.py
[2026-06-12T02:09:23.663+0000] {processor.py:840} INFO - DAG(s) 'crime_analytics_pipeline' retrieved from /opt/airflow/dags/dag_crime_pipeline.py
[2026-06-12T02:09:23.718+0000] {logging_mixin.py:188} INFO - [2026-06-12T02:09:23.717+0000] {dag.py:3036} INFO - Sync 1 DAGs
[2026-06-12T02:09:23.758+0000] {logging_mixin.py:188} INFO - [2026-06-12T02:09:23.758+0000] {dag.py:3823} INFO - Setting next_dagrun for crime_analytics_pipeline to 2026-06-06 19:00:00+00:00, run_after=2026-06-13 19:00:00+00:00
[2026-06-12T02:09:23.810+0000] {processor.py:183} INFO - Processing /opt/airflow/dags/dag_crime_pipeline.py took 0.219 seconds
[2026-06-12T02:09:54.095+0000] {processor.py:161} INFO - Started process (PID=449) to work on /opt/airflow/dags/dag_crime_pipeline.py
[2026-06-12T02:09:54.097+0000] {processor.py:830} INFO - Processing file /opt/airflow/dags/dag_crime_pipeline.py for tasks to queue
[2026-06-12T02:09:54.100+0000] {logging_mixin.py:188} INFO - [2026-06-12T02:09:54.100+0000] {dagbag.py:538} INFO - Filling up the DagBag from /opt/airflow/dags/dag_crime_pipeline.py
[2026-06-12T02:09:54.184+0000] {processor.py:840} INFO - DAG(s) 'crime_analytics_pipeline' retrieved from /opt/airflow/dags/dag_crime_pipeline.py
[2026-06-12T02:09:54.232+0000] {logging_mixin.py:188} INFO - [2026-06-12T02:09:54.232+0000] {dag.py:3036} INFO - Sync 1 DAGs
[2026-06-12T02:09:54.268+0000] {logging_mixin.py:188} INFO - [2026-06-12T02:09:54.267+0000] {dag.py:3823} INFO - Setting next_dagrun for crime_analytics_pipeline to 2026-06-06 19:00:00+00:00, run_after=2026-06-13 19:00:00+00:00
[2026-06-12T02:09:54.318+0000] {processor.py:183} INFO - Processing /opt/airflow/dags/dag_crime_pipeline.py took 0.229 seconds
[2026-06-12T02:10:24.538+0000] {processor.py:161} INFO - Started process (PID=454) to work on /opt/airflow/dags/dag_crime_pipeline.py
[2026-06-12T02:10:24.540+0000] {processor.py:830} INFO - Processing file /opt/airflow/dags/dag_crime_pipeline.py for tasks to queue
[2026-06-12T02:10:24.545+0000] {logging_mixin.py:188} INFO - [2026-06-12T02:10:24.543+0000] {dagbag.py:538} INFO - Filling up the DagBag from /opt/airflow/dags/dag_crime_pipeline.py
[2026-06-12T02:10:24.610+0000] {processor.py:840} INFO - DAG(s) 'crime_analytics_pipeline' retrieved from /opt/airflow/dags/dag_crime_pipeline.py
[2026-06-12T02:10:24.671+0000] {logging_mixin.py:188} INFO - [2026-06-12T02:10:24.669+0000] {dag.py:3036} INFO - Sync 1 DAGs
[2026-06-12T02:10:24.710+0000] {logging_mixin.py:188} INFO - [2026-06-12T02:10:24.709+0000] {dag.py:3823} INFO - Setting next_dagrun for crime_analytics_pipeline to 2026-06-06 19:00:00+00:00, run_after=2026-06-13 19:00:00+00:00
[2026-06-12T02:10:24.759+0000] {processor.py:183} INFO - Processing /opt/airflow/dags/dag_crime_pipeline.py took 0.229 seconds
[2026-06-12T02:10:55.052+0000] {processor.py:161} INFO - Started process (PID=459) to work on /opt/airflow/dags/dag_crime_pipeline.py
[2026-06-12T02:10:55.054+0000] {processor.py:830} INFO - Processing file /opt/airflow/dags/dag_crime_pipeline.py for tasks to queue
[2026-06-12T02:10:55.057+0000] {logging_mixin.py:188} INFO - [2026-06-12T02:10:55.057+0000] {dagbag.py:538} INFO - Filling up the DagBag from /opt/airflow/dags/dag_crime_pipeline.py
[2026-06-12T02:10:55.120+0000] {processor.py:840} INFO - DAG(s) 'crime_analytics_pipeline' retrieved from /opt/airflow/dags/dag_crime_pipeline.py
[2026-06-12T02:10:55.179+0000] {logging_mixin.py:188} INFO - [2026-06-12T02:10:55.178+0000] {dag.py:3036} INFO - Sync 1 DAGs
[2026-06-12T02:10:55.224+0000] {logging_mixin.py:188} INFO - [2026-06-12T02:10:55.224+0000] {dag.py:3823} INFO - Setting next_dagrun for crime_analytics_pipeline to 2026-06-06 19:00:00+00:00, run_after=2026-06-13 19:00:00+00:00
[2026-06-12T02:10:55.277+0000] {processor.py:183} INFO - Processing /opt/airflow/dags/dag_crime_pipeline.py took 0.231 seconds
[2026-06-12T02:11:25.573+0000] {processor.py:161} INFO - Started process (PID=464) to work on /opt/airflow/dags/dag_crime_pipeline.py
[2026-06-12T02:11:25.575+0000] {processor.py:830} INFO - Processing file /opt/airflow/dags/dag_crime_pipeline.py for tasks to queue
[2026-06-12T02:11:25.579+0000] {logging_mixin.py:188} INFO - [2026-06-12T02:11:25.579+0000] {dagbag.py:538} INFO - Filling up the DagBag from /opt/airflow/dags/dag_crime_pipeline.py
[2026-06-12T02:11:25.632+0000] {processor.py:840} INFO - DAG(s) 'crime_analytics_pipeline' retrieved from /opt/airflow/dags/dag_crime_pipeline.py
[2026-06-12T02:11:25.683+0000] {logging_mixin.py:188} INFO - [2026-06-12T02:11:25.682+0000] {dag.py:3036} INFO - Sync 1 DAGs
[2026-06-12T02:11:25.719+0000] {logging_mixin.py:188} INFO - [2026-06-12T02:11:25.718+0000] {dag.py:3823} INFO - Setting next_dagrun for crime_analytics_pipeline to 2026-06-06 19:00:00+00:00, run_after=2026-06-13 19:00:00+00:00
[2026-06-12T02:11:25.752+0000] {processor.py:183} INFO - Processing /opt/airflow/dags/dag_crime_pipeline.py took 0.185 seconds
[2026-06-12T02:11:55.910+0000] {processor.py:161} INFO - Started process (PID=469) to work on /opt/airflow/dags/dag_crime_pipeline.py
[2026-06-12T02:11:55.913+0000] {processor.py:830} INFO - Processing file /opt/airflow/dags/dag_crime_pipeline.py for tasks to queue
[2026-06-12T02:11:55.917+0000] {logging_mixin.py:188} INFO - [2026-06-12T02:11:55.916+0000] {dagbag.py:538} INFO - Filling up the DagBag from /opt/airflow/dags/dag_crime_pipeline.py
[2026-06-12T02:11:55.973+0000] {processor.py:840} INFO - DAG(s) 'crime_analytics_pipeline' retrieved from /opt/airflow/dags/dag_crime_pipeline.py
[2026-06-12T02:11:56.027+0000] {logging_mixin.py:188} INFO - [2026-06-12T02:11:56.026+0000] {dag.py:3036} INFO - Sync 1 DAGs
[2026-06-12T02:11:56.065+0000] {logging_mixin.py:188} INFO - [2026-06-12T02:11:56.064+0000] {dag.py:3823} INFO - Setting next_dagrun for crime_analytics_pipeline to 2026-06-06 19:00:00+00:00, run_after=2026-06-13 19:00:00+00:00
[2026-06-12T02:11:56.114+0000] {processor.py:183} INFO - Processing /opt/airflow/dags/dag_crime_pipeline.py took 0.210 seconds
[2026-06-12T02:12:26.385+0000] {processor.py:161} INFO - Started process (PID=474) to work on /opt/airflow/dags/dag_crime_pipeline.py
[2026-06-12T02:12:26.387+0000] {processor.py:830} INFO - Processing file /opt/airflow/dags/dag_crime_pipeline.py for tasks to queue
[2026-06-12T02:12:26.391+0000] {logging_mixin.py:188} INFO - [2026-06-12T02:12:26.390+0000] {dagbag.py:538} INFO - Filling up the DagBag from /opt/airflow/dags/dag_crime_pipeline.py
[2026-06-12T02:12:26.453+0000] {processor.py:840} INFO - DAG(s) 'crime_analytics_pipeline' retrieved from /opt/airflow/dags/dag_crime_pipeline.py
[2026-06-12T02:12:26.520+0000] {logging_mixin.py:188} INFO - [2026-06-12T02:12:26.518+0000] {dag.py:3036} INFO - Sync 1 DAGs
[2026-06-12T02:12:26.615+0000] {logging_mixin.py:188} INFO - [2026-06-12T02:12:26.614+0000] {dag.py:3823} INFO - Setting next_dagrun for crime_analytics_pipeline to 2026-06-06 19:00:00+00:00, run_after=2026-06-13 19:00:00+00:00
[2026-06-12T02:12:26.701+0000] {processor.py:183} INFO - Processing /opt/airflow/dags/dag_crime_pipeline.py took 0.321 seconds
[2026-06-12T02:12:57.565+0000] {processor.py:161} INFO - Started process (PID=479) to work on /opt/airflow/dags/dag_crime_pipeline.py
[2026-06-12T02:12:57.572+0000] {processor.py:830} INFO - Processing file /opt/airflow/dags/dag_crime_pipeline.py for tasks to queue
[2026-06-12T02:12:57.578+0000] {logging_mixin.py:188} INFO - [2026-06-12T02:12:57.577+0000] {dagbag.py:538} INFO - Filling up the DagBag from /opt/airflow/dags/dag_crime_pipeline.py
[2026-06-12T02:12:57.646+0000] {processor.py:840} INFO - DAG(s) 'crime_analytics_pipeline' retrieved from /opt/airflow/dags/dag_crime_pipeline.py
[2026-06-12T02:12:57.702+0000] {logging_mixin.py:188} INFO - [2026-06-12T02:12:57.702+0000] {dag.py:3036} INFO - Sync 1 DAGs
[2026-06-12T02:12:57.742+0000] {logging_mixin.py:188} INFO - [2026-06-12T02:12:57.742+0000] {dag.py:3823} INFO - Setting next_dagrun for crime_analytics_pipeline to 2026-06-06 19:00:00+00:00, run_after=2026-06-13 19:00:00+00:00
[2026-06-12T02:12:57.796+0000] {processor.py:183} INFO - Processing /opt/airflow/dags/dag_crime_pipeline.py took 0.240 seconds
[2026-06-12T02:13:28.111+0000] {processor.py:161} INFO - Started process (PID=484) to work on /opt/airflow/dags/dag_crime_pipeline.py
[2026-06-12T02:13:28.114+0000] {processor.py:830} INFO - Processing file /opt/airflow/dags/dag_crime_pipeline.py for tasks to queue
[2026-06-12T02:13:28.117+0000] {logging_mixin.py:188} INFO - [2026-06-12T02:13:28.116+0000] {dagbag.py:538} INFO - Filling up the DagBag from /opt/airflow/dags/dag_crime_pipeline.py
[2026-06-12T02:13:28.176+0000] {processor.py:840} INFO - DAG(s) 'crime_analytics_pipeline' retrieved from /opt/airflow/dags/dag_crime_pipeline.py
[2026-06-12T02:13:28.223+0000] {logging_mixin.py:188} INFO - [2026-06-12T02:13:28.223+0000] {dag.py:3036} INFO - Sync 1 DAGs
[2026-06-12T02:13:28.261+0000] {logging_mixin.py:188} INFO - [2026-06-12T02:13:28.260+0000] {dag.py:3823} INFO - Setting next_dagrun for crime_analytics_pipeline to 2026-06-06 19:00:00+00:00, run_after=2026-06-13 19:00:00+00:00
[2026-06-12T02:13:28.310+0000] {processor.py:183} INFO - Processing /opt/airflow/dags/dag_crime_pipeline.py took 0.203 seconds
[2026-06-12T02:13:58.590+0000] {processor.py:161} INFO - Started process (PID=489) to work on /opt/airflow/dags/dag_crime_pipeline.py
[2026-06-12T02:13:58.592+0000] {processor.py:830} INFO - Processing file /opt/airflow/dags/dag_crime_pipeline.py for tasks to queue
[2026-06-12T02:13:58.597+0000] {logging_mixin.py:188} INFO - [2026-06-12T02:13:58.596+0000] {dagbag.py:538} INFO - Filling up the DagBag from /opt/airflow/dags/dag_crime_pipeline.py
[2026-06-12T02:13:58.658+0000] {processor.py:840} INFO - DAG(s) 'crime_analytics_pipeline' retrieved from /opt/airflow/dags/dag_crime_pipeline.py
[2026-06-12T02:13:58.713+0000] {logging_mixin.py:188} INFO - [2026-06-12T02:13:58.712+0000] {dag.py:3036} INFO - Sync 1 DAGs
[2026-06-12T02:13:58.755+0000] {logging_mixin.py:188} INFO - [2026-06-12T02:13:58.755+0000] {dag.py:3823} INFO - Setting next_dagrun for crime_analytics_pipeline to 2026-06-06 19:00:00+00:00, run_after=2026-06-13 19:00:00+00:00
[2026-06-12T02:13:58.804+0000] {processor.py:183} INFO - Processing /opt/airflow/dags/dag_crime_pipeline.py took 0.221 seconds
[2026-06-12T02:14:29.119+0000] {processor.py:161} INFO - Started process (PID=494) to work on /opt/airflow/dags/dag_crime_pipeline.py
[2026-06-12T02:14:29.121+0000] {processor.py:830} INFO - Processing file /opt/airflow/dags/dag_crime_pipeline.py for tasks to queue
[2026-06-12T02:14:29.124+0000] {logging_mixin.py:188} INFO - [2026-06-12T02:14:29.124+0000] {dagbag.py:538} INFO - Filling up the DagBag from /opt/airflow/dags/dag_crime_pipeline.py
[2026-06-12T02:14:29.182+0000] {processor.py:840} INFO - DAG(s) 'crime_analytics_pipeline' retrieved from /opt/airflow/dags/dag_crime_pipeline.py
[2026-06-12T02:14:29.233+0000] {logging_mixin.py:188} INFO - [2026-06-12T02:14:29.233+0000] {dag.py:3036} INFO - Sync 1 DAGs
[2026-06-12T02:14:29.268+0000] {logging_mixin.py:188} INFO - [2026-06-12T02:14:29.268+0000] {dag.py:3823} INFO - Setting next_dagrun for crime_analytics_pipeline to 2026-06-06 19:00:00+00:00, run_after=2026-06-13 19:00:00+00:00
[2026-06-12T02:14:29.316+0000] {processor.py:183} INFO - Processing /opt/airflow/dags/dag_crime_pipeline.py took 0.202 seconds
[2026-06-12T02:14:59.417+0000] {processor.py:161} INFO - Started process (PID=499) to work on /opt/airflow/dags/dag_crime_pipeline.py
[2026-06-12T02:14:59.420+0000] {processor.py:830} INFO - Processing file /opt/airflow/dags/dag_crime_pipeline.py for tasks to queue
[2026-06-12T02:14:59.425+0000] {logging_mixin.py:188} INFO - [2026-06-12T02:14:59.424+0000] {dagbag.py:538} INFO - Filling up the DagBag from /opt/airflow/dags/dag_crime_pipeline.py
[2026-06-12T02:14:59.487+0000] {processor.py:840} INFO - DAG(s) 'crime_analytics_pipeline' retrieved from /opt/airflow/dags/dag_crime_pipeline.py
[2026-06-12T02:14:59.540+0000] {logging_mixin.py:188} INFO - [2026-06-12T02:14:59.539+0000] {dag.py:3036} INFO - Sync 1 DAGs
[2026-06-12T02:14:59.578+0000] {logging_mixin.py:188} INFO - [2026-06-12T02:14:59.577+0000] {dag.py:3823} INFO - Setting next_dagrun for crime_analytics_pipeline to 2026-06-06 19:00:00+00:00, run_after=2026-06-13 19:00:00+00:00
[2026-06-12T02:14:59.626+0000] {processor.py:183} INFO - Processing /opt/airflow/dags/dag_crime_pipeline.py took 0.217 seconds
[2026-06-12T02:15:29.815+0000] {processor.py:161} INFO - Started process (PID=504) to work on /opt/airflow/dags/dag_crime_pipeline.py
[2026-06-12T02:15:29.818+0000] {processor.py:830} INFO - Processing file /opt/airflow/dags/dag_crime_pipeline.py for tasks to queue
[2026-06-12T02:15:29.822+0000] {logging_mixin.py:188} INFO - [2026-06-12T02:15:29.822+0000] {dagbag.py:538} INFO - Filling up the DagBag from /opt/airflow/dags/dag_crime_pipeline.py
[2026-06-12T02:15:29.883+0000] {processor.py:840} INFO - DAG(s) 'crime_analytics_pipeline' retrieved from /opt/airflow/dags/dag_crime_pipeline.py
[2026-06-12T02:15:29.930+0000] {logging_mixin.py:188} INFO - [2026-06-12T02:15:29.930+0000] {dag.py:3036} INFO - Sync 1 DAGs
[2026-06-12T02:15:29.966+0000] {logging_mixin.py:188} INFO - [2026-06-12T02:15:29.965+0000] {dag.py:3823} INFO - Setting next_dagrun for crime_analytics_pipeline to 2026-06-06 19:00:00+00:00, run_after=2026-06-13 19:00:00+00:00
[2026-06-12T02:15:30.016+0000] {processor.py:183} INFO - Processing /opt/airflow/dags/dag_crime_pipeline.py took 0.207 seconds
[2026-06-12T02:16:00.149+0000] {processor.py:161} INFO - Started process (PID=509) to work on /opt/airflow/dags/dag_crime_pipeline.py
[2026-06-12T02:16:00.152+0000] {processor.py:830} INFO - Processing file /opt/airflow/dags/dag_crime_pipeline.py for tasks to queue
[2026-06-12T02:16:00.156+0000] {logging_mixin.py:188} INFO - [2026-06-12T02:16:00.155+0000] {dagbag.py:538} INFO - Filling up the DagBag from /opt/airflow/dags/dag_crime_pipeline.py
[2026-06-12T02:16:00.234+0000] {processor.py:840} INFO - DAG(s) 'crime_analytics_pipeline' retrieved from /opt/airflow/dags/dag_crime_pipeline.py
[2026-06-12T02:16:00.304+0000] {logging_mixin.py:188} INFO - [2026-06-12T02:16:00.303+0000] {dag.py:3036} INFO - Sync 1 DAGs
[2026-06-12T02:16:00.341+0000] {logging_mixin.py:188} INFO - [2026-06-12T02:16:00.340+0000] {dag.py:3823} INFO - Setting next_dagrun for crime_analytics_pipeline to 2026-06-06 19:00:00+00:00, run_after=2026-06-13 19:00:00+00:00
[2026-06-12T02:16:00.391+0000] {processor.py:183} INFO - Processing /opt/airflow/dags/dag_crime_pipeline.py took 0.249 seconds
[2026-06-12T02:16:30.558+0000] {processor.py:161} INFO - Started process (PID=514) to work on /opt/airflow/dags/dag_crime_pipeline.py
[2026-06-12T02:16:30.560+0000] {processor.py:830} INFO - Processing file /opt/airflow/dags/dag_crime_pipeline.py for tasks to queue
[2026-06-12T02:16:30.563+0000] {logging_mixin.py:188} INFO - [2026-06-12T02:16:30.562+0000] {dagbag.py:538} INFO - Filling up the DagBag from /opt/airflow/dags/dag_crime_pipeline.py
[2026-06-12T02:16:30.625+0000] {processor.py:840} INFO - DAG(s) 'crime_analytics_pipeline' retrieved from /opt/airflow/dags/dag_crime_pipeline.py
[2026-06-12T02:16:30.675+0000] {logging_mixin.py:188} INFO - [2026-06-12T02:16:30.674+0000] {dag.py:3036} INFO - Sync 1 DAGs
[2026-06-12T02:16:30.711+0000] {logging_mixin.py:188} INFO - [2026-06-12T02:16:30.711+0000] {dag.py:3823} INFO - Setting next_dagrun for crime_analytics_pipeline to 2026-06-06 19:00:00+00:00, run_after=2026-06-13 19:00:00+00:00
[2026-06-12T02:16:30.762+0000] {processor.py:183} INFO - Processing /opt/airflow/dags/dag_crime_pipeline.py took 0.210 seconds
[2026-06-12T02:17:00.902+0000] {processor.py:161} INFO - Started process (PID=519) to work on /opt/airflow/dags/dag_crime_pipeline.py
[2026-06-12T02:17:00.904+0000] {processor.py:830} INFO - Processing file /opt/airflow/dags/dag_crime_pipeline.py for tasks to queue
[2026-06-12T02:17:00.908+0000] {logging_mixin.py:188} INFO - [2026-06-12T02:17:00.907+0000] {dagbag.py:538} INFO - Filling up the DagBag from /opt/airflow/dags/dag_crime_pipeline.py
[2026-06-12T02:17:00.962+0000] {processor.py:840} INFO - DAG(s) 'crime_analytics_pipeline' retrieved from /opt/airflow/dags/dag_crime_pipeline.py
[2026-06-12T02:17:01.013+0000] {logging_mixin.py:188} INFO - [2026-06-12T02:17:01.012+0000] {dag.py:3036} INFO - Sync 1 DAGs
[2026-06-12T02:17:01.049+0000] {logging_mixin.py:188} INFO - [2026-06-12T02:17:01.049+0000] {dag.py:3823} INFO - Setting next_dagrun for crime_analytics_pipeline to 2026-06-06 19:00:00+00:00, run_after=2026-06-13 19:00:00+00:00
[2026-06-12T02:17:01.076+0000] {processor.py:183} INFO - Processing /opt/airflow/dags/dag_crime_pipeline.py took 0.179 seconds
[2026-06-12T02:17:31.260+0000] {processor.py:161} INFO - Started process (PID=524) to work on /opt/airflow/dags/dag_crime_pipeline.py
[2026-06-12T02:17:31.262+0000] {processor.py:830} INFO - Processing file /opt/airflow/dags/dag_crime_pipeline.py for tasks to queue
[2026-06-12T02:17:31.265+0000] {logging_mixin.py:188} INFO - [2026-06-12T02:17:31.265+0000] {dagbag.py:538} INFO - Filling up the DagBag from /opt/airflow/dags/dag_crime_pipeline.py
[2026-06-12T02:17:31.335+0000] {processor.py:840} INFO - DAG(s) 'crime_analytics_pipeline' retrieved from /opt/airflow/dags/dag_crime_pipeline.py
[2026-06-12T02:17:31.386+0000] {logging_mixin.py:188} INFO - [2026-06-12T02:17:31.385+0000] {dag.py:3036} INFO - Sync 1 DAGs
[2026-06-12T02:17:31.421+0000] {logging_mixin.py:188} INFO - [2026-06-12T02:17:31.421+0000] {dag.py:3823} INFO - Setting next_dagrun for crime_analytics_pipeline to 2026-06-06 19:00:00+00:00, run_after=2026-06-13 19:00:00+00:00
[2026-06-12T02:17:31.475+0000] {processor.py:183} INFO - Processing /opt/airflow/dags/dag_crime_pipeline.py took 0.221 seconds
[2026-06-12T02:18:01.560+0000] {processor.py:161} INFO - Started process (PID=529) to work on /opt/airflow/dags/dag_crime_pipeline.py
[2026-06-12T02:18:01.562+0000] {processor.py:830} INFO - Processing file /opt/airflow/dags/dag_crime_pipeline.py for tasks to queue
[2026-06-12T02:18:01.566+0000] {logging_mixin.py:188} INFO - [2026-06-12T02:18:01.565+0000] {dagbag.py:538} INFO - Filling up the DagBag from /opt/airflow/dags/dag_crime_pipeline.py
[2026-06-12T02:18:01.641+0000] {processor.py:840} INFO - DAG(s) 'crime_analytics_pipeline' retrieved from /opt/airflow/dags/dag_crime_pipeline.py
[2026-06-12T02:18:01.698+0000] {logging_mixin.py:188} INFO - [2026-06-12T02:18:01.698+0000] {dag.py:3036} INFO - Sync 1 DAGs
[2026-06-12T02:18:01.734+0000] {logging_mixin.py:188} INFO - [2026-06-12T02:18:01.734+0000] {dag.py:3823} INFO - Setting next_dagrun for crime_analytics_pipeline to 2026-06-06 19:00:00+00:00, run_after=2026-06-13 19:00:00+00:00
[2026-06-12T02:18:01.786+0000] {processor.py:183} INFO - Processing /opt/airflow/dags/dag_crime_pipeline.py took 0.231 seconds
[2026-06-12T02:18:32.020+0000] {processor.py:161} INFO - Started process (PID=534) to work on /opt/airflow/dags/dag_crime_pipeline.py
[2026-06-12T02:18:32.022+0000] {processor.py:830} INFO - Processing file /opt/airflow/dags/dag_crime_pipeline.py for tasks to queue
[2026-06-12T02:18:32.026+0000] {logging_mixin.py:188} INFO - [2026-06-12T02:18:32.025+0000] {dagbag.py:538} INFO - Filling up the DagBag from /opt/airflow/dags/dag_crime_pipeline.py
[2026-06-12T02:18:32.080+0000] {processor.py:840} INFO - DAG(s) 'crime_analytics_pipeline' retrieved from /opt/airflow/dags/dag_crime_pipeline.py
[2026-06-12T02:18:32.129+0000] {logging_mixin.py:188} INFO - [2026-06-12T02:18:32.128+0000] {dag.py:3036} INFO - Sync 1 DAGs
[2026-06-12T02:18:32.163+0000] {logging_mixin.py:188} INFO - [2026-06-12T02:18:32.163+0000] {dag.py:3823} INFO - Setting next_dagrun for crime_analytics_pipeline to 2026-06-06 19:00:00+00:00, run_after=2026-06-13 19:00:00+00:00
[2026-06-12T02:18:32.193+0000] {processor.py:183} INFO - Processing /opt/airflow/dags/dag_crime_pipeline.py took 0.177 seconds
[2026-06-12T02:19:02.307+0000] {processor.py:161} INFO - Started process (PID=539) to work on /opt/airflow/dags/dag_crime_pipeline.py
[2026-06-12T02:19:02.310+0000] {processor.py:830} INFO - Processing file /opt/airflow/dags/dag_crime_pipeline.py for tasks to queue
[2026-06-12T02:19:02.314+0000] {logging_mixin.py:188} INFO - [2026-06-12T02:19:02.314+0000] {dagbag.py:538} INFO - Filling up the DagBag from /opt/airflow/dags/dag_crime_pipeline.py
[2026-06-12T02:19:02.377+0000] {processor.py:840} INFO - DAG(s) 'crime_analytics_pipeline' retrieved from /opt/airflow/dags/dag_crime_pipeline.py
[2026-06-12T02:19:02.436+0000] {logging_mixin.py:188} INFO - [2026-06-12T02:19:02.435+0000] {dag.py:3036} INFO - Sync 1 DAGs
[2026-06-12T02:19:02.469+0000] {logging_mixin.py:188} INFO - [2026-06-12T02:19:02.468+0000] {dag.py:3823} INFO - Setting next_dagrun for crime_analytics_pipeline to 2026-06-06 19:00:00+00:00, run_after=2026-06-13 19:00:00+00:00
[2026-06-12T02:19:02.520+0000] {processor.py:183} INFO - Processing /opt/airflow/dags/dag_crime_pipeline.py took 0.222 seconds
[2026-06-12T02:19:32.749+0000] {processor.py:161} INFO - Started process (PID=544) to work on /opt/airflow/dags/dag_crime_pipeline.py
[2026-06-12T02:19:32.751+0000] {processor.py:830} INFO - Processing file /opt/airflow/dags/dag_crime_pipeline.py for tasks to queue
[2026-06-12T02:19:32.756+0000] {logging_mixin.py:188} INFO - [2026-06-12T02:19:32.755+0000] {dagbag.py:538} INFO - Filling up the DagBag from /opt/airflow/dags/dag_crime_pipeline.py
[2026-06-12T02:19:32.872+0000] {processor.py:840} INFO - DAG(s) 'crime_analytics_pipeline' retrieved from /opt/airflow/dags/dag_crime_pipeline.py
[2026-06-12T02:19:32.940+0000] {logging_mixin.py:188} INFO - [2026-06-12T02:19:32.939+0000] {dag.py:3036} INFO - Sync 1 DAGs
[2026-06-12T02:19:32.976+0000] {logging_mixin.py:188} INFO - [2026-06-12T02:19:32.976+0000] {dag.py:3823} INFO - Setting next_dagrun for crime_analytics_pipeline to 2026-06-06 19:00:00+00:00, run_after=2026-06-13 19:00:00+00:00
[2026-06-12T02:19:33.028+0000] {processor.py:183} INFO - Processing /opt/airflow/dags/dag_crime_pipeline.py took 0.289 seconds
[2026-06-12T02:20:03.315+0000] {processor.py:161} INFO - Started process (PID=549) to work on /opt/airflow/dags/dag_crime_pipeline.py
[2026-06-12T02:20:03.317+0000] {processor.py:830} INFO - Processing file /opt/airflow/dags/dag_crime_pipeline.py for tasks to queue
[2026-06-12T02:20:03.320+0000] {logging_mixin.py:188} INFO - [2026-06-12T02:20:03.319+0000] {dagbag.py:538} INFO - Filling up the DagBag from /opt/airflow/dags/dag_crime_pipeline.py
[2026-06-12T02:20:03.377+0000] {processor.py:840} INFO - DAG(s) 'crime_analytics_pipeline' retrieved from /opt/airflow/dags/dag_crime_pipeline.py
[2026-06-12T02:20:03.440+0000] {logging_mixin.py:188} INFO - [2026-06-12T02:20:03.440+0000] {dag.py:3036} INFO - Sync 1 DAGs
[2026-06-12T02:20:03.477+0000] {logging_mixin.py:188} INFO - [2026-06-12T02:20:03.477+0000] {dag.py:3823} INFO - Setting next_dagrun for crime_analytics_pipeline to 2026-06-06 19:00:00+00:00, run_after=2026-06-13 19:00:00+00:00
[2026-06-12T02:20:03.527+0000] {processor.py:183} INFO - Processing /opt/airflow/dags/dag_crime_pipeline.py took 0.218 seconds
[2026-06-12T02:20:33.813+0000] {processor.py:161} INFO - Started process (PID=554) to work on /opt/airflow/dags/dag_crime_pipeline.py
[2026-06-12T02:20:33.815+0000] {processor.py:830} INFO - Processing file /opt/airflow/dags/dag_crime_pipeline.py for tasks to queue
[2026-06-12T02:20:33.820+0000] {logging_mixin.py:188} INFO - [2026-06-12T02:20:33.819+0000] {dagbag.py:538} INFO - Filling up the DagBag from /opt/airflow/dags/dag_crime_pipeline.py
[2026-06-12T02:20:33.875+0000] {processor.py:840} INFO - DAG(s) 'crime_analytics_pipeline' retrieved from /opt/airflow/dags/dag_crime_pipeline.py
[2026-06-12T02:20:33.924+0000] {logging_mixin.py:188} INFO - [2026-06-12T02:20:33.923+0000] {dag.py:3036} INFO - Sync 1 DAGs
[2026-06-12T02:20:33.961+0000] {logging_mixin.py:188} INFO - [2026-06-12T02:20:33.960+0000] {dag.py:3823} INFO - Setting next_dagrun for crime_analytics_pipeline to 2026-06-06 19:00:00+00:00, run_after=2026-06-13 19:00:00+00:00
[2026-06-12T02:20:33.989+0000] {processor.py:183} INFO - Processing /opt/airflow/dags/dag_crime_pipeline.py took 0.180 seconds
[2026-06-12T02:21:04.075+0000] {processor.py:161} INFO - Started process (PID=559) to work on /opt/airflow/dags/dag_crime_pipeline.py
[2026-06-12T02:21:04.077+0000] {processor.py:830} INFO - Processing file /opt/airflow/dags/dag_crime_pipeline.py for tasks to queue
[2026-06-12T02:21:04.080+0000] {logging_mixin.py:188} INFO - [2026-06-12T02:21:04.080+0000] {dagbag.py:538} INFO - Filling up the DagBag from /opt/airflow/dags/dag_crime_pipeline.py
[2026-06-12T02:21:04.133+0000] {processor.py:840} INFO - DAG(s) 'crime_analytics_pipeline' retrieved from /opt/airflow/dags/dag_crime_pipeline.py
[2026-06-12T02:21:04.182+0000] {logging_mixin.py:188} INFO - [2026-06-12T02:21:04.181+0000] {dag.py:3036} INFO - Sync 1 DAGs
[2026-06-12T02:21:04.216+0000] {logging_mixin.py:188} INFO - [2026-06-12T02:21:04.216+0000] {dag.py:3823} INFO - Setting next_dagrun for crime_analytics_pipeline to 2026-06-06 19:00:00+00:00, run_after=2026-06-13 19:00:00+00:00
[2026-06-12T02:21:04.259+0000] {processor.py:183} INFO - Processing /opt/airflow/dags/dag_crime_pipeline.py took 0.190 seconds
[2026-06-12T02:21:34.545+0000] {processor.py:161} INFO - Started process (PID=564) to work on /opt/airflow/dags/dag_crime_pipeline.py
[2026-06-12T02:21:34.547+0000] {processor.py:830} INFO - Processing file /opt/airflow/dags/dag_crime_pipeline.py for tasks to queue
[2026-06-12T02:21:34.551+0000] {logging_mixin.py:188} INFO - [2026-06-12T02:21:34.550+0000] {dagbag.py:538} INFO - Filling up the DagBag from /opt/airflow/dags/dag_crime_pipeline.py
[2026-06-12T02:21:34.603+0000] {processor.py:840} INFO - DAG(s) 'crime_analytics_pipeline' retrieved from /opt/airflow/dags/dag_crime_pipeline.py
[2026-06-12T02:21:34.653+0000] {logging_mixin.py:188} INFO - [2026-06-12T02:21:34.652+0000] {dag.py:3036} INFO - Sync 1 DAGs
[2026-06-12T02:21:34.687+0000] {logging_mixin.py:188} INFO - [2026-06-12T02:21:34.687+0000] {dag.py:3823} INFO - Setting next_dagrun for crime_analytics_pipeline to 2026-06-06 19:00:00+00:00, run_after=2026-06-13 19:00:00+00:00
[2026-06-12T02:21:34.737+0000] {processor.py:183} INFO - Processing /opt/airflow/dags/dag_crime_pipeline.py took 0.196 seconds
[2026-06-12T02:22:04.828+0000] {processor.py:161} INFO - Started process (PID=569) to work on /opt/airflow/dags/dag_crime_pipeline.py
[2026-06-12T02:22:04.830+0000] {processor.py:830} INFO - Processing file /opt/airflow/dags/dag_crime_pipeline.py for tasks to queue
[2026-06-12T02:22:04.833+0000] {logging_mixin.py:188} INFO - [2026-06-12T02:22:04.833+0000] {dagbag.py:538} INFO - Filling up the DagBag from /opt/airflow/dags/dag_crime_pipeline.py
[2026-06-12T02:22:04.886+0000] {processor.py:840} INFO - DAG(s) 'crime_analytics_pipeline' retrieved from /opt/airflow/dags/dag_crime_pipeline.py
[2026-06-12T02:22:04.939+0000] {logging_mixin.py:188} INFO - [2026-06-12T02:22:04.938+0000] {dag.py:3036} INFO - Sync 1 DAGs
[2026-06-12T02:22:04.977+0000] {logging_mixin.py:188} INFO - [2026-06-12T02:22:04.976+0000] {dag.py:3823} INFO - Setting next_dagrun for crime_analytics_pipeline to 2026-06-06 19:00:00+00:00, run_after=2026-06-13 19:00:00+00:00
[2026-06-12T02:22:05.007+0000] {processor.py:183} INFO - Processing /opt/airflow/dags/dag_crime_pipeline.py took 0.185 seconds
[2026-06-12T02:22:35.283+0000] {processor.py:161} INFO - Started process (PID=574) to work on /opt/airflow/dags/dag_crime_pipeline.py
[2026-06-12T02:22:35.285+0000] {processor.py:830} INFO - Processing file /opt/airflow/dags/dag_crime_pipeline.py for tasks to queue
[2026-06-12T02:22:35.288+0000] {logging_mixin.py:188} INFO - [2026-06-12T02:22:35.288+0000] {dagbag.py:538} INFO - Filling up the DagBag from /opt/airflow/dags/dag_crime_pipeline.py
[2026-06-12T02:22:35.342+0000] {processor.py:840} INFO - DAG(s) 'crime_analytics_pipeline' retrieved from /opt/airflow/dags/dag_crime_pipeline.py
[2026-06-12T02:22:35.392+0000] {logging_mixin.py:188} INFO - [2026-06-12T02:22:35.391+0000] {dag.py:3036} INFO - Sync 1 DAGs
[2026-06-12T02:22:35.430+0000] {logging_mixin.py:188} INFO - [2026-06-12T02:22:35.429+0000] {dag.py:3823} INFO - Setting next_dagrun for crime_analytics_pipeline to 2026-06-06 19:00:00+00:00, run_after=2026-06-13 19:00:00+00:00
[2026-06-12T02:22:35.479+0000] {processor.py:183} INFO - Processing /opt/airflow/dags/dag_crime_pipeline.py took 0.200 seconds
[2026-06-12T02:23:05.987+0000] {processor.py:161} INFO - Started process (PID=579) to work on /opt/airflow/dags/dag_crime_pipeline.py
[2026-06-12T02:23:05.988+0000] {processor.py:830} INFO - Processing file /opt/airflow/dags/dag_crime_pipeline.py for tasks to queue
[2026-06-12T02:23:05.992+0000] {logging_mixin.py:188} INFO - [2026-06-12T02:23:05.992+0000] {dagbag.py:538} INFO - Filling up the DagBag from /opt/airflow/dags/dag_crime_pipeline.py
[2026-06-12T02:23:06.041+0000] {processor.py:840} INFO - DAG(s) 'crime_analytics_pipeline' retrieved from /opt/airflow/dags/dag_crime_pipeline.py
[2026-06-12T02:23:06.088+0000] {logging_mixin.py:188} INFO - [2026-06-12T02:23:06.088+0000] {dag.py:3036} INFO - Sync 1 DAGs
[2026-06-12T02:23:06.121+0000] {logging_mixin.py:188} INFO - [2026-06-12T02:23:06.120+0000] {dag.py:3823} INFO - Setting next_dagrun for crime_analytics_pipeline to 2026-06-06 19:00:00+00:00, run_after=2026-06-13 19:00:00+00:00
[2026-06-12T02:23:06.151+0000] {processor.py:183} INFO - Processing /opt/airflow/dags/dag_crime_pipeline.py took 0.169 seconds
[2026-06-12T02:23:36.260+0000] {processor.py:161} INFO - Started process (PID=584) to work on /opt/airflow/dags/dag_crime_pipeline.py
[2026-06-12T02:23:36.261+0000] {processor.py:830} INFO - Processing file /opt/airflow/dags/dag_crime_pipeline.py for tasks to queue
[2026-06-12T02:23:36.264+0000] {logging_mixin.py:188} INFO - [2026-06-12T02:23:36.263+0000] {dagbag.py:538} INFO - Filling up the DagBag from /opt/airflow/dags/dag_crime_pipeline.py
[2026-06-12T02:23:36.334+0000] {processor.py:840} INFO - DAG(s) 'crime_analytics_pipeline' retrieved from /opt/airflow/dags/dag_crime_pipeline.py
[2026-06-12T02:23:36.383+0000] {logging_mixin.py:188} INFO - [2026-06-12T02:23:36.383+0000] {dag.py:3036} INFO - Sync 1 DAGs
[2026-06-12T02:23:36.405+0000] {logging_mixin.py:188} INFO - [2026-06-12T02:23:36.404+0000] {dag.py:3823} INFO - Setting next_dagrun for crime_analytics_pipeline to 2026-06-06 19:00:00+00:00, run_after=2026-06-13 19:00:00+00:00
[2026-06-12T02:23:36.429+0000] {processor.py:183} INFO - Processing /opt/airflow/dags/dag_crime_pipeline.py took 0.173 seconds
[2026-06-12T02:24:06.599+0000] {processor.py:161} INFO - Started process (PID=589) to work on /opt/airflow/dags/dag_crime_pipeline.py
[2026-06-12T02:24:06.600+0000] {processor.py:830} INFO - Processing file /opt/airflow/dags/dag_crime_pipeline.py for tasks to queue
[2026-06-12T02:24:06.602+0000] {logging_mixin.py:188} INFO - [2026-06-12T02:24:06.602+0000] {dagbag.py:538} INFO - Filling up the DagBag from /opt/airflow/dags/dag_crime_pipeline.py
[2026-06-12T02:24:06.643+0000] {processor.py:840} INFO - DAG(s) 'crime_analytics_pipeline' retrieved from /opt/airflow/dags/dag_crime_pipeline.py
[2026-06-12T02:24:06.676+0000] {logging_mixin.py:188} INFO - [2026-06-12T02:24:06.675+0000] {dag.py:3036} INFO - Sync 1 DAGs
[2026-06-12T02:24:06.700+0000] {logging_mixin.py:188} INFO - [2026-06-12T02:24:06.700+0000] {dag.py:3823} INFO - Setting next_dagrun for crime_analytics_pipeline to 2026-06-06 19:00:00+00:00, run_after=2026-06-13 19:00:00+00:00
[2026-06-12T02:24:06.739+0000] {processor.py:183} INFO - Processing /opt/airflow/dags/dag_crime_pipeline.py took 0.144 seconds
[2026-06-12T02:24:36.852+0000] {processor.py:161} INFO - Started process (PID=594) to work on /opt/airflow/dags/dag_crime_pipeline.py
[2026-06-12T02:24:36.854+0000] {processor.py:830} INFO - Processing file /opt/airflow/dags/dag_crime_pipeline.py for tasks to queue
[2026-06-12T02:24:36.857+0000] {logging_mixin.py:188} INFO - [2026-06-12T02:24:36.856+0000] {dagbag.py:538} INFO - Filling up the DagBag from /opt/airflow/dags/dag_crime_pipeline.py
[2026-06-12T02:24:36.897+0000] {processor.py:840} INFO - DAG(s) 'crime_analytics_pipeline' retrieved from /opt/airflow/dags/dag_crime_pipeline.py
[2026-06-12T02:24:36.933+0000] {logging_mixin.py:188} INFO - [2026-06-12T02:24:36.933+0000] {dag.py:3036} INFO - Sync 1 DAGs
[2026-06-12T02:24:36.957+0000] {logging_mixin.py:188} INFO - [2026-06-12T02:24:36.957+0000] {dag.py:3823} INFO - Setting next_dagrun for crime_analytics_pipeline to 2026-06-06 19:00:00+00:00, run_after=2026-06-13 19:00:00+00:00
[2026-06-12T02:24:36.979+0000] {processor.py:183} INFO - Processing /opt/airflow/dags/dag_crime_pipeline.py took 0.132 seconds
[2026-06-12T02:25:07.162+0000] {processor.py:161} INFO - Started process (PID=599) to work on /opt/airflow/dags/dag_crime_pipeline.py
[2026-06-12T02:25:07.164+0000] {processor.py:830} INFO - Processing file /opt/airflow/dags/dag_crime_pipeline.py for tasks to queue
[2026-06-12T02:25:07.166+0000] {logging_mixin.py:188} INFO - [2026-06-12T02:25:07.166+0000] {dagbag.py:538} INFO - Filling up the DagBag from /opt/airflow/dags/dag_crime_pipeline.py
[2026-06-12T02:25:07.208+0000] {processor.py:840} INFO - DAG(s) 'crime_analytics_pipeline' retrieved from /opt/airflow/dags/dag_crime_pipeline.py
[2026-06-12T02:25:07.243+0000] {logging_mixin.py:188} INFO - [2026-06-12T02:25:07.243+0000] {dag.py:3036} INFO - Sync 1 DAGs
[2026-06-12T02:25:07.273+0000] {logging_mixin.py:188} INFO - [2026-06-12T02:25:07.273+0000] {dag.py:3823} INFO - Setting next_dagrun for crime_analytics_pipeline to 2026-06-06 19:00:00+00:00, run_after=2026-06-13 19:00:00+00:00
[2026-06-12T02:25:07.297+0000] {processor.py:183} INFO - Processing /opt/airflow/dags/dag_crime_pipeline.py took 0.140 seconds
[2026-06-12T02:25:37.390+0000] {processor.py:161} INFO - Started process (PID=604) to work on /opt/airflow/dags/dag_crime_pipeline.py
[2026-06-12T02:25:37.392+0000] {processor.py:830} INFO - Processing file /opt/airflow/dags/dag_crime_pipeline.py for tasks to queue
[2026-06-12T02:25:37.395+0000] {logging_mixin.py:188} INFO - [2026-06-12T02:25:37.394+0000] {dagbag.py:538} INFO - Filling up the DagBag from /opt/airflow/dags/dag_crime_pipeline.py
[2026-06-12T02:25:37.438+0000] {processor.py:840} INFO - DAG(s) 'crime_analytics_pipeline' retrieved from /opt/airflow/dags/dag_crime_pipeline.py
[2026-06-12T02:25:37.477+0000] {logging_mixin.py:188} INFO - [2026-06-12T02:25:37.477+0000] {dag.py:3036} INFO - Sync 1 DAGs
[2026-06-12T02:25:37.506+0000] {logging_mixin.py:188} INFO - [2026-06-12T02:25:37.505+0000] {dag.py:3823} INFO - Setting next_dagrun for crime_analytics_pipeline to 2026-06-06 19:00:00+00:00, run_after=2026-06-13 19:00:00+00:00
[2026-06-12T02:25:37.529+0000] {processor.py:183} INFO - Processing /opt/airflow/dags/dag_crime_pipeline.py took 0.144 seconds
[2026-06-12T02:26:07.750+0000] {processor.py:161} INFO - Started process (PID=609) to work on /opt/airflow/dags/dag_crime_pipeline.py
[2026-06-12T02:26:07.751+0000] {processor.py:830} INFO - Processing file /opt/airflow/dags/dag_crime_pipeline.py for tasks to queue
[2026-06-12T02:26:07.754+0000] {logging_mixin.py:188} INFO - [2026-06-12T02:26:07.753+0000] {dagbag.py:538} INFO - Filling up the DagBag from /opt/airflow/dags/dag_crime_pipeline.py
[2026-06-12T02:26:07.797+0000] {processor.py:840} INFO - DAG(s) 'crime_analytics_pipeline' retrieved from /opt/airflow/dags/dag_crime_pipeline.py
[2026-06-12T02:26:07.839+0000] {logging_mixin.py:188} INFO - [2026-06-12T02:26:07.839+0000] {dag.py:3036} INFO - Sync 1 DAGs
[2026-06-12T02:26:07.872+0000] {logging_mixin.py:188} INFO - [2026-06-12T02:26:07.872+0000] {dag.py:3823} INFO - Setting next_dagrun for crime_analytics_pipeline to 2026-06-06 19:00:00+00:00, run_after=2026-06-13 19:00:00+00:00
[2026-06-12T02:26:07.917+0000] {processor.py:183} INFO - Processing /opt/airflow/dags/dag_crime_pipeline.py took 0.172 seconds
[2026-06-12T02:26:38.166+0000] {processor.py:161} INFO - Started process (PID=614) to work on /opt/airflow/dags/dag_crime_pipeline.py
[2026-06-12T02:26:38.167+0000] {processor.py:830} INFO - Processing file /opt/airflow/dags/dag_crime_pipeline.py for tasks to queue
[2026-06-12T02:26:38.170+0000] {logging_mixin.py:188} INFO - [2026-06-12T02:26:38.170+0000] {dagbag.py:538} INFO - Filling up the DagBag from /opt/airflow/dags/dag_crime_pipeline.py
[2026-06-12T02:26:38.216+0000] {processor.py:840} INFO - DAG(s) 'crime_analytics_pipeline' retrieved from /opt/airflow/dags/dag_crime_pipeline.py
[2026-06-12T02:26:38.258+0000] {logging_mixin.py:188} INFO - [2026-06-12T02:26:38.257+0000] {dag.py:3036} INFO - Sync 1 DAGs
[2026-06-12T02:26:38.286+0000] {logging_mixin.py:188} INFO - [2026-06-12T02:26:38.286+0000] {dag.py:3823} INFO - Setting next_dagrun for crime_analytics_pipeline to 2026-06-06 19:00:00+00:00, run_after=2026-06-13 19:00:00+00:00
[2026-06-12T02:26:38.312+0000] {processor.py:183} INFO - Processing /opt/airflow/dags/dag_crime_pipeline.py took 0.151 seconds
[2026-06-12T02:27:08.392+0000] {processor.py:161} INFO - Started process (PID=619) to work on /opt/airflow/dags/dag_crime_pipeline.py
[2026-06-12T02:27:08.393+0000] {processor.py:830} INFO - Processing file /opt/airflow/dags/dag_crime_pipeline.py for tasks to queue
[2026-06-12T02:27:08.397+0000] {logging_mixin.py:188} INFO - [2026-06-12T02:27:08.396+0000] {dagbag.py:538} INFO - Filling up the DagBag from /opt/airflow/dags/dag_crime_pipeline.py
[2026-06-12T02:27:08.447+0000] {processor.py:840} INFO - DAG(s) 'crime_analytics_pipeline' retrieved from /opt/airflow/dags/dag_crime_pipeline.py
[2026-06-12T02:27:08.490+0000] {logging_mixin.py:188} INFO - [2026-06-12T02:27:08.489+0000] {dag.py:3036} INFO - Sync 1 DAGs
[2026-06-12T02:27:08.517+0000] {logging_mixin.py:188} INFO - [2026-06-12T02:27:08.517+0000] {dag.py:3823} INFO - Setting next_dagrun for crime_analytics_pipeline to 2026-06-06 19:00:00+00:00, run_after=2026-06-13 19:00:00+00:00
[2026-06-12T02:27:08.560+0000] {processor.py:183} INFO - Processing /opt/airflow/dags/dag_crime_pipeline.py took 0.173 seconds
[2026-06-12T02:27:38.793+0000] {processor.py:161} INFO - Started process (PID=624) to work on /opt/airflow/dags/dag_crime_pipeline.py
[2026-06-12T02:27:38.795+0000] {processor.py:830} INFO - Processing file /opt/airflow/dags/dag_crime_pipeline.py for tasks to queue
[2026-06-12T02:27:38.803+0000] {logging_mixin.py:188} INFO - [2026-06-12T02:27:38.802+0000] {dagbag.py:538} INFO - Filling up the DagBag from /opt/airflow/dags/dag_crime_pipeline.py
[2026-06-12T02:27:38.851+0000] {processor.py:840} INFO - DAG(s) 'crime_analytics_pipeline' retrieved from /opt/airflow/dags/dag_crime_pipeline.py
[2026-06-12T02:27:38.891+0000] {logging_mixin.py:188} INFO - [2026-06-12T02:27:38.891+0000] {dag.py:3036} INFO - Sync 1 DAGs
[2026-06-12T02:27:38.920+0000] {logging_mixin.py:188} INFO - [2026-06-12T02:27:38.919+0000] {dag.py:3823} INFO - Setting next_dagrun for crime_analytics_pipeline to 2026-06-06 19:00:00+00:00, run_after=2026-06-13 19:00:00+00:00
[2026-06-12T02:27:38.961+0000] {processor.py:183} INFO - Processing /opt/airflow/dags/dag_crime_pipeline.py took 0.173 seconds
[2026-06-12T02:28:09.047+0000] {processor.py:161} INFO - Started process (PID=629) to work on /opt/airflow/dags/dag_crime_pipeline.py
[2026-06-12T02:28:09.049+0000] {processor.py:830} INFO - Processing file /opt/airflow/dags/dag_crime_pipeline.py for tasks to queue
[2026-06-12T02:28:09.054+0000] {logging_mixin.py:188} INFO - [2026-06-12T02:28:09.053+0000] {dagbag.py:538} INFO - Filling up the DagBag from /opt/airflow/dags/dag_crime_pipeline.py
[2026-06-12T02:28:09.105+0000] {processor.py:840} INFO - DAG(s) 'crime_analytics_pipeline' retrieved from /opt/airflow/dags/dag_crime_pipeline.py
[2026-06-12T02:28:09.151+0000] {logging_mixin.py:188} INFO - [2026-06-12T02:28:09.150+0000] {dag.py:3036} INFO - Sync 1 DAGs
[2026-06-12T02:28:09.207+0000] {logging_mixin.py:188} INFO - [2026-06-12T02:28:09.206+0000] {dag.py:3823} INFO - Setting next_dagrun for crime_analytics_pipeline to 2026-06-06 19:00:00+00:00, run_after=2026-06-13 19:00:00+00:00
[2026-06-12T02:28:09.239+0000] {processor.py:183} INFO - Processing /opt/airflow/dags/dag_crime_pipeline.py took 0.197 seconds
[2026-06-12T02:28:39.490+0000] {processor.py:161} INFO - Started process (PID=634) to work on /opt/airflow/dags/dag_crime_pipeline.py
[2026-06-12T02:28:39.493+0000] {processor.py:830} INFO - Processing file /opt/airflow/dags/dag_crime_pipeline.py for tasks to queue
[2026-06-12T02:28:39.497+0000] {logging_mixin.py:188} INFO - [2026-06-12T02:28:39.497+0000] {dagbag.py:538} INFO - Filling up the DagBag from /opt/airflow/dags/dag_crime_pipeline.py
[2026-06-12T02:28:39.551+0000] {processor.py:840} INFO - DAG(s) 'crime_analytics_pipeline' retrieved from /opt/airflow/dags/dag_crime_pipeline.py
[2026-06-12T02:28:39.595+0000] {logging_mixin.py:188} INFO - [2026-06-12T02:28:39.594+0000] {dag.py:3036} INFO - Sync 1 DAGs
[2026-06-12T02:28:39.631+0000] {logging_mixin.py:188} INFO - [2026-06-12T02:28:39.630+0000] {dag.py:3823} INFO - Setting next_dagrun for crime_analytics_pipeline to 2026-06-06 19:00:00+00:00, run_after=2026-06-13 19:00:00+00:00
[2026-06-12T02:28:39.662+0000] {processor.py:183} INFO - Processing /opt/airflow/dags/dag_crime_pipeline.py took 0.176 seconds
[2026-06-12T02:29:09.771+0000] {processor.py:161} INFO - Started process (PID=639) to work on /opt/airflow/dags/dag_crime_pipeline.py
[2026-06-12T02:29:09.773+0000] {processor.py:830} INFO - Processing file /opt/airflow/dags/dag_crime_pipeline.py for tasks to queue
[2026-06-12T02:29:09.777+0000] {logging_mixin.py:188} INFO - [2026-06-12T02:29:09.777+0000] {dagbag.py:538} INFO - Filling up the DagBag from /opt/airflow/dags/dag_crime_pipeline.py
[2026-06-12T02:29:09.822+0000] {processor.py:840} INFO - DAG(s) 'crime_analytics_pipeline' retrieved from /opt/airflow/dags/dag_crime_pipeline.py
[2026-06-12T02:29:09.862+0000] {logging_mixin.py:188} INFO - [2026-06-12T02:29:09.861+0000] {dag.py:3036} INFO - Sync 1 DAGs
[2026-06-12T02:29:09.888+0000] {logging_mixin.py:188} INFO - [2026-06-12T02:29:09.888+0000] {dag.py:3823} INFO - Setting next_dagrun for crime_analytics_pipeline to 2026-06-06 19:00:00+00:00, run_after=2026-06-13 19:00:00+00:00
[2026-06-12T02:29:10.583+0000] {processor.py:183} INFO - Processing /opt/airflow/dags/dag_crime_pipeline.py took 0.817 seconds
[2026-06-12T02:29:40.879+0000] {processor.py:161} INFO - Started process (PID=644) to work on /opt/airflow/dags/dag_crime_pipeline.py
[2026-06-12T02:29:40.881+0000] {processor.py:830} INFO - Processing file /opt/airflow/dags/dag_crime_pipeline.py for tasks to queue
[2026-06-12T02:29:40.885+0000] {logging_mixin.py:188} INFO - [2026-06-12T02:29:40.884+0000] {dagbag.py:538} INFO - Filling up the DagBag from /opt/airflow/dags/dag_crime_pipeline.py
[2026-06-12T02:29:40.935+0000] {processor.py:840} INFO - DAG(s) 'crime_analytics_pipeline' retrieved from /opt/airflow/dags/dag_crime_pipeline.py
[2026-06-12T02:29:40.983+0000] {logging_mixin.py:188} INFO - [2026-06-12T02:29:40.982+0000] {dag.py:3036} INFO - Sync 1 DAGs
[2026-06-12T02:29:41.014+0000] {logging_mixin.py:188} INFO - [2026-06-12T02:29:41.014+0000] {dag.py:3823} INFO - Setting next_dagrun for crime_analytics_pipeline to 2026-06-06 19:00:00+00:00, run_after=2026-06-13 19:00:00+00:00
[2026-06-12T02:29:41.042+0000] {processor.py:183} INFO - Processing /opt/airflow/dags/dag_crime_pipeline.py took 0.167 seconds
[2026-06-12T02:30:11.280+0000] {processor.py:161} INFO - Started process (PID=649) to work on /opt/airflow/dags/dag_crime_pipeline.py
[2026-06-12T02:30:11.285+0000] {processor.py:830} INFO - Processing file /opt/airflow/dags/dag_crime_pipeline.py for tasks to queue
[2026-06-12T02:30:11.288+0000] {logging_mixin.py:188} INFO - [2026-06-12T02:30:11.287+0000] {dagbag.py:538} INFO - Filling up the DagBag from /opt/airflow/dags/dag_crime_pipeline.py
[2026-06-12T02:30:11.329+0000] {processor.py:840} INFO - DAG(s) 'crime_analytics_pipeline' retrieved from /opt/airflow/dags/dag_crime_pipeline.py
[2026-06-12T02:30:11.374+0000] {logging_mixin.py:188} INFO - [2026-06-12T02:30:11.373+0000] {dag.py:3036} INFO - Sync 1 DAGs
[2026-06-12T02:30:11.404+0000] {logging_mixin.py:188} INFO - [2026-06-12T02:30:11.404+0000] {dag.py:3823} INFO - Setting next_dagrun for crime_analytics_pipeline to 2026-06-06 19:00:00+00:00, run_after=2026-06-13 19:00:00+00:00
[2026-06-12T02:30:11.431+0000] {processor.py:183} INFO - Processing /opt/airflow/dags/dag_crime_pipeline.py took 0.155 seconds
[2026-06-12T02:30:41.633+0000] {processor.py:161} INFO - Started process (PID=654) to work on /opt/airflow/dags/dag_crime_pipeline.py
[2026-06-12T02:30:41.635+0000] {processor.py:830} INFO - Processing file /opt/airflow/dags/dag_crime_pipeline.py for tasks to queue
[2026-06-12T02:30:41.638+0000] {logging_mixin.py:188} INFO - [2026-06-12T02:30:41.638+0000] {dagbag.py:538} INFO - Filling up the DagBag from /opt/airflow/dags/dag_crime_pipeline.py
[2026-06-12T02:30:41.690+0000] {processor.py:840} INFO - DAG(s) 'crime_analytics_pipeline' retrieved from /opt/airflow/dags/dag_crime_pipeline.py
[2026-06-12T02:30:41.735+0000] {logging_mixin.py:188} INFO - [2026-06-12T02:30:41.735+0000] {dag.py:3036} INFO - Sync 1 DAGs
[2026-06-12T02:30:41.765+0000] {logging_mixin.py:188} INFO - [2026-06-12T02:30:41.765+0000] {dag.py:3823} INFO - Setting next_dagrun for crime_analytics_pipeline to 2026-06-06 19:00:00+00:00, run_after=2026-06-13 19:00:00+00:00
[2026-06-12T02:30:41.791+0000] {processor.py:183} INFO - Processing /opt/airflow/dags/dag_crime_pipeline.py took 0.163 seconds
[2026-06-12T02:31:12.009+0000] {processor.py:161} INFO - Started process (PID=659) to work on /opt/airflow/dags/dag_crime_pipeline.py
[2026-06-12T02:31:12.010+0000] {processor.py:830} INFO - Processing file /opt/airflow/dags/dag_crime_pipeline.py for tasks to queue
[2026-06-12T02:31:12.013+0000] {logging_mixin.py:188} INFO - [2026-06-12T02:31:12.012+0000] {dagbag.py:538} INFO - Filling up the DagBag from /opt/airflow/dags/dag_crime_pipeline.py
[2026-06-12T02:31:12.058+0000] {processor.py:840} INFO - DAG(s) 'crime_analytics_pipeline' retrieved from /opt/airflow/dags/dag_crime_pipeline.py
[2026-06-12T02:31:12.101+0000] {logging_mixin.py:188} INFO - [2026-06-12T02:31:12.100+0000] {dag.py:3036} INFO - Sync 1 DAGs
[2026-06-12T02:31:12.356+0000] {logging_mixin.py:188} INFO - [2026-06-12T02:31:12.355+0000] {dag.py:3823} INFO - Setting next_dagrun for crime_analytics_pipeline to 2026-06-06 19:00:00+00:00, run_after=2026-06-13 19:00:00+00:00
[2026-06-12T02:31:12.377+0000] {processor.py:183} INFO - Processing /opt/airflow/dags/dag_crime_pipeline.py took 0.373 seconds
[2026-06-12T02:31:42.663+0000] {processor.py:161} INFO - Started process (PID=664) to work on /opt/airflow/dags/dag_crime_pipeline.py
[2026-06-12T02:31:42.665+0000] {processor.py:830} INFO - Processing file /opt/airflow/dags/dag_crime_pipeline.py for tasks to queue
[2026-06-12T02:31:42.669+0000] {logging_mixin.py:188} INFO - [2026-06-12T02:31:42.668+0000] {dagbag.py:538} INFO - Filling up the DagBag from /opt/airflow/dags/dag_crime_pipeline.py
[2026-06-12T02:31:42.719+0000] {processor.py:840} INFO - DAG(s) 'crime_analytics_pipeline' retrieved from /opt/airflow/dags/dag_crime_pipeline.py
[2026-06-12T02:31:42.765+0000] {logging_mixin.py:188} INFO - [2026-06-12T02:31:42.764+0000] {dag.py:3036} INFO - Sync 1 DAGs
[2026-06-12T02:31:42.797+0000] {logging_mixin.py:188} INFO - [2026-06-12T02:31:42.797+0000] {dag.py:3823} INFO - Setting next_dagrun for crime_analytics_pipeline to 2026-06-06 19:00:00+00:00, run_after=2026-06-13 19:00:00+00:00
[2026-06-12T02:31:42.848+0000] {processor.py:183} INFO - Processing /opt/airflow/dags/dag_crime_pipeline.py took 0.190 seconds
[2026-06-12T02:32:12.928+0000] {processor.py:161} INFO - Started process (PID=669) to work on /opt/airflow/dags/dag_crime_pipeline.py
[2026-06-12T02:32:12.930+0000] {processor.py:830} INFO - Processing file /opt/airflow/dags/dag_crime_pipeline.py for tasks to queue
[2026-06-12T02:32:12.934+0000] {logging_mixin.py:188} INFO - [2026-06-12T02:32:12.933+0000] {dagbag.py:538} INFO - Filling up the DagBag from /opt/airflow/dags/dag_crime_pipeline.py
[2026-06-12T02:32:12.980+0000] {processor.py:840} INFO - DAG(s) 'crime_analytics_pipeline' retrieved from /opt/airflow/dags/dag_crime_pipeline.py
[2026-06-12T02:32:13.346+0000] {logging_mixin.py:188} INFO - [2026-06-12T02:32:13.346+0000] {dag.py:3036} INFO - Sync 1 DAGs
[2026-06-12T02:32:13.370+0000] {logging_mixin.py:188} INFO - [2026-06-12T02:32:13.370+0000] {dag.py:3823} INFO - Setting next_dagrun for crime_analytics_pipeline to 2026-06-06 19:00:00+00:00, run_after=2026-06-13 19:00:00+00:00
[2026-06-12T02:32:13.400+0000] {processor.py:183} INFO - Processing /opt/airflow/dags/dag_crime_pipeline.py took 0.476 seconds
[2026-06-12T02:32:43.678+0000] {processor.py:161} INFO - Started process (PID=674) to work on /opt/airflow/dags/dag_crime_pipeline.py
[2026-06-12T02:32:43.680+0000] {processor.py:830} INFO - Processing file /opt/airflow/dags/dag_crime_pipeline.py for tasks to queue
[2026-06-12T02:32:43.683+0000] {logging_mixin.py:188} INFO - [2026-06-12T02:32:43.683+0000] {dagbag.py:538} INFO - Filling up the DagBag from /opt/airflow/dags/dag_crime_pipeline.py
[2026-06-12T02:32:43.722+0000] {processor.py:840} INFO - DAG(s) 'crime_analytics_pipeline' retrieved from /opt/airflow/dags/dag_crime_pipeline.py
[2026-06-12T02:32:43.760+0000] {logging_mixin.py:188} INFO - [2026-06-12T02:32:43.759+0000] {dag.py:3036} INFO - Sync 1 DAGs
[2026-06-12T02:32:44.051+0000] {logging_mixin.py:188} INFO - [2026-06-12T02:32:44.050+0000] {dag.py:3823} INFO - Setting next_dagrun for crime_analytics_pipeline to 2026-06-06 19:00:00+00:00, run_after=2026-06-13 19:00:00+00:00
[2026-06-12T02:32:44.096+0000] {processor.py:183} INFO - Processing /opt/airflow/dags/dag_crime_pipeline.py took 0.422 seconds
[2026-06-12T02:33:14.365+0000] {processor.py:161} INFO - Started process (PID=679) to work on /opt/airflow/dags/dag_crime_pipeline.py
[2026-06-12T02:33:14.367+0000] {processor.py:830} INFO - Processing file /opt/airflow/dags/dag_crime_pipeline.py for tasks to queue
[2026-06-12T02:33:14.370+0000] {logging_mixin.py:188} INFO - [2026-06-12T02:33:14.370+0000] {dagbag.py:538} INFO - Filling up the DagBag from /opt/airflow/dags/dag_crime_pipeline.py
[2026-06-12T02:33:14.662+0000] {processor.py:840} INFO - DAG(s) 'crime_analytics_pipeline' retrieved from /opt/airflow/dags/dag_crime_pipeline.py
[2026-06-12T02:33:14.698+0000] {logging_mixin.py:188} INFO - [2026-06-12T02:33:14.697+0000] {dag.py:3036} INFO - Sync 1 DAGs
[2026-06-12T02:33:14.722+0000] {logging_mixin.py:188} INFO - [2026-06-12T02:33:14.722+0000] {dag.py:3823} INFO - Setting next_dagrun for crime_analytics_pipeline to 2026-06-06 19:00:00+00:00, run_after=2026-06-13 19:00:00+00:00
[2026-06-12T02:33:14.767+0000] {processor.py:183} INFO - Processing /opt/airflow/dags/dag_crime_pipeline.py took 0.406 seconds
[2026-06-12T02:33:44.934+0000] {processor.py:161} INFO - Started process (PID=684) to work on /opt/airflow/dags/dag_crime_pipeline.py
[2026-06-12T02:33:44.936+0000] {processor.py:830} INFO - Processing file /opt/airflow/dags/dag_crime_pipeline.py for tasks to queue
[2026-06-12T02:33:44.939+0000] {logging_mixin.py:188} INFO - [2026-06-12T02:33:44.938+0000] {dagbag.py:538} INFO - Filling up the DagBag from /opt/airflow/dags/dag_crime_pipeline.py
[2026-06-12T02:33:44.991+0000] {processor.py:840} INFO - DAG(s) 'crime_analytics_pipeline' retrieved from /opt/airflow/dags/dag_crime_pipeline.py
[2026-06-12T02:33:45.031+0000] {logging_mixin.py:188} INFO - [2026-06-12T02:33:45.030+0000] {dag.py:3036} INFO - Sync 1 DAGs
[2026-06-12T02:33:45.058+0000] {logging_mixin.py:188} INFO - [2026-06-12T02:33:45.057+0000] {dag.py:3823} INFO - Setting next_dagrun for crime_analytics_pipeline to 2026-06-06 19:00:00+00:00, run_after=2026-06-13 19:00:00+00:00
[2026-06-12T02:33:45.081+0000] {processor.py:183} INFO - Processing /opt/airflow/dags/dag_crime_pipeline.py took 0.151 seconds
[2026-06-12T02:34:15.226+0000] {processor.py:161} INFO - Started process (PID=689) to work on /opt/airflow/dags/dag_crime_pipeline.py
[2026-06-12T02:34:15.228+0000] {processor.py:830} INFO - Processing file /opt/airflow/dags/dag_crime_pipeline.py for tasks to queue
[2026-06-12T02:34:15.231+0000] {logging_mixin.py:188} INFO - [2026-06-12T02:34:15.231+0000] {dagbag.py:538} INFO - Filling up the DagBag from /opt/airflow/dags/dag_crime_pipeline.py
[2026-06-12T02:34:15.281+0000] {processor.py:840} INFO - DAG(s) 'crime_analytics_pipeline' retrieved from /opt/airflow/dags/dag_crime_pipeline.py
[2026-06-12T02:34:15.325+0000] {logging_mixin.py:188} INFO - [2026-06-12T02:34:15.324+0000] {dag.py:3036} INFO - Sync 1 DAGs
[2026-06-12T02:34:15.352+0000] {logging_mixin.py:188} INFO - [2026-06-12T02:34:15.352+0000] {dag.py:3823} INFO - Setting next_dagrun for crime_analytics_pipeline to 2026-06-06 19:00:00+00:00, run_after=2026-06-13 19:00:00+00:00
[2026-06-12T02:34:15.397+0000] {processor.py:183} INFO - Processing /opt/airflow/dags/dag_crime_pipeline.py took 0.175 seconds
[2026-06-12T02:34:45.514+0000] {processor.py:161} INFO - Started process (PID=694) to work on /opt/airflow/dags/dag_crime_pipeline.py
[2026-06-12T02:34:45.515+0000] {processor.py:830} INFO - Processing file /opt/airflow/dags/dag_crime_pipeline.py for tasks to queue
[2026-06-12T02:34:45.519+0000] {logging_mixin.py:188} INFO - [2026-06-12T02:34:45.518+0000] {dagbag.py:538} INFO - Filling up the DagBag from /opt/airflow/dags/dag_crime_pipeline.py
[2026-06-12T02:34:45.572+0000] {processor.py:840} INFO - DAG(s) 'crime_analytics_pipeline' retrieved from /opt/airflow/dags/dag_crime_pipeline.py
[2026-06-12T02:34:45.612+0000] {logging_mixin.py:188} INFO - [2026-06-12T02:34:45.611+0000] {dag.py:3036} INFO - Sync 1 DAGs
[2026-06-12T02:34:45.644+0000] {logging_mixin.py:188} INFO - [2026-06-12T02:34:45.643+0000] {dag.py:3823} INFO - Setting next_dagrun for crime_analytics_pipeline to 2026-06-06 19:00:00+00:00, run_after=2026-06-13 19:00:00+00:00
[2026-06-12T02:34:45.688+0000] {processor.py:183} INFO - Processing /opt/airflow/dags/dag_crime_pipeline.py took 0.179 seconds
[2026-06-12T02:35:15.857+0000] {processor.py:161} INFO - Started process (PID=699) to work on /opt/airflow/dags/dag_crime_pipeline.py
[2026-06-12T02:35:15.858+0000] {processor.py:830} INFO - Processing file /opt/airflow/dags/dag_crime_pipeline.py for tasks to queue
[2026-06-12T02:35:15.862+0000] {logging_mixin.py:188} INFO - [2026-06-12T02:35:15.861+0000] {dagbag.py:538} INFO - Filling up the DagBag from /opt/airflow/dags/dag_crime_pipeline.py
[2026-06-12T02:35:15.914+0000] {processor.py:840} INFO - DAG(s) 'crime_analytics_pipeline' retrieved from /opt/airflow/dags/dag_crime_pipeline.py
[2026-06-12T02:35:15.953+0000] {logging_mixin.py:188} INFO - [2026-06-12T02:35:15.953+0000] {dag.py:3036} INFO - Sync 1 DAGs
[2026-06-12T02:35:15.988+0000] {logging_mixin.py:188} INFO - [2026-06-12T02:35:15.987+0000] {dag.py:3823} INFO - Setting next_dagrun for crime_analytics_pipeline to 2026-06-06 19:00:00+00:00, run_after=2026-06-13 19:00:00+00:00
[2026-06-12T02:35:16.016+0000] {processor.py:183} INFO - Processing /opt/airflow/dags/dag_crime_pipeline.py took 0.164 seconds
[2026-06-12T02:35:46.200+0000] {processor.py:161} INFO - Started process (PID=704) to work on /opt/airflow/dags/dag_crime_pipeline.py
[2026-06-12T02:35:46.201+0000] {processor.py:830} INFO - Processing file /opt/airflow/dags/dag_crime_pipeline.py for tasks to queue
[2026-06-12T02:35:46.205+0000] {logging_mixin.py:188} INFO - [2026-06-12T02:35:46.204+0000] {dagbag.py:538} INFO - Filling up the DagBag from /opt/airflow/dags/dag_crime_pipeline.py
[2026-06-12T02:35:46.254+0000] {processor.py:840} INFO - DAG(s) 'crime_analytics_pipeline' retrieved from /opt/airflow/dags/dag_crime_pipeline.py
[2026-06-12T02:35:46.298+0000] {logging_mixin.py:188} INFO - [2026-06-12T02:35:46.297+0000] {dag.py:3036} INFO - Sync 1 DAGs
[2026-06-12T02:35:46.327+0000] {logging_mixin.py:188} INFO - [2026-06-12T02:35:46.327+0000] {dag.py:3823} INFO - Setting next_dagrun for crime_analytics_pipeline to 2026-06-06 19:00:00+00:00, run_after=2026-06-13 19:00:00+00:00
[2026-06-12T02:35:46.353+0000] {processor.py:183} INFO - Processing /opt/airflow/dags/dag_crime_pipeline.py took 0.159 seconds
[2026-06-12T02:36:16.514+0000] {processor.py:161} INFO - Started process (PID=709) to work on /opt/airflow/dags/dag_crime_pipeline.py
[2026-06-12T02:36:16.515+0000] {processor.py:830} INFO - Processing file /opt/airflow/dags/dag_crime_pipeline.py for tasks to queue
[2026-06-12T02:36:16.519+0000] {logging_mixin.py:188} INFO - [2026-06-12T02:36:16.518+0000] {dagbag.py:538} INFO - Filling up the DagBag from /opt/airflow/dags/dag_crime_pipeline.py
[2026-06-12T02:36:16.563+0000] {processor.py:840} INFO - DAG(s) 'crime_analytics_pipeline' retrieved from /opt/airflow/dags/dag_crime_pipeline.py
[2026-06-12T02:36:16.603+0000] {logging_mixin.py:188} INFO - [2026-06-12T02:36:16.602+0000] {dag.py:3036} INFO - Sync 1 DAGs
[2026-06-12T02:36:16.634+0000] {logging_mixin.py:188} INFO - [2026-06-12T02:36:16.634+0000] {dag.py:3823} INFO - Setting next_dagrun for crime_analytics_pipeline to 2026-06-06 19:00:00+00:00, run_after=2026-06-13 19:00:00+00:00
[2026-06-12T02:36:16.682+0000] {processor.py:183} INFO - Processing /opt/airflow/dags/dag_crime_pipeline.py took 0.174 seconds
[2026-06-12T02:36:46.761+0000] {processor.py:161} INFO - Started process (PID=714) to work on /opt/airflow/dags/dag_crime_pipeline.py
[2026-06-12T02:36:46.763+0000] {processor.py:830} INFO - Processing file /opt/airflow/dags/dag_crime_pipeline.py for tasks to queue
[2026-06-12T02:36:46.765+0000] {logging_mixin.py:188} INFO - [2026-06-12T02:36:46.765+0000] {dagbag.py:538} INFO - Filling up the DagBag from /opt/airflow/dags/dag_crime_pipeline.py
[2026-06-12T02:36:46.811+0000] {processor.py:840} INFO - DAG(s) 'crime_analytics_pipeline' retrieved from /opt/airflow/dags/dag_crime_pipeline.py
[2026-06-12T02:36:46.855+0000] {logging_mixin.py:188} INFO - [2026-06-12T02:36:46.854+0000] {dag.py:3036} INFO - Sync 1 DAGs
[2026-06-12T02:36:46.890+0000] {logging_mixin.py:188} INFO - [2026-06-12T02:36:46.890+0000] {dag.py:3823} INFO - Setting next_dagrun for crime_analytics_pipeline to 2026-06-06 19:00:00+00:00, run_after=2026-06-13 19:00:00+00:00
[2026-06-12T02:36:46.936+0000] {processor.py:183} INFO - Processing /opt/airflow/dags/dag_crime_pipeline.py took 0.180 seconds
[2026-06-12T02:37:17.092+0000] {processor.py:161} INFO - Started process (PID=719) to work on /opt/airflow/dags/dag_crime_pipeline.py
[2026-06-12T02:37:17.093+0000] {processor.py:830} INFO - Processing file /opt/airflow/dags/dag_crime_pipeline.py for tasks to queue
[2026-06-12T02:37:17.097+0000] {logging_mixin.py:188} INFO - [2026-06-12T02:37:17.096+0000] {dagbag.py:538} INFO - Filling up the DagBag from /opt/airflow/dags/dag_crime_pipeline.py
[2026-06-12T02:37:17.147+0000] {processor.py:840} INFO - DAG(s) 'crime_analytics_pipeline' retrieved from /opt/airflow/dags/dag_crime_pipeline.py
[2026-06-12T02:37:17.192+0000] {logging_mixin.py:188} INFO - [2026-06-12T02:37:17.191+0000] {dag.py:3036} INFO - Sync 1 DAGs
[2026-06-12T02:37:17.222+0000] {logging_mixin.py:188} INFO - [2026-06-12T02:37:17.222+0000] {dag.py:3823} INFO - Setting next_dagrun for crime_analytics_pipeline to 2026-06-06 19:00:00+00:00, run_after=2026-06-13 19:00:00+00:00
[2026-06-12T02:37:17.267+0000] {processor.py:183} INFO - Processing /opt/airflow/dags/dag_crime_pipeline.py took 0.180 seconds
[2026-06-12T02:37:47.389+0000] {processor.py:161} INFO - Started process (PID=724) to work on /opt/airflow/dags/dag_crime_pipeline.py
[2026-06-12T02:37:47.390+0000] {processor.py:830} INFO - Processing file /opt/airflow/dags/dag_crime_pipeline.py for tasks to queue
[2026-06-12T02:37:47.394+0000] {logging_mixin.py:188} INFO - [2026-06-12T02:37:47.393+0000] {dagbag.py:538} INFO - Filling up the DagBag from /opt/airflow/dags/dag_crime_pipeline.py
[2026-06-12T02:37:47.438+0000] {processor.py:840} INFO - DAG(s) 'crime_analytics_pipeline' retrieved from /opt/airflow/dags/dag_crime_pipeline.py
[2026-06-12T02:37:47.485+0000] {logging_mixin.py:188} INFO - [2026-06-12T02:37:47.484+0000] {dag.py:3036} INFO - Sync 1 DAGs
[2026-06-12T02:37:47.520+0000] {logging_mixin.py:188} INFO - [2026-06-12T02:37:47.519+0000] {dag.py:3823} INFO - Setting next_dagrun for crime_analytics_pipeline to 2026-06-06 19:00:00+00:00, run_after=2026-06-13 19:00:00+00:00
[2026-06-12T02:37:47.571+0000] {processor.py:183} INFO - Processing /opt/airflow/dags/dag_crime_pipeline.py took 0.187 seconds
[2026-06-12T02:38:17.714+0000] {processor.py:161} INFO - Started process (PID=729) to work on /opt/airflow/dags/dag_crime_pipeline.py
[2026-06-12T02:38:17.716+0000] {processor.py:830} INFO - Processing file /opt/airflow/dags/dag_crime_pipeline.py for tasks to queue
[2026-06-12T02:38:17.719+0000] {logging_mixin.py:188} INFO - [2026-06-12T02:38:17.718+0000] {dagbag.py:538} INFO - Filling up the DagBag from /opt/airflow/dags/dag_crime_pipeline.py
[2026-06-12T02:38:17.769+0000] {processor.py:840} INFO - DAG(s) 'crime_analytics_pipeline' retrieved from /opt/airflow/dags/dag_crime_pipeline.py
[2026-06-12T02:38:17.811+0000] {logging_mixin.py:188} INFO - [2026-06-12T02:38:17.810+0000] {dag.py:3036} INFO - Sync 1 DAGs
[2026-06-12T02:38:17.845+0000] {logging_mixin.py:188} INFO - [2026-06-12T02:38:17.844+0000] {dag.py:3823} INFO - Setting next_dagrun for crime_analytics_pipeline to 2026-06-06 19:00:00+00:00, run_after=2026-06-13 19:00:00+00:00
[2026-06-12T02:38:17.874+0000] {processor.py:183} INFO - Processing /opt/airflow/dags/dag_crime_pipeline.py took 0.165 seconds
[2026-06-12T02:38:48.046+0000] {processor.py:161} INFO - Started process (PID=734) to work on /opt/airflow/dags/dag_crime_pipeline.py
[2026-06-12T02:38:48.048+0000] {processor.py:830} INFO - Processing file /opt/airflow/dags/dag_crime_pipeline.py for tasks to queue
[2026-06-12T02:38:48.052+0000] {logging_mixin.py:188} INFO - [2026-06-12T02:38:48.051+0000] {dagbag.py:538} INFO - Filling up the DagBag from /opt/airflow/dags/dag_crime_pipeline.py
[2026-06-12T02:38:48.101+0000] {processor.py:840} INFO - DAG(s) 'crime_analytics_pipeline' retrieved from /opt/airflow/dags/dag_crime_pipeline.py
[2026-06-12T02:38:48.142+0000] {logging_mixin.py:188} INFO - [2026-06-12T02:38:48.142+0000] {dag.py:3036} INFO - Sync 1 DAGs
[2026-06-12T02:38:48.170+0000] {logging_mixin.py:188} INFO - [2026-06-12T02:38:48.170+0000] {dag.py:3823} INFO - Setting next_dagrun for crime_analytics_pipeline to 2026-06-06 19:00:00+00:00, run_after=2026-06-13 19:00:00+00:00
[2026-06-12T02:38:48.195+0000] {processor.py:183} INFO - Processing /opt/airflow/dags/dag_crime_pipeline.py took 0.153 seconds
[2026-06-12T02:39:18.356+0000] {processor.py:161} INFO - Started process (PID=739) to work on /opt/airflow/dags/dag_crime_pipeline.py
[2026-06-12T02:39:18.358+0000] {processor.py:830} INFO - Processing file /opt/airflow/dags/dag_crime_pipeline.py for tasks to queue
[2026-06-12T02:39:18.362+0000] {logging_mixin.py:188} INFO - [2026-06-12T02:39:18.361+0000] {dagbag.py:538} INFO - Filling up the DagBag from /opt/airflow/dags/dag_crime_pipeline.py
[2026-06-12T02:39:18.410+0000] {processor.py:840} INFO - DAG(s) 'crime_analytics_pipeline' retrieved from /opt/airflow/dags/dag_crime_pipeline.py
[2026-06-12T02:39:18.453+0000] {logging_mixin.py:188} INFO - [2026-06-12T02:39:18.453+0000] {dag.py:3036} INFO - Sync 1 DAGs
[2026-06-12T02:39:18.487+0000] {logging_mixin.py:188} INFO - [2026-06-12T02:39:18.486+0000] {dag.py:3823} INFO - Setting next_dagrun for crime_analytics_pipeline to 2026-06-06 19:00:00+00:00, run_after=2026-06-13 19:00:00+00:00
[2026-06-12T02:39:18.513+0000] {processor.py:183} INFO - Processing /opt/airflow/dags/dag_crime_pipeline.py took 0.162 seconds
[2026-06-12T02:39:48.670+0000] {processor.py:161} INFO - Started process (PID=744) to work on /opt/airflow/dags/dag_crime_pipeline.py
[2026-06-12T02:39:48.672+0000] {processor.py:830} INFO - Processing file /opt/airflow/dags/dag_crime_pipeline.py for tasks to queue
[2026-06-12T02:39:48.675+0000] {logging_mixin.py:188} INFO - [2026-06-12T02:39:48.674+0000] {dagbag.py:538} INFO - Filling up the DagBag from /opt/airflow/dags/dag_crime_pipeline.py
[2026-06-12T02:39:48.724+0000] {processor.py:840} INFO - DAG(s) 'crime_analytics_pipeline' retrieved from /opt/airflow/dags/dag_crime_pipeline.py
[2026-06-12T02:39:48.759+0000] {logging_mixin.py:188} INFO - [2026-06-12T02:39:48.759+0000] {dag.py:3036} INFO - Sync 1 DAGs
[2026-06-12T02:39:48.787+0000] {logging_mixin.py:188} INFO - [2026-06-12T02:39:48.786+0000] {dag.py:3823} INFO - Setting next_dagrun for crime_analytics_pipeline to 2026-06-06 19:00:00+00:00, run_after=2026-06-13 19:00:00+00:00
[2026-06-12T02:39:48.812+0000] {processor.py:183} INFO - Processing /opt/airflow/dags/dag_crime_pipeline.py took 0.147 seconds
[2026-06-12T02:40:18.969+0000] {processor.py:161} INFO - Started process (PID=749) to work on /opt/airflow/dags/dag_crime_pipeline.py
[2026-06-12T02:40:18.971+0000] {processor.py:830} INFO - Processing file /opt/airflow/dags/dag_crime_pipeline.py for tasks to queue
[2026-06-12T02:40:18.976+0000] {logging_mixin.py:188} INFO - [2026-06-12T02:40:18.975+0000] {dagbag.py:538} INFO - Filling up the DagBag from /opt/airflow/dags/dag_crime_pipeline.py
[2026-06-12T02:40:19.028+0000] {processor.py:840} INFO - DAG(s) 'crime_analytics_pipeline' retrieved from /opt/airflow/dags/dag_crime_pipeline.py
[2026-06-12T02:40:19.071+0000] {logging_mixin.py:188} INFO - [2026-06-12T02:40:19.070+0000] {dag.py:3036} INFO - Sync 1 DAGs
[2026-06-12T02:40:19.099+0000] {logging_mixin.py:188} INFO - [2026-06-12T02:40:19.099+0000] {dag.py:3823} INFO - Setting next_dagrun for crime_analytics_pipeline to 2026-06-06 19:00:00+00:00, run_after=2026-06-13 19:00:00+00:00
[2026-06-12T02:40:19.129+0000] {processor.py:183} INFO - Processing /opt/airflow/dags/dag_crime_pipeline.py took 0.164 seconds
[2026-06-12T02:40:49.303+0000] {processor.py:161} INFO - Started process (PID=754) to work on /opt/airflow/dags/dag_crime_pipeline.py
[2026-06-12T02:40:49.306+0000] {processor.py:830} INFO - Processing file /opt/airflow/dags/dag_crime_pipeline.py for tasks to queue
[2026-06-12T02:40:49.310+0000] {logging_mixin.py:188} INFO - [2026-06-12T02:40:49.309+0000] {dagbag.py:538} INFO - Filling up the DagBag from /opt/airflow/dags/dag_crime_pipeline.py
[2026-06-12T02:40:49.362+0000] {processor.py:840} INFO - DAG(s) 'crime_analytics_pipeline' retrieved from /opt/airflow/dags/dag_crime_pipeline.py
[2026-06-12T02:40:49.409+0000] {logging_mixin.py:188} INFO - [2026-06-12T02:40:49.408+0000] {dag.py:3036} INFO - Sync 1 DAGs
[2026-06-12T02:40:49.436+0000] {logging_mixin.py:188} INFO - [2026-06-12T02:40:49.435+0000] {dag.py:3823} INFO - Setting next_dagrun for crime_analytics_pipeline to 2026-06-06 19:00:00+00:00, run_after=2026-06-13 19:00:00+00:00
[2026-06-12T02:40:49.461+0000] {processor.py:183} INFO - Processing /opt/airflow/dags/dag_crime_pipeline.py took 0.163 seconds
[2026-06-12T02:41:19.651+0000] {processor.py:161} INFO - Started process (PID=759) to work on /opt/airflow/dags/dag_crime_pipeline.py
[2026-06-12T02:41:19.653+0000] {processor.py:830} INFO - Processing file /opt/airflow/dags/dag_crime_pipeline.py for tasks to queue
[2026-06-12T02:41:19.656+0000] {logging_mixin.py:188} INFO - [2026-06-12T02:41:19.655+0000] {dagbag.py:538} INFO - Filling up the DagBag from /opt/airflow/dags/dag_crime_pipeline.py
[2026-06-12T02:41:19.703+0000] {processor.py:840} INFO - DAG(s) 'crime_analytics_pipeline' retrieved from /opt/airflow/dags/dag_crime_pipeline.py
[2026-06-12T02:41:19.750+0000] {logging_mixin.py:188} INFO - [2026-06-12T02:41:19.749+0000] {dag.py:3036} INFO - Sync 1 DAGs
[2026-06-12T02:41:19.787+0000] {logging_mixin.py:188} INFO - [2026-06-12T02:41:19.787+0000] {dag.py:3823} INFO - Setting next_dagrun for crime_analytics_pipeline to 2026-06-06 19:00:00+00:00, run_after=2026-06-13 19:00:00+00:00
[2026-06-12T02:41:19.811+0000] {processor.py:183} INFO - Processing /opt/airflow/dags/dag_crime_pipeline.py took 0.164 seconds
[2026-06-12T02:41:49.920+0000] {processor.py:161} INFO - Started process (PID=764) to work on /opt/airflow/dags/dag_crime_pipeline.py
[2026-06-12T02:41:49.921+0000] {processor.py:830} INFO - Processing file /opt/airflow/dags/dag_crime_pipeline.py for tasks to queue
[2026-06-12T02:41:49.926+0000] {logging_mixin.py:188} INFO - [2026-06-12T02:41:49.925+0000] {dagbag.py:538} INFO - Filling up the DagBag from /opt/airflow/dags/dag_crime_pipeline.py
[2026-06-12T02:41:49.983+0000] {processor.py:840} INFO - DAG(s) 'crime_analytics_pipeline' retrieved from /opt/airflow/dags/dag_crime_pipeline.py
[2026-06-12T02:41:50.033+0000] {logging_mixin.py:188} INFO - [2026-06-12T02:41:50.032+0000] {dag.py:3036} INFO - Sync 1 DAGs
[2026-06-12T02:41:50.066+0000] {logging_mixin.py:188} INFO - [2026-06-12T02:41:50.065+0000] {dag.py:3823} INFO - Setting next_dagrun for crime_analytics_pipeline to 2026-06-06 19:00:00+00:00, run_after=2026-06-13 19:00:00+00:00
[2026-06-12T02:41:50.095+0000] {processor.py:183} INFO - Processing /opt/airflow/dags/dag_crime_pipeline.py took 0.181 seconds
[2026-06-12T02:42:20.287+0000] {processor.py:161} INFO - Started process (PID=769) to work on /opt/airflow/dags/dag_crime_pipeline.py
[2026-06-12T02:42:20.288+0000] {processor.py:830} INFO - Processing file /opt/airflow/dags/dag_crime_pipeline.py for tasks to queue
[2026-06-12T02:42:20.292+0000] {logging_mixin.py:188} INFO - [2026-06-12T02:42:20.291+0000] {dagbag.py:538} INFO - Filling up the DagBag from /opt/airflow/dags/dag_crime_pipeline.py
[2026-06-12T02:42:20.394+0000] {processor.py:840} INFO - DAG(s) 'crime_analytics_pipeline' retrieved from /opt/airflow/dags/dag_crime_pipeline.py
[2026-06-12T02:42:20.469+0000] {logging_mixin.py:188} INFO - [2026-06-12T02:42:20.468+0000] {dag.py:3036} INFO - Sync 1 DAGs
[2026-06-12T02:42:20.501+0000] {logging_mixin.py:188} INFO - [2026-06-12T02:42:20.501+0000] {dag.py:3823} INFO - Setting next_dagrun for crime_analytics_pipeline to 2026-06-06 19:00:00+00:00, run_after=2026-06-13 19:00:00+00:00
[2026-06-12T02:42:20.527+0000] {processor.py:183} INFO - Processing /opt/airflow/dags/dag_crime_pipeline.py took 0.246 seconds
[2026-06-12T02:42:50.594+0000] {processor.py:161} INFO - Started process (PID=774) to work on /opt/airflow/dags/dag_crime_pipeline.py
[2026-06-12T02:42:50.595+0000] {processor.py:830} INFO - Processing file /opt/airflow/dags/dag_crime_pipeline.py for tasks to queue
[2026-06-12T02:42:50.599+0000] {logging_mixin.py:188} INFO - [2026-06-12T02:42:50.598+0000] {dagbag.py:538} INFO - Filling up the DagBag from /opt/airflow/dags/dag_crime_pipeline.py
[2026-06-12T02:42:50.644+0000] {processor.py:840} INFO - DAG(s) 'crime_analytics_pipeline' retrieved from /opt/airflow/dags/dag_crime_pipeline.py
[2026-06-12T02:42:50.693+0000] {logging_mixin.py:188} INFO - [2026-06-12T02:42:50.693+0000] {dag.py:3036} INFO - Sync 1 DAGs
[2026-06-12T02:42:50.723+0000] {logging_mixin.py:188} INFO - [2026-06-12T02:42:50.723+0000] {dag.py:3823} INFO - Setting next_dagrun for crime_analytics_pipeline to 2026-06-06 19:00:00+00:00, run_after=2026-06-13 19:00:00+00:00
[2026-06-12T02:42:50.753+0000] {processor.py:183} INFO - Processing /opt/airflow/dags/dag_crime_pipeline.py took 0.163 seconds
[2026-06-12T02:43:21.013+0000] {processor.py:161} INFO - Started process (PID=779) to work on /opt/airflow/dags/dag_crime_pipeline.py
[2026-06-12T02:43:21.015+0000] {processor.py:830} INFO - Processing file /opt/airflow/dags/dag_crime_pipeline.py for tasks to queue
[2026-06-12T02:43:21.018+0000] {logging_mixin.py:188} INFO - [2026-06-12T02:43:21.018+0000] {dagbag.py:538} INFO - Filling up the DagBag from /opt/airflow/dags/dag_crime_pipeline.py
[2026-06-12T02:43:21.061+0000] {processor.py:840} INFO - DAG(s) 'crime_analytics_pipeline' retrieved from /opt/airflow/dags/dag_crime_pipeline.py
[2026-06-12T02:43:21.101+0000] {logging_mixin.py:188} INFO - [2026-06-12T02:43:21.101+0000] {dag.py:3036} INFO - Sync 1 DAGs
[2026-06-12T02:43:21.133+0000] {logging_mixin.py:188} INFO - [2026-06-12T02:43:21.133+0000] {dag.py:3823} INFO - Setting next_dagrun for crime_analytics_pipeline to 2026-06-06 19:00:00+00:00, run_after=2026-06-13 19:00:00+00:00
[2026-06-12T02:43:21.160+0000] {processor.py:183} INFO - Processing /opt/airflow/dags/dag_crime_pipeline.py took 0.152 seconds
[2026-06-12T02:43:51.298+0000] {processor.py:161} INFO - Started process (PID=784) to work on /opt/airflow/dags/dag_crime_pipeline.py
[2026-06-12T02:43:51.300+0000] {processor.py:830} INFO - Processing file /opt/airflow/dags/dag_crime_pipeline.py for tasks to queue
[2026-06-12T02:43:51.302+0000] {logging_mixin.py:188} INFO - [2026-06-12T02:43:51.302+0000] {dagbag.py:538} INFO - Filling up the DagBag from /opt/airflow/dags/dag_crime_pipeline.py
[2026-06-12T02:43:51.348+0000] {processor.py:840} INFO - DAG(s) 'crime_analytics_pipeline' retrieved from /opt/airflow/dags/dag_crime_pipeline.py
[2026-06-12T02:43:51.385+0000] {logging_mixin.py:188} INFO - [2026-06-12T02:43:51.384+0000] {dag.py:3036} INFO - Sync 1 DAGs
[2026-06-12T02:43:51.410+0000] {logging_mixin.py:188} INFO - [2026-06-12T02:43:51.409+0000] {dag.py:3823} INFO - Setting next_dagrun for crime_analytics_pipeline to 2026-06-06 19:00:00+00:00, run_after=2026-06-13 19:00:00+00:00
[2026-06-12T02:43:51.434+0000] {processor.py:183} INFO - Processing /opt/airflow/dags/dag_crime_pipeline.py took 0.142 seconds
[2026-06-12T02:44:21.606+0000] {processor.py:161} INFO - Started process (PID=789) to work on /opt/airflow/dags/dag_crime_pipeline.py
[2026-06-12T02:44:21.608+0000] {processor.py:830} INFO - Processing file /opt/airflow/dags/dag_crime_pipeline.py for tasks to queue
[2026-06-12T02:44:21.610+0000] {logging_mixin.py:188} INFO - [2026-06-12T02:44:21.610+0000] {dagbag.py:538} INFO - Filling up the DagBag from /opt/airflow/dags/dag_crime_pipeline.py
[2026-06-12T02:44:21.654+0000] {processor.py:840} INFO - DAG(s) 'crime_analytics_pipeline' retrieved from /opt/airflow/dags/dag_crime_pipeline.py
[2026-06-12T02:44:21.691+0000] {logging_mixin.py:188} INFO - [2026-06-12T02:44:21.691+0000] {dag.py:3036} INFO - Sync 1 DAGs
[2026-06-12T02:44:21.717+0000] {logging_mixin.py:188} INFO - [2026-06-12T02:44:21.716+0000] {dag.py:3823} INFO - Setting next_dagrun for crime_analytics_pipeline to 2026-06-06 19:00:00+00:00, run_after=2026-06-13 19:00:00+00:00
[2026-06-12T02:44:21.740+0000] {processor.py:183} INFO - Processing /opt/airflow/dags/dag_crime_pipeline.py took 0.139 seconds
[2026-06-12T02:44:51.938+0000] {processor.py:161} INFO - Started process (PID=794) to work on /opt/airflow/dags/dag_crime_pipeline.py
[2026-06-12T02:44:51.940+0000] {processor.py:830} INFO - Processing file /opt/airflow/dags/dag_crime_pipeline.py for tasks to queue
[2026-06-12T02:44:51.943+0000] {logging_mixin.py:188} INFO - [2026-06-12T02:44:51.942+0000] {dagbag.py:538} INFO - Filling up the DagBag from /opt/airflow/dags/dag_crime_pipeline.py
[2026-06-12T02:44:51.991+0000] {processor.py:840} INFO - DAG(s) 'crime_analytics_pipeline' retrieved from /opt/airflow/dags/dag_crime_pipeline.py
[2026-06-12T02:44:52.028+0000] {logging_mixin.py:188} INFO - [2026-06-12T02:44:52.027+0000] {dag.py:3036} INFO - Sync 1 DAGs
[2026-06-12T02:44:52.057+0000] {logging_mixin.py:188} INFO - [2026-06-12T02:44:52.057+0000] {dag.py:3823} INFO - Setting next_dagrun for crime_analytics_pipeline to 2026-06-06 19:00:00+00:00, run_after=2026-06-13 19:00:00+00:00
[2026-06-12T02:44:52.079+0000] {processor.py:183} INFO - Processing /opt/airflow/dags/dag_crime_pipeline.py took 0.148 seconds
[2026-06-12T02:45:22.278+0000] {processor.py:161} INFO - Started process (PID=799) to work on /opt/airflow/dags/dag_crime_pipeline.py
[2026-06-12T02:45:22.281+0000] {processor.py:830} INFO - Processing file /opt/airflow/dags/dag_crime_pipeline.py for tasks to queue
[2026-06-12T02:45:22.284+0000] {logging_mixin.py:188} INFO - [2026-06-12T02:45:22.283+0000] {dagbag.py:538} INFO - Filling up the DagBag from /opt/airflow/dags/dag_crime_pipeline.py
[2026-06-12T02:45:22.327+0000] {processor.py:840} INFO - DAG(s) 'crime_analytics_pipeline' retrieved from /opt/airflow/dags/dag_crime_pipeline.py
[2026-06-12T02:45:22.361+0000] {logging_mixin.py:188} INFO - [2026-06-12T02:45:22.361+0000] {dag.py:3036} INFO - Sync 1 DAGs
[2026-06-12T02:45:22.389+0000] {logging_mixin.py:188} INFO - [2026-06-12T02:45:22.389+0000] {dag.py:3823} INFO - Setting next_dagrun for crime_analytics_pipeline to 2026-06-06 19:00:00+00:00, run_after=2026-06-13 19:00:00+00:00
[2026-06-12T02:45:22.411+0000] {processor.py:183} INFO - Processing /opt/airflow/dags/dag_crime_pipeline.py took 0.137 seconds
[2026-06-12T02:45:52.529+0000] {processor.py:161} INFO - Started process (PID=804) to work on /opt/airflow/dags/dag_crime_pipeline.py
[2026-06-12T02:45:52.531+0000] {processor.py:830} INFO - Processing file /opt/airflow/dags/dag_crime_pipeline.py for tasks to queue
[2026-06-12T02:45:52.534+0000] {logging_mixin.py:188} INFO - [2026-06-12T02:45:52.534+0000] {dagbag.py:538} INFO - Filling up the DagBag from /opt/airflow/dags/dag_crime_pipeline.py
[2026-06-12T02:45:52.583+0000] {processor.py:840} INFO - DAG(s) 'crime_analytics_pipeline' retrieved from /opt/airflow/dags/dag_crime_pipeline.py
[2026-06-12T02:45:52.625+0000] {logging_mixin.py:188} INFO - [2026-06-12T02:45:52.624+0000] {dag.py:3036} INFO - Sync 1 DAGs
[2026-06-12T02:45:52.662+0000] {logging_mixin.py:188} INFO - [2026-06-12T02:45:52.662+0000] {dag.py:3823} INFO - Setting next_dagrun for crime_analytics_pipeline to 2026-06-06 19:00:00+00:00, run_after=2026-06-13 19:00:00+00:00
[2026-06-12T02:45:52.686+0000] {processor.py:183} INFO - Processing /opt/airflow/dags/dag_crime_pipeline.py took 0.162 seconds
[2026-06-12T02:46:22.876+0000] {processor.py:161} INFO - Started process (PID=809) to work on /opt/airflow/dags/dag_crime_pipeline.py
[2026-06-12T02:46:22.878+0000] {processor.py:830} INFO - Processing file /opt/airflow/dags/dag_crime_pipeline.py for tasks to queue
[2026-06-12T02:46:22.881+0000] {logging_mixin.py:188} INFO - [2026-06-12T02:46:22.881+0000] {dagbag.py:538} INFO - Filling up the DagBag from /opt/airflow/dags/dag_crime_pipeline.py
[2026-06-12T02:46:22.929+0000] {processor.py:840} INFO - DAG(s) 'crime_analytics_pipeline' retrieved from /opt/airflow/dags/dag_crime_pipeline.py
[2026-06-12T02:46:22.968+0000] {logging_mixin.py:188} INFO - [2026-06-12T02:46:22.968+0000] {dag.py:3036} INFO - Sync 1 DAGs
[2026-06-12T02:46:22.993+0000] {logging_mixin.py:188} INFO - [2026-06-12T02:46:22.993+0000] {dag.py:3823} INFO - Setting next_dagrun for crime_analytics_pipeline to 2026-06-06 19:00:00+00:00, run_after=2026-06-13 19:00:00+00:00
[2026-06-12T02:46:23.014+0000] {processor.py:183} INFO - Processing /opt/airflow/dags/dag_crime_pipeline.py took 0.143 seconds
[2026-06-12T02:46:53.121+0000] {processor.py:161} INFO - Started process (PID=814) to work on /opt/airflow/dags/dag_crime_pipeline.py
[2026-06-12T02:46:53.124+0000] {processor.py:830} INFO - Processing file /opt/airflow/dags/dag_crime_pipeline.py for tasks to queue
[2026-06-12T02:46:53.127+0000] {logging_mixin.py:188} INFO - [2026-06-12T02:46:53.126+0000] {dagbag.py:538} INFO - Filling up the DagBag from /opt/airflow/dags/dag_crime_pipeline.py
[2026-06-12T02:46:53.173+0000] {processor.py:840} INFO - DAG(s) 'crime_analytics_pipeline' retrieved from /opt/airflow/dags/dag_crime_pipeline.py
[2026-06-12T02:46:53.217+0000] {logging_mixin.py:188} INFO - [2026-06-12T02:46:53.216+0000] {dag.py:3036} INFO - Sync 1 DAGs
[2026-06-12T02:46:53.247+0000] {logging_mixin.py:188} INFO - [2026-06-12T02:46:53.247+0000] {dag.py:3823} INFO - Setting next_dagrun for crime_analytics_pipeline to 2026-06-06 19:00:00+00:00, run_after=2026-06-13 19:00:00+00:00
[2026-06-12T02:46:53.271+0000] {processor.py:183} INFO - Processing /opt/airflow/dags/dag_crime_pipeline.py took 0.155 seconds
[2026-06-12T02:47:23.465+0000] {processor.py:161} INFO - Started process (PID=819) to work on /opt/airflow/dags/dag_crime_pipeline.py
[2026-06-12T02:47:23.466+0000] {processor.py:830} INFO - Processing file /opt/airflow/dags/dag_crime_pipeline.py for tasks to queue
[2026-06-12T02:47:23.469+0000] {logging_mixin.py:188} INFO - [2026-06-12T02:47:23.468+0000] {dagbag.py:538} INFO - Filling up the DagBag from /opt/airflow/dags/dag_crime_pipeline.py
[2026-06-12T02:47:23.517+0000] {processor.py:840} INFO - DAG(s) 'crime_analytics_pipeline' retrieved from /opt/airflow/dags/dag_crime_pipeline.py
[2026-06-12T02:47:23.560+0000] {logging_mixin.py:188} INFO - [2026-06-12T02:47:23.560+0000] {dag.py:3036} INFO - Sync 1 DAGs
[2026-06-12T02:47:23.589+0000] {logging_mixin.py:188} INFO - [2026-06-12T02:47:23.588+0000] {dag.py:3823} INFO - Setting next_dagrun for crime_analytics_pipeline to 2026-06-06 19:00:00+00:00, run_after=2026-06-13 19:00:00+00:00
[2026-06-12T02:47:23.611+0000] {processor.py:183} INFO - Processing /opt/airflow/dags/dag_crime_pipeline.py took 0.149 seconds
[2026-06-12T02:47:53.706+0000] {processor.py:161} INFO - Started process (PID=824) to work on /opt/airflow/dags/dag_crime_pipeline.py
[2026-06-12T02:47:53.707+0000] {processor.py:830} INFO - Processing file /opt/airflow/dags/dag_crime_pipeline.py for tasks to queue
[2026-06-12T02:47:53.710+0000] {logging_mixin.py:188} INFO - [2026-06-12T02:47:53.710+0000] {dagbag.py:538} INFO - Filling up the DagBag from /opt/airflow/dags/dag_crime_pipeline.py
[2026-06-12T02:47:53.757+0000] {processor.py:840} INFO - DAG(s) 'crime_analytics_pipeline' retrieved from /opt/airflow/dags/dag_crime_pipeline.py
[2026-06-12T02:47:53.806+0000] {logging_mixin.py:188} INFO - [2026-06-12T02:47:53.806+0000] {dag.py:3036} INFO - Sync 1 DAGs
[2026-06-12T02:47:53.839+0000] {logging_mixin.py:188} INFO - [2026-06-12T02:47:53.838+0000] {dag.py:3823} INFO - Setting next_dagrun for crime_analytics_pipeline to 2026-06-06 19:00:00+00:00, run_after=2026-06-13 19:00:00+00:00
[2026-06-12T02:47:53.865+0000] {processor.py:183} INFO - Processing /opt/airflow/dags/dag_crime_pipeline.py took 0.165 seconds
[2026-06-12T02:48:24.050+0000] {processor.py:161} INFO - Started process (PID=829) to work on /opt/airflow/dags/dag_crime_pipeline.py
[2026-06-12T02:48:24.052+0000] {processor.py:830} INFO - Processing file /opt/airflow/dags/dag_crime_pipeline.py for tasks to queue
[2026-06-12T02:48:24.055+0000] {logging_mixin.py:188} INFO - [2026-06-12T02:48:24.054+0000] {dagbag.py:538} INFO - Filling up the DagBag from /opt/airflow/dags/dag_crime_pipeline.py
[2026-06-12T02:48:24.103+0000] {processor.py:840} INFO - DAG(s) 'crime_analytics_pipeline' retrieved from /opt/airflow/dags/dag_crime_pipeline.py
[2026-06-12T02:48:24.144+0000] {logging_mixin.py:188} INFO - [2026-06-12T02:48:24.143+0000] {dag.py:3036} INFO - Sync 1 DAGs
[2026-06-12T02:48:24.175+0000] {logging_mixin.py:188} INFO - [2026-06-12T02:48:24.174+0000] {dag.py:3823} INFO - Setting next_dagrun for crime_analytics_pipeline to 2026-06-06 19:00:00+00:00, run_after=2026-06-13 19:00:00+00:00
[2026-06-12T02:48:24.198+0000] {processor.py:183} INFO - Processing /opt/airflow/dags/dag_crime_pipeline.py took 0.153 seconds
[2026-06-12T02:48:54.343+0000] {processor.py:161} INFO - Started process (PID=834) to work on /opt/airflow/dags/dag_crime_pipeline.py
[2026-06-12T02:48:54.345+0000] {processor.py:830} INFO - Processing file /opt/airflow/dags/dag_crime_pipeline.py for tasks to queue
[2026-06-12T02:48:54.349+0000] {logging_mixin.py:188} INFO - [2026-06-12T02:48:54.348+0000] {dagbag.py:538} INFO - Filling up the DagBag from /opt/airflow/dags/dag_crime_pipeline.py
[2026-06-12T02:48:54.403+0000] {processor.py:840} INFO - DAG(s) 'crime_analytics_pipeline' retrieved from /opt/airflow/dags/dag_crime_pipeline.py
[2026-06-12T02:48:54.444+0000] {logging_mixin.py:188} INFO - [2026-06-12T02:48:54.444+0000] {dag.py:3036} INFO - Sync 1 DAGs
[2026-06-12T02:48:54.472+0000] {logging_mixin.py:188} INFO - [2026-06-12T02:48:54.471+0000] {dag.py:3823} INFO - Setting next_dagrun for crime_analytics_pipeline to 2026-06-06 19:00:00+00:00, run_after=2026-06-13 19:00:00+00:00
[2026-06-12T02:48:54.497+0000] {processor.py:183} INFO - Processing /opt/airflow/dags/dag_crime_pipeline.py took 0.159 seconds
[2026-06-12T02:49:24.643+0000] {processor.py:161} INFO - Started process (PID=839) to work on /opt/airflow/dags/dag_crime_pipeline.py
[2026-06-12T02:49:24.644+0000] {processor.py:830} INFO - Processing file /opt/airflow/dags/dag_crime_pipeline.py for tasks to queue
[2026-06-12T02:49:24.647+0000] {logging_mixin.py:188} INFO - [2026-06-12T02:49:24.646+0000] {dagbag.py:538} INFO - Filling up the DagBag from /opt/airflow/dags/dag_crime_pipeline.py
[2026-06-12T02:49:24.695+0000] {processor.py:840} INFO - DAG(s) 'crime_analytics_pipeline' retrieved from /opt/airflow/dags/dag_crime_pipeline.py
[2026-06-12T02:49:24.734+0000] {logging_mixin.py:188} INFO - [2026-06-12T02:49:24.733+0000] {dag.py:3036} INFO - Sync 1 DAGs
[2026-06-12T02:49:24.762+0000] {logging_mixin.py:188} INFO - [2026-06-12T02:49:24.762+0000] {dag.py:3823} INFO - Setting next_dagrun for crime_analytics_pipeline to 2026-06-06 19:00:00+00:00, run_after=2026-06-13 19:00:00+00:00
[2026-06-12T02:49:24.786+0000] {processor.py:183} INFO - Processing /opt/airflow/dags/dag_crime_pipeline.py took 0.148 seconds
[2026-06-12T02:49:54.950+0000] {processor.py:161} INFO - Started process (PID=844) to work on /opt/airflow/dags/dag_crime_pipeline.py
[2026-06-12T02:49:54.952+0000] {processor.py:830} INFO - Processing file /opt/airflow/dags/dag_crime_pipeline.py for tasks to queue
[2026-06-12T02:49:54.955+0000] {logging_mixin.py:188} INFO - [2026-06-12T02:49:54.954+0000] {dagbag.py:538} INFO - Filling up the DagBag from /opt/airflow/dags/dag_crime_pipeline.py
[2026-06-12T02:49:55.003+0000] {processor.py:840} INFO - DAG(s) 'crime_analytics_pipeline' retrieved from /opt/airflow/dags/dag_crime_pipeline.py
[2026-06-12T02:49:55.049+0000] {logging_mixin.py:188} INFO - [2026-06-12T02:49:55.049+0000] {dag.py:3036} INFO - Sync 1 DAGs
[2026-06-12T02:49:55.080+0000] {logging_mixin.py:188} INFO - [2026-06-12T02:49:55.080+0000] {dag.py:3823} INFO - Setting next_dagrun for crime_analytics_pipeline to 2026-06-06 19:00:00+00:00, run_after=2026-06-13 19:00:00+00:00
[2026-06-12T02:49:55.110+0000] {processor.py:183} INFO - Processing /opt/airflow/dags/dag_crime_pipeline.py took 0.165 seconds
[2026-06-12T02:50:25.245+0000] {processor.py:161} INFO - Started process (PID=849) to work on /opt/airflow/dags/dag_crime_pipeline.py
[2026-06-12T02:50:25.246+0000] {processor.py:830} INFO - Processing file /opt/airflow/dags/dag_crime_pipeline.py for tasks to queue
[2026-06-12T02:50:25.249+0000] {logging_mixin.py:188} INFO - [2026-06-12T02:50:25.248+0000] {dagbag.py:538} INFO - Filling up the DagBag from /opt/airflow/dags/dag_crime_pipeline.py
[2026-06-12T02:50:25.291+0000] {processor.py:840} INFO - DAG(s) 'crime_analytics_pipeline' retrieved from /opt/airflow/dags/dag_crime_pipeline.py
[2026-06-12T02:50:25.333+0000] {logging_mixin.py:188} INFO - [2026-06-12T02:50:25.332+0000] {dag.py:3036} INFO - Sync 1 DAGs
[2026-06-12T02:50:25.359+0000] {logging_mixin.py:188} INFO - [2026-06-12T02:50:25.359+0000] {dag.py:3823} INFO - Setting next_dagrun for crime_analytics_pipeline to 2026-06-06 19:00:00+00:00, run_after=2026-06-13 19:00:00+00:00
[2026-06-12T02:50:25.403+0000] {processor.py:183} INFO - Processing /opt/airflow/dags/dag_crime_pipeline.py took 0.162 seconds
[2026-06-12T02:50:55.620+0000] {processor.py:161} INFO - Started process (PID=854) to work on /opt/airflow/dags/dag_crime_pipeline.py
[2026-06-12T02:50:55.622+0000] {processor.py:830} INFO - Processing file /opt/airflow/dags/dag_crime_pipeline.py for tasks to queue
[2026-06-12T02:50:55.625+0000] {logging_mixin.py:188} INFO - [2026-06-12T02:50:55.625+0000] {dagbag.py:538} INFO - Filling up the DagBag from /opt/airflow/dags/dag_crime_pipeline.py
[2026-06-12T02:50:55.676+0000] {processor.py:840} INFO - DAG(s) 'crime_analytics_pipeline' retrieved from /opt/airflow/dags/dag_crime_pipeline.py
[2026-06-12T02:50:55.725+0000] {logging_mixin.py:188} INFO - [2026-06-12T02:50:55.724+0000] {dag.py:3036} INFO - Sync 1 DAGs
[2026-06-12T02:50:55.750+0000] {logging_mixin.py:188} INFO - [2026-06-12T02:50:55.750+0000] {dag.py:3823} INFO - Setting next_dagrun for crime_analytics_pipeline to 2026-06-06 19:00:00+00:00, run_after=2026-06-13 19:00:00+00:00
[2026-06-12T02:50:55.773+0000] {processor.py:183} INFO - Processing /opt/airflow/dags/dag_crime_pipeline.py took 0.157 seconds
[2026-06-12T02:51:25.898+0000] {processor.py:161} INFO - Started process (PID=859) to work on /opt/airflow/dags/dag_crime_pipeline.py
[2026-06-12T02:51:25.899+0000] {processor.py:830} INFO - Processing file /opt/airflow/dags/dag_crime_pipeline.py for tasks to queue
[2026-06-12T02:51:25.903+0000] {logging_mixin.py:188} INFO - [2026-06-12T02:51:25.902+0000] {dagbag.py:538} INFO - Filling up the DagBag from /opt/airflow/dags/dag_crime_pipeline.py
[2026-06-12T02:51:25.948+0000] {processor.py:840} INFO - DAG(s) 'crime_analytics_pipeline' retrieved from /opt/airflow/dags/dag_crime_pipeline.py
[2026-06-12T02:51:25.987+0000] {logging_mixin.py:188} INFO - [2026-06-12T02:51:25.986+0000] {dag.py:3036} INFO - Sync 1 DAGs
[2026-06-12T02:51:26.016+0000] {logging_mixin.py:188} INFO - [2026-06-12T02:51:26.015+0000] {dag.py:3823} INFO - Setting next_dagrun for crime_analytics_pipeline to 2026-06-06 19:00:00+00:00, run_after=2026-06-13 19:00:00+00:00
[2026-06-12T02:51:26.043+0000] {processor.py:183} INFO - Processing /opt/airflow/dags/dag_crime_pipeline.py took 0.151 seconds
[2026-06-12T02:51:56.267+0000] {processor.py:161} INFO - Started process (PID=864) to work on /opt/airflow/dags/dag_crime_pipeline.py
[2026-06-12T02:51:56.269+0000] {processor.py:830} INFO - Processing file /opt/airflow/dags/dag_crime_pipeline.py for tasks to queue
[2026-06-12T02:51:56.272+0000] {logging_mixin.py:188} INFO - [2026-06-12T02:51:56.271+0000] {dagbag.py:538} INFO - Filling up the DagBag from /opt/airflow/dags/dag_crime_pipeline.py
[2026-06-12T02:51:56.314+0000] {processor.py:840} INFO - DAG(s) 'crime_analytics_pipeline' retrieved from /opt/airflow/dags/dag_crime_pipeline.py
[2026-06-12T02:51:56.352+0000] {logging_mixin.py:188} INFO - [2026-06-12T02:51:56.352+0000] {dag.py:3036} INFO - Sync 1 DAGs
[2026-06-12T02:51:56.379+0000] {logging_mixin.py:188} INFO - [2026-06-12T02:51:56.379+0000] {dag.py:3823} INFO - Setting next_dagrun for crime_analytics_pipeline to 2026-06-06 19:00:00+00:00, run_after=2026-06-13 19:00:00+00:00
[2026-06-12T02:51:56.400+0000] {processor.py:183} INFO - Processing /opt/airflow/dags/dag_crime_pipeline.py took 0.137 seconds
[2026-06-12T02:52:26.539+0000] {processor.py:161} INFO - Started process (PID=869) to work on /opt/airflow/dags/dag_crime_pipeline.py
[2026-06-12T02:52:26.540+0000] {processor.py:830} INFO - Processing file /opt/airflow/dags/dag_crime_pipeline.py for tasks to queue
[2026-06-12T02:52:26.544+0000] {logging_mixin.py:188} INFO - [2026-06-12T02:52:26.543+0000] {dagbag.py:538} INFO - Filling up the DagBag from /opt/airflow/dags/dag_crime_pipeline.py
[2026-06-12T02:52:26.585+0000] {processor.py:840} INFO - DAG(s) 'crime_analytics_pipeline' retrieved from /opt/airflow/dags/dag_crime_pipeline.py
[2026-06-12T02:52:26.623+0000] {logging_mixin.py:188} INFO - [2026-06-12T02:52:26.622+0000] {dag.py:3036} INFO - Sync 1 DAGs
[2026-06-12T02:52:26.648+0000] {logging_mixin.py:188} INFO - [2026-06-12T02:52:26.648+0000] {dag.py:3823} INFO - Setting next_dagrun for crime_analytics_pipeline to 2026-06-06 19:00:00+00:00, run_after=2026-06-13 19:00:00+00:00
[2026-06-12T02:52:26.690+0000] {processor.py:183} INFO - Processing /opt/airflow/dags/dag_crime_pipeline.py took 0.156 seconds
[2026-06-12T02:52:56.911+0000] {processor.py:161} INFO - Started process (PID=874) to work on /opt/airflow/dags/dag_crime_pipeline.py
[2026-06-12T02:52:56.912+0000] {processor.py:830} INFO - Processing file /opt/airflow/dags/dag_crime_pipeline.py for tasks to queue
[2026-06-12T02:52:56.915+0000] {logging_mixin.py:188} INFO - [2026-06-12T02:52:56.915+0000] {dagbag.py:538} INFO - Filling up the DagBag from /opt/airflow/dags/dag_crime_pipeline.py
[2026-06-12T02:52:56.957+0000] {processor.py:840} INFO - DAG(s) 'crime_analytics_pipeline' retrieved from /opt/airflow/dags/dag_crime_pipeline.py
[2026-06-12T02:52:56.991+0000] {logging_mixin.py:188} INFO - [2026-06-12T02:52:56.990+0000] {dag.py:3036} INFO - Sync 1 DAGs
[2026-06-12T02:52:57.016+0000] {logging_mixin.py:188} INFO - [2026-06-12T02:52:57.016+0000] {dag.py:3823} INFO - Setting next_dagrun for crime_analytics_pipeline to 2026-06-06 19:00:00+00:00, run_after=2026-06-13 19:00:00+00:00
[2026-06-12T02:52:57.038+0000] {processor.py:183} INFO - Processing /opt/airflow/dags/dag_crime_pipeline.py took 0.132 seconds
[2026-06-12T02:53:27.212+0000] {processor.py:161} INFO - Started process (PID=879) to work on /opt/airflow/dags/dag_crime_pipeline.py
[2026-06-12T02:53:27.214+0000] {processor.py:830} INFO - Processing file /opt/airflow/dags/dag_crime_pipeline.py for tasks to queue
[2026-06-12T02:53:27.216+0000] {logging_mixin.py:188} INFO - [2026-06-12T02:53:27.216+0000] {dagbag.py:538} INFO - Filling up the DagBag from /opt/airflow/dags/dag_crime_pipeline.py
[2026-06-12T02:53:27.257+0000] {processor.py:840} INFO - DAG(s) 'crime_analytics_pipeline' retrieved from /opt/airflow/dags/dag_crime_pipeline.py
[2026-06-12T02:53:27.290+0000] {logging_mixin.py:188} INFO - [2026-06-12T02:53:27.290+0000] {dag.py:3036} INFO - Sync 1 DAGs
[2026-06-12T02:53:27.314+0000] {logging_mixin.py:188} INFO - [2026-06-12T02:53:27.313+0000] {dag.py:3823} INFO - Setting next_dagrun for crime_analytics_pipeline to 2026-06-06 19:00:00+00:00, run_after=2026-06-13 19:00:00+00:00
[2026-06-12T02:53:27.333+0000] {processor.py:183} INFO - Processing /opt/airflow/dags/dag_crime_pipeline.py took 0.126 seconds
[2026-06-12T02:53:57.483+0000] {processor.py:161} INFO - Started process (PID=884) to work on /opt/airflow/dags/dag_crime_pipeline.py
[2026-06-12T02:53:57.485+0000] {processor.py:830} INFO - Processing file /opt/airflow/dags/dag_crime_pipeline.py for tasks to queue
[2026-06-12T02:53:57.487+0000] {logging_mixin.py:188} INFO - [2026-06-12T02:53:57.487+0000] {dagbag.py:538} INFO - Filling up the DagBag from /opt/airflow/dags/dag_crime_pipeline.py
[2026-06-12T02:53:57.528+0000] {processor.py:840} INFO - DAG(s) 'crime_analytics_pipeline' retrieved from /opt/airflow/dags/dag_crime_pipeline.py
[2026-06-12T02:53:57.562+0000] {logging_mixin.py:188} INFO - [2026-06-12T02:53:57.561+0000] {dag.py:3036} INFO - Sync 1 DAGs
[2026-06-12T02:53:57.584+0000] {logging_mixin.py:188} INFO - [2026-06-12T02:53:57.584+0000] {dag.py:3823} INFO - Setting next_dagrun for crime_analytics_pipeline to 2026-06-06 19:00:00+00:00, run_after=2026-06-13 19:00:00+00:00
[2026-06-12T02:53:57.626+0000] {processor.py:183} INFO - Processing /opt/airflow/dags/dag_crime_pipeline.py took 0.147 seconds
[2026-06-12T02:54:27.739+0000] {processor.py:161} INFO - Started process (PID=889) to work on /opt/airflow/dags/dag_crime_pipeline.py
[2026-06-12T02:54:27.741+0000] {processor.py:830} INFO - Processing file /opt/airflow/dags/dag_crime_pipeline.py for tasks to queue
[2026-06-12T02:54:27.743+0000] {logging_mixin.py:188} INFO - [2026-06-12T02:54:27.742+0000] {dagbag.py:538} INFO - Filling up the DagBag from /opt/airflow/dags/dag_crime_pipeline.py
[2026-06-12T02:54:27.784+0000] {processor.py:840} INFO - DAG(s) 'crime_analytics_pipeline' retrieved from /opt/airflow/dags/dag_crime_pipeline.py
[2026-06-12T02:54:27.818+0000] {logging_mixin.py:188} INFO - [2026-06-12T02:54:27.818+0000] {dag.py:3036} INFO - Sync 1 DAGs
[2026-06-12T02:54:27.841+0000] {logging_mixin.py:188} INFO - [2026-06-12T02:54:27.841+0000] {dag.py:3823} INFO - Setting next_dagrun for crime_analytics_pipeline to 2026-06-06 19:00:00+00:00, run_after=2026-06-13 19:00:00+00:00
[2026-06-12T02:54:27.882+0000] {processor.py:183} INFO - Processing /opt/airflow/dags/dag_crime_pipeline.py took 0.147 seconds
[2026-06-12T02:54:58.063+0000] {processor.py:161} INFO - Started process (PID=894) to work on /opt/airflow/dags/dag_crime_pipeline.py
[2026-06-12T02:54:58.065+0000] {processor.py:830} INFO - Processing file /opt/airflow/dags/dag_crime_pipeline.py for tasks to queue
[2026-06-12T02:54:58.068+0000] {logging_mixin.py:188} INFO - [2026-06-12T02:54:58.067+0000] {dagbag.py:538} INFO - Filling up the DagBag from /opt/airflow/dags/dag_crime_pipeline.py
[2026-06-12T02:54:58.109+0000] {processor.py:840} INFO - DAG(s) 'crime_analytics_pipeline' retrieved from /opt/airflow/dags/dag_crime_pipeline.py
[2026-06-12T02:54:58.143+0000] {logging_mixin.py:188} INFO - [2026-06-12T02:54:58.143+0000] {dag.py:3036} INFO - Sync 1 DAGs
[2026-06-12T02:54:58.168+0000] {logging_mixin.py:188} INFO - [2026-06-12T02:54:58.167+0000] {dag.py:3823} INFO - Setting next_dagrun for crime_analytics_pipeline to 2026-06-06 19:00:00+00:00, run_after=2026-06-13 19:00:00+00:00
[2026-06-12T02:54:58.191+0000] {processor.py:183} INFO - Processing /opt/airflow/dags/dag_crime_pipeline.py took 0.134 seconds
[2026-06-12T02:55:28.328+0000] {processor.py:161} INFO - Started process (PID=899) to work on /opt/airflow/dags/dag_crime_pipeline.py
[2026-06-12T02:55:28.330+0000] {processor.py:830} INFO - Processing file /opt/airflow/dags/dag_crime_pipeline.py for tasks to queue
[2026-06-12T02:55:28.332+0000] {logging_mixin.py:188} INFO - [2026-06-12T02:55:28.332+0000] {dagbag.py:538} INFO - Filling up the DagBag from /opt/airflow/dags/dag_crime_pipeline.py
[2026-06-12T02:55:28.378+0000] {processor.py:840} INFO - DAG(s) 'crime_analytics_pipeline' retrieved from /opt/airflow/dags/dag_crime_pipeline.py
[2026-06-12T02:55:28.417+0000] {logging_mixin.py:188} INFO - [2026-06-12T02:55:28.417+0000] {dag.py:3036} INFO - Sync 1 DAGs
[2026-06-12T02:55:28.445+0000] {logging_mixin.py:188} INFO - [2026-06-12T02:55:28.444+0000] {dag.py:3823} INFO - Setting next_dagrun for crime_analytics_pipeline to 2026-06-06 19:00:00+00:00, run_after=2026-06-13 19:00:00+00:00
[2026-06-12T02:55:28.469+0000] {processor.py:183} INFO - Processing /opt/airflow/dags/dag_crime_pipeline.py took 0.146 seconds
[2026-06-12T02:55:58.661+0000] {processor.py:161} INFO - Started process (PID=904) to work on /opt/airflow/dags/dag_crime_pipeline.py
[2026-06-12T02:55:58.663+0000] {processor.py:830} INFO - Processing file /opt/airflow/dags/dag_crime_pipeline.py for tasks to queue
[2026-06-12T02:55:58.665+0000] {logging_mixin.py:188} INFO - [2026-06-12T02:55:58.664+0000] {dagbag.py:538} INFO - Filling up the DagBag from /opt/airflow/dags/dag_crime_pipeline.py
[2026-06-12T02:55:58.704+0000] {processor.py:840} INFO - DAG(s) 'crime_analytics_pipeline' retrieved from /opt/airflow/dags/dag_crime_pipeline.py
[2026-06-12T02:55:58.738+0000] {logging_mixin.py:188} INFO - [2026-06-12T02:55:58.738+0000] {dag.py:3036} INFO - Sync 1 DAGs
[2026-06-12T02:55:58.764+0000] {logging_mixin.py:188} INFO - [2026-06-12T02:55:58.763+0000] {dag.py:3823} INFO - Setting next_dagrun for crime_analytics_pipeline to 2026-06-06 19:00:00+00:00, run_after=2026-06-13 19:00:00+00:00
[2026-06-12T02:55:58.790+0000] {processor.py:183} INFO - Processing /opt/airflow/dags/dag_crime_pipeline.py took 0.133 seconds
[2026-06-12T02:56:28.886+0000] {processor.py:161} INFO - Started process (PID=909) to work on /opt/airflow/dags/dag_crime_pipeline.py
[2026-06-12T02:56:28.887+0000] {processor.py:830} INFO - Processing file /opt/airflow/dags/dag_crime_pipeline.py for tasks to queue
[2026-06-12T02:56:28.891+0000] {logging_mixin.py:188} INFO - [2026-06-12T02:56:28.890+0000] {dagbag.py:538} INFO - Filling up the DagBag from /opt/airflow/dags/dag_crime_pipeline.py
[2026-06-12T02:56:28.933+0000] {processor.py:840} INFO - DAG(s) 'crime_analytics_pipeline' retrieved from /opt/airflow/dags/dag_crime_pipeline.py
[2026-06-12T02:56:28.967+0000] {logging_mixin.py:188} INFO - [2026-06-12T02:56:28.967+0000] {dag.py:3036} INFO - Sync 1 DAGs
[2026-06-12T02:56:28.992+0000] {logging_mixin.py:188} INFO - [2026-06-12T02:56:28.992+0000] {dag.py:3823} INFO - Setting next_dagrun for crime_analytics_pipeline to 2026-06-06 19:00:00+00:00, run_after=2026-06-13 19:00:00+00:00
[2026-06-12T02:56:29.034+0000] {processor.py:183} INFO - Processing /opt/airflow/dags/dag_crime_pipeline.py took 0.152 seconds
[2026-06-12T02:56:59.218+0000] {processor.py:161} INFO - Started process (PID=914) to work on /opt/airflow/dags/dag_crime_pipeline.py
[2026-06-12T02:56:59.220+0000] {processor.py:830} INFO - Processing file /opt/airflow/dags/dag_crime_pipeline.py for tasks to queue
[2026-06-12T02:56:59.223+0000] {logging_mixin.py:188} INFO - [2026-06-12T02:56:59.222+0000] {dagbag.py:538} INFO - Filling up the DagBag from /opt/airflow/dags/dag_crime_pipeline.py
[2026-06-12T02:56:59.269+0000] {processor.py:840} INFO - DAG(s) 'crime_analytics_pipeline' retrieved from /opt/airflow/dags/dag_crime_pipeline.py
[2026-06-12T02:56:59.307+0000] {logging_mixin.py:188} INFO - [2026-06-12T02:56:59.306+0000] {dag.py:3036} INFO - Sync 1 DAGs
[2026-06-12T02:56:59.337+0000] {logging_mixin.py:188} INFO - [2026-06-12T02:56:59.337+0000] {dag.py:3823} INFO - Setting next_dagrun for crime_analytics_pipeline to 2026-06-06 19:00:00+00:00, run_after=2026-06-13 19:00:00+00:00
[2026-06-12T02:56:59.361+0000] {processor.py:183} INFO - Processing /opt/airflow/dags/dag_crime_pipeline.py took 0.147 seconds
[2026-06-12T02:57:29.478+0000] {processor.py:161} INFO - Started process (PID=919) to work on /opt/airflow/dags/dag_crime_pipeline.py
[2026-06-12T02:57:29.480+0000] {processor.py:830} INFO - Processing file /opt/airflow/dags/dag_crime_pipeline.py for tasks to queue
[2026-06-12T02:57:29.483+0000] {logging_mixin.py:188} INFO - [2026-06-12T02:57:29.483+0000] {dagbag.py:538} INFO - Filling up the DagBag from /opt/airflow/dags/dag_crime_pipeline.py
[2026-06-12T02:57:29.528+0000] {processor.py:840} INFO - DAG(s) 'crime_analytics_pipeline' retrieved from /opt/airflow/dags/dag_crime_pipeline.py
[2026-06-12T02:57:29.568+0000] {logging_mixin.py:188} INFO - [2026-06-12T02:57:29.568+0000] {dag.py:3036} INFO - Sync 1 DAGs
[2026-06-12T02:57:29.593+0000] {logging_mixin.py:188} INFO - [2026-06-12T02:57:29.593+0000] {dag.py:3823} INFO - Setting next_dagrun for crime_analytics_pipeline to 2026-06-06 19:00:00+00:00, run_after=2026-06-13 19:00:00+00:00
[2026-06-12T02:57:29.617+0000] {processor.py:183} INFO - Processing /opt/airflow/dags/dag_crime_pipeline.py took 0.143 seconds
[2026-06-12T02:57:59.772+0000] {processor.py:161} INFO - Started process (PID=924) to work on /opt/airflow/dags/dag_crime_pipeline.py
[2026-06-12T02:57:59.774+0000] {processor.py:830} INFO - Processing file /opt/airflow/dags/dag_crime_pipeline.py for tasks to queue
[2026-06-12T02:57:59.778+0000] {logging_mixin.py:188} INFO - [2026-06-12T02:57:59.778+0000] {dagbag.py:538} INFO - Filling up the DagBag from /opt/airflow/dags/dag_crime_pipeline.py
[2026-06-12T02:57:59.827+0000] {processor.py:840} INFO - DAG(s) 'crime_analytics_pipeline' retrieved from /opt/airflow/dags/dag_crime_pipeline.py
[2026-06-12T02:57:59.864+0000] {logging_mixin.py:188} INFO - [2026-06-12T02:57:59.863+0000] {dag.py:3036} INFO - Sync 1 DAGs
[2026-06-12T02:57:59.895+0000] {logging_mixin.py:188} INFO - [2026-06-12T02:57:59.894+0000] {dag.py:3823} INFO - Setting next_dagrun for crime_analytics_pipeline to 2026-06-06 19:00:00+00:00, run_after=2026-06-13 19:00:00+00:00
[2026-06-12T02:57:59.921+0000] {processor.py:183} INFO - Processing /opt/airflow/dags/dag_crime_pipeline.py took 0.153 seconds
[2026-06-12T02:58:30.074+0000] {processor.py:161} INFO - Started process (PID=929) to work on /opt/airflow/dags/dag_crime_pipeline.py
[2026-06-12T02:58:30.077+0000] {processor.py:830} INFO - Processing file /opt/airflow/dags/dag_crime_pipeline.py for tasks to queue
[2026-06-12T02:58:30.079+0000] {logging_mixin.py:188} INFO - [2026-06-12T02:58:30.079+0000] {dagbag.py:538} INFO - Filling up the DagBag from /opt/airflow/dags/dag_crime_pipeline.py
[2026-06-12T02:58:30.127+0000] {processor.py:840} INFO - DAG(s) 'crime_analytics_pipeline' retrieved from /opt/airflow/dags/dag_crime_pipeline.py
[2026-06-12T02:58:30.168+0000] {logging_mixin.py:188} INFO - [2026-06-12T02:58:30.167+0000] {dag.py:3036} INFO - Sync 1 DAGs
[2026-06-12T02:58:30.194+0000] {logging_mixin.py:188} INFO - [2026-06-12T02:58:30.194+0000] {dag.py:3823} INFO - Setting next_dagrun for crime_analytics_pipeline to 2026-06-06 19:00:00+00:00, run_after=2026-06-13 19:00:00+00:00
[2026-06-12T02:58:30.238+0000] {processor.py:183} INFO - Processing /opt/airflow/dags/dag_crime_pipeline.py took 0.168 seconds
[2026-06-12T02:59:00.348+0000] {processor.py:161} INFO - Started process (PID=934) to work on /opt/airflow/dags/dag_crime_pipeline.py
[2026-06-12T02:59:00.349+0000] {processor.py:830} INFO - Processing file /opt/airflow/dags/dag_crime_pipeline.py for tasks to queue
[2026-06-12T02:59:00.352+0000] {logging_mixin.py:188} INFO - [2026-06-12T02:59:00.352+0000] {dagbag.py:538} INFO - Filling up the DagBag from /opt/airflow/dags/dag_crime_pipeline.py
[2026-06-12T02:59:00.402+0000] {processor.py:840} INFO - DAG(s) 'crime_analytics_pipeline' retrieved from /opt/airflow/dags/dag_crime_pipeline.py
[2026-06-12T02:59:00.446+0000] {logging_mixin.py:188} INFO - [2026-06-12T02:59:00.445+0000] {dag.py:3036} INFO - Sync 1 DAGs
[2026-06-12T02:59:00.475+0000] {logging_mixin.py:188} INFO - [2026-06-12T02:59:00.475+0000] {dag.py:3823} INFO - Setting next_dagrun for crime_analytics_pipeline to 2026-06-06 19:00:00+00:00, run_after=2026-06-13 19:00:00+00:00
[2026-06-12T02:59:00.521+0000] {processor.py:183} INFO - Processing /opt/airflow/dags/dag_crime_pipeline.py took 0.178 seconds
[2026-06-12T02:59:30.636+0000] {processor.py:161} INFO - Started process (PID=939) to work on /opt/airflow/dags/dag_crime_pipeline.py
[2026-06-12T02:59:30.638+0000] {processor.py:830} INFO - Processing file /opt/airflow/dags/dag_crime_pipeline.py for tasks to queue
[2026-06-12T02:59:30.641+0000] {logging_mixin.py:188} INFO - [2026-06-12T02:59:30.641+0000] {dagbag.py:538} INFO - Filling up the DagBag from /opt/airflow/dags/dag_crime_pipeline.py
[2026-06-12T02:59:30.690+0000] {processor.py:840} INFO - DAG(s) 'crime_analytics_pipeline' retrieved from /opt/airflow/dags/dag_crime_pipeline.py
[2026-06-12T02:59:30.734+0000] {logging_mixin.py:188} INFO - [2026-06-12T02:59:30.734+0000] {dag.py:3036} INFO - Sync 1 DAGs
[2026-06-12T02:59:30.765+0000] {logging_mixin.py:188} INFO - [2026-06-12T02:59:30.764+0000] {dag.py:3823} INFO - Setting next_dagrun for crime_analytics_pipeline to 2026-06-06 19:00:00+00:00, run_after=2026-06-13 19:00:00+00:00
[2026-06-12T02:59:30.790+0000] {processor.py:183} INFO - Processing /opt/airflow/dags/dag_crime_pipeline.py took 0.159 seconds
[2026-06-12T03:00:00.932+0000] {processor.py:161} INFO - Started process (PID=944) to work on /opt/airflow/dags/dag_crime_pipeline.py
[2026-06-12T03:00:00.934+0000] {processor.py:830} INFO - Processing file /opt/airflow/dags/dag_crime_pipeline.py for tasks to queue
[2026-06-12T03:00:00.938+0000] {logging_mixin.py:188} INFO - [2026-06-12T03:00:00.937+0000] {dagbag.py:538} INFO - Filling up the DagBag from /opt/airflow/dags/dag_crime_pipeline.py
[2026-06-12T03:00:00.994+0000] {processor.py:840} INFO - DAG(s) 'crime_analytics_pipeline' retrieved from /opt/airflow/dags/dag_crime_pipeline.py
[2026-06-12T03:00:01.039+0000] {logging_mixin.py:188} INFO - [2026-06-12T03:00:01.039+0000] {dag.py:3036} INFO - Sync 1 DAGs
[2026-06-12T03:00:01.069+0000] {logging_mixin.py:188} INFO - [2026-06-12T03:00:01.069+0000] {dag.py:3823} INFO - Setting next_dagrun for crime_analytics_pipeline to 2026-06-06 19:00:00+00:00, run_after=2026-06-13 19:00:00+00:00
[2026-06-12T03:00:01.097+0000] {processor.py:183} INFO - Processing /opt/airflow/dags/dag_crime_pipeline.py took 0.170 seconds
[2026-06-12T03:00:31.266+0000] {processor.py:161} INFO - Started process (PID=949) to work on /opt/airflow/dags/dag_crime_pipeline.py
[2026-06-12T03:00:31.268+0000] {processor.py:830} INFO - Processing file /opt/airflow/dags/dag_crime_pipeline.py for tasks to queue
[2026-06-12T03:00:31.271+0000] {logging_mixin.py:188} INFO - [2026-06-12T03:00:31.271+0000] {dagbag.py:538} INFO - Filling up the DagBag from /opt/airflow/dags/dag_crime_pipeline.py
[2026-06-12T03:00:31.314+0000] {processor.py:840} INFO - DAG(s) 'crime_analytics_pipeline' retrieved from /opt/airflow/dags/dag_crime_pipeline.py
[2026-06-12T03:00:31.350+0000] {logging_mixin.py:188} INFO - [2026-06-12T03:00:31.349+0000] {dag.py:3036} INFO - Sync 1 DAGs
[2026-06-12T03:00:31.375+0000] {logging_mixin.py:188} INFO - [2026-06-12T03:00:31.375+0000] {dag.py:3823} INFO - Setting next_dagrun for crime_analytics_pipeline to 2026-06-06 19:00:00+00:00, run_after=2026-06-13 19:00:00+00:00
[2026-06-12T03:00:31.420+0000] {processor.py:183} INFO - Processing /opt/airflow/dags/dag_crime_pipeline.py took 0.158 seconds
[2026-06-12T03:01:01.587+0000] {processor.py:161} INFO - Started process (PID=954) to work on /opt/airflow/dags/dag_crime_pipeline.py
[2026-06-12T03:01:01.589+0000] {processor.py:830} INFO - Processing file /opt/airflow/dags/dag_crime_pipeline.py for tasks to queue
[2026-06-12T03:01:01.594+0000] {logging_mixin.py:188} INFO - [2026-06-12T03:01:01.593+0000] {dagbag.py:538} INFO - Filling up the DagBag from /opt/airflow/dags/dag_crime_pipeline.py
[2026-06-12T03:01:01.648+0000] {processor.py:840} INFO - DAG(s) 'crime_analytics_pipeline' retrieved from /opt/airflow/dags/dag_crime_pipeline.py
[2026-06-12T03:01:01.692+0000] {logging_mixin.py:188} INFO - [2026-06-12T03:01:01.691+0000] {dag.py:3036} INFO - Sync 1 DAGs
[2026-06-12T03:01:01.721+0000] {logging_mixin.py:188} INFO - [2026-06-12T03:01:01.721+0000] {dag.py:3823} INFO - Setting next_dagrun for crime_analytics_pipeline to 2026-06-06 19:00:00+00:00, run_after=2026-06-13 19:00:00+00:00
[2026-06-12T03:01:01.749+0000] {processor.py:183} INFO - Processing /opt/airflow/dags/dag_crime_pipeline.py took 0.167 seconds
[2026-06-12T03:01:31.871+0000] {processor.py:161} INFO - Started process (PID=959) to work on /opt/airflow/dags/dag_crime_pipeline.py
[2026-06-12T03:01:31.873+0000] {processor.py:830} INFO - Processing file /opt/airflow/dags/dag_crime_pipeline.py for tasks to queue
[2026-06-12T03:01:31.876+0000] {logging_mixin.py:188} INFO - [2026-06-12T03:01:31.875+0000] {dagbag.py:538} INFO - Filling up the DagBag from /opt/airflow/dags/dag_crime_pipeline.py
[2026-06-12T03:01:31.925+0000] {processor.py:840} INFO - DAG(s) 'crime_analytics_pipeline' retrieved from /opt/airflow/dags/dag_crime_pipeline.py
[2026-06-12T03:01:31.966+0000] {logging_mixin.py:188} INFO - [2026-06-12T03:01:31.966+0000] {dag.py:3036} INFO - Sync 1 DAGs
[2026-06-12T03:01:31.993+0000] {logging_mixin.py:188} INFO - [2026-06-12T03:01:31.992+0000] {dag.py:3823} INFO - Setting next_dagrun for crime_analytics_pipeline to 2026-06-06 19:00:00+00:00, run_after=2026-06-13 19:00:00+00:00
[2026-06-12T03:01:32.016+0000] {processor.py:183} INFO - Processing /opt/airflow/dags/dag_crime_pipeline.py took 0.150 seconds
[2026-06-12T03:02:02.213+0000] {processor.py:161} INFO - Started process (PID=964) to work on /opt/airflow/dags/dag_crime_pipeline.py
[2026-06-12T03:02:02.218+0000] {processor.py:830} INFO - Processing file /opt/airflow/dags/dag_crime_pipeline.py for tasks to queue
[2026-06-12T03:02:02.223+0000] {logging_mixin.py:188} INFO - [2026-06-12T03:02:02.222+0000] {dagbag.py:538} INFO - Filling up the DagBag from /opt/airflow/dags/dag_crime_pipeline.py
[2026-06-12T03:02:02.270+0000] {processor.py:840} INFO - DAG(s) 'crime_analytics_pipeline' retrieved from /opt/airflow/dags/dag_crime_pipeline.py
[2026-06-12T03:02:02.312+0000] {logging_mixin.py:188} INFO - [2026-06-12T03:02:02.312+0000] {dag.py:3036} INFO - Sync 1 DAGs
[2026-06-12T03:02:02.345+0000] {logging_mixin.py:188} INFO - [2026-06-12T03:02:02.344+0000] {dag.py:3823} INFO - Setting next_dagrun for crime_analytics_pipeline to 2026-06-06 19:00:00+00:00, run_after=2026-06-13 19:00:00+00:00
[2026-06-12T03:02:02.374+0000] {processor.py:183} INFO - Processing /opt/airflow/dags/dag_crime_pipeline.py took 0.166 seconds
[2026-06-12T03:02:32.543+0000] {processor.py:161} INFO - Started process (PID=969) to work on /opt/airflow/dags/dag_crime_pipeline.py
[2026-06-12T03:02:32.544+0000] {processor.py:830} INFO - Processing file /opt/airflow/dags/dag_crime_pipeline.py for tasks to queue
[2026-06-12T03:02:32.547+0000] {logging_mixin.py:188} INFO - [2026-06-12T03:02:32.546+0000] {dagbag.py:538} INFO - Filling up the DagBag from /opt/airflow/dags/dag_crime_pipeline.py
[2026-06-12T03:02:32.592+0000] {processor.py:840} INFO - DAG(s) 'crime_analytics_pipeline' retrieved from /opt/airflow/dags/dag_crime_pipeline.py
[2026-06-12T03:02:32.636+0000] {logging_mixin.py:188} INFO - [2026-06-12T03:02:32.635+0000] {dag.py:3036} INFO - Sync 1 DAGs
[2026-06-12T03:02:32.665+0000] {logging_mixin.py:188} INFO - [2026-06-12T03:02:32.664+0000] {dag.py:3823} INFO - Setting next_dagrun for crime_analytics_pipeline to 2026-06-06 19:00:00+00:00, run_after=2026-06-13 19:00:00+00:00
[2026-06-12T03:02:32.708+0000] {processor.py:183} INFO - Processing /opt/airflow/dags/dag_crime_pipeline.py took 0.170 seconds
[2026-06-12T03:03:02.852+0000] {processor.py:161} INFO - Started process (PID=974) to work on /opt/airflow/dags/dag_crime_pipeline.py
[2026-06-12T03:03:02.853+0000] {processor.py:830} INFO - Processing file /opt/airflow/dags/dag_crime_pipeline.py for tasks to queue
[2026-06-12T03:03:02.857+0000] {logging_mixin.py:188} INFO - [2026-06-12T03:03:02.856+0000] {dagbag.py:538} INFO - Filling up the DagBag from /opt/airflow/dags/dag_crime_pipeline.py
[2026-06-12T03:03:02.899+0000] {processor.py:840} INFO - DAG(s) 'crime_analytics_pipeline' retrieved from /opt/airflow/dags/dag_crime_pipeline.py
[2026-06-12T03:03:02.940+0000] {logging_mixin.py:188} INFO - [2026-06-12T03:03:02.940+0000] {dag.py:3036} INFO - Sync 1 DAGs
[2026-06-12T03:03:02.970+0000] {logging_mixin.py:188} INFO - [2026-06-12T03:03:02.970+0000] {dag.py:3823} INFO - Setting next_dagrun for crime_analytics_pipeline to 2026-06-06 19:00:00+00:00, run_after=2026-06-13 19:00:00+00:00
[2026-06-12T03:03:03.005+0000] {processor.py:183} INFO - Processing /opt/airflow/dags/dag_crime_pipeline.py took 0.159 seconds
[2026-06-12T03:03:33.233+0000] {processor.py:161} INFO - Started process (PID=979) to work on /opt/airflow/dags/dag_crime_pipeline.py
[2026-06-12T03:03:33.234+0000] {processor.py:830} INFO - Processing file /opt/airflow/dags/dag_crime_pipeline.py for tasks to queue
[2026-06-12T03:03:33.237+0000] {logging_mixin.py:188} INFO - [2026-06-12T03:03:33.237+0000] {dagbag.py:538} INFO - Filling up the DagBag from /opt/airflow/dags/dag_crime_pipeline.py
[2026-06-12T03:03:33.291+0000] {processor.py:840} INFO - DAG(s) 'crime_analytics_pipeline' retrieved from /opt/airflow/dags/dag_crime_pipeline.py
[2026-06-12T03:03:33.331+0000] {logging_mixin.py:188} INFO - [2026-06-12T03:03:33.330+0000] {dag.py:3036} INFO - Sync 1 DAGs
[2026-06-12T03:03:33.365+0000] {logging_mixin.py:188} INFO - [2026-06-12T03:03:33.364+0000] {dag.py:3823} INFO - Setting next_dagrun for crime_analytics_pipeline to 2026-06-06 19:00:00+00:00, run_after=2026-06-13 19:00:00+00:00
[2026-06-12T03:03:33.404+0000] {processor.py:183} INFO - Processing /opt/airflow/dags/dag_crime_pipeline.py took 0.177 seconds
[2026-06-12T03:04:03.495+0000] {processor.py:161} INFO - Started process (PID=984) to work on /opt/airflow/dags/dag_crime_pipeline.py
[2026-06-12T03:04:03.496+0000] {processor.py:830} INFO - Processing file /opt/airflow/dags/dag_crime_pipeline.py for tasks to queue
[2026-06-12T03:04:03.500+0000] {logging_mixin.py:188} INFO - [2026-06-12T03:04:03.499+0000] {dagbag.py:538} INFO - Filling up the DagBag from /opt/airflow/dags/dag_crime_pipeline.py
[2026-06-12T03:04:03.546+0000] {processor.py:840} INFO - DAG(s) 'crime_analytics_pipeline' retrieved from /opt/airflow/dags/dag_crime_pipeline.py
[2026-06-12T03:04:03.586+0000] {logging_mixin.py:188} INFO - [2026-06-12T03:04:03.586+0000] {dag.py:3036} INFO - Sync 1 DAGs
[2026-06-12T03:04:03.613+0000] {logging_mixin.py:188} INFO - [2026-06-12T03:04:03.613+0000] {dag.py:3823} INFO - Setting next_dagrun for crime_analytics_pipeline to 2026-06-06 19:00:00+00:00, run_after=2026-06-13 19:00:00+00:00
[2026-06-12T03:04:03.640+0000] {processor.py:183} INFO - Processing /opt/airflow/dags/dag_crime_pipeline.py took 0.150 seconds
[2026-06-12T03:04:33.862+0000] {processor.py:161} INFO - Started process (PID=989) to work on /opt/airflow/dags/dag_crime_pipeline.py
[2026-06-12T03:04:33.863+0000] {processor.py:830} INFO - Processing file /opt/airflow/dags/dag_crime_pipeline.py for tasks to queue
[2026-06-12T03:04:33.866+0000] {logging_mixin.py:188} INFO - [2026-06-12T03:04:33.866+0000] {dagbag.py:538} INFO - Filling up the DagBag from /opt/airflow/dags/dag_crime_pipeline.py
[2026-06-12T03:04:33.917+0000] {processor.py:840} INFO - DAG(s) 'crime_analytics_pipeline' retrieved from /opt/airflow/dags/dag_crime_pipeline.py
[2026-06-12T03:04:33.962+0000] {logging_mixin.py:188} INFO - [2026-06-12T03:04:33.961+0000] {dag.py:3036} INFO - Sync 1 DAGs
[2026-06-12T03:04:33.992+0000] {logging_mixin.py:188} INFO - [2026-06-12T03:04:33.992+0000] {dag.py:3823} INFO - Setting next_dagrun for crime_analytics_pipeline to 2026-06-06 19:00:00+00:00, run_after=2026-06-13 19:00:00+00:00
[2026-06-12T03:04:34.020+0000] {processor.py:183} INFO - Processing /opt/airflow/dags/dag_crime_pipeline.py took 0.162 seconds
[2026-06-12T03:05:04.214+0000] {processor.py:161} INFO - Started process (PID=994) to work on /opt/airflow/dags/dag_crime_pipeline.py
[2026-06-12T03:05:04.216+0000] {processor.py:830} INFO - Processing file /opt/airflow/dags/dag_crime_pipeline.py for tasks to queue
[2026-06-12T03:05:04.220+0000] {logging_mixin.py:188} INFO - [2026-06-12T03:05:04.219+0000] {dagbag.py:538} INFO - Filling up the DagBag from /opt/airflow/dags/dag_crime_pipeline.py
[2026-06-12T03:05:04.270+0000] {processor.py:840} INFO - DAG(s) 'crime_analytics_pipeline' retrieved from /opt/airflow/dags/dag_crime_pipeline.py
[2026-06-12T03:05:04.311+0000] {logging_mixin.py:188} INFO - [2026-06-12T03:05:04.311+0000] {dag.py:3036} INFO - Sync 1 DAGs
[2026-06-12T03:05:04.339+0000] {logging_mixin.py:188} INFO - [2026-06-12T03:05:04.339+0000] {dag.py:3823} INFO - Setting next_dagrun for crime_analytics_pipeline to 2026-06-06 19:00:00+00:00, run_after=2026-06-13 19:00:00+00:00
[2026-06-12T03:05:04.386+0000] {processor.py:183} INFO - Processing /opt/airflow/dags/dag_crime_pipeline.py took 0.177 seconds
[2026-06-12T03:05:34.650+0000] {processor.py:161} INFO - Started process (PID=999) to work on /opt/airflow/dags/dag_crime_pipeline.py
[2026-06-12T03:05:34.652+0000] {processor.py:830} INFO - Processing file /opt/airflow/dags/dag_crime_pipeline.py for tasks to queue
[2026-06-12T03:05:34.654+0000] {logging_mixin.py:188} INFO - [2026-06-12T03:05:34.654+0000] {dagbag.py:538} INFO - Filling up the DagBag from /opt/airflow/dags/dag_crime_pipeline.py
[2026-06-12T03:05:34.701+0000] {processor.py:840} INFO - DAG(s) 'crime_analytics_pipeline' retrieved from /opt/airflow/dags/dag_crime_pipeline.py
[2026-06-12T03:05:34.744+0000] {logging_mixin.py:188} INFO - [2026-06-12T03:05:34.744+0000] {dag.py:3036} INFO - Sync 1 DAGs
[2026-06-12T03:05:34.770+0000] {logging_mixin.py:188} INFO - [2026-06-12T03:05:34.770+0000] {dag.py:3823} INFO - Setting next_dagrun for crime_analytics_pipeline to 2026-06-06 19:00:00+00:00, run_after=2026-06-13 19:00:00+00:00
[2026-06-12T03:05:34.799+0000] {processor.py:183} INFO - Processing /opt/airflow/dags/dag_crime_pipeline.py took 0.153 seconds
[2026-06-12T03:06:04.888+0000] {processor.py:161} INFO - Started process (PID=1004) to work on /opt/airflow/dags/dag_crime_pipeline.py
[2026-06-12T03:06:04.890+0000] {processor.py:830} INFO - Processing file /opt/airflow/dags/dag_crime_pipeline.py for tasks to queue
[2026-06-12T03:06:04.893+0000] {logging_mixin.py:188} INFO - [2026-06-12T03:06:04.892+0000] {dagbag.py:538} INFO - Filling up the DagBag from /opt/airflow/dags/dag_crime_pipeline.py
[2026-06-12T03:06:04.941+0000] {processor.py:840} INFO - DAG(s) 'crime_analytics_pipeline' retrieved from /opt/airflow/dags/dag_crime_pipeline.py
[2026-06-12T03:06:04.985+0000] {logging_mixin.py:188} INFO - [2026-06-12T03:06:04.985+0000] {dag.py:3036} INFO - Sync 1 DAGs
[2026-06-12T03:06:05.014+0000] {logging_mixin.py:188} INFO - [2026-06-12T03:06:05.014+0000] {dag.py:3823} INFO - Setting next_dagrun for crime_analytics_pipeline to 2026-06-06 19:00:00+00:00, run_after=2026-06-13 19:00:00+00:00
[2026-06-12T03:06:05.040+0000] {processor.py:183} INFO - Processing /opt/airflow/dags/dag_crime_pipeline.py took 0.156 seconds
[2026-06-12T03:06:35.218+0000] {processor.py:161} INFO - Started process (PID=1009) to work on /opt/airflow/dags/dag_crime_pipeline.py
[2026-06-12T03:06:35.220+0000] {processor.py:830} INFO - Processing file /opt/airflow/dags/dag_crime_pipeline.py for tasks to queue
[2026-06-12T03:06:35.224+0000] {logging_mixin.py:188} INFO - [2026-06-12T03:06:35.224+0000] {dagbag.py:538} INFO - Filling up the DagBag from /opt/airflow/dags/dag_crime_pipeline.py
[2026-06-12T03:06:35.275+0000] {processor.py:840} INFO - DAG(s) 'crime_analytics_pipeline' retrieved from /opt/airflow/dags/dag_crime_pipeline.py
[2026-06-12T03:06:35.318+0000] {logging_mixin.py:188} INFO - [2026-06-12T03:06:35.318+0000] {dag.py:3036} INFO - Sync 1 DAGs
[2026-06-12T03:06:35.350+0000] {logging_mixin.py:188} INFO - [2026-06-12T03:06:35.350+0000] {dag.py:3823} INFO - Setting next_dagrun for crime_analytics_pipeline to 2026-06-06 19:00:00+00:00, run_after=2026-06-13 19:00:00+00:00
[2026-06-12T03:06:35.398+0000] {processor.py:183} INFO - Processing /opt/airflow/dags/dag_crime_pipeline.py took 0.184 seconds
[2026-06-12T03:07:05.520+0000] {processor.py:161} INFO - Started process (PID=1014) to work on /opt/airflow/dags/dag_crime_pipeline.py
[2026-06-12T03:07:05.521+0000] {processor.py:830} INFO - Processing file /opt/airflow/dags/dag_crime_pipeline.py for tasks to queue
[2026-06-12T03:07:05.524+0000] {logging_mixin.py:188} INFO - [2026-06-12T03:07:05.524+0000] {dagbag.py:538} INFO - Filling up the DagBag from /opt/airflow/dags/dag_crime_pipeline.py
[2026-06-12T03:07:05.573+0000] {processor.py:840} INFO - DAG(s) 'crime_analytics_pipeline' retrieved from /opt/airflow/dags/dag_crime_pipeline.py
[2026-06-12T03:07:05.618+0000] {logging_mixin.py:188} INFO - [2026-06-12T03:07:05.617+0000] {dag.py:3036} INFO - Sync 1 DAGs
[2026-06-12T03:07:05.647+0000] {logging_mixin.py:188} INFO - [2026-06-12T03:07:05.647+0000] {dag.py:3823} INFO - Setting next_dagrun for crime_analytics_pipeline to 2026-06-06 19:00:00+00:00, run_after=2026-06-13 19:00:00+00:00
[2026-06-12T03:07:05.694+0000] {processor.py:183} INFO - Processing /opt/airflow/dags/dag_crime_pipeline.py took 0.180 seconds
[2026-06-12T03:07:35.827+0000] {processor.py:161} INFO - Started process (PID=1019) to work on /opt/airflow/dags/dag_crime_pipeline.py
[2026-06-12T03:07:35.829+0000] {processor.py:830} INFO - Processing file /opt/airflow/dags/dag_crime_pipeline.py for tasks to queue
[2026-06-12T03:07:35.832+0000] {logging_mixin.py:188} INFO - [2026-06-12T03:07:35.831+0000] {dagbag.py:538} INFO - Filling up the DagBag from /opt/airflow/dags/dag_crime_pipeline.py
[2026-06-12T03:07:35.878+0000] {processor.py:840} INFO - DAG(s) 'crime_analytics_pipeline' retrieved from /opt/airflow/dags/dag_crime_pipeline.py
[2026-06-12T03:07:35.919+0000] {logging_mixin.py:188} INFO - [2026-06-12T03:07:35.919+0000] {dag.py:3036} INFO - Sync 1 DAGs
[2026-06-12T03:07:35.948+0000] {logging_mixin.py:188} INFO - [2026-06-12T03:07:35.948+0000] {dag.py:3823} INFO - Setting next_dagrun for crime_analytics_pipeline to 2026-06-06 19:00:00+00:00, run_after=2026-06-13 19:00:00+00:00
[2026-06-12T03:07:35.975+0000] {processor.py:183} INFO - Processing /opt/airflow/dags/dag_crime_pipeline.py took 0.153 seconds
[2026-06-12T03:08:06.112+0000] {processor.py:161} INFO - Started process (PID=1024) to work on /opt/airflow/dags/dag_crime_pipeline.py
[2026-06-12T03:08:06.114+0000] {processor.py:830} INFO - Processing file /opt/airflow/dags/dag_crime_pipeline.py for tasks to queue
[2026-06-12T03:08:06.117+0000] {logging_mixin.py:188} INFO - [2026-06-12T03:08:06.117+0000] {dagbag.py:538} INFO - Filling up the DagBag from /opt/airflow/dags/dag_crime_pipeline.py
[2026-06-12T03:08:06.164+0000] {processor.py:840} INFO - DAG(s) 'crime_analytics_pipeline' retrieved from /opt/airflow/dags/dag_crime_pipeline.py
[2026-06-12T03:08:06.210+0000] {logging_mixin.py:188} INFO - [2026-06-12T03:08:06.209+0000] {dag.py:3036} INFO - Sync 1 DAGs
[2026-06-12T03:08:06.238+0000] {logging_mixin.py:188} INFO - [2026-06-12T03:08:06.237+0000] {dag.py:3823} INFO - Setting next_dagrun for crime_analytics_pipeline to 2026-06-06 19:00:00+00:00, run_after=2026-06-13 19:00:00+00:00
[2026-06-12T03:08:06.267+0000] {processor.py:183} INFO - Processing /opt/airflow/dags/dag_crime_pipeline.py took 0.160 seconds
[2026-06-12T03:08:36.502+0000] {processor.py:161} INFO - Started process (PID=1029) to work on /opt/airflow/dags/dag_crime_pipeline.py
[2026-06-12T03:08:36.504+0000] {processor.py:830} INFO - Processing file /opt/airflow/dags/dag_crime_pipeline.py for tasks to queue
[2026-06-12T03:08:36.508+0000] {logging_mixin.py:188} INFO - [2026-06-12T03:08:36.507+0000] {dagbag.py:538} INFO - Filling up the DagBag from /opt/airflow/dags/dag_crime_pipeline.py
[2026-06-12T03:08:36.555+0000] {processor.py:840} INFO - DAG(s) 'crime_analytics_pipeline' retrieved from /opt/airflow/dags/dag_crime_pipeline.py
[2026-06-12T03:08:36.594+0000] {logging_mixin.py:188} INFO - [2026-06-12T03:08:36.593+0000] {dag.py:3036} INFO - Sync 1 DAGs
[2026-06-12T03:08:36.623+0000] {logging_mixin.py:188} INFO - [2026-06-12T03:08:36.622+0000] {dag.py:3823} INFO - Setting next_dagrun for crime_analytics_pipeline to 2026-06-06 19:00:00+00:00, run_after=2026-06-13 19:00:00+00:00
[2026-06-12T03:08:36.648+0000] {processor.py:183} INFO - Processing /opt/airflow/dags/dag_crime_pipeline.py took 0.150 seconds
[2026-06-12T03:09:06.782+0000] {processor.py:161} INFO - Started process (PID=1034) to work on /opt/airflow/dags/dag_crime_pipeline.py
[2026-06-12T03:09:06.784+0000] {processor.py:830} INFO - Processing file /opt/airflow/dags/dag_crime_pipeline.py for tasks to queue
[2026-06-12T03:09:06.787+0000] {logging_mixin.py:188} INFO - [2026-06-12T03:09:06.786+0000] {dagbag.py:538} INFO - Filling up the DagBag from /opt/airflow/dags/dag_crime_pipeline.py
[2026-06-12T03:09:06.841+0000] {processor.py:840} INFO - DAG(s) 'crime_analytics_pipeline' retrieved from /opt/airflow/dags/dag_crime_pipeline.py
[2026-06-12T03:09:06.885+0000] {logging_mixin.py:188} INFO - [2026-06-12T03:09:06.884+0000] {dag.py:3036} INFO - Sync 1 DAGs
[2026-06-12T03:09:06.916+0000] {logging_mixin.py:188} INFO - [2026-06-12T03:09:06.916+0000] {dag.py:3823} INFO - Setting next_dagrun for crime_analytics_pipeline to 2026-06-06 19:00:00+00:00, run_after=2026-06-13 19:00:00+00:00
[2026-06-12T03:09:06.939+0000] {processor.py:183} INFO - Processing /opt/airflow/dags/dag_crime_pipeline.py took 0.162 seconds
[2026-06-12T03:09:37.109+0000] {processor.py:161} INFO - Started process (PID=1039) to work on /opt/airflow/dags/dag_crime_pipeline.py
[2026-06-12T03:09:37.111+0000] {processor.py:830} INFO - Processing file /opt/airflow/dags/dag_crime_pipeline.py for tasks to queue
[2026-06-12T03:09:37.114+0000] {logging_mixin.py:188} INFO - [2026-06-12T03:09:37.113+0000] {dagbag.py:538} INFO - Filling up the DagBag from /opt/airflow/dags/dag_crime_pipeline.py
[2026-06-12T03:09:37.153+0000] {processor.py:840} INFO - DAG(s) 'crime_analytics_pipeline' retrieved from /opt/airflow/dags/dag_crime_pipeline.py
[2026-06-12T03:09:37.195+0000] {logging_mixin.py:188} INFO - [2026-06-12T03:09:37.194+0000] {dag.py:3036} INFO - Sync 1 DAGs
[2026-06-12T03:09:37.221+0000] {logging_mixin.py:188} INFO - [2026-06-12T03:09:37.221+0000] {dag.py:3823} INFO - Setting next_dagrun for crime_analytics_pipeline to 2026-06-06 19:00:00+00:00, run_after=2026-06-13 19:00:00+00:00
[2026-06-12T03:09:37.245+0000] {processor.py:183} INFO - Processing /opt/airflow/dags/dag_crime_pipeline.py took 0.141 seconds
[2026-06-12T03:10:07.382+0000] {processor.py:161} INFO - Started process (PID=1044) to work on /opt/airflow/dags/dag_crime_pipeline.py
[2026-06-12T03:10:07.384+0000] {processor.py:830} INFO - Processing file /opt/airflow/dags/dag_crime_pipeline.py for tasks to queue
[2026-06-12T03:10:07.387+0000] {logging_mixin.py:188} INFO - [2026-06-12T03:10:07.387+0000] {dagbag.py:538} INFO - Filling up the DagBag from /opt/airflow/dags/dag_crime_pipeline.py
[2026-06-12T03:10:07.436+0000] {processor.py:840} INFO - DAG(s) 'crime_analytics_pipeline' retrieved from /opt/airflow/dags/dag_crime_pipeline.py
[2026-06-12T03:10:07.476+0000] {logging_mixin.py:188} INFO - [2026-06-12T03:10:07.475+0000] {dag.py:3036} INFO - Sync 1 DAGs
[2026-06-12T03:10:07.502+0000] {logging_mixin.py:188} INFO - [2026-06-12T03:10:07.502+0000] {dag.py:3823} INFO - Setting next_dagrun for crime_analytics_pipeline to 2026-06-06 19:00:00+00:00, run_after=2026-06-13 19:00:00+00:00
[2026-06-12T03:10:07.526+0000] {processor.py:183} INFO - Processing /opt/airflow/dags/dag_crime_pipeline.py took 0.148 seconds
[2026-06-12T03:10:37.723+0000] {processor.py:161} INFO - Started process (PID=1049) to work on /opt/airflow/dags/dag_crime_pipeline.py
[2026-06-12T03:10:37.725+0000] {processor.py:830} INFO - Processing file /opt/airflow/dags/dag_crime_pipeline.py for tasks to queue
[2026-06-12T03:10:37.728+0000] {logging_mixin.py:188} INFO - [2026-06-12T03:10:37.728+0000] {dagbag.py:538} INFO - Filling up the DagBag from /opt/airflow/dags/dag_crime_pipeline.py
[2026-06-12T03:10:37.773+0000] {processor.py:840} INFO - DAG(s) 'crime_analytics_pipeline' retrieved from /opt/airflow/dags/dag_crime_pipeline.py
[2026-06-12T03:10:37.816+0000] {logging_mixin.py:188} INFO - [2026-06-12T03:10:37.815+0000] {dag.py:3036} INFO - Sync 1 DAGs
[2026-06-12T03:10:37.845+0000] {logging_mixin.py:188} INFO - [2026-06-12T03:10:37.844+0000] {dag.py:3823} INFO - Setting next_dagrun for crime_analytics_pipeline to 2026-06-06 19:00:00+00:00, run_after=2026-06-13 19:00:00+00:00
[2026-06-12T03:10:37.867+0000] {processor.py:183} INFO - Processing /opt/airflow/dags/dag_crime_pipeline.py took 0.148 seconds
[2026-06-12T03:11:07.960+0000] {processor.py:161} INFO - Started process (PID=1054) to work on /opt/airflow/dags/dag_crime_pipeline.py
[2026-06-12T03:11:07.962+0000] {processor.py:830} INFO - Processing file /opt/airflow/dags/dag_crime_pipeline.py for tasks to queue
[2026-06-12T03:11:07.965+0000] {logging_mixin.py:188} INFO - [2026-06-12T03:11:07.965+0000] {dagbag.py:538} INFO - Filling up the DagBag from /opt/airflow/dags/dag_crime_pipeline.py
[2026-06-12T03:11:08.009+0000] {processor.py:840} INFO - DAG(s) 'crime_analytics_pipeline' retrieved from /opt/airflow/dags/dag_crime_pipeline.py
[2026-06-12T03:11:08.052+0000] {logging_mixin.py:188} INFO - [2026-06-12T03:11:08.051+0000] {dag.py:3036} INFO - Sync 1 DAGs
[2026-06-12T03:11:08.081+0000] {logging_mixin.py:188} INFO - [2026-06-12T03:11:08.081+0000] {dag.py:3823} INFO - Setting next_dagrun for crime_analytics_pipeline to 2026-06-06 19:00:00+00:00, run_after=2026-06-13 19:00:00+00:00
[2026-06-12T03:11:08.106+0000] {processor.py:183} INFO - Processing /opt/airflow/dags/dag_crime_pipeline.py took 0.151 seconds
[2026-06-12T03:11:38.309+0000] {processor.py:161} INFO - Started process (PID=1059) to work on /opt/airflow/dags/dag_crime_pipeline.py
[2026-06-12T03:11:38.310+0000] {processor.py:830} INFO - Processing file /opt/airflow/dags/dag_crime_pipeline.py for tasks to queue
[2026-06-12T03:11:38.313+0000] {logging_mixin.py:188} INFO - [2026-06-12T03:11:38.313+0000] {dagbag.py:538} INFO - Filling up the DagBag from /opt/airflow/dags/dag_crime_pipeline.py
[2026-06-12T03:11:38.360+0000] {processor.py:840} INFO - DAG(s) 'crime_analytics_pipeline' retrieved from /opt/airflow/dags/dag_crime_pipeline.py
[2026-06-12T03:11:38.401+0000] {logging_mixin.py:188} INFO - [2026-06-12T03:11:38.400+0000] {dag.py:3036} INFO - Sync 1 DAGs
[2026-06-12T03:11:38.433+0000] {logging_mixin.py:188} INFO - [2026-06-12T03:11:38.432+0000] {dag.py:3823} INFO - Setting next_dagrun for crime_analytics_pipeline to 2026-06-06 19:00:00+00:00, run_after=2026-06-13 19:00:00+00:00
[2026-06-12T03:11:38.460+0000] {processor.py:183} INFO - Processing /opt/airflow/dags/dag_crime_pipeline.py took 0.155 seconds
[2026-06-12T03:12:08.570+0000] {processor.py:161} INFO - Started process (PID=1064) to work on /opt/airflow/dags/dag_crime_pipeline.py
[2026-06-12T03:12:08.572+0000] {processor.py:830} INFO - Processing file /opt/airflow/dags/dag_crime_pipeline.py for tasks to queue
[2026-06-12T03:12:08.576+0000] {logging_mixin.py:188} INFO - [2026-06-12T03:12:08.575+0000] {dagbag.py:538} INFO - Filling up the DagBag from /opt/airflow/dags/dag_crime_pipeline.py
[2026-06-12T03:12:08.620+0000] {processor.py:840} INFO - DAG(s) 'crime_analytics_pipeline' retrieved from /opt/airflow/dags/dag_crime_pipeline.py
[2026-06-12T03:12:08.661+0000] {logging_mixin.py:188} INFO - [2026-06-12T03:12:08.661+0000] {dag.py:3036} INFO - Sync 1 DAGs
[2026-06-12T03:12:08.692+0000] {logging_mixin.py:188} INFO - [2026-06-12T03:12:08.692+0000] {dag.py:3823} INFO - Setting next_dagrun for crime_analytics_pipeline to 2026-06-06 19:00:00+00:00, run_after=2026-06-13 19:00:00+00:00
[2026-06-12T03:12:08.716+0000] {processor.py:183} INFO - Processing /opt/airflow/dags/dag_crime_pipeline.py took 0.151 seconds
[2026-06-12T03:12:38.935+0000] {processor.py:161} INFO - Started process (PID=1069) to work on /opt/airflow/dags/dag_crime_pipeline.py
[2026-06-12T03:12:38.936+0000] {processor.py:830} INFO - Processing file /opt/airflow/dags/dag_crime_pipeline.py for tasks to queue
[2026-06-12T03:12:38.939+0000] {logging_mixin.py:188} INFO - [2026-06-12T03:12:38.938+0000] {dagbag.py:538} INFO - Filling up the DagBag from /opt/airflow/dags/dag_crime_pipeline.py
[2026-06-12T03:12:38.984+0000] {processor.py:840} INFO - DAG(s) 'crime_analytics_pipeline' retrieved from /opt/airflow/dags/dag_crime_pipeline.py
[2026-06-12T03:12:39.038+0000] {logging_mixin.py:188} INFO - [2026-06-12T03:12:39.038+0000] {dag.py:3036} INFO - Sync 1 DAGs
[2026-06-12T03:12:39.073+0000] {logging_mixin.py:188} INFO - [2026-06-12T03:12:39.072+0000] {dag.py:3823} INFO - Setting next_dagrun for crime_analytics_pipeline to 2026-06-06 19:00:00+00:00, run_after=2026-06-13 19:00:00+00:00
[2026-06-12T03:12:39.097+0000] {processor.py:183} INFO - Processing /opt/airflow/dags/dag_crime_pipeline.py took 0.166 seconds
[2026-06-12T03:13:09.189+0000] {processor.py:161} INFO - Started process (PID=1074) to work on /opt/airflow/dags/dag_crime_pipeline.py
[2026-06-12T03:13:09.191+0000] {processor.py:830} INFO - Processing file /opt/airflow/dags/dag_crime_pipeline.py for tasks to queue
[2026-06-12T03:13:09.194+0000] {logging_mixin.py:188} INFO - [2026-06-12T03:13:09.193+0000] {dagbag.py:538} INFO - Filling up the DagBag from /opt/airflow/dags/dag_crime_pipeline.py
[2026-06-12T03:13:09.241+0000] {processor.py:840} INFO - DAG(s) 'crime_analytics_pipeline' retrieved from /opt/airflow/dags/dag_crime_pipeline.py
[2026-06-12T03:13:09.285+0000] {logging_mixin.py:188} INFO - [2026-06-12T03:13:09.285+0000] {dag.py:3036} INFO - Sync 1 DAGs
[2026-06-12T03:13:09.316+0000] {logging_mixin.py:188} INFO - [2026-06-12T03:13:09.316+0000] {dag.py:3823} INFO - Setting next_dagrun for crime_analytics_pipeline to 2026-06-06 19:00:00+00:00, run_after=2026-06-13 19:00:00+00:00
[2026-06-12T03:13:09.363+0000] {processor.py:183} INFO - Processing /opt/airflow/dags/dag_crime_pipeline.py took 0.178 seconds
[2026-06-12T03:13:39.602+0000] {processor.py:161} INFO - Started process (PID=1079) to work on /opt/airflow/dags/dag_crime_pipeline.py
[2026-06-12T03:13:39.604+0000] {processor.py:830} INFO - Processing file /opt/airflow/dags/dag_crime_pipeline.py for tasks to queue
[2026-06-12T03:13:39.607+0000] {logging_mixin.py:188} INFO - [2026-06-12T03:13:39.607+0000] {dagbag.py:538} INFO - Filling up the DagBag from /opt/airflow/dags/dag_crime_pipeline.py
[2026-06-12T03:13:39.651+0000] {processor.py:840} INFO - DAG(s) 'crime_analytics_pipeline' retrieved from /opt/airflow/dags/dag_crime_pipeline.py
[2026-06-12T03:13:39.694+0000] {logging_mixin.py:188} INFO - [2026-06-12T03:13:39.693+0000] {dag.py:3036} INFO - Sync 1 DAGs
[2026-06-12T03:13:39.724+0000] {logging_mixin.py:188} INFO - [2026-06-12T03:13:39.724+0000] {dag.py:3823} INFO - Setting next_dagrun for crime_analytics_pipeline to 2026-06-06 19:00:00+00:00, run_after=2026-06-13 19:00:00+00:00
[2026-06-12T03:13:39.749+0000] {processor.py:183} INFO - Processing /opt/airflow/dags/dag_crime_pipeline.py took 0.150 seconds
[2026-06-12T03:14:09.861+0000] {processor.py:161} INFO - Started process (PID=1084) to work on /opt/airflow/dags/dag_crime_pipeline.py
[2026-06-12T03:14:09.862+0000] {processor.py:830} INFO - Processing file /opt/airflow/dags/dag_crime_pipeline.py for tasks to queue
[2026-06-12T03:14:09.865+0000] {logging_mixin.py:188} INFO - [2026-06-12T03:14:09.865+0000] {dagbag.py:538} INFO - Filling up the DagBag from /opt/airflow/dags/dag_crime_pipeline.py
[2026-06-12T03:14:09.909+0000] {processor.py:840} INFO - DAG(s) 'crime_analytics_pipeline' retrieved from /opt/airflow/dags/dag_crime_pipeline.py
[2026-06-12T03:14:09.951+0000] {logging_mixin.py:188} INFO - [2026-06-12T03:14:09.951+0000] {dag.py:3036} INFO - Sync 1 DAGs
[2026-06-12T03:14:09.977+0000] {logging_mixin.py:188} INFO - [2026-06-12T03:14:09.977+0000] {dag.py:3823} INFO - Setting next_dagrun for crime_analytics_pipeline to 2026-06-06 19:00:00+00:00, run_after=2026-06-13 19:00:00+00:00
[2026-06-12T03:14:10.025+0000] {processor.py:183} INFO - Processing /opt/airflow/dags/dag_crime_pipeline.py took 0.170 seconds
[2026-06-12T03:14:40.236+0000] {processor.py:161} INFO - Started process (PID=1089) to work on /opt/airflow/dags/dag_crime_pipeline.py
[2026-06-12T03:14:40.237+0000] {processor.py:830} INFO - Processing file /opt/airflow/dags/dag_crime_pipeline.py for tasks to queue
[2026-06-12T03:14:40.241+0000] {logging_mixin.py:188} INFO - [2026-06-12T03:14:40.240+0000] {dagbag.py:538} INFO - Filling up the DagBag from /opt/airflow/dags/dag_crime_pipeline.py
[2026-06-12T03:14:40.287+0000] {processor.py:840} INFO - DAG(s) 'crime_analytics_pipeline' retrieved from /opt/airflow/dags/dag_crime_pipeline.py
[2026-06-12T03:14:40.331+0000] {logging_mixin.py:188} INFO - [2026-06-12T03:14:40.330+0000] {dag.py:3036} INFO - Sync 1 DAGs
[2026-06-12T03:14:40.361+0000] {logging_mixin.py:188} INFO - [2026-06-12T03:14:40.360+0000] {dag.py:3823} INFO - Setting next_dagrun for crime_analytics_pipeline to 2026-06-06 19:00:00+00:00, run_after=2026-06-13 19:00:00+00:00
[2026-06-12T03:14:40.387+0000] {processor.py:183} INFO - Processing /opt/airflow/dags/dag_crime_pipeline.py took 0.155 seconds
[2026-06-12T03:15:10.589+0000] {processor.py:161} INFO - Started process (PID=1094) to work on /opt/airflow/dags/dag_crime_pipeline.py
[2026-06-12T03:15:10.591+0000] {processor.py:830} INFO - Processing file /opt/airflow/dags/dag_crime_pipeline.py for tasks to queue
[2026-06-12T03:15:10.593+0000] {logging_mixin.py:188} INFO - [2026-06-12T03:15:10.593+0000] {dagbag.py:538} INFO - Filling up the DagBag from /opt/airflow/dags/dag_crime_pipeline.py
[2026-06-12T03:15:10.638+0000] {processor.py:840} INFO - DAG(s) 'crime_analytics_pipeline' retrieved from /opt/airflow/dags/dag_crime_pipeline.py
[2026-06-12T03:15:10.682+0000] {logging_mixin.py:188} INFO - [2026-06-12T03:15:10.681+0000] {dag.py:3036} INFO - Sync 1 DAGs
[2026-06-12T03:15:10.709+0000] {logging_mixin.py:188} INFO - [2026-06-12T03:15:10.709+0000] {dag.py:3823} INFO - Setting next_dagrun for crime_analytics_pipeline to 2026-06-06 19:00:00+00:00, run_after=2026-06-13 19:00:00+00:00
[2026-06-12T03:15:10.732+0000] {processor.py:183} INFO - Processing /opt/airflow/dags/dag_crime_pipeline.py took 0.148 seconds
[2026-06-12T03:15:40.804+0000] {processor.py:161} INFO - Started process (PID=1099) to work on /opt/airflow/dags/dag_crime_pipeline.py
[2026-06-12T03:15:40.806+0000] {processor.py:830} INFO - Processing file /opt/airflow/dags/dag_crime_pipeline.py for tasks to queue
[2026-06-12T03:15:40.809+0000] {logging_mixin.py:188} INFO - [2026-06-12T03:15:40.808+0000] {dagbag.py:538} INFO - Filling up the DagBag from /opt/airflow/dags/dag_crime_pipeline.py
[2026-06-12T03:15:40.854+0000] {processor.py:840} INFO - DAG(s) 'crime_analytics_pipeline' retrieved from /opt/airflow/dags/dag_crime_pipeline.py
[2026-06-12T03:15:40.894+0000] {logging_mixin.py:188} INFO - [2026-06-12T03:15:40.894+0000] {dag.py:3036} INFO - Sync 1 DAGs
[2026-06-12T03:15:40.921+0000] {logging_mixin.py:188} INFO - [2026-06-12T03:15:40.920+0000] {dag.py:3823} INFO - Setting next_dagrun for crime_analytics_pipeline to 2026-06-06 19:00:00+00:00, run_after=2026-06-13 19:00:00+00:00
[2026-06-12T03:15:40.969+0000] {processor.py:183} INFO - Processing /opt/airflow/dags/dag_crime_pipeline.py took 0.170 seconds
[2026-06-12T03:16:11.195+0000] {processor.py:161} INFO - Started process (PID=1104) to work on /opt/airflow/dags/dag_crime_pipeline.py
[2026-06-12T03:16:11.197+0000] {processor.py:830} INFO - Processing file /opt/airflow/dags/dag_crime_pipeline.py for tasks to queue
[2026-06-12T03:16:11.200+0000] {logging_mixin.py:188} INFO - [2026-06-12T03:16:11.199+0000] {dagbag.py:538} INFO - Filling up the DagBag from /opt/airflow/dags/dag_crime_pipeline.py
[2026-06-12T03:16:11.251+0000] {processor.py:840} INFO - DAG(s) 'crime_analytics_pipeline' retrieved from /opt/airflow/dags/dag_crime_pipeline.py
[2026-06-12T03:16:11.295+0000] {logging_mixin.py:188} INFO - [2026-06-12T03:16:11.294+0000] {dag.py:3036} INFO - Sync 1 DAGs
[2026-06-12T03:16:11.538+0000] {logging_mixin.py:188} INFO - [2026-06-12T03:16:11.538+0000] {dag.py:3823} INFO - Setting next_dagrun for crime_analytics_pipeline to 2026-06-06 19:00:00+00:00, run_after=2026-06-13 19:00:00+00:00
[2026-06-12T03:16:11.561+0000] {processor.py:183} INFO - Processing /opt/airflow/dags/dag_crime_pipeline.py took 0.371 seconds
[2026-06-12T03:16:42.013+0000] {processor.py:161} INFO - Started process (PID=1109) to work on /opt/airflow/dags/dag_crime_pipeline.py
[2026-06-12T03:16:42.015+0000] {processor.py:830} INFO - Processing file /opt/airflow/dags/dag_crime_pipeline.py for tasks to queue
[2026-06-12T03:16:42.017+0000] {logging_mixin.py:188} INFO - [2026-06-12T03:16:42.017+0000] {dagbag.py:538} INFO - Filling up the DagBag from /opt/airflow/dags/dag_crime_pipeline.py
[2026-06-12T03:16:42.065+0000] {processor.py:840} INFO - DAG(s) 'crime_analytics_pipeline' retrieved from /opt/airflow/dags/dag_crime_pipeline.py
[2026-06-12T03:16:42.106+0000] {logging_mixin.py:188} INFO - [2026-06-12T03:16:42.105+0000] {dag.py:3036} INFO - Sync 1 DAGs
[2026-06-12T03:16:42.141+0000] {logging_mixin.py:188} INFO - [2026-06-12T03:16:42.141+0000] {dag.py:3823} INFO - Setting next_dagrun for crime_analytics_pipeline to 2026-06-06 19:00:00+00:00, run_after=2026-06-13 19:00:00+00:00
[2026-06-12T03:16:42.172+0000] {processor.py:183} INFO - Processing /opt/airflow/dags/dag_crime_pipeline.py took 0.166 seconds
[2026-06-12T03:17:12.249+0000] {processor.py:161} INFO - Started process (PID=1114) to work on /opt/airflow/dags/dag_crime_pipeline.py
[2026-06-12T03:17:12.251+0000] {processor.py:830} INFO - Processing file /opt/airflow/dags/dag_crime_pipeline.py for tasks to queue
[2026-06-12T03:17:12.254+0000] {logging_mixin.py:188} INFO - [2026-06-12T03:17:12.254+0000] {dagbag.py:538} INFO - Filling up the DagBag from /opt/airflow/dags/dag_crime_pipeline.py
[2026-06-12T03:17:12.301+0000] {processor.py:840} INFO - DAG(s) 'crime_analytics_pipeline' retrieved from /opt/airflow/dags/dag_crime_pipeline.py
[2026-06-12T03:17:12.343+0000] {logging_mixin.py:188} INFO - [2026-06-12T03:17:12.343+0000] {dag.py:3036} INFO - Sync 1 DAGs
[2026-06-12T03:17:12.375+0000] {logging_mixin.py:188} INFO - [2026-06-12T03:17:12.374+0000] {dag.py:3823} INFO - Setting next_dagrun for crime_analytics_pipeline to 2026-06-06 19:00:00+00:00, run_after=2026-06-13 19:00:00+00:00
[2026-06-12T03:17:12.421+0000] {processor.py:183} INFO - Processing /opt/airflow/dags/dag_crime_pipeline.py took 0.177 seconds
[2026-06-12T03:17:42.685+0000] {processor.py:161} INFO - Started process (PID=1119) to work on /opt/airflow/dags/dag_crime_pipeline.py
[2026-06-12T03:17:42.687+0000] {processor.py:830} INFO - Processing file /opt/airflow/dags/dag_crime_pipeline.py for tasks to queue
[2026-06-12T03:17:42.692+0000] {logging_mixin.py:188} INFO - [2026-06-12T03:17:42.691+0000] {dagbag.py:538} INFO - Filling up the DagBag from /opt/airflow/dags/dag_crime_pipeline.py
[2026-06-12T03:17:42.742+0000] {processor.py:840} INFO - DAG(s) 'crime_analytics_pipeline' retrieved from /opt/airflow/dags/dag_crime_pipeline.py
[2026-06-12T03:17:42.782+0000] {logging_mixin.py:188} INFO - [2026-06-12T03:17:42.781+0000] {dag.py:3036} INFO - Sync 1 DAGs
[2026-06-12T03:17:42.811+0000] {logging_mixin.py:188} INFO - [2026-06-12T03:17:42.810+0000] {dag.py:3823} INFO - Setting next_dagrun for crime_analytics_pipeline to 2026-06-06 19:00:00+00:00, run_after=2026-06-13 19:00:00+00:00
[2026-06-12T03:17:42.839+0000] {processor.py:183} INFO - Processing /opt/airflow/dags/dag_crime_pipeline.py took 0.158 seconds
[2026-06-12T03:18:12.934+0000] {processor.py:161} INFO - Started process (PID=1124) to work on /opt/airflow/dags/dag_crime_pipeline.py
[2026-06-12T03:18:12.936+0000] {processor.py:830} INFO - Processing file /opt/airflow/dags/dag_crime_pipeline.py for tasks to queue
[2026-06-12T03:18:12.941+0000] {logging_mixin.py:188} INFO - [2026-06-12T03:18:12.940+0000] {dagbag.py:538} INFO - Filling up the DagBag from /opt/airflow/dags/dag_crime_pipeline.py
[2026-06-12T03:18:12.990+0000] {processor.py:840} INFO - DAG(s) 'crime_analytics_pipeline' retrieved from /opt/airflow/dags/dag_crime_pipeline.py
[2026-06-12T03:18:13.034+0000] {logging_mixin.py:188} INFO - [2026-06-12T03:18:13.033+0000] {dag.py:3036} INFO - Sync 1 DAGs
[2026-06-12T03:18:13.062+0000] {logging_mixin.py:188} INFO - [2026-06-12T03:18:13.062+0000] {dag.py:3823} INFO - Setting next_dagrun for crime_analytics_pipeline to 2026-06-06 19:00:00+00:00, run_after=2026-06-13 19:00:00+00:00
[2026-06-12T03:18:13.088+0000] {processor.py:183} INFO - Processing /opt/airflow/dags/dag_crime_pipeline.py took 0.158 seconds
[2026-06-12T03:18:43.379+0000] {processor.py:161} INFO - Started process (PID=1129) to work on /opt/airflow/dags/dag_crime_pipeline.py
[2026-06-12T03:18:43.381+0000] {processor.py:830} INFO - Processing file /opt/airflow/dags/dag_crime_pipeline.py for tasks to queue
[2026-06-12T03:18:43.385+0000] {logging_mixin.py:188} INFO - [2026-06-12T03:18:43.384+0000] {dagbag.py:538} INFO - Filling up the DagBag from /opt/airflow/dags/dag_crime_pipeline.py
[2026-06-12T03:18:43.436+0000] {processor.py:840} INFO - DAG(s) 'crime_analytics_pipeline' retrieved from /opt/airflow/dags/dag_crime_pipeline.py
[2026-06-12T03:18:43.477+0000] {logging_mixin.py:188} INFO - [2026-06-12T03:18:43.476+0000] {dag.py:3036} INFO - Sync 1 DAGs
[2026-06-12T03:18:43.504+0000] {logging_mixin.py:188} INFO - [2026-06-12T03:18:43.504+0000] {dag.py:3823} INFO - Setting next_dagrun for crime_analytics_pipeline to 2026-06-06 19:00:00+00:00, run_after=2026-06-13 19:00:00+00:00
[2026-06-12T03:18:43.549+0000] {processor.py:183} INFO - Processing /opt/airflow/dags/dag_crime_pipeline.py took 0.175 seconds
[2026-06-12T03:19:13.667+0000] {processor.py:161} INFO - Started process (PID=1134) to work on /opt/airflow/dags/dag_crime_pipeline.py
[2026-06-12T03:19:13.668+0000] {processor.py:830} INFO - Processing file /opt/airflow/dags/dag_crime_pipeline.py for tasks to queue
[2026-06-12T03:19:13.671+0000] {logging_mixin.py:188} INFO - [2026-06-12T03:19:13.671+0000] {dagbag.py:538} INFO - Filling up the DagBag from /opt/airflow/dags/dag_crime_pipeline.py
[2026-06-12T03:19:13.722+0000] {processor.py:840} INFO - DAG(s) 'crime_analytics_pipeline' retrieved from /opt/airflow/dags/dag_crime_pipeline.py
[2026-06-12T03:19:13.764+0000] {logging_mixin.py:188} INFO - [2026-06-12T03:19:13.763+0000] {dag.py:3036} INFO - Sync 1 DAGs
[2026-06-12T03:19:13.795+0000] {logging_mixin.py:188} INFO - [2026-06-12T03:19:13.794+0000] {dag.py:3823} INFO - Setting next_dagrun for crime_analytics_pipeline to 2026-06-06 19:00:00+00:00, run_after=2026-06-13 19:00:00+00:00
[2026-06-12T03:19:13.842+0000] {processor.py:183} INFO - Processing /opt/airflow/dags/dag_crime_pipeline.py took 0.180 seconds
[2026-06-12T03:19:44.099+0000] {processor.py:161} INFO - Started process (PID=1139) to work on /opt/airflow/dags/dag_crime_pipeline.py
[2026-06-12T03:19:44.101+0000] {processor.py:830} INFO - Processing file /opt/airflow/dags/dag_crime_pipeline.py for tasks to queue
[2026-06-12T03:19:44.105+0000] {logging_mixin.py:188} INFO - [2026-06-12T03:19:44.104+0000] {dagbag.py:538} INFO - Filling up the DagBag from /opt/airflow/dags/dag_crime_pipeline.py
[2026-06-12T03:19:44.154+0000] {processor.py:840} INFO - DAG(s) 'crime_analytics_pipeline' retrieved from /opt/airflow/dags/dag_crime_pipeline.py
[2026-06-12T03:19:44.194+0000] {logging_mixin.py:188} INFO - [2026-06-12T03:19:44.194+0000] {dag.py:3036} INFO - Sync 1 DAGs
[2026-06-12T03:19:44.222+0000] {logging_mixin.py:188} INFO - [2026-06-12T03:19:44.222+0000] {dag.py:3823} INFO - Setting next_dagrun for crime_analytics_pipeline to 2026-06-06 19:00:00+00:00, run_after=2026-06-13 19:00:00+00:00
[2026-06-12T03:19:44.248+0000] {processor.py:183} INFO - Processing /opt/airflow/dags/dag_crime_pipeline.py took 0.152 seconds
[2026-06-12T03:20:14.353+0000] {processor.py:161} INFO - Started process (PID=1144) to work on /opt/airflow/dags/dag_crime_pipeline.py
[2026-06-12T03:20:14.355+0000] {processor.py:830} INFO - Processing file /opt/airflow/dags/dag_crime_pipeline.py for tasks to queue
[2026-06-12T03:20:14.358+0000] {logging_mixin.py:188} INFO - [2026-06-12T03:20:14.358+0000] {dagbag.py:538} INFO - Filling up the DagBag from /opt/airflow/dags/dag_crime_pipeline.py
[2026-06-12T03:20:14.406+0000] {processor.py:840} INFO - DAG(s) 'crime_analytics_pipeline' retrieved from /opt/airflow/dags/dag_crime_pipeline.py
[2026-06-12T03:20:14.447+0000] {logging_mixin.py:188} INFO - [2026-06-12T03:20:14.446+0000] {dag.py:3036} INFO - Sync 1 DAGs
[2026-06-12T03:20:14.472+0000] {logging_mixin.py:188} INFO - [2026-06-12T03:20:14.472+0000] {dag.py:3823} INFO - Setting next_dagrun for crime_analytics_pipeline to 2026-06-06 19:00:00+00:00, run_after=2026-06-13 19:00:00+00:00
[2026-06-12T03:20:14.519+0000] {processor.py:183} INFO - Processing /opt/airflow/dags/dag_crime_pipeline.py took 0.171 seconds
[2026-06-12T03:20:44.756+0000] {processor.py:161} INFO - Started process (PID=1149) to work on /opt/airflow/dags/dag_crime_pipeline.py
[2026-06-12T03:20:44.757+0000] {processor.py:830} INFO - Processing file /opt/airflow/dags/dag_crime_pipeline.py for tasks to queue
[2026-06-12T03:20:44.761+0000] {logging_mixin.py:188} INFO - [2026-06-12T03:20:44.761+0000] {dagbag.py:538} INFO - Filling up the DagBag from /opt/airflow/dags/dag_crime_pipeline.py
[2026-06-12T03:20:44.806+0000] {processor.py:840} INFO - DAG(s) 'crime_analytics_pipeline' retrieved from /opt/airflow/dags/dag_crime_pipeline.py
[2026-06-12T03:20:44.855+0000] {logging_mixin.py:188} INFO - [2026-06-12T03:20:44.854+0000] {dag.py:3036} INFO - Sync 1 DAGs
[2026-06-12T03:20:44.888+0000] {logging_mixin.py:188} INFO - [2026-06-12T03:20:44.887+0000] {dag.py:3823} INFO - Setting next_dagrun for crime_analytics_pipeline to 2026-06-06 19:00:00+00:00, run_after=2026-06-13 19:00:00+00:00
[2026-06-12T03:20:44.931+0000] {processor.py:183} INFO - Processing /opt/airflow/dags/dag_crime_pipeline.py took 0.179 seconds
[2026-06-12T03:21:15.178+0000] {processor.py:161} INFO - Started process (PID=1154) to work on /opt/airflow/dags/dag_crime_pipeline.py
[2026-06-12T03:21:15.180+0000] {processor.py:830} INFO - Processing file /opt/airflow/dags/dag_crime_pipeline.py for tasks to queue
[2026-06-12T03:21:15.183+0000] {logging_mixin.py:188} INFO - [2026-06-12T03:21:15.182+0000] {dagbag.py:538} INFO - Filling up the DagBag from /opt/airflow/dags/dag_crime_pipeline.py
[2026-06-12T03:21:15.226+0000] {processor.py:840} INFO - DAG(s) 'crime_analytics_pipeline' retrieved from /opt/airflow/dags/dag_crime_pipeline.py
[2026-06-12T03:21:15.284+0000] {logging_mixin.py:188} INFO - [2026-06-12T03:21:15.284+0000] {dag.py:3036} INFO - Sync 1 DAGs
[2026-06-12T03:21:15.317+0000] {logging_mixin.py:188} INFO - [2026-06-12T03:21:15.317+0000] {dag.py:3823} INFO - Setting next_dagrun for crime_analytics_pipeline to 2026-06-06 19:00:00+00:00, run_after=2026-06-13 19:00:00+00:00
[2026-06-12T03:21:15.345+0000] {processor.py:183} INFO - Processing /opt/airflow/dags/dag_crime_pipeline.py took 0.172 seconds
[2026-06-12T03:21:45.466+0000] {processor.py:161} INFO - Started process (PID=1159) to work on /opt/airflow/dags/dag_crime_pipeline.py
[2026-06-12T03:21:45.468+0000] {processor.py:830} INFO - Processing file /opt/airflow/dags/dag_crime_pipeline.py for tasks to queue
[2026-06-12T03:21:45.471+0000] {logging_mixin.py:188} INFO - [2026-06-12T03:21:45.471+0000] {dagbag.py:538} INFO - Filling up the DagBag from /opt/airflow/dags/dag_crime_pipeline.py
[2026-06-12T03:21:45.518+0000] {processor.py:840} INFO - DAG(s) 'crime_analytics_pipeline' retrieved from /opt/airflow/dags/dag_crime_pipeline.py
[2026-06-12T03:21:45.566+0000] {logging_mixin.py:188} INFO - [2026-06-12T03:21:45.565+0000] {dag.py:3036} INFO - Sync 1 DAGs
[2026-06-12T03:21:45.595+0000] {logging_mixin.py:188} INFO - [2026-06-12T03:21:45.595+0000] {dag.py:3823} INFO - Setting next_dagrun for crime_analytics_pipeline to 2026-06-06 19:00:00+00:00, run_after=2026-06-13 19:00:00+00:00
[2026-06-12T03:21:45.621+0000] {processor.py:183} INFO - Processing /opt/airflow/dags/dag_crime_pipeline.py took 0.159 seconds
[2026-06-12T03:22:15.844+0000] {processor.py:161} INFO - Started process (PID=1164) to work on /opt/airflow/dags/dag_crime_pipeline.py
[2026-06-12T03:22:15.845+0000] {processor.py:830} INFO - Processing file /opt/airflow/dags/dag_crime_pipeline.py for tasks to queue
[2026-06-12T03:22:15.849+0000] {logging_mixin.py:188} INFO - [2026-06-12T03:22:15.848+0000] {dagbag.py:538} INFO - Filling up the DagBag from /opt/airflow/dags/dag_crime_pipeline.py
[2026-06-12T03:22:15.896+0000] {processor.py:840} INFO - DAG(s) 'crime_analytics_pipeline' retrieved from /opt/airflow/dags/dag_crime_pipeline.py
[2026-06-12T03:22:15.933+0000] {logging_mixin.py:188} INFO - [2026-06-12T03:22:15.933+0000] {dag.py:3036} INFO - Sync 1 DAGs
[2026-06-12T03:22:15.960+0000] {logging_mixin.py:188} INFO - [2026-06-12T03:22:15.960+0000] {dag.py:3823} INFO - Setting next_dagrun for crime_analytics_pipeline to 2026-06-06 19:00:00+00:00, run_after=2026-06-13 19:00:00+00:00
[2026-06-12T03:22:15.985+0000] {processor.py:183} INFO - Processing /opt/airflow/dags/dag_crime_pipeline.py took 0.145 seconds
[2026-06-12T03:22:46.100+0000] {processor.py:161} INFO - Started process (PID=1169) to work on /opt/airflow/dags/dag_crime_pipeline.py
[2026-06-12T03:22:46.102+0000] {processor.py:830} INFO - Processing file /opt/airflow/dags/dag_crime_pipeline.py for tasks to queue
[2026-06-12T03:22:46.105+0000] {logging_mixin.py:188} INFO - [2026-06-12T03:22:46.104+0000] {dagbag.py:538} INFO - Filling up the DagBag from /opt/airflow/dags/dag_crime_pipeline.py
[2026-06-12T03:22:46.151+0000] {processor.py:840} INFO - DAG(s) 'crime_analytics_pipeline' retrieved from /opt/airflow/dags/dag_crime_pipeline.py
[2026-06-12T03:22:46.195+0000] {logging_mixin.py:188} INFO - [2026-06-12T03:22:46.195+0000] {dag.py:3036} INFO - Sync 1 DAGs
[2026-06-12T03:22:46.224+0000] {logging_mixin.py:188} INFO - [2026-06-12T03:22:46.223+0000] {dag.py:3823} INFO - Setting next_dagrun for crime_analytics_pipeline to 2026-06-06 19:00:00+00:00, run_after=2026-06-13 19:00:00+00:00
[2026-06-12T03:22:46.253+0000] {processor.py:183} INFO - Processing /opt/airflow/dags/dag_crime_pipeline.py took 0.157 seconds
[2026-06-12T03:23:16.503+0000] {processor.py:161} INFO - Started process (PID=1174) to work on /opt/airflow/dags/dag_crime_pipeline.py
[2026-06-12T03:23:16.504+0000] {processor.py:830} INFO - Processing file /opt/airflow/dags/dag_crime_pipeline.py for tasks to queue
[2026-06-12T03:23:16.507+0000] {logging_mixin.py:188} INFO - [2026-06-12T03:23:16.506+0000] {dagbag.py:538} INFO - Filling up the DagBag from /opt/airflow/dags/dag_crime_pipeline.py
[2026-06-12T03:23:16.555+0000] {processor.py:840} INFO - DAG(s) 'crime_analytics_pipeline' retrieved from /opt/airflow/dags/dag_crime_pipeline.py
[2026-06-12T03:23:16.598+0000] {logging_mixin.py:188} INFO - [2026-06-12T03:23:16.597+0000] {dag.py:3036} INFO - Sync 1 DAGs
[2026-06-12T03:23:16.625+0000] {logging_mixin.py:188} INFO - [2026-06-12T03:23:16.625+0000] {dag.py:3823} INFO - Setting next_dagrun for crime_analytics_pipeline to 2026-06-06 19:00:00+00:00, run_after=2026-06-13 19:00:00+00:00
[2026-06-12T03:23:16.670+0000] {processor.py:183} INFO - Processing /opt/airflow/dags/dag_crime_pipeline.py took 0.172 seconds
[2026-06-12T03:23:46.828+0000] {processor.py:161} INFO - Started process (PID=1179) to work on /opt/airflow/dags/dag_crime_pipeline.py
[2026-06-12T03:23:46.831+0000] {processor.py:830} INFO - Processing file /opt/airflow/dags/dag_crime_pipeline.py for tasks to queue
[2026-06-12T03:23:46.836+0000] {logging_mixin.py:188} INFO - [2026-06-12T03:23:46.835+0000] {dagbag.py:538} INFO - Filling up the DagBag from /opt/airflow/dags/dag_crime_pipeline.py
[2026-06-12T03:23:46.911+0000] {processor.py:840} INFO - DAG(s) 'crime_analytics_pipeline' retrieved from /opt/airflow/dags/dag_crime_pipeline.py
[2026-06-12T03:23:46.955+0000] {logging_mixin.py:188} INFO - [2026-06-12T03:23:46.955+0000] {dag.py:3036} INFO - Sync 1 DAGs
[2026-06-12T03:23:46.981+0000] {logging_mixin.py:188} INFO - [2026-06-12T03:23:46.980+0000] {dag.py:3823} INFO - Setting next_dagrun for crime_analytics_pipeline to 2026-06-06 19:00:00+00:00, run_after=2026-06-13 19:00:00+00:00
[2026-06-12T03:23:47.022+0000] {processor.py:183} INFO - Processing /opt/airflow/dags/dag_crime_pipeline.py took 0.201 seconds
[2026-06-12T03:24:17.184+0000] {processor.py:161} INFO - Started process (PID=1184) to work on /opt/airflow/dags/dag_crime_pipeline.py
[2026-06-12T03:24:17.186+0000] {processor.py:830} INFO - Processing file /opt/airflow/dags/dag_crime_pipeline.py for tasks to queue
[2026-06-12T03:24:17.189+0000] {logging_mixin.py:188} INFO - [2026-06-12T03:24:17.189+0000] {dagbag.py:538} INFO - Filling up the DagBag from /opt/airflow/dags/dag_crime_pipeline.py
[2026-06-12T03:24:17.260+0000] {processor.py:840} INFO - DAG(s) 'crime_analytics_pipeline' retrieved from /opt/airflow/dags/dag_crime_pipeline.py
[2026-06-12T03:24:17.309+0000] {logging_mixin.py:188} INFO - [2026-06-12T03:24:17.309+0000] {dag.py:3036} INFO - Sync 1 DAGs
[2026-06-12T03:24:17.332+0000] {logging_mixin.py:188} INFO - [2026-06-12T03:24:17.332+0000] {dag.py:3823} INFO - Setting next_dagrun for crime_analytics_pipeline to 2026-06-06 19:00:00+00:00, run_after=2026-06-13 19:00:00+00:00
[2026-06-12T03:24:17.355+0000] {processor.py:183} INFO - Processing /opt/airflow/dags/dag_crime_pipeline.py took 0.175 seconds
[2026-06-12T03:24:47.537+0000] {processor.py:161} INFO - Started process (PID=1189) to work on /opt/airflow/dags/dag_crime_pipeline.py
[2026-06-12T03:24:47.538+0000] {processor.py:830} INFO - Processing file /opt/airflow/dags/dag_crime_pipeline.py for tasks to queue
[2026-06-12T03:24:47.541+0000] {logging_mixin.py:188} INFO - [2026-06-12T03:24:47.541+0000] {dagbag.py:538} INFO - Filling up the DagBag from /opt/airflow/dags/dag_crime_pipeline.py
[2026-06-12T03:24:47.583+0000] {processor.py:840} INFO - DAG(s) 'crime_analytics_pipeline' retrieved from /opt/airflow/dags/dag_crime_pipeline.py
[2026-06-12T03:24:47.619+0000] {logging_mixin.py:188} INFO - [2026-06-12T03:24:47.619+0000] {dag.py:3036} INFO - Sync 1 DAGs
[2026-06-12T03:24:47.645+0000] {logging_mixin.py:188} INFO - [2026-06-12T03:24:47.644+0000] {dag.py:3823} INFO - Setting next_dagrun for crime_analytics_pipeline to 2026-06-06 19:00:00+00:00, run_after=2026-06-13 19:00:00+00:00
[2026-06-12T03:24:47.690+0000] {processor.py:183} INFO - Processing /opt/airflow/dags/dag_crime_pipeline.py took 0.158 seconds
[2026-06-12T03:25:17.804+0000] {processor.py:161} INFO - Started process (PID=1194) to work on /opt/airflow/dags/dag_crime_pipeline.py
[2026-06-12T03:25:17.806+0000] {processor.py:830} INFO - Processing file /opt/airflow/dags/dag_crime_pipeline.py for tasks to queue
[2026-06-12T03:25:17.809+0000] {logging_mixin.py:188} INFO - [2026-06-12T03:25:17.808+0000] {dagbag.py:538} INFO - Filling up the DagBag from /opt/airflow/dags/dag_crime_pipeline.py
[2026-06-12T03:25:17.851+0000] {processor.py:840} INFO - DAG(s) 'crime_analytics_pipeline' retrieved from /opt/airflow/dags/dag_crime_pipeline.py
[2026-06-12T03:25:17.888+0000] {logging_mixin.py:188} INFO - [2026-06-12T03:25:17.887+0000] {dag.py:3036} INFO - Sync 1 DAGs
[2026-06-12T03:25:17.914+0000] {logging_mixin.py:188} INFO - [2026-06-12T03:25:17.914+0000] {dag.py:3823} INFO - Setting next_dagrun for crime_analytics_pipeline to 2026-06-06 19:00:00+00:00, run_after=2026-06-13 19:00:00+00:00
[2026-06-12T03:25:17.959+0000] {processor.py:183} INFO - Processing /opt/airflow/dags/dag_crime_pipeline.py took 0.160 seconds
[2026-06-12T03:25:48.118+0000] {processor.py:161} INFO - Started process (PID=1199) to work on /opt/airflow/dags/dag_crime_pipeline.py
[2026-06-12T03:25:48.120+0000] {processor.py:830} INFO - Processing file /opt/airflow/dags/dag_crime_pipeline.py for tasks to queue
[2026-06-12T03:25:48.123+0000] {logging_mixin.py:188} INFO - [2026-06-12T03:25:48.122+0000] {dagbag.py:538} INFO - Filling up the DagBag from /opt/airflow/dags/dag_crime_pipeline.py
[2026-06-12T03:25:48.166+0000] {processor.py:840} INFO - DAG(s) 'crime_analytics_pipeline' retrieved from /opt/airflow/dags/dag_crime_pipeline.py
[2026-06-12T03:25:48.210+0000] {logging_mixin.py:188} INFO - [2026-06-12T03:25:48.210+0000] {dag.py:3036} INFO - Sync 1 DAGs
[2026-06-12T03:25:48.240+0000] {logging_mixin.py:188} INFO - [2026-06-12T03:25:48.239+0000] {dag.py:3823} INFO - Setting next_dagrun for crime_analytics_pipeline to 2026-06-06 19:00:00+00:00, run_after=2026-06-13 19:00:00+00:00
[2026-06-12T03:25:48.282+0000] {processor.py:183} INFO - Processing /opt/airflow/dags/dag_crime_pipeline.py took 0.171 seconds
[2026-06-12T03:26:18.460+0000] {processor.py:161} INFO - Started process (PID=1204) to work on /opt/airflow/dags/dag_crime_pipeline.py
[2026-06-12T03:26:18.463+0000] {processor.py:830} INFO - Processing file /opt/airflow/dags/dag_crime_pipeline.py for tasks to queue
[2026-06-12T03:26:18.466+0000] {logging_mixin.py:188} INFO - [2026-06-12T03:26:18.465+0000] {dagbag.py:538} INFO - Filling up the DagBag from /opt/airflow/dags/dag_crime_pipeline.py
[2026-06-12T03:26:18.512+0000] {processor.py:840} INFO - DAG(s) 'crime_analytics_pipeline' retrieved from /opt/airflow/dags/dag_crime_pipeline.py
[2026-06-12T03:26:18.549+0000] {logging_mixin.py:188} INFO - [2026-06-12T03:26:18.549+0000] {dag.py:3036} INFO - Sync 1 DAGs
[2026-06-12T03:26:18.578+0000] {logging_mixin.py:188} INFO - [2026-06-12T03:26:18.578+0000] {dag.py:3823} INFO - Setting next_dagrun for crime_analytics_pipeline to 2026-06-06 19:00:00+00:00, run_after=2026-06-13 19:00:00+00:00
[2026-06-12T03:26:18.603+0000] {processor.py:183} INFO - Processing /opt/airflow/dags/dag_crime_pipeline.py took 0.148 seconds
[2026-06-12T03:26:48.761+0000] {processor.py:161} INFO - Started process (PID=1209) to work on /opt/airflow/dags/dag_crime_pipeline.py
[2026-06-12T03:26:48.763+0000] {processor.py:830} INFO - Processing file /opt/airflow/dags/dag_crime_pipeline.py for tasks to queue
[2026-06-12T03:26:48.766+0000] {logging_mixin.py:188} INFO - [2026-06-12T03:26:48.766+0000] {dagbag.py:538} INFO - Filling up the DagBag from /opt/airflow/dags/dag_crime_pipeline.py
[2026-06-12T03:26:48.810+0000] {processor.py:840} INFO - DAG(s) 'crime_analytics_pipeline' retrieved from /opt/airflow/dags/dag_crime_pipeline.py
[2026-06-12T03:26:48.848+0000] {logging_mixin.py:188} INFO - [2026-06-12T03:26:48.848+0000] {dag.py:3036} INFO - Sync 1 DAGs
[2026-06-12T03:26:48.876+0000] {logging_mixin.py:188} INFO - [2026-06-12T03:26:48.876+0000] {dag.py:3823} INFO - Setting next_dagrun for crime_analytics_pipeline to 2026-06-06 19:00:00+00:00, run_after=2026-06-13 19:00:00+00:00
[2026-06-12T03:26:48.920+0000] {processor.py:183} INFO - Processing /opt/airflow/dags/dag_crime_pipeline.py took 0.163 seconds
[2026-06-12T03:27:19.082+0000] {processor.py:161} INFO - Started process (PID=1214) to work on /opt/airflow/dags/dag_crime_pipeline.py
[2026-06-12T03:27:19.083+0000] {processor.py:830} INFO - Processing file /opt/airflow/dags/dag_crime_pipeline.py for tasks to queue
[2026-06-12T03:27:19.086+0000] {logging_mixin.py:188} INFO - [2026-06-12T03:27:19.085+0000] {dagbag.py:538} INFO - Filling up the DagBag from /opt/airflow/dags/dag_crime_pipeline.py
[2026-06-12T03:27:19.129+0000] {processor.py:840} INFO - DAG(s) 'crime_analytics_pipeline' retrieved from /opt/airflow/dags/dag_crime_pipeline.py
[2026-06-12T03:27:19.168+0000] {logging_mixin.py:188} INFO - [2026-06-12T03:27:19.168+0000] {dag.py:3036} INFO - Sync 1 DAGs
[2026-06-12T03:27:19.196+0000] {logging_mixin.py:188} INFO - [2026-06-12T03:27:19.196+0000] {dag.py:3823} INFO - Setting next_dagrun for crime_analytics_pipeline to 2026-06-06 19:00:00+00:00, run_after=2026-06-13 19:00:00+00:00
[2026-06-12T03:27:19.221+0000] {processor.py:183} INFO - Processing /opt/airflow/dags/dag_crime_pipeline.py took 0.144 seconds
[2026-06-12T03:27:49.375+0000] {processor.py:161} INFO - Started process (PID=1219) to work on /opt/airflow/dags/dag_crime_pipeline.py
[2026-06-12T03:27:49.378+0000] {processor.py:830} INFO - Processing file /opt/airflow/dags/dag_crime_pipeline.py for tasks to queue
[2026-06-12T03:27:49.381+0000] {logging_mixin.py:188} INFO - [2026-06-12T03:27:49.381+0000] {dagbag.py:538} INFO - Filling up the DagBag from /opt/airflow/dags/dag_crime_pipeline.py
[2026-06-12T03:27:49.432+0000] {processor.py:840} INFO - DAG(s) 'crime_analytics_pipeline' retrieved from /opt/airflow/dags/dag_crime_pipeline.py
[2026-06-12T03:27:49.477+0000] {logging_mixin.py:188} INFO - [2026-06-12T03:27:49.476+0000] {dag.py:3036} INFO - Sync 1 DAGs
[2026-06-12T03:27:49.505+0000] {logging_mixin.py:188} INFO - [2026-06-12T03:27:49.504+0000] {dag.py:3823} INFO - Setting next_dagrun for crime_analytics_pipeline to 2026-06-06 19:00:00+00:00, run_after=2026-06-13 19:00:00+00:00
[2026-06-12T03:27:49.530+0000] {processor.py:183} INFO - Processing /opt/airflow/dags/dag_crime_pipeline.py took 0.160 seconds
[2026-06-12T03:28:19.662+0000] {processor.py:161} INFO - Started process (PID=1224) to work on /opt/airflow/dags/dag_crime_pipeline.py
[2026-06-12T03:28:19.664+0000] {processor.py:830} INFO - Processing file /opt/airflow/dags/dag_crime_pipeline.py for tasks to queue
[2026-06-12T03:28:19.669+0000] {logging_mixin.py:188} INFO - [2026-06-12T03:28:19.668+0000] {dagbag.py:538} INFO - Filling up the DagBag from /opt/airflow/dags/dag_crime_pipeline.py
[2026-06-12T03:28:19.716+0000] {processor.py:840} INFO - DAG(s) 'crime_analytics_pipeline' retrieved from /opt/airflow/dags/dag_crime_pipeline.py
[2026-06-12T03:28:19.758+0000] {logging_mixin.py:188} INFO - [2026-06-12T03:28:19.757+0000] {dag.py:3036} INFO - Sync 1 DAGs
[2026-06-12T03:28:19.788+0000] {logging_mixin.py:188} INFO - [2026-06-12T03:28:19.788+0000] {dag.py:3823} INFO - Setting next_dagrun for crime_analytics_pipeline to 2026-06-06 19:00:00+00:00, run_after=2026-06-13 19:00:00+00:00
[2026-06-12T03:28:19.812+0000] {processor.py:183} INFO - Processing /opt/airflow/dags/dag_crime_pipeline.py took 0.154 seconds
[2026-06-12T03:28:50.108+0000] {processor.py:161} INFO - Started process (PID=1229) to work on /opt/airflow/dags/dag_crime_pipeline.py
[2026-06-12T03:28:50.110+0000] {processor.py:830} INFO - Processing file /opt/airflow/dags/dag_crime_pipeline.py for tasks to queue
[2026-06-12T03:28:50.114+0000] {logging_mixin.py:188} INFO - [2026-06-12T03:28:50.114+0000] {dagbag.py:538} INFO - Filling up the DagBag from /opt/airflow/dags/dag_crime_pipeline.py
[2026-06-12T03:28:50.163+0000] {processor.py:840} INFO - DAG(s) 'crime_analytics_pipeline' retrieved from /opt/airflow/dags/dag_crime_pipeline.py
[2026-06-12T03:28:50.201+0000] {logging_mixin.py:188} INFO - [2026-06-12T03:28:50.200+0000] {dag.py:3036} INFO - Sync 1 DAGs
[2026-06-12T03:28:50.231+0000] {logging_mixin.py:188} INFO - [2026-06-12T03:28:50.231+0000] {dag.py:3823} INFO - Setting next_dagrun for crime_analytics_pipeline to 2026-06-06 19:00:00+00:00, run_after=2026-06-13 19:00:00+00:00
[2026-06-12T03:28:50.253+0000] {processor.py:183} INFO - Processing /opt/airflow/dags/dag_crime_pipeline.py took 0.149 seconds
[2026-06-12T03:29:20.370+0000] {processor.py:161} INFO - Started process (PID=1234) to work on /opt/airflow/dags/dag_crime_pipeline.py
[2026-06-12T03:29:20.371+0000] {processor.py:830} INFO - Processing file /opt/airflow/dags/dag_crime_pipeline.py for tasks to queue
[2026-06-12T03:29:20.376+0000] {logging_mixin.py:188} INFO - [2026-06-12T03:29:20.375+0000] {dagbag.py:538} INFO - Filling up the DagBag from /opt/airflow/dags/dag_crime_pipeline.py
[2026-06-12T03:29:20.427+0000] {processor.py:840} INFO - DAG(s) 'crime_analytics_pipeline' retrieved from /opt/airflow/dags/dag_crime_pipeline.py
[2026-06-12T03:29:20.470+0000] {logging_mixin.py:188} INFO - [2026-06-12T03:29:20.469+0000] {dag.py:3036} INFO - Sync 1 DAGs
[2026-06-12T03:29:20.498+0000] {logging_mixin.py:188} INFO - [2026-06-12T03:29:20.497+0000] {dag.py:3823} INFO - Setting next_dagrun for crime_analytics_pipeline to 2026-06-06 19:00:00+00:00, run_after=2026-06-13 19:00:00+00:00
[2026-06-12T03:29:20.523+0000] {processor.py:183} INFO - Processing /opt/airflow/dags/dag_crime_pipeline.py took 0.158 seconds
[2026-06-12T03:29:50.679+0000] {processor.py:161} INFO - Started process (PID=1239) to work on /opt/airflow/dags/dag_crime_pipeline.py
[2026-06-12T03:29:50.680+0000] {processor.py:830} INFO - Processing file /opt/airflow/dags/dag_crime_pipeline.py for tasks to queue
[2026-06-12T03:29:50.684+0000] {logging_mixin.py:188} INFO - [2026-06-12T03:29:50.683+0000] {dagbag.py:538} INFO - Filling up the DagBag from /opt/airflow/dags/dag_crime_pipeline.py
[2026-06-12T03:29:50.730+0000] {processor.py:840} INFO - DAG(s) 'crime_analytics_pipeline' retrieved from /opt/airflow/dags/dag_crime_pipeline.py
[2026-06-12T03:29:50.769+0000] {logging_mixin.py:188} INFO - [2026-06-12T03:29:50.768+0000] {dag.py:3036} INFO - Sync 1 DAGs
[2026-06-12T03:29:50.798+0000] {logging_mixin.py:188} INFO - [2026-06-12T03:29:50.798+0000] {dag.py:3823} INFO - Setting next_dagrun for crime_analytics_pipeline to 2026-06-06 19:00:00+00:00, run_after=2026-06-13 19:00:00+00:00
[2026-06-12T03:29:50.823+0000] {processor.py:183} INFO - Processing /opt/airflow/dags/dag_crime_pipeline.py took 0.150 seconds
[2026-06-12T03:30:20.946+0000] {processor.py:161} INFO - Started process (PID=1244) to work on /opt/airflow/dags/dag_crime_pipeline.py
[2026-06-12T03:30:20.948+0000] {processor.py:830} INFO - Processing file /opt/airflow/dags/dag_crime_pipeline.py for tasks to queue
[2026-06-12T03:30:20.951+0000] {logging_mixin.py:188} INFO - [2026-06-12T03:30:20.950+0000] {dagbag.py:538} INFO - Filling up the DagBag from /opt/airflow/dags/dag_crime_pipeline.py
[2026-06-12T03:30:20.998+0000] {processor.py:840} INFO - DAG(s) 'crime_analytics_pipeline' retrieved from /opt/airflow/dags/dag_crime_pipeline.py
[2026-06-12T03:30:21.041+0000] {logging_mixin.py:188} INFO - [2026-06-12T03:30:21.040+0000] {dag.py:3036} INFO - Sync 1 DAGs
[2026-06-12T03:30:21.068+0000] {logging_mixin.py:188} INFO - [2026-06-12T03:30:21.068+0000] {dag.py:3823} INFO - Setting next_dagrun for crime_analytics_pipeline to 2026-06-06 19:00:00+00:00, run_after=2026-06-13 19:00:00+00:00
[2026-06-12T03:30:21.090+0000] {processor.py:183} INFO - Processing /opt/airflow/dags/dag_crime_pipeline.py took 0.149 seconds
[2026-06-12T03:30:51.296+0000] {processor.py:161} INFO - Started process (PID=1249) to work on /opt/airflow/dags/dag_crime_pipeline.py
[2026-06-12T03:30:51.298+0000] {processor.py:830} INFO - Processing file /opt/airflow/dags/dag_crime_pipeline.py for tasks to queue
[2026-06-12T03:30:51.301+0000] {logging_mixin.py:188} INFO - [2026-06-12T03:30:51.301+0000] {dagbag.py:538} INFO - Filling up the DagBag from /opt/airflow/dags/dag_crime_pipeline.py
[2026-06-12T03:30:51.346+0000] {processor.py:840} INFO - DAG(s) 'crime_analytics_pipeline' retrieved from /opt/airflow/dags/dag_crime_pipeline.py
[2026-06-12T03:30:51.386+0000] {logging_mixin.py:188} INFO - [2026-06-12T03:30:51.386+0000] {dag.py:3036} INFO - Sync 1 DAGs
[2026-06-12T03:30:51.414+0000] {logging_mixin.py:188} INFO - [2026-06-12T03:30:51.414+0000] {dag.py:3823} INFO - Setting next_dagrun for crime_analytics_pipeline to 2026-06-06 19:00:00+00:00, run_after=2026-06-13 19:00:00+00:00
[2026-06-12T03:30:51.458+0000] {processor.py:183} INFO - Processing /opt/airflow/dags/dag_crime_pipeline.py took 0.166 seconds
[2026-06-12T03:31:21.581+0000] {processor.py:161} INFO - Started process (PID=1254) to work on /opt/airflow/dags/dag_crime_pipeline.py
[2026-06-12T03:31:21.583+0000] {processor.py:830} INFO - Processing file /opt/airflow/dags/dag_crime_pipeline.py for tasks to queue
[2026-06-12T03:31:21.586+0000] {logging_mixin.py:188} INFO - [2026-06-12T03:31:21.585+0000] {dagbag.py:538} INFO - Filling up the DagBag from /opt/airflow/dags/dag_crime_pipeline.py
[2026-06-12T03:31:21.632+0000] {processor.py:840} INFO - DAG(s) 'crime_analytics_pipeline' retrieved from /opt/airflow/dags/dag_crime_pipeline.py
[2026-06-12T03:31:21.678+0000] {logging_mixin.py:188} INFO - [2026-06-12T03:31:21.677+0000] {dag.py:3036} INFO - Sync 1 DAGs
[2026-06-12T03:31:21.707+0000] {logging_mixin.py:188} INFO - [2026-06-12T03:31:21.707+0000] {dag.py:3823} INFO - Setting next_dagrun for crime_analytics_pipeline to 2026-06-06 19:00:00+00:00, run_after=2026-06-13 19:00:00+00:00
[2026-06-12T03:31:21.749+0000] {processor.py:183} INFO - Processing /opt/airflow/dags/dag_crime_pipeline.py took 0.173 seconds
[2026-06-12T03:31:51.889+0000] {processor.py:161} INFO - Started process (PID=1259) to work on /opt/airflow/dags/dag_crime_pipeline.py
[2026-06-12T03:31:51.891+0000] {processor.py:830} INFO - Processing file /opt/airflow/dags/dag_crime_pipeline.py for tasks to queue
[2026-06-12T03:31:51.894+0000] {logging_mixin.py:188} INFO - [2026-06-12T03:31:51.893+0000] {dagbag.py:538} INFO - Filling up the DagBag from /opt/airflow/dags/dag_crime_pipeline.py
[2026-06-12T03:31:51.939+0000] {processor.py:840} INFO - DAG(s) 'crime_analytics_pipeline' retrieved from /opt/airflow/dags/dag_crime_pipeline.py
[2026-06-12T03:31:51.974+0000] {logging_mixin.py:188} INFO - [2026-06-12T03:31:51.974+0000] {dag.py:3036} INFO - Sync 1 DAGs
[2026-06-12T03:31:52.001+0000] {logging_mixin.py:188} INFO - [2026-06-12T03:31:52.001+0000] {dag.py:3823} INFO - Setting next_dagrun for crime_analytics_pipeline to 2026-06-06 19:00:00+00:00, run_after=2026-06-13 19:00:00+00:00
[2026-06-12T03:31:52.025+0000] {processor.py:183} INFO - Processing /opt/airflow/dags/dag_crime_pipeline.py took 0.138 seconds
[2026-06-12T03:32:22.139+0000] {processor.py:161} INFO - Started process (PID=1264) to work on /opt/airflow/dags/dag_crime_pipeline.py
[2026-06-12T03:32:22.141+0000] {processor.py:830} INFO - Processing file /opt/airflow/dags/dag_crime_pipeline.py for tasks to queue
[2026-06-12T03:32:22.143+0000] {logging_mixin.py:188} INFO - [2026-06-12T03:32:22.143+0000] {dagbag.py:538} INFO - Filling up the DagBag from /opt/airflow/dags/dag_crime_pipeline.py
[2026-06-12T03:32:22.190+0000] {processor.py:840} INFO - DAG(s) 'crime_analytics_pipeline' retrieved from /opt/airflow/dags/dag_crime_pipeline.py
[2026-06-12T03:32:22.228+0000] {logging_mixin.py:188} INFO - [2026-06-12T03:32:22.227+0000] {dag.py:3036} INFO - Sync 1 DAGs
[2026-06-12T03:32:22.252+0000] {logging_mixin.py:188} INFO - [2026-06-12T03:32:22.252+0000] {dag.py:3823} INFO - Setting next_dagrun for crime_analytics_pipeline to 2026-06-06 19:00:00+00:00, run_after=2026-06-13 19:00:00+00:00
[2026-06-12T03:32:22.295+0000] {processor.py:183} INFO - Processing /opt/airflow/dags/dag_crime_pipeline.py took 0.160 seconds
[2026-06-12T03:32:52.488+0000] {processor.py:161} INFO - Started process (PID=1269) to work on /opt/airflow/dags/dag_crime_pipeline.py
[2026-06-12T03:32:52.490+0000] {processor.py:830} INFO - Processing file /opt/airflow/dags/dag_crime_pipeline.py for tasks to queue
[2026-06-12T03:32:52.492+0000] {logging_mixin.py:188} INFO - [2026-06-12T03:32:52.492+0000] {dagbag.py:538} INFO - Filling up the DagBag from /opt/airflow/dags/dag_crime_pipeline.py
[2026-06-12T03:32:52.537+0000] {processor.py:840} INFO - DAG(s) 'crime_analytics_pipeline' retrieved from /opt/airflow/dags/dag_crime_pipeline.py
[2026-06-12T03:32:52.577+0000] {logging_mixin.py:188} INFO - [2026-06-12T03:32:52.577+0000] {dag.py:3036} INFO - Sync 1 DAGs
[2026-06-12T03:32:52.610+0000] {logging_mixin.py:188} INFO - [2026-06-12T03:32:52.610+0000] {dag.py:3823} INFO - Setting next_dagrun for crime_analytics_pipeline to 2026-06-06 19:00:00+00:00, run_after=2026-06-13 19:00:00+00:00
[2026-06-12T03:32:52.654+0000] {processor.py:183} INFO - Processing /opt/airflow/dags/dag_crime_pipeline.py took 0.170 seconds
[2026-06-12T03:33:22.872+0000] {processor.py:161} INFO - Started process (PID=1274) to work on /opt/airflow/dags/dag_crime_pipeline.py
[2026-06-12T03:33:22.874+0000] {processor.py:830} INFO - Processing file /opt/airflow/dags/dag_crime_pipeline.py for tasks to queue
[2026-06-12T03:33:22.878+0000] {logging_mixin.py:188} INFO - [2026-06-12T03:33:22.877+0000] {dagbag.py:538} INFO - Filling up the DagBag from /opt/airflow/dags/dag_crime_pipeline.py
[2026-06-12T03:33:22.927+0000] {processor.py:840} INFO - DAG(s) 'crime_analytics_pipeline' retrieved from /opt/airflow/dags/dag_crime_pipeline.py
[2026-06-12T03:33:22.969+0000] {logging_mixin.py:188} INFO - [2026-06-12T03:33:22.969+0000] {dag.py:3036} INFO - Sync 1 DAGs
[2026-06-12T03:33:23.000+0000] {logging_mixin.py:188} INFO - [2026-06-12T03:33:22.999+0000] {dag.py:3823} INFO - Setting next_dagrun for crime_analytics_pipeline to 2026-06-06 19:00:00+00:00, run_after=2026-06-13 19:00:00+00:00
[2026-06-12T03:33:23.051+0000] {processor.py:183} INFO - Processing /opt/airflow/dags/dag_crime_pipeline.py took 0.183 seconds
[2026-06-12T03:33:53.246+0000] {processor.py:161} INFO - Started process (PID=1279) to work on /opt/airflow/dags/dag_crime_pipeline.py
[2026-06-12T03:33:53.248+0000] {processor.py:830} INFO - Processing file /opt/airflow/dags/dag_crime_pipeline.py for tasks to queue
[2026-06-12T03:33:53.252+0000] {logging_mixin.py:188} INFO - [2026-06-12T03:33:53.251+0000] {dagbag.py:538} INFO - Filling up the DagBag from /opt/airflow/dags/dag_crime_pipeline.py
[2026-06-12T03:33:53.301+0000] {processor.py:840} INFO - DAG(s) 'crime_analytics_pipeline' retrieved from /opt/airflow/dags/dag_crime_pipeline.py
[2026-06-12T03:33:53.347+0000] {logging_mixin.py:188} INFO - [2026-06-12T03:33:53.347+0000] {dag.py:3036} INFO - Sync 1 DAGs
[2026-06-12T03:33:53.382+0000] {logging_mixin.py:188} INFO - [2026-06-12T03:33:53.382+0000] {dag.py:3823} INFO - Setting next_dagrun for crime_analytics_pipeline to 2026-06-06 19:00:00+00:00, run_after=2026-06-13 19:00:00+00:00
[2026-06-12T03:33:53.410+0000] {processor.py:183} INFO - Processing /opt/airflow/dags/dag_crime_pipeline.py took 0.168 seconds
[2026-06-12T03:34:23.579+0000] {processor.py:161} INFO - Started process (PID=1284) to work on /opt/airflow/dags/dag_crime_pipeline.py
[2026-06-12T03:34:23.583+0000] {processor.py:830} INFO - Processing file /opt/airflow/dags/dag_crime_pipeline.py for tasks to queue
[2026-06-12T03:34:23.585+0000] {logging_mixin.py:188} INFO - [2026-06-12T03:34:23.585+0000] {dagbag.py:538} INFO - Filling up the DagBag from /opt/airflow/dags/dag_crime_pipeline.py
[2026-06-12T03:34:23.634+0000] {processor.py:840} INFO - DAG(s) 'crime_analytics_pipeline' retrieved from /opt/airflow/dags/dag_crime_pipeline.py
[2026-06-12T03:34:23.676+0000] {logging_mixin.py:188} INFO - [2026-06-12T03:34:23.676+0000] {dag.py:3036} INFO - Sync 1 DAGs
[2026-06-12T03:34:23.712+0000] {logging_mixin.py:188} INFO - [2026-06-12T03:34:23.711+0000] {dag.py:3823} INFO - Setting next_dagrun for crime_analytics_pipeline to 2026-06-06 19:00:00+00:00, run_after=2026-06-13 19:00:00+00:00
[2026-06-12T03:34:23.758+0000] {processor.py:183} INFO - Processing /opt/airflow/dags/dag_crime_pipeline.py took 0.185 seconds
[2026-06-12T03:34:53.962+0000] {processor.py:161} INFO - Started process (PID=1289) to work on /opt/airflow/dags/dag_crime_pipeline.py
[2026-06-12T03:34:53.963+0000] {processor.py:830} INFO - Processing file /opt/airflow/dags/dag_crime_pipeline.py for tasks to queue
[2026-06-12T03:34:53.966+0000] {logging_mixin.py:188} INFO - [2026-06-12T03:34:53.965+0000] {dagbag.py:538} INFO - Filling up the DagBag from /opt/airflow/dags/dag_crime_pipeline.py
[2026-06-12T03:34:54.013+0000] {processor.py:840} INFO - DAG(s) 'crime_analytics_pipeline' retrieved from /opt/airflow/dags/dag_crime_pipeline.py
[2026-06-12T03:34:54.051+0000] {logging_mixin.py:188} INFO - [2026-06-12T03:34:54.051+0000] {dag.py:3036} INFO - Sync 1 DAGs
[2026-06-12T03:34:54.078+0000] {logging_mixin.py:188} INFO - [2026-06-12T03:34:54.078+0000] {dag.py:3823} INFO - Setting next_dagrun for crime_analytics_pipeline to 2026-06-06 19:00:00+00:00, run_after=2026-06-13 19:00:00+00:00
[2026-06-12T03:34:54.123+0000] {processor.py:183} INFO - Processing /opt/airflow/dags/dag_crime_pipeline.py took 0.165 seconds
[2026-06-12T03:35:24.328+0000] {processor.py:161} INFO - Started process (PID=1294) to work on /opt/airflow/dags/dag_crime_pipeline.py
[2026-06-12T03:35:24.329+0000] {processor.py:830} INFO - Processing file /opt/airflow/dags/dag_crime_pipeline.py for tasks to queue
[2026-06-12T03:35:24.332+0000] {logging_mixin.py:188} INFO - [2026-06-12T03:35:24.332+0000] {dagbag.py:538} INFO - Filling up the DagBag from /opt/airflow/dags/dag_crime_pipeline.py
[2026-06-12T03:35:24.380+0000] {processor.py:840} INFO - DAG(s) 'crime_analytics_pipeline' retrieved from /opt/airflow/dags/dag_crime_pipeline.py
[2026-06-12T03:35:24.424+0000] {logging_mixin.py:188} INFO - [2026-06-12T03:35:24.423+0000] {dag.py:3036} INFO - Sync 1 DAGs
[2026-06-12T03:35:24.453+0000] {logging_mixin.py:188} INFO - [2026-06-12T03:35:24.453+0000] {dag.py:3823} INFO - Setting next_dagrun for crime_analytics_pipeline to 2026-06-06 19:00:00+00:00, run_after=2026-06-13 19:00:00+00:00
[2026-06-12T03:35:24.497+0000] {processor.py:183} INFO - Processing /opt/airflow/dags/dag_crime_pipeline.py took 0.175 seconds
[2026-06-12T03:35:54.722+0000] {processor.py:161} INFO - Started process (PID=1299) to work on /opt/airflow/dags/dag_crime_pipeline.py
[2026-06-12T03:35:54.723+0000] {processor.py:830} INFO - Processing file /opt/airflow/dags/dag_crime_pipeline.py for tasks to queue
[2026-06-12T03:35:54.727+0000] {logging_mixin.py:188} INFO - [2026-06-12T03:35:54.727+0000] {dagbag.py:538} INFO - Filling up the DagBag from /opt/airflow/dags/dag_crime_pipeline.py
[2026-06-12T03:35:54.777+0000] {processor.py:840} INFO - DAG(s) 'crime_analytics_pipeline' retrieved from /opt/airflow/dags/dag_crime_pipeline.py
[2026-06-12T03:35:54.819+0000] {logging_mixin.py:188} INFO - [2026-06-12T03:35:54.818+0000] {dag.py:3036} INFO - Sync 1 DAGs
[2026-06-12T03:35:54.848+0000] {logging_mixin.py:188} INFO - [2026-06-12T03:35:54.847+0000] {dag.py:3823} INFO - Setting next_dagrun for crime_analytics_pipeline to 2026-06-06 19:00:00+00:00, run_after=2026-06-13 19:00:00+00:00
[2026-06-12T03:35:54.892+0000] {processor.py:183} INFO - Processing /opt/airflow/dags/dag_crime_pipeline.py took 0.174 seconds
[2026-06-12T03:36:24.999+0000] {processor.py:161} INFO - Started process (PID=1304) to work on /opt/airflow/dags/dag_crime_pipeline.py
[2026-06-12T03:36:25.005+0000] {processor.py:830} INFO - Processing file /opt/airflow/dags/dag_crime_pipeline.py for tasks to queue
[2026-06-12T03:36:25.010+0000] {logging_mixin.py:188} INFO - [2026-06-12T03:36:25.009+0000] {dagbag.py:538} INFO - Filling up the DagBag from /opt/airflow/dags/dag_crime_pipeline.py
[2026-06-12T03:36:25.063+0000] {processor.py:840} INFO - DAG(s) 'crime_analytics_pipeline' retrieved from /opt/airflow/dags/dag_crime_pipeline.py
[2026-06-12T03:36:25.100+0000] {logging_mixin.py:188} INFO - [2026-06-12T03:36:25.100+0000] {dag.py:3036} INFO - Sync 1 DAGs
[2026-06-12T03:36:25.128+0000] {logging_mixin.py:188} INFO - [2026-06-12T03:36:25.128+0000] {dag.py:3823} INFO - Setting next_dagrun for crime_analytics_pipeline to 2026-06-06 19:00:00+00:00, run_after=2026-06-13 19:00:00+00:00
[2026-06-12T03:36:25.156+0000] {processor.py:183} INFO - Processing /opt/airflow/dags/dag_crime_pipeline.py took 0.166 seconds
[2026-06-12T03:36:55.357+0000] {processor.py:161} INFO - Started process (PID=1309) to work on /opt/airflow/dags/dag_crime_pipeline.py
[2026-06-12T03:36:55.358+0000] {processor.py:830} INFO - Processing file /opt/airflow/dags/dag_crime_pipeline.py for tasks to queue
[2026-06-12T03:36:55.363+0000] {logging_mixin.py:188} INFO - [2026-06-12T03:36:55.362+0000] {dagbag.py:538} INFO - Filling up the DagBag from /opt/airflow/dags/dag_crime_pipeline.py
[2026-06-12T03:36:55.409+0000] {processor.py:840} INFO - DAG(s) 'crime_analytics_pipeline' retrieved from /opt/airflow/dags/dag_crime_pipeline.py
[2026-06-12T03:36:55.450+0000] {logging_mixin.py:188} INFO - [2026-06-12T03:36:55.449+0000] {dag.py:3036} INFO - Sync 1 DAGs
[2026-06-12T03:36:55.476+0000] {logging_mixin.py:188} INFO - [2026-06-12T03:36:55.476+0000] {dag.py:3823} INFO - Setting next_dagrun for crime_analytics_pipeline to 2026-06-06 19:00:00+00:00, run_after=2026-06-13 19:00:00+00:00
[2026-06-12T03:36:55.518+0000] {processor.py:183} INFO - Processing /opt/airflow/dags/dag_crime_pipeline.py took 0.167 seconds
[2026-06-12T03:37:25.601+0000] {processor.py:161} INFO - Started process (PID=1314) to work on /opt/airflow/dags/dag_crime_pipeline.py
[2026-06-12T03:37:25.603+0000] {processor.py:830} INFO - Processing file /opt/airflow/dags/dag_crime_pipeline.py for tasks to queue
[2026-06-12T03:37:25.607+0000] {logging_mixin.py:188} INFO - [2026-06-12T03:37:25.606+0000] {dagbag.py:538} INFO - Filling up the DagBag from /opt/airflow/dags/dag_crime_pipeline.py
[2026-06-12T03:37:25.651+0000] {processor.py:840} INFO - DAG(s) 'crime_analytics_pipeline' retrieved from /opt/airflow/dags/dag_crime_pipeline.py
[2026-06-12T03:37:25.695+0000] {logging_mixin.py:188} INFO - [2026-06-12T03:37:25.694+0000] {dag.py:3036} INFO - Sync 1 DAGs
[2026-06-12T03:37:25.727+0000] {logging_mixin.py:188} INFO - [2026-06-12T03:37:25.727+0000] {dag.py:3823} INFO - Setting next_dagrun for crime_analytics_pipeline to 2026-06-06 19:00:00+00:00, run_after=2026-06-13 19:00:00+00:00
[2026-06-12T03:37:25.774+0000] {processor.py:183} INFO - Processing /opt/airflow/dags/dag_crime_pipeline.py took 0.178 seconds
[2026-06-12T03:37:56.030+0000] {processor.py:161} INFO - Started process (PID=1319) to work on /opt/airflow/dags/dag_crime_pipeline.py
[2026-06-12T03:37:56.032+0000] {processor.py:830} INFO - Processing file /opt/airflow/dags/dag_crime_pipeline.py for tasks to queue
[2026-06-12T03:37:56.035+0000] {logging_mixin.py:188} INFO - [2026-06-12T03:37:56.034+0000] {dagbag.py:538} INFO - Filling up the DagBag from /opt/airflow/dags/dag_crime_pipeline.py
[2026-06-12T03:37:56.081+0000] {processor.py:840} INFO - DAG(s) 'crime_analytics_pipeline' retrieved from /opt/airflow/dags/dag_crime_pipeline.py
[2026-06-12T03:37:56.121+0000] {logging_mixin.py:188} INFO - [2026-06-12T03:37:56.121+0000] {dag.py:3036} INFO - Sync 1 DAGs
[2026-06-12T03:37:56.150+0000] {logging_mixin.py:188} INFO - [2026-06-12T03:37:56.150+0000] {dag.py:3823} INFO - Setting next_dagrun for crime_analytics_pipeline to 2026-06-06 19:00:00+00:00, run_after=2026-06-13 19:00:00+00:00
[2026-06-12T03:37:56.192+0000] {processor.py:183} INFO - Processing /opt/airflow/dags/dag_crime_pipeline.py took 0.166 seconds
[2026-06-12T03:38:26.336+0000] {processor.py:161} INFO - Started process (PID=1324) to work on /opt/airflow/dags/dag_crime_pipeline.py
[2026-06-12T03:38:26.338+0000] {processor.py:830} INFO - Processing file /opt/airflow/dags/dag_crime_pipeline.py for tasks to queue
[2026-06-12T03:38:26.342+0000] {logging_mixin.py:188} INFO - [2026-06-12T03:38:26.342+0000] {dagbag.py:538} INFO - Filling up the DagBag from /opt/airflow/dags/dag_crime_pipeline.py
[2026-06-12T03:38:26.388+0000] {processor.py:840} INFO - DAG(s) 'crime_analytics_pipeline' retrieved from /opt/airflow/dags/dag_crime_pipeline.py
[2026-06-12T03:38:26.433+0000] {logging_mixin.py:188} INFO - [2026-06-12T03:38:26.432+0000] {dag.py:3036} INFO - Sync 1 DAGs
[2026-06-12T03:38:26.463+0000] {logging_mixin.py:188} INFO - [2026-06-12T03:38:26.463+0000] {dag.py:3823} INFO - Setting next_dagrun for crime_analytics_pipeline to 2026-06-06 19:00:00+00:00, run_after=2026-06-13 19:00:00+00:00
[2026-06-12T03:38:26.491+0000] {processor.py:183} INFO - Processing /opt/airflow/dags/dag_crime_pipeline.py took 0.160 seconds
[2026-06-12T03:38:56.715+0000] {processor.py:161} INFO - Started process (PID=1329) to work on /opt/airflow/dags/dag_crime_pipeline.py
[2026-06-12T03:38:56.717+0000] {processor.py:830} INFO - Processing file /opt/airflow/dags/dag_crime_pipeline.py for tasks to queue
[2026-06-12T03:38:56.720+0000] {logging_mixin.py:188} INFO - [2026-06-12T03:38:56.720+0000] {dagbag.py:538} INFO - Filling up the DagBag from /opt/airflow/dags/dag_crime_pipeline.py
[2026-06-12T03:38:56.768+0000] {processor.py:840} INFO - DAG(s) 'crime_analytics_pipeline' retrieved from /opt/airflow/dags/dag_crime_pipeline.py
[2026-06-12T03:38:56.807+0000] {logging_mixin.py:188} INFO - [2026-06-12T03:38:56.806+0000] {dag.py:3036} INFO - Sync 1 DAGs
[2026-06-12T03:38:56.838+0000] {logging_mixin.py:188} INFO - [2026-06-12T03:38:56.837+0000] {dag.py:3823} INFO - Setting next_dagrun for crime_analytics_pipeline to 2026-06-06 19:00:00+00:00, run_after=2026-06-13 19:00:00+00:00
[2026-06-12T03:38:56.884+0000] {processor.py:183} INFO - Processing /opt/airflow/dags/dag_crime_pipeline.py took 0.173 seconds
[2026-06-12T03:39:27.005+0000] {processor.py:161} INFO - Started process (PID=1334) to work on /opt/airflow/dags/dag_crime_pipeline.py
[2026-06-12T03:39:27.007+0000] {processor.py:830} INFO - Processing file /opt/airflow/dags/dag_crime_pipeline.py for tasks to queue
[2026-06-12T03:39:27.010+0000] {logging_mixin.py:188} INFO - [2026-06-12T03:39:27.009+0000] {dagbag.py:538} INFO - Filling up the DagBag from /opt/airflow/dags/dag_crime_pipeline.py
[2026-06-12T03:39:27.053+0000] {processor.py:840} INFO - DAG(s) 'crime_analytics_pipeline' retrieved from /opt/airflow/dags/dag_crime_pipeline.py
[2026-06-12T03:39:27.093+0000] {logging_mixin.py:188} INFO - [2026-06-12T03:39:27.092+0000] {dag.py:3036} INFO - Sync 1 DAGs
[2026-06-12T03:39:27.118+0000] {logging_mixin.py:188} INFO - [2026-06-12T03:39:27.118+0000] {dag.py:3823} INFO - Setting next_dagrun for crime_analytics_pipeline to 2026-06-06 19:00:00+00:00, run_after=2026-06-13 19:00:00+00:00
[2026-06-12T03:39:27.161+0000] {processor.py:183} INFO - Processing /opt/airflow/dags/dag_crime_pipeline.py took 0.160 seconds
[2026-06-12T03:39:57.399+0000] {processor.py:161} INFO - Started process (PID=1339) to work on /opt/airflow/dags/dag_crime_pipeline.py
[2026-06-12T03:39:57.400+0000] {processor.py:830} INFO - Processing file /opt/airflow/dags/dag_crime_pipeline.py for tasks to queue
[2026-06-12T03:39:57.403+0000] {logging_mixin.py:188} INFO - [2026-06-12T03:39:57.402+0000] {dagbag.py:538} INFO - Filling up the DagBag from /opt/airflow/dags/dag_crime_pipeline.py
[2026-06-12T03:39:57.448+0000] {processor.py:840} INFO - DAG(s) 'crime_analytics_pipeline' retrieved from /opt/airflow/dags/dag_crime_pipeline.py
[2026-06-12T03:39:57.484+0000] {logging_mixin.py:188} INFO - [2026-06-12T03:39:57.484+0000] {dag.py:3036} INFO - Sync 1 DAGs
[2026-06-12T03:39:57.510+0000] {logging_mixin.py:188} INFO - [2026-06-12T03:39:57.509+0000] {dag.py:3823} INFO - Setting next_dagrun for crime_analytics_pipeline to 2026-06-06 19:00:00+00:00, run_after=2026-06-13 19:00:00+00:00
[2026-06-12T03:39:57.555+0000] {processor.py:183} INFO - Processing /opt/airflow/dags/dag_crime_pipeline.py took 0.159 seconds
[2026-06-12T03:40:27.678+0000] {processor.py:161} INFO - Started process (PID=1344) to work on /opt/airflow/dags/dag_crime_pipeline.py
[2026-06-12T03:40:27.679+0000] {processor.py:830} INFO - Processing file /opt/airflow/dags/dag_crime_pipeline.py for tasks to queue
[2026-06-12T03:40:27.681+0000] {logging_mixin.py:188} INFO - [2026-06-12T03:40:27.681+0000] {dagbag.py:538} INFO - Filling up the DagBag from /opt/airflow/dags/dag_crime_pipeline.py
[2026-06-12T03:40:27.727+0000] {processor.py:840} INFO - DAG(s) 'crime_analytics_pipeline' retrieved from /opt/airflow/dags/dag_crime_pipeline.py
[2026-06-12T03:40:27.768+0000] {logging_mixin.py:188} INFO - [2026-06-12T03:40:27.768+0000] {dag.py:3036} INFO - Sync 1 DAGs
[2026-06-12T03:40:27.796+0000] {logging_mixin.py:188} INFO - [2026-06-12T03:40:27.795+0000] {dag.py:3823} INFO - Setting next_dagrun for crime_analytics_pipeline to 2026-06-06 19:00:00+00:00, run_after=2026-06-13 19:00:00+00:00
[2026-06-12T03:40:27.837+0000] {processor.py:183} INFO - Processing /opt/airflow/dags/dag_crime_pipeline.py took 0.165 seconds
[2026-06-12T03:40:58.062+0000] {processor.py:161} INFO - Started process (PID=1349) to work on /opt/airflow/dags/dag_crime_pipeline.py
[2026-06-12T03:40:58.064+0000] {processor.py:830} INFO - Processing file /opt/airflow/dags/dag_crime_pipeline.py for tasks to queue
[2026-06-12T03:40:58.068+0000] {logging_mixin.py:188} INFO - [2026-06-12T03:40:58.068+0000] {dagbag.py:538} INFO - Filling up the DagBag from /opt/airflow/dags/dag_crime_pipeline.py
[2026-06-12T03:40:58.119+0000] {processor.py:840} INFO - DAG(s) 'crime_analytics_pipeline' retrieved from /opt/airflow/dags/dag_crime_pipeline.py
[2026-06-12T03:40:58.160+0000] {logging_mixin.py:188} INFO - [2026-06-12T03:40:58.159+0000] {dag.py:3036} INFO - Sync 1 DAGs
[2026-06-12T03:40:58.187+0000] {logging_mixin.py:188} INFO - [2026-06-12T03:40:58.187+0000] {dag.py:3823} INFO - Setting next_dagrun for crime_analytics_pipeline to 2026-06-06 19:00:00+00:00, run_after=2026-06-13 19:00:00+00:00
[2026-06-12T03:40:58.233+0000] {processor.py:183} INFO - Processing /opt/airflow/dags/dag_crime_pipeline.py took 0.175 seconds
[2026-06-12T03:41:28.411+0000] {processor.py:161} INFO - Started process (PID=1354) to work on /opt/airflow/dags/dag_crime_pipeline.py
[2026-06-12T03:41:28.412+0000] {processor.py:830} INFO - Processing file /opt/airflow/dags/dag_crime_pipeline.py for tasks to queue
[2026-06-12T03:41:28.415+0000] {logging_mixin.py:188} INFO - [2026-06-12T03:41:28.414+0000] {dagbag.py:538} INFO - Filling up the DagBag from /opt/airflow/dags/dag_crime_pipeline.py
[2026-06-12T03:41:28.463+0000] {processor.py:840} INFO - DAG(s) 'crime_analytics_pipeline' retrieved from /opt/airflow/dags/dag_crime_pipeline.py
[2026-06-12T03:41:28.510+0000] {logging_mixin.py:188} INFO - [2026-06-12T03:41:28.509+0000] {dag.py:3036} INFO - Sync 1 DAGs
[2026-06-12T03:41:28.538+0000] {logging_mixin.py:188} INFO - [2026-06-12T03:41:28.538+0000] {dag.py:3823} INFO - Setting next_dagrun for crime_analytics_pipeline to 2026-06-06 19:00:00+00:00, run_after=2026-06-13 19:00:00+00:00
[2026-06-12T03:41:28.561+0000] {processor.py:183} INFO - Processing /opt/airflow/dags/dag_crime_pipeline.py took 0.155 seconds
[2026-06-12T03:41:58.755+0000] {processor.py:161} INFO - Started process (PID=1359) to work on /opt/airflow/dags/dag_crime_pipeline.py
[2026-06-12T03:41:58.756+0000] {processor.py:830} INFO - Processing file /opt/airflow/dags/dag_crime_pipeline.py for tasks to queue
[2026-06-12T03:41:58.760+0000] {logging_mixin.py:188} INFO - [2026-06-12T03:41:58.759+0000] {dagbag.py:538} INFO - Filling up the DagBag from /opt/airflow/dags/dag_crime_pipeline.py
[2026-06-12T03:41:58.812+0000] {processor.py:840} INFO - DAG(s) 'crime_analytics_pipeline' retrieved from /opt/airflow/dags/dag_crime_pipeline.py
[2026-06-12T03:41:58.849+0000] {logging_mixin.py:188} INFO - [2026-06-12T03:41:58.849+0000] {dag.py:3036} INFO - Sync 1 DAGs
[2026-06-12T03:41:58.876+0000] {logging_mixin.py:188} INFO - [2026-06-12T03:41:58.876+0000] {dag.py:3823} INFO - Setting next_dagrun for crime_analytics_pipeline to 2026-06-06 19:00:00+00:00, run_after=2026-06-13 19:00:00+00:00
[2026-06-12T03:41:58.920+0000] {processor.py:183} INFO - Processing /opt/airflow/dags/dag_crime_pipeline.py took 0.170 seconds
[2026-06-12T03:42:29.072+0000] {processor.py:161} INFO - Started process (PID=1364) to work on /opt/airflow/dags/dag_crime_pipeline.py
[2026-06-12T03:42:29.073+0000] {processor.py:830} INFO - Processing file /opt/airflow/dags/dag_crime_pipeline.py for tasks to queue
[2026-06-12T03:42:29.076+0000] {logging_mixin.py:188} INFO - [2026-06-12T03:42:29.076+0000] {dagbag.py:538} INFO - Filling up the DagBag from /opt/airflow/dags/dag_crime_pipeline.py
[2026-06-12T03:42:29.123+0000] {processor.py:840} INFO - DAG(s) 'crime_analytics_pipeline' retrieved from /opt/airflow/dags/dag_crime_pipeline.py
[2026-06-12T03:42:29.165+0000] {logging_mixin.py:188} INFO - [2026-06-12T03:42:29.165+0000] {dag.py:3036} INFO - Sync 1 DAGs
[2026-06-12T03:42:29.195+0000] {logging_mixin.py:188} INFO - [2026-06-12T03:42:29.195+0000] {dag.py:3823} INFO - Setting next_dagrun for crime_analytics_pipeline to 2026-06-06 19:00:00+00:00, run_after=2026-06-13 19:00:00+00:00
[2026-06-12T03:42:29.221+0000] {processor.py:183} INFO - Processing /opt/airflow/dags/dag_crime_pipeline.py took 0.154 seconds
[2026-06-12T03:42:59.384+0000] {processor.py:161} INFO - Started process (PID=1369) to work on /opt/airflow/dags/dag_crime_pipeline.py
[2026-06-12T03:42:59.385+0000] {processor.py:830} INFO - Processing file /opt/airflow/dags/dag_crime_pipeline.py for tasks to queue
[2026-06-12T03:42:59.389+0000] {logging_mixin.py:188} INFO - [2026-06-12T03:42:59.388+0000] {dagbag.py:538} INFO - Filling up the DagBag from /opt/airflow/dags/dag_crime_pipeline.py
[2026-06-12T03:42:59.437+0000] {processor.py:840} INFO - DAG(s) 'crime_analytics_pipeline' retrieved from /opt/airflow/dags/dag_crime_pipeline.py
[2026-06-12T03:42:59.478+0000] {logging_mixin.py:188} INFO - [2026-06-12T03:42:59.478+0000] {dag.py:3036} INFO - Sync 1 DAGs
[2026-06-12T03:42:59.504+0000] {logging_mixin.py:188} INFO - [2026-06-12T03:42:59.504+0000] {dag.py:3823} INFO - Setting next_dagrun for crime_analytics_pipeline to 2026-06-06 19:00:00+00:00, run_after=2026-06-13 19:00:00+00:00
[2026-06-12T03:42:59.529+0000] {processor.py:183} INFO - Processing /opt/airflow/dags/dag_crime_pipeline.py took 0.149 seconds
[2026-06-12T03:43:29.682+0000] {processor.py:161} INFO - Started process (PID=1374) to work on /opt/airflow/dags/dag_crime_pipeline.py
[2026-06-12T03:43:29.684+0000] {processor.py:830} INFO - Processing file /opt/airflow/dags/dag_crime_pipeline.py for tasks to queue
[2026-06-12T03:43:29.686+0000] {logging_mixin.py:188} INFO - [2026-06-12T03:43:29.686+0000] {dagbag.py:538} INFO - Filling up the DagBag from /opt/airflow/dags/dag_crime_pipeline.py
[2026-06-12T03:43:29.732+0000] {processor.py:840} INFO - DAG(s) 'crime_analytics_pipeline' retrieved from /opt/airflow/dags/dag_crime_pipeline.py
[2026-06-12T03:43:29.780+0000] {logging_mixin.py:188} INFO - [2026-06-12T03:43:29.779+0000] {dag.py:3036} INFO - Sync 1 DAGs
[2026-06-12T03:43:29.811+0000] {logging_mixin.py:188} INFO - [2026-06-12T03:43:29.811+0000] {dag.py:3823} INFO - Setting next_dagrun for crime_analytics_pipeline to 2026-06-06 19:00:00+00:00, run_after=2026-06-13 19:00:00+00:00
[2026-06-12T03:43:29.839+0000] {processor.py:183} INFO - Processing /opt/airflow/dags/dag_crime_pipeline.py took 0.162 seconds
[2026-06-12T03:44:00.066+0000] {processor.py:161} INFO - Started process (PID=1379) to work on /opt/airflow/dags/dag_crime_pipeline.py
[2026-06-12T03:44:00.068+0000] {processor.py:830} INFO - Processing file /opt/airflow/dags/dag_crime_pipeline.py for tasks to queue
[2026-06-12T03:44:00.072+0000] {logging_mixin.py:188} INFO - [2026-06-12T03:44:00.071+0000] {dagbag.py:538} INFO - Filling up the DagBag from /opt/airflow/dags/dag_crime_pipeline.py
[2026-06-12T03:44:00.115+0000] {processor.py:840} INFO - DAG(s) 'crime_analytics_pipeline' retrieved from /opt/airflow/dags/dag_crime_pipeline.py
[2026-06-12T03:44:00.159+0000] {logging_mixin.py:188} INFO - [2026-06-12T03:44:00.158+0000] {dag.py:3036} INFO - Sync 1 DAGs
[2026-06-12T03:44:00.189+0000] {logging_mixin.py:188} INFO - [2026-06-12T03:44:00.189+0000] {dag.py:3823} INFO - Setting next_dagrun for crime_analytics_pipeline to 2026-06-06 19:00:00+00:00, run_after=2026-06-13 19:00:00+00:00
[2026-06-12T03:44:00.216+0000] {processor.py:183} INFO - Processing /opt/airflow/dags/dag_crime_pipeline.py took 0.154 seconds
[2026-06-12T03:44:30.490+0000] {processor.py:161} INFO - Started process (PID=1384) to work on /opt/airflow/dags/dag_crime_pipeline.py
[2026-06-12T03:44:30.491+0000] {processor.py:830} INFO - Processing file /opt/airflow/dags/dag_crime_pipeline.py for tasks to queue
[2026-06-12T03:44:30.493+0000] {logging_mixin.py:188} INFO - [2026-06-12T03:44:30.493+0000] {dagbag.py:538} INFO - Filling up the DagBag from /opt/airflow/dags/dag_crime_pipeline.py
[2026-06-12T03:44:30.545+0000] {processor.py:840} INFO - DAG(s) 'crime_analytics_pipeline' retrieved from /opt/airflow/dags/dag_crime_pipeline.py
[2026-06-12T03:44:30.583+0000] {logging_mixin.py:188} INFO - [2026-06-12T03:44:30.583+0000] {dag.py:3036} INFO - Sync 1 DAGs
[2026-06-12T03:44:30.611+0000] {logging_mixin.py:188} INFO - [2026-06-12T03:44:30.611+0000] {dag.py:3823} INFO - Setting next_dagrun for crime_analytics_pipeline to 2026-06-06 19:00:00+00:00, run_after=2026-06-13 19:00:00+00:00
[2026-06-12T03:44:30.639+0000] {processor.py:183} INFO - Processing /opt/airflow/dags/dag_crime_pipeline.py took 0.154 seconds
[2026-06-12T03:45:00.822+0000] {processor.py:161} INFO - Started process (PID=1389) to work on /opt/airflow/dags/dag_crime_pipeline.py
[2026-06-12T03:45:00.824+0000] {processor.py:830} INFO - Processing file /opt/airflow/dags/dag_crime_pipeline.py for tasks to queue
[2026-06-12T03:45:00.828+0000] {logging_mixin.py:188} INFO - [2026-06-12T03:45:00.827+0000] {dagbag.py:538} INFO - Filling up the DagBag from /opt/airflow/dags/dag_crime_pipeline.py
[2026-06-12T03:45:00.878+0000] {processor.py:840} INFO - DAG(s) 'crime_analytics_pipeline' retrieved from /opt/airflow/dags/dag_crime_pipeline.py
[2026-06-12T03:45:00.919+0000] {logging_mixin.py:188} INFO - [2026-06-12T03:45:00.918+0000] {dag.py:3036} INFO - Sync 1 DAGs
[2026-06-12T03:45:00.950+0000] {logging_mixin.py:188} INFO - [2026-06-12T03:45:00.949+0000] {dag.py:3823} INFO - Setting next_dagrun for crime_analytics_pipeline to 2026-06-06 19:00:00+00:00, run_after=2026-06-13 19:00:00+00:00
[2026-06-12T03:45:00.995+0000] {processor.py:183} INFO - Processing /opt/airflow/dags/dag_crime_pipeline.py took 0.180 seconds
[2026-06-12T03:45:31.122+0000] {processor.py:161} INFO - Started process (PID=1394) to work on /opt/airflow/dags/dag_crime_pipeline.py
[2026-06-12T03:45:31.123+0000] {processor.py:830} INFO - Processing file /opt/airflow/dags/dag_crime_pipeline.py for tasks to queue
[2026-06-12T03:45:31.127+0000] {logging_mixin.py:188} INFO - [2026-06-12T03:45:31.126+0000] {dagbag.py:538} INFO - Filling up the DagBag from /opt/airflow/dags/dag_crime_pipeline.py
[2026-06-12T03:45:31.171+0000] {processor.py:840} INFO - DAG(s) 'crime_analytics_pipeline' retrieved from /opt/airflow/dags/dag_crime_pipeline.py
[2026-06-12T03:45:31.214+0000] {logging_mixin.py:188} INFO - [2026-06-12T03:45:31.213+0000] {dag.py:3036} INFO - Sync 1 DAGs
[2026-06-12T03:45:31.239+0000] {logging_mixin.py:188} INFO - [2026-06-12T03:45:31.239+0000] {dag.py:3823} INFO - Setting next_dagrun for crime_analytics_pipeline to 2026-06-06 19:00:00+00:00, run_after=2026-06-13 19:00:00+00:00
[2026-06-12T03:45:31.264+0000] {processor.py:183} INFO - Processing /opt/airflow/dags/dag_crime_pipeline.py took 0.147 seconds
[2026-06-12T03:46:01.522+0000] {processor.py:161} INFO - Started process (PID=1399) to work on /opt/airflow/dags/dag_crime_pipeline.py
[2026-06-12T03:46:01.524+0000] {processor.py:830} INFO - Processing file /opt/airflow/dags/dag_crime_pipeline.py for tasks to queue
[2026-06-12T03:46:01.529+0000] {logging_mixin.py:188} INFO - [2026-06-12T03:46:01.529+0000] {dagbag.py:538} INFO - Filling up the DagBag from /opt/airflow/dags/dag_crime_pipeline.py
[2026-06-12T03:46:01.585+0000] {processor.py:840} INFO - DAG(s) 'crime_analytics_pipeline' retrieved from /opt/airflow/dags/dag_crime_pipeline.py
[2026-06-12T03:46:01.631+0000] {logging_mixin.py:188} INFO - [2026-06-12T03:46:01.631+0000] {dag.py:3036} INFO - Sync 1 DAGs
[2026-06-12T03:46:01.666+0000] {logging_mixin.py:188} INFO - [2026-06-12T03:46:01.665+0000] {dag.py:3823} INFO - Setting next_dagrun for crime_analytics_pipeline to 2026-06-06 19:00:00+00:00, run_after=2026-06-13 19:00:00+00:00
[2026-06-12T03:46:01.713+0000] {processor.py:183} INFO - Processing /opt/airflow/dags/dag_crime_pipeline.py took 0.194 seconds
[2026-06-12T03:46:31.813+0000] {processor.py:161} INFO - Started process (PID=1404) to work on /opt/airflow/dags/dag_crime_pipeline.py
[2026-06-12T03:46:31.814+0000] {processor.py:830} INFO - Processing file /opt/airflow/dags/dag_crime_pipeline.py for tasks to queue
[2026-06-12T03:46:31.817+0000] {logging_mixin.py:188} INFO - [2026-06-12T03:46:31.817+0000] {dagbag.py:538} INFO - Filling up the DagBag from /opt/airflow/dags/dag_crime_pipeline.py
[2026-06-12T03:46:31.862+0000] {processor.py:840} INFO - DAG(s) 'crime_analytics_pipeline' retrieved from /opt/airflow/dags/dag_crime_pipeline.py
[2026-06-12T03:46:31.906+0000] {logging_mixin.py:188} INFO - [2026-06-12T03:46:31.905+0000] {dag.py:3036} INFO - Sync 1 DAGs
[2026-06-12T03:46:31.937+0000] {logging_mixin.py:188} INFO - [2026-06-12T03:46:31.936+0000] {dag.py:3823} INFO - Setting next_dagrun for crime_analytics_pipeline to 2026-06-06 19:00:00+00:00, run_after=2026-06-13 19:00:00+00:00
[2026-06-12T03:46:31.983+0000] {processor.py:183} INFO - Processing /opt/airflow/dags/dag_crime_pipeline.py took 0.175 seconds
[2026-06-12T03:47:02.632+0000] {processor.py:161} INFO - Started process (PID=1409) to work on /opt/airflow/dags/dag_crime_pipeline.py
[2026-06-12T03:47:02.634+0000] {processor.py:830} INFO - Processing file /opt/airflow/dags/dag_crime_pipeline.py for tasks to queue
[2026-06-12T03:47:02.637+0000] {logging_mixin.py:188} INFO - [2026-06-12T03:47:02.636+0000] {dagbag.py:538} INFO - Filling up the DagBag from /opt/airflow/dags/dag_crime_pipeline.py
[2026-06-12T03:47:02.682+0000] {processor.py:840} INFO - DAG(s) 'crime_analytics_pipeline' retrieved from /opt/airflow/dags/dag_crime_pipeline.py
[2026-06-12T03:47:02.723+0000] {logging_mixin.py:188} INFO - [2026-06-12T03:47:02.723+0000] {dag.py:3036} INFO - Sync 1 DAGs
[2026-06-12T03:47:02.762+0000] {logging_mixin.py:188} INFO - [2026-06-12T03:47:02.761+0000] {dag.py:3823} INFO - Setting next_dagrun for crime_analytics_pipeline to 2026-06-06 19:00:00+00:00, run_after=2026-06-13 19:00:00+00:00
[2026-06-12T03:47:02.796+0000] {processor.py:183} INFO - Processing /opt/airflow/dags/dag_crime_pipeline.py took 0.169 seconds
[2026-06-12T03:47:33.058+0000] {processor.py:161} INFO - Started process (PID=1414) to work on /opt/airflow/dags/dag_crime_pipeline.py
[2026-06-12T03:47:33.061+0000] {processor.py:830} INFO - Processing file /opt/airflow/dags/dag_crime_pipeline.py for tasks to queue
[2026-06-12T03:47:33.064+0000] {logging_mixin.py:188} INFO - [2026-06-12T03:47:33.063+0000] {dagbag.py:538} INFO - Filling up the DagBag from /opt/airflow/dags/dag_crime_pipeline.py
[2026-06-12T03:47:33.107+0000] {processor.py:840} INFO - DAG(s) 'crime_analytics_pipeline' retrieved from /opt/airflow/dags/dag_crime_pipeline.py
[2026-06-12T03:47:33.152+0000] {logging_mixin.py:188} INFO - [2026-06-12T03:47:33.152+0000] {dag.py:3036} INFO - Sync 1 DAGs
[2026-06-12T03:47:33.180+0000] {logging_mixin.py:188} INFO - [2026-06-12T03:47:33.180+0000] {dag.py:3823} INFO - Setting next_dagrun for crime_analytics_pipeline to 2026-06-06 19:00:00+00:00, run_after=2026-06-13 19:00:00+00:00
[2026-06-12T03:47:33.223+0000] {processor.py:183} INFO - Processing /opt/airflow/dags/dag_crime_pipeline.py took 0.169 seconds
[2026-06-12T03:48:03.329+0000] {processor.py:161} INFO - Started process (PID=1419) to work on /opt/airflow/dags/dag_crime_pipeline.py
[2026-06-12T03:48:03.332+0000] {processor.py:830} INFO - Processing file /opt/airflow/dags/dag_crime_pipeline.py for tasks to queue
[2026-06-12T03:48:03.335+0000] {logging_mixin.py:188} INFO - [2026-06-12T03:48:03.334+0000] {dagbag.py:538} INFO - Filling up the DagBag from /opt/airflow/dags/dag_crime_pipeline.py
[2026-06-12T03:48:03.387+0000] {processor.py:840} INFO - DAG(s) 'crime_analytics_pipeline' retrieved from /opt/airflow/dags/dag_crime_pipeline.py
[2026-06-12T03:48:03.431+0000] {logging_mixin.py:188} INFO - [2026-06-12T03:48:03.431+0000] {dag.py:3036} INFO - Sync 1 DAGs
[2026-06-12T03:48:03.470+0000] {logging_mixin.py:188} INFO - [2026-06-12T03:48:03.470+0000] {dag.py:3823} INFO - Setting next_dagrun for crime_analytics_pipeline to 2026-06-06 19:00:00+00:00, run_after=2026-06-13 19:00:00+00:00
[2026-06-12T03:48:03.503+0000] {processor.py:183} INFO - Processing /opt/airflow/dags/dag_crime_pipeline.py took 0.178 seconds
[2026-06-12T03:48:33.645+0000] {processor.py:161} INFO - Started process (PID=1424) to work on /opt/airflow/dags/dag_crime_pipeline.py
[2026-06-12T03:48:33.646+0000] {processor.py:830} INFO - Processing file /opt/airflow/dags/dag_crime_pipeline.py for tasks to queue
[2026-06-12T03:48:33.650+0000] {logging_mixin.py:188} INFO - [2026-06-12T03:48:33.649+0000] {dagbag.py:538} INFO - Filling up the DagBag from /opt/airflow/dags/dag_crime_pipeline.py
[2026-06-12T03:48:33.695+0000] {processor.py:840} INFO - DAG(s) 'crime_analytics_pipeline' retrieved from /opt/airflow/dags/dag_crime_pipeline.py
[2026-06-12T03:48:33.736+0000] {logging_mixin.py:188} INFO - [2026-06-12T03:48:33.735+0000] {dag.py:3036} INFO - Sync 1 DAGs
[2026-06-12T03:48:33.770+0000] {logging_mixin.py:188} INFO - [2026-06-12T03:48:33.770+0000] {dag.py:3823} INFO - Setting next_dagrun for crime_analytics_pipeline to 2026-06-06 19:00:00+00:00, run_after=2026-06-13 19:00:00+00:00
[2026-06-12T03:48:33.795+0000] {processor.py:183} INFO - Processing /opt/airflow/dags/dag_crime_pipeline.py took 0.155 seconds
[2026-06-12T03:49:04.089+0000] {processor.py:161} INFO - Started process (PID=1429) to work on /opt/airflow/dags/dag_crime_pipeline.py
[2026-06-12T03:49:04.092+0000] {processor.py:830} INFO - Processing file /opt/airflow/dags/dag_crime_pipeline.py for tasks to queue
[2026-06-12T03:49:04.096+0000] {logging_mixin.py:188} INFO - [2026-06-12T03:49:04.096+0000] {dagbag.py:538} INFO - Filling up the DagBag from /opt/airflow/dags/dag_crime_pipeline.py
[2026-06-12T03:49:04.151+0000] {processor.py:840} INFO - DAG(s) 'crime_analytics_pipeline' retrieved from /opt/airflow/dags/dag_crime_pipeline.py
[2026-06-12T03:49:04.195+0000] {logging_mixin.py:188} INFO - [2026-06-12T03:49:04.194+0000] {dag.py:3036} INFO - Sync 1 DAGs
[2026-06-12T03:49:04.228+0000] {logging_mixin.py:188} INFO - [2026-06-12T03:49:04.227+0000] {dag.py:3823} INFO - Setting next_dagrun for crime_analytics_pipeline to 2026-06-06 19:00:00+00:00, run_after=2026-06-13 19:00:00+00:00
[2026-06-12T03:49:04.279+0000] {processor.py:183} INFO - Processing /opt/airflow/dags/dag_crime_pipeline.py took 0.194 seconds
[2026-06-12T03:49:34.448+0000] {processor.py:161} INFO - Started process (PID=1434) to work on /opt/airflow/dags/dag_crime_pipeline.py
[2026-06-12T03:49:34.450+0000] {processor.py:830} INFO - Processing file /opt/airflow/dags/dag_crime_pipeline.py for tasks to queue
[2026-06-12T03:49:34.453+0000] {logging_mixin.py:188} INFO - [2026-06-12T03:49:34.452+0000] {dagbag.py:538} INFO - Filling up the DagBag from /opt/airflow/dags/dag_crime_pipeline.py
[2026-06-12T03:49:34.499+0000] {processor.py:840} INFO - DAG(s) 'crime_analytics_pipeline' retrieved from /opt/airflow/dags/dag_crime_pipeline.py
[2026-06-12T03:49:34.540+0000] {logging_mixin.py:188} INFO - [2026-06-12T03:49:34.540+0000] {dag.py:3036} INFO - Sync 1 DAGs
[2026-06-12T03:49:34.568+0000] {logging_mixin.py:188} INFO - [2026-06-12T03:49:34.568+0000] {dag.py:3823} INFO - Setting next_dagrun for crime_analytics_pipeline to 2026-06-06 19:00:00+00:00, run_after=2026-06-13 19:00:00+00:00
[2026-06-12T03:49:34.590+0000] {processor.py:183} INFO - Processing /opt/airflow/dags/dag_crime_pipeline.py took 0.146 seconds
[2026-06-12T03:50:04.834+0000] {processor.py:161} INFO - Started process (PID=1439) to work on /opt/airflow/dags/dag_crime_pipeline.py
[2026-06-12T03:50:04.836+0000] {processor.py:830} INFO - Processing file /opt/airflow/dags/dag_crime_pipeline.py for tasks to queue
[2026-06-12T03:50:04.839+0000] {logging_mixin.py:188} INFO - [2026-06-12T03:50:04.838+0000] {dagbag.py:538} INFO - Filling up the DagBag from /opt/airflow/dags/dag_crime_pipeline.py
[2026-06-12T03:50:04.886+0000] {processor.py:840} INFO - DAG(s) 'crime_analytics_pipeline' retrieved from /opt/airflow/dags/dag_crime_pipeline.py
[2026-06-12T03:50:04.928+0000] {logging_mixin.py:188} INFO - [2026-06-12T03:50:04.927+0000] {dag.py:3036} INFO - Sync 1 DAGs
[2026-06-12T03:50:04.957+0000] {logging_mixin.py:188} INFO - [2026-06-12T03:50:04.957+0000] {dag.py:3823} INFO - Setting next_dagrun for crime_analytics_pipeline to 2026-06-06 19:00:00+00:00, run_after=2026-06-13 19:00:00+00:00
[2026-06-12T03:50:05.001+0000] {processor.py:183} INFO - Processing /opt/airflow/dags/dag_crime_pipeline.py took 0.172 seconds
[2026-06-12T03:50:35.103+0000] {processor.py:161} INFO - Started process (PID=1444) to work on /opt/airflow/dags/dag_crime_pipeline.py
[2026-06-12T03:50:35.104+0000] {processor.py:830} INFO - Processing file /opt/airflow/dags/dag_crime_pipeline.py for tasks to queue
[2026-06-12T03:50:35.107+0000] {logging_mixin.py:188} INFO - [2026-06-12T03:50:35.107+0000] {dagbag.py:538} INFO - Filling up the DagBag from /opt/airflow/dags/dag_crime_pipeline.py
[2026-06-12T03:50:35.154+0000] {processor.py:840} INFO - DAG(s) 'crime_analytics_pipeline' retrieved from /opt/airflow/dags/dag_crime_pipeline.py
[2026-06-12T03:50:35.198+0000] {logging_mixin.py:188} INFO - [2026-06-12T03:50:35.198+0000] {dag.py:3036} INFO - Sync 1 DAGs
[2026-06-12T03:50:35.223+0000] {logging_mixin.py:188} INFO - [2026-06-12T03:50:35.223+0000] {dag.py:3823} INFO - Setting next_dagrun for crime_analytics_pipeline to 2026-06-06 19:00:00+00:00, run_after=2026-06-13 19:00:00+00:00
[2026-06-12T03:50:35.249+0000] {processor.py:183} INFO - Processing /opt/airflow/dags/dag_crime_pipeline.py took 0.151 seconds
[2026-06-12T03:51:05.528+0000] {processor.py:161} INFO - Started process (PID=1449) to work on /opt/airflow/dags/dag_crime_pipeline.py
[2026-06-12T03:51:05.530+0000] {processor.py:830} INFO - Processing file /opt/airflow/dags/dag_crime_pipeline.py for tasks to queue
[2026-06-12T03:51:05.534+0000] {logging_mixin.py:188} INFO - [2026-06-12T03:51:05.533+0000] {dagbag.py:538} INFO - Filling up the DagBag from /opt/airflow/dags/dag_crime_pipeline.py
[2026-06-12T03:51:05.584+0000] {processor.py:840} INFO - DAG(s) 'crime_analytics_pipeline' retrieved from /opt/airflow/dags/dag_crime_pipeline.py
[2026-06-12T03:51:05.623+0000] {logging_mixin.py:188} INFO - [2026-06-12T03:51:05.623+0000] {dag.py:3036} INFO - Sync 1 DAGs
[2026-06-12T03:51:05.647+0000] {logging_mixin.py:188} INFO - [2026-06-12T03:51:05.647+0000] {dag.py:3823} INFO - Setting next_dagrun for crime_analytics_pipeline to 2026-06-06 19:00:00+00:00, run_after=2026-06-13 19:00:00+00:00
[2026-06-12T03:51:05.694+0000] {processor.py:183} INFO - Processing /opt/airflow/dags/dag_crime_pipeline.py took 0.171 seconds
[2026-06-12T03:51:35.830+0000] {processor.py:161} INFO - Started process (PID=1454) to work on /opt/airflow/dags/dag_crime_pipeline.py
[2026-06-12T03:51:35.832+0000] {processor.py:830} INFO - Processing file /opt/airflow/dags/dag_crime_pipeline.py for tasks to queue
[2026-06-12T03:51:35.834+0000] {logging_mixin.py:188} INFO - [2026-06-12T03:51:35.834+0000] {dagbag.py:538} INFO - Filling up the DagBag from /opt/airflow/dags/dag_crime_pipeline.py
[2026-06-12T03:51:35.880+0000] {processor.py:840} INFO - DAG(s) 'crime_analytics_pipeline' retrieved from /opt/airflow/dags/dag_crime_pipeline.py
[2026-06-12T03:51:35.919+0000] {logging_mixin.py:188} INFO - [2026-06-12T03:51:35.919+0000] {dag.py:3036} INFO - Sync 1 DAGs
[2026-06-12T03:51:35.946+0000] {logging_mixin.py:188} INFO - [2026-06-12T03:51:35.946+0000] {dag.py:3823} INFO - Setting next_dagrun for crime_analytics_pipeline to 2026-06-06 19:00:00+00:00, run_after=2026-06-13 19:00:00+00:00
[2026-06-12T03:51:35.986+0000] {processor.py:183} INFO - Processing /opt/airflow/dags/dag_crime_pipeline.py took 0.160 seconds
[2026-06-12T03:52:06.195+0000] {processor.py:161} INFO - Started process (PID=1459) to work on /opt/airflow/dags/dag_crime_pipeline.py
[2026-06-12T03:52:06.197+0000] {processor.py:830} INFO - Processing file /opt/airflow/dags/dag_crime_pipeline.py for tasks to queue
[2026-06-12T03:52:06.199+0000] {logging_mixin.py:188} INFO - [2026-06-12T03:52:06.199+0000] {dagbag.py:538} INFO - Filling up the DagBag from /opt/airflow/dags/dag_crime_pipeline.py
[2026-06-12T03:52:06.244+0000] {processor.py:840} INFO - DAG(s) 'crime_analytics_pipeline' retrieved from /opt/airflow/dags/dag_crime_pipeline.py
[2026-06-12T03:52:06.283+0000] {logging_mixin.py:188} INFO - [2026-06-12T03:52:06.283+0000] {dag.py:3036} INFO - Sync 1 DAGs
[2026-06-12T03:52:06.310+0000] {logging_mixin.py:188} INFO - [2026-06-12T03:52:06.309+0000] {dag.py:3823} INFO - Setting next_dagrun for crime_analytics_pipeline to 2026-06-06 19:00:00+00:00, run_after=2026-06-13 19:00:00+00:00
[2026-06-12T03:52:06.334+0000] {processor.py:183} INFO - Processing /opt/airflow/dags/dag_crime_pipeline.py took 0.142 seconds
[2026-06-12T03:52:36.471+0000] {processor.py:161} INFO - Started process (PID=1464) to work on /opt/airflow/dags/dag_crime_pipeline.py
[2026-06-12T03:52:36.473+0000] {processor.py:830} INFO - Processing file /opt/airflow/dags/dag_crime_pipeline.py for tasks to queue
[2026-06-12T03:52:36.476+0000] {logging_mixin.py:188} INFO - [2026-06-12T03:52:36.475+0000] {dagbag.py:538} INFO - Filling up the DagBag from /opt/airflow/dags/dag_crime_pipeline.py
[2026-06-12T03:52:36.522+0000] {processor.py:840} INFO - DAG(s) 'crime_analytics_pipeline' retrieved from /opt/airflow/dags/dag_crime_pipeline.py
[2026-06-12T03:52:36.564+0000] {logging_mixin.py:188} INFO - [2026-06-12T03:52:36.564+0000] {dag.py:3036} INFO - Sync 1 DAGs
[2026-06-12T03:52:36.597+0000] {logging_mixin.py:188} INFO - [2026-06-12T03:52:36.596+0000] {dag.py:3823} INFO - Setting next_dagrun for crime_analytics_pipeline to 2026-06-06 19:00:00+00:00, run_after=2026-06-13 19:00:00+00:00
[2026-06-12T03:52:36.622+0000] {processor.py:183} INFO - Processing /opt/airflow/dags/dag_crime_pipeline.py took 0.155 seconds
[2026-06-12T03:53:06.870+0000] {processor.py:161} INFO - Started process (PID=1469) to work on /opt/airflow/dags/dag_crime_pipeline.py
[2026-06-12T03:53:06.872+0000] {processor.py:830} INFO - Processing file /opt/airflow/dags/dag_crime_pipeline.py for tasks to queue
[2026-06-12T03:53:06.875+0000] {logging_mixin.py:188} INFO - [2026-06-12T03:53:06.875+0000] {dagbag.py:538} INFO - Filling up the DagBag from /opt/airflow/dags/dag_crime_pipeline.py
[2026-06-12T03:53:06.925+0000] {processor.py:840} INFO - DAG(s) 'crime_analytics_pipeline' retrieved from /opt/airflow/dags/dag_crime_pipeline.py
[2026-06-12T03:53:06.964+0000] {logging_mixin.py:188} INFO - [2026-06-12T03:53:06.964+0000] {dag.py:3036} INFO - Sync 1 DAGs
[2026-06-12T03:53:06.989+0000] {logging_mixin.py:188} INFO - [2026-06-12T03:53:06.989+0000] {dag.py:3823} INFO - Setting next_dagrun for crime_analytics_pipeline to 2026-06-06 19:00:00+00:00, run_after=2026-06-13 19:00:00+00:00
[2026-06-12T03:53:07.030+0000] {processor.py:183} INFO - Processing /opt/airflow/dags/dag_crime_pipeline.py took 0.165 seconds
[2026-06-12T03:53:37.112+0000] {processor.py:161} INFO - Started process (PID=1474) to work on /opt/airflow/dags/dag_crime_pipeline.py
[2026-06-12T03:53:37.114+0000] {processor.py:830} INFO - Processing file /opt/airflow/dags/dag_crime_pipeline.py for tasks to queue
[2026-06-12T03:53:37.117+0000] {logging_mixin.py:188} INFO - [2026-06-12T03:53:37.116+0000] {dagbag.py:538} INFO - Filling up the DagBag from /opt/airflow/dags/dag_crime_pipeline.py
[2026-06-12T03:53:37.163+0000] {processor.py:840} INFO - DAG(s) 'crime_analytics_pipeline' retrieved from /opt/airflow/dags/dag_crime_pipeline.py
[2026-06-12T03:53:37.208+0000] {logging_mixin.py:188} INFO - [2026-06-12T03:53:37.207+0000] {dag.py:3036} INFO - Sync 1 DAGs
[2026-06-12T03:53:37.231+0000] {logging_mixin.py:188} INFO - [2026-06-12T03:53:37.231+0000] {dag.py:3823} INFO - Setting next_dagrun for crime_analytics_pipeline to 2026-06-06 19:00:00+00:00, run_after=2026-06-13 19:00:00+00:00
[2026-06-12T03:53:37.272+0000] {processor.py:183} INFO - Processing /opt/airflow/dags/dag_crime_pipeline.py took 0.165 seconds
[2026-06-12T03:54:07.480+0000] {processor.py:161} INFO - Started process (PID=1479) to work on /opt/airflow/dags/dag_crime_pipeline.py
[2026-06-12T03:54:07.482+0000] {processor.py:830} INFO - Processing file /opt/airflow/dags/dag_crime_pipeline.py for tasks to queue
[2026-06-12T03:54:07.485+0000] {logging_mixin.py:188} INFO - [2026-06-12T03:54:07.485+0000] {dagbag.py:538} INFO - Filling up the DagBag from /opt/airflow/dags/dag_crime_pipeline.py
[2026-06-12T03:54:07.534+0000] {processor.py:840} INFO - DAG(s) 'crime_analytics_pipeline' retrieved from /opt/airflow/dags/dag_crime_pipeline.py
[2026-06-12T03:54:07.581+0000] {logging_mixin.py:188} INFO - [2026-06-12T03:54:07.581+0000] {dag.py:3036} INFO - Sync 1 DAGs
[2026-06-12T03:54:07.614+0000] {logging_mixin.py:188} INFO - [2026-06-12T03:54:07.614+0000] {dag.py:3823} INFO - Setting next_dagrun for crime_analytics_pipeline to 2026-06-06 19:00:00+00:00, run_after=2026-06-13 19:00:00+00:00
[2026-06-12T03:54:07.641+0000] {processor.py:183} INFO - Processing /opt/airflow/dags/dag_crime_pipeline.py took 0.166 seconds
[2026-06-12T03:54:37.884+0000] {processor.py:161} INFO - Started process (PID=1484) to work on /opt/airflow/dags/dag_crime_pipeline.py
[2026-06-12T03:54:37.886+0000] {processor.py:830} INFO - Processing file /opt/airflow/dags/dag_crime_pipeline.py for tasks to queue
[2026-06-12T03:54:37.889+0000] {logging_mixin.py:188} INFO - [2026-06-12T03:54:37.888+0000] {dagbag.py:538} INFO - Filling up the DagBag from /opt/airflow/dags/dag_crime_pipeline.py
[2026-06-12T03:54:37.936+0000] {processor.py:840} INFO - DAG(s) 'crime_analytics_pipeline' retrieved from /opt/airflow/dags/dag_crime_pipeline.py
[2026-06-12T03:54:37.972+0000] {logging_mixin.py:188} INFO - [2026-06-12T03:54:37.972+0000] {dag.py:3036} INFO - Sync 1 DAGs
[2026-06-12T03:54:38.001+0000] {logging_mixin.py:188} INFO - [2026-06-12T03:54:38.001+0000] {dag.py:3823} INFO - Setting next_dagrun for crime_analytics_pipeline to 2026-06-06 19:00:00+00:00, run_after=2026-06-13 19:00:00+00:00
[2026-06-12T03:54:38.022+0000] {processor.py:183} INFO - Processing /opt/airflow/dags/dag_crime_pipeline.py took 0.142 seconds
[2026-06-12T03:55:08.158+0000] {processor.py:161} INFO - Started process (PID=1489) to work on /opt/airflow/dags/dag_crime_pipeline.py
[2026-06-12T03:55:08.161+0000] {processor.py:830} INFO - Processing file /opt/airflow/dags/dag_crime_pipeline.py for tasks to queue
[2026-06-12T03:55:08.164+0000] {logging_mixin.py:188} INFO - [2026-06-12T03:55:08.163+0000] {dagbag.py:538} INFO - Filling up the DagBag from /opt/airflow/dags/dag_crime_pipeline.py
[2026-06-12T03:55:08.216+0000] {processor.py:840} INFO - DAG(s) 'crime_analytics_pipeline' retrieved from /opt/airflow/dags/dag_crime_pipeline.py
[2026-06-12T03:55:08.255+0000] {logging_mixin.py:188} INFO - [2026-06-12T03:55:08.254+0000] {dag.py:3036} INFO - Sync 1 DAGs
[2026-06-12T03:55:08.282+0000] {logging_mixin.py:188} INFO - [2026-06-12T03:55:08.282+0000] {dag.py:3823} INFO - Setting next_dagrun for crime_analytics_pipeline to 2026-06-06 19:00:00+00:00, run_after=2026-06-13 19:00:00+00:00
[2026-06-12T03:55:08.322+0000] {processor.py:183} INFO - Processing /opt/airflow/dags/dag_crime_pipeline.py took 0.169 seconds
[2026-06-12T03:55:38.530+0000] {processor.py:161} INFO - Started process (PID=1494) to work on /opt/airflow/dags/dag_crime_pipeline.py
[2026-06-12T03:55:38.532+0000] {processor.py:830} INFO - Processing file /opt/airflow/dags/dag_crime_pipeline.py for tasks to queue
[2026-06-12T03:55:38.536+0000] {logging_mixin.py:188} INFO - [2026-06-12T03:55:38.535+0000] {dagbag.py:538} INFO - Filling up the DagBag from /opt/airflow/dags/dag_crime_pipeline.py
[2026-06-12T03:55:38.587+0000] {processor.py:840} INFO - DAG(s) 'crime_analytics_pipeline' retrieved from /opt/airflow/dags/dag_crime_pipeline.py
[2026-06-12T03:55:38.627+0000] {logging_mixin.py:188} INFO - [2026-06-12T03:55:38.627+0000] {dag.py:3036} INFO - Sync 1 DAGs
[2026-06-12T03:55:38.653+0000] {logging_mixin.py:188} INFO - [2026-06-12T03:55:38.653+0000] {dag.py:3823} INFO - Setting next_dagrun for crime_analytics_pipeline to 2026-06-06 19:00:00+00:00, run_after=2026-06-13 19:00:00+00:00
[2026-06-12T03:55:38.693+0000] {processor.py:183} INFO - Processing /opt/airflow/dags/dag_crime_pipeline.py took 0.168 seconds
[2026-06-12T03:56:08.831+0000] {processor.py:161} INFO - Started process (PID=1499) to work on /opt/airflow/dags/dag_crime_pipeline.py
[2026-06-12T03:56:08.833+0000] {processor.py:830} INFO - Processing file /opt/airflow/dags/dag_crime_pipeline.py for tasks to queue
[2026-06-12T03:56:08.836+0000] {logging_mixin.py:188} INFO - [2026-06-12T03:56:08.835+0000] {dagbag.py:538} INFO - Filling up the DagBag from /opt/airflow/dags/dag_crime_pipeline.py
[2026-06-12T03:56:08.891+0000] {processor.py:840} INFO - DAG(s) 'crime_analytics_pipeline' retrieved from /opt/airflow/dags/dag_crime_pipeline.py
[2026-06-12T03:56:08.928+0000] {logging_mixin.py:188} INFO - [2026-06-12T03:56:08.927+0000] {dag.py:3036} INFO - Sync 1 DAGs
[2026-06-12T03:56:08.951+0000] {logging_mixin.py:188} INFO - [2026-06-12T03:56:08.951+0000] {dag.py:3823} INFO - Setting next_dagrun for crime_analytics_pipeline to 2026-06-06 19:00:00+00:00, run_after=2026-06-13 19:00:00+00:00
[2026-06-12T03:56:08.993+0000] {processor.py:183} INFO - Processing /opt/airflow/dags/dag_crime_pipeline.py took 0.167 seconds
[2026-06-12T03:56:39.187+0000] {processor.py:161} INFO - Started process (PID=1504) to work on /opt/airflow/dags/dag_crime_pipeline.py
[2026-06-12T03:56:39.189+0000] {processor.py:830} INFO - Processing file /opt/airflow/dags/dag_crime_pipeline.py for tasks to queue
[2026-06-12T03:56:39.192+0000] {logging_mixin.py:188} INFO - [2026-06-12T03:56:39.192+0000] {dagbag.py:538} INFO - Filling up the DagBag from /opt/airflow/dags/dag_crime_pipeline.py
[2026-06-12T03:56:39.238+0000] {processor.py:840} INFO - DAG(s) 'crime_analytics_pipeline' retrieved from /opt/airflow/dags/dag_crime_pipeline.py
[2026-06-12T03:56:39.285+0000] {logging_mixin.py:188} INFO - [2026-06-12T03:56:39.283+0000] {dag.py:3036} INFO - Sync 1 DAGs
[2026-06-12T03:56:39.311+0000] {logging_mixin.py:188} INFO - [2026-06-12T03:56:39.310+0000] {dag.py:3823} INFO - Setting next_dagrun for crime_analytics_pipeline to 2026-06-06 19:00:00+00:00, run_after=2026-06-13 19:00:00+00:00
[2026-06-12T03:56:39.354+0000] {processor.py:183} INFO - Processing /opt/airflow/dags/dag_crime_pipeline.py took 0.172 seconds
[2026-06-12T03:57:09.552+0000] {processor.py:161} INFO - Started process (PID=1509) to work on /opt/airflow/dags/dag_crime_pipeline.py
[2026-06-12T03:57:09.554+0000] {processor.py:830} INFO - Processing file /opt/airflow/dags/dag_crime_pipeline.py for tasks to queue
[2026-06-12T03:57:09.559+0000] {logging_mixin.py:188} INFO - [2026-06-12T03:57:09.558+0000] {dagbag.py:538} INFO - Filling up the DagBag from /opt/airflow/dags/dag_crime_pipeline.py
[2026-06-12T03:57:09.605+0000] {processor.py:840} INFO - DAG(s) 'crime_analytics_pipeline' retrieved from /opt/airflow/dags/dag_crime_pipeline.py
[2026-06-12T03:57:09.646+0000] {logging_mixin.py:188} INFO - [2026-06-12T03:57:09.645+0000] {dag.py:3036} INFO - Sync 1 DAGs
[2026-06-12T03:57:09.671+0000] {logging_mixin.py:188} INFO - [2026-06-12T03:57:09.671+0000] {dag.py:3823} INFO - Setting next_dagrun for crime_analytics_pipeline to 2026-06-06 19:00:00+00:00, run_after=2026-06-13 19:00:00+00:00
[2026-06-12T03:57:09.701+0000] {processor.py:183} INFO - Processing /opt/airflow/dags/dag_crime_pipeline.py took 0.168 seconds
[2026-06-12T03:57:39.912+0000] {processor.py:161} INFO - Started process (PID=1514) to work on /opt/airflow/dags/dag_crime_pipeline.py
[2026-06-12T03:57:39.913+0000] {processor.py:830} INFO - Processing file /opt/airflow/dags/dag_crime_pipeline.py for tasks to queue
[2026-06-12T03:57:39.917+0000] {logging_mixin.py:188} INFO - [2026-06-12T03:57:39.916+0000] {dagbag.py:538} INFO - Filling up the DagBag from /opt/airflow/dags/dag_crime_pipeline.py
[2026-06-12T03:57:39.971+0000] {processor.py:840} INFO - DAG(s) 'crime_analytics_pipeline' retrieved from /opt/airflow/dags/dag_crime_pipeline.py
[2026-06-12T03:57:40.010+0000] {logging_mixin.py:188} INFO - [2026-06-12T03:57:40.009+0000] {dag.py:3036} INFO - Sync 1 DAGs
[2026-06-12T03:57:40.037+0000] {logging_mixin.py:188} INFO - [2026-06-12T03:57:40.037+0000] {dag.py:3823} INFO - Setting next_dagrun for crime_analytics_pipeline to 2026-06-06 19:00:00+00:00, run_after=2026-06-13 19:00:00+00:00
[2026-06-12T03:57:40.080+0000] {processor.py:183} INFO - Processing /opt/airflow/dags/dag_crime_pipeline.py took 0.173 seconds
[2026-06-12T03:58:10.224+0000] {processor.py:161} INFO - Started process (PID=1519) to work on /opt/airflow/dags/dag_crime_pipeline.py
[2026-06-12T03:58:10.226+0000] {processor.py:830} INFO - Processing file /opt/airflow/dags/dag_crime_pipeline.py for tasks to queue
[2026-06-12T03:58:10.229+0000] {logging_mixin.py:188} INFO - [2026-06-12T03:58:10.229+0000] {dagbag.py:538} INFO - Filling up the DagBag from /opt/airflow/dags/dag_crime_pipeline.py
[2026-06-12T03:58:10.273+0000] {processor.py:840} INFO - DAG(s) 'crime_analytics_pipeline' retrieved from /opt/airflow/dags/dag_crime_pipeline.py
[2026-06-12T03:58:10.319+0000] {logging_mixin.py:188} INFO - [2026-06-12T03:58:10.319+0000] {dag.py:3036} INFO - Sync 1 DAGs
[2026-06-12T03:58:10.347+0000] {logging_mixin.py:188} INFO - [2026-06-12T03:58:10.347+0000] {dag.py:3823} INFO - Setting next_dagrun for crime_analytics_pipeline to 2026-06-06 19:00:00+00:00, run_after=2026-06-13 19:00:00+00:00
[2026-06-12T03:58:10.387+0000] {processor.py:183} INFO - Processing /opt/airflow/dags/dag_crime_pipeline.py took 0.167 seconds
[2026-06-12T03:58:40.602+0000] {processor.py:161} INFO - Started process (PID=1524) to work on /opt/airflow/dags/dag_crime_pipeline.py
[2026-06-12T03:58:40.604+0000] {processor.py:830} INFO - Processing file /opt/airflow/dags/dag_crime_pipeline.py for tasks to queue
[2026-06-12T03:58:40.609+0000] {logging_mixin.py:188} INFO - [2026-06-12T03:58:40.608+0000] {dagbag.py:538} INFO - Filling up the DagBag from /opt/airflow/dags/dag_crime_pipeline.py
[2026-06-12T03:58:40.655+0000] {processor.py:840} INFO - DAG(s) 'crime_analytics_pipeline' retrieved from /opt/airflow/dags/dag_crime_pipeline.py
[2026-06-12T03:58:40.695+0000] {logging_mixin.py:188} INFO - [2026-06-12T03:58:40.694+0000] {dag.py:3036} INFO - Sync 1 DAGs
[2026-06-12T03:58:40.720+0000] {logging_mixin.py:188} INFO - [2026-06-12T03:58:40.720+0000] {dag.py:3823} INFO - Setting next_dagrun for crime_analytics_pipeline to 2026-06-06 19:00:00+00:00, run_after=2026-06-13 19:00:00+00:00
[2026-06-12T03:58:40.761+0000] {processor.py:183} INFO - Processing /opt/airflow/dags/dag_crime_pipeline.py took 0.164 seconds
[2026-06-12T03:59:10.910+0000] {processor.py:161} INFO - Started process (PID=1529) to work on /opt/airflow/dags/dag_crime_pipeline.py
[2026-06-12T03:59:10.912+0000] {processor.py:830} INFO - Processing file /opt/airflow/dags/dag_crime_pipeline.py for tasks to queue
[2026-06-12T03:59:10.916+0000] {logging_mixin.py:188} INFO - [2026-06-12T03:59:10.915+0000] {dagbag.py:538} INFO - Filling up the DagBag from /opt/airflow/dags/dag_crime_pipeline.py
[2026-06-12T03:59:10.968+0000] {processor.py:840} INFO - DAG(s) 'crime_analytics_pipeline' retrieved from /opt/airflow/dags/dag_crime_pipeline.py
[2026-06-12T03:59:11.009+0000] {logging_mixin.py:188} INFO - [2026-06-12T03:59:11.009+0000] {dag.py:3036} INFO - Sync 1 DAGs
[2026-06-12T03:59:11.035+0000] {logging_mixin.py:188} INFO - [2026-06-12T03:59:11.035+0000] {dag.py:3823} INFO - Setting next_dagrun for crime_analytics_pipeline to 2026-06-06 19:00:00+00:00, run_after=2026-06-13 19:00:00+00:00
[2026-06-12T03:59:11.080+0000] {processor.py:183} INFO - Processing /opt/airflow/dags/dag_crime_pipeline.py took 0.176 seconds
[2026-06-12T03:59:41.322+0000] {processor.py:161} INFO - Started process (PID=1534) to work on /opt/airflow/dags/dag_crime_pipeline.py
[2026-06-12T03:59:41.323+0000] {processor.py:830} INFO - Processing file /opt/airflow/dags/dag_crime_pipeline.py for tasks to queue
[2026-06-12T03:59:41.327+0000] {logging_mixin.py:188} INFO - [2026-06-12T03:59:41.326+0000] {dagbag.py:538} INFO - Filling up the DagBag from /opt/airflow/dags/dag_crime_pipeline.py
[2026-06-12T03:59:41.373+0000] {processor.py:840} INFO - DAG(s) 'crime_analytics_pipeline' retrieved from /opt/airflow/dags/dag_crime_pipeline.py
[2026-06-12T03:59:41.616+0000] {logging_mixin.py:188} INFO - [2026-06-12T03:59:41.616+0000] {dag.py:3036} INFO - Sync 1 DAGs
[2026-06-12T03:59:41.639+0000] {logging_mixin.py:188} INFO - [2026-06-12T03:59:41.639+0000] {dag.py:3823} INFO - Setting next_dagrun for crime_analytics_pipeline to 2026-06-06 19:00:00+00:00, run_after=2026-06-13 19:00:00+00:00
[2026-06-12T03:59:41.660+0000] {processor.py:183} INFO - Processing /opt/airflow/dags/dag_crime_pipeline.py took 0.342 seconds
[2026-06-12T04:00:11.972+0000] {processor.py:161} INFO - Started process (PID=1539) to work on /opt/airflow/dags/dag_crime_pipeline.py
[2026-06-12T04:00:11.973+0000] {processor.py:830} INFO - Processing file /opt/airflow/dags/dag_crime_pipeline.py for tasks to queue
[2026-06-12T04:00:11.977+0000] {logging_mixin.py:188} INFO - [2026-06-12T04:00:11.976+0000] {dagbag.py:538} INFO - Filling up the DagBag from /opt/airflow/dags/dag_crime_pipeline.py
[2026-06-12T04:00:12.023+0000] {processor.py:840} INFO - DAG(s) 'crime_analytics_pipeline' retrieved from /opt/airflow/dags/dag_crime_pipeline.py
[2026-06-12T04:00:12.066+0000] {logging_mixin.py:188} INFO - [2026-06-12T04:00:12.066+0000] {dag.py:3036} INFO - Sync 1 DAGs
[2026-06-12T04:00:12.094+0000] {logging_mixin.py:188} INFO - [2026-06-12T04:00:12.094+0000] {dag.py:3823} INFO - Setting next_dagrun for crime_analytics_pipeline to 2026-06-06 19:00:00+00:00, run_after=2026-06-13 19:00:00+00:00
[2026-06-12T04:00:12.380+0000] {processor.py:183} INFO - Processing /opt/airflow/dags/dag_crime_pipeline.py took 0.413 seconds
[2026-06-12T04:00:42.706+0000] {processor.py:161} INFO - Started process (PID=1544) to work on /opt/airflow/dags/dag_crime_pipeline.py
[2026-06-12T04:00:42.708+0000] {processor.py:830} INFO - Processing file /opt/airflow/dags/dag_crime_pipeline.py for tasks to queue
[2026-06-12T04:00:42.711+0000] {logging_mixin.py:188} INFO - [2026-06-12T04:00:42.710+0000] {dagbag.py:538} INFO - Filling up the DagBag from /opt/airflow/dags/dag_crime_pipeline.py
[2026-06-12T04:00:42.759+0000] {processor.py:840} INFO - DAG(s) 'crime_analytics_pipeline' retrieved from /opt/airflow/dags/dag_crime_pipeline.py
[2026-06-12T04:00:42.803+0000] {logging_mixin.py:188} INFO - [2026-06-12T04:00:42.803+0000] {dag.py:3036} INFO - Sync 1 DAGs
[2026-06-12T04:00:42.830+0000] {logging_mixin.py:188} INFO - [2026-06-12T04:00:42.829+0000] {dag.py:3823} INFO - Setting next_dagrun for crime_analytics_pipeline to 2026-06-06 19:00:00+00:00, run_after=2026-06-13 19:00:00+00:00
[2026-06-12T04:00:42.877+0000] {processor.py:183} INFO - Processing /opt/airflow/dags/dag_crime_pipeline.py took 0.175 seconds
[2026-06-12T04:01:13.153+0000] {processor.py:161} INFO - Started process (PID=1549) to work on /opt/airflow/dags/dag_crime_pipeline.py
[2026-06-12T04:01:13.155+0000] {processor.py:830} INFO - Processing file /opt/airflow/dags/dag_crime_pipeline.py for tasks to queue
[2026-06-12T04:01:13.159+0000] {logging_mixin.py:188} INFO - [2026-06-12T04:01:13.158+0000] {dagbag.py:538} INFO - Filling up the DagBag from /opt/airflow/dags/dag_crime_pipeline.py
[2026-06-12T04:01:13.208+0000] {processor.py:840} INFO - DAG(s) 'crime_analytics_pipeline' retrieved from /opt/airflow/dags/dag_crime_pipeline.py
[2026-06-12T04:01:13.247+0000] {logging_mixin.py:188} INFO - [2026-06-12T04:01:13.246+0000] {dag.py:3036} INFO - Sync 1 DAGs
[2026-06-12T04:01:13.514+0000] {logging_mixin.py:188} INFO - [2026-06-12T04:01:13.514+0000] {dag.py:3823} INFO - Setting next_dagrun for crime_analytics_pipeline to 2026-06-06 19:00:00+00:00, run_after=2026-06-13 19:00:00+00:00
[2026-06-12T04:01:13.554+0000] {processor.py:183} INFO - Processing /opt/airflow/dags/dag_crime_pipeline.py took 0.406 seconds
[2026-06-12T04:01:44.040+0000] {processor.py:161} INFO - Started process (PID=1554) to work on /opt/airflow/dags/dag_crime_pipeline.py
[2026-06-12T04:01:44.042+0000] {processor.py:830} INFO - Processing file /opt/airflow/dags/dag_crime_pipeline.py for tasks to queue
[2026-06-12T04:01:44.045+0000] {logging_mixin.py:188} INFO - [2026-06-12T04:01:44.044+0000] {dagbag.py:538} INFO - Filling up the DagBag from /opt/airflow/dags/dag_crime_pipeline.py
[2026-06-12T04:01:44.093+0000] {processor.py:840} INFO - DAG(s) 'crime_analytics_pipeline' retrieved from /opt/airflow/dags/dag_crime_pipeline.py
[2026-06-12T04:01:44.140+0000] {logging_mixin.py:188} INFO - [2026-06-12T04:01:44.139+0000] {dag.py:3036} INFO - Sync 1 DAGs
[2026-06-12T04:01:44.170+0000] {logging_mixin.py:188} INFO - [2026-06-12T04:01:44.170+0000] {dag.py:3823} INFO - Setting next_dagrun for crime_analytics_pipeline to 2026-06-06 19:00:00+00:00, run_after=2026-06-13 19:00:00+00:00
[2026-06-12T04:01:44.197+0000] {processor.py:183} INFO - Processing /opt/airflow/dags/dag_crime_pipeline.py took 0.161 seconds
[2026-06-12T04:02:14.476+0000] {processor.py:161} INFO - Started process (PID=1559) to work on /opt/airflow/dags/dag_crime_pipeline.py
[2026-06-12T04:02:14.478+0000] {processor.py:830} INFO - Processing file /opt/airflow/dags/dag_crime_pipeline.py for tasks to queue
[2026-06-12T04:02:14.481+0000] {logging_mixin.py:188} INFO - [2026-06-12T04:02:14.481+0000] {dagbag.py:538} INFO - Filling up the DagBag from /opt/airflow/dags/dag_crime_pipeline.py
[2026-06-12T04:02:14.528+0000] {processor.py:840} INFO - DAG(s) 'crime_analytics_pipeline' retrieved from /opt/airflow/dags/dag_crime_pipeline.py
[2026-06-12T04:02:14.574+0000] {logging_mixin.py:188} INFO - [2026-06-12T04:02:14.574+0000] {dag.py:3036} INFO - Sync 1 DAGs
[2026-06-12T04:02:14.603+0000] {logging_mixin.py:188} INFO - [2026-06-12T04:02:14.603+0000] {dag.py:3823} INFO - Setting next_dagrun for crime_analytics_pipeline to 2026-06-06 19:00:00+00:00, run_after=2026-06-13 19:00:00+00:00
[2026-06-12T04:02:14.627+0000] {processor.py:183} INFO - Processing /opt/airflow/dags/dag_crime_pipeline.py took 0.155 seconds
[2026-06-12T04:02:44.733+0000] {processor.py:161} INFO - Started process (PID=1564) to work on /opt/airflow/dags/dag_crime_pipeline.py
[2026-06-12T04:02:44.735+0000] {processor.py:830} INFO - Processing file /opt/airflow/dags/dag_crime_pipeline.py for tasks to queue
[2026-06-12T04:02:44.738+0000] {logging_mixin.py:188} INFO - [2026-06-12T04:02:44.737+0000] {dagbag.py:538} INFO - Filling up the DagBag from /opt/airflow/dags/dag_crime_pipeline.py
[2026-06-12T04:02:44.789+0000] {processor.py:840} INFO - DAG(s) 'crime_analytics_pipeline' retrieved from /opt/airflow/dags/dag_crime_pipeline.py
[2026-06-12T04:02:44.837+0000] {logging_mixin.py:188} INFO - [2026-06-12T04:02:44.837+0000] {dag.py:3036} INFO - Sync 1 DAGs
[2026-06-12T04:02:44.865+0000] {logging_mixin.py:188} INFO - [2026-06-12T04:02:44.865+0000] {dag.py:3823} INFO - Setting next_dagrun for crime_analytics_pipeline to 2026-06-06 19:00:00+00:00, run_after=2026-06-13 19:00:00+00:00
[2026-06-12T04:02:44.911+0000] {processor.py:183} INFO - Processing /opt/airflow/dags/dag_crime_pipeline.py took 0.182 seconds
[2026-06-12T04:03:15.202+0000] {processor.py:161} INFO - Started process (PID=1569) to work on /opt/airflow/dags/dag_crime_pipeline.py
[2026-06-12T04:03:15.203+0000] {processor.py:830} INFO - Processing file /opt/airflow/dags/dag_crime_pipeline.py for tasks to queue
[2026-06-12T04:03:15.206+0000] {logging_mixin.py:188} INFO - [2026-06-12T04:03:15.206+0000] {dagbag.py:538} INFO - Filling up the DagBag from /opt/airflow/dags/dag_crime_pipeline.py
[2026-06-12T04:03:15.250+0000] {processor.py:840} INFO - DAG(s) 'crime_analytics_pipeline' retrieved from /opt/airflow/dags/dag_crime_pipeline.py
[2026-06-12T04:03:15.289+0000] {logging_mixin.py:188} INFO - [2026-06-12T04:03:15.289+0000] {dag.py:3036} INFO - Sync 1 DAGs
[2026-06-12T04:03:15.317+0000] {logging_mixin.py:188} INFO - [2026-06-12T04:03:15.317+0000] {dag.py:3823} INFO - Setting next_dagrun for crime_analytics_pipeline to 2026-06-06 19:00:00+00:00, run_after=2026-06-13 19:00:00+00:00
[2026-06-12T04:03:15.359+0000] {processor.py:183} INFO - Processing /opt/airflow/dags/dag_crime_pipeline.py took 0.161 seconds
[2026-06-12T04:03:45.441+0000] {processor.py:161} INFO - Started process (PID=1574) to work on /opt/airflow/dags/dag_crime_pipeline.py
[2026-06-12T04:03:45.442+0000] {processor.py:830} INFO - Processing file /opt/airflow/dags/dag_crime_pipeline.py for tasks to queue
[2026-06-12T04:03:45.445+0000] {logging_mixin.py:188} INFO - [2026-06-12T04:03:45.444+0000] {dagbag.py:538} INFO - Filling up the DagBag from /opt/airflow/dags/dag_crime_pipeline.py
[2026-06-12T04:03:45.486+0000] {processor.py:840} INFO - DAG(s) 'crime_analytics_pipeline' retrieved from /opt/airflow/dags/dag_crime_pipeline.py
[2026-06-12T04:03:45.521+0000] {logging_mixin.py:188} INFO - [2026-06-12T04:03:45.520+0000] {dag.py:3036} INFO - Sync 1 DAGs
[2026-06-12T04:03:45.544+0000] {logging_mixin.py:188} INFO - [2026-06-12T04:03:45.544+0000] {dag.py:3823} INFO - Setting next_dagrun for crime_analytics_pipeline to 2026-06-06 19:00:00+00:00, run_after=2026-06-13 19:00:00+00:00
[2026-06-12T04:03:45.583+0000] {processor.py:183} INFO - Processing /opt/airflow/dags/dag_crime_pipeline.py took 0.147 seconds
[2026-06-12T04:04:15.683+0000] {processor.py:161} INFO - Started process (PID=1579) to work on /opt/airflow/dags/dag_crime_pipeline.py
[2026-06-12T04:04:15.685+0000] {processor.py:830} INFO - Processing file /opt/airflow/dags/dag_crime_pipeline.py for tasks to queue
[2026-06-12T04:04:15.687+0000] {logging_mixin.py:188} INFO - [2026-06-12T04:04:15.687+0000] {dagbag.py:538} INFO - Filling up the DagBag from /opt/airflow/dags/dag_crime_pipeline.py
[2026-06-12T04:04:15.729+0000] {processor.py:840} INFO - DAG(s) 'crime_analytics_pipeline' retrieved from /opt/airflow/dags/dag_crime_pipeline.py
[2026-06-12T04:04:15.765+0000] {logging_mixin.py:188} INFO - [2026-06-12T04:04:15.765+0000] {dag.py:3036} INFO - Sync 1 DAGs
[2026-06-12T04:04:15.790+0000] {logging_mixin.py:188} INFO - [2026-06-12T04:04:15.790+0000] {dag.py:3823} INFO - Setting next_dagrun for crime_analytics_pipeline to 2026-06-06 19:00:00+00:00, run_after=2026-06-13 19:00:00+00:00
[2026-06-12T04:04:15.817+0000] {processor.py:183} INFO - Processing /opt/airflow/dags/dag_crime_pipeline.py took 0.138 seconds
[2026-06-12T04:04:46.088+0000] {processor.py:161} INFO - Started process (PID=1584) to work on /opt/airflow/dags/dag_crime_pipeline.py
[2026-06-12T04:04:46.090+0000] {processor.py:830} INFO - Processing file /opt/airflow/dags/dag_crime_pipeline.py for tasks to queue
[2026-06-12T04:04:46.092+0000] {logging_mixin.py:188} INFO - [2026-06-12T04:04:46.092+0000] {dagbag.py:538} INFO - Filling up the DagBag from /opt/airflow/dags/dag_crime_pipeline.py
[2026-06-12T04:04:46.134+0000] {processor.py:840} INFO - DAG(s) 'crime_analytics_pipeline' retrieved from /opt/airflow/dags/dag_crime_pipeline.py
[2026-06-12T04:04:46.168+0000] {logging_mixin.py:188} INFO - [2026-06-12T04:04:46.167+0000] {dag.py:3036} INFO - Sync 1 DAGs
[2026-06-12T04:04:46.192+0000] {logging_mixin.py:188} INFO - [2026-06-12T04:04:46.192+0000] {dag.py:3823} INFO - Setting next_dagrun for crime_analytics_pipeline to 2026-06-06 19:00:00+00:00, run_after=2026-06-13 19:00:00+00:00
[2026-06-12T04:04:46.230+0000] {processor.py:183} INFO - Processing /opt/airflow/dags/dag_crime_pipeline.py took 0.145 seconds
[2026-06-12T04:05:16.351+0000] {processor.py:161} INFO - Started process (PID=1589) to work on /opt/airflow/dags/dag_crime_pipeline.py
[2026-06-12T04:05:16.352+0000] {processor.py:830} INFO - Processing file /opt/airflow/dags/dag_crime_pipeline.py for tasks to queue
[2026-06-12T04:05:16.354+0000] {logging_mixin.py:188} INFO - [2026-06-12T04:05:16.354+0000] {dagbag.py:538} INFO - Filling up the DagBag from /opt/airflow/dags/dag_crime_pipeline.py
[2026-06-12T04:05:16.391+0000] {processor.py:840} INFO - DAG(s) 'crime_analytics_pipeline' retrieved from /opt/airflow/dags/dag_crime_pipeline.py
[2026-06-12T04:05:16.427+0000] {logging_mixin.py:188} INFO - [2026-06-12T04:05:16.426+0000] {dag.py:3036} INFO - Sync 1 DAGs
[2026-06-12T04:05:16.453+0000] {logging_mixin.py:188} INFO - [2026-06-12T04:05:16.452+0000] {dag.py:3823} INFO - Setting next_dagrun for crime_analytics_pipeline to 2026-06-06 19:00:00+00:00, run_after=2026-06-13 19:00:00+00:00
[2026-06-12T04:05:16.495+0000] {processor.py:183} INFO - Processing /opt/airflow/dags/dag_crime_pipeline.py took 0.148 seconds
[2026-06-12T04:05:46.668+0000] {processor.py:161} INFO - Started process (PID=1594) to work on /opt/airflow/dags/dag_crime_pipeline.py
[2026-06-12T04:05:46.670+0000] {processor.py:830} INFO - Processing file /opt/airflow/dags/dag_crime_pipeline.py for tasks to queue
[2026-06-12T04:05:46.675+0000] {logging_mixin.py:188} INFO - [2026-06-12T04:05:46.673+0000] {dagbag.py:538} INFO - Filling up the DagBag from /opt/airflow/dags/dag_crime_pipeline.py
[2026-06-12T04:05:46.721+0000] {processor.py:840} INFO - DAG(s) 'crime_analytics_pipeline' retrieved from /opt/airflow/dags/dag_crime_pipeline.py
[2026-06-12T04:05:46.762+0000] {logging_mixin.py:188} INFO - [2026-06-12T04:05:46.762+0000] {dag.py:3036} INFO - Sync 1 DAGs
[2026-06-12T04:05:46.785+0000] {logging_mixin.py:188} INFO - [2026-06-12T04:05:46.785+0000] {dag.py:3823} INFO - Setting next_dagrun for crime_analytics_pipeline to 2026-06-06 19:00:00+00:00, run_after=2026-06-13 19:00:00+00:00
[2026-06-12T04:05:46.825+0000] {processor.py:183} INFO - Processing /opt/airflow/dags/dag_crime_pipeline.py took 0.161 seconds
[2026-06-12T04:06:17.109+0000] {processor.py:161} INFO - Started process (PID=1599) to work on /opt/airflow/dags/dag_crime_pipeline.py
[2026-06-12T04:06:17.111+0000] {processor.py:830} INFO - Processing file /opt/airflow/dags/dag_crime_pipeline.py for tasks to queue
[2026-06-12T04:06:17.114+0000] {logging_mixin.py:188} INFO - [2026-06-12T04:06:17.113+0000] {dagbag.py:538} INFO - Filling up the DagBag from /opt/airflow/dags/dag_crime_pipeline.py
[2026-06-12T04:06:17.154+0000] {processor.py:840} INFO - DAG(s) 'crime_analytics_pipeline' retrieved from /opt/airflow/dags/dag_crime_pipeline.py
[2026-06-12T04:06:17.189+0000] {logging_mixin.py:188} INFO - [2026-06-12T04:06:17.188+0000] {dag.py:3036} INFO - Sync 1 DAGs
[2026-06-12T04:06:17.213+0000] {logging_mixin.py:188} INFO - [2026-06-12T04:06:17.213+0000] {dag.py:3823} INFO - Setting next_dagrun for crime_analytics_pipeline to 2026-06-06 19:00:00+00:00, run_after=2026-06-13 19:00:00+00:00
[2026-06-12T04:06:17.237+0000] {processor.py:183} INFO - Processing /opt/airflow/dags/dag_crime_pipeline.py took 0.133 seconds
[2026-06-12T04:06:47.400+0000] {processor.py:161} INFO - Started process (PID=1604) to work on /opt/airflow/dags/dag_crime_pipeline.py
[2026-06-12T04:06:47.402+0000] {processor.py:830} INFO - Processing file /opt/airflow/dags/dag_crime_pipeline.py for tasks to queue
[2026-06-12T04:06:47.404+0000] {logging_mixin.py:188} INFO - [2026-06-12T04:06:47.404+0000] {dagbag.py:538} INFO - Filling up the DagBag from /opt/airflow/dags/dag_crime_pipeline.py
[2026-06-12T04:06:47.447+0000] {processor.py:840} INFO - DAG(s) 'crime_analytics_pipeline' retrieved from /opt/airflow/dags/dag_crime_pipeline.py
[2026-06-12T04:06:47.480+0000] {logging_mixin.py:188} INFO - [2026-06-12T04:06:47.480+0000] {dag.py:3036} INFO - Sync 1 DAGs
[2026-06-12T04:06:47.505+0000] {logging_mixin.py:188} INFO - [2026-06-12T04:06:47.505+0000] {dag.py:3823} INFO - Setting next_dagrun for crime_analytics_pipeline to 2026-06-06 19:00:00+00:00, run_after=2026-06-13 19:00:00+00:00
[2026-06-12T04:06:47.544+0000] {processor.py:183} INFO - Processing /opt/airflow/dags/dag_crime_pipeline.py took 0.148 seconds
[2026-06-12T04:07:17.722+0000] {processor.py:161} INFO - Started process (PID=1609) to work on /opt/airflow/dags/dag_crime_pipeline.py
[2026-06-12T04:07:17.724+0000] {processor.py:830} INFO - Processing file /opt/airflow/dags/dag_crime_pipeline.py for tasks to queue
[2026-06-12T04:07:17.727+0000] {logging_mixin.py:188} INFO - [2026-06-12T04:07:17.727+0000] {dagbag.py:538} INFO - Filling up the DagBag from /opt/airflow/dags/dag_crime_pipeline.py
[2026-06-12T04:07:17.769+0000] {processor.py:840} INFO - DAG(s) 'crime_analytics_pipeline' retrieved from /opt/airflow/dags/dag_crime_pipeline.py
[2026-06-12T04:07:17.801+0000] {logging_mixin.py:188} INFO - [2026-06-12T04:07:17.801+0000] {dag.py:3036} INFO - Sync 1 DAGs
[2026-06-12T04:07:17.825+0000] {logging_mixin.py:188} INFO - [2026-06-12T04:07:17.825+0000] {dag.py:3823} INFO - Setting next_dagrun for crime_analytics_pipeline to 2026-06-06 19:00:00+00:00, run_after=2026-06-13 19:00:00+00:00
[2026-06-12T04:07:17.864+0000] {processor.py:183} INFO - Processing /opt/airflow/dags/dag_crime_pipeline.py took 0.146 seconds
[2026-06-12T04:07:47.929+0000] {processor.py:161} INFO - Started process (PID=1614) to work on /opt/airflow/dags/dag_crime_pipeline.py
[2026-06-12T04:07:47.930+0000] {processor.py:830} INFO - Processing file /opt/airflow/dags/dag_crime_pipeline.py for tasks to queue
[2026-06-12T04:07:47.932+0000] {logging_mixin.py:188} INFO - [2026-06-12T04:07:47.932+0000] {dagbag.py:538} INFO - Filling up the DagBag from /opt/airflow/dags/dag_crime_pipeline.py
[2026-06-12T04:07:47.976+0000] {processor.py:840} INFO - DAG(s) 'crime_analytics_pipeline' retrieved from /opt/airflow/dags/dag_crime_pipeline.py
[2026-06-12T04:07:48.011+0000] {logging_mixin.py:188} INFO - [2026-06-12T04:07:48.010+0000] {dag.py:3036} INFO - Sync 1 DAGs
[2026-06-12T04:07:48.035+0000] {logging_mixin.py:188} INFO - [2026-06-12T04:07:48.035+0000] {dag.py:3823} INFO - Setting next_dagrun for crime_analytics_pipeline to 2026-06-06 19:00:00+00:00, run_after=2026-06-13 19:00:00+00:00
[2026-06-12T04:07:48.076+0000] {processor.py:183} INFO - Processing /opt/airflow/dags/dag_crime_pipeline.py took 0.151 seconds
[2026-06-12T04:08:18.325+0000] {processor.py:161} INFO - Started process (PID=1619) to work on /opt/airflow/dags/dag_crime_pipeline.py
[2026-06-12T04:08:18.327+0000] {processor.py:830} INFO - Processing file /opt/airflow/dags/dag_crime_pipeline.py for tasks to queue
[2026-06-12T04:08:18.330+0000] {logging_mixin.py:188} INFO - [2026-06-12T04:08:18.330+0000] {dagbag.py:538} INFO - Filling up the DagBag from /opt/airflow/dags/dag_crime_pipeline.py
[2026-06-12T04:08:18.375+0000] {processor.py:840} INFO - DAG(s) 'crime_analytics_pipeline' retrieved from /opt/airflow/dags/dag_crime_pipeline.py
[2026-06-12T04:08:18.406+0000] {logging_mixin.py:188} INFO - [2026-06-12T04:08:18.405+0000] {dag.py:3036} INFO - Sync 1 DAGs
[2026-06-12T04:08:18.434+0000] {logging_mixin.py:188} INFO - [2026-06-12T04:08:18.434+0000] {dag.py:3823} INFO - Setting next_dagrun for crime_analytics_pipeline to 2026-06-06 19:00:00+00:00, run_after=2026-06-13 19:00:00+00:00
[2026-06-12T04:08:18.457+0000] {processor.py:183} INFO - Processing /opt/airflow/dags/dag_crime_pipeline.py took 0.135 seconds
[2026-06-12T04:08:48.712+0000] {processor.py:161} INFO - Started process (PID=1624) to work on /opt/airflow/dags/dag_crime_pipeline.py
[2026-06-12T04:08:48.714+0000] {processor.py:830} INFO - Processing file /opt/airflow/dags/dag_crime_pipeline.py for tasks to queue
[2026-06-12T04:08:48.716+0000] {logging_mixin.py:188} INFO - [2026-06-12T04:08:48.716+0000] {dagbag.py:538} INFO - Filling up the DagBag from /opt/airflow/dags/dag_crime_pipeline.py
[2026-06-12T04:08:48.760+0000] {processor.py:840} INFO - DAG(s) 'crime_analytics_pipeline' retrieved from /opt/airflow/dags/dag_crime_pipeline.py
[2026-06-12T04:08:48.794+0000] {logging_mixin.py:188} INFO - [2026-06-12T04:08:48.794+0000] {dag.py:3036} INFO - Sync 1 DAGs
[2026-06-12T04:08:48.818+0000] {logging_mixin.py:188} INFO - [2026-06-12T04:08:48.817+0000] {dag.py:3823} INFO - Setting next_dagrun for crime_analytics_pipeline to 2026-06-06 19:00:00+00:00, run_after=2026-06-13 19:00:00+00:00
[2026-06-12T04:08:48.842+0000] {processor.py:183} INFO - Processing /opt/airflow/dags/dag_crime_pipeline.py took 0.134 seconds
[2026-06-12T04:09:19.028+0000] {processor.py:161} INFO - Started process (PID=1629) to work on /opt/airflow/dags/dag_crime_pipeline.py
[2026-06-12T04:09:19.029+0000] {processor.py:830} INFO - Processing file /opt/airflow/dags/dag_crime_pipeline.py for tasks to queue
[2026-06-12T04:09:19.032+0000] {logging_mixin.py:188} INFO - [2026-06-12T04:09:19.032+0000] {dagbag.py:538} INFO - Filling up the DagBag from /opt/airflow/dags/dag_crime_pipeline.py
[2026-06-12T04:09:19.074+0000] {processor.py:840} INFO - DAG(s) 'crime_analytics_pipeline' retrieved from /opt/airflow/dags/dag_crime_pipeline.py
[2026-06-12T04:09:19.106+0000] {logging_mixin.py:188} INFO - [2026-06-12T04:09:19.105+0000] {dag.py:3036} INFO - Sync 1 DAGs
[2026-06-12T04:09:19.129+0000] {logging_mixin.py:188} INFO - [2026-06-12T04:09:19.129+0000] {dag.py:3823} INFO - Setting next_dagrun for crime_analytics_pipeline to 2026-06-06 19:00:00+00:00, run_after=2026-06-13 19:00:00+00:00
[2026-06-12T04:09:19.166+0000] {processor.py:183} INFO - Processing /opt/airflow/dags/dag_crime_pipeline.py took 0.143 seconds
[2026-06-12T04:09:49.390+0000] {processor.py:161} INFO - Started process (PID=1634) to work on /opt/airflow/dags/dag_crime_pipeline.py
[2026-06-12T04:09:49.391+0000] {processor.py:830} INFO - Processing file /opt/airflow/dags/dag_crime_pipeline.py for tasks to queue
[2026-06-12T04:09:49.394+0000] {logging_mixin.py:188} INFO - [2026-06-12T04:09:49.393+0000] {dagbag.py:538} INFO - Filling up the DagBag from /opt/airflow/dags/dag_crime_pipeline.py
[2026-06-12T04:09:49.436+0000] {processor.py:840} INFO - DAG(s) 'crime_analytics_pipeline' retrieved from /opt/airflow/dags/dag_crime_pipeline.py
[2026-06-12T04:09:49.471+0000] {logging_mixin.py:188} INFO - [2026-06-12T04:09:49.470+0000] {dag.py:3036} INFO - Sync 1 DAGs
[2026-06-12T04:09:49.495+0000] {logging_mixin.py:188} INFO - [2026-06-12T04:09:49.495+0000] {dag.py:3823} INFO - Setting next_dagrun for crime_analytics_pipeline to 2026-06-06 19:00:00+00:00, run_after=2026-06-13 19:00:00+00:00
[2026-06-12T04:09:49.534+0000] {processor.py:183} INFO - Processing /opt/airflow/dags/dag_crime_pipeline.py took 0.148 seconds
[2026-06-12T04:10:19.675+0000] {processor.py:161} INFO - Started process (PID=1639) to work on /opt/airflow/dags/dag_crime_pipeline.py
[2026-06-12T04:10:19.676+0000] {processor.py:830} INFO - Processing file /opt/airflow/dags/dag_crime_pipeline.py for tasks to queue
[2026-06-12T04:10:19.679+0000] {logging_mixin.py:188} INFO - [2026-06-12T04:10:19.679+0000] {dagbag.py:538} INFO - Filling up the DagBag from /opt/airflow/dags/dag_crime_pipeline.py
[2026-06-12T04:10:19.717+0000] {processor.py:840} INFO - DAG(s) 'crime_analytics_pipeline' retrieved from /opt/airflow/dags/dag_crime_pipeline.py
[2026-06-12T04:10:19.755+0000] {logging_mixin.py:188} INFO - [2026-06-12T04:10:19.755+0000] {dag.py:3036} INFO - Sync 1 DAGs
[2026-06-12T04:10:19.782+0000] {logging_mixin.py:188} INFO - [2026-06-12T04:10:19.782+0000] {dag.py:3823} INFO - Setting next_dagrun for crime_analytics_pipeline to 2026-06-06 19:00:00+00:00, run_after=2026-06-13 19:00:00+00:00
[2026-06-12T04:10:19.807+0000] {processor.py:183} INFO - Processing /opt/airflow/dags/dag_crime_pipeline.py took 0.137 seconds
[2026-06-12T04:10:50.062+0000] {processor.py:161} INFO - Started process (PID=1644) to work on /opt/airflow/dags/dag_crime_pipeline.py
[2026-06-12T04:10:50.063+0000] {processor.py:830} INFO - Processing file /opt/airflow/dags/dag_crime_pipeline.py for tasks to queue
[2026-06-12T04:10:50.066+0000] {logging_mixin.py:188} INFO - [2026-06-12T04:10:50.065+0000] {dagbag.py:538} INFO - Filling up the DagBag from /opt/airflow/dags/dag_crime_pipeline.py
[2026-06-12T04:10:50.111+0000] {processor.py:840} INFO - DAG(s) 'crime_analytics_pipeline' retrieved from /opt/airflow/dags/dag_crime_pipeline.py
[2026-06-12T04:10:50.144+0000] {logging_mixin.py:188} INFO - [2026-06-12T04:10:50.143+0000] {dag.py:3036} INFO - Sync 1 DAGs
[2026-06-12T04:10:50.167+0000] {logging_mixin.py:188} INFO - [2026-06-12T04:10:50.167+0000] {dag.py:3823} INFO - Setting next_dagrun for crime_analytics_pipeline to 2026-06-06 19:00:00+00:00, run_after=2026-06-13 19:00:00+00:00
[2026-06-12T04:10:50.186+0000] {processor.py:183} INFO - Processing /opt/airflow/dags/dag_crime_pipeline.py took 0.127 seconds
[2026-06-12T04:11:20.307+0000] {processor.py:161} INFO - Started process (PID=1649) to work on /opt/airflow/dags/dag_crime_pipeline.py
[2026-06-12T04:11:20.309+0000] {processor.py:830} INFO - Processing file /opt/airflow/dags/dag_crime_pipeline.py for tasks to queue
[2026-06-12T04:11:20.311+0000] {logging_mixin.py:188} INFO - [2026-06-12T04:11:20.310+0000] {dagbag.py:538} INFO - Filling up the DagBag from /opt/airflow/dags/dag_crime_pipeline.py
[2026-06-12T04:11:20.366+0000] {processor.py:840} INFO - DAG(s) 'crime_analytics_pipeline' retrieved from /opt/airflow/dags/dag_crime_pipeline.py
[2026-06-12T04:11:20.402+0000] {logging_mixin.py:188} INFO - [2026-06-12T04:11:20.401+0000] {dag.py:3036} INFO - Sync 1 DAGs
[2026-06-12T04:11:20.428+0000] {logging_mixin.py:188} INFO - [2026-06-12T04:11:20.427+0000] {dag.py:3823} INFO - Setting next_dagrun for crime_analytics_pipeline to 2026-06-06 19:00:00+00:00, run_after=2026-06-13 19:00:00+00:00
[2026-06-12T04:11:20.466+0000] {processor.py:183} INFO - Processing /opt/airflow/dags/dag_crime_pipeline.py took 0.163 seconds
[2026-06-12T04:11:50.713+0000] {processor.py:161} INFO - Started process (PID=1654) to work on /opt/airflow/dags/dag_crime_pipeline.py
[2026-06-12T04:11:50.714+0000] {processor.py:830} INFO - Processing file /opt/airflow/dags/dag_crime_pipeline.py for tasks to queue
[2026-06-12T04:11:50.717+0000] {logging_mixin.py:188} INFO - [2026-06-12T04:11:50.716+0000] {dagbag.py:538} INFO - Filling up the DagBag from /opt/airflow/dags/dag_crime_pipeline.py
[2026-06-12T04:11:50.760+0000] {processor.py:840} INFO - DAG(s) 'crime_analytics_pipeline' retrieved from /opt/airflow/dags/dag_crime_pipeline.py
[2026-06-12T04:11:50.797+0000] {logging_mixin.py:188} INFO - [2026-06-12T04:11:50.797+0000] {dag.py:3036} INFO - Sync 1 DAGs
[2026-06-12T04:11:50.822+0000] {logging_mixin.py:188} INFO - [2026-06-12T04:11:50.821+0000] {dag.py:3823} INFO - Setting next_dagrun for crime_analytics_pipeline to 2026-06-06 19:00:00+00:00, run_after=2026-06-13 19:00:00+00:00
[2026-06-12T04:11:50.843+0000] {processor.py:183} INFO - Processing /opt/airflow/dags/dag_crime_pipeline.py took 0.133 seconds
[2026-06-12T04:12:20.935+0000] {processor.py:161} INFO - Started process (PID=1659) to work on /opt/airflow/dags/dag_crime_pipeline.py
[2026-06-12T04:12:20.937+0000] {processor.py:830} INFO - Processing file /opt/airflow/dags/dag_crime_pipeline.py for tasks to queue
[2026-06-12T04:12:20.940+0000] {logging_mixin.py:188} INFO - [2026-06-12T04:12:20.940+0000] {dagbag.py:538} INFO - Filling up the DagBag from /opt/airflow/dags/dag_crime_pipeline.py
[2026-06-12T04:12:20.982+0000] {processor.py:840} INFO - DAG(s) 'crime_analytics_pipeline' retrieved from /opt/airflow/dags/dag_crime_pipeline.py
[2026-06-12T04:12:21.016+0000] {logging_mixin.py:188} INFO - [2026-06-12T04:12:21.016+0000] {dag.py:3036} INFO - Sync 1 DAGs
[2026-06-12T04:12:21.041+0000] {logging_mixin.py:188} INFO - [2026-06-12T04:12:21.041+0000] {dag.py:3823} INFO - Setting next_dagrun for crime_analytics_pipeline to 2026-06-06 19:00:00+00:00, run_after=2026-06-13 19:00:00+00:00
[2026-06-12T04:12:21.064+0000] {processor.py:183} INFO - Processing /opt/airflow/dags/dag_crime_pipeline.py took 0.134 seconds
[2026-06-12T04:12:51.251+0000] {processor.py:161} INFO - Started process (PID=1664) to work on /opt/airflow/dags/dag_crime_pipeline.py
[2026-06-12T04:12:51.253+0000] {processor.py:830} INFO - Processing file /opt/airflow/dags/dag_crime_pipeline.py for tasks to queue
[2026-06-12T04:12:51.255+0000] {logging_mixin.py:188} INFO - [2026-06-12T04:12:51.255+0000] {dagbag.py:538} INFO - Filling up the DagBag from /opt/airflow/dags/dag_crime_pipeline.py
[2026-06-12T04:12:51.296+0000] {processor.py:840} INFO - DAG(s) 'crime_analytics_pipeline' retrieved from /opt/airflow/dags/dag_crime_pipeline.py
[2026-06-12T04:12:51.335+0000] {logging_mixin.py:188} INFO - [2026-06-12T04:12:51.334+0000] {dag.py:3036} INFO - Sync 1 DAGs
[2026-06-12T04:12:51.359+0000] {logging_mixin.py:188} INFO - [2026-06-12T04:12:51.359+0000] {dag.py:3823} INFO - Setting next_dagrun for crime_analytics_pipeline to 2026-06-06 19:00:00+00:00, run_after=2026-06-13 19:00:00+00:00
[2026-06-12T04:12:51.379+0000] {processor.py:183} INFO - Processing /opt/airflow/dags/dag_crime_pipeline.py took 0.132 seconds
[2026-06-12T04:13:21.619+0000] {processor.py:161} INFO - Started process (PID=1669) to work on /opt/airflow/dags/dag_crime_pipeline.py
[2026-06-12T04:13:21.621+0000] {processor.py:830} INFO - Processing file /opt/airflow/dags/dag_crime_pipeline.py for tasks to queue
[2026-06-12T04:13:21.624+0000] {logging_mixin.py:188} INFO - [2026-06-12T04:13:21.624+0000] {dagbag.py:538} INFO - Filling up the DagBag from /opt/airflow/dags/dag_crime_pipeline.py
[2026-06-12T04:13:21.665+0000] {processor.py:840} INFO - DAG(s) 'crime_analytics_pipeline' retrieved from /opt/airflow/dags/dag_crime_pipeline.py
[2026-06-12T04:13:21.713+0000] {logging_mixin.py:188} INFO - [2026-06-12T04:13:21.712+0000] {dag.py:3036} INFO - Sync 1 DAGs
[2026-06-12T04:13:21.742+0000] {logging_mixin.py:188} INFO - [2026-06-12T04:13:21.741+0000] {dag.py:3823} INFO - Setting next_dagrun for crime_analytics_pipeline to 2026-06-06 19:00:00+00:00, run_after=2026-06-13 19:00:00+00:00
[2026-06-12T04:13:21.768+0000] {processor.py:183} INFO - Processing /opt/airflow/dags/dag_crime_pipeline.py took 0.153 seconds
[2026-06-12T04:13:51.892+0000] {processor.py:161} INFO - Started process (PID=1674) to work on /opt/airflow/dags/dag_crime_pipeline.py
[2026-06-12T04:13:51.893+0000] {processor.py:830} INFO - Processing file /opt/airflow/dags/dag_crime_pipeline.py for tasks to queue
[2026-06-12T04:13:51.895+0000] {logging_mixin.py:188} INFO - [2026-06-12T04:13:51.894+0000] {dagbag.py:538} INFO - Filling up the DagBag from /opt/airflow/dags/dag_crime_pipeline.py
[2026-06-12T04:13:51.939+0000] {processor.py:840} INFO - DAG(s) 'crime_analytics_pipeline' retrieved from /opt/airflow/dags/dag_crime_pipeline.py
[2026-06-12T04:13:51.974+0000] {logging_mixin.py:188} INFO - [2026-06-12T04:13:51.974+0000] {dag.py:3036} INFO - Sync 1 DAGs
[2026-06-12T04:13:51.999+0000] {logging_mixin.py:188} INFO - [2026-06-12T04:13:51.999+0000] {dag.py:3823} INFO - Setting next_dagrun for crime_analytics_pipeline to 2026-06-06 19:00:00+00:00, run_after=2026-06-13 19:00:00+00:00
[2026-06-12T04:13:52.020+0000] {processor.py:183} INFO - Processing /opt/airflow/dags/dag_crime_pipeline.py took 0.133 seconds
[2026-06-12T04:14:22.232+0000] {processor.py:161} INFO - Started process (PID=1679) to work on /opt/airflow/dags/dag_crime_pipeline.py
[2026-06-12T04:14:22.233+0000] {processor.py:830} INFO - Processing file /opt/airflow/dags/dag_crime_pipeline.py for tasks to queue
[2026-06-12T04:14:22.236+0000] {logging_mixin.py:188} INFO - [2026-06-12T04:14:22.235+0000] {dagbag.py:538} INFO - Filling up the DagBag from /opt/airflow/dags/dag_crime_pipeline.py
[2026-06-12T04:14:22.281+0000] {processor.py:840} INFO - DAG(s) 'crime_analytics_pipeline' retrieved from /opt/airflow/dags/dag_crime_pipeline.py
[2026-06-12T04:14:22.316+0000] {logging_mixin.py:188} INFO - [2026-06-12T04:14:22.315+0000] {dag.py:3036} INFO - Sync 1 DAGs
[2026-06-12T04:14:22.341+0000] {logging_mixin.py:188} INFO - [2026-06-12T04:14:22.341+0000] {dag.py:3823} INFO - Setting next_dagrun for crime_analytics_pipeline to 2026-06-06 19:00:00+00:00, run_after=2026-06-13 19:00:00+00:00
[2026-06-12T04:14:22.362+0000] {processor.py:183} INFO - Processing /opt/airflow/dags/dag_crime_pipeline.py took 0.134 seconds
[2026-06-12T04:14:52.555+0000] {processor.py:161} INFO - Started process (PID=1684) to work on /opt/airflow/dags/dag_crime_pipeline.py
[2026-06-12T04:14:52.556+0000] {processor.py:830} INFO - Processing file /opt/airflow/dags/dag_crime_pipeline.py for tasks to queue
[2026-06-12T04:14:52.559+0000] {logging_mixin.py:188} INFO - [2026-06-12T04:14:52.558+0000] {dagbag.py:538} INFO - Filling up the DagBag from /opt/airflow/dags/dag_crime_pipeline.py
[2026-06-12T04:14:52.600+0000] {processor.py:840} INFO - DAG(s) 'crime_analytics_pipeline' retrieved from /opt/airflow/dags/dag_crime_pipeline.py
[2026-06-12T04:14:52.633+0000] {logging_mixin.py:188} INFO - [2026-06-12T04:14:52.633+0000] {dag.py:3036} INFO - Sync 1 DAGs
[2026-06-12T04:14:52.657+0000] {logging_mixin.py:188} INFO - [2026-06-12T04:14:52.656+0000] {dag.py:3823} INFO - Setting next_dagrun for crime_analytics_pipeline to 2026-06-06 19:00:00+00:00, run_after=2026-06-13 19:00:00+00:00
[2026-06-12T04:14:52.676+0000] {processor.py:183} INFO - Processing /opt/airflow/dags/dag_crime_pipeline.py took 0.126 seconds
[2026-06-12T04:15:22.856+0000] {processor.py:161} INFO - Started process (PID=1689) to work on /opt/airflow/dags/dag_crime_pipeline.py
[2026-06-12T04:15:22.858+0000] {processor.py:830} INFO - Processing file /opt/airflow/dags/dag_crime_pipeline.py for tasks to queue
[2026-06-12T04:15:22.860+0000] {logging_mixin.py:188} INFO - [2026-06-12T04:15:22.860+0000] {dagbag.py:538} INFO - Filling up the DagBag from /opt/airflow/dags/dag_crime_pipeline.py
[2026-06-12T04:15:22.908+0000] {processor.py:840} INFO - DAG(s) 'crime_analytics_pipeline' retrieved from /opt/airflow/dags/dag_crime_pipeline.py
[2026-06-12T04:15:22.944+0000] {logging_mixin.py:188} INFO - [2026-06-12T04:15:22.944+0000] {dag.py:3036} INFO - Sync 1 DAGs
[2026-06-12T04:15:22.967+0000] {logging_mixin.py:188} INFO - [2026-06-12T04:15:22.967+0000] {dag.py:3823} INFO - Setting next_dagrun for crime_analytics_pipeline to 2026-06-06 19:00:00+00:00, run_after=2026-06-13 19:00:00+00:00
[2026-06-12T04:15:22.989+0000] {processor.py:183} INFO - Processing /opt/airflow/dags/dag_crime_pipeline.py took 0.136 seconds
[2026-06-12T04:15:53.218+0000] {processor.py:161} INFO - Started process (PID=1694) to work on /opt/airflow/dags/dag_crime_pipeline.py
[2026-06-12T04:15:53.219+0000] {processor.py:830} INFO - Processing file /opt/airflow/dags/dag_crime_pipeline.py for tasks to queue
[2026-06-12T04:15:53.222+0000] {logging_mixin.py:188} INFO - [2026-06-12T04:15:53.221+0000] {dagbag.py:538} INFO - Filling up the DagBag from /opt/airflow/dags/dag_crime_pipeline.py
[2026-06-12T04:15:53.264+0000] {processor.py:840} INFO - DAG(s) 'crime_analytics_pipeline' retrieved from /opt/airflow/dags/dag_crime_pipeline.py
[2026-06-12T04:15:53.299+0000] {logging_mixin.py:188} INFO - [2026-06-12T04:15:53.299+0000] {dag.py:3036} INFO - Sync 1 DAGs
[2026-06-12T04:15:53.324+0000] {logging_mixin.py:188} INFO - [2026-06-12T04:15:53.323+0000] {dag.py:3823} INFO - Setting next_dagrun for crime_analytics_pipeline to 2026-06-06 19:00:00+00:00, run_after=2026-06-13 19:00:00+00:00
[2026-06-12T04:15:53.346+0000] {processor.py:183} INFO - Processing /opt/airflow/dags/dag_crime_pipeline.py took 0.133 seconds
[2026-06-12T04:16:23.534+0000] {processor.py:161} INFO - Started process (PID=1699) to work on /opt/airflow/dags/dag_crime_pipeline.py
[2026-06-12T04:16:23.536+0000] {processor.py:830} INFO - Processing file /opt/airflow/dags/dag_crime_pipeline.py for tasks to queue
[2026-06-12T04:16:23.539+0000] {logging_mixin.py:188} INFO - [2026-06-12T04:16:23.538+0000] {dagbag.py:538} INFO - Filling up the DagBag from /opt/airflow/dags/dag_crime_pipeline.py
[2026-06-12T04:16:23.583+0000] {processor.py:840} INFO - DAG(s) 'crime_analytics_pipeline' retrieved from /opt/airflow/dags/dag_crime_pipeline.py
[2026-06-12T04:16:23.619+0000] {logging_mixin.py:188} INFO - [2026-06-12T04:16:23.619+0000] {dag.py:3036} INFO - Sync 1 DAGs
[2026-06-12T04:16:23.646+0000] {logging_mixin.py:188} INFO - [2026-06-12T04:16:23.646+0000] {dag.py:3823} INFO - Setting next_dagrun for crime_analytics_pipeline to 2026-06-06 19:00:00+00:00, run_after=2026-06-13 19:00:00+00:00
[2026-06-12T04:16:23.666+0000] {processor.py:183} INFO - Processing /opt/airflow/dags/dag_crime_pipeline.py took 0.136 seconds
[2026-06-12T04:16:53.872+0000] {processor.py:161} INFO - Started process (PID=1704) to work on /opt/airflow/dags/dag_crime_pipeline.py
[2026-06-12T04:16:53.873+0000] {processor.py:830} INFO - Processing file /opt/airflow/dags/dag_crime_pipeline.py for tasks to queue
[2026-06-12T04:16:53.877+0000] {logging_mixin.py:188} INFO - [2026-06-12T04:16:53.876+0000] {dagbag.py:538} INFO - Filling up the DagBag from /opt/airflow/dags/dag_crime_pipeline.py
[2026-06-12T04:16:53.920+0000] {processor.py:840} INFO - DAG(s) 'crime_analytics_pipeline' retrieved from /opt/airflow/dags/dag_crime_pipeline.py
[2026-06-12T04:16:53.954+0000] {logging_mixin.py:188} INFO - [2026-06-12T04:16:53.954+0000] {dag.py:3036} INFO - Sync 1 DAGs
[2026-06-12T04:16:53.977+0000] {logging_mixin.py:188} INFO - [2026-06-12T04:16:53.977+0000] {dag.py:3823} INFO - Setting next_dagrun for crime_analytics_pipeline to 2026-06-06 19:00:00+00:00, run_after=2026-06-13 19:00:00+00:00
[2026-06-12T04:16:53.999+0000] {processor.py:183} INFO - Processing /opt/airflow/dags/dag_crime_pipeline.py took 0.131 seconds
[2026-06-12T04:17:24.209+0000] {processor.py:161} INFO - Started process (PID=1709) to work on /opt/airflow/dags/dag_crime_pipeline.py
[2026-06-12T04:17:24.210+0000] {processor.py:830} INFO - Processing file /opt/airflow/dags/dag_crime_pipeline.py for tasks to queue
[2026-06-12T04:17:24.213+0000] {logging_mixin.py:188} INFO - [2026-06-12T04:17:24.213+0000] {dagbag.py:538} INFO - Filling up the DagBag from /opt/airflow/dags/dag_crime_pipeline.py
[2026-06-12T04:17:24.258+0000] {processor.py:840} INFO - DAG(s) 'crime_analytics_pipeline' retrieved from /opt/airflow/dags/dag_crime_pipeline.py
[2026-06-12T04:17:24.293+0000] {logging_mixin.py:188} INFO - [2026-06-12T04:17:24.292+0000] {dag.py:3036} INFO - Sync 1 DAGs
[2026-06-12T04:17:24.316+0000] {logging_mixin.py:188} INFO - [2026-06-12T04:17:24.316+0000] {dag.py:3823} INFO - Setting next_dagrun for crime_analytics_pipeline to 2026-06-06 19:00:00+00:00, run_after=2026-06-13 19:00:00+00:00
[2026-06-12T04:17:24.336+0000] {processor.py:183} INFO - Processing /opt/airflow/dags/dag_crime_pipeline.py took 0.131 seconds
[2026-06-12T04:17:54.496+0000] {processor.py:161} INFO - Started process (PID=1714) to work on /opt/airflow/dags/dag_crime_pipeline.py
[2026-06-12T04:17:54.498+0000] {processor.py:830} INFO - Processing file /opt/airflow/dags/dag_crime_pipeline.py for tasks to queue
[2026-06-12T04:17:54.500+0000] {logging_mixin.py:188} INFO - [2026-06-12T04:17:54.500+0000] {dagbag.py:538} INFO - Filling up the DagBag from /opt/airflow/dags/dag_crime_pipeline.py
[2026-06-12T04:17:54.544+0000] {processor.py:840} INFO - DAG(s) 'crime_analytics_pipeline' retrieved from /opt/airflow/dags/dag_crime_pipeline.py
[2026-06-12T04:17:54.578+0000] {logging_mixin.py:188} INFO - [2026-06-12T04:17:54.578+0000] {dag.py:3036} INFO - Sync 1 DAGs
[2026-06-12T04:17:54.602+0000] {logging_mixin.py:188} INFO - [2026-06-12T04:17:54.601+0000] {dag.py:3823} INFO - Setting next_dagrun for crime_analytics_pipeline to 2026-06-06 19:00:00+00:00, run_after=2026-06-13 19:00:00+00:00
[2026-06-12T04:17:54.641+0000] {processor.py:183} INFO - Processing /opt/airflow/dags/dag_crime_pipeline.py took 0.149 seconds
[2026-06-12T04:18:24.823+0000] {processor.py:161} INFO - Started process (PID=1719) to work on /opt/airflow/dags/dag_crime_pipeline.py
[2026-06-12T04:18:24.826+0000] {processor.py:830} INFO - Processing file /opt/airflow/dags/dag_crime_pipeline.py for tasks to queue
[2026-06-12T04:18:24.830+0000] {logging_mixin.py:188} INFO - [2026-06-12T04:18:24.829+0000] {dagbag.py:538} INFO - Filling up the DagBag from /opt/airflow/dags/dag_crime_pipeline.py
[2026-06-12T04:18:24.877+0000] {processor.py:840} INFO - DAG(s) 'crime_analytics_pipeline' retrieved from /opt/airflow/dags/dag_crime_pipeline.py
[2026-06-12T04:18:24.937+0000] {logging_mixin.py:188} INFO - [2026-06-12T04:18:24.936+0000] {dag.py:3036} INFO - Sync 1 DAGs
[2026-06-12T04:18:24.981+0000] {logging_mixin.py:188} INFO - [2026-06-12T04:18:24.981+0000] {dag.py:3823} INFO - Setting next_dagrun for crime_analytics_pipeline to 2026-06-06 19:00:00+00:00, run_after=2026-06-13 19:00:00+00:00
[2026-06-12T04:18:25.013+0000] {processor.py:183} INFO - Processing /opt/airflow/dags/dag_crime_pipeline.py took 0.194 seconds
[2026-06-12T04:18:55.852+0000] {processor.py:161} INFO - Started process (PID=1724) to work on /opt/airflow/dags/dag_crime_pipeline.py
[2026-06-12T04:18:55.854+0000] {processor.py:830} INFO - Processing file /opt/airflow/dags/dag_crime_pipeline.py for tasks to queue
[2026-06-12T04:18:55.858+0000] {logging_mixin.py:188} INFO - [2026-06-12T04:18:55.857+0000] {dagbag.py:538} INFO - Filling up the DagBag from /opt/airflow/dags/dag_crime_pipeline.py
[2026-06-12T04:18:55.909+0000] {processor.py:840} INFO - DAG(s) 'crime_analytics_pipeline' retrieved from /opt/airflow/dags/dag_crime_pipeline.py
[2026-06-12T04:18:55.954+0000] {logging_mixin.py:188} INFO - [2026-06-12T04:18:55.953+0000] {dag.py:3036} INFO - Sync 1 DAGs
[2026-06-12T04:18:55.989+0000] {logging_mixin.py:188} INFO - [2026-06-12T04:18:55.989+0000] {dag.py:3823} INFO - Setting next_dagrun for crime_analytics_pipeline to 2026-06-06 19:00:00+00:00, run_after=2026-06-13 19:00:00+00:00
[2026-06-12T04:18:56.019+0000] {processor.py:183} INFO - Processing /opt/airflow/dags/dag_crime_pipeline.py took 0.172 seconds
[2026-06-12T04:19:26.759+0000] {processor.py:161} INFO - Started process (PID=1729) to work on /opt/airflow/dags/dag_crime_pipeline.py
[2026-06-12T04:19:26.760+0000] {processor.py:830} INFO - Processing file /opt/airflow/dags/dag_crime_pipeline.py for tasks to queue
[2026-06-12T04:19:26.762+0000] {logging_mixin.py:188} INFO - [2026-06-12T04:19:26.762+0000] {dagbag.py:538} INFO - Filling up the DagBag from /opt/airflow/dags/dag_crime_pipeline.py
[2026-06-12T04:19:26.804+0000] {processor.py:840} INFO - DAG(s) 'crime_analytics_pipeline' retrieved from /opt/airflow/dags/dag_crime_pipeline.py
[2026-06-12T04:19:26.840+0000] {logging_mixin.py:188} INFO - [2026-06-12T04:19:26.839+0000] {dag.py:3036} INFO - Sync 1 DAGs
[2026-06-12T04:19:26.869+0000] {logging_mixin.py:188} INFO - [2026-06-12T04:19:26.868+0000] {dag.py:3823} INFO - Setting next_dagrun for crime_analytics_pipeline to 2026-06-06 19:00:00+00:00, run_after=2026-06-13 19:00:00+00:00
[2026-06-12T04:19:26.914+0000] {processor.py:183} INFO - Processing /opt/airflow/dags/dag_crime_pipeline.py took 0.159 seconds
[2026-06-12T04:19:57.103+0000] {processor.py:161} INFO - Started process (PID=1734) to work on /opt/airflow/dags/dag_crime_pipeline.py
[2026-06-12T04:19:57.104+0000] {processor.py:830} INFO - Processing file /opt/airflow/dags/dag_crime_pipeline.py for tasks to queue
[2026-06-12T04:19:57.107+0000] {logging_mixin.py:188} INFO - [2026-06-12T04:19:57.106+0000] {dagbag.py:538} INFO - Filling up the DagBag from /opt/airflow/dags/dag_crime_pipeline.py
[2026-06-12T04:19:57.154+0000] {processor.py:840} INFO - DAG(s) 'crime_analytics_pipeline' retrieved from /opt/airflow/dags/dag_crime_pipeline.py
[2026-06-12T04:19:57.192+0000] {logging_mixin.py:188} INFO - [2026-06-12T04:19:57.191+0000] {dag.py:3036} INFO - Sync 1 DAGs
[2026-06-12T04:19:57.216+0000] {logging_mixin.py:188} INFO - [2026-06-12T04:19:57.215+0000] {dag.py:3823} INFO - Setting next_dagrun for crime_analytics_pipeline to 2026-06-06 19:00:00+00:00, run_after=2026-06-13 19:00:00+00:00
[2026-06-12T04:19:57.235+0000] {processor.py:183} INFO - Processing /opt/airflow/dags/dag_crime_pipeline.py took 0.136 seconds
[2026-06-12T04:20:27.356+0000] {processor.py:161} INFO - Started process (PID=1739) to work on /opt/airflow/dags/dag_crime_pipeline.py
[2026-06-12T04:20:27.358+0000] {processor.py:830} INFO - Processing file /opt/airflow/dags/dag_crime_pipeline.py for tasks to queue
[2026-06-12T04:20:27.361+0000] {logging_mixin.py:188} INFO - [2026-06-12T04:20:27.361+0000] {dagbag.py:538} INFO - Filling up the DagBag from /opt/airflow/dags/dag_crime_pipeline.py
[2026-06-12T04:20:27.406+0000] {processor.py:840} INFO - DAG(s) 'crime_analytics_pipeline' retrieved from /opt/airflow/dags/dag_crime_pipeline.py
[2026-06-12T04:20:27.441+0000] {logging_mixin.py:188} INFO - [2026-06-12T04:20:27.441+0000] {dag.py:3036} INFO - Sync 1 DAGs
[2026-06-12T04:20:27.466+0000] {logging_mixin.py:188} INFO - [2026-06-12T04:20:27.466+0000] {dag.py:3823} INFO - Setting next_dagrun for crime_analytics_pipeline to 2026-06-06 19:00:00+00:00, run_after=2026-06-13 19:00:00+00:00
[2026-06-12T04:20:27.487+0000] {processor.py:183} INFO - Processing /opt/airflow/dags/dag_crime_pipeline.py took 0.135 seconds
[2026-06-12T04:20:57.703+0000] {processor.py:161} INFO - Started process (PID=1744) to work on /opt/airflow/dags/dag_crime_pipeline.py
[2026-06-12T04:20:57.704+0000] {processor.py:830} INFO - Processing file /opt/airflow/dags/dag_crime_pipeline.py for tasks to queue
[2026-06-12T04:20:57.708+0000] {logging_mixin.py:188} INFO - [2026-06-12T04:20:57.707+0000] {dagbag.py:538} INFO - Filling up the DagBag from /opt/airflow/dags/dag_crime_pipeline.py
[2026-06-12T04:20:57.751+0000] {processor.py:840} INFO - DAG(s) 'crime_analytics_pipeline' retrieved from /opt/airflow/dags/dag_crime_pipeline.py
[2026-06-12T04:20:57.788+0000] {logging_mixin.py:188} INFO - [2026-06-12T04:20:57.788+0000] {dag.py:3036} INFO - Sync 1 DAGs
[2026-06-12T04:20:57.812+0000] {logging_mixin.py:188} INFO - [2026-06-12T04:20:57.812+0000] {dag.py:3823} INFO - Setting next_dagrun for crime_analytics_pipeline to 2026-06-06 19:00:00+00:00, run_after=2026-06-13 19:00:00+00:00
[2026-06-12T04:20:57.856+0000] {processor.py:183} INFO - Processing /opt/airflow/dags/dag_crime_pipeline.py took 0.155 seconds
[2026-06-12T04:21:27.953+0000] {processor.py:161} INFO - Started process (PID=1749) to work on /opt/airflow/dags/dag_crime_pipeline.py
[2026-06-12T04:21:27.955+0000] {processor.py:830} INFO - Processing file /opt/airflow/dags/dag_crime_pipeline.py for tasks to queue
[2026-06-12T04:21:27.957+0000] {logging_mixin.py:188} INFO - [2026-06-12T04:21:27.956+0000] {dagbag.py:538} INFO - Filling up the DagBag from /opt/airflow/dags/dag_crime_pipeline.py
[2026-06-12T04:21:28.002+0000] {processor.py:840} INFO - DAG(s) 'crime_analytics_pipeline' retrieved from /opt/airflow/dags/dag_crime_pipeline.py
[2026-06-12T04:21:28.045+0000] {logging_mixin.py:188} INFO - [2026-06-12T04:21:28.045+0000] {dag.py:3036} INFO - Sync 1 DAGs
[2026-06-12T04:21:28.070+0000] {logging_mixin.py:188} INFO - [2026-06-12T04:21:28.070+0000] {dag.py:3823} INFO - Setting next_dagrun for crime_analytics_pipeline to 2026-06-06 19:00:00+00:00, run_after=2026-06-13 19:00:00+00:00
[2026-06-12T04:21:28.114+0000] {processor.py:183} INFO - Processing /opt/airflow/dags/dag_crime_pipeline.py took 0.164 seconds
[2026-06-12T04:21:58.384+0000] {processor.py:161} INFO - Started process (PID=1754) to work on /opt/airflow/dags/dag_crime_pipeline.py
[2026-06-12T04:21:58.385+0000] {processor.py:830} INFO - Processing file /opt/airflow/dags/dag_crime_pipeline.py for tasks to queue
[2026-06-12T04:21:58.388+0000] {logging_mixin.py:188} INFO - [2026-06-12T04:21:58.388+0000] {dagbag.py:538} INFO - Filling up the DagBag from /opt/airflow/dags/dag_crime_pipeline.py
[2026-06-12T04:21:58.429+0000] {processor.py:840} INFO - DAG(s) 'crime_analytics_pipeline' retrieved from /opt/airflow/dags/dag_crime_pipeline.py
[2026-06-12T04:21:58.468+0000] {logging_mixin.py:188} INFO - [2026-06-12T04:21:58.467+0000] {dag.py:3036} INFO - Sync 1 DAGs
[2026-06-12T04:21:58.491+0000] {logging_mixin.py:188} INFO - [2026-06-12T04:21:58.491+0000] {dag.py:3823} INFO - Setting next_dagrun for crime_analytics_pipeline to 2026-06-06 19:00:00+00:00, run_after=2026-06-13 19:00:00+00:00
[2026-06-12T04:21:58.529+0000] {processor.py:183} INFO - Processing /opt/airflow/dags/dag_crime_pipeline.py took 0.149 seconds
[2026-06-12T04:22:28.645+0000] {processor.py:161} INFO - Started process (PID=1759) to work on /opt/airflow/dags/dag_crime_pipeline.py
[2026-06-12T04:22:28.646+0000] {processor.py:830} INFO - Processing file /opt/airflow/dags/dag_crime_pipeline.py for tasks to queue
[2026-06-12T04:22:28.649+0000] {logging_mixin.py:188} INFO - [2026-06-12T04:22:28.649+0000] {dagbag.py:538} INFO - Filling up the DagBag from /opt/airflow/dags/dag_crime_pipeline.py
[2026-06-12T04:22:28.691+0000] {processor.py:840} INFO - DAG(s) 'crime_analytics_pipeline' retrieved from /opt/airflow/dags/dag_crime_pipeline.py
[2026-06-12T04:22:28.727+0000] {logging_mixin.py:188} INFO - [2026-06-12T04:22:28.726+0000] {dag.py:3036} INFO - Sync 1 DAGs
[2026-06-12T04:22:28.752+0000] {logging_mixin.py:188} INFO - [2026-06-12T04:22:28.751+0000] {dag.py:3823} INFO - Setting next_dagrun for crime_analytics_pipeline to 2026-06-06 19:00:00+00:00, run_after=2026-06-13 19:00:00+00:00
[2026-06-12T04:22:28.792+0000] {processor.py:183} INFO - Processing /opt/airflow/dags/dag_crime_pipeline.py took 0.151 seconds
[2026-06-12T04:22:59.115+0000] {processor.py:161} INFO - Started process (PID=1764) to work on /opt/airflow/dags/dag_crime_pipeline.py
[2026-06-12T04:22:59.116+0000] {processor.py:830} INFO - Processing file /opt/airflow/dags/dag_crime_pipeline.py for tasks to queue
[2026-06-12T04:22:59.119+0000] {logging_mixin.py:188} INFO - [2026-06-12T04:22:59.119+0000] {dagbag.py:538} INFO - Filling up the DagBag from /opt/airflow/dags/dag_crime_pipeline.py
[2026-06-12T04:22:59.163+0000] {processor.py:840} INFO - DAG(s) 'crime_analytics_pipeline' retrieved from /opt/airflow/dags/dag_crime_pipeline.py
[2026-06-12T04:22:59.197+0000] {logging_mixin.py:188} INFO - [2026-06-12T04:22:59.197+0000] {dag.py:3036} INFO - Sync 1 DAGs
[2026-06-12T04:22:59.220+0000] {logging_mixin.py:188} INFO - [2026-06-12T04:22:59.220+0000] {dag.py:3823} INFO - Setting next_dagrun for crime_analytics_pipeline to 2026-06-06 19:00:00+00:00, run_after=2026-06-13 19:00:00+00:00
[2026-06-12T04:22:59.241+0000] {processor.py:183} INFO - Processing /opt/airflow/dags/dag_crime_pipeline.py took 0.129 seconds
[2026-06-12T04:23:29.429+0000] {processor.py:161} INFO - Started process (PID=1769) to work on /opt/airflow/dags/dag_crime_pipeline.py
[2026-06-12T04:23:29.431+0000] {processor.py:830} INFO - Processing file /opt/airflow/dags/dag_crime_pipeline.py for tasks to queue
[2026-06-12T04:23:29.434+0000] {logging_mixin.py:188} INFO - [2026-06-12T04:23:29.434+0000] {dagbag.py:538} INFO - Filling up the DagBag from /opt/airflow/dags/dag_crime_pipeline.py
[2026-06-12T04:23:29.478+0000] {processor.py:840} INFO - DAG(s) 'crime_analytics_pipeline' retrieved from /opt/airflow/dags/dag_crime_pipeline.py
[2026-06-12T04:23:29.514+0000] {logging_mixin.py:188} INFO - [2026-06-12T04:23:29.514+0000] {dag.py:3036} INFO - Sync 1 DAGs
[2026-06-12T04:23:29.537+0000] {logging_mixin.py:188} INFO - [2026-06-12T04:23:29.537+0000] {dag.py:3823} INFO - Setting next_dagrun for crime_analytics_pipeline to 2026-06-06 19:00:00+00:00, run_after=2026-06-13 19:00:00+00:00
[2026-06-12T04:23:29.577+0000] {processor.py:183} INFO - Processing /opt/airflow/dags/dag_crime_pipeline.py took 0.151 seconds
[2026-06-12T04:23:59.888+0000] {processor.py:161} INFO - Started process (PID=1774) to work on /opt/airflow/dags/dag_crime_pipeline.py
[2026-06-12T04:23:59.889+0000] {processor.py:830} INFO - Processing file /opt/airflow/dags/dag_crime_pipeline.py for tasks to queue
[2026-06-12T04:23:59.891+0000] {logging_mixin.py:188} INFO - [2026-06-12T04:23:59.891+0000] {dagbag.py:538} INFO - Filling up the DagBag from /opt/airflow/dags/dag_crime_pipeline.py
[2026-06-12T04:23:59.935+0000] {processor.py:840} INFO - DAG(s) 'crime_analytics_pipeline' retrieved from /opt/airflow/dags/dag_crime_pipeline.py
[2026-06-12T04:23:59.969+0000] {logging_mixin.py:188} INFO - [2026-06-12T04:23:59.968+0000] {dag.py:3036} INFO - Sync 1 DAGs
[2026-06-12T04:23:59.998+0000] {logging_mixin.py:188} INFO - [2026-06-12T04:23:59.998+0000] {dag.py:3823} INFO - Setting next_dagrun for crime_analytics_pipeline to 2026-06-06 19:00:00+00:00, run_after=2026-06-13 19:00:00+00:00
[2026-06-12T04:24:00.036+0000] {processor.py:183} INFO - Processing /opt/airflow/dags/dag_crime_pipeline.py took 0.152 seconds
[2026-06-12T04:24:30.258+0000] {processor.py:161} INFO - Started process (PID=1779) to work on /opt/airflow/dags/dag_crime_pipeline.py
[2026-06-12T04:24:30.259+0000] {processor.py:830} INFO - Processing file /opt/airflow/dags/dag_crime_pipeline.py for tasks to queue
[2026-06-12T04:24:30.262+0000] {logging_mixin.py:188} INFO - [2026-06-12T04:24:30.261+0000] {dagbag.py:538} INFO - Filling up the DagBag from /opt/airflow/dags/dag_crime_pipeline.py
[2026-06-12T04:24:30.301+0000] {processor.py:840} INFO - DAG(s) 'crime_analytics_pipeline' retrieved from /opt/airflow/dags/dag_crime_pipeline.py
[2026-06-12T04:24:30.335+0000] {logging_mixin.py:188} INFO - [2026-06-12T04:24:30.335+0000] {dag.py:3036} INFO - Sync 1 DAGs
[2026-06-12T04:24:30.362+0000] {logging_mixin.py:188} INFO - [2026-06-12T04:24:30.362+0000] {dag.py:3823} INFO - Setting next_dagrun for crime_analytics_pipeline to 2026-06-06 19:00:00+00:00, run_after=2026-06-13 19:00:00+00:00
[2026-06-12T04:24:30.402+0000] {processor.py:183} INFO - Processing /opt/airflow/dags/dag_crime_pipeline.py took 0.149 seconds
[2026-06-12T04:25:00.660+0000] {processor.py:161} INFO - Started process (PID=1784) to work on /opt/airflow/dags/dag_crime_pipeline.py
[2026-06-12T04:25:00.661+0000] {processor.py:830} INFO - Processing file /opt/airflow/dags/dag_crime_pipeline.py for tasks to queue
[2026-06-12T04:25:00.664+0000] {logging_mixin.py:188} INFO - [2026-06-12T04:25:00.664+0000] {dagbag.py:538} INFO - Filling up the DagBag from /opt/airflow/dags/dag_crime_pipeline.py
[2026-06-12T04:25:00.706+0000] {processor.py:840} INFO - DAG(s) 'crime_analytics_pipeline' retrieved from /opt/airflow/dags/dag_crime_pipeline.py
[2026-06-12T04:25:00.743+0000] {logging_mixin.py:188} INFO - [2026-06-12T04:25:00.743+0000] {dag.py:3036} INFO - Sync 1 DAGs
[2026-06-12T04:25:00.771+0000] {logging_mixin.py:188} INFO - [2026-06-12T04:25:00.771+0000] {dag.py:3823} INFO - Setting next_dagrun for crime_analytics_pipeline to 2026-06-06 19:00:00+00:00, run_after=2026-06-13 19:00:00+00:00
[2026-06-12T04:25:00.815+0000] {processor.py:183} INFO - Processing /opt/airflow/dags/dag_crime_pipeline.py took 0.159 seconds
[2026-06-12T04:25:31.000+0000] {processor.py:161} INFO - Started process (PID=1789) to work on /opt/airflow/dags/dag_crime_pipeline.py
[2026-06-12T04:25:31.001+0000] {processor.py:830} INFO - Processing file /opt/airflow/dags/dag_crime_pipeline.py for tasks to queue
[2026-06-12T04:25:31.005+0000] {logging_mixin.py:188} INFO - [2026-06-12T04:25:31.004+0000] {dagbag.py:538} INFO - Filling up the DagBag from /opt/airflow/dags/dag_crime_pipeline.py
[2026-06-12T04:25:31.050+0000] {processor.py:840} INFO - DAG(s) 'crime_analytics_pipeline' retrieved from /opt/airflow/dags/dag_crime_pipeline.py
[2026-06-12T04:25:31.085+0000] {logging_mixin.py:188} INFO - [2026-06-12T04:25:31.085+0000] {dag.py:3036} INFO - Sync 1 DAGs
[2026-06-12T04:25:31.108+0000] {logging_mixin.py:188} INFO - [2026-06-12T04:25:31.108+0000] {dag.py:3823} INFO - Setting next_dagrun for crime_analytics_pipeline to 2026-06-06 19:00:00+00:00, run_after=2026-06-13 19:00:00+00:00
[2026-06-12T04:25:31.148+0000] {processor.py:183} INFO - Processing /opt/airflow/dags/dag_crime_pipeline.py took 0.152 seconds
[2026-06-12T04:26:01.430+0000] {processor.py:161} INFO - Started process (PID=1794) to work on /opt/airflow/dags/dag_crime_pipeline.py
[2026-06-12T04:26:01.431+0000] {processor.py:830} INFO - Processing file /opt/airflow/dags/dag_crime_pipeline.py for tasks to queue
[2026-06-12T04:26:01.434+0000] {logging_mixin.py:188} INFO - [2026-06-12T04:26:01.433+0000] {dagbag.py:538} INFO - Filling up the DagBag from /opt/airflow/dags/dag_crime_pipeline.py
[2026-06-12T04:26:01.478+0000] {processor.py:840} INFO - DAG(s) 'crime_analytics_pipeline' retrieved from /opt/airflow/dags/dag_crime_pipeline.py
[2026-06-12T04:26:01.515+0000] {logging_mixin.py:188} INFO - [2026-06-12T04:26:01.514+0000] {dag.py:3036} INFO - Sync 1 DAGs
[2026-06-12T04:26:01.543+0000] {logging_mixin.py:188} INFO - [2026-06-12T04:26:01.542+0000] {dag.py:3823} INFO - Setting next_dagrun for crime_analytics_pipeline to 2026-06-06 19:00:00+00:00, run_after=2026-06-13 19:00:00+00:00
[2026-06-12T04:26:01.581+0000] {processor.py:183} INFO - Processing /opt/airflow/dags/dag_crime_pipeline.py took 0.155 seconds
[2026-06-12T04:26:31.698+0000] {processor.py:161} INFO - Started process (PID=1799) to work on /opt/airflow/dags/dag_crime_pipeline.py
[2026-06-12T04:26:31.699+0000] {processor.py:830} INFO - Processing file /opt/airflow/dags/dag_crime_pipeline.py for tasks to queue
[2026-06-12T04:26:31.701+0000] {logging_mixin.py:188} INFO - [2026-06-12T04:26:31.701+0000] {dagbag.py:538} INFO - Filling up the DagBag from /opt/airflow/dags/dag_crime_pipeline.py
[2026-06-12T04:26:31.742+0000] {processor.py:840} INFO - DAG(s) 'crime_analytics_pipeline' retrieved from /opt/airflow/dags/dag_crime_pipeline.py
[2026-06-12T04:26:31.776+0000] {logging_mixin.py:188} INFO - [2026-06-12T04:26:31.776+0000] {dag.py:3036} INFO - Sync 1 DAGs
[2026-06-12T04:26:31.802+0000] {logging_mixin.py:188} INFO - [2026-06-12T04:26:31.802+0000] {dag.py:3823} INFO - Setting next_dagrun for crime_analytics_pipeline to 2026-06-06 19:00:00+00:00, run_after=2026-06-13 19:00:00+00:00
[2026-06-12T04:26:31.823+0000] {processor.py:183} INFO - Processing /opt/airflow/dags/dag_crime_pipeline.py took 0.129 seconds
[2026-06-12T04:27:02.098+0000] {processor.py:161} INFO - Started process (PID=1804) to work on /opt/airflow/dags/dag_crime_pipeline.py
[2026-06-12T04:27:02.100+0000] {processor.py:830} INFO - Processing file /opt/airflow/dags/dag_crime_pipeline.py for tasks to queue
[2026-06-12T04:27:02.103+0000] {logging_mixin.py:188} INFO - [2026-06-12T04:27:02.102+0000] {dagbag.py:538} INFO - Filling up the DagBag from /opt/airflow/dags/dag_crime_pipeline.py
[2026-06-12T04:27:02.149+0000] {processor.py:840} INFO - DAG(s) 'crime_analytics_pipeline' retrieved from /opt/airflow/dags/dag_crime_pipeline.py
[2026-06-12T04:27:02.184+0000] {logging_mixin.py:188} INFO - [2026-06-12T04:27:02.183+0000] {dag.py:3036} INFO - Sync 1 DAGs
[2026-06-12T04:27:02.207+0000] {logging_mixin.py:188} INFO - [2026-06-12T04:27:02.207+0000] {dag.py:3823} INFO - Setting next_dagrun for crime_analytics_pipeline to 2026-06-06 19:00:00+00:00, run_after=2026-06-13 19:00:00+00:00
[2026-06-12T04:27:02.246+0000] {processor.py:183} INFO - Processing /opt/airflow/dags/dag_crime_pipeline.py took 0.151 seconds
[2026-06-12T04:27:32.362+0000] {processor.py:161} INFO - Started process (PID=1809) to work on /opt/airflow/dags/dag_crime_pipeline.py
[2026-06-12T04:27:32.364+0000] {processor.py:830} INFO - Processing file /opt/airflow/dags/dag_crime_pipeline.py for tasks to queue
[2026-06-12T04:27:32.366+0000] {logging_mixin.py:188} INFO - [2026-06-12T04:27:32.366+0000] {dagbag.py:538} INFO - Filling up the DagBag from /opt/airflow/dags/dag_crime_pipeline.py
[2026-06-12T04:27:32.408+0000] {processor.py:840} INFO - DAG(s) 'crime_analytics_pipeline' retrieved from /opt/airflow/dags/dag_crime_pipeline.py
[2026-06-12T04:27:32.446+0000] {logging_mixin.py:188} INFO - [2026-06-12T04:27:32.446+0000] {dag.py:3036} INFO - Sync 1 DAGs
[2026-06-12T04:27:32.470+0000] {logging_mixin.py:188} INFO - [2026-06-12T04:27:32.470+0000] {dag.py:3823} INFO - Setting next_dagrun for crime_analytics_pipeline to 2026-06-06 19:00:00+00:00, run_after=2026-06-13 19:00:00+00:00
[2026-06-12T04:27:32.509+0000] {processor.py:183} INFO - Processing /opt/airflow/dags/dag_crime_pipeline.py took 0.152 seconds
[2026-06-12T04:28:02.769+0000] {processor.py:161} INFO - Started process (PID=1814) to work on /opt/airflow/dags/dag_crime_pipeline.py
[2026-06-12T04:28:02.771+0000] {processor.py:830} INFO - Processing file /opt/airflow/dags/dag_crime_pipeline.py for tasks to queue
[2026-06-12T04:28:02.774+0000] {logging_mixin.py:188} INFO - [2026-06-12T04:28:02.773+0000] {dagbag.py:538} INFO - Filling up the DagBag from /opt/airflow/dags/dag_crime_pipeline.py
[2026-06-12T04:28:02.817+0000] {processor.py:840} INFO - DAG(s) 'crime_analytics_pipeline' retrieved from /opt/airflow/dags/dag_crime_pipeline.py
[2026-06-12T04:28:02.851+0000] {logging_mixin.py:188} INFO - [2026-06-12T04:28:02.850+0000] {dag.py:3036} INFO - Sync 1 DAGs
[2026-06-12T04:28:02.874+0000] {logging_mixin.py:188} INFO - [2026-06-12T04:28:02.874+0000] {dag.py:3823} INFO - Setting next_dagrun for crime_analytics_pipeline to 2026-06-06 19:00:00+00:00, run_after=2026-06-13 19:00:00+00:00
[2026-06-12T04:28:02.912+0000] {processor.py:183} INFO - Processing /opt/airflow/dags/dag_crime_pipeline.py took 0.148 seconds
[2026-06-12T04:28:33.087+0000] {processor.py:161} INFO - Started process (PID=1819) to work on /opt/airflow/dags/dag_crime_pipeline.py
[2026-06-12T04:28:33.089+0000] {processor.py:830} INFO - Processing file /opt/airflow/dags/dag_crime_pipeline.py for tasks to queue
[2026-06-12T04:28:33.092+0000] {logging_mixin.py:188} INFO - [2026-06-12T04:28:33.091+0000] {dagbag.py:538} INFO - Filling up the DagBag from /opt/airflow/dags/dag_crime_pipeline.py
[2026-06-12T04:28:33.133+0000] {processor.py:840} INFO - DAG(s) 'crime_analytics_pipeline' retrieved from /opt/airflow/dags/dag_crime_pipeline.py
[2026-06-12T04:28:33.169+0000] {logging_mixin.py:188} INFO - [2026-06-12T04:28:33.168+0000] {dag.py:3036} INFO - Sync 1 DAGs
[2026-06-12T04:28:33.192+0000] {logging_mixin.py:188} INFO - [2026-06-12T04:28:33.192+0000] {dag.py:3823} INFO - Setting next_dagrun for crime_analytics_pipeline to 2026-06-06 19:00:00+00:00, run_after=2026-06-13 19:00:00+00:00
[2026-06-12T04:28:33.212+0000] {processor.py:183} INFO - Processing /opt/airflow/dags/dag_crime_pipeline.py took 0.129 seconds
[2026-06-12T04:29:03.484+0000] {processor.py:161} INFO - Started process (PID=1824) to work on /opt/airflow/dags/dag_crime_pipeline.py
[2026-06-12T04:29:03.486+0000] {processor.py:830} INFO - Processing file /opt/airflow/dags/dag_crime_pipeline.py for tasks to queue
[2026-06-12T04:29:03.488+0000] {logging_mixin.py:188} INFO - [2026-06-12T04:29:03.488+0000] {dagbag.py:538} INFO - Filling up the DagBag from /opt/airflow/dags/dag_crime_pipeline.py
[2026-06-12T04:29:03.529+0000] {processor.py:840} INFO - DAG(s) 'crime_analytics_pipeline' retrieved from /opt/airflow/dags/dag_crime_pipeline.py
[2026-06-12T04:29:03.562+0000] {logging_mixin.py:188} INFO - [2026-06-12T04:29:03.561+0000] {dag.py:3036} INFO - Sync 1 DAGs
[2026-06-12T04:29:03.586+0000] {logging_mixin.py:188} INFO - [2026-06-12T04:29:03.585+0000] {dag.py:3823} INFO - Setting next_dagrun for crime_analytics_pipeline to 2026-06-06 19:00:00+00:00, run_after=2026-06-13 19:00:00+00:00
[2026-06-12T04:29:03.606+0000] {processor.py:183} INFO - Processing /opt/airflow/dags/dag_crime_pipeline.py took 0.125 seconds
[2026-06-12T04:29:33.772+0000] {processor.py:161} INFO - Started process (PID=1829) to work on /opt/airflow/dags/dag_crime_pipeline.py
[2026-06-12T04:29:33.773+0000] {processor.py:830} INFO - Processing file /opt/airflow/dags/dag_crime_pipeline.py for tasks to queue
[2026-06-12T04:29:33.776+0000] {logging_mixin.py:188} INFO - [2026-06-12T04:29:33.776+0000] {dagbag.py:538} INFO - Filling up the DagBag from /opt/airflow/dags/dag_crime_pipeline.py
[2026-06-12T04:29:33.815+0000] {processor.py:840} INFO - DAG(s) 'crime_analytics_pipeline' retrieved from /opt/airflow/dags/dag_crime_pipeline.py
[2026-06-12T04:29:33.850+0000] {logging_mixin.py:188} INFO - [2026-06-12T04:29:33.849+0000] {dag.py:3036} INFO - Sync 1 DAGs
[2026-06-12T04:29:33.874+0000] {logging_mixin.py:188} INFO - [2026-06-12T04:29:33.873+0000] {dag.py:3823} INFO - Setting next_dagrun for crime_analytics_pipeline to 2026-06-06 19:00:00+00:00, run_after=2026-06-13 19:00:00+00:00
[2026-06-12T04:29:33.912+0000] {processor.py:183} INFO - Processing /opt/airflow/dags/dag_crime_pipeline.py took 0.145 seconds
[2026-06-12T04:30:04.183+0000] {processor.py:161} INFO - Started process (PID=1834) to work on /opt/airflow/dags/dag_crime_pipeline.py
[2026-06-12T04:30:04.185+0000] {processor.py:830} INFO - Processing file /opt/airflow/dags/dag_crime_pipeline.py for tasks to queue
[2026-06-12T04:30:04.188+0000] {logging_mixin.py:188} INFO - [2026-06-12T04:30:04.187+0000] {dagbag.py:538} INFO - Filling up the DagBag from /opt/airflow/dags/dag_crime_pipeline.py
[2026-06-12T04:30:04.231+0000] {processor.py:840} INFO - DAG(s) 'crime_analytics_pipeline' retrieved from /opt/airflow/dags/dag_crime_pipeline.py
[2026-06-12T04:30:04.266+0000] {logging_mixin.py:188} INFO - [2026-06-12T04:30:04.266+0000] {dag.py:3036} INFO - Sync 1 DAGs
[2026-06-12T04:30:04.289+0000] {logging_mixin.py:188} INFO - [2026-06-12T04:30:04.288+0000] {dag.py:3823} INFO - Setting next_dagrun for crime_analytics_pipeline to 2026-06-06 19:00:00+00:00, run_after=2026-06-13 19:00:00+00:00
[2026-06-12T04:30:04.327+0000] {processor.py:183} INFO - Processing /opt/airflow/dags/dag_crime_pipeline.py took 0.149 seconds
[2026-06-12T04:30:34.475+0000] {processor.py:161} INFO - Started process (PID=1839) to work on /opt/airflow/dags/dag_crime_pipeline.py
[2026-06-12T04:30:34.492+0000] {processor.py:830} INFO - Processing file /opt/airflow/dags/dag_crime_pipeline.py for tasks to queue
[2026-06-12T04:30:34.495+0000] {logging_mixin.py:188} INFO - [2026-06-12T04:30:34.495+0000] {dagbag.py:538} INFO - Filling up the DagBag from /opt/airflow/dags/dag_crime_pipeline.py
[2026-06-12T04:30:34.539+0000] {processor.py:840} INFO - DAG(s) 'crime_analytics_pipeline' retrieved from /opt/airflow/dags/dag_crime_pipeline.py
[2026-06-12T04:30:34.575+0000] {logging_mixin.py:188} INFO - [2026-06-12T04:30:34.574+0000] {dag.py:3036} INFO - Sync 1 DAGs
[2026-06-12T04:30:34.598+0000] {logging_mixin.py:188} INFO - [2026-06-12T04:30:34.597+0000] {dag.py:3823} INFO - Setting next_dagrun for crime_analytics_pipeline to 2026-06-06 19:00:00+00:00, run_after=2026-06-13 19:00:00+00:00
[2026-06-12T04:30:34.619+0000] {processor.py:183} INFO - Processing /opt/airflow/dags/dag_crime_pipeline.py took 0.149 seconds
[2026-06-12T04:31:04.865+0000] {processor.py:161} INFO - Started process (PID=1844) to work on /opt/airflow/dags/dag_crime_pipeline.py
[2026-06-12T04:31:04.866+0000] {processor.py:830} INFO - Processing file /opt/airflow/dags/dag_crime_pipeline.py for tasks to queue
[2026-06-12T04:31:04.869+0000] {logging_mixin.py:188} INFO - [2026-06-12T04:31:04.869+0000] {dagbag.py:538} INFO - Filling up the DagBag from /opt/airflow/dags/dag_crime_pipeline.py
[2026-06-12T04:31:04.912+0000] {processor.py:840} INFO - DAG(s) 'crime_analytics_pipeline' retrieved from /opt/airflow/dags/dag_crime_pipeline.py
[2026-06-12T04:31:04.951+0000] {logging_mixin.py:188} INFO - [2026-06-12T04:31:04.951+0000] {dag.py:3036} INFO - Sync 1 DAGs
[2026-06-12T04:31:04.975+0000] {logging_mixin.py:188} INFO - [2026-06-12T04:31:04.975+0000] {dag.py:3823} INFO - Setting next_dagrun for crime_analytics_pipeline to 2026-06-06 19:00:00+00:00, run_after=2026-06-13 19:00:00+00:00
[2026-06-12T04:31:05.015+0000] {processor.py:183} INFO - Processing /opt/airflow/dags/dag_crime_pipeline.py took 0.154 seconds
[2026-06-12T04:31:35.074+0000] {processor.py:161} INFO - Started process (PID=1849) to work on /opt/airflow/dags/dag_crime_pipeline.py
[2026-06-12T04:31:35.075+0000] {processor.py:830} INFO - Processing file /opt/airflow/dags/dag_crime_pipeline.py for tasks to queue
[2026-06-12T04:31:35.078+0000] {logging_mixin.py:188} INFO - [2026-06-12T04:31:35.078+0000] {dagbag.py:538} INFO - Filling up the DagBag from /opt/airflow/dags/dag_crime_pipeline.py
[2026-06-12T04:31:35.122+0000] {processor.py:840} INFO - DAG(s) 'crime_analytics_pipeline' retrieved from /opt/airflow/dags/dag_crime_pipeline.py
[2026-06-12T04:31:35.160+0000] {logging_mixin.py:188} INFO - [2026-06-12T04:31:35.159+0000] {dag.py:3036} INFO - Sync 1 DAGs
[2026-06-12T04:31:35.184+0000] {logging_mixin.py:188} INFO - [2026-06-12T04:31:35.184+0000] {dag.py:3823} INFO - Setting next_dagrun for crime_analytics_pipeline to 2026-06-06 19:00:00+00:00, run_after=2026-06-13 19:00:00+00:00
[2026-06-12T04:31:35.223+0000] {processor.py:183} INFO - Processing /opt/airflow/dags/dag_crime_pipeline.py took 0.153 seconds
[2026-06-12T04:32:05.421+0000] {processor.py:161} INFO - Started process (PID=1854) to work on /opt/airflow/dags/dag_crime_pipeline.py
[2026-06-12T04:32:05.422+0000] {processor.py:830} INFO - Processing file /opt/airflow/dags/dag_crime_pipeline.py for tasks to queue
[2026-06-12T04:32:05.425+0000] {logging_mixin.py:188} INFO - [2026-06-12T04:32:05.425+0000] {dagbag.py:538} INFO - Filling up the DagBag from /opt/airflow/dags/dag_crime_pipeline.py
[2026-06-12T04:32:05.479+0000] {processor.py:840} INFO - DAG(s) 'crime_analytics_pipeline' retrieved from /opt/airflow/dags/dag_crime_pipeline.py
[2026-06-12T04:32:05.541+0000] {logging_mixin.py:188} INFO - [2026-06-12T04:32:05.540+0000] {dag.py:3036} INFO - Sync 1 DAGs
[2026-06-12T04:32:05.578+0000] {logging_mixin.py:188} INFO - [2026-06-12T04:32:05.578+0000] {dag.py:3823} INFO - Setting next_dagrun for crime_analytics_pipeline to 2026-06-06 19:00:00+00:00, run_after=2026-06-13 19:00:00+00:00
[2026-06-12T04:32:05.607+0000] {processor.py:183} INFO - Processing /opt/airflow/dags/dag_crime_pipeline.py took 0.192 seconds
[2026-06-12T04:32:35.708+0000] {processor.py:161} INFO - Started process (PID=1859) to work on /opt/airflow/dags/dag_crime_pipeline.py
[2026-06-12T04:32:35.709+0000] {processor.py:830} INFO - Processing file /opt/airflow/dags/dag_crime_pipeline.py for tasks to queue
[2026-06-12T04:32:35.712+0000] {logging_mixin.py:188} INFO - [2026-06-12T04:32:35.712+0000] {dagbag.py:538} INFO - Filling up the DagBag from /opt/airflow/dags/dag_crime_pipeline.py
[2026-06-12T04:32:35.756+0000] {processor.py:840} INFO - DAG(s) 'crime_analytics_pipeline' retrieved from /opt/airflow/dags/dag_crime_pipeline.py
[2026-06-12T04:32:35.797+0000] {logging_mixin.py:188} INFO - [2026-06-12T04:32:35.796+0000] {dag.py:3036} INFO - Sync 1 DAGs
[2026-06-12T04:32:35.823+0000] {logging_mixin.py:188} INFO - [2026-06-12T04:32:35.822+0000] {dag.py:3823} INFO - Setting next_dagrun for crime_analytics_pipeline to 2026-06-06 19:00:00+00:00, run_after=2026-06-13 19:00:00+00:00
[2026-06-12T04:32:35.846+0000] {processor.py:183} INFO - Processing /opt/airflow/dags/dag_crime_pipeline.py took 0.143 seconds
[2026-06-12T04:33:06.196+0000] {processor.py:161} INFO - Started process (PID=1864) to work on /opt/airflow/dags/dag_crime_pipeline.py
[2026-06-12T04:33:06.198+0000] {processor.py:830} INFO - Processing file /opt/airflow/dags/dag_crime_pipeline.py for tasks to queue
[2026-06-12T04:33:06.202+0000] {logging_mixin.py:188} INFO - [2026-06-12T04:33:06.201+0000] {dagbag.py:538} INFO - Filling up the DagBag from /opt/airflow/dags/dag_crime_pipeline.py
[2026-06-12T04:33:06.247+0000] {processor.py:840} INFO - DAG(s) 'crime_analytics_pipeline' retrieved from /opt/airflow/dags/dag_crime_pipeline.py
[2026-06-12T04:33:06.283+0000] {logging_mixin.py:188} INFO - [2026-06-12T04:33:06.283+0000] {dag.py:3036} INFO - Sync 1 DAGs
[2026-06-12T04:33:06.309+0000] {logging_mixin.py:188} INFO - [2026-06-12T04:33:06.309+0000] {dag.py:3823} INFO - Setting next_dagrun for crime_analytics_pipeline to 2026-06-06 19:00:00+00:00, run_after=2026-06-13 19:00:00+00:00
[2026-06-12T04:33:06.331+0000] {processor.py:183} INFO - Processing /opt/airflow/dags/dag_crime_pipeline.py took 0.138 seconds
[2026-06-12T04:33:36.409+0000] {processor.py:161} INFO - Started process (PID=1869) to work on /opt/airflow/dags/dag_crime_pipeline.py
[2026-06-12T04:33:36.410+0000] {processor.py:830} INFO - Processing file /opt/airflow/dags/dag_crime_pipeline.py for tasks to queue
[2026-06-12T04:33:36.413+0000] {logging_mixin.py:188} INFO - [2026-06-12T04:33:36.413+0000] {dagbag.py:538} INFO - Filling up the DagBag from /opt/airflow/dags/dag_crime_pipeline.py
[2026-06-12T04:33:36.461+0000] {processor.py:840} INFO - DAG(s) 'crime_analytics_pipeline' retrieved from /opt/airflow/dags/dag_crime_pipeline.py
[2026-06-12T04:33:36.499+0000] {logging_mixin.py:188} INFO - [2026-06-12T04:33:36.498+0000] {dag.py:3036} INFO - Sync 1 DAGs
[2026-06-12T04:33:36.526+0000] {logging_mixin.py:188} INFO - [2026-06-12T04:33:36.526+0000] {dag.py:3823} INFO - Setting next_dagrun for crime_analytics_pipeline to 2026-06-06 19:00:00+00:00, run_after=2026-06-13 19:00:00+00:00
[2026-06-12T04:33:36.546+0000] {processor.py:183} INFO - Processing /opt/airflow/dags/dag_crime_pipeline.py took 0.142 seconds
[2026-06-12T04:34:06.732+0000] {processor.py:161} INFO - Started process (PID=1874) to work on /opt/airflow/dags/dag_crime_pipeline.py
[2026-06-12T04:34:06.734+0000] {processor.py:830} INFO - Processing file /opt/airflow/dags/dag_crime_pipeline.py for tasks to queue
[2026-06-12T04:34:06.741+0000] {logging_mixin.py:188} INFO - [2026-06-12T04:34:06.740+0000] {dagbag.py:538} INFO - Filling up the DagBag from /opt/airflow/dags/dag_crime_pipeline.py
[2026-06-12T04:34:06.788+0000] {processor.py:840} INFO - DAG(s) 'crime_analytics_pipeline' retrieved from /opt/airflow/dags/dag_crime_pipeline.py
[2026-06-12T04:34:06.824+0000] {logging_mixin.py:188} INFO - [2026-06-12T04:34:06.824+0000] {dag.py:3036} INFO - Sync 1 DAGs
[2026-06-12T04:34:06.851+0000] {logging_mixin.py:188} INFO - [2026-06-12T04:34:06.850+0000] {dag.py:3823} INFO - Setting next_dagrun for crime_analytics_pipeline to 2026-06-06 19:00:00+00:00, run_after=2026-06-13 19:00:00+00:00
[2026-06-12T04:34:06.872+0000] {processor.py:183} INFO - Processing /opt/airflow/dags/dag_crime_pipeline.py took 0.151 seconds
[2026-06-12T04:34:37.038+0000] {processor.py:161} INFO - Started process (PID=1879) to work on /opt/airflow/dags/dag_crime_pipeline.py
[2026-06-12T04:34:37.040+0000] {processor.py:830} INFO - Processing file /opt/airflow/dags/dag_crime_pipeline.py for tasks to queue
[2026-06-12T04:34:37.043+0000] {logging_mixin.py:188} INFO - [2026-06-12T04:34:37.042+0000] {dagbag.py:538} INFO - Filling up the DagBag from /opt/airflow/dags/dag_crime_pipeline.py
[2026-06-12T04:34:37.089+0000] {processor.py:840} INFO - DAG(s) 'crime_analytics_pipeline' retrieved from /opt/airflow/dags/dag_crime_pipeline.py
[2026-06-12T04:34:37.128+0000] {logging_mixin.py:188} INFO - [2026-06-12T04:34:37.128+0000] {dag.py:3036} INFO - Sync 1 DAGs
[2026-06-12T04:34:37.159+0000] {logging_mixin.py:188} INFO - [2026-06-12T04:34:37.159+0000] {dag.py:3823} INFO - Setting next_dagrun for crime_analytics_pipeline to 2026-06-06 19:00:00+00:00, run_after=2026-06-13 19:00:00+00:00
[2026-06-12T04:34:37.183+0000] {processor.py:183} INFO - Processing /opt/airflow/dags/dag_crime_pipeline.py took 0.151 seconds
[2026-06-12T04:35:07.414+0000] {processor.py:161} INFO - Started process (PID=1884) to work on /opt/airflow/dags/dag_crime_pipeline.py
[2026-06-12T04:35:07.416+0000] {processor.py:830} INFO - Processing file /opt/airflow/dags/dag_crime_pipeline.py for tasks to queue
[2026-06-12T04:35:07.421+0000] {logging_mixin.py:188} INFO - [2026-06-12T04:35:07.420+0000] {dagbag.py:538} INFO - Filling up the DagBag from /opt/airflow/dags/dag_crime_pipeline.py
[2026-06-12T04:35:07.470+0000] {processor.py:840} INFO - DAG(s) 'crime_analytics_pipeline' retrieved from /opt/airflow/dags/dag_crime_pipeline.py
[2026-06-12T04:35:07.506+0000] {logging_mixin.py:188} INFO - [2026-06-12T04:35:07.505+0000] {dag.py:3036} INFO - Sync 1 DAGs
[2026-06-12T04:35:07.533+0000] {logging_mixin.py:188} INFO - [2026-06-12T04:35:07.533+0000] {dag.py:3823} INFO - Setting next_dagrun for crime_analytics_pipeline to 2026-06-06 19:00:00+00:00, run_after=2026-06-13 19:00:00+00:00
[2026-06-12T04:35:07.555+0000] {processor.py:183} INFO - Processing /opt/airflow/dags/dag_crime_pipeline.py took 0.146 seconds
[2026-06-12T04:35:37.713+0000] {processor.py:161} INFO - Started process (PID=1889) to work on /opt/airflow/dags/dag_crime_pipeline.py
[2026-06-12T04:35:37.714+0000] {processor.py:830} INFO - Processing file /opt/airflow/dags/dag_crime_pipeline.py for tasks to queue
[2026-06-12T04:35:37.717+0000] {logging_mixin.py:188} INFO - [2026-06-12T04:35:37.717+0000] {dagbag.py:538} INFO - Filling up the DagBag from /opt/airflow/dags/dag_crime_pipeline.py
[2026-06-12T04:35:37.775+0000] {processor.py:840} INFO - DAG(s) 'crime_analytics_pipeline' retrieved from /opt/airflow/dags/dag_crime_pipeline.py
[2026-06-12T04:35:37.810+0000] {logging_mixin.py:188} INFO - [2026-06-12T04:35:37.810+0000] {dag.py:3036} INFO - Sync 1 DAGs
[2026-06-12T04:35:37.835+0000] {logging_mixin.py:188} INFO - [2026-06-12T04:35:37.835+0000] {dag.py:3823} INFO - Setting next_dagrun for crime_analytics_pipeline to 2026-06-06 19:00:00+00:00, run_after=2026-06-13 19:00:00+00:00
[2026-06-12T04:35:37.854+0000] {processor.py:183} INFO - Processing /opt/airflow/dags/dag_crime_pipeline.py took 0.145 seconds
[2026-06-12T04:36:08.141+0000] {processor.py:161} INFO - Started process (PID=1894) to work on /opt/airflow/dags/dag_crime_pipeline.py
[2026-06-12T04:36:08.142+0000] {processor.py:830} INFO - Processing file /opt/airflow/dags/dag_crime_pipeline.py for tasks to queue
[2026-06-12T04:36:08.145+0000] {logging_mixin.py:188} INFO - [2026-06-12T04:36:08.144+0000] {dagbag.py:538} INFO - Filling up the DagBag from /opt/airflow/dags/dag_crime_pipeline.py
[2026-06-12T04:36:08.192+0000] {processor.py:840} INFO - DAG(s) 'crime_analytics_pipeline' retrieved from /opt/airflow/dags/dag_crime_pipeline.py
[2026-06-12T04:36:08.229+0000] {logging_mixin.py:188} INFO - [2026-06-12T04:36:08.228+0000] {dag.py:3036} INFO - Sync 1 DAGs
[2026-06-12T04:36:08.252+0000] {logging_mixin.py:188} INFO - [2026-06-12T04:36:08.251+0000] {dag.py:3823} INFO - Setting next_dagrun for crime_analytics_pipeline to 2026-06-06 19:00:00+00:00, run_after=2026-06-13 19:00:00+00:00
[2026-06-12T04:36:08.271+0000] {processor.py:183} INFO - Processing /opt/airflow/dags/dag_crime_pipeline.py took 0.134 seconds
[2026-06-12T04:36:38.664+0000] {processor.py:161} INFO - Started process (PID=1899) to work on /opt/airflow/dags/dag_crime_pipeline.py
[2026-06-12T04:36:38.666+0000] {processor.py:830} INFO - Processing file /opt/airflow/dags/dag_crime_pipeline.py for tasks to queue
[2026-06-12T04:36:38.668+0000] {logging_mixin.py:188} INFO - [2026-06-12T04:36:38.668+0000] {dagbag.py:538} INFO - Filling up the DagBag from /opt/airflow/dags/dag_crime_pipeline.py
[2026-06-12T04:36:38.715+0000] {processor.py:840} INFO - DAG(s) 'crime_analytics_pipeline' retrieved from /opt/airflow/dags/dag_crime_pipeline.py
[2026-06-12T04:36:38.756+0000] {logging_mixin.py:188} INFO - [2026-06-12T04:36:38.755+0000] {dag.py:3036} INFO - Sync 1 DAGs
[2026-06-12T04:36:38.786+0000] {logging_mixin.py:188} INFO - [2026-06-12T04:36:38.786+0000] {dag.py:3823} INFO - Setting next_dagrun for crime_analytics_pipeline to 2026-06-06 19:00:00+00:00, run_after=2026-06-13 19:00:00+00:00
[2026-06-12T04:36:38.812+0000] {processor.py:183} INFO - Processing /opt/airflow/dags/dag_crime_pipeline.py took 0.151 seconds
[2026-06-12T04:37:08.999+0000] {processor.py:161} INFO - Started process (PID=1904) to work on /opt/airflow/dags/dag_crime_pipeline.py
[2026-06-12T04:37:09.001+0000] {processor.py:830} INFO - Processing file /opt/airflow/dags/dag_crime_pipeline.py for tasks to queue
[2026-06-12T04:37:09.003+0000] {logging_mixin.py:188} INFO - [2026-06-12T04:37:09.003+0000] {dagbag.py:538} INFO - Filling up the DagBag from /opt/airflow/dags/dag_crime_pipeline.py
[2026-06-12T04:37:09.044+0000] {processor.py:840} INFO - DAG(s) 'crime_analytics_pipeline' retrieved from /opt/airflow/dags/dag_crime_pipeline.py
[2026-06-12T04:37:09.076+0000] {logging_mixin.py:188} INFO - [2026-06-12T04:37:09.076+0000] {dag.py:3036} INFO - Sync 1 DAGs
[2026-06-12T04:37:09.100+0000] {logging_mixin.py:188} INFO - [2026-06-12T04:37:09.100+0000] {dag.py:3823} INFO - Setting next_dagrun for crime_analytics_pipeline to 2026-06-06 19:00:00+00:00, run_after=2026-06-13 19:00:00+00:00
[2026-06-12T04:37:09.119+0000] {processor.py:183} INFO - Processing /opt/airflow/dags/dag_crime_pipeline.py took 0.124 seconds
[2026-06-12T04:37:39.346+0000] {processor.py:161} INFO - Started process (PID=1909) to work on /opt/airflow/dags/dag_crime_pipeline.py
[2026-06-12T04:37:39.348+0000] {processor.py:830} INFO - Processing file /opt/airflow/dags/dag_crime_pipeline.py for tasks to queue
[2026-06-12T04:37:39.350+0000] {logging_mixin.py:188} INFO - [2026-06-12T04:37:39.350+0000] {dagbag.py:538} INFO - Filling up the DagBag from /opt/airflow/dags/dag_crime_pipeline.py
[2026-06-12T04:37:39.395+0000] {processor.py:840} INFO - DAG(s) 'crime_analytics_pipeline' retrieved from /opt/airflow/dags/dag_crime_pipeline.py
[2026-06-12T04:37:39.430+0000] {logging_mixin.py:188} INFO - [2026-06-12T04:37:39.430+0000] {dag.py:3036} INFO - Sync 1 DAGs
[2026-06-12T04:37:39.456+0000] {logging_mixin.py:188} INFO - [2026-06-12T04:37:39.455+0000] {dag.py:3823} INFO - Setting next_dagrun for crime_analytics_pipeline to 2026-06-06 19:00:00+00:00, run_after=2026-06-13 19:00:00+00:00
[2026-06-12T04:37:39.495+0000] {processor.py:183} INFO - Processing /opt/airflow/dags/dag_crime_pipeline.py took 0.152 seconds
[2026-06-12T04:38:09.702+0000] {processor.py:161} INFO - Started process (PID=1914) to work on /opt/airflow/dags/dag_crime_pipeline.py
[2026-06-12T04:38:09.703+0000] {processor.py:830} INFO - Processing file /opt/airflow/dags/dag_crime_pipeline.py for tasks to queue
[2026-06-12T04:38:09.706+0000] {logging_mixin.py:188} INFO - [2026-06-12T04:38:09.705+0000] {dagbag.py:538} INFO - Filling up the DagBag from /opt/airflow/dags/dag_crime_pipeline.py
[2026-06-12T04:38:09.751+0000] {processor.py:840} INFO - DAG(s) 'crime_analytics_pipeline' retrieved from /opt/airflow/dags/dag_crime_pipeline.py
[2026-06-12T04:38:09.786+0000] {logging_mixin.py:188} INFO - [2026-06-12T04:38:09.786+0000] {dag.py:3036} INFO - Sync 1 DAGs
[2026-06-12T04:38:09.809+0000] {logging_mixin.py:188} INFO - [2026-06-12T04:38:09.809+0000] {dag.py:3823} INFO - Setting next_dagrun for crime_analytics_pipeline to 2026-06-06 19:00:00+00:00, run_after=2026-06-13 19:00:00+00:00
[2026-06-12T04:38:09.830+0000] {processor.py:183} INFO - Processing /opt/airflow/dags/dag_crime_pipeline.py took 0.131 seconds
[2026-06-12T04:38:40.172+0000] {processor.py:161} INFO - Started process (PID=1919) to work on /opt/airflow/dags/dag_crime_pipeline.py
[2026-06-12T04:38:40.174+0000] {processor.py:830} INFO - Processing file /opt/airflow/dags/dag_crime_pipeline.py for tasks to queue
[2026-06-12T04:38:40.177+0000] {logging_mixin.py:188} INFO - [2026-06-12T04:38:40.176+0000] {dagbag.py:538} INFO - Filling up the DagBag from /opt/airflow/dags/dag_crime_pipeline.py
[2026-06-12T04:38:40.218+0000] {processor.py:840} INFO - DAG(s) 'crime_analytics_pipeline' retrieved from /opt/airflow/dags/dag_crime_pipeline.py
[2026-06-12T04:38:40.250+0000] {logging_mixin.py:188} INFO - [2026-06-12T04:38:40.250+0000] {dag.py:3036} INFO - Sync 1 DAGs
[2026-06-12T04:38:40.274+0000] {logging_mixin.py:188} INFO - [2026-06-12T04:38:40.273+0000] {dag.py:3823} INFO - Setting next_dagrun for crime_analytics_pipeline to 2026-06-06 19:00:00+00:00, run_after=2026-06-13 19:00:00+00:00
[2026-06-12T04:38:40.307+0000] {processor.py:183} INFO - Processing /opt/airflow/dags/dag_crime_pipeline.py took 0.140 seconds
[2026-06-12T04:39:10.474+0000] {processor.py:161} INFO - Started process (PID=1924) to work on /opt/airflow/dags/dag_crime_pipeline.py
[2026-06-12T04:39:10.475+0000] {processor.py:830} INFO - Processing file /opt/airflow/dags/dag_crime_pipeline.py for tasks to queue
[2026-06-12T04:39:10.477+0000] {logging_mixin.py:188} INFO - [2026-06-12T04:39:10.477+0000] {dagbag.py:538} INFO - Filling up the DagBag from /opt/airflow/dags/dag_crime_pipeline.py
[2026-06-12T04:39:10.514+0000] {processor.py:840} INFO - DAG(s) 'crime_analytics_pipeline' retrieved from /opt/airflow/dags/dag_crime_pipeline.py
[2026-06-12T04:39:10.549+0000] {logging_mixin.py:188} INFO - [2026-06-12T04:39:10.549+0000] {dag.py:3036} INFO - Sync 1 DAGs
[2026-06-12T04:39:10.573+0000] {logging_mixin.py:188} INFO - [2026-06-12T04:39:10.573+0000] {dag.py:3823} INFO - Setting next_dagrun for crime_analytics_pipeline to 2026-06-06 19:00:00+00:00, run_after=2026-06-13 19:00:00+00:00
[2026-06-12T04:39:10.594+0000] {processor.py:183} INFO - Processing /opt/airflow/dags/dag_crime_pipeline.py took 0.124 seconds
[2026-06-12T04:39:40.948+0000] {processor.py:161} INFO - Started process (PID=1929) to work on /opt/airflow/dags/dag_crime_pipeline.py
[2026-06-12T04:39:40.950+0000] {processor.py:830} INFO - Processing file /opt/airflow/dags/dag_crime_pipeline.py for tasks to queue
[2026-06-12T04:39:40.953+0000] {logging_mixin.py:188} INFO - [2026-06-12T04:39:40.952+0000] {dagbag.py:538} INFO - Filling up the DagBag from /opt/airflow/dags/dag_crime_pipeline.py
[2026-06-12T04:39:40.997+0000] {processor.py:840} INFO - DAG(s) 'crime_analytics_pipeline' retrieved from /opt/airflow/dags/dag_crime_pipeline.py
[2026-06-12T04:39:41.031+0000] {logging_mixin.py:188} INFO - [2026-06-12T04:39:41.030+0000] {dag.py:3036} INFO - Sync 1 DAGs
[2026-06-12T04:39:41.053+0000] {logging_mixin.py:188} INFO - [2026-06-12T04:39:41.053+0000] {dag.py:3823} INFO - Setting next_dagrun for crime_analytics_pipeline to 2026-06-06 19:00:00+00:00, run_after=2026-06-13 19:00:00+00:00
[2026-06-12T04:39:41.074+0000] {processor.py:183} INFO - Processing /opt/airflow/dags/dag_crime_pipeline.py took 0.129 seconds
[2026-06-12T04:40:11.256+0000] {processor.py:161} INFO - Started process (PID=1934) to work on /opt/airflow/dags/dag_crime_pipeline.py
[2026-06-12T04:40:11.257+0000] {processor.py:830} INFO - Processing file /opt/airflow/dags/dag_crime_pipeline.py for tasks to queue
[2026-06-12T04:40:11.259+0000] {logging_mixin.py:188} INFO - [2026-06-12T04:40:11.259+0000] {dagbag.py:538} INFO - Filling up the DagBag from /opt/airflow/dags/dag_crime_pipeline.py
[2026-06-12T04:40:11.301+0000] {processor.py:840} INFO - DAG(s) 'crime_analytics_pipeline' retrieved from /opt/airflow/dags/dag_crime_pipeline.py
[2026-06-12T04:40:11.338+0000] {logging_mixin.py:188} INFO - [2026-06-12T04:40:11.337+0000] {dag.py:3036} INFO - Sync 1 DAGs
[2026-06-12T04:40:11.362+0000] {logging_mixin.py:188} INFO - [2026-06-12T04:40:11.362+0000] {dag.py:3823} INFO - Setting next_dagrun for crime_analytics_pipeline to 2026-06-06 19:00:00+00:00, run_after=2026-06-13 19:00:00+00:00
[2026-06-12T04:40:11.381+0000] {processor.py:183} INFO - Processing /opt/airflow/dags/dag_crime_pipeline.py took 0.130 seconds
[2026-06-12T04:40:41.770+0000] {processor.py:161} INFO - Started process (PID=1939) to work on /opt/airflow/dags/dag_crime_pipeline.py
[2026-06-12T04:40:41.771+0000] {processor.py:830} INFO - Processing file /opt/airflow/dags/dag_crime_pipeline.py for tasks to queue
[2026-06-12T04:40:41.775+0000] {logging_mixin.py:188} INFO - [2026-06-12T04:40:41.774+0000] {dagbag.py:538} INFO - Filling up the DagBag from /opt/airflow/dags/dag_crime_pipeline.py
[2026-06-12T04:40:41.820+0000] {processor.py:840} INFO - DAG(s) 'crime_analytics_pipeline' retrieved from /opt/airflow/dags/dag_crime_pipeline.py
[2026-06-12T04:40:41.852+0000] {logging_mixin.py:188} INFO - [2026-06-12T04:40:41.852+0000] {dag.py:3036} INFO - Sync 1 DAGs
[2026-06-12T04:40:41.877+0000] {logging_mixin.py:188} INFO - [2026-06-12T04:40:41.877+0000] {dag.py:3823} INFO - Setting next_dagrun for crime_analytics_pipeline to 2026-06-06 19:00:00+00:00, run_after=2026-06-13 19:00:00+00:00
[2026-06-12T04:40:41.916+0000] {processor.py:183} INFO - Processing /opt/airflow/dags/dag_crime_pipeline.py took 0.149 seconds
[2026-06-12T04:41:12.134+0000] {processor.py:161} INFO - Started process (PID=1944) to work on /opt/airflow/dags/dag_crime_pipeline.py
[2026-06-12T04:41:12.136+0000] {processor.py:830} INFO - Processing file /opt/airflow/dags/dag_crime_pipeline.py for tasks to queue
[2026-06-12T04:41:12.139+0000] {logging_mixin.py:188} INFO - [2026-06-12T04:41:12.139+0000] {dagbag.py:538} INFO - Filling up the DagBag from /opt/airflow/dags/dag_crime_pipeline.py
[2026-06-12T04:41:12.187+0000] {processor.py:840} INFO - DAG(s) 'crime_analytics_pipeline' retrieved from /opt/airflow/dags/dag_crime_pipeline.py
[2026-06-12T04:41:12.234+0000] {logging_mixin.py:188} INFO - [2026-06-12T04:41:12.233+0000] {dag.py:3036} INFO - Sync 1 DAGs
[2026-06-12T04:41:12.265+0000] {logging_mixin.py:188} INFO - [2026-06-12T04:41:12.264+0000] {dag.py:3823} INFO - Setting next_dagrun for crime_analytics_pipeline to 2026-06-06 19:00:00+00:00, run_after=2026-06-13 19:00:00+00:00
[2026-06-12T04:41:12.308+0000] {processor.py:183} INFO - Processing /opt/airflow/dags/dag_crime_pipeline.py took 0.178 seconds
[2026-06-12T04:41:42.561+0000] {processor.py:161} INFO - Started process (PID=1949) to work on /opt/airflow/dags/dag_crime_pipeline.py
[2026-06-12T04:41:42.563+0000] {processor.py:830} INFO - Processing file /opt/airflow/dags/dag_crime_pipeline.py for tasks to queue
[2026-06-12T04:41:42.566+0000] {logging_mixin.py:188} INFO - [2026-06-12T04:41:42.565+0000] {dagbag.py:538} INFO - Filling up the DagBag from /opt/airflow/dags/dag_crime_pipeline.py
[2026-06-12T04:41:42.614+0000] {processor.py:840} INFO - DAG(s) 'crime_analytics_pipeline' retrieved from /opt/airflow/dags/dag_crime_pipeline.py
[2026-06-12T04:41:42.657+0000] {logging_mixin.py:188} INFO - [2026-06-12T04:41:42.656+0000] {dag.py:3036} INFO - Sync 1 DAGs
[2026-06-12T04:41:42.688+0000] {logging_mixin.py:188} INFO - [2026-06-12T04:41:42.688+0000] {dag.py:3823} INFO - Setting next_dagrun for crime_analytics_pipeline to 2026-06-06 19:00:00+00:00, run_after=2026-06-13 19:00:00+00:00
[2026-06-12T04:41:42.733+0000] {processor.py:183} INFO - Processing /opt/airflow/dags/dag_crime_pipeline.py took 0.177 seconds
[2026-06-12T04:42:12.881+0000] {processor.py:161} INFO - Started process (PID=1954) to work on /opt/airflow/dags/dag_crime_pipeline.py
[2026-06-12T04:42:12.883+0000] {processor.py:830} INFO - Processing file /opt/airflow/dags/dag_crime_pipeline.py for tasks to queue
[2026-06-12T04:42:12.888+0000] {logging_mixin.py:188} INFO - [2026-06-12T04:42:12.887+0000] {dagbag.py:538} INFO - Filling up the DagBag from /opt/airflow/dags/dag_crime_pipeline.py
[2026-06-12T04:42:12.936+0000] {processor.py:840} INFO - DAG(s) 'crime_analytics_pipeline' retrieved from /opt/airflow/dags/dag_crime_pipeline.py
[2026-06-12T04:42:12.975+0000] {logging_mixin.py:188} INFO - [2026-06-12T04:42:12.974+0000] {dag.py:3036} INFO - Sync 1 DAGs
[2026-06-12T04:42:13.002+0000] {logging_mixin.py:188} INFO - [2026-06-12T04:42:13.002+0000] {dag.py:3823} INFO - Setting next_dagrun for crime_analytics_pipeline to 2026-06-06 19:00:00+00:00, run_after=2026-06-13 19:00:00+00:00
[2026-06-12T04:42:13.047+0000] {processor.py:183} INFO - Processing /opt/airflow/dags/dag_crime_pipeline.py took 0.172 seconds
[2026-06-12T04:42:43.306+0000] {processor.py:161} INFO - Started process (PID=1959) to work on /opt/airflow/dags/dag_crime_pipeline.py
[2026-06-12T04:42:43.308+0000] {processor.py:830} INFO - Processing file /opt/airflow/dags/dag_crime_pipeline.py for tasks to queue
[2026-06-12T04:42:43.311+0000] {logging_mixin.py:188} INFO - [2026-06-12T04:42:43.311+0000] {dagbag.py:538} INFO - Filling up the DagBag from /opt/airflow/dags/dag_crime_pipeline.py
[2026-06-12T04:42:43.361+0000] {processor.py:840} INFO - DAG(s) 'crime_analytics_pipeline' retrieved from /opt/airflow/dags/dag_crime_pipeline.py
[2026-06-12T04:42:43.404+0000] {logging_mixin.py:188} INFO - [2026-06-12T04:42:43.403+0000] {dag.py:3036} INFO - Sync 1 DAGs
[2026-06-12T04:42:43.435+0000] {logging_mixin.py:188} INFO - [2026-06-12T04:42:43.434+0000] {dag.py:3823} INFO - Setting next_dagrun for crime_analytics_pipeline to 2026-06-06 19:00:00+00:00, run_after=2026-06-13 19:00:00+00:00
[2026-06-12T04:42:43.979+0000] {processor.py:183} INFO - Processing /opt/airflow/dags/dag_crime_pipeline.py took 0.677 seconds
[2026-06-12T04:43:14.332+0000] {processor.py:161} INFO - Started process (PID=1964) to work on /opt/airflow/dags/dag_crime_pipeline.py
[2026-06-12T04:43:14.334+0000] {processor.py:830} INFO - Processing file /opt/airflow/dags/dag_crime_pipeline.py for tasks to queue
[2026-06-12T04:43:14.337+0000] {logging_mixin.py:188} INFO - [2026-06-12T04:43:14.337+0000] {dagbag.py:538} INFO - Filling up the DagBag from /opt/airflow/dags/dag_crime_pipeline.py
[2026-06-12T04:43:14.382+0000] {processor.py:840} INFO - DAG(s) 'crime_analytics_pipeline' retrieved from /opt/airflow/dags/dag_crime_pipeline.py
[2026-06-12T04:43:14.424+0000] {logging_mixin.py:188} INFO - [2026-06-12T04:43:14.423+0000] {dag.py:3036} INFO - Sync 1 DAGs
[2026-06-12T04:43:14.451+0000] {logging_mixin.py:188} INFO - [2026-06-12T04:43:14.451+0000] {dag.py:3823} INFO - Setting next_dagrun for crime_analytics_pipeline to 2026-06-06 19:00:00+00:00, run_after=2026-06-13 19:00:00+00:00
[2026-06-12T04:43:14.488+0000] {processor.py:183} INFO - Processing /opt/airflow/dags/dag_crime_pipeline.py took 0.160 seconds
[2026-06-12T04:43:44.675+0000] {processor.py:161} INFO - Started process (PID=1969) to work on /opt/airflow/dags/dag_crime_pipeline.py
[2026-06-12T04:43:44.676+0000] {processor.py:830} INFO - Processing file /opt/airflow/dags/dag_crime_pipeline.py for tasks to queue
[2026-06-12T04:43:44.679+0000] {logging_mixin.py:188} INFO - [2026-06-12T04:43:44.679+0000] {dagbag.py:538} INFO - Filling up the DagBag from /opt/airflow/dags/dag_crime_pipeline.py
[2026-06-12T04:43:44.728+0000] {processor.py:840} INFO - DAG(s) 'crime_analytics_pipeline' retrieved from /opt/airflow/dags/dag_crime_pipeline.py
[2026-06-12T04:43:44.771+0000] {logging_mixin.py:188} INFO - [2026-06-12T04:43:44.770+0000] {dag.py:3036} INFO - Sync 1 DAGs
[2026-06-12T04:43:44.801+0000] {logging_mixin.py:188} INFO - [2026-06-12T04:43:44.801+0000] {dag.py:3823} INFO - Setting next_dagrun for crime_analytics_pipeline to 2026-06-06 19:00:00+00:00, run_after=2026-06-13 19:00:00+00:00
[2026-06-12T04:43:44.848+0000] {processor.py:183} INFO - Processing /opt/airflow/dags/dag_crime_pipeline.py took 0.178 seconds
[2026-06-12T04:44:15.161+0000] {processor.py:161} INFO - Started process (PID=1974) to work on /opt/airflow/dags/dag_crime_pipeline.py
[2026-06-12T04:44:15.163+0000] {processor.py:830} INFO - Processing file /opt/airflow/dags/dag_crime_pipeline.py for tasks to queue
[2026-06-12T04:44:15.165+0000] {logging_mixin.py:188} INFO - [2026-06-12T04:44:15.165+0000] {dagbag.py:538} INFO - Filling up the DagBag from /opt/airflow/dags/dag_crime_pipeline.py
[2026-06-12T04:44:15.212+0000] {processor.py:840} INFO - DAG(s) 'crime_analytics_pipeline' retrieved from /opt/airflow/dags/dag_crime_pipeline.py
[2026-06-12T04:44:15.254+0000] {logging_mixin.py:188} INFO - [2026-06-12T04:44:15.253+0000] {dag.py:3036} INFO - Sync 1 DAGs
[2026-06-12T04:44:15.280+0000] {logging_mixin.py:188} INFO - [2026-06-12T04:44:15.280+0000] {dag.py:3823} INFO - Setting next_dagrun for crime_analytics_pipeline to 2026-06-06 19:00:00+00:00, run_after=2026-06-13 19:00:00+00:00
[2026-06-12T04:44:15.323+0000] {processor.py:183} INFO - Processing /opt/airflow/dags/dag_crime_pipeline.py took 0.167 seconds
[2026-06-12T04:44:45.587+0000] {processor.py:161} INFO - Started process (PID=1979) to work on /opt/airflow/dags/dag_crime_pipeline.py
[2026-06-12T04:44:45.589+0000] {processor.py:830} INFO - Processing file /opt/airflow/dags/dag_crime_pipeline.py for tasks to queue
[2026-06-12T04:44:45.592+0000] {logging_mixin.py:188} INFO - [2026-06-12T04:44:45.591+0000] {dagbag.py:538} INFO - Filling up the DagBag from /opt/airflow/dags/dag_crime_pipeline.py
[2026-06-12T04:44:45.637+0000] {processor.py:840} INFO - DAG(s) 'crime_analytics_pipeline' retrieved from /opt/airflow/dags/dag_crime_pipeline.py
[2026-06-12T04:44:45.679+0000] {logging_mixin.py:188} INFO - [2026-06-12T04:44:45.679+0000] {dag.py:3036} INFO - Sync 1 DAGs
[2026-06-12T04:44:45.929+0000] {logging_mixin.py:188} INFO - [2026-06-12T04:44:45.929+0000] {dag.py:3823} INFO - Setting next_dagrun for crime_analytics_pipeline to 2026-06-06 19:00:00+00:00, run_after=2026-06-13 19:00:00+00:00
[2026-06-12T04:44:45.950+0000] {processor.py:183} INFO - Processing /opt/airflow/dags/dag_crime_pipeline.py took 0.368 seconds
[2026-06-12T04:45:16.082+0000] {processor.py:161} INFO - Started process (PID=1984) to work on /opt/airflow/dags/dag_crime_pipeline.py
[2026-06-12T04:45:16.084+0000] {processor.py:830} INFO - Processing file /opt/airflow/dags/dag_crime_pipeline.py for tasks to queue
[2026-06-12T04:45:16.088+0000] {logging_mixin.py:188} INFO - [2026-06-12T04:45:16.087+0000] {dagbag.py:538} INFO - Filling up the DagBag from /opt/airflow/dags/dag_crime_pipeline.py
[2026-06-12T04:45:16.141+0000] {processor.py:840} INFO - DAG(s) 'crime_analytics_pipeline' retrieved from /opt/airflow/dags/dag_crime_pipeline.py
[2026-06-12T04:45:16.201+0000] {logging_mixin.py:188} INFO - [2026-06-12T04:45:16.200+0000] {dag.py:3036} INFO - Sync 1 DAGs
[2026-06-12T04:45:16.247+0000] {logging_mixin.py:188} INFO - [2026-06-12T04:45:16.247+0000] {dag.py:3823} INFO - Setting next_dagrun for crime_analytics_pipeline to 2026-06-06 19:00:00+00:00, run_after=2026-06-13 19:00:00+00:00
[2026-06-12T04:45:16.283+0000] {processor.py:183} INFO - Processing /opt/airflow/dags/dag_crime_pipeline.py took 0.207 seconds
[2026-06-12T04:45:46.371+0000] {processor.py:161} INFO - Started process (PID=1989) to work on /opt/airflow/dags/dag_crime_pipeline.py
[2026-06-12T04:45:46.373+0000] {processor.py:830} INFO - Processing file /opt/airflow/dags/dag_crime_pipeline.py for tasks to queue
[2026-06-12T04:45:46.376+0000] {logging_mixin.py:188} INFO - [2026-06-12T04:45:46.376+0000] {dagbag.py:538} INFO - Filling up the DagBag from /opt/airflow/dags/dag_crime_pipeline.py
[2026-06-12T04:45:46.423+0000] {processor.py:840} INFO - DAG(s) 'crime_analytics_pipeline' retrieved from /opt/airflow/dags/dag_crime_pipeline.py
[2026-06-12T04:45:46.704+0000] {logging_mixin.py:188} INFO - [2026-06-12T04:45:46.704+0000] {dag.py:3036} INFO - Sync 1 DAGs
[2026-06-12T04:45:46.725+0000] {logging_mixin.py:188} INFO - [2026-06-12T04:45:46.724+0000] {dag.py:3823} INFO - Setting next_dagrun for crime_analytics_pipeline to 2026-06-06 19:00:00+00:00, run_after=2026-06-13 19:00:00+00:00
[2026-06-12T04:45:46.764+0000] {processor.py:183} INFO - Processing /opt/airflow/dags/dag_crime_pipeline.py took 0.397 seconds
[2026-06-12T04:46:16.906+0000] {processor.py:161} INFO - Started process (PID=1994) to work on /opt/airflow/dags/dag_crime_pipeline.py
[2026-06-12T04:46:16.908+0000] {processor.py:830} INFO - Processing file /opt/airflow/dags/dag_crime_pipeline.py for tasks to queue
[2026-06-12T04:46:16.912+0000] {logging_mixin.py:188} INFO - [2026-06-12T04:46:16.912+0000] {dagbag.py:538} INFO - Filling up the DagBag from /opt/airflow/dags/dag_crime_pipeline.py
[2026-06-12T04:46:16.960+0000] {processor.py:840} INFO - DAG(s) 'crime_analytics_pipeline' retrieved from /opt/airflow/dags/dag_crime_pipeline.py
[2026-06-12T04:46:17.002+0000] {logging_mixin.py:188} INFO - [2026-06-12T04:46:17.002+0000] {dag.py:3036} INFO - Sync 1 DAGs
[2026-06-12T04:46:17.276+0000] {logging_mixin.py:188} INFO - [2026-06-12T04:46:17.275+0000] {dag.py:3823} INFO - Setting next_dagrun for crime_analytics_pipeline to 2026-06-06 19:00:00+00:00, run_after=2026-06-13 19:00:00+00:00
[2026-06-12T04:46:17.299+0000] {processor.py:183} INFO - Processing /opt/airflow/dags/dag_crime_pipeline.py took 0.398 seconds
[2026-06-12T04:46:47.401+0000] {processor.py:161} INFO - Started process (PID=1999) to work on /opt/airflow/dags/dag_crime_pipeline.py
[2026-06-12T04:46:47.402+0000] {processor.py:830} INFO - Processing file /opt/airflow/dags/dag_crime_pipeline.py for tasks to queue
[2026-06-12T04:46:47.405+0000] {logging_mixin.py:188} INFO - [2026-06-12T04:46:47.405+0000] {dagbag.py:538} INFO - Filling up the DagBag from /opt/airflow/dags/dag_crime_pipeline.py
[2026-06-12T04:46:47.732+0000] {processor.py:840} INFO - DAG(s) 'crime_analytics_pipeline' retrieved from /opt/airflow/dags/dag_crime_pipeline.py
[2026-06-12T04:46:47.764+0000] {logging_mixin.py:188} INFO - [2026-06-12T04:46:47.764+0000] {dag.py:3036} INFO - Sync 1 DAGs
[2026-06-12T04:46:47.787+0000] {logging_mixin.py:188} INFO - [2026-06-12T04:46:47.786+0000] {dag.py:3823} INFO - Setting next_dagrun for crime_analytics_pipeline to 2026-06-06 19:00:00+00:00, run_after=2026-06-13 19:00:00+00:00
[2026-06-12T04:46:47.808+0000] {processor.py:183} INFO - Processing /opt/airflow/dags/dag_crime_pipeline.py took 0.413 seconds
[2026-06-12T04:47:18.228+0000] {processor.py:161} INFO - Started process (PID=2004) to work on /opt/airflow/dags/dag_crime_pipeline.py
[2026-06-12T04:47:18.229+0000] {processor.py:830} INFO - Processing file /opt/airflow/dags/dag_crime_pipeline.py for tasks to queue
[2026-06-12T04:47:18.232+0000] {logging_mixin.py:188} INFO - [2026-06-12T04:47:18.232+0000] {dagbag.py:538} INFO - Filling up the DagBag from /opt/airflow/dags/dag_crime_pipeline.py
[2026-06-12T04:47:18.279+0000] {processor.py:840} INFO - DAG(s) 'crime_analytics_pipeline' retrieved from /opt/airflow/dags/dag_crime_pipeline.py
[2026-06-12T04:47:18.317+0000] {logging_mixin.py:188} INFO - [2026-06-12T04:47:18.317+0000] {dag.py:3036} INFO - Sync 1 DAGs
[2026-06-12T04:47:18.351+0000] {logging_mixin.py:188} INFO - [2026-06-12T04:47:18.351+0000] {dag.py:3823} INFO - Setting next_dagrun for crime_analytics_pipeline to 2026-06-06 19:00:00+00:00, run_after=2026-06-13 19:00:00+00:00
[2026-06-12T04:47:18.404+0000] {processor.py:183} INFO - Processing /opt/airflow/dags/dag_crime_pipeline.py took 0.180 seconds
[2026-06-12T04:47:48.554+0000] {processor.py:161} INFO - Started process (PID=2009) to work on /opt/airflow/dags/dag_crime_pipeline.py
[2026-06-12T04:47:48.558+0000] {processor.py:830} INFO - Processing file /opt/airflow/dags/dag_crime_pipeline.py for tasks to queue
[2026-06-12T04:47:48.566+0000] {logging_mixin.py:188} INFO - [2026-06-12T04:47:48.565+0000] {dagbag.py:538} INFO - Filling up the DagBag from /opt/airflow/dags/dag_crime_pipeline.py
[2026-06-12T04:47:48.644+0000] {processor.py:840} INFO - DAG(s) 'crime_analytics_pipeline' retrieved from /opt/airflow/dags/dag_crime_pipeline.py
[2026-06-12T04:47:48.705+0000] {logging_mixin.py:188} INFO - [2026-06-12T04:47:48.704+0000] {dag.py:3036} INFO - Sync 1 DAGs
[2026-06-12T04:47:48.757+0000] {logging_mixin.py:188} INFO - [2026-06-12T04:47:48.757+0000] {dag.py:3823} INFO - Setting next_dagrun for crime_analytics_pipeline to 2026-06-06 19:00:00+00:00, run_after=2026-06-13 19:00:00+00:00
[2026-06-12T04:47:48.790+0000] {processor.py:183} INFO - Processing /opt/airflow/dags/dag_crime_pipeline.py took 0.258 seconds
[2026-06-12T04:48:19.001+0000] {processor.py:161} INFO - Started process (PID=2014) to work on /opt/airflow/dags/dag_crime_pipeline.py
[2026-06-12T04:48:19.003+0000] {processor.py:830} INFO - Processing file /opt/airflow/dags/dag_crime_pipeline.py for tasks to queue
[2026-06-12T04:48:19.005+0000] {logging_mixin.py:188} INFO - [2026-06-12T04:48:19.005+0000] {dagbag.py:538} INFO - Filling up the DagBag from /opt/airflow/dags/dag_crime_pipeline.py
[2026-06-12T04:48:19.049+0000] {processor.py:840} INFO - DAG(s) 'crime_analytics_pipeline' retrieved from /opt/airflow/dags/dag_crime_pipeline.py
[2026-06-12T04:48:19.091+0000] {logging_mixin.py:188} INFO - [2026-06-12T04:48:19.090+0000] {dag.py:3036} INFO - Sync 1 DAGs
[2026-06-12T04:48:19.152+0000] {logging_mixin.py:188} INFO - [2026-06-12T04:48:19.151+0000] {dag.py:3823} INFO - Setting next_dagrun for crime_analytics_pipeline to 2026-06-06 19:00:00+00:00, run_after=2026-06-13 19:00:00+00:00
[2026-06-12T04:48:19.205+0000] {processor.py:183} INFO - Processing /opt/airflow/dags/dag_crime_pipeline.py took 0.210 seconds
[2026-06-12T04:48:49.478+0000] {processor.py:161} INFO - Started process (PID=2019) to work on /opt/airflow/dags/dag_crime_pipeline.py
[2026-06-12T04:48:49.479+0000] {processor.py:830} INFO - Processing file /opt/airflow/dags/dag_crime_pipeline.py for tasks to queue
[2026-06-12T04:48:49.483+0000] {logging_mixin.py:188} INFO - [2026-06-12T04:48:49.482+0000] {dagbag.py:538} INFO - Filling up the DagBag from /opt/airflow/dags/dag_crime_pipeline.py
[2026-06-12T04:48:49.525+0000] {processor.py:840} INFO - DAG(s) 'crime_analytics_pipeline' retrieved from /opt/airflow/dags/dag_crime_pipeline.py
[2026-06-12T04:48:49.561+0000] {logging_mixin.py:188} INFO - [2026-06-12T04:48:49.561+0000] {dag.py:3036} INFO - Sync 1 DAGs
[2026-06-12T04:48:49.587+0000] {logging_mixin.py:188} INFO - [2026-06-12T04:48:49.587+0000] {dag.py:3823} INFO - Setting next_dagrun for crime_analytics_pipeline to 2026-06-06 19:00:00+00:00, run_after=2026-06-13 19:00:00+00:00
[2026-06-12T04:48:49.636+0000] {processor.py:183} INFO - Processing /opt/airflow/dags/dag_crime_pipeline.py took 0.163 seconds
[2026-06-12T04:49:19.842+0000] {processor.py:161} INFO - Started process (PID=2024) to work on /opt/airflow/dags/dag_crime_pipeline.py
[2026-06-12T04:49:19.844+0000] {processor.py:830} INFO - Processing file /opt/airflow/dags/dag_crime_pipeline.py for tasks to queue
[2026-06-12T04:49:19.847+0000] {logging_mixin.py:188} INFO - [2026-06-12T04:49:19.846+0000] {dagbag.py:538} INFO - Filling up the DagBag from /opt/airflow/dags/dag_crime_pipeline.py
[2026-06-12T04:49:19.890+0000] {processor.py:840} INFO - DAG(s) 'crime_analytics_pipeline' retrieved from /opt/airflow/dags/dag_crime_pipeline.py
[2026-06-12T04:49:19.928+0000] {logging_mixin.py:188} INFO - [2026-06-12T04:49:19.927+0000] {dag.py:3036} INFO - Sync 1 DAGs
[2026-06-12T04:49:19.952+0000] {logging_mixin.py:188} INFO - [2026-06-12T04:49:19.952+0000] {dag.py:3823} INFO - Setting next_dagrun for crime_analytics_pipeline to 2026-06-06 19:00:00+00:00, run_after=2026-06-13 19:00:00+00:00
[2026-06-12T04:49:19.996+0000] {processor.py:183} INFO - Processing /opt/airflow/dags/dag_crime_pipeline.py took 0.159 seconds
[2026-06-12T04:49:50.288+0000] {processor.py:161} INFO - Started process (PID=2029) to work on /opt/airflow/dags/dag_crime_pipeline.py
[2026-06-12T04:49:50.290+0000] {processor.py:830} INFO - Processing file /opt/airflow/dags/dag_crime_pipeline.py for tasks to queue
[2026-06-12T04:49:50.293+0000] {logging_mixin.py:188} INFO - [2026-06-12T04:49:50.293+0000] {dagbag.py:538} INFO - Filling up the DagBag from /opt/airflow/dags/dag_crime_pipeline.py
[2026-06-12T04:49:50.341+0000] {processor.py:840} INFO - DAG(s) 'crime_analytics_pipeline' retrieved from /opt/airflow/dags/dag_crime_pipeline.py
[2026-06-12T04:49:50.374+0000] {logging_mixin.py:188} INFO - [2026-06-12T04:49:50.373+0000] {dag.py:3036} INFO - Sync 1 DAGs
[2026-06-12T04:49:50.397+0000] {logging_mixin.py:188} INFO - [2026-06-12T04:49:50.397+0000] {dag.py:3823} INFO - Setting next_dagrun for crime_analytics_pipeline to 2026-06-06 19:00:00+00:00, run_after=2026-06-13 19:00:00+00:00
[2026-06-12T04:49:50.434+0000] {processor.py:183} INFO - Processing /opt/airflow/dags/dag_crime_pipeline.py took 0.150 seconds
[2026-06-12T04:50:20.744+0000] {processor.py:161} INFO - Started process (PID=2034) to work on /opt/airflow/dags/dag_crime_pipeline.py
[2026-06-12T04:50:20.746+0000] {processor.py:830} INFO - Processing file /opt/airflow/dags/dag_crime_pipeline.py for tasks to queue
[2026-06-12T04:50:20.749+0000] {logging_mixin.py:188} INFO - [2026-06-12T04:50:20.749+0000] {dagbag.py:538} INFO - Filling up the DagBag from /opt/airflow/dags/dag_crime_pipeline.py
[2026-06-12T04:50:20.793+0000] {processor.py:840} INFO - DAG(s) 'crime_analytics_pipeline' retrieved from /opt/airflow/dags/dag_crime_pipeline.py
[2026-06-12T04:50:20.831+0000] {logging_mixin.py:188} INFO - [2026-06-12T04:50:20.830+0000] {dag.py:3036} INFO - Sync 1 DAGs
[2026-06-12T04:50:20.857+0000] {logging_mixin.py:188} INFO - [2026-06-12T04:50:20.856+0000] {dag.py:3823} INFO - Setting next_dagrun for crime_analytics_pipeline to 2026-06-06 19:00:00+00:00, run_after=2026-06-13 19:00:00+00:00
[2026-06-12T04:50:20.903+0000] {processor.py:183} INFO - Processing /opt/airflow/dags/dag_crime_pipeline.py took 0.164 seconds
[2026-06-12T04:50:51.166+0000] {processor.py:161} INFO - Started process (PID=2039) to work on /opt/airflow/dags/dag_crime_pipeline.py
[2026-06-12T04:50:51.168+0000] {processor.py:830} INFO - Processing file /opt/airflow/dags/dag_crime_pipeline.py for tasks to queue
[2026-06-12T04:50:51.171+0000] {logging_mixin.py:188} INFO - [2026-06-12T04:50:51.170+0000] {dagbag.py:538} INFO - Filling up the DagBag from /opt/airflow/dags/dag_crime_pipeline.py
[2026-06-12T04:50:51.212+0000] {processor.py:840} INFO - DAG(s) 'crime_analytics_pipeline' retrieved from /opt/airflow/dags/dag_crime_pipeline.py
[2026-06-12T04:50:51.248+0000] {logging_mixin.py:188} INFO - [2026-06-12T04:50:51.248+0000] {dag.py:3036} INFO - Sync 1 DAGs
[2026-06-12T04:50:51.272+0000] {logging_mixin.py:188} INFO - [2026-06-12T04:50:51.272+0000] {dag.py:3823} INFO - Setting next_dagrun for crime_analytics_pipeline to 2026-06-06 19:00:00+00:00, run_after=2026-06-13 19:00:00+00:00
[2026-06-12T04:50:51.316+0000] {processor.py:183} INFO - Processing /opt/airflow/dags/dag_crime_pipeline.py took 0.154 seconds
[2026-06-12T04:51:21.599+0000] {processor.py:161} INFO - Started process (PID=2044) to work on /opt/airflow/dags/dag_crime_pipeline.py
[2026-06-12T04:51:21.600+0000] {processor.py:830} INFO - Processing file /opt/airflow/dags/dag_crime_pipeline.py for tasks to queue
[2026-06-12T04:51:21.603+0000] {logging_mixin.py:188} INFO - [2026-06-12T04:51:21.603+0000] {dagbag.py:538} INFO - Filling up the DagBag from /opt/airflow/dags/dag_crime_pipeline.py
[2026-06-12T04:51:21.645+0000] {processor.py:840} INFO - DAG(s) 'crime_analytics_pipeline' retrieved from /opt/airflow/dags/dag_crime_pipeline.py
[2026-06-12T04:51:21.679+0000] {logging_mixin.py:188} INFO - [2026-06-12T04:51:21.678+0000] {dag.py:3036} INFO - Sync 1 DAGs
[2026-06-12T04:51:21.704+0000] {logging_mixin.py:188} INFO - [2026-06-12T04:51:21.704+0000] {dag.py:3823} INFO - Setting next_dagrun for crime_analytics_pipeline to 2026-06-06 19:00:00+00:00, run_after=2026-06-13 19:00:00+00:00
[2026-06-12T04:51:21.730+0000] {processor.py:183} INFO - Processing /opt/airflow/dags/dag_crime_pipeline.py took 0.135 seconds
[2026-06-12T04:51:51.964+0000] {processor.py:161} INFO - Started process (PID=2049) to work on /opt/airflow/dags/dag_crime_pipeline.py
[2026-06-12T04:51:51.966+0000] {processor.py:830} INFO - Processing file /opt/airflow/dags/dag_crime_pipeline.py for tasks to queue
[2026-06-12T04:51:51.970+0000] {logging_mixin.py:188} INFO - [2026-06-12T04:51:51.969+0000] {dagbag.py:538} INFO - Filling up the DagBag from /opt/airflow/dags/dag_crime_pipeline.py
[2026-06-12T04:51:52.013+0000] {processor.py:840} INFO - DAG(s) 'crime_analytics_pipeline' retrieved from /opt/airflow/dags/dag_crime_pipeline.py
[2026-06-12T04:51:52.050+0000] {logging_mixin.py:188} INFO - [2026-06-12T04:51:52.050+0000] {dag.py:3036} INFO - Sync 1 DAGs
[2026-06-12T04:51:52.072+0000] {logging_mixin.py:188} INFO - [2026-06-12T04:51:52.072+0000] {dag.py:3823} INFO - Setting next_dagrun for crime_analytics_pipeline to 2026-06-06 19:00:00+00:00, run_after=2026-06-13 19:00:00+00:00
[2026-06-12T04:51:52.113+0000] {processor.py:183} INFO - Processing /opt/airflow/dags/dag_crime_pipeline.py took 0.154 seconds
[2026-06-12T04:52:22.412+0000] {processor.py:161} INFO - Started process (PID=2054) to work on /opt/airflow/dags/dag_crime_pipeline.py
[2026-06-12T04:52:22.414+0000] {processor.py:830} INFO - Processing file /opt/airflow/dags/dag_crime_pipeline.py for tasks to queue
[2026-06-12T04:52:22.416+0000] {logging_mixin.py:188} INFO - [2026-06-12T04:52:22.416+0000] {dagbag.py:538} INFO - Filling up the DagBag from /opt/airflow/dags/dag_crime_pipeline.py
[2026-06-12T04:52:22.460+0000] {processor.py:840} INFO - DAG(s) 'crime_analytics_pipeline' retrieved from /opt/airflow/dags/dag_crime_pipeline.py
[2026-06-12T04:52:22.500+0000] {logging_mixin.py:188} INFO - [2026-06-12T04:52:22.500+0000] {dag.py:3036} INFO - Sync 1 DAGs
[2026-06-12T04:52:22.528+0000] {logging_mixin.py:188} INFO - [2026-06-12T04:52:22.527+0000] {dag.py:3823} INFO - Setting next_dagrun for crime_analytics_pipeline to 2026-06-06 19:00:00+00:00, run_after=2026-06-13 19:00:00+00:00
[2026-06-12T04:52:22.552+0000] {processor.py:183} INFO - Processing /opt/airflow/dags/dag_crime_pipeline.py took 0.145 seconds
[2026-06-12T04:52:52.817+0000] {processor.py:161} INFO - Started process (PID=2059) to work on /opt/airflow/dags/dag_crime_pipeline.py
[2026-06-12T04:52:52.819+0000] {processor.py:830} INFO - Processing file /opt/airflow/dags/dag_crime_pipeline.py for tasks to queue
[2026-06-12T04:52:52.822+0000] {logging_mixin.py:188} INFO - [2026-06-12T04:52:52.821+0000] {dagbag.py:538} INFO - Filling up the DagBag from /opt/airflow/dags/dag_crime_pipeline.py
[2026-06-12T04:52:52.865+0000] {processor.py:840} INFO - DAG(s) 'crime_analytics_pipeline' retrieved from /opt/airflow/dags/dag_crime_pipeline.py
[2026-06-12T04:52:52.903+0000] {logging_mixin.py:188} INFO - [2026-06-12T04:52:52.902+0000] {dag.py:3036} INFO - Sync 1 DAGs
[2026-06-12T04:52:52.928+0000] {logging_mixin.py:188} INFO - [2026-06-12T04:52:52.928+0000] {dag.py:3823} INFO - Setting next_dagrun for crime_analytics_pipeline to 2026-06-06 19:00:00+00:00, run_after=2026-06-13 19:00:00+00:00
[2026-06-12T04:52:52.955+0000] {processor.py:183} INFO - Processing /opt/airflow/dags/dag_crime_pipeline.py took 0.142 seconds
[2026-06-12T04:53:23.234+0000] {processor.py:161} INFO - Started process (PID=2064) to work on /opt/airflow/dags/dag_crime_pipeline.py
[2026-06-12T04:53:23.235+0000] {processor.py:830} INFO - Processing file /opt/airflow/dags/dag_crime_pipeline.py for tasks to queue
[2026-06-12T04:53:23.238+0000] {logging_mixin.py:188} INFO - [2026-06-12T04:53:23.237+0000] {dagbag.py:538} INFO - Filling up the DagBag from /opt/airflow/dags/dag_crime_pipeline.py
[2026-06-12T04:53:23.282+0000] {processor.py:840} INFO - DAG(s) 'crime_analytics_pipeline' retrieved from /opt/airflow/dags/dag_crime_pipeline.py
[2026-06-12T04:53:23.317+0000] {logging_mixin.py:188} INFO - [2026-06-12T04:53:23.317+0000] {dag.py:3036} INFO - Sync 1 DAGs
[2026-06-12T04:53:23.343+0000] {logging_mixin.py:188} INFO - [2026-06-12T04:53:23.342+0000] {dag.py:3823} INFO - Setting next_dagrun for crime_analytics_pipeline to 2026-06-06 19:00:00+00:00, run_after=2026-06-13 19:00:00+00:00
[2026-06-12T04:53:23.364+0000] {processor.py:183} INFO - Processing /opt/airflow/dags/dag_crime_pipeline.py took 0.135 seconds
[2026-06-12T04:53:53.638+0000] {processor.py:161} INFO - Started process (PID=2069) to work on /opt/airflow/dags/dag_crime_pipeline.py
[2026-06-12T04:53:53.639+0000] {processor.py:830} INFO - Processing file /opt/airflow/dags/dag_crime_pipeline.py for tasks to queue
[2026-06-12T04:53:53.642+0000] {logging_mixin.py:188} INFO - [2026-06-12T04:53:53.642+0000] {dagbag.py:538} INFO - Filling up the DagBag from /opt/airflow/dags/dag_crime_pipeline.py
[2026-06-12T04:53:53.686+0000] {processor.py:840} INFO - DAG(s) 'crime_analytics_pipeline' retrieved from /opt/airflow/dags/dag_crime_pipeline.py
[2026-06-12T04:53:53.721+0000] {logging_mixin.py:188} INFO - [2026-06-12T04:53:53.720+0000] {dag.py:3036} INFO - Sync 1 DAGs
[2026-06-12T04:53:53.745+0000] {logging_mixin.py:188} INFO - [2026-06-12T04:53:53.745+0000] {dag.py:3823} INFO - Setting next_dagrun for crime_analytics_pipeline to 2026-06-06 19:00:00+00:00, run_after=2026-06-13 19:00:00+00:00
[2026-06-12T04:53:53.789+0000] {processor.py:183} INFO - Processing /opt/airflow/dags/dag_crime_pipeline.py took 0.155 seconds
[2026-06-12T04:54:24.035+0000] {processor.py:161} INFO - Started process (PID=2074) to work on /opt/airflow/dags/dag_crime_pipeline.py
[2026-06-12T04:54:24.036+0000] {processor.py:830} INFO - Processing file /opt/airflow/dags/dag_crime_pipeline.py for tasks to queue
[2026-06-12T04:54:24.040+0000] {logging_mixin.py:188} INFO - [2026-06-12T04:54:24.039+0000] {dagbag.py:538} INFO - Filling up the DagBag from /opt/airflow/dags/dag_crime_pipeline.py
[2026-06-12T04:54:24.086+0000] {processor.py:840} INFO - DAG(s) 'crime_analytics_pipeline' retrieved from /opt/airflow/dags/dag_crime_pipeline.py
[2026-06-12T04:54:24.124+0000] {logging_mixin.py:188} INFO - [2026-06-12T04:54:24.123+0000] {dag.py:3036} INFO - Sync 1 DAGs
[2026-06-12T04:54:24.150+0000] {logging_mixin.py:188} INFO - [2026-06-12T04:54:24.149+0000] {dag.py:3823} INFO - Setting next_dagrun for crime_analytics_pipeline to 2026-06-06 19:00:00+00:00, run_after=2026-06-13 19:00:00+00:00
[2026-06-12T04:54:24.172+0000] {processor.py:183} INFO - Processing /opt/airflow/dags/dag_crime_pipeline.py took 0.142 seconds
[2026-06-12T04:54:54.452+0000] {processor.py:161} INFO - Started process (PID=2079) to work on /opt/airflow/dags/dag_crime_pipeline.py
[2026-06-12T04:54:54.453+0000] {processor.py:830} INFO - Processing file /opt/airflow/dags/dag_crime_pipeline.py for tasks to queue
[2026-06-12T04:54:54.456+0000] {logging_mixin.py:188} INFO - [2026-06-12T04:54:54.456+0000] {dagbag.py:538} INFO - Filling up the DagBag from /opt/airflow/dags/dag_crime_pipeline.py
[2026-06-12T04:54:54.498+0000] {processor.py:840} INFO - DAG(s) 'crime_analytics_pipeline' retrieved from /opt/airflow/dags/dag_crime_pipeline.py
[2026-06-12T04:54:54.532+0000] {logging_mixin.py:188} INFO - [2026-06-12T04:54:54.532+0000] {dag.py:3036} INFO - Sync 1 DAGs
[2026-06-12T04:54:54.554+0000] {logging_mixin.py:188} INFO - [2026-06-12T04:54:54.554+0000] {dag.py:3823} INFO - Setting next_dagrun for crime_analytics_pipeline to 2026-06-06 19:00:00+00:00, run_after=2026-06-13 19:00:00+00:00
[2026-06-12T04:54:54.576+0000] {processor.py:183} INFO - Processing /opt/airflow/dags/dag_crime_pipeline.py took 0.130 seconds
[2026-06-12T04:55:25.074+0000] {processor.py:161} INFO - Started process (PID=2084) to work on /opt/airflow/dags/dag_crime_pipeline.py
[2026-06-12T04:55:25.076+0000] {processor.py:830} INFO - Processing file /opt/airflow/dags/dag_crime_pipeline.py for tasks to queue
[2026-06-12T04:55:25.080+0000] {logging_mixin.py:188} INFO - [2026-06-12T04:55:25.079+0000] {dagbag.py:538} INFO - Filling up the DagBag from /opt/airflow/dags/dag_crime_pipeline.py
[2026-06-12T04:55:25.130+0000] {processor.py:840} INFO - DAG(s) 'crime_analytics_pipeline' retrieved from /opt/airflow/dags/dag_crime_pipeline.py
[2026-06-12T04:55:25.167+0000] {logging_mixin.py:188} INFO - [2026-06-12T04:55:25.166+0000] {dag.py:3036} INFO - Sync 1 DAGs
[2026-06-12T04:55:25.193+0000] {logging_mixin.py:188} INFO - [2026-06-12T04:55:25.192+0000] {dag.py:3823} INFO - Setting next_dagrun for crime_analytics_pipeline to 2026-06-06 19:00:00+00:00, run_after=2026-06-13 19:00:00+00:00
[2026-06-12T04:55:25.217+0000] {processor.py:183} INFO - Processing /opt/airflow/dags/dag_crime_pipeline.py took 0.150 seconds
[2026-06-12T04:55:55.560+0000] {processor.py:161} INFO - Started process (PID=2089) to work on /opt/airflow/dags/dag_crime_pipeline.py
[2026-06-12T04:55:55.562+0000] {processor.py:830} INFO - Processing file /opt/airflow/dags/dag_crime_pipeline.py for tasks to queue
[2026-06-12T04:55:55.566+0000] {logging_mixin.py:188} INFO - [2026-06-12T04:55:55.565+0000] {dagbag.py:538} INFO - Filling up the DagBag from /opt/airflow/dags/dag_crime_pipeline.py
[2026-06-12T04:55:55.608+0000] {processor.py:840} INFO - DAG(s) 'crime_analytics_pipeline' retrieved from /opt/airflow/dags/dag_crime_pipeline.py
[2026-06-12T04:55:55.644+0000] {logging_mixin.py:188} INFO - [2026-06-12T04:55:55.644+0000] {dag.py:3036} INFO - Sync 1 DAGs
[2026-06-12T04:55:55.668+0000] {logging_mixin.py:188} INFO - [2026-06-12T04:55:55.668+0000] {dag.py:3823} INFO - Setting next_dagrun for crime_analytics_pipeline to 2026-06-06 19:00:00+00:00, run_after=2026-06-13 19:00:00+00:00
[2026-06-12T04:55:55.691+0000] {processor.py:183} INFO - Processing /opt/airflow/dags/dag_crime_pipeline.py took 0.135 seconds
[2026-06-12T04:56:25.940+0000] {processor.py:161} INFO - Started process (PID=2094) to work on /opt/airflow/dags/dag_crime_pipeline.py
[2026-06-12T04:56:25.941+0000] {processor.py:830} INFO - Processing file /opt/airflow/dags/dag_crime_pipeline.py for tasks to queue
[2026-06-12T04:56:25.962+0000] {logging_mixin.py:188} INFO - [2026-06-12T04:56:25.961+0000] {dagbag.py:538} INFO - Filling up the DagBag from /opt/airflow/dags/dag_crime_pipeline.py
[2026-06-12T04:56:26.004+0000] {processor.py:840} INFO - DAG(s) 'crime_analytics_pipeline' retrieved from /opt/airflow/dags/dag_crime_pipeline.py
[2026-06-12T04:56:26.040+0000] {logging_mixin.py:188} INFO - [2026-06-12T04:56:26.039+0000] {dag.py:3036} INFO - Sync 1 DAGs
[2026-06-12T04:56:26.064+0000] {logging_mixin.py:188} INFO - [2026-06-12T04:56:26.063+0000] {dag.py:3823} INFO - Setting next_dagrun for crime_analytics_pipeline to 2026-06-06 19:00:00+00:00, run_after=2026-06-13 19:00:00+00:00
[2026-06-12T04:56:26.088+0000] {processor.py:183} INFO - Processing /opt/airflow/dags/dag_crime_pipeline.py took 0.154 seconds
[2026-06-12T04:56:56.280+0000] {processor.py:161} INFO - Started process (PID=2099) to work on /opt/airflow/dags/dag_crime_pipeline.py
[2026-06-12T04:56:56.282+0000] {processor.py:830} INFO - Processing file /opt/airflow/dags/dag_crime_pipeline.py for tasks to queue
[2026-06-12T04:56:56.285+0000] {logging_mixin.py:188} INFO - [2026-06-12T04:56:56.285+0000] {dagbag.py:538} INFO - Filling up the DagBag from /opt/airflow/dags/dag_crime_pipeline.py
[2026-06-12T04:56:56.328+0000] {processor.py:840} INFO - DAG(s) 'crime_analytics_pipeline' retrieved from /opt/airflow/dags/dag_crime_pipeline.py
[2026-06-12T04:56:56.368+0000] {logging_mixin.py:188} INFO - [2026-06-12T04:56:56.367+0000] {dag.py:3036} INFO - Sync 1 DAGs
[2026-06-12T04:56:56.396+0000] {logging_mixin.py:188} INFO - [2026-06-12T04:56:56.395+0000] {dag.py:3823} INFO - Setting next_dagrun for crime_analytics_pipeline to 2026-06-06 19:00:00+00:00, run_after=2026-06-13 19:00:00+00:00
[2026-06-12T04:56:56.425+0000] {processor.py:183} INFO - Processing /opt/airflow/dags/dag_crime_pipeline.py took 0.149 seconds
[2026-06-12T04:57:26.725+0000] {processor.py:161} INFO - Started process (PID=2104) to work on /opt/airflow/dags/dag_crime_pipeline.py
[2026-06-12T04:57:26.729+0000] {processor.py:830} INFO - Processing file /opt/airflow/dags/dag_crime_pipeline.py for tasks to queue
[2026-06-12T04:57:26.739+0000] {logging_mixin.py:188} INFO - [2026-06-12T04:57:26.738+0000] {dagbag.py:538} INFO - Filling up the DagBag from /opt/airflow/dags/dag_crime_pipeline.py
[2026-06-12T04:57:26.805+0000] {processor.py:840} INFO - DAG(s) 'crime_analytics_pipeline' retrieved from /opt/airflow/dags/dag_crime_pipeline.py
[2026-06-12T04:57:26.850+0000] {logging_mixin.py:188} INFO - [2026-06-12T04:57:26.850+0000] {dag.py:3036} INFO - Sync 1 DAGs
[2026-06-12T04:57:26.887+0000] {logging_mixin.py:188} INFO - [2026-06-12T04:57:26.887+0000] {dag.py:3823} INFO - Setting next_dagrun for crime_analytics_pipeline to 2026-06-06 19:00:00+00:00, run_after=2026-06-13 19:00:00+00:00
[2026-06-12T04:57:26.932+0000] {processor.py:183} INFO - Processing /opt/airflow/dags/dag_crime_pipeline.py took 0.214 seconds
[2026-06-12T04:57:57.110+0000] {processor.py:161} INFO - Started process (PID=2109) to work on /opt/airflow/dags/dag_crime_pipeline.py
[2026-06-12T04:57:57.113+0000] {processor.py:830} INFO - Processing file /opt/airflow/dags/dag_crime_pipeline.py for tasks to queue
[2026-06-12T04:57:57.117+0000] {logging_mixin.py:188} INFO - [2026-06-12T04:57:57.116+0000] {dagbag.py:538} INFO - Filling up the DagBag from /opt/airflow/dags/dag_crime_pipeline.py
[2026-06-12T04:57:57.165+0000] {processor.py:840} INFO - DAG(s) 'crime_analytics_pipeline' retrieved from /opt/airflow/dags/dag_crime_pipeline.py
[2026-06-12T04:57:57.210+0000] {logging_mixin.py:188} INFO - [2026-06-12T04:57:57.209+0000] {dag.py:3036} INFO - Sync 1 DAGs
[2026-06-12T04:57:57.243+0000] {logging_mixin.py:188} INFO - [2026-06-12T04:57:57.243+0000] {dag.py:3823} INFO - Setting next_dagrun for crime_analytics_pipeline to 2026-06-06 19:00:00+00:00, run_after=2026-06-13 19:00:00+00:00
[2026-06-12T04:57:57.281+0000] {processor.py:183} INFO - Processing /opt/airflow/dags/dag_crime_pipeline.py took 0.175 seconds
[2026-06-12T04:58:27.421+0000] {processor.py:161} INFO - Started process (PID=2114) to work on /opt/airflow/dags/dag_crime_pipeline.py
[2026-06-12T04:58:27.424+0000] {processor.py:830} INFO - Processing file /opt/airflow/dags/dag_crime_pipeline.py for tasks to queue
[2026-06-12T04:58:27.427+0000] {logging_mixin.py:188} INFO - [2026-06-12T04:58:27.427+0000] {dagbag.py:538} INFO - Filling up the DagBag from /opt/airflow/dags/dag_crime_pipeline.py
[2026-06-12T04:58:27.477+0000] {processor.py:840} INFO - DAG(s) 'crime_analytics_pipeline' retrieved from /opt/airflow/dags/dag_crime_pipeline.py
[2026-06-12T04:58:27.520+0000] {logging_mixin.py:188} INFO - [2026-06-12T04:58:27.519+0000] {dag.py:3036} INFO - Sync 1 DAGs
[2026-06-12T04:58:27.550+0000] {logging_mixin.py:188} INFO - [2026-06-12T04:58:27.550+0000] {dag.py:3823} INFO - Setting next_dagrun for crime_analytics_pipeline to 2026-06-06 19:00:00+00:00, run_after=2026-06-13 19:00:00+00:00
[2026-06-12T04:58:27.578+0000] {processor.py:183} INFO - Processing /opt/airflow/dags/dag_crime_pipeline.py took 0.162 seconds
[2026-06-12T04:58:57.953+0000] {processor.py:161} INFO - Started process (PID=2119) to work on /opt/airflow/dags/dag_crime_pipeline.py
[2026-06-12T04:58:57.955+0000] {processor.py:830} INFO - Processing file /opt/airflow/dags/dag_crime_pipeline.py for tasks to queue
[2026-06-12T04:58:57.959+0000] {logging_mixin.py:188} INFO - [2026-06-12T04:58:57.958+0000] {dagbag.py:538} INFO - Filling up the DagBag from /opt/airflow/dags/dag_crime_pipeline.py
[2026-06-12T04:58:58.007+0000] {processor.py:840} INFO - DAG(s) 'crime_analytics_pipeline' retrieved from /opt/airflow/dags/dag_crime_pipeline.py
[2026-06-12T04:58:58.046+0000] {logging_mixin.py:188} INFO - [2026-06-12T04:58:58.045+0000] {dag.py:3036} INFO - Sync 1 DAGs
[2026-06-12T04:58:58.077+0000] {logging_mixin.py:188} INFO - [2026-06-12T04:58:58.076+0000] {dag.py:3823} INFO - Setting next_dagrun for crime_analytics_pipeline to 2026-06-06 19:00:00+00:00, run_after=2026-06-13 19:00:00+00:00
[2026-06-12T04:58:58.123+0000] {processor.py:183} INFO - Processing /opt/airflow/dags/dag_crime_pipeline.py took 0.175 seconds
[2026-06-12T04:59:28.267+0000] {processor.py:161} INFO - Started process (PID=2124) to work on /opt/airflow/dags/dag_crime_pipeline.py
[2026-06-12T04:59:28.269+0000] {processor.py:830} INFO - Processing file /opt/airflow/dags/dag_crime_pipeline.py for tasks to queue
[2026-06-12T04:59:28.272+0000] {logging_mixin.py:188} INFO - [2026-06-12T04:59:28.271+0000] {dagbag.py:538} INFO - Filling up the DagBag from /opt/airflow/dags/dag_crime_pipeline.py
[2026-06-12T04:59:28.316+0000] {processor.py:840} INFO - DAG(s) 'crime_analytics_pipeline' retrieved from /opt/airflow/dags/dag_crime_pipeline.py
[2026-06-12T04:59:28.356+0000] {logging_mixin.py:188} INFO - [2026-06-12T04:59:28.355+0000] {dag.py:3036} INFO - Sync 1 DAGs
[2026-06-12T04:59:28.381+0000] {logging_mixin.py:188} INFO - [2026-06-12T04:59:28.381+0000] {dag.py:3823} INFO - Setting next_dagrun for crime_analytics_pipeline to 2026-06-06 19:00:00+00:00, run_after=2026-06-13 19:00:00+00:00
[2026-06-12T04:59:28.426+0000] {processor.py:183} INFO - Processing /opt/airflow/dags/dag_crime_pipeline.py took 0.164 seconds
[2026-06-12T04:59:58.753+0000] {processor.py:161} INFO - Started process (PID=2129) to work on /opt/airflow/dags/dag_crime_pipeline.py
[2026-06-12T04:59:58.754+0000] {processor.py:830} INFO - Processing file /opt/airflow/dags/dag_crime_pipeline.py for tasks to queue
[2026-06-12T04:59:58.757+0000] {logging_mixin.py:188} INFO - [2026-06-12T04:59:58.757+0000] {dagbag.py:538} INFO - Filling up the DagBag from /opt/airflow/dags/dag_crime_pipeline.py
[2026-06-12T04:59:58.806+0000] {processor.py:840} INFO - DAG(s) 'crime_analytics_pipeline' retrieved from /opt/airflow/dags/dag_crime_pipeline.py
[2026-06-12T04:59:58.842+0000] {logging_mixin.py:188} INFO - [2026-06-12T04:59:58.841+0000] {dag.py:3036} INFO - Sync 1 DAGs
[2026-06-12T04:59:58.873+0000] {logging_mixin.py:188} INFO - [2026-06-12T04:59:58.872+0000] {dag.py:3823} INFO - Setting next_dagrun for crime_analytics_pipeline to 2026-06-06 19:00:00+00:00, run_after=2026-06-13 19:00:00+00:00
[2026-06-12T04:59:58.918+0000] {processor.py:183} INFO - Processing /opt/airflow/dags/dag_crime_pipeline.py took 0.169 seconds
[2026-06-12T05:00:29.598+0000] {processor.py:161} INFO - Started process (PID=2134) to work on /opt/airflow/dags/dag_crime_pipeline.py
[2026-06-12T05:00:29.600+0000] {processor.py:830} INFO - Processing file /opt/airflow/dags/dag_crime_pipeline.py for tasks to queue
[2026-06-12T05:00:29.603+0000] {logging_mixin.py:188} INFO - [2026-06-12T05:00:29.602+0000] {dagbag.py:538} INFO - Filling up the DagBag from /opt/airflow/dags/dag_crime_pipeline.py
[2026-06-12T05:00:29.653+0000] {processor.py:840} INFO - DAG(s) 'crime_analytics_pipeline' retrieved from /opt/airflow/dags/dag_crime_pipeline.py
[2026-06-12T05:00:29.697+0000] {logging_mixin.py:188} INFO - [2026-06-12T05:00:29.696+0000] {dag.py:3036} INFO - Sync 1 DAGs
[2026-06-12T05:00:29.724+0000] {logging_mixin.py:188} INFO - [2026-06-12T05:00:29.724+0000] {dag.py:3823} INFO - Setting next_dagrun for crime_analytics_pipeline to 2026-06-06 19:00:00+00:00, run_after=2026-06-13 19:00:00+00:00
[2026-06-12T05:00:29.747+0000] {processor.py:183} INFO - Processing /opt/airflow/dags/dag_crime_pipeline.py took 0.154 seconds
[2026-06-12T05:01:00.794+0000] {processor.py:161} INFO - Started process (PID=2139) to work on /opt/airflow/dags/dag_crime_pipeline.py
[2026-06-12T05:01:00.797+0000] {processor.py:830} INFO - Processing file /opt/airflow/dags/dag_crime_pipeline.py for tasks to queue
[2026-06-12T05:01:00.799+0000] {logging_mixin.py:188} INFO - [2026-06-12T05:01:00.799+0000] {dagbag.py:538} INFO - Filling up the DagBag from /opt/airflow/dags/dag_crime_pipeline.py
[2026-06-12T05:01:00.850+0000] {processor.py:840} INFO - DAG(s) 'crime_analytics_pipeline' retrieved from /opt/airflow/dags/dag_crime_pipeline.py
[2026-06-12T05:01:00.893+0000] {logging_mixin.py:188} INFO - [2026-06-12T05:01:00.892+0000] {dag.py:3036} INFO - Sync 1 DAGs
[2026-06-12T05:01:00.921+0000] {logging_mixin.py:188} INFO - [2026-06-12T05:01:00.920+0000] {dag.py:3823} INFO - Setting next_dagrun for crime_analytics_pipeline to 2026-06-06 19:00:00+00:00, run_after=2026-06-13 19:00:00+00:00
[2026-06-12T05:01:00.943+0000] {processor.py:183} INFO - Processing /opt/airflow/dags/dag_crime_pipeline.py took 0.153 seconds
[2026-06-12T05:01:31.171+0000] {processor.py:161} INFO - Started process (PID=2144) to work on /opt/airflow/dags/dag_crime_pipeline.py
[2026-06-12T05:01:31.173+0000] {processor.py:830} INFO - Processing file /opt/airflow/dags/dag_crime_pipeline.py for tasks to queue
[2026-06-12T05:01:31.176+0000] {logging_mixin.py:188} INFO - [2026-06-12T05:01:31.175+0000] {dagbag.py:538} INFO - Filling up the DagBag from /opt/airflow/dags/dag_crime_pipeline.py
[2026-06-12T05:01:31.220+0000] {processor.py:840} INFO - DAG(s) 'crime_analytics_pipeline' retrieved from /opt/airflow/dags/dag_crime_pipeline.py
[2026-06-12T05:01:31.263+0000] {logging_mixin.py:188} INFO - [2026-06-12T05:01:31.262+0000] {dag.py:3036} INFO - Sync 1 DAGs
[2026-06-12T05:01:31.291+0000] {logging_mixin.py:188} INFO - [2026-06-12T05:01:31.291+0000] {dag.py:3823} INFO - Setting next_dagrun for crime_analytics_pipeline to 2026-06-06 19:00:00+00:00, run_after=2026-06-13 19:00:00+00:00
[2026-06-12T05:01:31.315+0000] {processor.py:183} INFO - Processing /opt/airflow/dags/dag_crime_pipeline.py took 0.149 seconds
[2026-06-12T05:02:01.775+0000] {processor.py:161} INFO - Started process (PID=2149) to work on /opt/airflow/dags/dag_crime_pipeline.py
[2026-06-12T05:02:01.777+0000] {processor.py:830} INFO - Processing file /opt/airflow/dags/dag_crime_pipeline.py for tasks to queue
[2026-06-12T05:02:01.780+0000] {logging_mixin.py:188} INFO - [2026-06-12T05:02:01.779+0000] {dagbag.py:538} INFO - Filling up the DagBag from /opt/airflow/dags/dag_crime_pipeline.py
[2026-06-12T05:02:01.829+0000] {processor.py:840} INFO - DAG(s) 'crime_analytics_pipeline' retrieved from /opt/airflow/dags/dag_crime_pipeline.py
[2026-06-12T05:02:01.869+0000] {logging_mixin.py:188} INFO - [2026-06-12T05:02:01.869+0000] {dag.py:3036} INFO - Sync 1 DAGs
[2026-06-12T05:02:01.898+0000] {logging_mixin.py:188} INFO - [2026-06-12T05:02:01.898+0000] {dag.py:3823} INFO - Setting next_dagrun for crime_analytics_pipeline to 2026-06-06 19:00:00+00:00, run_after=2026-06-13 19:00:00+00:00
[2026-06-12T05:02:01.922+0000] {processor.py:183} INFO - Processing /opt/airflow/dags/dag_crime_pipeline.py took 0.151 seconds
[2026-06-12T05:02:32.079+0000] {processor.py:161} INFO - Started process (PID=2154) to work on /opt/airflow/dags/dag_crime_pipeline.py
[2026-06-12T05:02:32.081+0000] {processor.py:830} INFO - Processing file /opt/airflow/dags/dag_crime_pipeline.py for tasks to queue
[2026-06-12T05:02:32.084+0000] {logging_mixin.py:188} INFO - [2026-06-12T05:02:32.083+0000] {dagbag.py:538} INFO - Filling up the DagBag from /opt/airflow/dags/dag_crime_pipeline.py
[2026-06-12T05:02:32.130+0000] {processor.py:840} INFO - DAG(s) 'crime_analytics_pipeline' retrieved from /opt/airflow/dags/dag_crime_pipeline.py
[2026-06-12T05:02:32.178+0000] {logging_mixin.py:188} INFO - [2026-06-12T05:02:32.177+0000] {dag.py:3036} INFO - Sync 1 DAGs
[2026-06-12T05:02:32.209+0000] {logging_mixin.py:188} INFO - [2026-06-12T05:02:32.209+0000] {dag.py:3823} INFO - Setting next_dagrun for crime_analytics_pipeline to 2026-06-06 19:00:00+00:00, run_after=2026-06-13 19:00:00+00:00
[2026-06-12T05:02:32.235+0000] {processor.py:183} INFO - Processing /opt/airflow/dags/dag_crime_pipeline.py took 0.160 seconds
[2026-06-12T05:03:02.822+0000] {processor.py:161} INFO - Started process (PID=2159) to work on /opt/airflow/dags/dag_crime_pipeline.py
[2026-06-12T05:03:02.824+0000] {processor.py:830} INFO - Processing file /opt/airflow/dags/dag_crime_pipeline.py for tasks to queue
[2026-06-12T05:03:02.828+0000] {logging_mixin.py:188} INFO - [2026-06-12T05:03:02.827+0000] {dagbag.py:538} INFO - Filling up the DagBag from /opt/airflow/dags/dag_crime_pipeline.py
[2026-06-12T05:03:02.881+0000] {processor.py:840} INFO - DAG(s) 'crime_analytics_pipeline' retrieved from /opt/airflow/dags/dag_crime_pipeline.py
[2026-06-12T05:03:02.922+0000] {logging_mixin.py:188} INFO - [2026-06-12T05:03:02.921+0000] {dag.py:3036} INFO - Sync 1 DAGs
[2026-06-12T05:03:02.947+0000] {logging_mixin.py:188} INFO - [2026-06-12T05:03:02.946+0000] {dag.py:3823} INFO - Setting next_dagrun for crime_analytics_pipeline to 2026-06-06 19:00:00+00:00, run_after=2026-06-13 19:00:00+00:00
[2026-06-12T05:03:02.976+0000] {processor.py:183} INFO - Processing /opt/airflow/dags/dag_crime_pipeline.py took 0.159 seconds
[2026-06-12T05:03:33.464+0000] {processor.py:161} INFO - Started process (PID=2164) to work on /opt/airflow/dags/dag_crime_pipeline.py
[2026-06-12T05:03:33.466+0000] {processor.py:830} INFO - Processing file /opt/airflow/dags/dag_crime_pipeline.py for tasks to queue
[2026-06-12T05:03:33.471+0000] {logging_mixin.py:188} INFO - [2026-06-12T05:03:33.470+0000] {dagbag.py:538} INFO - Filling up the DagBag from /opt/airflow/dags/dag_crime_pipeline.py
[2026-06-12T05:03:33.532+0000] {processor.py:840} INFO - DAG(s) 'crime_analytics_pipeline' retrieved from /opt/airflow/dags/dag_crime_pipeline.py
[2026-06-12T05:03:33.575+0000] {logging_mixin.py:188} INFO - [2026-06-12T05:03:33.575+0000] {dag.py:3036} INFO - Sync 1 DAGs
[2026-06-12T05:03:33.605+0000] {logging_mixin.py:188} INFO - [2026-06-12T05:03:33.605+0000] {dag.py:3823} INFO - Setting next_dagrun for crime_analytics_pipeline to 2026-06-06 19:00:00+00:00, run_after=2026-06-13 19:00:00+00:00
[2026-06-12T05:03:33.628+0000] {processor.py:183} INFO - Processing /opt/airflow/dags/dag_crime_pipeline.py took 0.171 seconds
[2026-06-12T05:04:03.819+0000] {processor.py:161} INFO - Started process (PID=2169) to work on /opt/airflow/dags/dag_crime_pipeline.py
[2026-06-12T05:04:03.821+0000] {processor.py:830} INFO - Processing file /opt/airflow/dags/dag_crime_pipeline.py for tasks to queue
[2026-06-12T05:04:03.825+0000] {logging_mixin.py:188} INFO - [2026-06-12T05:04:03.825+0000] {dagbag.py:538} INFO - Filling up the DagBag from /opt/airflow/dags/dag_crime_pipeline.py
[2026-06-12T05:04:03.881+0000] {processor.py:840} INFO - DAG(s) 'crime_analytics_pipeline' retrieved from /opt/airflow/dags/dag_crime_pipeline.py
[2026-06-12T05:04:03.934+0000] {logging_mixin.py:188} INFO - [2026-06-12T05:04:03.934+0000] {dag.py:3036} INFO - Sync 1 DAGs
[2026-06-12T05:04:03.973+0000] {logging_mixin.py:188} INFO - [2026-06-12T05:04:03.972+0000] {dag.py:3823} INFO - Setting next_dagrun for crime_analytics_pipeline to 2026-06-06 19:00:00+00:00, run_after=2026-06-13 19:00:00+00:00
[2026-06-12T05:04:03.999+0000] {processor.py:183} INFO - Processing /opt/airflow/dags/dag_crime_pipeline.py took 0.186 seconds
[2026-06-12T05:04:34.494+0000] {processor.py:161} INFO - Started process (PID=2174) to work on /opt/airflow/dags/dag_crime_pipeline.py
[2026-06-12T05:04:34.496+0000] {processor.py:830} INFO - Processing file /opt/airflow/dags/dag_crime_pipeline.py for tasks to queue
[2026-06-12T05:04:34.500+0000] {logging_mixin.py:188} INFO - [2026-06-12T05:04:34.499+0000] {dagbag.py:538} INFO - Filling up the DagBag from /opt/airflow/dags/dag_crime_pipeline.py
[2026-06-12T05:04:34.556+0000] {processor.py:840} INFO - DAG(s) 'crime_analytics_pipeline' retrieved from /opt/airflow/dags/dag_crime_pipeline.py
[2026-06-12T05:04:34.606+0000] {logging_mixin.py:188} INFO - [2026-06-12T05:04:34.605+0000] {dag.py:3036} INFO - Sync 1 DAGs
[2026-06-12T05:04:34.636+0000] {logging_mixin.py:188} INFO - [2026-06-12T05:04:34.636+0000] {dag.py:3823} INFO - Setting next_dagrun for crime_analytics_pipeline to 2026-06-06 19:00:00+00:00, run_after=2026-06-13 19:00:00+00:00
[2026-06-12T05:04:34.659+0000] {processor.py:183} INFO - Processing /opt/airflow/dags/dag_crime_pipeline.py took 0.170 seconds
[2026-06-12T05:05:04.938+0000] {processor.py:161} INFO - Started process (PID=2179) to work on /opt/airflow/dags/dag_crime_pipeline.py
[2026-06-12T05:05:04.939+0000] {processor.py:830} INFO - Processing file /opt/airflow/dags/dag_crime_pipeline.py for tasks to queue
[2026-06-12T05:05:04.942+0000] {logging_mixin.py:188} INFO - [2026-06-12T05:05:04.941+0000] {dagbag.py:538} INFO - Filling up the DagBag from /opt/airflow/dags/dag_crime_pipeline.py
[2026-06-12T05:05:04.989+0000] {processor.py:840} INFO - DAG(s) 'crime_analytics_pipeline' retrieved from /opt/airflow/dags/dag_crime_pipeline.py
[2026-06-12T05:05:05.024+0000] {logging_mixin.py:188} INFO - [2026-06-12T05:05:05.023+0000] {dag.py:3036} INFO - Sync 1 DAGs
[2026-06-12T05:05:05.049+0000] {logging_mixin.py:188} INFO - [2026-06-12T05:05:05.049+0000] {dag.py:3823} INFO - Setting next_dagrun for crime_analytics_pipeline to 2026-06-06 19:00:00+00:00, run_after=2026-06-13 19:00:00+00:00
[2026-06-12T05:05:05.072+0000] {processor.py:183} INFO - Processing /opt/airflow/dags/dag_crime_pipeline.py took 0.139 seconds
[2026-06-12T05:05:35.286+0000] {processor.py:161} INFO - Started process (PID=2184) to work on /opt/airflow/dags/dag_crime_pipeline.py
[2026-06-12T05:05:35.288+0000] {processor.py:830} INFO - Processing file /opt/airflow/dags/dag_crime_pipeline.py for tasks to queue
[2026-06-12T05:05:35.291+0000] {logging_mixin.py:188} INFO - [2026-06-12T05:05:35.290+0000] {dagbag.py:538} INFO - Filling up the DagBag from /opt/airflow/dags/dag_crime_pipeline.py
[2026-06-12T05:05:35.332+0000] {processor.py:840} INFO - DAG(s) 'crime_analytics_pipeline' retrieved from /opt/airflow/dags/dag_crime_pipeline.py
[2026-06-12T05:05:35.368+0000] {logging_mixin.py:188} INFO - [2026-06-12T05:05:35.367+0000] {dag.py:3036} INFO - Sync 1 DAGs
[2026-06-12T05:05:35.393+0000] {logging_mixin.py:188} INFO - [2026-06-12T05:05:35.393+0000] {dag.py:3823} INFO - Setting next_dagrun for crime_analytics_pipeline to 2026-06-06 19:00:00+00:00, run_after=2026-06-13 19:00:00+00:00
[2026-06-12T05:05:35.419+0000] {processor.py:183} INFO - Processing /opt/airflow/dags/dag_crime_pipeline.py took 0.137 seconds
[2026-06-12T05:06:05.652+0000] {processor.py:161} INFO - Started process (PID=2189) to work on /opt/airflow/dags/dag_crime_pipeline.py
[2026-06-12T05:06:05.653+0000] {processor.py:830} INFO - Processing file /opt/airflow/dags/dag_crime_pipeline.py for tasks to queue
[2026-06-12T05:06:05.656+0000] {logging_mixin.py:188} INFO - [2026-06-12T05:06:05.656+0000] {dagbag.py:538} INFO - Filling up the DagBag from /opt/airflow/dags/dag_crime_pipeline.py
[2026-06-12T05:06:05.698+0000] {processor.py:840} INFO - DAG(s) 'crime_analytics_pipeline' retrieved from /opt/airflow/dags/dag_crime_pipeline.py
[2026-06-12T05:06:05.737+0000] {logging_mixin.py:188} INFO - [2026-06-12T05:06:05.736+0000] {dag.py:3036} INFO - Sync 1 DAGs
[2026-06-12T05:06:05.760+0000] {logging_mixin.py:188} INFO - [2026-06-12T05:06:05.759+0000] {dag.py:3823} INFO - Setting next_dagrun for crime_analytics_pipeline to 2026-06-06 19:00:00+00:00, run_after=2026-06-13 19:00:00+00:00
[2026-06-12T05:06:05.784+0000] {processor.py:183} INFO - Processing /opt/airflow/dags/dag_crime_pipeline.py took 0.136 seconds
[2026-06-12T05:06:36.197+0000] {processor.py:161} INFO - Started process (PID=2194) to work on /opt/airflow/dags/dag_crime_pipeline.py
[2026-06-12T05:06:36.199+0000] {processor.py:830} INFO - Processing file /opt/airflow/dags/dag_crime_pipeline.py for tasks to queue
[2026-06-12T05:06:36.202+0000] {logging_mixin.py:188} INFO - [2026-06-12T05:06:36.201+0000] {dagbag.py:538} INFO - Filling up the DagBag from /opt/airflow/dags/dag_crime_pipeline.py
[2026-06-12T05:06:36.244+0000] {processor.py:840} INFO - DAG(s) 'crime_analytics_pipeline' retrieved from /opt/airflow/dags/dag_crime_pipeline.py
[2026-06-12T05:06:36.281+0000] {logging_mixin.py:188} INFO - [2026-06-12T05:06:36.280+0000] {dag.py:3036} INFO - Sync 1 DAGs
[2026-06-12T05:06:36.304+0000] {logging_mixin.py:188} INFO - [2026-06-12T05:06:36.304+0000] {dag.py:3823} INFO - Setting next_dagrun for crime_analytics_pipeline to 2026-06-06 19:00:00+00:00, run_after=2026-06-13 19:00:00+00:00
[2026-06-12T05:06:36.328+0000] {processor.py:183} INFO - Processing /opt/airflow/dags/dag_crime_pipeline.py took 0.135 seconds
[2026-06-12T05:07:06.506+0000] {processor.py:161} INFO - Started process (PID=2199) to work on /opt/airflow/dags/dag_crime_pipeline.py
[2026-06-12T05:07:06.508+0000] {processor.py:830} INFO - Processing file /opt/airflow/dags/dag_crime_pipeline.py for tasks to queue
[2026-06-12T05:07:06.511+0000] {logging_mixin.py:188} INFO - [2026-06-12T05:07:06.511+0000] {dagbag.py:538} INFO - Filling up the DagBag from /opt/airflow/dags/dag_crime_pipeline.py
[2026-06-12T05:07:06.555+0000] {processor.py:840} INFO - DAG(s) 'crime_analytics_pipeline' retrieved from /opt/airflow/dags/dag_crime_pipeline.py
[2026-06-12T05:07:06.589+0000] {logging_mixin.py:188} INFO - [2026-06-12T05:07:06.588+0000] {dag.py:3036} INFO - Sync 1 DAGs
[2026-06-12T05:07:06.611+0000] {logging_mixin.py:188} INFO - [2026-06-12T05:07:06.611+0000] {dag.py:3823} INFO - Setting next_dagrun for crime_analytics_pipeline to 2026-06-06 19:00:00+00:00, run_after=2026-06-13 19:00:00+00:00
[2026-06-12T05:07:06.630+0000] {processor.py:183} INFO - Processing /opt/airflow/dags/dag_crime_pipeline.py took 0.128 seconds
[2026-06-12T05:07:37.001+0000] {processor.py:161} INFO - Started process (PID=2204) to work on /opt/airflow/dags/dag_crime_pipeline.py
[2026-06-12T05:07:37.002+0000] {processor.py:830} INFO - Processing file /opt/airflow/dags/dag_crime_pipeline.py for tasks to queue
[2026-06-12T05:07:37.006+0000] {logging_mixin.py:188} INFO - [2026-06-12T05:07:37.005+0000] {dagbag.py:538} INFO - Filling up the DagBag from /opt/airflow/dags/dag_crime_pipeline.py
[2026-06-12T05:07:37.050+0000] {processor.py:840} INFO - DAG(s) 'crime_analytics_pipeline' retrieved from /opt/airflow/dags/dag_crime_pipeline.py
[2026-06-12T05:07:37.091+0000] {logging_mixin.py:188} INFO - [2026-06-12T05:07:37.090+0000] {dag.py:3036} INFO - Sync 1 DAGs
[2026-06-12T05:07:37.120+0000] {logging_mixin.py:188} INFO - [2026-06-12T05:07:37.120+0000] {dag.py:3823} INFO - Setting next_dagrun for crime_analytics_pipeline to 2026-06-06 19:00:00+00:00, run_after=2026-06-13 19:00:00+00:00
[2026-06-12T05:07:37.146+0000] {processor.py:183} INFO - Processing /opt/airflow/dags/dag_crime_pipeline.py took 0.151 seconds
[2026-06-12T05:08:07.319+0000] {processor.py:161} INFO - Started process (PID=2209) to work on /opt/airflow/dags/dag_crime_pipeline.py
[2026-06-12T05:08:07.321+0000] {processor.py:830} INFO - Processing file /opt/airflow/dags/dag_crime_pipeline.py for tasks to queue
[2026-06-12T05:08:07.326+0000] {logging_mixin.py:188} INFO - [2026-06-12T05:08:07.325+0000] {dagbag.py:538} INFO - Filling up the DagBag from /opt/airflow/dags/dag_crime_pipeline.py
[2026-06-12T05:08:07.378+0000] {processor.py:840} INFO - DAG(s) 'crime_analytics_pipeline' retrieved from /opt/airflow/dags/dag_crime_pipeline.py
[2026-06-12T05:08:07.426+0000] {logging_mixin.py:188} INFO - [2026-06-12T05:08:07.426+0000] {dag.py:3036} INFO - Sync 1 DAGs
[2026-06-12T05:08:07.456+0000] {logging_mixin.py:188} INFO - [2026-06-12T05:08:07.456+0000] {dag.py:3823} INFO - Setting next_dagrun for crime_analytics_pipeline to 2026-06-06 19:00:00+00:00, run_after=2026-06-13 19:00:00+00:00
[2026-06-12T05:08:07.482+0000] {processor.py:183} INFO - Processing /opt/airflow/dags/dag_crime_pipeline.py took 0.170 seconds
[2026-06-12T05:08:37.805+0000] {processor.py:161} INFO - Started process (PID=2214) to work on /opt/airflow/dags/dag_crime_pipeline.py
[2026-06-12T05:08:37.807+0000] {processor.py:830} INFO - Processing file /opt/airflow/dags/dag_crime_pipeline.py for tasks to queue
[2026-06-12T05:08:37.809+0000] {logging_mixin.py:188} INFO - [2026-06-12T05:08:37.809+0000] {dagbag.py:538} INFO - Filling up the DagBag from /opt/airflow/dags/dag_crime_pipeline.py
[2026-06-12T05:08:37.850+0000] {processor.py:840} INFO - DAG(s) 'crime_analytics_pipeline' retrieved from /opt/airflow/dags/dag_crime_pipeline.py
[2026-06-12T05:08:37.898+0000] {logging_mixin.py:188} INFO - [2026-06-12T05:08:37.898+0000] {dag.py:3036} INFO - Sync 1 DAGs
[2026-06-12T05:08:37.923+0000] {logging_mixin.py:188} INFO - [2026-06-12T05:08:37.923+0000] {dag.py:3823} INFO - Setting next_dagrun for crime_analytics_pipeline to 2026-06-06 19:00:00+00:00, run_after=2026-06-13 19:00:00+00:00
[2026-06-12T05:08:37.964+0000] {processor.py:183} INFO - Processing /opt/airflow/dags/dag_crime_pipeline.py took 0.162 seconds
[2026-06-12T05:09:08.170+0000] {processor.py:161} INFO - Started process (PID=2219) to work on /opt/airflow/dags/dag_crime_pipeline.py
[2026-06-12T05:09:08.172+0000] {processor.py:830} INFO - Processing file /opt/airflow/dags/dag_crime_pipeline.py for tasks to queue
[2026-06-12T05:09:08.176+0000] {logging_mixin.py:188} INFO - [2026-06-12T05:09:08.175+0000] {dagbag.py:538} INFO - Filling up the DagBag from /opt/airflow/dags/dag_crime_pipeline.py
[2026-06-12T05:09:08.224+0000] {processor.py:840} INFO - DAG(s) 'crime_analytics_pipeline' retrieved from /opt/airflow/dags/dag_crime_pipeline.py
[2026-06-12T05:09:08.257+0000] {logging_mixin.py:188} INFO - [2026-06-12T05:09:08.256+0000] {dag.py:3036} INFO - Sync 1 DAGs
[2026-06-12T05:09:08.280+0000] {logging_mixin.py:188} INFO - [2026-06-12T05:09:08.280+0000] {dag.py:3823} INFO - Setting next_dagrun for crime_analytics_pipeline to 2026-06-06 19:00:00+00:00, run_after=2026-06-13 19:00:00+00:00
[2026-06-12T05:09:08.300+0000] {processor.py:183} INFO - Processing /opt/airflow/dags/dag_crime_pipeline.py took 0.136 seconds
[2026-06-12T05:09:38.726+0000] {processor.py:161} INFO - Started process (PID=2288) to work on /opt/airflow/dags/dag_crime_pipeline.py
[2026-06-12T05:09:38.729+0000] {processor.py:830} INFO - Processing file /opt/airflow/dags/dag_crime_pipeline.py for tasks to queue
[2026-06-12T05:09:38.735+0000] {logging_mixin.py:188} INFO - [2026-06-12T05:09:38.734+0000] {dagbag.py:538} INFO - Filling up the DagBag from /opt/airflow/dags/dag_crime_pipeline.py
[2026-06-12T05:09:38.803+0000] {processor.py:840} INFO - DAG(s) 'crime_analytics_pipeline' retrieved from /opt/airflow/dags/dag_crime_pipeline.py
[2026-06-12T05:09:38.867+0000] {logging_mixin.py:188} INFO - [2026-06-12T05:09:38.867+0000] {dag.py:3036} INFO - Sync 1 DAGs
[2026-06-12T05:09:38.931+0000] {logging_mixin.py:188} INFO - [2026-06-12T05:09:38.931+0000] {dag.py:3823} INFO - Setting next_dagrun for crime_analytics_pipeline to 2026-06-06 19:00:00+00:00, run_after=2026-06-13 19:00:00+00:00
[2026-06-12T05:09:38.976+0000] {processor.py:183} INFO - Processing /opt/airflow/dags/dag_crime_pipeline.py took 0.256 seconds
