[2026-05-28T07:06:12.923+0000] {processor.py:161} INFO - Started process (PID=190) to work on /opt/airflow/dags/dag_crime_pipeline.py
[2026-05-28T07:06:12.925+0000] {processor.py:830} INFO - Processing file /opt/airflow/dags/dag_crime_pipeline.py for tasks to queue
[2026-05-28T07:06:12.928+0000] {logging_mixin.py:188} INFO - [2026-05-28T07:06:12.927+0000] {dagbag.py:538} INFO - Filling up the DagBag from /opt/airflow/dags/dag_crime_pipeline.py
[2026-05-28T07:06:12.978+0000] {processor.py:840} INFO - DAG(s) 'crime_analytics_pipeline' retrieved from /opt/airflow/dags/dag_crime_pipeline.py
[2026-05-28T07:06:12.999+0000] {logging_mixin.py:188} INFO - [2026-05-28T07:06:12.999+0000] {dag.py:3036} INFO - Sync 1 DAGs
[2026-05-28T07:06:13.062+0000] {processor.py:183} INFO - Processing /opt/airflow/dags/dag_crime_pipeline.py took 0.145 seconds
[2026-05-28T07:06:43.239+0000] {processor.py:161} INFO - Started process (PID=256) to work on /opt/airflow/dags/dag_crime_pipeline.py
[2026-05-28T07:06:43.241+0000] {processor.py:830} INFO - Processing file /opt/airflow/dags/dag_crime_pipeline.py for tasks to queue
[2026-05-28T07:06:43.246+0000] {logging_mixin.py:188} INFO - [2026-05-28T07:06:43.245+0000] {dagbag.py:538} INFO - Filling up the DagBag from /opt/airflow/dags/dag_crime_pipeline.py
[2026-05-28T07:06:43.301+0000] {processor.py:840} INFO - DAG(s) 'crime_analytics_pipeline' retrieved from /opt/airflow/dags/dag_crime_pipeline.py
[2026-05-28T07:06:43.541+0000] {logging_mixin.py:188} INFO - [2026-05-28T07:06:43.540+0000] {dag.py:3036} INFO - Sync 1 DAGs
[2026-05-28T07:06:43.880+0000] {processor.py:183} INFO - Processing /opt/airflow/dags/dag_crime_pipeline.py took 0.648 seconds
[2026-05-28T07:07:14.154+0000] {processor.py:161} INFO - Started process (PID=264) to work on /opt/airflow/dags/dag_crime_pipeline.py
[2026-05-28T07:07:14.157+0000] {processor.py:830} INFO - Processing file /opt/airflow/dags/dag_crime_pipeline.py for tasks to queue
[2026-05-28T07:07:14.162+0000] {logging_mixin.py:188} INFO - [2026-05-28T07:07:14.161+0000] {dagbag.py:538} INFO - Filling up the DagBag from /opt/airflow/dags/dag_crime_pipeline.py
[2026-05-28T07:07:14.248+0000] {processor.py:840} INFO - DAG(s) 'crime_analytics_pipeline' retrieved from /opt/airflow/dags/dag_crime_pipeline.py
[2026-05-28T07:07:14.300+0000] {logging_mixin.py:188} INFO - [2026-05-28T07:07:14.299+0000] {dag.py:3036} INFO - Sync 1 DAGs
[2026-05-28T07:07:14.371+0000] {processor.py:183} INFO - Processing /opt/airflow/dags/dag_crime_pipeline.py took 0.224 seconds
[2026-05-28T07:07:44.590+0000] {processor.py:161} INFO - Started process (PID=274) to work on /opt/airflow/dags/dag_crime_pipeline.py
[2026-05-28T07:07:44.592+0000] {processor.py:830} INFO - Processing file /opt/airflow/dags/dag_crime_pipeline.py for tasks to queue
[2026-05-28T07:07:44.595+0000] {logging_mixin.py:188} INFO - [2026-05-28T07:07:44.594+0000] {dagbag.py:538} INFO - Filling up the DagBag from /opt/airflow/dags/dag_crime_pipeline.py
[2026-05-28T07:07:44.642+0000] {processor.py:840} INFO - DAG(s) 'crime_analytics_pipeline' retrieved from /opt/airflow/dags/dag_crime_pipeline.py
[2026-05-28T07:07:44.679+0000] {logging_mixin.py:188} INFO - [2026-05-28T07:07:44.679+0000] {dag.py:3036} INFO - Sync 1 DAGs
[2026-05-28T07:07:44.722+0000] {processor.py:183} INFO - Processing /opt/airflow/dags/dag_crime_pipeline.py took 0.137 seconds
[2026-05-28T07:08:14.847+0000] {processor.py:161} INFO - Started process (PID=282) to work on /opt/airflow/dags/dag_crime_pipeline.py
[2026-05-28T07:08:14.849+0000] {processor.py:830} INFO - Processing file /opt/airflow/dags/dag_crime_pipeline.py for tasks to queue
[2026-05-28T07:08:14.853+0000] {logging_mixin.py:188} INFO - [2026-05-28T07:08:14.853+0000] {dagbag.py:538} INFO - Filling up the DagBag from /opt/airflow/dags/dag_crime_pipeline.py
[2026-05-28T07:08:14.903+0000] {processor.py:840} INFO - DAG(s) 'crime_analytics_pipeline' retrieved from /opt/airflow/dags/dag_crime_pipeline.py
[2026-05-28T07:08:14.949+0000] {logging_mixin.py:188} INFO - [2026-05-28T07:08:14.948+0000] {dag.py:3036} INFO - Sync 1 DAGs
[2026-05-28T07:08:15.255+0000] {processor.py:183} INFO - Processing /opt/airflow/dags/dag_crime_pipeline.py took 0.415 seconds
[2026-05-28T07:08:45.422+0000] {processor.py:161} INFO - Started process (PID=290) to work on /opt/airflow/dags/dag_crime_pipeline.py
[2026-05-28T07:08:45.424+0000] {processor.py:830} INFO - Processing file /opt/airflow/dags/dag_crime_pipeline.py for tasks to queue
[2026-05-28T07:08:45.428+0000] {logging_mixin.py:188} INFO - [2026-05-28T07:08:45.427+0000] {dagbag.py:538} INFO - Filling up the DagBag from /opt/airflow/dags/dag_crime_pipeline.py
[2026-05-28T07:08:45.478+0000] {processor.py:840} INFO - DAG(s) 'crime_analytics_pipeline' retrieved from /opt/airflow/dags/dag_crime_pipeline.py
[2026-05-28T07:08:45.516+0000] {logging_mixin.py:188} INFO - [2026-05-28T07:08:45.516+0000] {dag.py:3036} INFO - Sync 1 DAGs
[2026-05-28T07:08:45.563+0000] {processor.py:183} INFO - Processing /opt/airflow/dags/dag_crime_pipeline.py took 0.145 seconds
[2026-05-28T07:09:15.647+0000] {processor.py:161} INFO - Started process (PID=301) to work on /opt/airflow/dags/dag_crime_pipeline.py
[2026-05-28T07:09:15.649+0000] {processor.py:830} INFO - Processing file /opt/airflow/dags/dag_crime_pipeline.py for tasks to queue
[2026-05-28T07:09:15.653+0000] {logging_mixin.py:188} INFO - [2026-05-28T07:09:15.653+0000] {dagbag.py:538} INFO - Filling up the DagBag from /opt/airflow/dags/dag_crime_pipeline.py
[2026-05-28T07:09:15.701+0000] {processor.py:840} INFO - DAG(s) 'crime_analytics_pipeline' retrieved from /opt/airflow/dags/dag_crime_pipeline.py
[2026-05-28T07:09:15.958+0000] {logging_mixin.py:188} INFO - [2026-05-28T07:09:15.958+0000] {dag.py:3036} INFO - Sync 1 DAGs
[2026-05-28T07:09:16.019+0000] {processor.py:183} INFO - Processing /opt/airflow/dags/dag_crime_pipeline.py took 0.378 seconds
[2026-05-28T07:09:46.269+0000] {processor.py:161} INFO - Started process (PID=356) to work on /opt/airflow/dags/dag_crime_pipeline.py
[2026-05-28T07:09:46.271+0000] {processor.py:830} INFO - Processing file /opt/airflow/dags/dag_crime_pipeline.py for tasks to queue
[2026-05-28T07:09:46.274+0000] {logging_mixin.py:188} INFO - [2026-05-28T07:09:46.274+0000] {dagbag.py:538} INFO - Filling up the DagBag from /opt/airflow/dags/dag_crime_pipeline.py
[2026-05-28T07:09:46.320+0000] {processor.py:840} INFO - DAG(s) 'crime_analytics_pipeline' retrieved from /opt/airflow/dags/dag_crime_pipeline.py
[2026-05-28T07:09:46.351+0000] {logging_mixin.py:188} INFO - [2026-05-28T07:09:46.351+0000] {dag.py:3036} INFO - Sync 1 DAGs
[2026-05-28T07:09:46.577+0000] {processor.py:183} INFO - Processing /opt/airflow/dags/dag_crime_pipeline.py took 0.314 seconds
[2026-05-28T07:10:06.353+0000] {processor.py:161} INFO - Started process (PID=361) to work on /opt/airflow/dags/dag_crime_pipeline.py
[2026-05-28T07:10:06.355+0000] {processor.py:830} INFO - Processing file /opt/airflow/dags/dag_crime_pipeline.py for tasks to queue
[2026-05-28T07:10:06.358+0000] {logging_mixin.py:188} INFO - [2026-05-28T07:10:06.357+0000] {dagbag.py:538} INFO - Filling up the DagBag from /opt/airflow/dags/dag_crime_pipeline.py
[2026-05-28T07:10:06.675+0000] {processor.py:840} INFO - DAG(s) 'crime_analytics_pipeline' retrieved from /opt/airflow/dags/dag_crime_pipeline.py
[2026-05-28T07:10:06.715+0000] {logging_mixin.py:188} INFO - [2026-05-28T07:10:06.714+0000] {dag.py:3036} INFO - Sync 1 DAGs
[2026-05-28T07:10:06.803+0000] {processor.py:183} INFO - Processing /opt/airflow/dags/dag_crime_pipeline.py took 0.455 seconds
[2026-05-28T07:10:37.198+0000] {processor.py:161} INFO - Started process (PID=366) to work on /opt/airflow/dags/dag_crime_pipeline.py
[2026-05-28T07:10:37.199+0000] {processor.py:830} INFO - Processing file /opt/airflow/dags/dag_crime_pipeline.py for tasks to queue
[2026-05-28T07:10:37.202+0000] {logging_mixin.py:188} INFO - [2026-05-28T07:10:37.202+0000] {dagbag.py:538} INFO - Filling up the DagBag from /opt/airflow/dags/dag_crime_pipeline.py
[2026-05-28T07:10:37.247+0000] {processor.py:840} INFO - DAG(s) 'crime_analytics_pipeline' retrieved from /opt/airflow/dags/dag_crime_pipeline.py
[2026-05-28T07:10:37.289+0000] {logging_mixin.py:188} INFO - [2026-05-28T07:10:37.288+0000] {dag.py:3036} INFO - Sync 1 DAGs
[2026-05-28T07:10:37.336+0000] {processor.py:183} INFO - Processing /opt/airflow/dags/dag_crime_pipeline.py took 0.143 seconds
[2026-05-28T07:11:07.466+0000] {processor.py:161} INFO - Started process (PID=371) to work on /opt/airflow/dags/dag_crime_pipeline.py
[2026-05-28T07:11:07.468+0000] {processor.py:830} INFO - Processing file /opt/airflow/dags/dag_crime_pipeline.py for tasks to queue
[2026-05-28T07:11:07.472+0000] {logging_mixin.py:188} INFO - [2026-05-28T07:11:07.472+0000] {dagbag.py:538} INFO - Filling up the DagBag from /opt/airflow/dags/dag_crime_pipeline.py
[2026-05-28T07:11:07.521+0000] {processor.py:840} INFO - DAG(s) 'crime_analytics_pipeline' retrieved from /opt/airflow/dags/dag_crime_pipeline.py
[2026-05-28T07:11:07.564+0000] {logging_mixin.py:188} INFO - [2026-05-28T07:11:07.564+0000] {dag.py:3036} INFO - Sync 1 DAGs
[2026-05-28T07:11:07.624+0000] {processor.py:183} INFO - Processing /opt/airflow/dags/dag_crime_pipeline.py took 0.164 seconds
[2026-05-28T07:11:37.918+0000] {processor.py:161} INFO - Started process (PID=376) to work on /opt/airflow/dags/dag_crime_pipeline.py
[2026-05-28T07:11:37.921+0000] {processor.py:830} INFO - Processing file /opt/airflow/dags/dag_crime_pipeline.py for tasks to queue
[2026-05-28T07:11:37.925+0000] {logging_mixin.py:188} INFO - [2026-05-28T07:11:37.924+0000] {dagbag.py:538} INFO - Filling up the DagBag from /opt/airflow/dags/dag_crime_pipeline.py
[2026-05-28T07:11:37.975+0000] {processor.py:840} INFO - DAG(s) 'crime_analytics_pipeline' retrieved from /opt/airflow/dags/dag_crime_pipeline.py
[2026-05-28T07:11:38.017+0000] {logging_mixin.py:188} INFO - [2026-05-28T07:11:38.016+0000] {dag.py:3036} INFO - Sync 1 DAGs
[2026-05-28T07:11:38.088+0000] {processor.py:183} INFO - Processing /opt/airflow/dags/dag_crime_pipeline.py took 0.174 seconds
[2026-05-28T07:12:08.167+0000] {processor.py:161} INFO - Started process (PID=381) to work on /opt/airflow/dags/dag_crime_pipeline.py
[2026-05-28T07:12:08.169+0000] {processor.py:830} INFO - Processing file /opt/airflow/dags/dag_crime_pipeline.py for tasks to queue
[2026-05-28T07:12:08.174+0000] {logging_mixin.py:188} INFO - [2026-05-28T07:12:08.172+0000] {dagbag.py:538} INFO - Filling up the DagBag from /opt/airflow/dags/dag_crime_pipeline.py
[2026-05-28T07:12:08.223+0000] {processor.py:840} INFO - DAG(s) 'crime_analytics_pipeline' retrieved from /opt/airflow/dags/dag_crime_pipeline.py
[2026-05-28T07:12:08.261+0000] {logging_mixin.py:188} INFO - [2026-05-28T07:12:08.261+0000] {dag.py:3036} INFO - Sync 1 DAGs
[2026-05-28T07:12:08.329+0000] {processor.py:183} INFO - Processing /opt/airflow/dags/dag_crime_pipeline.py took 0.167 seconds
[2026-05-28T07:12:38.560+0000] {processor.py:161} INFO - Started process (PID=386) to work on /opt/airflow/dags/dag_crime_pipeline.py
[2026-05-28T07:12:38.562+0000] {processor.py:830} INFO - Processing file /opt/airflow/dags/dag_crime_pipeline.py for tasks to queue
[2026-05-28T07:12:38.567+0000] {logging_mixin.py:188} INFO - [2026-05-28T07:12:38.566+0000] {dagbag.py:538} INFO - Filling up the DagBag from /opt/airflow/dags/dag_crime_pipeline.py
[2026-05-28T07:12:38.616+0000] {processor.py:840} INFO - DAG(s) 'crime_analytics_pipeline' retrieved from /opt/airflow/dags/dag_crime_pipeline.py
[2026-05-28T07:12:38.653+0000] {logging_mixin.py:188} INFO - [2026-05-28T07:12:38.653+0000] {dag.py:3036} INFO - Sync 1 DAGs
[2026-05-28T07:12:38.730+0000] {processor.py:183} INFO - Processing /opt/airflow/dags/dag_crime_pipeline.py took 0.177 seconds
[2026-05-28T07:13:08.868+0000] {processor.py:161} INFO - Started process (PID=391) to work on /opt/airflow/dags/dag_crime_pipeline.py
[2026-05-28T07:13:08.869+0000] {processor.py:830} INFO - Processing file /opt/airflow/dags/dag_crime_pipeline.py for tasks to queue
[2026-05-28T07:13:08.873+0000] {logging_mixin.py:188} INFO - [2026-05-28T07:13:08.872+0000] {dagbag.py:538} INFO - Filling up the DagBag from /opt/airflow/dags/dag_crime_pipeline.py
[2026-05-28T07:13:08.918+0000] {processor.py:840} INFO - DAG(s) 'crime_analytics_pipeline' retrieved from /opt/airflow/dags/dag_crime_pipeline.py
[2026-05-28T07:13:08.962+0000] {logging_mixin.py:188} INFO - [2026-05-28T07:13:08.961+0000] {dag.py:3036} INFO - Sync 1 DAGs
[2026-05-28T07:13:09.011+0000] {processor.py:183} INFO - Processing /opt/airflow/dags/dag_crime_pipeline.py took 0.150 seconds
[2026-05-28T07:13:39.157+0000] {processor.py:161} INFO - Started process (PID=396) to work on /opt/airflow/dags/dag_crime_pipeline.py
[2026-05-28T07:13:39.160+0000] {processor.py:830} INFO - Processing file /opt/airflow/dags/dag_crime_pipeline.py for tasks to queue
[2026-05-28T07:13:39.164+0000] {logging_mixin.py:188} INFO - [2026-05-28T07:13:39.163+0000] {dagbag.py:538} INFO - Filling up the DagBag from /opt/airflow/dags/dag_crime_pipeline.py
[2026-05-28T07:13:39.218+0000] {processor.py:840} INFO - DAG(s) 'crime_analytics_pipeline' retrieved from /opt/airflow/dags/dag_crime_pipeline.py
[2026-05-28T07:13:39.269+0000] {logging_mixin.py:188} INFO - [2026-05-28T07:13:39.268+0000] {dag.py:3036} INFO - Sync 1 DAGs
[2026-05-28T07:13:39.329+0000] {processor.py:183} INFO - Processing /opt/airflow/dags/dag_crime_pipeline.py took 0.177 seconds
[2026-05-28T07:14:09.407+0000] {processor.py:161} INFO - Started process (PID=401) to work on /opt/airflow/dags/dag_crime_pipeline.py
[2026-05-28T07:14:09.409+0000] {processor.py:830} INFO - Processing file /opt/airflow/dags/dag_crime_pipeline.py for tasks to queue
[2026-05-28T07:14:09.414+0000] {logging_mixin.py:188} INFO - [2026-05-28T07:14:09.413+0000] {dagbag.py:538} INFO - Filling up the DagBag from /opt/airflow/dags/dag_crime_pipeline.py
[2026-05-28T07:14:09.466+0000] {processor.py:840} INFO - DAG(s) 'crime_analytics_pipeline' retrieved from /opt/airflow/dags/dag_crime_pipeline.py
[2026-05-28T07:14:09.522+0000] {logging_mixin.py:188} INFO - [2026-05-28T07:14:09.521+0000] {dag.py:3036} INFO - Sync 1 DAGs
[2026-05-28T07:14:09.576+0000] {processor.py:183} INFO - Processing /opt/airflow/dags/dag_crime_pipeline.py took 0.175 seconds
[2026-05-28T07:14:39.677+0000] {processor.py:161} INFO - Started process (PID=406) to work on /opt/airflow/dags/dag_crime_pipeline.py
[2026-05-28T07:14:39.678+0000] {processor.py:830} INFO - Processing file /opt/airflow/dags/dag_crime_pipeline.py for tasks to queue
[2026-05-28T07:14:39.683+0000] {logging_mixin.py:188} INFO - [2026-05-28T07:14:39.682+0000] {dagbag.py:538} INFO - Filling up the DagBag from /opt/airflow/dags/dag_crime_pipeline.py
[2026-05-28T07:14:39.732+0000] {processor.py:840} INFO - DAG(s) 'crime_analytics_pipeline' retrieved from /opt/airflow/dags/dag_crime_pipeline.py
[2026-05-28T07:14:39.773+0000] {logging_mixin.py:188} INFO - [2026-05-28T07:14:39.772+0000] {dag.py:3036} INFO - Sync 1 DAGs
[2026-05-28T07:14:39.851+0000] {processor.py:183} INFO - Processing /opt/airflow/dags/dag_crime_pipeline.py took 0.179 seconds
[2026-05-28T07:15:05.903+0000] {processor.py:161} INFO - Started process (PID=411) to work on /opt/airflow/dags/dag_crime_pipeline.py
[2026-05-28T07:15:05.905+0000] {processor.py:830} INFO - Processing file /opt/airflow/dags/dag_crime_pipeline.py for tasks to queue
[2026-05-28T07:15:05.909+0000] {logging_mixin.py:188} INFO - [2026-05-28T07:15:05.908+0000] {dagbag.py:538} INFO - Filling up the DagBag from /opt/airflow/dags/dag_crime_pipeline.py
[2026-05-28T07:15:05.979+0000] {processor.py:840} INFO - DAG(s) 'crime_analytics_pipeline' retrieved from /opt/airflow/dags/dag_crime_pipeline.py
[2026-05-28T07:15:06.020+0000] {logging_mixin.py:188} INFO - [2026-05-28T07:15:06.019+0000] {dag.py:3036} INFO - Sync 1 DAGs
[2026-05-28T07:15:06.076+0000] {processor.py:183} INFO - Processing /opt/airflow/dags/dag_crime_pipeline.py took 0.178 seconds
[2026-05-28T07:15:36.170+0000] {processor.py:161} INFO - Started process (PID=416) to work on /opt/airflow/dags/dag_crime_pipeline.py
[2026-05-28T07:15:36.172+0000] {processor.py:830} INFO - Processing file /opt/airflow/dags/dag_crime_pipeline.py for tasks to queue
[2026-05-28T07:15:36.176+0000] {logging_mixin.py:188} INFO - [2026-05-28T07:15:36.176+0000] {dagbag.py:538} INFO - Filling up the DagBag from /opt/airflow/dags/dag_crime_pipeline.py
[2026-05-28T07:15:36.230+0000] {processor.py:840} INFO - DAG(s) 'crime_analytics_pipeline' retrieved from /opt/airflow/dags/dag_crime_pipeline.py
[2026-05-28T07:15:36.283+0000] {logging_mixin.py:188} INFO - [2026-05-28T07:15:36.283+0000] {dag.py:3036} INFO - Sync 1 DAGs
[2026-05-28T07:15:36.385+0000] {processor.py:183} INFO - Processing /opt/airflow/dags/dag_crime_pipeline.py took 0.221 seconds
[2026-05-28T07:15:40.249+0000] {processor.py:161} INFO - Started process (PID=421) to work on /opt/airflow/dags/dag_crime_pipeline.py
[2026-05-28T07:15:40.250+0000] {processor.py:830} INFO - Processing file /opt/airflow/dags/dag_crime_pipeline.py for tasks to queue
[2026-05-28T07:15:40.255+0000] {logging_mixin.py:188} INFO - [2026-05-28T07:15:40.254+0000] {dagbag.py:538} INFO - Filling up the DagBag from /opt/airflow/dags/dag_crime_pipeline.py
[2026-05-28T07:15:40.322+0000] {processor.py:840} INFO - DAG(s) 'crime_analytics_pipeline' retrieved from /opt/airflow/dags/dag_crime_pipeline.py
[2026-05-28T07:15:40.447+0000] {logging_mixin.py:188} INFO - [2026-05-28T07:15:40.447+0000] {dag.py:3036} INFO - Sync 1 DAGs
[2026-05-28T07:15:40.518+0000] {processor.py:183} INFO - Processing /opt/airflow/dags/dag_crime_pipeline.py took 0.274 seconds
[2026-05-28T07:16:11.398+0000] {processor.py:161} INFO - Started process (PID=500) to work on /opt/airflow/dags/dag_crime_pipeline.py
[2026-05-28T07:16:11.400+0000] {processor.py:830} INFO - Processing file /opt/airflow/dags/dag_crime_pipeline.py for tasks to queue
[2026-05-28T07:16:11.405+0000] {logging_mixin.py:188} INFO - [2026-05-28T07:16:11.404+0000] {dagbag.py:538} INFO - Filling up the DagBag from /opt/airflow/dags/dag_crime_pipeline.py
[2026-05-28T07:16:11.450+0000] {processor.py:840} INFO - DAG(s) 'crime_analytics_pipeline' retrieved from /opt/airflow/dags/dag_crime_pipeline.py
[2026-05-28T07:16:11.487+0000] {logging_mixin.py:188} INFO - [2026-05-28T07:16:11.487+0000] {dag.py:3036} INFO - Sync 1 DAGs
[2026-05-28T07:16:11.544+0000] {processor.py:183} INFO - Processing /opt/airflow/dags/dag_crime_pipeline.py took 0.151 seconds
[2026-05-28T07:16:41.860+0000] {processor.py:161} INFO - Started process (PID=505) to work on /opt/airflow/dags/dag_crime_pipeline.py
[2026-05-28T07:16:41.862+0000] {processor.py:830} INFO - Processing file /opt/airflow/dags/dag_crime_pipeline.py for tasks to queue
[2026-05-28T07:16:41.865+0000] {logging_mixin.py:188} INFO - [2026-05-28T07:16:41.865+0000] {dagbag.py:538} INFO - Filling up the DagBag from /opt/airflow/dags/dag_crime_pipeline.py
[2026-05-28T07:16:41.913+0000] {processor.py:840} INFO - DAG(s) 'crime_analytics_pipeline' retrieved from /opt/airflow/dags/dag_crime_pipeline.py
[2026-05-28T07:16:41.961+0000] {logging_mixin.py:188} INFO - [2026-05-28T07:16:41.960+0000] {dag.py:3036} INFO - Sync 1 DAGs
[2026-05-28T07:16:42.048+0000] {processor.py:183} INFO - Processing /opt/airflow/dags/dag_crime_pipeline.py took 0.193 seconds
[2026-05-28T07:17:12.487+0000] {processor.py:161} INFO - Started process (PID=510) to work on /opt/airflow/dags/dag_crime_pipeline.py
[2026-05-28T07:17:12.490+0000] {processor.py:830} INFO - Processing file /opt/airflow/dags/dag_crime_pipeline.py for tasks to queue
[2026-05-28T07:17:12.494+0000] {logging_mixin.py:188} INFO - [2026-05-28T07:17:12.493+0000] {dagbag.py:538} INFO - Filling up the DagBag from /opt/airflow/dags/dag_crime_pipeline.py
[2026-05-28T07:17:12.543+0000] {processor.py:840} INFO - DAG(s) 'crime_analytics_pipeline' retrieved from /opt/airflow/dags/dag_crime_pipeline.py
[2026-05-28T07:17:12.588+0000] {logging_mixin.py:188} INFO - [2026-05-28T07:17:12.587+0000] {dag.py:3036} INFO - Sync 1 DAGs
[2026-05-28T07:17:12.646+0000] {processor.py:183} INFO - Processing /opt/airflow/dags/dag_crime_pipeline.py took 0.164 seconds
[2026-05-28T07:17:42.756+0000] {processor.py:161} INFO - Started process (PID=515) to work on /opt/airflow/dags/dag_crime_pipeline.py
[2026-05-28T07:17:42.758+0000] {processor.py:830} INFO - Processing file /opt/airflow/dags/dag_crime_pipeline.py for tasks to queue
[2026-05-28T07:17:42.761+0000] {logging_mixin.py:188} INFO - [2026-05-28T07:17:42.760+0000] {dagbag.py:538} INFO - Filling up the DagBag from /opt/airflow/dags/dag_crime_pipeline.py
[2026-05-28T07:17:42.809+0000] {processor.py:840} INFO - DAG(s) 'crime_analytics_pipeline' retrieved from /opt/airflow/dags/dag_crime_pipeline.py
[2026-05-28T07:17:42.868+0000] {logging_mixin.py:188} INFO - [2026-05-28T07:17:42.867+0000] {dag.py:3036} INFO - Sync 1 DAGs
[2026-05-28T07:17:42.910+0000] {processor.py:183} INFO - Processing /opt/airflow/dags/dag_crime_pipeline.py took 0.158 seconds
[2026-05-28T07:18:13.024+0000] {processor.py:161} INFO - Started process (PID=520) to work on /opt/airflow/dags/dag_crime_pipeline.py
[2026-05-28T07:18:13.026+0000] {processor.py:830} INFO - Processing file /opt/airflow/dags/dag_crime_pipeline.py for tasks to queue
[2026-05-28T07:18:13.029+0000] {logging_mixin.py:188} INFO - [2026-05-28T07:18:13.029+0000] {dagbag.py:538} INFO - Filling up the DagBag from /opt/airflow/dags/dag_crime_pipeline.py
[2026-05-28T07:18:13.074+0000] {processor.py:840} INFO - DAG(s) 'crime_analytics_pipeline' retrieved from /opt/airflow/dags/dag_crime_pipeline.py
[2026-05-28T07:18:13.115+0000] {logging_mixin.py:188} INFO - [2026-05-28T07:18:13.114+0000] {dag.py:3036} INFO - Sync 1 DAGs
[2026-05-28T07:18:13.170+0000] {processor.py:183} INFO - Processing /opt/airflow/dags/dag_crime_pipeline.py took 0.151 seconds
[2026-05-28T07:18:43.249+0000] {processor.py:161} INFO - Started process (PID=525) to work on /opt/airflow/dags/dag_crime_pipeline.py
[2026-05-28T07:18:43.251+0000] {processor.py:830} INFO - Processing file /opt/airflow/dags/dag_crime_pipeline.py for tasks to queue
[2026-05-28T07:18:43.254+0000] {logging_mixin.py:188} INFO - [2026-05-28T07:18:43.254+0000] {dagbag.py:538} INFO - Filling up the DagBag from /opt/airflow/dags/dag_crime_pipeline.py
[2026-05-28T07:18:43.303+0000] {processor.py:840} INFO - DAG(s) 'crime_analytics_pipeline' retrieved from /opt/airflow/dags/dag_crime_pipeline.py
[2026-05-28T07:18:43.347+0000] {logging_mixin.py:188} INFO - [2026-05-28T07:18:43.346+0000] {dag.py:3036} INFO - Sync 1 DAGs
[2026-05-28T07:18:43.398+0000] {processor.py:183} INFO - Processing /opt/airflow/dags/dag_crime_pipeline.py took 0.153 seconds
[2026-05-28T07:19:13.553+0000] {processor.py:161} INFO - Started process (PID=530) to work on /opt/airflow/dags/dag_crime_pipeline.py
[2026-05-28T07:19:13.554+0000] {processor.py:830} INFO - Processing file /opt/airflow/dags/dag_crime_pipeline.py for tasks to queue
[2026-05-28T07:19:13.558+0000] {logging_mixin.py:188} INFO - [2026-05-28T07:19:13.557+0000] {dagbag.py:538} INFO - Filling up the DagBag from /opt/airflow/dags/dag_crime_pipeline.py
[2026-05-28T07:19:13.596+0000] {processor.py:840} INFO - DAG(s) 'crime_analytics_pipeline' retrieved from /opt/airflow/dags/dag_crime_pipeline.py
[2026-05-28T07:19:13.634+0000] {logging_mixin.py:188} INFO - [2026-05-28T07:19:13.633+0000] {dag.py:3036} INFO - Sync 1 DAGs
[2026-05-28T07:19:13.677+0000] {processor.py:183} INFO - Processing /opt/airflow/dags/dag_crime_pipeline.py took 0.128 seconds
[2026-05-28T07:19:43.781+0000] {processor.py:161} INFO - Started process (PID=535) to work on /opt/airflow/dags/dag_crime_pipeline.py
[2026-05-28T07:19:43.783+0000] {processor.py:830} INFO - Processing file /opt/airflow/dags/dag_crime_pipeline.py for tasks to queue
[2026-05-28T07:19:43.786+0000] {logging_mixin.py:188} INFO - [2026-05-28T07:19:43.786+0000] {dagbag.py:538} INFO - Filling up the DagBag from /opt/airflow/dags/dag_crime_pipeline.py
[2026-05-28T07:19:43.834+0000] {processor.py:840} INFO - DAG(s) 'crime_analytics_pipeline' retrieved from /opt/airflow/dags/dag_crime_pipeline.py
[2026-05-28T07:19:43.895+0000] {logging_mixin.py:188} INFO - [2026-05-28T07:19:43.894+0000] {dag.py:3036} INFO - Sync 1 DAGs
[2026-05-28T07:19:43.934+0000] {processor.py:183} INFO - Processing /opt/airflow/dags/dag_crime_pipeline.py took 0.159 seconds
[2026-05-28T07:20:14.016+0000] {processor.py:161} INFO - Started process (PID=540) to work on /opt/airflow/dags/dag_crime_pipeline.py
[2026-05-28T07:20:14.018+0000] {processor.py:830} INFO - Processing file /opt/airflow/dags/dag_crime_pipeline.py for tasks to queue
[2026-05-28T07:20:14.021+0000] {logging_mixin.py:188} INFO - [2026-05-28T07:20:14.021+0000] {dagbag.py:538} INFO - Filling up the DagBag from /opt/airflow/dags/dag_crime_pipeline.py
[2026-05-28T07:20:14.070+0000] {processor.py:840} INFO - DAG(s) 'crime_analytics_pipeline' retrieved from /opt/airflow/dags/dag_crime_pipeline.py
[2026-05-28T07:20:14.113+0000] {logging_mixin.py:188} INFO - [2026-05-28T07:20:14.113+0000] {dag.py:3036} INFO - Sync 1 DAGs
[2026-05-28T07:20:14.178+0000] {processor.py:183} INFO - Processing /opt/airflow/dags/dag_crime_pipeline.py took 0.166 seconds
[2026-05-28T07:20:44.306+0000] {processor.py:161} INFO - Started process (PID=545) to work on /opt/airflow/dags/dag_crime_pipeline.py
[2026-05-28T07:20:44.309+0000] {processor.py:830} INFO - Processing file /opt/airflow/dags/dag_crime_pipeline.py for tasks to queue
[2026-05-28T07:20:44.312+0000] {logging_mixin.py:188} INFO - [2026-05-28T07:20:44.312+0000] {dagbag.py:538} INFO - Filling up the DagBag from /opt/airflow/dags/dag_crime_pipeline.py
[2026-05-28T07:20:44.362+0000] {processor.py:840} INFO - DAG(s) 'crime_analytics_pipeline' retrieved from /opt/airflow/dags/dag_crime_pipeline.py
[2026-05-28T07:20:44.400+0000] {logging_mixin.py:188} INFO - [2026-05-28T07:20:44.399+0000] {dag.py:3036} INFO - Sync 1 DAGs
[2026-05-28T07:20:44.453+0000] {processor.py:183} INFO - Processing /opt/airflow/dags/dag_crime_pipeline.py took 0.151 seconds
[2026-05-28T07:21:14.834+0000] {processor.py:161} INFO - Started process (PID=575) to work on /opt/airflow/dags/dag_crime_pipeline.py
[2026-05-28T07:21:14.836+0000] {processor.py:830} INFO - Processing file /opt/airflow/dags/dag_crime_pipeline.py for tasks to queue
[2026-05-28T07:21:14.840+0000] {logging_mixin.py:188} INFO - [2026-05-28T07:21:14.839+0000] {dagbag.py:538} INFO - Filling up the DagBag from /opt/airflow/dags/dag_crime_pipeline.py
[2026-05-28T07:21:14.888+0000] {processor.py:840} INFO - DAG(s) 'crime_analytics_pipeline' retrieved from /opt/airflow/dags/dag_crime_pipeline.py
[2026-05-28T07:21:14.924+0000] {logging_mixin.py:188} INFO - [2026-05-28T07:21:14.923+0000] {dag.py:3036} INFO - Sync 1 DAGs
[2026-05-28T07:21:14.973+0000] {processor.py:183} INFO - Processing /opt/airflow/dags/dag_crime_pipeline.py took 0.145 seconds
[2026-05-28T07:21:45.186+0000] {processor.py:161} INFO - Started process (PID=649) to work on /opt/airflow/dags/dag_crime_pipeline.py
[2026-05-28T07:21:45.188+0000] {processor.py:830} INFO - Processing file /opt/airflow/dags/dag_crime_pipeline.py for tasks to queue
[2026-05-28T07:21:45.191+0000] {logging_mixin.py:188} INFO - [2026-05-28T07:21:45.191+0000] {dagbag.py:538} INFO - Filling up the DagBag from /opt/airflow/dags/dag_crime_pipeline.py
[2026-05-28T07:21:45.261+0000] {processor.py:840} INFO - DAG(s) 'crime_analytics_pipeline' retrieved from /opt/airflow/dags/dag_crime_pipeline.py
[2026-05-28T07:21:45.315+0000] {logging_mixin.py:188} INFO - [2026-05-28T07:21:45.314+0000] {dag.py:3036} INFO - Sync 1 DAGs
[2026-05-28T07:21:45.361+0000] {processor.py:183} INFO - Processing /opt/airflow/dags/dag_crime_pipeline.py took 0.179 seconds
[2026-05-28T07:22:15.525+0000] {processor.py:161} INFO - Started process (PID=725) to work on /opt/airflow/dags/dag_crime_pipeline.py
[2026-05-28T07:22:15.527+0000] {processor.py:830} INFO - Processing file /opt/airflow/dags/dag_crime_pipeline.py for tasks to queue
[2026-05-28T07:22:15.531+0000] {logging_mixin.py:188} INFO - [2026-05-28T07:22:15.530+0000] {dagbag.py:538} INFO - Filling up the DagBag from /opt/airflow/dags/dag_crime_pipeline.py
[2026-05-28T07:22:15.580+0000] {processor.py:840} INFO - DAG(s) 'crime_analytics_pipeline' retrieved from /opt/airflow/dags/dag_crime_pipeline.py
[2026-05-28T07:22:15.623+0000] {logging_mixin.py:188} INFO - [2026-05-28T07:22:15.622+0000] {dag.py:3036} INFO - Sync 1 DAGs
[2026-05-28T07:22:15.672+0000] {processor.py:183} INFO - Processing /opt/airflow/dags/dag_crime_pipeline.py took 0.152 seconds
[2026-05-28T07:22:45.810+0000] {processor.py:161} INFO - Started process (PID=776) to work on /opt/airflow/dags/dag_crime_pipeline.py
[2026-05-28T07:22:45.811+0000] {processor.py:830} INFO - Processing file /opt/airflow/dags/dag_crime_pipeline.py for tasks to queue
[2026-05-28T07:22:45.815+0000] {logging_mixin.py:188} INFO - [2026-05-28T07:22:45.815+0000] {dagbag.py:538} INFO - Filling up the DagBag from /opt/airflow/dags/dag_crime_pipeline.py
[2026-05-28T07:22:45.866+0000] {processor.py:840} INFO - DAG(s) 'crime_analytics_pipeline' retrieved from /opt/airflow/dags/dag_crime_pipeline.py
[2026-05-28T07:22:45.906+0000] {logging_mixin.py:188} INFO - [2026-05-28T07:22:45.906+0000] {dag.py:3036} INFO - Sync 1 DAGs
[2026-05-28T07:22:45.959+0000] {processor.py:183} INFO - Processing /opt/airflow/dags/dag_crime_pipeline.py took 0.154 seconds
[2026-05-28T07:23:16.166+0000] {processor.py:161} INFO - Started process (PID=781) to work on /opt/airflow/dags/dag_crime_pipeline.py
[2026-05-28T07:23:16.168+0000] {processor.py:830} INFO - Processing file /opt/airflow/dags/dag_crime_pipeline.py for tasks to queue
[2026-05-28T07:23:16.171+0000] {logging_mixin.py:188} INFO - [2026-05-28T07:23:16.170+0000] {dagbag.py:538} INFO - Filling up the DagBag from /opt/airflow/dags/dag_crime_pipeline.py
[2026-05-28T07:23:16.222+0000] {processor.py:840} INFO - DAG(s) 'crime_analytics_pipeline' retrieved from /opt/airflow/dags/dag_crime_pipeline.py
[2026-05-28T07:23:16.270+0000] {logging_mixin.py:188} INFO - [2026-05-28T07:23:16.270+0000] {dag.py:3036} INFO - Sync 1 DAGs
[2026-05-28T07:23:16.315+0000] {processor.py:183} INFO - Processing /opt/airflow/dags/dag_crime_pipeline.py took 0.153 seconds
[2026-05-28T07:23:46.444+0000] {processor.py:161} INFO - Started process (PID=786) to work on /opt/airflow/dags/dag_crime_pipeline.py
[2026-05-28T07:23:46.446+0000] {processor.py:830} INFO - Processing file /opt/airflow/dags/dag_crime_pipeline.py for tasks to queue
[2026-05-28T07:23:46.448+0000] {logging_mixin.py:188} INFO - [2026-05-28T07:23:46.448+0000] {dagbag.py:538} INFO - Filling up the DagBag from /opt/airflow/dags/dag_crime_pipeline.py
[2026-05-28T07:23:46.491+0000] {processor.py:840} INFO - DAG(s) 'crime_analytics_pipeline' retrieved from /opt/airflow/dags/dag_crime_pipeline.py
[2026-05-28T07:23:46.527+0000] {logging_mixin.py:188} INFO - [2026-05-28T07:23:46.526+0000] {dag.py:3036} INFO - Sync 1 DAGs
[2026-05-28T07:23:46.569+0000] {processor.py:183} INFO - Processing /opt/airflow/dags/dag_crime_pipeline.py took 0.129 seconds
[2026-05-28T07:24:16.735+0000] {processor.py:161} INFO - Started process (PID=791) to work on /opt/airflow/dags/dag_crime_pipeline.py
[2026-05-28T07:24:16.764+0000] {processor.py:830} INFO - Processing file /opt/airflow/dags/dag_crime_pipeline.py for tasks to queue
[2026-05-28T07:24:16.784+0000] {logging_mixin.py:188} INFO - [2026-05-28T07:24:16.784+0000] {dagbag.py:538} INFO - Filling up the DagBag from /opt/airflow/dags/dag_crime_pipeline.py
[2026-05-28T07:24:16.865+0000] {processor.py:840} INFO - DAG(s) 'crime_analytics_pipeline' retrieved from /opt/airflow/dags/dag_crime_pipeline.py
[2026-05-28T07:24:16.901+0000] {logging_mixin.py:188} INFO - [2026-05-28T07:24:16.900+0000] {dag.py:3036} INFO - Sync 1 DAGs
[2026-05-28T07:24:16.973+0000] {processor.py:183} INFO - Processing /opt/airflow/dags/dag_crime_pipeline.py took 0.245 seconds
[2026-05-28T07:24:47.141+0000] {processor.py:161} INFO - Started process (PID=796) to work on /opt/airflow/dags/dag_crime_pipeline.py
[2026-05-28T07:24:47.143+0000] {processor.py:830} INFO - Processing file /opt/airflow/dags/dag_crime_pipeline.py for tasks to queue
[2026-05-28T07:24:47.147+0000] {logging_mixin.py:188} INFO - [2026-05-28T07:24:47.147+0000] {dagbag.py:538} INFO - Filling up the DagBag from /opt/airflow/dags/dag_crime_pipeline.py
[2026-05-28T07:24:47.192+0000] {processor.py:840} INFO - DAG(s) 'crime_analytics_pipeline' retrieved from /opt/airflow/dags/dag_crime_pipeline.py
[2026-05-28T07:24:47.234+0000] {logging_mixin.py:188} INFO - [2026-05-28T07:24:47.233+0000] {dag.py:3036} INFO - Sync 1 DAGs
[2026-05-28T07:24:47.314+0000] {processor.py:183} INFO - Processing /opt/airflow/dags/dag_crime_pipeline.py took 0.178 seconds
[2026-05-28T07:25:17.475+0000] {processor.py:161} INFO - Started process (PID=801) to work on /opt/airflow/dags/dag_crime_pipeline.py
[2026-05-28T07:25:17.477+0000] {processor.py:830} INFO - Processing file /opt/airflow/dags/dag_crime_pipeline.py for tasks to queue
[2026-05-28T07:25:17.481+0000] {logging_mixin.py:188} INFO - [2026-05-28T07:25:17.481+0000] {dagbag.py:538} INFO - Filling up the DagBag from /opt/airflow/dags/dag_crime_pipeline.py
[2026-05-28T07:25:17.529+0000] {processor.py:840} INFO - DAG(s) 'crime_analytics_pipeline' retrieved from /opt/airflow/dags/dag_crime_pipeline.py
[2026-05-28T07:25:17.579+0000] {logging_mixin.py:188} INFO - [2026-05-28T07:25:17.578+0000] {dag.py:3036} INFO - Sync 1 DAGs
[2026-05-28T07:25:17.638+0000] {processor.py:183} INFO - Processing /opt/airflow/dags/dag_crime_pipeline.py took 0.169 seconds
[2026-05-28T07:25:47.825+0000] {processor.py:161} INFO - Started process (PID=806) to work on /opt/airflow/dags/dag_crime_pipeline.py
[2026-05-28T07:25:47.827+0000] {processor.py:830} INFO - Processing file /opt/airflow/dags/dag_crime_pipeline.py for tasks to queue
[2026-05-28T07:25:47.831+0000] {logging_mixin.py:188} INFO - [2026-05-28T07:25:47.830+0000] {dagbag.py:538} INFO - Filling up the DagBag from /opt/airflow/dags/dag_crime_pipeline.py
[2026-05-28T07:25:47.882+0000] {processor.py:840} INFO - DAG(s) 'crime_analytics_pipeline' retrieved from /opt/airflow/dags/dag_crime_pipeline.py
[2026-05-28T07:25:47.933+0000] {logging_mixin.py:188} INFO - [2026-05-28T07:25:47.932+0000] {dag.py:3036} INFO - Sync 1 DAGs
[2026-05-28T07:25:48.020+0000] {processor.py:183} INFO - Processing /opt/airflow/dags/dag_crime_pipeline.py took 0.200 seconds
[2026-05-28T07:26:18.127+0000] {processor.py:161} INFO - Started process (PID=811) to work on /opt/airflow/dags/dag_crime_pipeline.py
[2026-05-28T07:26:18.129+0000] {processor.py:830} INFO - Processing file /opt/airflow/dags/dag_crime_pipeline.py for tasks to queue
[2026-05-28T07:26:18.133+0000] {logging_mixin.py:188} INFO - [2026-05-28T07:26:18.133+0000] {dagbag.py:538} INFO - Filling up the DagBag from /opt/airflow/dags/dag_crime_pipeline.py
[2026-05-28T07:26:18.181+0000] {processor.py:840} INFO - DAG(s) 'crime_analytics_pipeline' retrieved from /opt/airflow/dags/dag_crime_pipeline.py
[2026-05-28T07:26:18.222+0000] {logging_mixin.py:188} INFO - [2026-05-28T07:26:18.221+0000] {dag.py:3036} INFO - Sync 1 DAGs
[2026-05-28T07:26:18.269+0000] {processor.py:183} INFO - Processing /opt/airflow/dags/dag_crime_pipeline.py took 0.147 seconds
[2026-05-28T07:26:48.567+0000] {processor.py:161} INFO - Started process (PID=816) to work on /opt/airflow/dags/dag_crime_pipeline.py
[2026-05-28T07:26:48.570+0000] {processor.py:830} INFO - Processing file /opt/airflow/dags/dag_crime_pipeline.py for tasks to queue
[2026-05-28T07:26:48.575+0000] {logging_mixin.py:188} INFO - [2026-05-28T07:26:48.574+0000] {dagbag.py:538} INFO - Filling up the DagBag from /opt/airflow/dags/dag_crime_pipeline.py
[2026-05-28T07:26:48.634+0000] {processor.py:840} INFO - DAG(s) 'crime_analytics_pipeline' retrieved from /opt/airflow/dags/dag_crime_pipeline.py
[2026-05-28T07:26:48.677+0000] {logging_mixin.py:188} INFO - [2026-05-28T07:26:48.676+0000] {dag.py:3036} INFO - Sync 1 DAGs
[2026-05-28T07:26:48.740+0000] {processor.py:183} INFO - Processing /opt/airflow/dags/dag_crime_pipeline.py took 0.179 seconds
[2026-05-28T07:27:18.913+0000] {processor.py:161} INFO - Started process (PID=821) to work on /opt/airflow/dags/dag_crime_pipeline.py
[2026-05-28T07:27:18.915+0000] {processor.py:830} INFO - Processing file /opt/airflow/dags/dag_crime_pipeline.py for tasks to queue
[2026-05-28T07:27:18.919+0000] {logging_mixin.py:188} INFO - [2026-05-28T07:27:18.918+0000] {dagbag.py:538} INFO - Filling up the DagBag from /opt/airflow/dags/dag_crime_pipeline.py
[2026-05-28T07:27:18.966+0000] {processor.py:840} INFO - DAG(s) 'crime_analytics_pipeline' retrieved from /opt/airflow/dags/dag_crime_pipeline.py
[2026-05-28T07:27:19.003+0000] {logging_mixin.py:188} INFO - [2026-05-28T07:27:19.003+0000] {dag.py:3036} INFO - Sync 1 DAGs
[2026-05-28T07:27:19.051+0000] {processor.py:183} INFO - Processing /opt/airflow/dags/dag_crime_pipeline.py took 0.143 seconds
[2026-05-28T07:27:49.237+0000] {processor.py:161} INFO - Started process (PID=899) to work on /opt/airflow/dags/dag_crime_pipeline.py
[2026-05-28T07:27:49.239+0000] {processor.py:830} INFO - Processing file /opt/airflow/dags/dag_crime_pipeline.py for tasks to queue
[2026-05-28T07:27:49.243+0000] {logging_mixin.py:188} INFO - [2026-05-28T07:27:49.242+0000] {dagbag.py:538} INFO - Filling up the DagBag from /opt/airflow/dags/dag_crime_pipeline.py
[2026-05-28T07:27:49.289+0000] {processor.py:840} INFO - DAG(s) 'crime_analytics_pipeline' retrieved from /opt/airflow/dags/dag_crime_pipeline.py
[2026-05-28T07:27:49.334+0000] {logging_mixin.py:188} INFO - [2026-05-28T07:27:49.333+0000] {dag.py:3036} INFO - Sync 1 DAGs
[2026-05-28T07:27:49.398+0000] {processor.py:183} INFO - Processing /opt/airflow/dags/dag_crime_pipeline.py took 0.168 seconds
[2026-05-28T07:28:19.528+0000] {processor.py:161} INFO - Started process (PID=927) to work on /opt/airflow/dags/dag_crime_pipeline.py
[2026-05-28T07:28:19.530+0000] {processor.py:830} INFO - Processing file /opt/airflow/dags/dag_crime_pipeline.py for tasks to queue
[2026-05-28T07:28:19.535+0000] {logging_mixin.py:188} INFO - [2026-05-28T07:28:19.534+0000] {dagbag.py:538} INFO - Filling up the DagBag from /opt/airflow/dags/dag_crime_pipeline.py
[2026-05-28T07:28:19.585+0000] {processor.py:840} INFO - DAG(s) 'crime_analytics_pipeline' retrieved from /opt/airflow/dags/dag_crime_pipeline.py
[2026-05-28T07:28:19.638+0000] {logging_mixin.py:188} INFO - [2026-05-28T07:28:19.637+0000] {dag.py:3036} INFO - Sync 1 DAGs
[2026-05-28T07:28:19.685+0000] {processor.py:183} INFO - Processing /opt/airflow/dags/dag_crime_pipeline.py took 0.160 seconds
[2026-05-28T07:28:49.822+0000] {processor.py:161} INFO - Started process (PID=932) to work on /opt/airflow/dags/dag_crime_pipeline.py
[2026-05-28T07:28:49.823+0000] {processor.py:830} INFO - Processing file /opt/airflow/dags/dag_crime_pipeline.py for tasks to queue
[2026-05-28T07:28:49.828+0000] {logging_mixin.py:188} INFO - [2026-05-28T07:28:49.827+0000] {dagbag.py:538} INFO - Filling up the DagBag from /opt/airflow/dags/dag_crime_pipeline.py
[2026-05-28T07:28:49.907+0000] {processor.py:840} INFO - DAG(s) 'crime_analytics_pipeline' retrieved from /opt/airflow/dags/dag_crime_pipeline.py
[2026-05-28T07:28:49.972+0000] {logging_mixin.py:188} INFO - [2026-05-28T07:28:49.972+0000] {dag.py:3036} INFO - Sync 1 DAGs
[2026-05-28T07:28:50.028+0000] {processor.py:183} INFO - Processing /opt/airflow/dags/dag_crime_pipeline.py took 0.212 seconds
[2026-05-28T07:29:20.150+0000] {processor.py:161} INFO - Started process (PID=937) to work on /opt/airflow/dags/dag_crime_pipeline.py
[2026-05-28T07:29:20.152+0000] {processor.py:830} INFO - Processing file /opt/airflow/dags/dag_crime_pipeline.py for tasks to queue
[2026-05-28T07:29:20.155+0000] {logging_mixin.py:188} INFO - [2026-05-28T07:29:20.154+0000] {dagbag.py:538} INFO - Filling up the DagBag from /opt/airflow/dags/dag_crime_pipeline.py
[2026-05-28T07:29:20.196+0000] {processor.py:840} INFO - DAG(s) 'crime_analytics_pipeline' retrieved from /opt/airflow/dags/dag_crime_pipeline.py
[2026-05-28T07:29:20.232+0000] {logging_mixin.py:188} INFO - [2026-05-28T07:29:20.232+0000] {dag.py:3036} INFO - Sync 1 DAGs
[2026-05-28T07:29:20.296+0000] {processor.py:183} INFO - Processing /opt/airflow/dags/dag_crime_pipeline.py took 0.150 seconds
[2026-05-28T07:29:51.317+0000] {processor.py:161} INFO - Started process (PID=942) to work on /opt/airflow/dags/dag_crime_pipeline.py
[2026-05-28T07:29:51.318+0000] {processor.py:830} INFO - Processing file /opt/airflow/dags/dag_crime_pipeline.py for tasks to queue
[2026-05-28T07:29:51.323+0000] {logging_mixin.py:188} INFO - [2026-05-28T07:29:51.322+0000] {dagbag.py:538} INFO - Filling up the DagBag from /opt/airflow/dags/dag_crime_pipeline.py
[2026-05-28T07:29:51.374+0000] {processor.py:840} INFO - DAG(s) 'crime_analytics_pipeline' retrieved from /opt/airflow/dags/dag_crime_pipeline.py
[2026-05-28T07:29:51.417+0000] {logging_mixin.py:188} INFO - [2026-05-28T07:29:51.417+0000] {dag.py:3036} INFO - Sync 1 DAGs
[2026-05-28T07:29:51.491+0000] {processor.py:183} INFO - Processing /opt/airflow/dags/dag_crime_pipeline.py took 0.180 seconds
[2026-05-28T07:30:21.754+0000] {processor.py:161} INFO - Started process (PID=947) to work on /opt/airflow/dags/dag_crime_pipeline.py
[2026-05-28T07:30:21.758+0000] {processor.py:830} INFO - Processing file /opt/airflow/dags/dag_crime_pipeline.py for tasks to queue
[2026-05-28T07:30:21.764+0000] {logging_mixin.py:188} INFO - [2026-05-28T07:30:21.763+0000] {dagbag.py:538} INFO - Filling up the DagBag from /opt/airflow/dags/dag_crime_pipeline.py
[2026-05-28T07:30:21.842+0000] {processor.py:840} INFO - DAG(s) 'crime_analytics_pipeline' retrieved from /opt/airflow/dags/dag_crime_pipeline.py
[2026-05-28T07:30:21.892+0000] {logging_mixin.py:188} INFO - [2026-05-28T07:30:21.892+0000] {dag.py:3036} INFO - Sync 1 DAGs
[2026-05-28T07:30:21.938+0000] {processor.py:183} INFO - Processing /opt/airflow/dags/dag_crime_pipeline.py took 0.189 seconds
[2026-05-28T07:30:52.040+0000] {processor.py:161} INFO - Started process (PID=952) to work on /opt/airflow/dags/dag_crime_pipeline.py
[2026-05-28T07:30:52.041+0000] {processor.py:830} INFO - Processing file /opt/airflow/dags/dag_crime_pipeline.py for tasks to queue
[2026-05-28T07:30:52.044+0000] {logging_mixin.py:188} INFO - [2026-05-28T07:30:52.043+0000] {dagbag.py:538} INFO - Filling up the DagBag from /opt/airflow/dags/dag_crime_pipeline.py
[2026-05-28T07:30:52.110+0000] {processor.py:840} INFO - DAG(s) 'crime_analytics_pipeline' retrieved from /opt/airflow/dags/dag_crime_pipeline.py
[2026-05-28T07:30:52.160+0000] {logging_mixin.py:188} INFO - [2026-05-28T07:30:52.160+0000] {dag.py:3036} INFO - Sync 1 DAGs
[2026-05-28T07:30:52.201+0000] {processor.py:183} INFO - Processing /opt/airflow/dags/dag_crime_pipeline.py took 0.164 seconds
[2026-05-28T07:31:22.381+0000] {processor.py:161} INFO - Started process (PID=957) to work on /opt/airflow/dags/dag_crime_pipeline.py
[2026-05-28T07:31:22.383+0000] {processor.py:830} INFO - Processing file /opt/airflow/dags/dag_crime_pipeline.py for tasks to queue
[2026-05-28T07:31:22.386+0000] {logging_mixin.py:188} INFO - [2026-05-28T07:31:22.385+0000] {dagbag.py:538} INFO - Filling up the DagBag from /opt/airflow/dags/dag_crime_pipeline.py
[2026-05-28T07:31:22.432+0000] {processor.py:840} INFO - DAG(s) 'crime_analytics_pipeline' retrieved from /opt/airflow/dags/dag_crime_pipeline.py
[2026-05-28T07:31:22.471+0000] {logging_mixin.py:188} INFO - [2026-05-28T07:31:22.470+0000] {dag.py:3036} INFO - Sync 1 DAGs
[2026-05-28T07:31:22.537+0000] {processor.py:183} INFO - Processing /opt/airflow/dags/dag_crime_pipeline.py took 0.160 seconds
[2026-05-28T07:31:52.675+0000] {processor.py:161} INFO - Started process (PID=962) to work on /opt/airflow/dags/dag_crime_pipeline.py
[2026-05-28T07:31:52.676+0000] {processor.py:830} INFO - Processing file /opt/airflow/dags/dag_crime_pipeline.py for tasks to queue
[2026-05-28T07:31:52.679+0000] {logging_mixin.py:188} INFO - [2026-05-28T07:31:52.678+0000] {dagbag.py:538} INFO - Filling up the DagBag from /opt/airflow/dags/dag_crime_pipeline.py
[2026-05-28T07:31:52.717+0000] {processor.py:840} INFO - DAG(s) 'crime_analytics_pipeline' retrieved from /opt/airflow/dags/dag_crime_pipeline.py
[2026-05-28T07:31:52.754+0000] {logging_mixin.py:188} INFO - [2026-05-28T07:31:52.754+0000] {dag.py:3036} INFO - Sync 1 DAGs
[2026-05-28T07:31:52.800+0000] {processor.py:183} INFO - Processing /opt/airflow/dags/dag_crime_pipeline.py took 0.128 seconds
[2026-05-28T07:32:22.905+0000] {processor.py:161} INFO - Started process (PID=967) to work on /opt/airflow/dags/dag_crime_pipeline.py
[2026-05-28T07:32:22.907+0000] {processor.py:830} INFO - Processing file /opt/airflow/dags/dag_crime_pipeline.py for tasks to queue
[2026-05-28T07:32:22.911+0000] {logging_mixin.py:188} INFO - [2026-05-28T07:32:22.910+0000] {dagbag.py:538} INFO - Filling up the DagBag from /opt/airflow/dags/dag_crime_pipeline.py
[2026-05-28T07:32:22.966+0000] {processor.py:840} INFO - DAG(s) 'crime_analytics_pipeline' retrieved from /opt/airflow/dags/dag_crime_pipeline.py
[2026-05-28T07:32:23.015+0000] {logging_mixin.py:188} INFO - [2026-05-28T07:32:23.014+0000] {dag.py:3036} INFO - Sync 1 DAGs
[2026-05-28T07:32:23.077+0000] {processor.py:183} INFO - Processing /opt/airflow/dags/dag_crime_pipeline.py took 0.177 seconds
[2026-05-28T07:32:53.221+0000] {processor.py:161} INFO - Started process (PID=972) to work on /opt/airflow/dags/dag_crime_pipeline.py
[2026-05-28T07:32:53.223+0000] {processor.py:830} INFO - Processing file /opt/airflow/dags/dag_crime_pipeline.py for tasks to queue
[2026-05-28T07:32:53.229+0000] {logging_mixin.py:188} INFO - [2026-05-28T07:32:53.228+0000] {dagbag.py:538} INFO - Filling up the DagBag from /opt/airflow/dags/dag_crime_pipeline.py
[2026-05-28T07:32:53.284+0000] {processor.py:840} INFO - DAG(s) 'crime_analytics_pipeline' retrieved from /opt/airflow/dags/dag_crime_pipeline.py
[2026-05-28T07:32:53.330+0000] {logging_mixin.py:188} INFO - [2026-05-28T07:32:53.330+0000] {dag.py:3036} INFO - Sync 1 DAGs
[2026-05-28T07:32:53.407+0000] {processor.py:183} INFO - Processing /opt/airflow/dags/dag_crime_pipeline.py took 0.192 seconds
[2026-05-28T07:33:23.538+0000] {processor.py:161} INFO - Started process (PID=1047) to work on /opt/airflow/dags/dag_crime_pipeline.py
[2026-05-28T07:33:23.540+0000] {processor.py:830} INFO - Processing file /opt/airflow/dags/dag_crime_pipeline.py for tasks to queue
[2026-05-28T07:33:23.544+0000] {logging_mixin.py:188} INFO - [2026-05-28T07:33:23.543+0000] {dagbag.py:538} INFO - Filling up the DagBag from /opt/airflow/dags/dag_crime_pipeline.py
[2026-05-28T07:33:23.599+0000] {processor.py:840} INFO - DAG(s) 'crime_analytics_pipeline' retrieved from /opt/airflow/dags/dag_crime_pipeline.py
[2026-05-28T07:33:23.652+0000] {logging_mixin.py:188} INFO - [2026-05-28T07:33:23.652+0000] {dag.py:3036} INFO - Sync 1 DAGs
[2026-05-28T07:33:23.732+0000] {processor.py:183} INFO - Processing /opt/airflow/dags/dag_crime_pipeline.py took 0.199 seconds
[2026-05-28T07:33:53.885+0000] {processor.py:161} INFO - Started process (PID=1088) to work on /opt/airflow/dags/dag_crime_pipeline.py
[2026-05-28T07:33:53.887+0000] {processor.py:830} INFO - Processing file /opt/airflow/dags/dag_crime_pipeline.py for tasks to queue
[2026-05-28T07:33:53.891+0000] {logging_mixin.py:188} INFO - [2026-05-28T07:33:53.890+0000] {dagbag.py:538} INFO - Filling up the DagBag from /opt/airflow/dags/dag_crime_pipeline.py
[2026-05-28T07:33:53.939+0000] {processor.py:840} INFO - DAG(s) 'crime_analytics_pipeline' retrieved from /opt/airflow/dags/dag_crime_pipeline.py
[2026-05-28T07:33:53.978+0000] {logging_mixin.py:188} INFO - [2026-05-28T07:33:53.978+0000] {dag.py:3036} INFO - Sync 1 DAGs
[2026-05-28T07:33:54.052+0000] {processor.py:183} INFO - Processing /opt/airflow/dags/dag_crime_pipeline.py took 0.173 seconds
[2026-05-28T07:34:24.231+0000] {processor.py:161} INFO - Started process (PID=1097) to work on /opt/airflow/dags/dag_crime_pipeline.py
[2026-05-28T07:34:24.233+0000] {processor.py:830} INFO - Processing file /opt/airflow/dags/dag_crime_pipeline.py for tasks to queue
[2026-05-28T07:34:24.236+0000] {logging_mixin.py:188} INFO - [2026-05-28T07:34:24.235+0000] {dagbag.py:538} INFO - Filling up the DagBag from /opt/airflow/dags/dag_crime_pipeline.py
[2026-05-28T07:34:24.278+0000] {processor.py:840} INFO - DAG(s) 'crime_analytics_pipeline' retrieved from /opt/airflow/dags/dag_crime_pipeline.py
[2026-05-28T07:34:24.313+0000] {logging_mixin.py:188} INFO - [2026-05-28T07:34:24.313+0000] {dag.py:3036} INFO - Sync 1 DAGs
[2026-05-28T07:34:24.359+0000] {processor.py:183} INFO - Processing /opt/airflow/dags/dag_crime_pipeline.py took 0.133 seconds
[2026-05-28T07:34:54.513+0000] {processor.py:161} INFO - Started process (PID=1102) to work on /opt/airflow/dags/dag_crime_pipeline.py
[2026-05-28T07:34:54.515+0000] {processor.py:830} INFO - Processing file /opt/airflow/dags/dag_crime_pipeline.py for tasks to queue
[2026-05-28T07:34:54.517+0000] {logging_mixin.py:188} INFO - [2026-05-28T07:34:54.517+0000] {dagbag.py:538} INFO - Filling up the DagBag from /opt/airflow/dags/dag_crime_pipeline.py
[2026-05-28T07:34:54.670+0000] {processor.py:840} INFO - DAG(s) 'crime_analytics_pipeline' retrieved from /opt/airflow/dags/dag_crime_pipeline.py
[2026-05-28T07:34:54.723+0000] {logging_mixin.py:188} INFO - [2026-05-28T07:34:54.722+0000] {dag.py:3036} INFO - Sync 1 DAGs
[2026-05-28T07:34:54.774+0000] {processor.py:183} INFO - Processing /opt/airflow/dags/dag_crime_pipeline.py took 0.265 seconds
[2026-05-28T07:35:24.878+0000] {processor.py:161} INFO - Started process (PID=1107) to work on /opt/airflow/dags/dag_crime_pipeline.py
[2026-05-28T07:35:24.879+0000] {processor.py:830} INFO - Processing file /opt/airflow/dags/dag_crime_pipeline.py for tasks to queue
[2026-05-28T07:35:24.883+0000] {logging_mixin.py:188} INFO - [2026-05-28T07:35:24.882+0000] {dagbag.py:538} INFO - Filling up the DagBag from /opt/airflow/dags/dag_crime_pipeline.py
[2026-05-28T07:35:24.926+0000] {processor.py:840} INFO - DAG(s) 'crime_analytics_pipeline' retrieved from /opt/airflow/dags/dag_crime_pipeline.py
[2026-05-28T07:35:24.968+0000] {logging_mixin.py:188} INFO - [2026-05-28T07:35:24.967+0000] {dag.py:3036} INFO - Sync 1 DAGs
[2026-05-28T07:35:25.017+0000] {processor.py:183} INFO - Processing /opt/airflow/dags/dag_crime_pipeline.py took 0.144 seconds
[2026-05-28T07:35:55.145+0000] {processor.py:161} INFO - Started process (PID=1112) to work on /opt/airflow/dags/dag_crime_pipeline.py
[2026-05-28T07:35:55.146+0000] {processor.py:830} INFO - Processing file /opt/airflow/dags/dag_crime_pipeline.py for tasks to queue
[2026-05-28T07:35:55.149+0000] {logging_mixin.py:188} INFO - [2026-05-28T07:35:55.149+0000] {dagbag.py:538} INFO - Filling up the DagBag from /opt/airflow/dags/dag_crime_pipeline.py
[2026-05-28T07:35:55.195+0000] {processor.py:840} INFO - DAG(s) 'crime_analytics_pipeline' retrieved from /opt/airflow/dags/dag_crime_pipeline.py
[2026-05-28T07:35:55.239+0000] {logging_mixin.py:188} INFO - [2026-05-28T07:35:55.238+0000] {dag.py:3036} INFO - Sync 1 DAGs
[2026-05-28T07:35:55.312+0000] {processor.py:183} INFO - Processing /opt/airflow/dags/dag_crime_pipeline.py took 0.171 seconds
[2026-05-28T07:36:25.601+0000] {processor.py:161} INFO - Started process (PID=1117) to work on /opt/airflow/dags/dag_crime_pipeline.py
[2026-05-28T07:36:25.602+0000] {processor.py:830} INFO - Processing file /opt/airflow/dags/dag_crime_pipeline.py for tasks to queue
[2026-05-28T07:36:25.604+0000] {logging_mixin.py:188} INFO - [2026-05-28T07:36:25.604+0000] {dagbag.py:538} INFO - Filling up the DagBag from /opt/airflow/dags/dag_crime_pipeline.py
[2026-05-28T07:36:25.650+0000] {processor.py:840} INFO - DAG(s) 'crime_analytics_pipeline' retrieved from /opt/airflow/dags/dag_crime_pipeline.py
[2026-05-28T07:36:25.686+0000] {logging_mixin.py:188} INFO - [2026-05-28T07:36:25.685+0000] {dag.py:3036} INFO - Sync 1 DAGs
[2026-05-28T07:36:25.754+0000] {processor.py:183} INFO - Processing /opt/airflow/dags/dag_crime_pipeline.py took 0.156 seconds
[2026-05-28T07:36:55.919+0000] {processor.py:161} INFO - Started process (PID=1122) to work on /opt/airflow/dags/dag_crime_pipeline.py
[2026-05-28T07:36:55.921+0000] {processor.py:830} INFO - Processing file /opt/airflow/dags/dag_crime_pipeline.py for tasks to queue
[2026-05-28T07:36:55.924+0000] {logging_mixin.py:188} INFO - [2026-05-28T07:36:55.924+0000] {dagbag.py:538} INFO - Filling up the DagBag from /opt/airflow/dags/dag_crime_pipeline.py
[2026-05-28T07:36:55.978+0000] {processor.py:840} INFO - DAG(s) 'crime_analytics_pipeline' retrieved from /opt/airflow/dags/dag_crime_pipeline.py
[2026-05-28T07:36:56.024+0000] {logging_mixin.py:188} INFO - [2026-05-28T07:36:56.023+0000] {dag.py:3036} INFO - Sync 1 DAGs
[2026-05-28T07:36:56.087+0000] {processor.py:183} INFO - Processing /opt/airflow/dags/dag_crime_pipeline.py took 0.172 seconds
[2026-05-28T07:37:26.183+0000] {processor.py:161} INFO - Started process (PID=1127) to work on /opt/airflow/dags/dag_crime_pipeline.py
[2026-05-28T07:37:26.184+0000] {processor.py:830} INFO - Processing file /opt/airflow/dags/dag_crime_pipeline.py for tasks to queue
[2026-05-28T07:37:26.187+0000] {logging_mixin.py:188} INFO - [2026-05-28T07:37:26.187+0000] {dagbag.py:538} INFO - Filling up the DagBag from /opt/airflow/dags/dag_crime_pipeline.py
[2026-05-28T07:37:26.232+0000] {processor.py:840} INFO - DAG(s) 'crime_analytics_pipeline' retrieved from /opt/airflow/dags/dag_crime_pipeline.py
[2026-05-28T07:37:26.274+0000] {logging_mixin.py:188} INFO - [2026-05-28T07:37:26.273+0000] {dag.py:3036} INFO - Sync 1 DAGs
[2026-05-28T07:37:26.323+0000] {processor.py:183} INFO - Processing /opt/airflow/dags/dag_crime_pipeline.py took 0.147 seconds
[2026-05-28T07:37:56.501+0000] {processor.py:161} INFO - Started process (PID=1132) to work on /opt/airflow/dags/dag_crime_pipeline.py
[2026-05-28T07:37:56.503+0000] {processor.py:830} INFO - Processing file /opt/airflow/dags/dag_crime_pipeline.py for tasks to queue
[2026-05-28T07:37:56.505+0000] {logging_mixin.py:188} INFO - [2026-05-28T07:37:56.505+0000] {dagbag.py:538} INFO - Filling up the DagBag from /opt/airflow/dags/dag_crime_pipeline.py
[2026-05-28T07:37:56.550+0000] {processor.py:840} INFO - DAG(s) 'crime_analytics_pipeline' retrieved from /opt/airflow/dags/dag_crime_pipeline.py
[2026-05-28T07:37:56.589+0000] {logging_mixin.py:188} INFO - [2026-05-28T07:37:56.588+0000] {dag.py:3036} INFO - Sync 1 DAGs
[2026-05-28T07:37:56.633+0000] {processor.py:183} INFO - Processing /opt/airflow/dags/dag_crime_pipeline.py took 0.136 seconds
[2026-05-28T07:38:26.722+0000] {processor.py:161} INFO - Started process (PID=1137) to work on /opt/airflow/dags/dag_crime_pipeline.py
[2026-05-28T07:38:26.724+0000] {processor.py:830} INFO - Processing file /opt/airflow/dags/dag_crime_pipeline.py for tasks to queue
[2026-05-28T07:38:26.729+0000] {logging_mixin.py:188} INFO - [2026-05-28T07:38:26.727+0000] {dagbag.py:538} INFO - Filling up the DagBag from /opt/airflow/dags/dag_crime_pipeline.py
[2026-05-28T07:38:26.781+0000] {processor.py:840} INFO - DAG(s) 'crime_analytics_pipeline' retrieved from /opt/airflow/dags/dag_crime_pipeline.py
[2026-05-28T07:38:26.833+0000] {logging_mixin.py:188} INFO - [2026-05-28T07:38:26.832+0000] {dag.py:3036} INFO - Sync 1 DAGs
[2026-05-28T07:38:26.917+0000] {processor.py:183} INFO - Processing /opt/airflow/dags/dag_crime_pipeline.py took 0.203 seconds
[2026-05-28T07:38:57.081+0000] {processor.py:161} INFO - Started process (PID=1142) to work on /opt/airflow/dags/dag_crime_pipeline.py
[2026-05-28T07:38:57.084+0000] {processor.py:830} INFO - Processing file /opt/airflow/dags/dag_crime_pipeline.py for tasks to queue
[2026-05-28T07:38:57.087+0000] {logging_mixin.py:188} INFO - [2026-05-28T07:38:57.086+0000] {dagbag.py:538} INFO - Filling up the DagBag from /opt/airflow/dags/dag_crime_pipeline.py
[2026-05-28T07:38:57.145+0000] {processor.py:840} INFO - DAG(s) 'crime_analytics_pipeline' retrieved from /opt/airflow/dags/dag_crime_pipeline.py
[2026-05-28T07:38:57.201+0000] {logging_mixin.py:188} INFO - [2026-05-28T07:38:57.200+0000] {dag.py:3036} INFO - Sync 1 DAGs
[2026-05-28T07:38:57.254+0000] {processor.py:183} INFO - Processing /opt/airflow/dags/dag_crime_pipeline.py took 0.179 seconds
[2026-05-28T07:39:28.184+0000] {processor.py:161} INFO - Started process (PID=1149) to work on /opt/airflow/dags/dag_crime_pipeline.py
[2026-05-28T07:39:28.185+0000] {processor.py:830} INFO - Processing file /opt/airflow/dags/dag_crime_pipeline.py for tasks to queue
[2026-05-28T07:39:28.189+0000] {logging_mixin.py:188} INFO - [2026-05-28T07:39:28.188+0000] {dagbag.py:538} INFO - Filling up the DagBag from /opt/airflow/dags/dag_crime_pipeline.py
[2026-05-28T07:39:28.239+0000] {processor.py:840} INFO - DAG(s) 'crime_analytics_pipeline' retrieved from /opt/airflow/dags/dag_crime_pipeline.py
[2026-05-28T07:39:28.272+0000] {logging_mixin.py:188} INFO - [2026-05-28T07:39:28.272+0000] {dag.py:3036} INFO - Sync 1 DAGs
[2026-05-28T07:39:28.300+0000] {logging_mixin.py:188} INFO - [2026-05-28T07:39:28.300+0000] {dag.py:3823} INFO - Setting next_dagrun for crime_analytics_pipeline to 2026-05-23 19:00:00+00:00, run_after=2026-05-30 19:00:00+00:00
[2026-05-28T07:39:28.345+0000] {processor.py:183} INFO - Processing /opt/airflow/dags/dag_crime_pipeline.py took 0.166 seconds
[2026-05-28T07:39:58.577+0000] {processor.py:161} INFO - Started process (PID=1154) to work on /opt/airflow/dags/dag_crime_pipeline.py
[2026-05-28T07:39:58.579+0000] {processor.py:830} INFO - Processing file /opt/airflow/dags/dag_crime_pipeline.py for tasks to queue
[2026-05-28T07:39:58.583+0000] {logging_mixin.py:188} INFO - [2026-05-28T07:39:58.582+0000] {dagbag.py:538} INFO - Filling up the DagBag from /opt/airflow/dags/dag_crime_pipeline.py
[2026-05-28T07:39:58.668+0000] {processor.py:840} INFO - DAG(s) 'crime_analytics_pipeline' retrieved from /opt/airflow/dags/dag_crime_pipeline.py
[2026-05-28T07:39:58.725+0000] {logging_mixin.py:188} INFO - [2026-05-28T07:39:58.724+0000] {dag.py:3036} INFO - Sync 1 DAGs
[2026-05-28T07:39:58.753+0000] {logging_mixin.py:188} INFO - [2026-05-28T07:39:58.753+0000] {dag.py:3823} INFO - Setting next_dagrun for crime_analytics_pipeline to 2026-05-23 19:00:00+00:00, run_after=2026-05-30 19:00:00+00:00
[2026-05-28T07:39:58.778+0000] {processor.py:183} INFO - Processing /opt/airflow/dags/dag_crime_pipeline.py took 0.206 seconds
[2026-05-28T07:40:28.933+0000] {processor.py:161} INFO - Started process (PID=1159) to work on /opt/airflow/dags/dag_crime_pipeline.py
[2026-05-28T07:40:28.934+0000] {processor.py:830} INFO - Processing file /opt/airflow/dags/dag_crime_pipeline.py for tasks to queue
[2026-05-28T07:40:28.938+0000] {logging_mixin.py:188} INFO - [2026-05-28T07:40:28.937+0000] {dagbag.py:538} INFO - Filling up the DagBag from /opt/airflow/dags/dag_crime_pipeline.py
[2026-05-28T07:40:28.978+0000] {processor.py:840} INFO - DAG(s) 'crime_analytics_pipeline' retrieved from /opt/airflow/dags/dag_crime_pipeline.py
[2026-05-28T07:40:29.011+0000] {logging_mixin.py:188} INFO - [2026-05-28T07:40:29.011+0000] {dag.py:3036} INFO - Sync 1 DAGs
[2026-05-28T07:40:29.037+0000] {logging_mixin.py:188} INFO - [2026-05-28T07:40:29.036+0000] {dag.py:3823} INFO - Setting next_dagrun for crime_analytics_pipeline to 2026-05-23 19:00:00+00:00, run_after=2026-05-30 19:00:00+00:00
[2026-05-28T07:40:29.058+0000] {processor.py:183} INFO - Processing /opt/airflow/dags/dag_crime_pipeline.py took 0.131 seconds
[2026-05-28T07:40:59.187+0000] {processor.py:161} INFO - Started process (PID=1164) to work on /opt/airflow/dags/dag_crime_pipeline.py
[2026-05-28T07:40:59.189+0000] {processor.py:830} INFO - Processing file /opt/airflow/dags/dag_crime_pipeline.py for tasks to queue
[2026-05-28T07:40:59.192+0000] {logging_mixin.py:188} INFO - [2026-05-28T07:40:59.191+0000] {dagbag.py:538} INFO - Filling up the DagBag from /opt/airflow/dags/dag_crime_pipeline.py
[2026-05-28T07:40:59.230+0000] {processor.py:840} INFO - DAG(s) 'crime_analytics_pipeline' retrieved from /opt/airflow/dags/dag_crime_pipeline.py
[2026-05-28T07:40:59.267+0000] {logging_mixin.py:188} INFO - [2026-05-28T07:40:59.267+0000] {dag.py:3036} INFO - Sync 1 DAGs
[2026-05-28T07:40:59.292+0000] {logging_mixin.py:188} INFO - [2026-05-28T07:40:59.291+0000] {dag.py:3823} INFO - Setting next_dagrun for crime_analytics_pipeline to 2026-05-23 19:00:00+00:00, run_after=2026-05-30 19:00:00+00:00
[2026-05-28T07:40:59.315+0000] {processor.py:183} INFO - Processing /opt/airflow/dags/dag_crime_pipeline.py took 0.132 seconds
[2026-05-28T07:41:29.503+0000] {processor.py:161} INFO - Started process (PID=1169) to work on /opt/airflow/dags/dag_crime_pipeline.py
[2026-05-28T07:41:29.504+0000] {processor.py:830} INFO - Processing file /opt/airflow/dags/dag_crime_pipeline.py for tasks to queue
[2026-05-28T07:41:29.507+0000] {logging_mixin.py:188} INFO - [2026-05-28T07:41:29.506+0000] {dagbag.py:538} INFO - Filling up the DagBag from /opt/airflow/dags/dag_crime_pipeline.py
[2026-05-28T07:41:29.547+0000] {processor.py:840} INFO - DAG(s) 'crime_analytics_pipeline' retrieved from /opt/airflow/dags/dag_crime_pipeline.py
[2026-05-28T07:41:29.577+0000] {logging_mixin.py:188} INFO - [2026-05-28T07:41:29.577+0000] {dag.py:3036} INFO - Sync 1 DAGs
[2026-05-28T07:41:29.597+0000] {logging_mixin.py:188} INFO - [2026-05-28T07:41:29.597+0000] {dag.py:3823} INFO - Setting next_dagrun for crime_analytics_pipeline to 2026-05-23 19:00:00+00:00, run_after=2026-05-30 19:00:00+00:00
[2026-05-28T07:41:29.640+0000] {processor.py:183} INFO - Processing /opt/airflow/dags/dag_crime_pipeline.py took 0.140 seconds
[2026-05-28T07:41:59.921+0000] {processor.py:161} INFO - Started process (PID=1174) to work on /opt/airflow/dags/dag_crime_pipeline.py
[2026-05-28T07:41:59.922+0000] {processor.py:830} INFO - Processing file /opt/airflow/dags/dag_crime_pipeline.py for tasks to queue
[2026-05-28T07:41:59.925+0000] {logging_mixin.py:188} INFO - [2026-05-28T07:41:59.925+0000] {dagbag.py:538} INFO - Filling up the DagBag from /opt/airflow/dags/dag_crime_pipeline.py
[2026-05-28T07:41:59.962+0000] {processor.py:840} INFO - DAG(s) 'crime_analytics_pipeline' retrieved from /opt/airflow/dags/dag_crime_pipeline.py
[2026-05-28T07:41:59.992+0000] {logging_mixin.py:188} INFO - [2026-05-28T07:41:59.992+0000] {dag.py:3036} INFO - Sync 1 DAGs
[2026-05-28T07:42:00.015+0000] {logging_mixin.py:188} INFO - [2026-05-28T07:42:00.015+0000] {dag.py:3823} INFO - Setting next_dagrun for crime_analytics_pipeline to 2026-05-23 19:00:00+00:00, run_after=2026-05-30 19:00:00+00:00
[2026-05-28T07:42:00.035+0000] {processor.py:183} INFO - Processing /opt/airflow/dags/dag_crime_pipeline.py took 0.119 seconds
[2026-05-28T07:42:30.131+0000] {processor.py:161} INFO - Started process (PID=1179) to work on /opt/airflow/dags/dag_crime_pipeline.py
[2026-05-28T07:42:30.133+0000] {processor.py:830} INFO - Processing file /opt/airflow/dags/dag_crime_pipeline.py for tasks to queue
[2026-05-28T07:42:30.136+0000] {logging_mixin.py:188} INFO - [2026-05-28T07:42:30.135+0000] {dagbag.py:538} INFO - Filling up the DagBag from /opt/airflow/dags/dag_crime_pipeline.py
[2026-05-28T07:42:30.174+0000] {processor.py:840} INFO - DAG(s) 'crime_analytics_pipeline' retrieved from /opt/airflow/dags/dag_crime_pipeline.py
[2026-05-28T07:42:30.205+0000] {logging_mixin.py:188} INFO - [2026-05-28T07:42:30.205+0000] {dag.py:3036} INFO - Sync 1 DAGs
[2026-05-28T07:42:30.460+0000] {logging_mixin.py:188} INFO - [2026-05-28T07:42:30.459+0000] {dag.py:3823} INFO - Setting next_dagrun for crime_analytics_pipeline to 2026-05-23 19:00:00+00:00, run_after=2026-05-30 19:00:00+00:00
[2026-05-28T07:42:30.502+0000] {processor.py:183} INFO - Processing /opt/airflow/dags/dag_crime_pipeline.py took 0.374 seconds
[2026-05-28T07:43:00.932+0000] {processor.py:161} INFO - Started process (PID=1184) to work on /opt/airflow/dags/dag_crime_pipeline.py
[2026-05-28T07:43:00.933+0000] {processor.py:830} INFO - Processing file /opt/airflow/dags/dag_crime_pipeline.py for tasks to queue
[2026-05-28T07:43:00.936+0000] {logging_mixin.py:188} INFO - [2026-05-28T07:43:00.936+0000] {dagbag.py:538} INFO - Filling up the DagBag from /opt/airflow/dags/dag_crime_pipeline.py
[2026-05-28T07:43:00.972+0000] {processor.py:840} INFO - DAG(s) 'crime_analytics_pipeline' retrieved from /opt/airflow/dags/dag_crime_pipeline.py
[2026-05-28T07:43:01.008+0000] {logging_mixin.py:188} INFO - [2026-05-28T07:43:01.008+0000] {dag.py:3036} INFO - Sync 1 DAGs
[2026-05-28T07:43:01.033+0000] {logging_mixin.py:188} INFO - [2026-05-28T07:43:01.033+0000] {dag.py:3823} INFO - Setting next_dagrun for crime_analytics_pipeline to 2026-05-23 19:00:00+00:00, run_after=2026-05-30 19:00:00+00:00
[2026-05-28T07:43:01.055+0000] {processor.py:183} INFO - Processing /opt/airflow/dags/dag_crime_pipeline.py took 0.128 seconds
[2026-05-28T07:43:31.321+0000] {processor.py:161} INFO - Started process (PID=1189) to work on /opt/airflow/dags/dag_crime_pipeline.py
[2026-05-28T07:43:31.322+0000] {processor.py:830} INFO - Processing file /opt/airflow/dags/dag_crime_pipeline.py for tasks to queue
[2026-05-28T07:43:31.325+0000] {logging_mixin.py:188} INFO - [2026-05-28T07:43:31.325+0000] {dagbag.py:538} INFO - Filling up the DagBag from /opt/airflow/dags/dag_crime_pipeline.py
[2026-05-28T07:43:31.371+0000] {processor.py:840} INFO - DAG(s) 'crime_analytics_pipeline' retrieved from /opt/airflow/dags/dag_crime_pipeline.py
[2026-05-28T07:43:31.411+0000] {logging_mixin.py:188} INFO - [2026-05-28T07:43:31.410+0000] {dag.py:3036} INFO - Sync 1 DAGs
[2026-05-28T07:43:31.441+0000] {logging_mixin.py:188} INFO - [2026-05-28T07:43:31.441+0000] {dag.py:3823} INFO - Setting next_dagrun for crime_analytics_pipeline to 2026-05-23 19:00:00+00:00, run_after=2026-05-30 19:00:00+00:00
[2026-05-28T07:43:31.465+0000] {processor.py:183} INFO - Processing /opt/airflow/dags/dag_crime_pipeline.py took 0.147 seconds
[2026-05-28T07:44:01.721+0000] {processor.py:161} INFO - Started process (PID=1194) to work on /opt/airflow/dags/dag_crime_pipeline.py
[2026-05-28T07:44:01.723+0000] {processor.py:830} INFO - Processing file /opt/airflow/dags/dag_crime_pipeline.py for tasks to queue
[2026-05-28T07:44:01.725+0000] {logging_mixin.py:188} INFO - [2026-05-28T07:44:01.725+0000] {dagbag.py:538} INFO - Filling up the DagBag from /opt/airflow/dags/dag_crime_pipeline.py
[2026-05-28T07:44:01.768+0000] {processor.py:840} INFO - DAG(s) 'crime_analytics_pipeline' retrieved from /opt/airflow/dags/dag_crime_pipeline.py
[2026-05-28T07:44:01.805+0000] {logging_mixin.py:188} INFO - [2026-05-28T07:44:01.805+0000] {dag.py:3036} INFO - Sync 1 DAGs
[2026-05-28T07:44:01.833+0000] {logging_mixin.py:188} INFO - [2026-05-28T07:44:01.833+0000] {dag.py:3823} INFO - Setting next_dagrun for crime_analytics_pipeline to 2026-05-23 19:00:00+00:00, run_after=2026-05-30 19:00:00+00:00
[2026-05-28T07:44:01.864+0000] {processor.py:183} INFO - Processing /opt/airflow/dags/dag_crime_pipeline.py took 0.146 seconds
[2026-05-28T07:44:32.158+0000] {processor.py:161} INFO - Started process (PID=1199) to work on /opt/airflow/dags/dag_crime_pipeline.py
[2026-05-28T07:44:32.160+0000] {processor.py:830} INFO - Processing file /opt/airflow/dags/dag_crime_pipeline.py for tasks to queue
[2026-05-28T07:44:32.164+0000] {logging_mixin.py:188} INFO - [2026-05-28T07:44:32.163+0000] {dagbag.py:538} INFO - Filling up the DagBag from /opt/airflow/dags/dag_crime_pipeline.py
[2026-05-28T07:44:32.210+0000] {processor.py:840} INFO - DAG(s) 'crime_analytics_pipeline' retrieved from /opt/airflow/dags/dag_crime_pipeline.py
[2026-05-28T07:44:32.251+0000] {logging_mixin.py:188} INFO - [2026-05-28T07:44:32.250+0000] {dag.py:3036} INFO - Sync 1 DAGs
[2026-05-28T07:44:32.277+0000] {logging_mixin.py:188} INFO - [2026-05-28T07:44:32.277+0000] {dag.py:3823} INFO - Setting next_dagrun for crime_analytics_pipeline to 2026-05-23 19:00:00+00:00, run_after=2026-05-30 19:00:00+00:00
[2026-05-28T07:44:32.301+0000] {processor.py:183} INFO - Processing /opt/airflow/dags/dag_crime_pipeline.py took 0.148 seconds
[2026-05-28T07:45:02.664+0000] {processor.py:161} INFO - Started process (PID=1204) to work on /opt/airflow/dags/dag_crime_pipeline.py
[2026-05-28T07:45:02.666+0000] {processor.py:830} INFO - Processing file /opt/airflow/dags/dag_crime_pipeline.py for tasks to queue
[2026-05-28T07:45:02.670+0000] {logging_mixin.py:188} INFO - [2026-05-28T07:45:02.669+0000] {dagbag.py:538} INFO - Filling up the DagBag from /opt/airflow/dags/dag_crime_pipeline.py
[2026-05-28T07:45:02.721+0000] {processor.py:840} INFO - DAG(s) 'crime_analytics_pipeline' retrieved from /opt/airflow/dags/dag_crime_pipeline.py
[2026-05-28T07:45:02.761+0000] {logging_mixin.py:188} INFO - [2026-05-28T07:45:02.760+0000] {dag.py:3036} INFO - Sync 1 DAGs
[2026-05-28T07:45:02.787+0000] {logging_mixin.py:188} INFO - [2026-05-28T07:45:02.787+0000] {dag.py:3823} INFO - Setting next_dagrun for crime_analytics_pipeline to 2026-05-23 19:00:00+00:00, run_after=2026-05-30 19:00:00+00:00
[2026-05-28T07:45:02.829+0000] {processor.py:183} INFO - Processing /opt/airflow/dags/dag_crime_pipeline.py took 0.170 seconds
[2026-05-28T07:45:33.193+0000] {processor.py:161} INFO - Started process (PID=1209) to work on /opt/airflow/dags/dag_crime_pipeline.py
[2026-05-28T07:45:33.196+0000] {processor.py:830} INFO - Processing file /opt/airflow/dags/dag_crime_pipeline.py for tasks to queue
[2026-05-28T07:45:33.203+0000] {logging_mixin.py:188} INFO - [2026-05-28T07:45:33.200+0000] {dagbag.py:538} INFO - Filling up the DagBag from /opt/airflow/dags/dag_crime_pipeline.py
[2026-05-28T07:45:33.277+0000] {processor.py:840} INFO - DAG(s) 'crime_analytics_pipeline' retrieved from /opt/airflow/dags/dag_crime_pipeline.py
[2026-05-28T07:45:33.329+0000] {logging_mixin.py:188} INFO - [2026-05-28T07:45:33.329+0000] {dag.py:3036} INFO - Sync 1 DAGs
[2026-05-28T07:45:33.355+0000] {logging_mixin.py:188} INFO - [2026-05-28T07:45:33.355+0000] {dag.py:3823} INFO - Setting next_dagrun for crime_analytics_pipeline to 2026-05-23 19:00:00+00:00, run_after=2026-05-30 19:00:00+00:00
[2026-05-28T07:45:33.397+0000] {processor.py:183} INFO - Processing /opt/airflow/dags/dag_crime_pipeline.py took 0.211 seconds
[2026-05-28T07:46:03.601+0000] {processor.py:161} INFO - Started process (PID=1214) to work on /opt/airflow/dags/dag_crime_pipeline.py
[2026-05-28T07:46:03.602+0000] {processor.py:830} INFO - Processing file /opt/airflow/dags/dag_crime_pipeline.py for tasks to queue
[2026-05-28T07:46:03.607+0000] {logging_mixin.py:188} INFO - [2026-05-28T07:46:03.606+0000] {dagbag.py:538} INFO - Filling up the DagBag from /opt/airflow/dags/dag_crime_pipeline.py
[2026-05-28T07:46:03.656+0000] {processor.py:840} INFO - DAG(s) 'crime_analytics_pipeline' retrieved from /opt/airflow/dags/dag_crime_pipeline.py
[2026-05-28T07:46:03.695+0000] {logging_mixin.py:188} INFO - [2026-05-28T07:46:03.694+0000] {dag.py:3036} INFO - Sync 1 DAGs
[2026-05-28T07:46:03.721+0000] {logging_mixin.py:188} INFO - [2026-05-28T07:46:03.720+0000] {dag.py:3823} INFO - Setting next_dagrun for crime_analytics_pipeline to 2026-05-23 19:00:00+00:00, run_after=2026-05-30 19:00:00+00:00
[2026-05-28T07:46:03.763+0000] {processor.py:183} INFO - Processing /opt/airflow/dags/dag_crime_pipeline.py took 0.167 seconds
[2026-05-28T07:46:34.128+0000] {processor.py:161} INFO - Started process (PID=1219) to work on /opt/airflow/dags/dag_crime_pipeline.py
[2026-05-28T07:46:34.129+0000] {processor.py:830} INFO - Processing file /opt/airflow/dags/dag_crime_pipeline.py for tasks to queue
[2026-05-28T07:46:34.132+0000] {logging_mixin.py:188} INFO - [2026-05-28T07:46:34.131+0000] {dagbag.py:538} INFO - Filling up the DagBag from /opt/airflow/dags/dag_crime_pipeline.py
[2026-05-28T07:46:34.180+0000] {processor.py:840} INFO - DAG(s) 'crime_analytics_pipeline' retrieved from /opt/airflow/dags/dag_crime_pipeline.py
[2026-05-28T07:46:34.219+0000] {logging_mixin.py:188} INFO - [2026-05-28T07:46:34.219+0000] {dag.py:3036} INFO - Sync 1 DAGs
[2026-05-28T07:46:34.249+0000] {logging_mixin.py:188} INFO - [2026-05-28T07:46:34.249+0000] {dag.py:3823} INFO - Setting next_dagrun for crime_analytics_pipeline to 2026-05-23 19:00:00+00:00, run_after=2026-05-30 19:00:00+00:00
[2026-05-28T07:46:34.278+0000] {processor.py:183} INFO - Processing /opt/airflow/dags/dag_crime_pipeline.py took 0.154 seconds
[2026-05-28T07:47:04.412+0000] {processor.py:161} INFO - Started process (PID=1224) to work on /opt/airflow/dags/dag_crime_pipeline.py
[2026-05-28T07:47:04.413+0000] {processor.py:830} INFO - Processing file /opt/airflow/dags/dag_crime_pipeline.py for tasks to queue
[2026-05-28T07:47:04.417+0000] {logging_mixin.py:188} INFO - [2026-05-28T07:47:04.416+0000] {dagbag.py:538} INFO - Filling up the DagBag from /opt/airflow/dags/dag_crime_pipeline.py
[2026-05-28T07:47:04.463+0000] {processor.py:840} INFO - DAG(s) 'crime_analytics_pipeline' retrieved from /opt/airflow/dags/dag_crime_pipeline.py
[2026-05-28T07:47:04.498+0000] {logging_mixin.py:188} INFO - [2026-05-28T07:47:04.497+0000] {dag.py:3036} INFO - Sync 1 DAGs
[2026-05-28T07:47:04.524+0000] {logging_mixin.py:188} INFO - [2026-05-28T07:47:04.523+0000] {dag.py:3823} INFO - Setting next_dagrun for crime_analytics_pipeline to 2026-05-23 19:00:00+00:00, run_after=2026-05-30 19:00:00+00:00
[2026-05-28T07:47:04.565+0000] {processor.py:183} INFO - Processing /opt/airflow/dags/dag_crime_pipeline.py took 0.159 seconds
[2026-05-28T07:47:35.040+0000] {processor.py:161} INFO - Started process (PID=1229) to work on /opt/airflow/dags/dag_crime_pipeline.py
[2026-05-28T07:47:35.042+0000] {processor.py:830} INFO - Processing file /opt/airflow/dags/dag_crime_pipeline.py for tasks to queue
[2026-05-28T07:47:35.045+0000] {logging_mixin.py:188} INFO - [2026-05-28T07:47:35.045+0000] {dagbag.py:538} INFO - Filling up the DagBag from /opt/airflow/dags/dag_crime_pipeline.py
[2026-05-28T07:47:35.090+0000] {processor.py:840} INFO - DAG(s) 'crime_analytics_pipeline' retrieved from /opt/airflow/dags/dag_crime_pipeline.py
[2026-05-28T07:47:35.125+0000] {logging_mixin.py:188} INFO - [2026-05-28T07:47:35.125+0000] {dag.py:3036} INFO - Sync 1 DAGs
[2026-05-28T07:47:35.149+0000] {logging_mixin.py:188} INFO - [2026-05-28T07:47:35.149+0000] {dag.py:3823} INFO - Setting next_dagrun for crime_analytics_pipeline to 2026-05-23 19:00:00+00:00, run_after=2026-05-30 19:00:00+00:00
[2026-05-28T07:47:35.191+0000] {processor.py:183} INFO - Processing /opt/airflow/dags/dag_crime_pipeline.py took 0.156 seconds
[2026-05-28T07:48:05.462+0000] {processor.py:161} INFO - Started process (PID=1234) to work on /opt/airflow/dags/dag_crime_pipeline.py
[2026-05-28T07:48:05.464+0000] {processor.py:830} INFO - Processing file /opt/airflow/dags/dag_crime_pipeline.py for tasks to queue
[2026-05-28T07:48:05.468+0000] {logging_mixin.py:188} INFO - [2026-05-28T07:48:05.467+0000] {dagbag.py:538} INFO - Filling up the DagBag from /opt/airflow/dags/dag_crime_pipeline.py
[2026-05-28T07:48:05.513+0000] {processor.py:840} INFO - DAG(s) 'crime_analytics_pipeline' retrieved from /opt/airflow/dags/dag_crime_pipeline.py
[2026-05-28T07:48:05.550+0000] {logging_mixin.py:188} INFO - [2026-05-28T07:48:05.550+0000] {dag.py:3036} INFO - Sync 1 DAGs
[2026-05-28T07:48:05.575+0000] {logging_mixin.py:188} INFO - [2026-05-28T07:48:05.575+0000] {dag.py:3823} INFO - Setting next_dagrun for crime_analytics_pipeline to 2026-05-23 19:00:00+00:00, run_after=2026-05-30 19:00:00+00:00
[2026-05-28T07:48:05.595+0000] {processor.py:183} INFO - Processing /opt/airflow/dags/dag_crime_pipeline.py took 0.138 seconds
[2026-05-28T07:48:35.785+0000] {processor.py:161} INFO - Started process (PID=1239) to work on /opt/airflow/dags/dag_crime_pipeline.py
[2026-05-28T07:48:35.787+0000] {processor.py:830} INFO - Processing file /opt/airflow/dags/dag_crime_pipeline.py for tasks to queue
[2026-05-28T07:48:35.791+0000] {logging_mixin.py:188} INFO - [2026-05-28T07:48:35.790+0000] {dagbag.py:538} INFO - Filling up the DagBag from /opt/airflow/dags/dag_crime_pipeline.py
[2026-05-28T07:48:35.837+0000] {processor.py:840} INFO - DAG(s) 'crime_analytics_pipeline' retrieved from /opt/airflow/dags/dag_crime_pipeline.py
[2026-05-28T07:48:35.874+0000] {logging_mixin.py:188} INFO - [2026-05-28T07:48:35.873+0000] {dag.py:3036} INFO - Sync 1 DAGs
[2026-05-28T07:48:35.902+0000] {logging_mixin.py:188} INFO - [2026-05-28T07:48:35.902+0000] {dag.py:3823} INFO - Setting next_dagrun for crime_analytics_pipeline to 2026-05-23 19:00:00+00:00, run_after=2026-05-30 19:00:00+00:00
[2026-05-28T07:48:35.945+0000] {processor.py:183} INFO - Processing /opt/airflow/dags/dag_crime_pipeline.py took 0.164 seconds
[2026-05-28T07:49:06.342+0000] {processor.py:161} INFO - Started process (PID=1244) to work on /opt/airflow/dags/dag_crime_pipeline.py
[2026-05-28T07:49:06.344+0000] {processor.py:830} INFO - Processing file /opt/airflow/dags/dag_crime_pipeline.py for tasks to queue
[2026-05-28T07:49:06.347+0000] {logging_mixin.py:188} INFO - [2026-05-28T07:49:06.346+0000] {dagbag.py:538} INFO - Filling up the DagBag from /opt/airflow/dags/dag_crime_pipeline.py
[2026-05-28T07:49:06.391+0000] {processor.py:840} INFO - DAG(s) 'crime_analytics_pipeline' retrieved from /opt/airflow/dags/dag_crime_pipeline.py
[2026-05-28T07:49:06.426+0000] {logging_mixin.py:188} INFO - [2026-05-28T07:49:06.426+0000] {dag.py:3036} INFO - Sync 1 DAGs
[2026-05-28T07:49:06.452+0000] {logging_mixin.py:188} INFO - [2026-05-28T07:49:06.452+0000] {dag.py:3823} INFO - Setting next_dagrun for crime_analytics_pipeline to 2026-05-23 19:00:00+00:00, run_after=2026-05-30 19:00:00+00:00
[2026-05-28T07:49:06.496+0000] {processor.py:183} INFO - Processing /opt/airflow/dags/dag_crime_pipeline.py took 0.158 seconds
[2026-05-28T07:49:36.772+0000] {processor.py:161} INFO - Started process (PID=1249) to work on /opt/airflow/dags/dag_crime_pipeline.py
[2026-05-28T07:49:36.773+0000] {processor.py:830} INFO - Processing file /opt/airflow/dags/dag_crime_pipeline.py for tasks to queue
[2026-05-28T07:49:36.777+0000] {logging_mixin.py:188} INFO - [2026-05-28T07:49:36.777+0000] {dagbag.py:538} INFO - Filling up the DagBag from /opt/airflow/dags/dag_crime_pipeline.py
[2026-05-28T07:49:36.821+0000] {processor.py:840} INFO - DAG(s) 'crime_analytics_pipeline' retrieved from /opt/airflow/dags/dag_crime_pipeline.py
[2026-05-28T07:49:36.857+0000] {logging_mixin.py:188} INFO - [2026-05-28T07:49:36.857+0000] {dag.py:3036} INFO - Sync 1 DAGs
[2026-05-28T07:49:36.884+0000] {logging_mixin.py:188} INFO - [2026-05-28T07:49:36.884+0000] {dag.py:3823} INFO - Setting next_dagrun for crime_analytics_pipeline to 2026-05-23 19:00:00+00:00, run_after=2026-05-30 19:00:00+00:00
[2026-05-28T07:49:36.927+0000] {processor.py:183} INFO - Processing /opt/airflow/dags/dag_crime_pipeline.py took 0.159 seconds
[2026-05-28T07:50:07.259+0000] {processor.py:161} INFO - Started process (PID=1254) to work on /opt/airflow/dags/dag_crime_pipeline.py
[2026-05-28T07:50:07.261+0000] {processor.py:830} INFO - Processing file /opt/airflow/dags/dag_crime_pipeline.py for tasks to queue
[2026-05-28T07:50:07.265+0000] {logging_mixin.py:188} INFO - [2026-05-28T07:50:07.264+0000] {dagbag.py:538} INFO - Filling up the DagBag from /opt/airflow/dags/dag_crime_pipeline.py
[2026-05-28T07:50:07.308+0000] {processor.py:840} INFO - DAG(s) 'crime_analytics_pipeline' retrieved from /opt/airflow/dags/dag_crime_pipeline.py
[2026-05-28T07:50:07.346+0000] {logging_mixin.py:188} INFO - [2026-05-28T07:50:07.345+0000] {dag.py:3036} INFO - Sync 1 DAGs
[2026-05-28T07:50:07.372+0000] {logging_mixin.py:188} INFO - [2026-05-28T07:50:07.371+0000] {dag.py:3823} INFO - Setting next_dagrun for crime_analytics_pipeline to 2026-05-23 19:00:00+00:00, run_after=2026-05-30 19:00:00+00:00
[2026-05-28T07:50:07.396+0000] {processor.py:183} INFO - Processing /opt/airflow/dags/dag_crime_pipeline.py took 0.143 seconds
[2026-05-28T07:50:37.646+0000] {processor.py:161} INFO - Started process (PID=1259) to work on /opt/airflow/dags/dag_crime_pipeline.py
[2026-05-28T07:50:37.647+0000] {processor.py:830} INFO - Processing file /opt/airflow/dags/dag_crime_pipeline.py for tasks to queue
[2026-05-28T07:50:37.650+0000] {logging_mixin.py:188} INFO - [2026-05-28T07:50:37.650+0000] {dagbag.py:538} INFO - Filling up the DagBag from /opt/airflow/dags/dag_crime_pipeline.py
[2026-05-28T07:50:37.695+0000] {processor.py:840} INFO - DAG(s) 'crime_analytics_pipeline' retrieved from /opt/airflow/dags/dag_crime_pipeline.py
[2026-05-28T07:50:37.729+0000] {logging_mixin.py:188} INFO - [2026-05-28T07:50:37.728+0000] {dag.py:3036} INFO - Sync 1 DAGs
[2026-05-28T07:50:37.755+0000] {logging_mixin.py:188} INFO - [2026-05-28T07:50:37.754+0000] {dag.py:3823} INFO - Setting next_dagrun for crime_analytics_pipeline to 2026-05-23 19:00:00+00:00, run_after=2026-05-30 19:00:00+00:00
[2026-05-28T07:50:37.798+0000] {processor.py:183} INFO - Processing /opt/airflow/dags/dag_crime_pipeline.py took 0.158 seconds
[2026-05-28T07:51:07.987+0000] {processor.py:161} INFO - Started process (PID=1264) to work on /opt/airflow/dags/dag_crime_pipeline.py
[2026-05-28T07:51:07.988+0000] {processor.py:830} INFO - Processing file /opt/airflow/dags/dag_crime_pipeline.py for tasks to queue
[2026-05-28T07:51:07.991+0000] {logging_mixin.py:188} INFO - [2026-05-28T07:51:07.991+0000] {dagbag.py:538} INFO - Filling up the DagBag from /opt/airflow/dags/dag_crime_pipeline.py
[2026-05-28T07:51:08.036+0000] {processor.py:840} INFO - DAG(s) 'crime_analytics_pipeline' retrieved from /opt/airflow/dags/dag_crime_pipeline.py
[2026-05-28T07:51:08.073+0000] {logging_mixin.py:188} INFO - [2026-05-28T07:51:08.073+0000] {dag.py:3036} INFO - Sync 1 DAGs
[2026-05-28T07:51:08.099+0000] {logging_mixin.py:188} INFO - [2026-05-28T07:51:08.099+0000] {dag.py:3823} INFO - Setting next_dagrun for crime_analytics_pipeline to 2026-05-23 19:00:00+00:00, run_after=2026-05-30 19:00:00+00:00
[2026-05-28T07:51:08.141+0000] {processor.py:183} INFO - Processing /opt/airflow/dags/dag_crime_pipeline.py took 0.159 seconds
[2026-05-28T07:51:38.512+0000] {processor.py:161} INFO - Started process (PID=1269) to work on /opt/airflow/dags/dag_crime_pipeline.py
[2026-05-28T07:51:38.513+0000] {processor.py:830} INFO - Processing file /opt/airflow/dags/dag_crime_pipeline.py for tasks to queue
[2026-05-28T07:51:38.517+0000] {logging_mixin.py:188} INFO - [2026-05-28T07:51:38.516+0000] {dagbag.py:538} INFO - Filling up the DagBag from /opt/airflow/dags/dag_crime_pipeline.py
[2026-05-28T07:51:38.566+0000] {processor.py:840} INFO - DAG(s) 'crime_analytics_pipeline' retrieved from /opt/airflow/dags/dag_crime_pipeline.py
[2026-05-28T07:51:38.603+0000] {logging_mixin.py:188} INFO - [2026-05-28T07:51:38.603+0000] {dag.py:3036} INFO - Sync 1 DAGs
[2026-05-28T07:51:38.630+0000] {logging_mixin.py:188} INFO - [2026-05-28T07:51:38.630+0000] {dag.py:3823} INFO - Setting next_dagrun for crime_analytics_pipeline to 2026-05-23 19:00:00+00:00, run_after=2026-05-30 19:00:00+00:00
[2026-05-28T07:51:38.673+0000] {processor.py:183} INFO - Processing /opt/airflow/dags/dag_crime_pipeline.py took 0.165 seconds
[2026-05-28T07:52:09.546+0000] {processor.py:161} INFO - Started process (PID=1274) to work on /opt/airflow/dags/dag_crime_pipeline.py
[2026-05-28T07:52:09.548+0000] {processor.py:830} INFO - Processing file /opt/airflow/dags/dag_crime_pipeline.py for tasks to queue
[2026-05-28T07:52:09.552+0000] {logging_mixin.py:188} INFO - [2026-05-28T07:52:09.551+0000] {dagbag.py:538} INFO - Filling up the DagBag from /opt/airflow/dags/dag_crime_pipeline.py
[2026-05-28T07:52:09.601+0000] {processor.py:840} INFO - DAG(s) 'crime_analytics_pipeline' retrieved from /opt/airflow/dags/dag_crime_pipeline.py
[2026-05-28T07:52:09.637+0000] {logging_mixin.py:188} INFO - [2026-05-28T07:52:09.637+0000] {dag.py:3036} INFO - Sync 1 DAGs
[2026-05-28T07:52:09.668+0000] {logging_mixin.py:188} INFO - [2026-05-28T07:52:09.667+0000] {dag.py:3823} INFO - Setting next_dagrun for crime_analytics_pipeline to 2026-05-23 19:00:00+00:00, run_after=2026-05-30 19:00:00+00:00
[2026-05-28T07:52:09.710+0000] {processor.py:183} INFO - Processing /opt/airflow/dags/dag_crime_pipeline.py took 0.167 seconds
[2026-05-28T07:52:40.070+0000] {processor.py:161} INFO - Started process (PID=1279) to work on /opt/airflow/dags/dag_crime_pipeline.py
[2026-05-28T07:52:40.072+0000] {processor.py:830} INFO - Processing file /opt/airflow/dags/dag_crime_pipeline.py for tasks to queue
[2026-05-28T07:52:40.076+0000] {logging_mixin.py:188} INFO - [2026-05-28T07:52:40.075+0000] {dagbag.py:538} INFO - Filling up the DagBag from /opt/airflow/dags/dag_crime_pipeline.py
[2026-05-28T07:52:40.122+0000] {processor.py:840} INFO - DAG(s) 'crime_analytics_pipeline' retrieved from /opt/airflow/dags/dag_crime_pipeline.py
[2026-05-28T07:52:40.163+0000] {logging_mixin.py:188} INFO - [2026-05-28T07:52:40.163+0000] {dag.py:3036} INFO - Sync 1 DAGs
[2026-05-28T07:52:40.191+0000] {logging_mixin.py:188} INFO - [2026-05-28T07:52:40.191+0000] {dag.py:3823} INFO - Setting next_dagrun for crime_analytics_pipeline to 2026-05-23 19:00:00+00:00, run_after=2026-05-30 19:00:00+00:00
[2026-05-28T07:52:40.213+0000] {processor.py:183} INFO - Processing /opt/airflow/dags/dag_crime_pipeline.py took 0.148 seconds
[2026-05-28T07:53:10.284+0000] {processor.py:161} INFO - Started process (PID=1284) to work on /opt/airflow/dags/dag_crime_pipeline.py
[2026-05-28T07:53:10.286+0000] {processor.py:830} INFO - Processing file /opt/airflow/dags/dag_crime_pipeline.py for tasks to queue
[2026-05-28T07:53:10.290+0000] {logging_mixin.py:188} INFO - [2026-05-28T07:53:10.289+0000] {dagbag.py:538} INFO - Filling up the DagBag from /opt/airflow/dags/dag_crime_pipeline.py
[2026-05-28T07:53:10.335+0000] {processor.py:840} INFO - DAG(s) 'crime_analytics_pipeline' retrieved from /opt/airflow/dags/dag_crime_pipeline.py
[2026-05-28T07:53:10.372+0000] {logging_mixin.py:188} INFO - [2026-05-28T07:53:10.372+0000] {dag.py:3036} INFO - Sync 1 DAGs
[2026-05-28T07:53:10.396+0000] {logging_mixin.py:188} INFO - [2026-05-28T07:53:10.396+0000] {dag.py:3823} INFO - Setting next_dagrun for crime_analytics_pipeline to 2026-05-23 19:00:00+00:00, run_after=2026-05-30 19:00:00+00:00
[2026-05-28T07:53:10.441+0000] {processor.py:183} INFO - Processing /opt/airflow/dags/dag_crime_pipeline.py took 0.163 seconds
[2026-05-28T07:53:40.582+0000] {processor.py:161} INFO - Started process (PID=1289) to work on /opt/airflow/dags/dag_crime_pipeline.py
[2026-05-28T07:53:40.585+0000] {processor.py:830} INFO - Processing file /opt/airflow/dags/dag_crime_pipeline.py for tasks to queue
[2026-05-28T07:53:40.589+0000] {logging_mixin.py:188} INFO - [2026-05-28T07:53:40.588+0000] {dagbag.py:538} INFO - Filling up the DagBag from /opt/airflow/dags/dag_crime_pipeline.py
[2026-05-28T07:53:40.644+0000] {processor.py:840} INFO - DAG(s) 'crime_analytics_pipeline' retrieved from /opt/airflow/dags/dag_crime_pipeline.py
[2026-05-28T07:53:40.690+0000] {logging_mixin.py:188} INFO - [2026-05-28T07:53:40.689+0000] {dag.py:3036} INFO - Sync 1 DAGs
[2026-05-28T07:53:40.727+0000] {logging_mixin.py:188} INFO - [2026-05-28T07:53:40.727+0000] {dag.py:3823} INFO - Setting next_dagrun for crime_analytics_pipeline to 2026-05-23 19:00:00+00:00, run_after=2026-05-30 19:00:00+00:00
[2026-05-28T07:53:40.781+0000] {processor.py:183} INFO - Processing /opt/airflow/dags/dag_crime_pipeline.py took 0.203 seconds
[2026-05-28T07:54:10.978+0000] {processor.py:161} INFO - Started process (PID=1294) to work on /opt/airflow/dags/dag_crime_pipeline.py
[2026-05-28T07:54:10.981+0000] {processor.py:830} INFO - Processing file /opt/airflow/dags/dag_crime_pipeline.py for tasks to queue
[2026-05-28T07:54:10.985+0000] {logging_mixin.py:188} INFO - [2026-05-28T07:54:10.984+0000] {dagbag.py:538} INFO - Filling up the DagBag from /opt/airflow/dags/dag_crime_pipeline.py
[2026-05-28T07:54:11.041+0000] {processor.py:840} INFO - DAG(s) 'crime_analytics_pipeline' retrieved from /opt/airflow/dags/dag_crime_pipeline.py
[2026-05-28T07:54:11.084+0000] {logging_mixin.py:188} INFO - [2026-05-28T07:54:11.084+0000] {dag.py:3036} INFO - Sync 1 DAGs
[2026-05-28T07:54:11.117+0000] {logging_mixin.py:188} INFO - [2026-05-28T07:54:11.117+0000] {dag.py:3823} INFO - Setting next_dagrun for crime_analytics_pipeline to 2026-05-23 19:00:00+00:00, run_after=2026-05-30 19:00:00+00:00
[2026-05-28T07:54:11.146+0000] {processor.py:183} INFO - Processing /opt/airflow/dags/dag_crime_pipeline.py took 0.176 seconds
[2026-05-28T07:54:41.290+0000] {processor.py:161} INFO - Started process (PID=1299) to work on /opt/airflow/dags/dag_crime_pipeline.py
[2026-05-28T07:54:41.293+0000] {processor.py:830} INFO - Processing file /opt/airflow/dags/dag_crime_pipeline.py for tasks to queue
[2026-05-28T07:54:41.299+0000] {logging_mixin.py:188} INFO - [2026-05-28T07:54:41.298+0000] {dagbag.py:538} INFO - Filling up the DagBag from /opt/airflow/dags/dag_crime_pipeline.py
[2026-05-28T07:54:41.360+0000] {processor.py:840} INFO - DAG(s) 'crime_analytics_pipeline' retrieved from /opt/airflow/dags/dag_crime_pipeline.py
[2026-05-28T07:54:41.405+0000] {logging_mixin.py:188} INFO - [2026-05-28T07:54:41.405+0000] {dag.py:3036} INFO - Sync 1 DAGs
[2026-05-28T07:54:41.453+0000] {logging_mixin.py:188} INFO - [2026-05-28T07:54:41.453+0000] {dag.py:3823} INFO - Setting next_dagrun for crime_analytics_pipeline to 2026-05-23 19:00:00+00:00, run_after=2026-05-30 19:00:00+00:00
[2026-05-28T07:54:41.493+0000] {processor.py:183} INFO - Processing /opt/airflow/dags/dag_crime_pipeline.py took 0.209 seconds
[2026-05-28T07:55:11.645+0000] {processor.py:161} INFO - Started process (PID=1361) to work on /opt/airflow/dags/dag_crime_pipeline.py
[2026-05-28T07:55:11.648+0000] {processor.py:830} INFO - Processing file /opt/airflow/dags/dag_crime_pipeline.py for tasks to queue
[2026-05-28T07:55:11.651+0000] {logging_mixin.py:188} INFO - [2026-05-28T07:55:11.650+0000] {dagbag.py:538} INFO - Filling up the DagBag from /opt/airflow/dags/dag_crime_pipeline.py
[2026-05-28T07:55:11.699+0000] {processor.py:840} INFO - DAG(s) 'crime_analytics_pipeline' retrieved from /opt/airflow/dags/dag_crime_pipeline.py
[2026-05-28T07:55:11.747+0000] {logging_mixin.py:188} INFO - [2026-05-28T07:55:11.746+0000] {dag.py:3036} INFO - Sync 1 DAGs
[2026-05-28T07:55:11.799+0000] {processor.py:183} INFO - Processing /opt/airflow/dags/dag_crime_pipeline.py took 0.160 seconds
[2026-05-28T07:55:41.952+0000] {processor.py:161} INFO - Started process (PID=1373) to work on /opt/airflow/dags/dag_crime_pipeline.py
[2026-05-28T07:55:41.955+0000] {processor.py:830} INFO - Processing file /opt/airflow/dags/dag_crime_pipeline.py for tasks to queue
[2026-05-28T07:55:41.960+0000] {logging_mixin.py:188} INFO - [2026-05-28T07:55:41.959+0000] {dagbag.py:538} INFO - Filling up the DagBag from /opt/airflow/dags/dag_crime_pipeline.py
[2026-05-28T07:55:42.010+0000] {processor.py:840} INFO - DAG(s) 'crime_analytics_pipeline' retrieved from /opt/airflow/dags/dag_crime_pipeline.py
[2026-05-28T07:55:42.049+0000] {logging_mixin.py:188} INFO - [2026-05-28T07:55:42.049+0000] {dag.py:3036} INFO - Sync 1 DAGs
[2026-05-28T07:55:42.102+0000] {processor.py:183} INFO - Processing /opt/airflow/dags/dag_crime_pipeline.py took 0.154 seconds
[2026-05-28T07:56:12.272+0000] {processor.py:161} INFO - Started process (PID=1382) to work on /opt/airflow/dags/dag_crime_pipeline.py
[2026-05-28T07:56:12.274+0000] {processor.py:830} INFO - Processing file /opt/airflow/dags/dag_crime_pipeline.py for tasks to queue
[2026-05-28T07:56:12.278+0000] {logging_mixin.py:188} INFO - [2026-05-28T07:56:12.277+0000] {dagbag.py:538} INFO - Filling up the DagBag from /opt/airflow/dags/dag_crime_pipeline.py
[2026-05-28T07:56:12.328+0000] {processor.py:840} INFO - DAG(s) 'crime_analytics_pipeline' retrieved from /opt/airflow/dags/dag_crime_pipeline.py
[2026-05-28T07:56:12.368+0000] {logging_mixin.py:188} INFO - [2026-05-28T07:56:12.367+0000] {dag.py:3036} INFO - Sync 1 DAGs
[2026-05-28T07:56:12.424+0000] {processor.py:183} INFO - Processing /opt/airflow/dags/dag_crime_pipeline.py took 0.157 seconds
[2026-05-28T07:56:42.499+0000] {processor.py:161} INFO - Started process (PID=1390) to work on /opt/airflow/dags/dag_crime_pipeline.py
[2026-05-28T07:56:42.501+0000] {processor.py:830} INFO - Processing file /opt/airflow/dags/dag_crime_pipeline.py for tasks to queue
[2026-05-28T07:56:42.505+0000] {logging_mixin.py:188} INFO - [2026-05-28T07:56:42.504+0000] {dagbag.py:538} INFO - Filling up the DagBag from /opt/airflow/dags/dag_crime_pipeline.py
[2026-05-28T07:56:42.557+0000] {processor.py:840} INFO - DAG(s) 'crime_analytics_pipeline' retrieved from /opt/airflow/dags/dag_crime_pipeline.py
[2026-05-28T07:56:42.600+0000] {logging_mixin.py:188} INFO - [2026-05-28T07:56:42.600+0000] {dag.py:3036} INFO - Sync 1 DAGs
[2026-05-28T07:56:42.657+0000] {processor.py:183} INFO - Processing /opt/airflow/dags/dag_crime_pipeline.py took 0.165 seconds
[2026-05-28T07:56:55.565+0000] {processor.py:161} INFO - Started process (PID=1397) to work on /opt/airflow/dags/dag_crime_pipeline.py
[2026-05-28T07:56:55.567+0000] {processor.py:830} INFO - Processing file /opt/airflow/dags/dag_crime_pipeline.py for tasks to queue
[2026-05-28T07:56:55.573+0000] {logging_mixin.py:188} INFO - [2026-05-28T07:56:55.572+0000] {dagbag.py:538} INFO - Filling up the DagBag from /opt/airflow/dags/dag_crime_pipeline.py
[2026-05-28T07:56:55.647+0000] {processor.py:840} INFO - DAG(s) 'crime_analytics_pipeline' retrieved from /opt/airflow/dags/dag_crime_pipeline.py
[2026-05-28T07:56:55.691+0000] {logging_mixin.py:188} INFO - [2026-05-28T07:56:55.690+0000] {dag.py:3036} INFO - Sync 1 DAGs
[2026-05-28T07:56:55.753+0000] {processor.py:183} INFO - Processing /opt/airflow/dags/dag_crime_pipeline.py took 0.194 seconds
[2026-05-28T07:57:25.900+0000] {processor.py:161} INFO - Started process (PID=1407) to work on /opt/airflow/dags/dag_crime_pipeline.py
[2026-05-28T07:57:25.902+0000] {processor.py:830} INFO - Processing file /opt/airflow/dags/dag_crime_pipeline.py for tasks to queue
[2026-05-28T07:57:25.906+0000] {logging_mixin.py:188} INFO - [2026-05-28T07:57:25.905+0000] {dagbag.py:538} INFO - Filling up the DagBag from /opt/airflow/dags/dag_crime_pipeline.py
[2026-05-28T07:57:25.955+0000] {processor.py:840} INFO - DAG(s) 'crime_analytics_pipeline' retrieved from /opt/airflow/dags/dag_crime_pipeline.py
[2026-05-28T07:57:26.002+0000] {logging_mixin.py:188} INFO - [2026-05-28T07:57:26.001+0000] {dag.py:3036} INFO - Sync 1 DAGs
[2026-05-28T07:57:26.068+0000] {processor.py:183} INFO - Processing /opt/airflow/dags/dag_crime_pipeline.py took 0.173 seconds
[2026-05-28T07:57:42.166+0000] {processor.py:161} INFO - Started process (PID=1414) to work on /opt/airflow/dags/dag_crime_pipeline.py
[2026-05-28T07:57:42.168+0000] {processor.py:830} INFO - Processing file /opt/airflow/dags/dag_crime_pipeline.py for tasks to queue
[2026-05-28T07:57:42.171+0000] {logging_mixin.py:188} INFO - [2026-05-28T07:57:42.171+0000] {dagbag.py:538} INFO - Filling up the DagBag from /opt/airflow/dags/dag_crime_pipeline.py
[2026-05-28T07:57:42.234+0000] {processor.py:840} INFO - DAG(s) 'crime_analytics_pipeline' retrieved from /opt/airflow/dags/dag_crime_pipeline.py
[2026-05-28T07:57:42.273+0000] {logging_mixin.py:188} INFO - [2026-05-28T07:57:42.272+0000] {dag.py:3036} INFO - Sync 1 DAGs
[2026-05-28T07:57:42.322+0000] {processor.py:183} INFO - Processing /opt/airflow/dags/dag_crime_pipeline.py took 0.164 seconds
[2026-05-28T07:57:42.398+0000] {processor.py:161} INFO - Started process (PID=1419) to work on /opt/airflow/dags/dag_crime_pipeline.py
[2026-05-28T07:57:42.400+0000] {processor.py:830} INFO - Processing file /opt/airflow/dags/dag_crime_pipeline.py for tasks to queue
[2026-05-28T07:57:42.403+0000] {logging_mixin.py:188} INFO - [2026-05-28T07:57:42.403+0000] {dagbag.py:538} INFO - Filling up the DagBag from /opt/airflow/dags/dag_crime_pipeline.py
[2026-05-28T07:57:42.448+0000] {processor.py:840} INFO - DAG(s) 'crime_analytics_pipeline' retrieved from /opt/airflow/dags/dag_crime_pipeline.py
[2026-05-28T07:57:42.493+0000] {logging_mixin.py:188} INFO - [2026-05-28T07:57:42.493+0000] {dag.py:3036} INFO - Sync 1 DAGs
[2026-05-28T07:57:42.543+0000] {processor.py:183} INFO - Processing /opt/airflow/dags/dag_crime_pipeline.py took 0.151 seconds
[2026-05-28T07:58:12.710+0000] {processor.py:161} INFO - Started process (PID=1427) to work on /opt/airflow/dags/dag_crime_pipeline.py
[2026-05-28T07:58:12.711+0000] {processor.py:830} INFO - Processing file /opt/airflow/dags/dag_crime_pipeline.py for tasks to queue
[2026-05-28T07:58:12.715+0000] {logging_mixin.py:188} INFO - [2026-05-28T07:58:12.714+0000] {dagbag.py:538} INFO - Filling up the DagBag from /opt/airflow/dags/dag_crime_pipeline.py
[2026-05-28T07:58:12.759+0000] {processor.py:840} INFO - DAG(s) 'crime_analytics_pipeline' retrieved from /opt/airflow/dags/dag_crime_pipeline.py
[2026-05-28T07:58:12.797+0000] {logging_mixin.py:188} INFO - [2026-05-28T07:58:12.796+0000] {dag.py:3036} INFO - Sync 1 DAGs
[2026-05-28T07:58:12.862+0000] {processor.py:183} INFO - Processing /opt/airflow/dags/dag_crime_pipeline.py took 0.157 seconds
[2026-05-28T07:58:43.000+0000] {processor.py:161} INFO - Started process (PID=1437) to work on /opt/airflow/dags/dag_crime_pipeline.py
[2026-05-28T07:58:43.003+0000] {processor.py:830} INFO - Processing file /opt/airflow/dags/dag_crime_pipeline.py for tasks to queue
[2026-05-28T07:58:43.006+0000] {logging_mixin.py:188} INFO - [2026-05-28T07:58:43.005+0000] {dagbag.py:538} INFO - Filling up the DagBag from /opt/airflow/dags/dag_crime_pipeline.py
[2026-05-28T07:58:43.055+0000] {processor.py:840} INFO - DAG(s) 'crime_analytics_pipeline' retrieved from /opt/airflow/dags/dag_crime_pipeline.py
[2026-05-28T07:58:43.101+0000] {logging_mixin.py:188} INFO - [2026-05-28T07:58:43.100+0000] {dag.py:3036} INFO - Sync 1 DAGs
[2026-05-28T07:58:43.189+0000] {processor.py:183} INFO - Processing /opt/airflow/dags/dag_crime_pipeline.py took 0.195 seconds
[2026-05-28T07:59:13.393+0000] {processor.py:161} INFO - Started process (PID=1444) to work on /opt/airflow/dags/dag_crime_pipeline.py
[2026-05-28T07:59:13.395+0000] {processor.py:830} INFO - Processing file /opt/airflow/dags/dag_crime_pipeline.py for tasks to queue
[2026-05-28T07:59:13.398+0000] {logging_mixin.py:188} INFO - [2026-05-28T07:59:13.397+0000] {dagbag.py:538} INFO - Filling up the DagBag from /opt/airflow/dags/dag_crime_pipeline.py
[2026-05-28T07:59:13.438+0000] {processor.py:840} INFO - DAG(s) 'crime_analytics_pipeline' retrieved from /opt/airflow/dags/dag_crime_pipeline.py
[2026-05-28T07:59:13.473+0000] {logging_mixin.py:188} INFO - [2026-05-28T07:59:13.472+0000] {dag.py:3036} INFO - Sync 1 DAGs
[2026-05-28T07:59:13.516+0000] {processor.py:183} INFO - Processing /opt/airflow/dags/dag_crime_pipeline.py took 0.127 seconds
[2026-05-28T07:59:43.615+0000] {processor.py:161} INFO - Started process (PID=1451) to work on /opt/airflow/dags/dag_crime_pipeline.py
[2026-05-28T07:59:43.616+0000] {processor.py:830} INFO - Processing file /opt/airflow/dags/dag_crime_pipeline.py for tasks to queue
[2026-05-28T07:59:43.619+0000] {logging_mixin.py:188} INFO - [2026-05-28T07:59:43.619+0000] {dagbag.py:538} INFO - Filling up the DagBag from /opt/airflow/dags/dag_crime_pipeline.py
[2026-05-28T07:59:43.658+0000] {processor.py:840} INFO - DAG(s) 'crime_analytics_pipeline' retrieved from /opt/airflow/dags/dag_crime_pipeline.py
[2026-05-28T07:59:43.698+0000] {logging_mixin.py:188} INFO - [2026-05-28T07:59:43.698+0000] {dag.py:3036} INFO - Sync 1 DAGs
[2026-05-28T07:59:43.763+0000] {processor.py:183} INFO - Processing /opt/airflow/dags/dag_crime_pipeline.py took 0.152 seconds
[2026-05-28T08:00:13.871+0000] {processor.py:161} INFO - Started process (PID=1529) to work on /opt/airflow/dags/dag_crime_pipeline.py
[2026-05-28T08:00:13.873+0000] {processor.py:830} INFO - Processing file /opt/airflow/dags/dag_crime_pipeline.py for tasks to queue
[2026-05-28T08:00:13.877+0000] {logging_mixin.py:188} INFO - [2026-05-28T08:00:13.877+0000] {dagbag.py:538} INFO - Filling up the DagBag from /opt/airflow/dags/dag_crime_pipeline.py
[2026-05-28T08:00:13.929+0000] {processor.py:840} INFO - DAG(s) 'crime_analytics_pipeline' retrieved from /opt/airflow/dags/dag_crime_pipeline.py
[2026-05-28T08:00:13.977+0000] {logging_mixin.py:188} INFO - [2026-05-28T08:00:13.976+0000] {dag.py:3036} INFO - Sync 1 DAGs
[2026-05-28T08:00:14.032+0000] {processor.py:183} INFO - Processing /opt/airflow/dags/dag_crime_pipeline.py took 0.166 seconds
[2026-05-28T08:00:44.127+0000] {processor.py:161} INFO - Started process (PID=1580) to work on /opt/airflow/dags/dag_crime_pipeline.py
[2026-05-28T08:00:44.129+0000] {processor.py:830} INFO - Processing file /opt/airflow/dags/dag_crime_pipeline.py for tasks to queue
[2026-05-28T08:00:44.131+0000] {logging_mixin.py:188} INFO - [2026-05-28T08:00:44.131+0000] {dagbag.py:538} INFO - Filling up the DagBag from /opt/airflow/dags/dag_crime_pipeline.py
[2026-05-28T08:00:44.175+0000] {processor.py:840} INFO - DAG(s) 'crime_analytics_pipeline' retrieved from /opt/airflow/dags/dag_crime_pipeline.py
[2026-05-28T08:00:44.219+0000] {logging_mixin.py:188} INFO - [2026-05-28T08:00:44.219+0000] {dag.py:3036} INFO - Sync 1 DAGs
[2026-05-28T08:00:44.277+0000] {processor.py:183} INFO - Processing /opt/airflow/dags/dag_crime_pipeline.py took 0.155 seconds
[2026-05-28T08:01:14.473+0000] {processor.py:161} INFO - Started process (PID=1679) to work on /opt/airflow/dags/dag_crime_pipeline.py
[2026-05-28T08:01:14.474+0000] {processor.py:830} INFO - Processing file /opt/airflow/dags/dag_crime_pipeline.py for tasks to queue
[2026-05-28T08:01:14.478+0000] {logging_mixin.py:188} INFO - [2026-05-28T08:01:14.477+0000] {dagbag.py:538} INFO - Filling up the DagBag from /opt/airflow/dags/dag_crime_pipeline.py
[2026-05-28T08:01:14.526+0000] {processor.py:840} INFO - DAG(s) 'crime_analytics_pipeline' retrieved from /opt/airflow/dags/dag_crime_pipeline.py
[2026-05-28T08:01:14.563+0000] {logging_mixin.py:188} INFO - [2026-05-28T08:01:14.562+0000] {dag.py:3036} INFO - Sync 1 DAGs
[2026-05-28T08:01:14.611+0000] {processor.py:183} INFO - Processing /opt/airflow/dags/dag_crime_pipeline.py took 0.143 seconds
[2026-05-28T08:01:44.857+0000] {processor.py:161} INFO - Started process (PID=1730) to work on /opt/airflow/dags/dag_crime_pipeline.py
[2026-05-28T08:01:44.859+0000] {processor.py:830} INFO - Processing file /opt/airflow/dags/dag_crime_pipeline.py for tasks to queue
[2026-05-28T08:01:44.864+0000] {logging_mixin.py:188} INFO - [2026-05-28T08:01:44.863+0000] {dagbag.py:538} INFO - Filling up the DagBag from /opt/airflow/dags/dag_crime_pipeline.py
[2026-05-28T08:01:44.909+0000] {processor.py:840} INFO - DAG(s) 'crime_analytics_pipeline' retrieved from /opt/airflow/dags/dag_crime_pipeline.py
[2026-05-28T08:01:44.947+0000] {logging_mixin.py:188} INFO - [2026-05-28T08:01:44.947+0000] {dag.py:3036} INFO - Sync 1 DAGs
[2026-05-28T08:01:44.993+0000] {processor.py:183} INFO - Processing /opt/airflow/dags/dag_crime_pipeline.py took 0.142 seconds
[2026-05-28T08:02:15.295+0000] {processor.py:161} INFO - Started process (PID=1735) to work on /opt/airflow/dags/dag_crime_pipeline.py
[2026-05-28T08:02:15.297+0000] {processor.py:830} INFO - Processing file /opt/airflow/dags/dag_crime_pipeline.py for tasks to queue
[2026-05-28T08:02:15.300+0000] {logging_mixin.py:188} INFO - [2026-05-28T08:02:15.300+0000] {dagbag.py:538} INFO - Filling up the DagBag from /opt/airflow/dags/dag_crime_pipeline.py
[2026-05-28T08:02:15.344+0000] {processor.py:840} INFO - DAG(s) 'crime_analytics_pipeline' retrieved from /opt/airflow/dags/dag_crime_pipeline.py
[2026-05-28T08:02:15.395+0000] {logging_mixin.py:188} INFO - [2026-05-28T08:02:15.394+0000] {dag.py:3036} INFO - Sync 1 DAGs
[2026-05-28T08:02:15.451+0000] {processor.py:183} INFO - Processing /opt/airflow/dags/dag_crime_pipeline.py took 0.160 seconds
[2026-05-28T08:02:45.858+0000] {processor.py:161} INFO - Started process (PID=1740) to work on /opt/airflow/dags/dag_crime_pipeline.py
[2026-05-28T08:02:45.860+0000] {processor.py:830} INFO - Processing file /opt/airflow/dags/dag_crime_pipeline.py for tasks to queue
[2026-05-28T08:02:45.863+0000] {logging_mixin.py:188} INFO - [2026-05-28T08:02:45.862+0000] {dagbag.py:538} INFO - Filling up the DagBag from /opt/airflow/dags/dag_crime_pipeline.py
[2026-05-28T08:02:45.909+0000] {processor.py:840} INFO - DAG(s) 'crime_analytics_pipeline' retrieved from /opt/airflow/dags/dag_crime_pipeline.py
[2026-05-28T08:02:45.954+0000] {logging_mixin.py:188} INFO - [2026-05-28T08:02:45.953+0000] {dag.py:3036} INFO - Sync 1 DAGs
[2026-05-28T08:02:46.026+0000] {processor.py:183} INFO - Processing /opt/airflow/dags/dag_crime_pipeline.py took 0.173 seconds
[2026-05-28T08:03:16.376+0000] {processor.py:161} INFO - Started process (PID=1745) to work on /opt/airflow/dags/dag_crime_pipeline.py
[2026-05-28T08:03:16.377+0000] {processor.py:830} INFO - Processing file /opt/airflow/dags/dag_crime_pipeline.py for tasks to queue
[2026-05-28T08:03:16.380+0000] {logging_mixin.py:188} INFO - [2026-05-28T08:03:16.379+0000] {dagbag.py:538} INFO - Filling up the DagBag from /opt/airflow/dags/dag_crime_pipeline.py
[2026-05-28T08:03:16.420+0000] {processor.py:840} INFO - DAG(s) 'crime_analytics_pipeline' retrieved from /opt/airflow/dags/dag_crime_pipeline.py
[2026-05-28T08:03:16.456+0000] {logging_mixin.py:188} INFO - [2026-05-28T08:03:16.456+0000] {dag.py:3036} INFO - Sync 1 DAGs
[2026-05-28T08:03:16.498+0000] {processor.py:183} INFO - Processing /opt/airflow/dags/dag_crime_pipeline.py took 0.126 seconds
[2026-05-28T08:03:46.861+0000] {processor.py:161} INFO - Started process (PID=1750) to work on /opt/airflow/dags/dag_crime_pipeline.py
[2026-05-28T08:03:46.863+0000] {processor.py:830} INFO - Processing file /opt/airflow/dags/dag_crime_pipeline.py for tasks to queue
[2026-05-28T08:03:46.866+0000] {logging_mixin.py:188} INFO - [2026-05-28T08:03:46.866+0000] {dagbag.py:538} INFO - Filling up the DagBag from /opt/airflow/dags/dag_crime_pipeline.py
[2026-05-28T08:03:46.914+0000] {processor.py:840} INFO - DAG(s) 'crime_analytics_pipeline' retrieved from /opt/airflow/dags/dag_crime_pipeline.py
[2026-05-28T08:03:46.951+0000] {logging_mixin.py:188} INFO - [2026-05-28T08:03:46.950+0000] {dag.py:3036} INFO - Sync 1 DAGs
[2026-05-28T08:03:47.002+0000] {processor.py:183} INFO - Processing /opt/airflow/dags/dag_crime_pipeline.py took 0.145 seconds
[2026-05-28T08:04:17.401+0000] {processor.py:161} INFO - Started process (PID=1755) to work on /opt/airflow/dags/dag_crime_pipeline.py
[2026-05-28T08:04:17.403+0000] {processor.py:830} INFO - Processing file /opt/airflow/dags/dag_crime_pipeline.py for tasks to queue
[2026-05-28T08:04:17.408+0000] {logging_mixin.py:188} INFO - [2026-05-28T08:04:17.407+0000] {dagbag.py:538} INFO - Filling up the DagBag from /opt/airflow/dags/dag_crime_pipeline.py
[2026-05-28T08:04:17.455+0000] {processor.py:840} INFO - DAG(s) 'crime_analytics_pipeline' retrieved from /opt/airflow/dags/dag_crime_pipeline.py
[2026-05-28T08:04:17.504+0000] {logging_mixin.py:188} INFO - [2026-05-28T08:04:17.503+0000] {dag.py:3036} INFO - Sync 1 DAGs
[2026-05-28T08:04:17.571+0000] {processor.py:183} INFO - Processing /opt/airflow/dags/dag_crime_pipeline.py took 0.175 seconds
[2026-05-28T08:04:47.816+0000] {processor.py:161} INFO - Started process (PID=1760) to work on /opt/airflow/dags/dag_crime_pipeline.py
[2026-05-28T08:04:47.818+0000] {processor.py:830} INFO - Processing file /opt/airflow/dags/dag_crime_pipeline.py for tasks to queue
[2026-05-28T08:04:47.822+0000] {logging_mixin.py:188} INFO - [2026-05-28T08:04:47.821+0000] {dagbag.py:538} INFO - Filling up the DagBag from /opt/airflow/dags/dag_crime_pipeline.py
[2026-05-28T08:04:47.875+0000] {processor.py:840} INFO - DAG(s) 'crime_analytics_pipeline' retrieved from /opt/airflow/dags/dag_crime_pipeline.py
[2026-05-28T08:04:47.914+0000] {logging_mixin.py:188} INFO - [2026-05-28T08:04:47.914+0000] {dag.py:3036} INFO - Sync 1 DAGs
[2026-05-28T08:04:47.980+0000] {processor.py:183} INFO - Processing /opt/airflow/dags/dag_crime_pipeline.py took 0.169 seconds
[2026-05-28T08:05:18.107+0000] {processor.py:161} INFO - Started process (PID=1765) to work on /opt/airflow/dags/dag_crime_pipeline.py
[2026-05-28T08:05:18.110+0000] {processor.py:830} INFO - Processing file /opt/airflow/dags/dag_crime_pipeline.py for tasks to queue
[2026-05-28T08:05:18.114+0000] {logging_mixin.py:188} INFO - [2026-05-28T08:05:18.113+0000] {dagbag.py:538} INFO - Filling up the DagBag from /opt/airflow/dags/dag_crime_pipeline.py
[2026-05-28T08:05:18.165+0000] {processor.py:840} INFO - DAG(s) 'crime_analytics_pipeline' retrieved from /opt/airflow/dags/dag_crime_pipeline.py
[2026-05-28T08:05:18.209+0000] {logging_mixin.py:188} INFO - [2026-05-28T08:05:18.208+0000] {dag.py:3036} INFO - Sync 1 DAGs
[2026-05-28T08:05:18.276+0000] {processor.py:183} INFO - Processing /opt/airflow/dags/dag_crime_pipeline.py took 0.176 seconds
[2026-05-28T08:05:48.502+0000] {processor.py:161} INFO - Started process (PID=1770) to work on /opt/airflow/dags/dag_crime_pipeline.py
[2026-05-28T08:05:48.503+0000] {processor.py:830} INFO - Processing file /opt/airflow/dags/dag_crime_pipeline.py for tasks to queue
[2026-05-28T08:05:48.507+0000] {logging_mixin.py:188} INFO - [2026-05-28T08:05:48.507+0000] {dagbag.py:538} INFO - Filling up the DagBag from /opt/airflow/dags/dag_crime_pipeline.py
[2026-05-28T08:05:48.581+0000] {processor.py:840} INFO - DAG(s) 'crime_analytics_pipeline' retrieved from /opt/airflow/dags/dag_crime_pipeline.py
[2026-05-28T08:05:48.636+0000] {logging_mixin.py:188} INFO - [2026-05-28T08:05:48.635+0000] {dag.py:3036} INFO - Sync 1 DAGs
[2026-05-28T08:05:48.682+0000] {processor.py:183} INFO - Processing /opt/airflow/dags/dag_crime_pipeline.py took 0.184 seconds
[2026-05-28T08:06:07.734+0000] {processor.py:161} INFO - Started process (PID=1775) to work on /opt/airflow/dags/dag_crime_pipeline.py
[2026-05-28T08:06:07.736+0000] {processor.py:830} INFO - Processing file /opt/airflow/dags/dag_crime_pipeline.py for tasks to queue
[2026-05-28T08:06:07.740+0000] {logging_mixin.py:188} INFO - [2026-05-28T08:06:07.739+0000] {dagbag.py:538} INFO - Filling up the DagBag from /opt/airflow/dags/dag_crime_pipeline.py
[2026-05-28T08:06:07.804+0000] {processor.py:840} INFO - DAG(s) 'crime_analytics_pipeline' retrieved from /opt/airflow/dags/dag_crime_pipeline.py
[2026-05-28T08:06:08.025+0000] {logging_mixin.py:188} INFO - [2026-05-28T08:06:08.025+0000] {dag.py:3036} INFO - Sync 1 DAGs
[2026-05-28T08:06:08.079+0000] {processor.py:183} INFO - Processing /opt/airflow/dags/dag_crime_pipeline.py took 0.350 seconds
[2026-05-28T08:06:38.352+0000] {processor.py:161} INFO - Started process (PID=1806) to work on /opt/airflow/dags/dag_crime_pipeline.py
[2026-05-28T08:06:38.354+0000] {processor.py:830} INFO - Processing file /opt/airflow/dags/dag_crime_pipeline.py for tasks to queue
[2026-05-28T08:06:38.359+0000] {logging_mixin.py:188} INFO - [2026-05-28T08:06:38.358+0000] {dagbag.py:538} INFO - Filling up the DagBag from /opt/airflow/dags/dag_crime_pipeline.py
[2026-05-28T08:06:38.409+0000] {processor.py:840} INFO - DAG(s) 'crime_analytics_pipeline' retrieved from /opt/airflow/dags/dag_crime_pipeline.py
[2026-05-28T08:06:38.461+0000] {logging_mixin.py:188} INFO - [2026-05-28T08:06:38.460+0000] {dag.py:3036} INFO - Sync 1 DAGs
[2026-05-28T08:06:38.543+0000] {processor.py:183} INFO - Processing /opt/airflow/dags/dag_crime_pipeline.py took 0.199 seconds
[2026-05-28T08:07:08.704+0000] {processor.py:161} INFO - Started process (PID=1882) to work on /opt/airflow/dags/dag_crime_pipeline.py
[2026-05-28T08:07:08.705+0000] {processor.py:830} INFO - Processing file /opt/airflow/dags/dag_crime_pipeline.py for tasks to queue
[2026-05-28T08:07:08.709+0000] {logging_mixin.py:188} INFO - [2026-05-28T08:07:08.708+0000] {dagbag.py:538} INFO - Filling up the DagBag from /opt/airflow/dags/dag_crime_pipeline.py
[2026-05-28T08:07:08.792+0000] {processor.py:840} INFO - DAG(s) 'crime_analytics_pipeline' retrieved from /opt/airflow/dags/dag_crime_pipeline.py
[2026-05-28T08:07:08.842+0000] {logging_mixin.py:188} INFO - [2026-05-28T08:07:08.841+0000] {dag.py:3036} INFO - Sync 1 DAGs
[2026-05-28T08:07:08.900+0000] {processor.py:183} INFO - Processing /opt/airflow/dags/dag_crime_pipeline.py took 0.202 seconds
[2026-05-28T08:07:39.088+0000] {processor.py:161} INFO - Started process (PID=1933) to work on /opt/airflow/dags/dag_crime_pipeline.py
[2026-05-28T08:07:39.090+0000] {processor.py:830} INFO - Processing file /opt/airflow/dags/dag_crime_pipeline.py for tasks to queue
[2026-05-28T08:07:39.094+0000] {logging_mixin.py:188} INFO - [2026-05-28T08:07:39.093+0000] {dagbag.py:538} INFO - Filling up the DagBag from /opt/airflow/dags/dag_crime_pipeline.py
[2026-05-28T08:07:39.140+0000] {processor.py:840} INFO - DAG(s) 'crime_analytics_pipeline' retrieved from /opt/airflow/dags/dag_crime_pipeline.py
[2026-05-28T08:07:39.179+0000] {logging_mixin.py:188} INFO - [2026-05-28T08:07:39.179+0000] {dag.py:3036} INFO - Sync 1 DAGs
[2026-05-28T08:07:39.242+0000] {processor.py:183} INFO - Processing /opt/airflow/dags/dag_crime_pipeline.py took 0.158 seconds
[2026-05-28T08:08:09.425+0000] {processor.py:161} INFO - Started process (PID=1938) to work on /opt/airflow/dags/dag_crime_pipeline.py
[2026-05-28T08:08:09.426+0000] {processor.py:830} INFO - Processing file /opt/airflow/dags/dag_crime_pipeline.py for tasks to queue
[2026-05-28T08:08:09.428+0000] {logging_mixin.py:188} INFO - [2026-05-28T08:08:09.428+0000] {dagbag.py:538} INFO - Filling up the DagBag from /opt/airflow/dags/dag_crime_pipeline.py
[2026-05-28T08:08:09.474+0000] {processor.py:840} INFO - DAG(s) 'crime_analytics_pipeline' retrieved from /opt/airflow/dags/dag_crime_pipeline.py
[2026-05-28T08:08:09.510+0000] {logging_mixin.py:188} INFO - [2026-05-28T08:08:09.509+0000] {dag.py:3036} INFO - Sync 1 DAGs
[2026-05-28T08:08:09.572+0000] {processor.py:183} INFO - Processing /opt/airflow/dags/dag_crime_pipeline.py took 0.150 seconds
[2026-05-28T08:08:39.682+0000] {processor.py:161} INFO - Started process (PID=1971) to work on /opt/airflow/dags/dag_crime_pipeline.py
[2026-05-28T08:08:39.684+0000] {processor.py:830} INFO - Processing file /opt/airflow/dags/dag_crime_pipeline.py for tasks to queue
[2026-05-28T08:08:39.688+0000] {logging_mixin.py:188} INFO - [2026-05-28T08:08:39.687+0000] {dagbag.py:538} INFO - Filling up the DagBag from /opt/airflow/dags/dag_crime_pipeline.py
[2026-05-28T08:08:39.736+0000] {processor.py:840} INFO - DAG(s) 'crime_analytics_pipeline' retrieved from /opt/airflow/dags/dag_crime_pipeline.py
[2026-05-28T08:08:39.789+0000] {logging_mixin.py:188} INFO - [2026-05-28T08:08:39.788+0000] {dag.py:3036} INFO - Sync 1 DAGs
[2026-05-28T08:08:39.875+0000] {processor.py:183} INFO - Processing /opt/airflow/dags/dag_crime_pipeline.py took 0.199 seconds
[2026-05-28T08:09:10.063+0000] {processor.py:161} INFO - Started process (PID=1983) to work on /opt/airflow/dags/dag_crime_pipeline.py
[2026-05-28T08:09:10.065+0000] {processor.py:830} INFO - Processing file /opt/airflow/dags/dag_crime_pipeline.py for tasks to queue
[2026-05-28T08:09:10.069+0000] {logging_mixin.py:188} INFO - [2026-05-28T08:09:10.068+0000] {dagbag.py:538} INFO - Filling up the DagBag from /opt/airflow/dags/dag_crime_pipeline.py
[2026-05-28T08:09:10.126+0000] {processor.py:840} INFO - DAG(s) 'crime_analytics_pipeline' retrieved from /opt/airflow/dags/dag_crime_pipeline.py
[2026-05-28T08:09:10.171+0000] {logging_mixin.py:188} INFO - [2026-05-28T08:09:10.171+0000] {dag.py:3036} INFO - Sync 1 DAGs
[2026-05-28T08:09:10.219+0000] {processor.py:183} INFO - Processing /opt/airflow/dags/dag_crime_pipeline.py took 0.162 seconds
[2026-05-28T08:09:40.309+0000] {processor.py:161} INFO - Started process (PID=1991) to work on /opt/airflow/dags/dag_crime_pipeline.py
[2026-05-28T08:09:40.312+0000] {processor.py:830} INFO - Processing file /opt/airflow/dags/dag_crime_pipeline.py for tasks to queue
[2026-05-28T08:09:40.316+0000] {logging_mixin.py:188} INFO - [2026-05-28T08:09:40.315+0000] {dagbag.py:538} INFO - Filling up the DagBag from /opt/airflow/dags/dag_crime_pipeline.py
[2026-05-28T08:09:40.374+0000] {processor.py:840} INFO - DAG(s) 'crime_analytics_pipeline' retrieved from /opt/airflow/dags/dag_crime_pipeline.py
[2026-05-28T08:09:40.421+0000] {logging_mixin.py:188} INFO - [2026-05-28T08:09:40.420+0000] {dag.py:3036} INFO - Sync 1 DAGs
[2026-05-28T08:09:40.476+0000] {processor.py:183} INFO - Processing /opt/airflow/dags/dag_crime_pipeline.py took 0.172 seconds
[2026-05-28T08:10:10.552+0000] {processor.py:161} INFO - Started process (PID=2000) to work on /opt/airflow/dags/dag_crime_pipeline.py
[2026-05-28T08:10:10.554+0000] {processor.py:830} INFO - Processing file /opt/airflow/dags/dag_crime_pipeline.py for tasks to queue
[2026-05-28T08:10:10.558+0000] {logging_mixin.py:188} INFO - [2026-05-28T08:10:10.557+0000] {dagbag.py:538} INFO - Filling up the DagBag from /opt/airflow/dags/dag_crime_pipeline.py
[2026-05-28T08:10:10.607+0000] {processor.py:840} INFO - DAG(s) 'crime_analytics_pipeline' retrieved from /opt/airflow/dags/dag_crime_pipeline.py
[2026-05-28T08:10:10.650+0000] {logging_mixin.py:188} INFO - [2026-05-28T08:10:10.650+0000] {dag.py:3036} INFO - Sync 1 DAGs
[2026-05-28T08:10:10.702+0000] {processor.py:183} INFO - Processing /opt/airflow/dags/dag_crime_pipeline.py took 0.155 seconds
[2026-05-28T08:10:40.911+0000] {processor.py:161} INFO - Started process (PID=2008) to work on /opt/airflow/dags/dag_crime_pipeline.py
[2026-05-28T08:10:40.913+0000] {processor.py:830} INFO - Processing file /opt/airflow/dags/dag_crime_pipeline.py for tasks to queue
[2026-05-28T08:10:40.917+0000] {logging_mixin.py:188} INFO - [2026-05-28T08:10:40.916+0000] {dagbag.py:538} INFO - Filling up the DagBag from /opt/airflow/dags/dag_crime_pipeline.py
[2026-05-28T08:10:40.965+0000] {processor.py:840} INFO - DAG(s) 'crime_analytics_pipeline' retrieved from /opt/airflow/dags/dag_crime_pipeline.py
[2026-05-28T08:10:41.009+0000] {logging_mixin.py:188} INFO - [2026-05-28T08:10:41.009+0000] {dag.py:3036} INFO - Sync 1 DAGs
[2026-05-28T08:10:41.087+0000] {processor.py:183} INFO - Processing /opt/airflow/dags/dag_crime_pipeline.py took 0.182 seconds
[2026-05-28T08:11:11.991+0000] {processor.py:161} INFO - Started process (PID=2016) to work on /opt/airflow/dags/dag_crime_pipeline.py
[2026-05-28T08:11:11.994+0000] {processor.py:830} INFO - Processing file /opt/airflow/dags/dag_crime_pipeline.py for tasks to queue
[2026-05-28T08:11:11.998+0000] {logging_mixin.py:188} INFO - [2026-05-28T08:11:11.998+0000] {dagbag.py:538} INFO - Filling up the DagBag from /opt/airflow/dags/dag_crime_pipeline.py
[2026-05-28T08:11:12.045+0000] {processor.py:840} INFO - DAG(s) 'crime_analytics_pipeline' retrieved from /opt/airflow/dags/dag_crime_pipeline.py
[2026-05-28T08:11:12.088+0000] {logging_mixin.py:188} INFO - [2026-05-28T08:11:12.088+0000] {dag.py:3036} INFO - Sync 1 DAGs
[2026-05-28T08:11:12.146+0000] {processor.py:183} INFO - Processing /opt/airflow/dags/dag_crime_pipeline.py took 0.162 seconds
[2026-05-28T08:11:42.368+0000] {processor.py:161} INFO - Started process (PID=2026) to work on /opt/airflow/dags/dag_crime_pipeline.py
[2026-05-28T08:11:42.370+0000] {processor.py:830} INFO - Processing file /opt/airflow/dags/dag_crime_pipeline.py for tasks to queue
[2026-05-28T08:11:42.374+0000] {logging_mixin.py:188} INFO - [2026-05-28T08:11:42.373+0000] {dagbag.py:538} INFO - Filling up the DagBag from /opt/airflow/dags/dag_crime_pipeline.py
[2026-05-28T08:11:42.421+0000] {processor.py:840} INFO - DAG(s) 'crime_analytics_pipeline' retrieved from /opt/airflow/dags/dag_crime_pipeline.py
[2026-05-28T08:11:42.466+0000] {logging_mixin.py:188} INFO - [2026-05-28T08:11:42.465+0000] {dag.py:3036} INFO - Sync 1 DAGs
[2026-05-28T08:11:42.519+0000] {processor.py:183} INFO - Processing /opt/airflow/dags/dag_crime_pipeline.py took 0.157 seconds
[2026-05-28T08:12:12.667+0000] {processor.py:161} INFO - Started process (PID=2033) to work on /opt/airflow/dags/dag_crime_pipeline.py
[2026-05-28T08:12:12.669+0000] {processor.py:830} INFO - Processing file /opt/airflow/dags/dag_crime_pipeline.py for tasks to queue
[2026-05-28T08:12:12.676+0000] {logging_mixin.py:188} INFO - [2026-05-28T08:12:12.675+0000] {dagbag.py:538} INFO - Filling up the DagBag from /opt/airflow/dags/dag_crime_pipeline.py
[2026-05-28T08:12:12.744+0000] {processor.py:840} INFO - DAG(s) 'crime_analytics_pipeline' retrieved from /opt/airflow/dags/dag_crime_pipeline.py
[2026-05-28T08:12:12.786+0000] {logging_mixin.py:188} INFO - [2026-05-28T08:12:12.786+0000] {dag.py:3036} INFO - Sync 1 DAGs
[2026-05-28T08:12:12.836+0000] {processor.py:183} INFO - Processing /opt/airflow/dags/dag_crime_pipeline.py took 0.175 seconds
[2026-05-28T08:12:43.004+0000] {processor.py:161} INFO - Started process (PID=2040) to work on /opt/airflow/dags/dag_crime_pipeline.py
[2026-05-28T08:12:43.006+0000] {processor.py:830} INFO - Processing file /opt/airflow/dags/dag_crime_pipeline.py for tasks to queue
[2026-05-28T08:12:43.009+0000] {logging_mixin.py:188} INFO - [2026-05-28T08:12:43.008+0000] {dagbag.py:538} INFO - Filling up the DagBag from /opt/airflow/dags/dag_crime_pipeline.py
[2026-05-28T08:12:43.060+0000] {processor.py:840} INFO - DAG(s) 'crime_analytics_pipeline' retrieved from /opt/airflow/dags/dag_crime_pipeline.py
[2026-05-28T08:12:43.097+0000] {logging_mixin.py:188} INFO - [2026-05-28T08:12:43.097+0000] {dag.py:3036} INFO - Sync 1 DAGs
[2026-05-28T08:12:43.141+0000] {processor.py:183} INFO - Processing /opt/airflow/dags/dag_crime_pipeline.py took 0.141 seconds
[2026-05-28T08:13:13.265+0000] {processor.py:161} INFO - Started process (PID=2050) to work on /opt/airflow/dags/dag_crime_pipeline.py
[2026-05-28T08:13:13.267+0000] {processor.py:830} INFO - Processing file /opt/airflow/dags/dag_crime_pipeline.py for tasks to queue
[2026-05-28T08:13:13.271+0000] {logging_mixin.py:188} INFO - [2026-05-28T08:13:13.270+0000] {dagbag.py:538} INFO - Filling up the DagBag from /opt/airflow/dags/dag_crime_pipeline.py
[2026-05-28T08:13:13.321+0000] {processor.py:840} INFO - DAG(s) 'crime_analytics_pipeline' retrieved from /opt/airflow/dags/dag_crime_pipeline.py
[2026-05-28T08:13:13.368+0000] {logging_mixin.py:188} INFO - [2026-05-28T08:13:13.367+0000] {dag.py:3036} INFO - Sync 1 DAGs
[2026-05-28T08:13:13.427+0000] {processor.py:183} INFO - Processing /opt/airflow/dags/dag_crime_pipeline.py took 0.168 seconds
[2026-05-28T08:13:43.590+0000] {processor.py:161} INFO - Started process (PID=2057) to work on /opt/airflow/dags/dag_crime_pipeline.py
[2026-05-28T08:13:43.593+0000] {processor.py:830} INFO - Processing file /opt/airflow/dags/dag_crime_pipeline.py for tasks to queue
[2026-05-28T08:13:43.596+0000] {logging_mixin.py:188} INFO - [2026-05-28T08:13:43.595+0000] {dagbag.py:538} INFO - Filling up the DagBag from /opt/airflow/dags/dag_crime_pipeline.py
[2026-05-28T08:13:43.646+0000] {processor.py:840} INFO - DAG(s) 'crime_analytics_pipeline' retrieved from /opt/airflow/dags/dag_crime_pipeline.py
[2026-05-28T08:13:43.692+0000] {logging_mixin.py:188} INFO - [2026-05-28T08:13:43.692+0000] {dag.py:3036} INFO - Sync 1 DAGs
[2026-05-28T08:13:43.746+0000] {processor.py:183} INFO - Processing /opt/airflow/dags/dag_crime_pipeline.py took 0.161 seconds
[2026-05-28T08:14:13.830+0000] {processor.py:161} INFO - Started process (PID=2135) to work on /opt/airflow/dags/dag_crime_pipeline.py
[2026-05-28T08:14:13.832+0000] {processor.py:830} INFO - Processing file /opt/airflow/dags/dag_crime_pipeline.py for tasks to queue
[2026-05-28T08:14:13.835+0000] {logging_mixin.py:188} INFO - [2026-05-28T08:14:13.835+0000] {dagbag.py:538} INFO - Filling up the DagBag from /opt/airflow/dags/dag_crime_pipeline.py
[2026-05-28T08:14:13.884+0000] {processor.py:840} INFO - DAG(s) 'crime_analytics_pipeline' retrieved from /opt/airflow/dags/dag_crime_pipeline.py
[2026-05-28T08:14:13.928+0000] {logging_mixin.py:188} INFO - [2026-05-28T08:14:13.927+0000] {dag.py:3036} INFO - Sync 1 DAGs
[2026-05-28T08:14:13.999+0000] {processor.py:183} INFO - Processing /opt/airflow/dags/dag_crime_pipeline.py took 0.175 seconds
[2026-05-28T08:14:44.112+0000] {processor.py:161} INFO - Started process (PID=2208) to work on /opt/airflow/dags/dag_crime_pipeline.py
[2026-05-28T08:14:44.114+0000] {processor.py:830} INFO - Processing file /opt/airflow/dags/dag_crime_pipeline.py for tasks to queue
[2026-05-28T08:14:44.118+0000] {logging_mixin.py:188} INFO - [2026-05-28T08:14:44.117+0000] {dagbag.py:538} INFO - Filling up the DagBag from /opt/airflow/dags/dag_crime_pipeline.py
[2026-05-28T08:14:44.170+0000] {processor.py:840} INFO - DAG(s) 'crime_analytics_pipeline' retrieved from /opt/airflow/dags/dag_crime_pipeline.py
[2026-05-28T08:14:44.219+0000] {logging_mixin.py:188} INFO - [2026-05-28T08:14:44.219+0000] {dag.py:3036} INFO - Sync 1 DAGs
[2026-05-28T08:14:44.276+0000] {processor.py:183} INFO - Processing /opt/airflow/dags/dag_crime_pipeline.py took 0.169 seconds
[2026-05-28T08:15:14.485+0000] {processor.py:161} INFO - Started process (PID=2285) to work on /opt/airflow/dags/dag_crime_pipeline.py
[2026-05-28T08:15:14.487+0000] {processor.py:830} INFO - Processing file /opt/airflow/dags/dag_crime_pipeline.py for tasks to queue
[2026-05-28T08:15:14.491+0000] {logging_mixin.py:188} INFO - [2026-05-28T08:15:14.490+0000] {dagbag.py:538} INFO - Filling up the DagBag from /opt/airflow/dags/dag_crime_pipeline.py
[2026-05-28T08:15:14.536+0000] {processor.py:840} INFO - DAG(s) 'crime_analytics_pipeline' retrieved from /opt/airflow/dags/dag_crime_pipeline.py
[2026-05-28T08:15:14.576+0000] {logging_mixin.py:188} INFO - [2026-05-28T08:15:14.575+0000] {dag.py:3036} INFO - Sync 1 DAGs
[2026-05-28T08:15:14.639+0000] {processor.py:183} INFO - Processing /opt/airflow/dags/dag_crime_pipeline.py took 0.158 seconds
[2026-05-28T08:15:44.801+0000] {processor.py:161} INFO - Started process (PID=2313) to work on /opt/airflow/dags/dag_crime_pipeline.py
[2026-05-28T08:15:44.803+0000] {processor.py:830} INFO - Processing file /opt/airflow/dags/dag_crime_pipeline.py for tasks to queue
[2026-05-28T08:15:44.808+0000] {logging_mixin.py:188} INFO - [2026-05-28T08:15:44.807+0000] {dagbag.py:538} INFO - Filling up the DagBag from /opt/airflow/dags/dag_crime_pipeline.py
[2026-05-28T08:15:44.855+0000] {processor.py:840} INFO - DAG(s) 'crime_analytics_pipeline' retrieved from /opt/airflow/dags/dag_crime_pipeline.py
[2026-05-28T08:15:44.896+0000] {logging_mixin.py:188} INFO - [2026-05-28T08:15:44.895+0000] {dag.py:3036} INFO - Sync 1 DAGs
[2026-05-28T08:15:44.950+0000] {processor.py:183} INFO - Processing /opt/airflow/dags/dag_crime_pipeline.py took 0.154 seconds
[2026-05-28T08:16:15.119+0000] {processor.py:161} INFO - Started process (PID=2318) to work on /opt/airflow/dags/dag_crime_pipeline.py
[2026-05-28T08:16:15.121+0000] {processor.py:830} INFO - Processing file /opt/airflow/dags/dag_crime_pipeline.py for tasks to queue
[2026-05-28T08:16:15.125+0000] {logging_mixin.py:188} INFO - [2026-05-28T08:16:15.125+0000] {dagbag.py:538} INFO - Filling up the DagBag from /opt/airflow/dags/dag_crime_pipeline.py
[2026-05-28T08:16:15.172+0000] {processor.py:840} INFO - DAG(s) 'crime_analytics_pipeline' retrieved from /opt/airflow/dags/dag_crime_pipeline.py
[2026-05-28T08:16:15.219+0000] {logging_mixin.py:188} INFO - [2026-05-28T08:16:15.219+0000] {dag.py:3036} INFO - Sync 1 DAGs
[2026-05-28T08:16:15.272+0000] {processor.py:183} INFO - Processing /opt/airflow/dags/dag_crime_pipeline.py took 0.160 seconds
[2026-05-28T08:16:45.616+0000] {processor.py:161} INFO - Started process (PID=2323) to work on /opt/airflow/dags/dag_crime_pipeline.py
[2026-05-28T08:16:45.617+0000] {processor.py:830} INFO - Processing file /opt/airflow/dags/dag_crime_pipeline.py for tasks to queue
[2026-05-28T08:16:45.620+0000] {logging_mixin.py:188} INFO - [2026-05-28T08:16:45.619+0000] {dagbag.py:538} INFO - Filling up the DagBag from /opt/airflow/dags/dag_crime_pipeline.py
[2026-05-28T08:16:45.659+0000] {processor.py:840} INFO - DAG(s) 'crime_analytics_pipeline' retrieved from /opt/airflow/dags/dag_crime_pipeline.py
[2026-05-28T08:16:45.688+0000] {logging_mixin.py:188} INFO - [2026-05-28T08:16:45.687+0000] {dag.py:3036} INFO - Sync 1 DAGs
[2026-05-28T08:16:45.980+0000] {processor.py:183} INFO - Processing /opt/airflow/dags/dag_crime_pipeline.py took 0.368 seconds
[2026-05-28T08:17:16.272+0000] {processor.py:161} INFO - Started process (PID=2328) to work on /opt/airflow/dags/dag_crime_pipeline.py
[2026-05-28T08:17:16.273+0000] {processor.py:830} INFO - Processing file /opt/airflow/dags/dag_crime_pipeline.py for tasks to queue
[2026-05-28T08:17:16.276+0000] {logging_mixin.py:188} INFO - [2026-05-28T08:17:16.276+0000] {dagbag.py:538} INFO - Filling up the DagBag from /opt/airflow/dags/dag_crime_pipeline.py
[2026-05-28T08:17:16.314+0000] {processor.py:840} INFO - DAG(s) 'crime_analytics_pipeline' retrieved from /opt/airflow/dags/dag_crime_pipeline.py
[2026-05-28T08:17:16.345+0000] {logging_mixin.py:188} INFO - [2026-05-28T08:17:16.344+0000] {dag.py:3036} INFO - Sync 1 DAGs
[2026-05-28T08:17:16.381+0000] {processor.py:183} INFO - Processing /opt/airflow/dags/dag_crime_pipeline.py took 0.114 seconds
[2026-05-28T08:17:46.792+0000] {processor.py:161} INFO - Started process (PID=2333) to work on /opt/airflow/dags/dag_crime_pipeline.py
[2026-05-28T08:17:46.793+0000] {processor.py:830} INFO - Processing file /opt/airflow/dags/dag_crime_pipeline.py for tasks to queue
[2026-05-28T08:17:46.802+0000] {logging_mixin.py:188} INFO - [2026-05-28T08:17:46.801+0000] {dagbag.py:538} INFO - Filling up the DagBag from /opt/airflow/dags/dag_crime_pipeline.py
[2026-05-28T08:17:46.859+0000] {processor.py:840} INFO - DAG(s) 'crime_analytics_pipeline' retrieved from /opt/airflow/dags/dag_crime_pipeline.py
[2026-05-28T08:17:46.899+0000] {logging_mixin.py:188} INFO - [2026-05-28T08:17:46.898+0000] {dag.py:3036} INFO - Sync 1 DAGs
[2026-05-28T08:17:47.250+0000] {processor.py:183} INFO - Processing /opt/airflow/dags/dag_crime_pipeline.py took 0.462 seconds
[2026-05-28T08:18:17.796+0000] {processor.py:161} INFO - Started process (PID=2338) to work on /opt/airflow/dags/dag_crime_pipeline.py
[2026-05-28T08:18:17.797+0000] {processor.py:830} INFO - Processing file /opt/airflow/dags/dag_crime_pipeline.py for tasks to queue
[2026-05-28T08:18:17.799+0000] {logging_mixin.py:188} INFO - [2026-05-28T08:18:17.799+0000] {dagbag.py:538} INFO - Filling up the DagBag from /opt/airflow/dags/dag_crime_pipeline.py
[2026-05-28T08:18:17.837+0000] {processor.py:840} INFO - DAG(s) 'crime_analytics_pipeline' retrieved from /opt/airflow/dags/dag_crime_pipeline.py
[2026-05-28T08:18:17.867+0000] {logging_mixin.py:188} INFO - [2026-05-28T08:18:17.867+0000] {dag.py:3036} INFO - Sync 1 DAGs
[2026-05-28T08:18:17.912+0000] {processor.py:183} INFO - Processing /opt/airflow/dags/dag_crime_pipeline.py took 0.121 seconds
[2026-05-28T08:18:48.228+0000] {processor.py:161} INFO - Started process (PID=2343) to work on /opt/airflow/dags/dag_crime_pipeline.py
[2026-05-28T08:18:48.229+0000] {processor.py:830} INFO - Processing file /opt/airflow/dags/dag_crime_pipeline.py for tasks to queue
[2026-05-28T08:18:48.231+0000] {logging_mixin.py:188} INFO - [2026-05-28T08:18:48.231+0000] {dagbag.py:538} INFO - Filling up the DagBag from /opt/airflow/dags/dag_crime_pipeline.py
[2026-05-28T08:18:48.268+0000] {processor.py:840} INFO - DAG(s) 'crime_analytics_pipeline' retrieved from /opt/airflow/dags/dag_crime_pipeline.py
[2026-05-28T08:18:48.299+0000] {logging_mixin.py:188} INFO - [2026-05-28T08:18:48.299+0000] {dag.py:3036} INFO - Sync 1 DAGs
[2026-05-28T08:18:48.362+0000] {processor.py:183} INFO - Processing /opt/airflow/dags/dag_crime_pipeline.py took 0.137 seconds
[2026-05-28T08:19:18.546+0000] {processor.py:161} INFO - Started process (PID=2348) to work on /opt/airflow/dags/dag_crime_pipeline.py
[2026-05-28T08:19:18.547+0000] {processor.py:830} INFO - Processing file /opt/airflow/dags/dag_crime_pipeline.py for tasks to queue
[2026-05-28T08:19:18.551+0000] {logging_mixin.py:188} INFO - [2026-05-28T08:19:18.551+0000] {dagbag.py:538} INFO - Filling up the DagBag from /opt/airflow/dags/dag_crime_pipeline.py
[2026-05-28T08:19:18.593+0000] {processor.py:840} INFO - DAG(s) 'crime_analytics_pipeline' retrieved from /opt/airflow/dags/dag_crime_pipeline.py
[2026-05-28T08:19:18.632+0000] {logging_mixin.py:188} INFO - [2026-05-28T08:19:18.631+0000] {dag.py:3036} INFO - Sync 1 DAGs
[2026-05-28T08:19:18.677+0000] {processor.py:183} INFO - Processing /opt/airflow/dags/dag_crime_pipeline.py took 0.136 seconds
[2026-05-28T08:19:49.023+0000] {processor.py:161} INFO - Started process (PID=2353) to work on /opt/airflow/dags/dag_crime_pipeline.py
[2026-05-28T08:19:49.025+0000] {processor.py:830} INFO - Processing file /opt/airflow/dags/dag_crime_pipeline.py for tasks to queue
[2026-05-28T08:19:49.029+0000] {logging_mixin.py:188} INFO - [2026-05-28T08:19:49.028+0000] {dagbag.py:538} INFO - Filling up the DagBag from /opt/airflow/dags/dag_crime_pipeline.py
[2026-05-28T08:19:49.078+0000] {processor.py:840} INFO - DAG(s) 'crime_analytics_pipeline' retrieved from /opt/airflow/dags/dag_crime_pipeline.py
[2026-05-28T08:19:49.129+0000] {logging_mixin.py:188} INFO - [2026-05-28T08:19:49.128+0000] {dag.py:3036} INFO - Sync 1 DAGs
[2026-05-28T08:19:49.188+0000] {processor.py:183} INFO - Processing /opt/airflow/dags/dag_crime_pipeline.py took 0.171 seconds
[2026-05-28T08:20:19.308+0000] {processor.py:161} INFO - Started process (PID=2358) to work on /opt/airflow/dags/dag_crime_pipeline.py
[2026-05-28T08:20:19.311+0000] {processor.py:830} INFO - Processing file /opt/airflow/dags/dag_crime_pipeline.py for tasks to queue
[2026-05-28T08:20:19.314+0000] {logging_mixin.py:188} INFO - [2026-05-28T08:20:19.313+0000] {dagbag.py:538} INFO - Filling up the DagBag from /opt/airflow/dags/dag_crime_pipeline.py
[2026-05-28T08:20:19.365+0000] {processor.py:840} INFO - DAG(s) 'crime_analytics_pipeline' retrieved from /opt/airflow/dags/dag_crime_pipeline.py
[2026-05-28T08:20:19.410+0000] {logging_mixin.py:188} INFO - [2026-05-28T08:20:19.409+0000] {dag.py:3036} INFO - Sync 1 DAGs
[2026-05-28T08:20:19.458+0000] {processor.py:183} INFO - Processing /opt/airflow/dags/dag_crime_pipeline.py took 0.155 seconds
[2026-05-28T08:20:49.594+0000] {processor.py:161} INFO - Started process (PID=2363) to work on /opt/airflow/dags/dag_crime_pipeline.py
[2026-05-28T08:20:49.595+0000] {processor.py:830} INFO - Processing file /opt/airflow/dags/dag_crime_pipeline.py for tasks to queue
[2026-05-28T08:20:49.599+0000] {logging_mixin.py:188} INFO - [2026-05-28T08:20:49.598+0000] {dagbag.py:538} INFO - Filling up the DagBag from /opt/airflow/dags/dag_crime_pipeline.py
[2026-05-28T08:20:49.672+0000] {processor.py:840} INFO - DAG(s) 'crime_analytics_pipeline' retrieved from /opt/airflow/dags/dag_crime_pipeline.py
[2026-05-28T08:20:49.762+0000] {logging_mixin.py:188} INFO - [2026-05-28T08:20:49.761+0000] {dag.py:3036} INFO - Sync 1 DAGs
[2026-05-28T08:20:49.821+0000] {processor.py:183} INFO - Processing /opt/airflow/dags/dag_crime_pipeline.py took 0.232 seconds
[2026-05-28T08:21:19.996+0000] {processor.py:161} INFO - Started process (PID=2368) to work on /opt/airflow/dags/dag_crime_pipeline.py
[2026-05-28T08:21:19.997+0000] {processor.py:830} INFO - Processing file /opt/airflow/dags/dag_crime_pipeline.py for tasks to queue
[2026-05-28T08:21:20.001+0000] {logging_mixin.py:188} INFO - [2026-05-28T08:21:20.000+0000] {dagbag.py:538} INFO - Filling up the DagBag from /opt/airflow/dags/dag_crime_pipeline.py
[2026-05-28T08:21:20.040+0000] {processor.py:840} INFO - DAG(s) 'crime_analytics_pipeline' retrieved from /opt/airflow/dags/dag_crime_pipeline.py
[2026-05-28T08:21:20.071+0000] {logging_mixin.py:188} INFO - [2026-05-28T08:21:20.071+0000] {dag.py:3036} INFO - Sync 1 DAGs
[2026-05-28T08:21:20.134+0000] {processor.py:183} INFO - Processing /opt/airflow/dags/dag_crime_pipeline.py took 0.142 seconds
[2026-05-28T08:21:50.292+0000] {processor.py:161} INFO - Started process (PID=2373) to work on /opt/airflow/dags/dag_crime_pipeline.py
[2026-05-28T08:21:50.294+0000] {processor.py:830} INFO - Processing file /opt/airflow/dags/dag_crime_pipeline.py for tasks to queue
[2026-05-28T08:21:50.297+0000] {logging_mixin.py:188} INFO - [2026-05-28T08:21:50.296+0000] {dagbag.py:538} INFO - Filling up the DagBag from /opt/airflow/dags/dag_crime_pipeline.py
[2026-05-28T08:21:50.341+0000] {processor.py:840} INFO - DAG(s) 'crime_analytics_pipeline' retrieved from /opt/airflow/dags/dag_crime_pipeline.py
[2026-05-28T08:21:50.386+0000] {logging_mixin.py:188} INFO - [2026-05-28T08:21:50.385+0000] {dag.py:3036} INFO - Sync 1 DAGs
[2026-05-28T08:21:50.449+0000] {processor.py:183} INFO - Processing /opt/airflow/dags/dag_crime_pipeline.py took 0.162 seconds
[2026-05-28T08:22:20.642+0000] {processor.py:161} INFO - Started process (PID=2378) to work on /opt/airflow/dags/dag_crime_pipeline.py
[2026-05-28T08:22:20.644+0000] {processor.py:830} INFO - Processing file /opt/airflow/dags/dag_crime_pipeline.py for tasks to queue
[2026-05-28T08:22:20.647+0000] {logging_mixin.py:188} INFO - [2026-05-28T08:22:20.646+0000] {dagbag.py:538} INFO - Filling up the DagBag from /opt/airflow/dags/dag_crime_pipeline.py
[2026-05-28T08:22:20.695+0000] {processor.py:840} INFO - DAG(s) 'crime_analytics_pipeline' retrieved from /opt/airflow/dags/dag_crime_pipeline.py
[2026-05-28T08:22:20.734+0000] {logging_mixin.py:188} INFO - [2026-05-28T08:22:20.733+0000] {dag.py:3036} INFO - Sync 1 DAGs
[2026-05-28T08:22:20.786+0000] {processor.py:183} INFO - Processing /opt/airflow/dags/dag_crime_pipeline.py took 0.149 seconds
[2026-05-28T08:22:51.132+0000] {processor.py:161} INFO - Started process (PID=2383) to work on /opt/airflow/dags/dag_crime_pipeline.py
[2026-05-28T08:22:51.133+0000] {processor.py:830} INFO - Processing file /opt/airflow/dags/dag_crime_pipeline.py for tasks to queue
[2026-05-28T08:22:51.136+0000] {logging_mixin.py:188} INFO - [2026-05-28T08:22:51.136+0000] {dagbag.py:538} INFO - Filling up the DagBag from /opt/airflow/dags/dag_crime_pipeline.py
[2026-05-28T08:22:51.174+0000] {processor.py:840} INFO - DAG(s) 'crime_analytics_pipeline' retrieved from /opt/airflow/dags/dag_crime_pipeline.py
[2026-05-28T08:22:51.207+0000] {logging_mixin.py:188} INFO - [2026-05-28T08:22:51.206+0000] {dag.py:3036} INFO - Sync 1 DAGs
[2026-05-28T08:22:51.266+0000] {processor.py:183} INFO - Processing /opt/airflow/dags/dag_crime_pipeline.py took 0.137 seconds
[2026-05-28T08:23:21.645+0000] {processor.py:161} INFO - Started process (PID=2388) to work on /opt/airflow/dags/dag_crime_pipeline.py
[2026-05-28T08:23:21.646+0000] {processor.py:830} INFO - Processing file /opt/airflow/dags/dag_crime_pipeline.py for tasks to queue
[2026-05-28T08:23:21.649+0000] {logging_mixin.py:188} INFO - [2026-05-28T08:23:21.648+0000] {dagbag.py:538} INFO - Filling up the DagBag from /opt/airflow/dags/dag_crime_pipeline.py
[2026-05-28T08:23:21.688+0000] {processor.py:840} INFO - DAG(s) 'crime_analytics_pipeline' retrieved from /opt/airflow/dags/dag_crime_pipeline.py
[2026-05-28T08:23:21.725+0000] {logging_mixin.py:188} INFO - [2026-05-28T08:23:21.725+0000] {dag.py:3036} INFO - Sync 1 DAGs
[2026-05-28T08:23:21.776+0000] {processor.py:183} INFO - Processing /opt/airflow/dags/dag_crime_pipeline.py took 0.136 seconds
[2026-05-28T08:23:51.904+0000] {processor.py:161} INFO - Started process (PID=2393) to work on /opt/airflow/dags/dag_crime_pipeline.py
[2026-05-28T08:23:51.906+0000] {processor.py:830} INFO - Processing file /opt/airflow/dags/dag_crime_pipeline.py for tasks to queue
[2026-05-28T08:23:51.910+0000] {logging_mixin.py:188} INFO - [2026-05-28T08:23:51.908+0000] {dagbag.py:538} INFO - Filling up the DagBag from /opt/airflow/dags/dag_crime_pipeline.py
[2026-05-28T08:23:51.952+0000] {processor.py:840} INFO - DAG(s) 'crime_analytics_pipeline' retrieved from /opt/airflow/dags/dag_crime_pipeline.py
[2026-05-28T08:23:51.991+0000] {logging_mixin.py:188} INFO - [2026-05-28T08:23:51.991+0000] {dag.py:3036} INFO - Sync 1 DAGs
[2026-05-28T08:23:52.037+0000] {processor.py:183} INFO - Processing /opt/airflow/dags/dag_crime_pipeline.py took 0.138 seconds
[2026-05-28T08:24:16.201+0000] {processor.py:161} INFO - Started process (PID=2398) to work on /opt/airflow/dags/dag_crime_pipeline.py
[2026-05-28T08:24:16.202+0000] {processor.py:830} INFO - Processing file /opt/airflow/dags/dag_crime_pipeline.py for tasks to queue
[2026-05-28T08:24:16.205+0000] {logging_mixin.py:188} INFO - [2026-05-28T08:24:16.205+0000] {dagbag.py:538} INFO - Filling up the DagBag from /opt/airflow/dags/dag_crime_pipeline.py
[2026-05-28T08:24:16.261+0000] {processor.py:840} INFO - DAG(s) 'crime_analytics_pipeline' retrieved from /opt/airflow/dags/dag_crime_pipeline.py
[2026-05-28T08:24:16.441+0000] {logging_mixin.py:188} INFO - [2026-05-28T08:24:16.440+0000] {dag.py:3036} INFO - Sync 1 DAGs
[2026-05-28T08:24:16.497+0000] {processor.py:183} INFO - Processing /opt/airflow/dags/dag_crime_pipeline.py took 0.300 seconds
[2026-05-28T08:24:46.709+0000] {processor.py:161} INFO - Started process (PID=2403) to work on /opt/airflow/dags/dag_crime_pipeline.py
[2026-05-28T08:24:46.711+0000] {processor.py:830} INFO - Processing file /opt/airflow/dags/dag_crime_pipeline.py for tasks to queue
[2026-05-28T08:24:46.714+0000] {logging_mixin.py:188} INFO - [2026-05-28T08:24:46.713+0000] {dagbag.py:538} INFO - Filling up the DagBag from /opt/airflow/dags/dag_crime_pipeline.py
[2026-05-28T08:24:46.763+0000] {processor.py:840} INFO - DAG(s) 'crime_analytics_pipeline' retrieved from /opt/airflow/dags/dag_crime_pipeline.py
[2026-05-28T08:24:46.805+0000] {logging_mixin.py:188} INFO - [2026-05-28T08:24:46.804+0000] {dag.py:3036} INFO - Sync 1 DAGs
[2026-05-28T08:24:46.849+0000] {processor.py:183} INFO - Processing /opt/airflow/dags/dag_crime_pipeline.py took 0.146 seconds
[2026-05-28T08:25:16.982+0000] {processor.py:161} INFO - Started process (PID=2408) to work on /opt/airflow/dags/dag_crime_pipeline.py
[2026-05-28T08:25:16.984+0000] {processor.py:830} INFO - Processing file /opt/airflow/dags/dag_crime_pipeline.py for tasks to queue
[2026-05-28T08:25:16.986+0000] {logging_mixin.py:188} INFO - [2026-05-28T08:25:16.985+0000] {dagbag.py:538} INFO - Filling up the DagBag from /opt/airflow/dags/dag_crime_pipeline.py
[2026-05-28T08:25:17.022+0000] {processor.py:840} INFO - DAG(s) 'crime_analytics_pipeline' retrieved from /opt/airflow/dags/dag_crime_pipeline.py
[2026-05-28T08:25:17.058+0000] {logging_mixin.py:188} INFO - [2026-05-28T08:25:17.058+0000] {dag.py:3036} INFO - Sync 1 DAGs
[2026-05-28T08:25:17.121+0000] {processor.py:183} INFO - Processing /opt/airflow/dags/dag_crime_pipeline.py took 0.142 seconds
[2026-05-28T08:25:47.437+0000] {processor.py:161} INFO - Started process (PID=2413) to work on /opt/airflow/dags/dag_crime_pipeline.py
[2026-05-28T08:25:47.439+0000] {processor.py:830} INFO - Processing file /opt/airflow/dags/dag_crime_pipeline.py for tasks to queue
[2026-05-28T08:25:47.443+0000] {logging_mixin.py:188} INFO - [2026-05-28T08:25:47.442+0000] {dagbag.py:538} INFO - Filling up the DagBag from /opt/airflow/dags/dag_crime_pipeline.py
[2026-05-28T08:25:47.501+0000] {processor.py:840} INFO - DAG(s) 'crime_analytics_pipeline' retrieved from /opt/airflow/dags/dag_crime_pipeline.py
[2026-05-28T08:25:47.553+0000] {logging_mixin.py:188} INFO - [2026-05-28T08:25:47.553+0000] {dag.py:3036} INFO - Sync 1 DAGs
[2026-05-28T08:25:47.617+0000] {processor.py:183} INFO - Processing /opt/airflow/dags/dag_crime_pipeline.py took 0.185 seconds
[2026-05-28T08:26:17.743+0000] {processor.py:161} INFO - Started process (PID=2418) to work on /opt/airflow/dags/dag_crime_pipeline.py
[2026-05-28T08:26:17.744+0000] {processor.py:830} INFO - Processing file /opt/airflow/dags/dag_crime_pipeline.py for tasks to queue
[2026-05-28T08:26:17.747+0000] {logging_mixin.py:188} INFO - [2026-05-28T08:26:17.746+0000] {dagbag.py:538} INFO - Filling up the DagBag from /opt/airflow/dags/dag_crime_pipeline.py
[2026-05-28T08:26:17.789+0000] {processor.py:840} INFO - DAG(s) 'crime_analytics_pipeline' retrieved from /opt/airflow/dags/dag_crime_pipeline.py
[2026-05-28T08:26:17.826+0000] {logging_mixin.py:188} INFO - [2026-05-28T08:26:17.825+0000] {dag.py:3036} INFO - Sync 1 DAGs
[2026-05-28T08:26:17.868+0000] {processor.py:183} INFO - Processing /opt/airflow/dags/dag_crime_pipeline.py took 0.130 seconds
[2026-05-28T08:26:48.219+0000] {processor.py:161} INFO - Started process (PID=2423) to work on /opt/airflow/dags/dag_crime_pipeline.py
[2026-05-28T08:26:48.220+0000] {processor.py:830} INFO - Processing file /opt/airflow/dags/dag_crime_pipeline.py for tasks to queue
[2026-05-28T08:26:48.224+0000] {logging_mixin.py:188} INFO - [2026-05-28T08:26:48.223+0000] {dagbag.py:538} INFO - Filling up the DagBag from /opt/airflow/dags/dag_crime_pipeline.py
[2026-05-28T08:26:48.272+0000] {processor.py:840} INFO - DAG(s) 'crime_analytics_pipeline' retrieved from /opt/airflow/dags/dag_crime_pipeline.py
[2026-05-28T08:26:48.321+0000] {logging_mixin.py:188} INFO - [2026-05-28T08:26:48.320+0000] {dag.py:3036} INFO - Sync 1 DAGs
[2026-05-28T08:26:48.405+0000] {processor.py:183} INFO - Processing /opt/airflow/dags/dag_crime_pipeline.py took 0.190 seconds
[2026-05-28T08:27:18.655+0000] {processor.py:161} INFO - Started process (PID=2428) to work on /opt/airflow/dags/dag_crime_pipeline.py
[2026-05-28T08:27:18.657+0000] {processor.py:830} INFO - Processing file /opt/airflow/dags/dag_crime_pipeline.py for tasks to queue
[2026-05-28T08:27:18.659+0000] {logging_mixin.py:188} INFO - [2026-05-28T08:27:18.659+0000] {dagbag.py:538} INFO - Filling up the DagBag from /opt/airflow/dags/dag_crime_pipeline.py
[2026-05-28T08:27:18.701+0000] {processor.py:840} INFO - DAG(s) 'crime_analytics_pipeline' retrieved from /opt/airflow/dags/dag_crime_pipeline.py
[2026-05-28T08:27:18.737+0000] {logging_mixin.py:188} INFO - [2026-05-28T08:27:18.736+0000] {dag.py:3036} INFO - Sync 1 DAGs
[2026-05-28T08:27:18.781+0000] {processor.py:183} INFO - Processing /opt/airflow/dags/dag_crime_pipeline.py took 0.130 seconds
[2026-05-28T08:27:49.177+0000] {processor.py:161} INFO - Started process (PID=2433) to work on /opt/airflow/dags/dag_crime_pipeline.py
[2026-05-28T08:27:49.179+0000] {processor.py:830} INFO - Processing file /opt/airflow/dags/dag_crime_pipeline.py for tasks to queue
[2026-05-28T08:27:49.183+0000] {logging_mixin.py:188} INFO - [2026-05-28T08:27:49.182+0000] {dagbag.py:538} INFO - Filling up the DagBag from /opt/airflow/dags/dag_crime_pipeline.py
[2026-05-28T08:27:49.228+0000] {processor.py:840} INFO - DAG(s) 'crime_analytics_pipeline' retrieved from /opt/airflow/dags/dag_crime_pipeline.py
[2026-05-28T08:27:49.273+0000] {logging_mixin.py:188} INFO - [2026-05-28T08:27:49.272+0000] {dag.py:3036} INFO - Sync 1 DAGs
[2026-05-28T08:27:49.339+0000] {processor.py:183} INFO - Processing /opt/airflow/dags/dag_crime_pipeline.py took 0.167 seconds
[2026-05-28T08:28:19.589+0000] {processor.py:161} INFO - Started process (PID=2438) to work on /opt/airflow/dags/dag_crime_pipeline.py
[2026-05-28T08:28:19.590+0000] {processor.py:830} INFO - Processing file /opt/airflow/dags/dag_crime_pipeline.py for tasks to queue
[2026-05-28T08:28:19.594+0000] {logging_mixin.py:188} INFO - [2026-05-28T08:28:19.593+0000] {dagbag.py:538} INFO - Filling up the DagBag from /opt/airflow/dags/dag_crime_pipeline.py
[2026-05-28T08:28:19.641+0000] {processor.py:840} INFO - DAG(s) 'crime_analytics_pipeline' retrieved from /opt/airflow/dags/dag_crime_pipeline.py
[2026-05-28T08:28:19.681+0000] {logging_mixin.py:188} INFO - [2026-05-28T08:28:19.680+0000] {dag.py:3036} INFO - Sync 1 DAGs
[2026-05-28T08:28:19.726+0000] {processor.py:183} INFO - Processing /opt/airflow/dags/dag_crime_pipeline.py took 0.142 seconds
[2026-05-28T08:28:49.910+0000] {processor.py:161} INFO - Started process (PID=2443) to work on /opt/airflow/dags/dag_crime_pipeline.py
[2026-05-28T08:28:49.912+0000] {processor.py:830} INFO - Processing file /opt/airflow/dags/dag_crime_pipeline.py for tasks to queue
[2026-05-28T08:28:49.915+0000] {logging_mixin.py:188} INFO - [2026-05-28T08:28:49.915+0000] {dagbag.py:538} INFO - Filling up the DagBag from /opt/airflow/dags/dag_crime_pipeline.py
[2026-05-28T08:28:49.960+0000] {processor.py:840} INFO - DAG(s) 'crime_analytics_pipeline' retrieved from /opt/airflow/dags/dag_crime_pipeline.py
[2026-05-28T08:28:49.999+0000] {logging_mixin.py:188} INFO - [2026-05-28T08:28:49.998+0000] {dag.py:3036} INFO - Sync 1 DAGs
[2026-05-28T08:28:50.068+0000] {processor.py:183} INFO - Processing /opt/airflow/dags/dag_crime_pipeline.py took 0.162 seconds
[2026-05-28T08:29:20.222+0000] {processor.py:161} INFO - Started process (PID=2448) to work on /opt/airflow/dags/dag_crime_pipeline.py
[2026-05-28T08:29:20.224+0000] {processor.py:830} INFO - Processing file /opt/airflow/dags/dag_crime_pipeline.py for tasks to queue
[2026-05-28T08:29:20.227+0000] {logging_mixin.py:188} INFO - [2026-05-28T08:29:20.227+0000] {dagbag.py:538} INFO - Filling up the DagBag from /opt/airflow/dags/dag_crime_pipeline.py
[2026-05-28T08:29:20.272+0000] {processor.py:840} INFO - DAG(s) 'crime_analytics_pipeline' retrieved from /opt/airflow/dags/dag_crime_pipeline.py
[2026-05-28T08:29:20.311+0000] {logging_mixin.py:188} INFO - [2026-05-28T08:29:20.310+0000] {dag.py:3036} INFO - Sync 1 DAGs
[2026-05-28T08:29:20.375+0000] {processor.py:183} INFO - Processing /opt/airflow/dags/dag_crime_pipeline.py took 0.161 seconds
[2026-05-28T08:29:50.567+0000] {processor.py:161} INFO - Started process (PID=2453) to work on /opt/airflow/dags/dag_crime_pipeline.py
[2026-05-28T08:29:50.568+0000] {processor.py:830} INFO - Processing file /opt/airflow/dags/dag_crime_pipeline.py for tasks to queue
[2026-05-28T08:29:50.572+0000] {logging_mixin.py:188} INFO - [2026-05-28T08:29:50.571+0000] {dagbag.py:538} INFO - Filling up the DagBag from /opt/airflow/dags/dag_crime_pipeline.py
[2026-05-28T08:29:50.616+0000] {processor.py:840} INFO - DAG(s) 'crime_analytics_pipeline' retrieved from /opt/airflow/dags/dag_crime_pipeline.py
[2026-05-28T08:29:50.653+0000] {logging_mixin.py:188} INFO - [2026-05-28T08:29:50.652+0000] {dag.py:3036} INFO - Sync 1 DAGs
[2026-05-28T08:29:50.716+0000] {processor.py:183} INFO - Processing /opt/airflow/dags/dag_crime_pipeline.py took 0.154 seconds
[2026-05-28T08:30:20.878+0000] {processor.py:161} INFO - Started process (PID=2458) to work on /opt/airflow/dags/dag_crime_pipeline.py
[2026-05-28T08:30:20.880+0000] {processor.py:830} INFO - Processing file /opt/airflow/dags/dag_crime_pipeline.py for tasks to queue
[2026-05-28T08:30:20.883+0000] {logging_mixin.py:188} INFO - [2026-05-28T08:30:20.883+0000] {dagbag.py:538} INFO - Filling up the DagBag from /opt/airflow/dags/dag_crime_pipeline.py
[2026-05-28T08:30:20.928+0000] {processor.py:840} INFO - DAG(s) 'crime_analytics_pipeline' retrieved from /opt/airflow/dags/dag_crime_pipeline.py
[2026-05-28T08:30:20.965+0000] {logging_mixin.py:188} INFO - [2026-05-28T08:30:20.965+0000] {dag.py:3036} INFO - Sync 1 DAGs
[2026-05-28T08:30:21.032+0000] {processor.py:183} INFO - Processing /opt/airflow/dags/dag_crime_pipeline.py took 0.161 seconds
[2026-05-28T08:30:51.116+0000] {processor.py:161} INFO - Started process (PID=2463) to work on /opt/airflow/dags/dag_crime_pipeline.py
[2026-05-28T08:30:51.118+0000] {processor.py:830} INFO - Processing file /opt/airflow/dags/dag_crime_pipeline.py for tasks to queue
[2026-05-28T08:30:51.120+0000] {logging_mixin.py:188} INFO - [2026-05-28T08:30:51.120+0000] {dagbag.py:538} INFO - Filling up the DagBag from /opt/airflow/dags/dag_crime_pipeline.py
[2026-05-28T08:30:51.164+0000] {processor.py:840} INFO - DAG(s) 'crime_analytics_pipeline' retrieved from /opt/airflow/dags/dag_crime_pipeline.py
[2026-05-28T08:30:51.202+0000] {logging_mixin.py:188} INFO - [2026-05-28T08:30:51.201+0000] {dag.py:3036} INFO - Sync 1 DAGs
[2026-05-28T08:30:51.245+0000] {processor.py:183} INFO - Processing /opt/airflow/dags/dag_crime_pipeline.py took 0.133 seconds
[2026-05-28T08:31:21.467+0000] {processor.py:161} INFO - Started process (PID=2468) to work on /opt/airflow/dags/dag_crime_pipeline.py
[2026-05-28T08:31:21.469+0000] {processor.py:830} INFO - Processing file /opt/airflow/dags/dag_crime_pipeline.py for tasks to queue
[2026-05-28T08:31:21.472+0000] {logging_mixin.py:188} INFO - [2026-05-28T08:31:21.471+0000] {dagbag.py:538} INFO - Filling up the DagBag from /opt/airflow/dags/dag_crime_pipeline.py
[2026-05-28T08:31:21.517+0000] {processor.py:840} INFO - DAG(s) 'crime_analytics_pipeline' retrieved from /opt/airflow/dags/dag_crime_pipeline.py
[2026-05-28T08:31:21.563+0000] {logging_mixin.py:188} INFO - [2026-05-28T08:31:21.563+0000] {dag.py:3036} INFO - Sync 1 DAGs
[2026-05-28T08:31:21.608+0000] {processor.py:183} INFO - Processing /opt/airflow/dags/dag_crime_pipeline.py took 0.145 seconds
[2026-05-28T08:31:51.847+0000] {processor.py:161} INFO - Started process (PID=2473) to work on /opt/airflow/dags/dag_crime_pipeline.py
[2026-05-28T08:31:51.849+0000] {processor.py:830} INFO - Processing file /opt/airflow/dags/dag_crime_pipeline.py for tasks to queue
[2026-05-28T08:31:51.853+0000] {logging_mixin.py:188} INFO - [2026-05-28T08:31:51.852+0000] {dagbag.py:538} INFO - Filling up the DagBag from /opt/airflow/dags/dag_crime_pipeline.py
[2026-05-28T08:31:51.895+0000] {processor.py:840} INFO - DAG(s) 'crime_analytics_pipeline' retrieved from /opt/airflow/dags/dag_crime_pipeline.py
[2026-05-28T08:31:51.937+0000] {logging_mixin.py:188} INFO - [2026-05-28T08:31:51.936+0000] {dag.py:3036} INFO - Sync 1 DAGs
[2026-05-28T08:31:51.984+0000] {processor.py:183} INFO - Processing /opt/airflow/dags/dag_crime_pipeline.py took 0.142 seconds
[2026-05-28T08:32:22.303+0000] {processor.py:161} INFO - Started process (PID=2478) to work on /opt/airflow/dags/dag_crime_pipeline.py
[2026-05-28T08:32:22.305+0000] {processor.py:830} INFO - Processing file /opt/airflow/dags/dag_crime_pipeline.py for tasks to queue
[2026-05-28T08:32:22.308+0000] {logging_mixin.py:188} INFO - [2026-05-28T08:32:22.307+0000] {dagbag.py:538} INFO - Filling up the DagBag from /opt/airflow/dags/dag_crime_pipeline.py
[2026-05-28T08:32:22.352+0000] {processor.py:840} INFO - DAG(s) 'crime_analytics_pipeline' retrieved from /opt/airflow/dags/dag_crime_pipeline.py
[2026-05-28T08:32:22.390+0000] {logging_mixin.py:188} INFO - [2026-05-28T08:32:22.390+0000] {dag.py:3036} INFO - Sync 1 DAGs
[2026-05-28T08:32:22.456+0000] {processor.py:183} INFO - Processing /opt/airflow/dags/dag_crime_pipeline.py took 0.157 seconds
[2026-05-28T08:32:52.634+0000] {processor.py:161} INFO - Started process (PID=2483) to work on /opt/airflow/dags/dag_crime_pipeline.py
[2026-05-28T08:32:52.637+0000] {processor.py:830} INFO - Processing file /opt/airflow/dags/dag_crime_pipeline.py for tasks to queue
[2026-05-28T08:32:52.641+0000] {logging_mixin.py:188} INFO - [2026-05-28T08:32:52.640+0000] {dagbag.py:538} INFO - Filling up the DagBag from /opt/airflow/dags/dag_crime_pipeline.py
[2026-05-28T08:32:52.684+0000] {processor.py:840} INFO - DAG(s) 'crime_analytics_pipeline' retrieved from /opt/airflow/dags/dag_crime_pipeline.py
[2026-05-28T08:32:52.718+0000] {logging_mixin.py:188} INFO - [2026-05-28T08:32:52.718+0000] {dag.py:3036} INFO - Sync 1 DAGs
[2026-05-28T08:32:52.783+0000] {processor.py:183} INFO - Processing /opt/airflow/dags/dag_crime_pipeline.py took 0.154 seconds
[2026-05-28T08:33:23.024+0000] {processor.py:161} INFO - Started process (PID=2488) to work on /opt/airflow/dags/dag_crime_pipeline.py
[2026-05-28T08:33:23.026+0000] {processor.py:830} INFO - Processing file /opt/airflow/dags/dag_crime_pipeline.py for tasks to queue
[2026-05-28T08:33:23.029+0000] {logging_mixin.py:188} INFO - [2026-05-28T08:33:23.029+0000] {dagbag.py:538} INFO - Filling up the DagBag from /opt/airflow/dags/dag_crime_pipeline.py
[2026-05-28T08:33:23.073+0000] {processor.py:840} INFO - DAG(s) 'crime_analytics_pipeline' retrieved from /opt/airflow/dags/dag_crime_pipeline.py
[2026-05-28T08:33:23.108+0000] {logging_mixin.py:188} INFO - [2026-05-28T08:33:23.108+0000] {dag.py:3036} INFO - Sync 1 DAGs
[2026-05-28T08:33:23.152+0000] {processor.py:183} INFO - Processing /opt/airflow/dags/dag_crime_pipeline.py took 0.134 seconds
[2026-05-28T08:33:53.589+0000] {processor.py:161} INFO - Started process (PID=2493) to work on /opt/airflow/dags/dag_crime_pipeline.py
[2026-05-28T08:33:53.591+0000] {processor.py:830} INFO - Processing file /opt/airflow/dags/dag_crime_pipeline.py for tasks to queue
[2026-05-28T08:33:53.595+0000] {logging_mixin.py:188} INFO - [2026-05-28T08:33:53.594+0000] {dagbag.py:538} INFO - Filling up the DagBag from /opt/airflow/dags/dag_crime_pipeline.py
[2026-05-28T08:33:53.637+0000] {processor.py:840} INFO - DAG(s) 'crime_analytics_pipeline' retrieved from /opt/airflow/dags/dag_crime_pipeline.py
[2026-05-28T08:33:53.677+0000] {logging_mixin.py:188} INFO - [2026-05-28T08:33:53.677+0000] {dag.py:3036} INFO - Sync 1 DAGs
[2026-05-28T08:33:53.742+0000] {processor.py:183} INFO - Processing /opt/airflow/dags/dag_crime_pipeline.py took 0.158 seconds
[2026-05-28T08:34:24.154+0000] {processor.py:161} INFO - Started process (PID=2498) to work on /opt/airflow/dags/dag_crime_pipeline.py
[2026-05-28T08:34:24.156+0000] {processor.py:830} INFO - Processing file /opt/airflow/dags/dag_crime_pipeline.py for tasks to queue
[2026-05-28T08:34:24.160+0000] {logging_mixin.py:188} INFO - [2026-05-28T08:34:24.159+0000] {dagbag.py:538} INFO - Filling up the DagBag from /opt/airflow/dags/dag_crime_pipeline.py
[2026-05-28T08:34:24.203+0000] {processor.py:840} INFO - DAG(s) 'crime_analytics_pipeline' retrieved from /opt/airflow/dags/dag_crime_pipeline.py
[2026-05-28T08:34:24.239+0000] {logging_mixin.py:188} INFO - [2026-05-28T08:34:24.238+0000] {dag.py:3036} INFO - Sync 1 DAGs
[2026-05-28T08:34:24.306+0000] {processor.py:183} INFO - Processing /opt/airflow/dags/dag_crime_pipeline.py took 0.156 seconds
[2026-05-28T08:34:54.707+0000] {processor.py:161} INFO - Started process (PID=2503) to work on /opt/airflow/dags/dag_crime_pipeline.py
[2026-05-28T08:34:54.708+0000] {processor.py:830} INFO - Processing file /opt/airflow/dags/dag_crime_pipeline.py for tasks to queue
[2026-05-28T08:34:54.712+0000] {logging_mixin.py:188} INFO - [2026-05-28T08:34:54.711+0000] {dagbag.py:538} INFO - Filling up the DagBag from /opt/airflow/dags/dag_crime_pipeline.py
[2026-05-28T08:34:54.754+0000] {processor.py:840} INFO - DAG(s) 'crime_analytics_pipeline' retrieved from /opt/airflow/dags/dag_crime_pipeline.py
[2026-05-28T08:34:54.791+0000] {logging_mixin.py:188} INFO - [2026-05-28T08:34:54.790+0000] {dag.py:3036} INFO - Sync 1 DAGs
[2026-05-28T08:34:54.856+0000] {processor.py:183} INFO - Processing /opt/airflow/dags/dag_crime_pipeline.py took 0.154 seconds
[2026-05-28T08:35:25.220+0000] {processor.py:161} INFO - Started process (PID=2508) to work on /opt/airflow/dags/dag_crime_pipeline.py
[2026-05-28T08:35:25.222+0000] {processor.py:830} INFO - Processing file /opt/airflow/dags/dag_crime_pipeline.py for tasks to queue
[2026-05-28T08:35:25.231+0000] {logging_mixin.py:188} INFO - [2026-05-28T08:35:25.231+0000] {dagbag.py:538} INFO - Filling up the DagBag from /opt/airflow/dags/dag_crime_pipeline.py
[2026-05-28T08:35:25.316+0000] {processor.py:840} INFO - DAG(s) 'crime_analytics_pipeline' retrieved from /opt/airflow/dags/dag_crime_pipeline.py
[2026-05-28T08:35:25.365+0000] {logging_mixin.py:188} INFO - [2026-05-28T08:35:25.364+0000] {dag.py:3036} INFO - Sync 1 DAGs
[2026-05-28T08:35:25.434+0000] {processor.py:183} INFO - Processing /opt/airflow/dags/dag_crime_pipeline.py took 0.222 seconds
[2026-05-28T08:35:55.723+0000] {processor.py:161} INFO - Started process (PID=2513) to work on /opt/airflow/dags/dag_crime_pipeline.py
[2026-05-28T08:35:55.725+0000] {processor.py:830} INFO - Processing file /opt/airflow/dags/dag_crime_pipeline.py for tasks to queue
[2026-05-28T08:35:55.730+0000] {logging_mixin.py:188} INFO - [2026-05-28T08:35:55.729+0000] {dagbag.py:538} INFO - Filling up the DagBag from /opt/airflow/dags/dag_crime_pipeline.py
[2026-05-28T08:35:55.777+0000] {processor.py:840} INFO - DAG(s) 'crime_analytics_pipeline' retrieved from /opt/airflow/dags/dag_crime_pipeline.py
[2026-05-28T08:35:55.823+0000] {logging_mixin.py:188} INFO - [2026-05-28T08:35:55.822+0000] {dag.py:3036} INFO - Sync 1 DAGs
[2026-05-28T08:35:55.875+0000] {processor.py:183} INFO - Processing /opt/airflow/dags/dag_crime_pipeline.py took 0.157 seconds
[2026-05-28T08:36:26.303+0000] {processor.py:161} INFO - Started process (PID=2518) to work on /opt/airflow/dags/dag_crime_pipeline.py
[2026-05-28T08:36:26.305+0000] {processor.py:830} INFO - Processing file /opt/airflow/dags/dag_crime_pipeline.py for tasks to queue
[2026-05-28T08:36:26.309+0000] {logging_mixin.py:188} INFO - [2026-05-28T08:36:26.308+0000] {dagbag.py:538} INFO - Filling up the DagBag from /opt/airflow/dags/dag_crime_pipeline.py
[2026-05-28T08:36:26.355+0000] {processor.py:840} INFO - DAG(s) 'crime_analytics_pipeline' retrieved from /opt/airflow/dags/dag_crime_pipeline.py
[2026-05-28T08:36:26.392+0000] {logging_mixin.py:188} INFO - [2026-05-28T08:36:26.391+0000] {dag.py:3036} INFO - Sync 1 DAGs
[2026-05-28T08:36:26.457+0000] {processor.py:183} INFO - Processing /opt/airflow/dags/dag_crime_pipeline.py took 0.162 seconds
[2026-05-28T08:36:56.607+0000] {processor.py:161} INFO - Started process (PID=2523) to work on /opt/airflow/dags/dag_crime_pipeline.py
[2026-05-28T08:36:56.609+0000] {processor.py:830} INFO - Processing file /opt/airflow/dags/dag_crime_pipeline.py for tasks to queue
[2026-05-28T08:36:56.613+0000] {logging_mixin.py:188} INFO - [2026-05-28T08:36:56.612+0000] {dagbag.py:538} INFO - Filling up the DagBag from /opt/airflow/dags/dag_crime_pipeline.py
[2026-05-28T08:36:56.660+0000] {processor.py:840} INFO - DAG(s) 'crime_analytics_pipeline' retrieved from /opt/airflow/dags/dag_crime_pipeline.py
[2026-05-28T08:36:56.699+0000] {logging_mixin.py:188} INFO - [2026-05-28T08:36:56.699+0000] {dag.py:3036} INFO - Sync 1 DAGs
[2026-05-28T08:36:56.777+0000] {processor.py:183} INFO - Processing /opt/airflow/dags/dag_crime_pipeline.py took 0.175 seconds
[2026-05-28T08:37:27.113+0000] {processor.py:161} INFO - Started process (PID=2528) to work on /opt/airflow/dags/dag_crime_pipeline.py
[2026-05-28T08:37:27.115+0000] {processor.py:830} INFO - Processing file /opt/airflow/dags/dag_crime_pipeline.py for tasks to queue
[2026-05-28T08:37:27.121+0000] {logging_mixin.py:188} INFO - [2026-05-28T08:37:27.121+0000] {dagbag.py:538} INFO - Filling up the DagBag from /opt/airflow/dags/dag_crime_pipeline.py
[2026-05-28T08:37:27.175+0000] {processor.py:840} INFO - DAG(s) 'crime_analytics_pipeline' retrieved from /opt/airflow/dags/dag_crime_pipeline.py
[2026-05-28T08:37:27.218+0000] {logging_mixin.py:188} INFO - [2026-05-28T08:37:27.217+0000] {dag.py:3036} INFO - Sync 1 DAGs
[2026-05-28T08:37:27.269+0000] {processor.py:183} INFO - Processing /opt/airflow/dags/dag_crime_pipeline.py took 0.172 seconds
