[2026-05-27T01:51:32.343+0000] {processor.py:161} INFO - Started process (PID=3028) to work on /opt/airflow/dags/dag_crime_pipeline.py
[2026-05-27T01:51:32.347+0000] {processor.py:830} INFO - Processing file /opt/airflow/dags/dag_crime_pipeline.py for tasks to queue
[2026-05-27T01:51:32.362+0000] {logging_mixin.py:188} INFO - [2026-05-27T01:51:32.355+0000] {dagbag.py:538} INFO - Filling up the DagBag from /opt/airflow/dags/dag_crime_pipeline.py
[2026-05-27T01:51:32.498+0000] {processor.py:840} INFO - DAG(s) 'crime_analytics_pipeline' retrieved from /opt/airflow/dags/dag_crime_pipeline.py
[2026-05-27T01:51:32.617+0000] {logging_mixin.py:188} INFO - [2026-05-27T01:51:32.616+0000] {dag.py:3036} INFO - Sync 1 DAGs
[2026-05-27T01:51:32.771+0000] {processor.py:183} INFO - Processing /opt/airflow/dags/dag_crime_pipeline.py took 0.437 seconds
[2026-05-27T01:52:03.068+0000] {processor.py:161} INFO - Started process (PID=3033) to work on /opt/airflow/dags/dag_crime_pipeline.py
[2026-05-27T01:52:03.071+0000] {processor.py:830} INFO - Processing file /opt/airflow/dags/dag_crime_pipeline.py for tasks to queue
[2026-05-27T01:52:03.076+0000] {logging_mixin.py:188} INFO - [2026-05-27T01:52:03.075+0000] {dagbag.py:538} INFO - Filling up the DagBag from /opt/airflow/dags/dag_crime_pipeline.py
[2026-05-27T01:52:03.143+0000] {processor.py:840} INFO - DAG(s) 'crime_analytics_pipeline' retrieved from /opt/airflow/dags/dag_crime_pipeline.py
[2026-05-27T01:52:03.203+0000] {logging_mixin.py:188} INFO - [2026-05-27T01:52:03.202+0000] {taskinstance.py:2700} ERROR - {'DAG Id': 'crime_analytics_pipeline', 'Task Id': 'ingest_chicago_crime', 'Run Id': 'manual__2026-05-26T19:50:14.211656+00:00', 'Hostname': '93e8dbfc6168'}
[2026-05-27T01:52:03.228+0000] {logging_mixin.py:188} INFO - [2026-05-27T01:52:03.227+0000] {taskinstance.py:1138} INFO - Marking task as UP_FOR_RETRY. dag_id=crime_analytics_pipeline, task_id=ingest_chicago_crime, execution_date=20260526T195014, start_date=20260526T195016, end_date=20260527T015203
[2026-05-27T01:52:03.245+0000] {processor.py:791} INFO - Executed failure callback for <TaskInstance: crime_analytics_pipeline.ingest_chicago_crime manual__2026-05-26T19:50:14.211656+00:00 [up_for_retry]> in state up_for_retry
[2026-05-27T01:52:03.285+0000] {logging_mixin.py:188} INFO - [2026-05-27T01:52:03.284+0000] {dag.py:3036} INFO - Sync 1 DAGs
[2026-05-27T01:52:03.345+0000] {processor.py:183} INFO - Processing /opt/airflow/dags/dag_crime_pipeline.py took 0.285 seconds
[2026-05-27T01:52:33.631+0000] {processor.py:161} INFO - Started process (PID=3062) to work on /opt/airflow/dags/dag_crime_pipeline.py
[2026-05-27T01:52:33.633+0000] {processor.py:830} INFO - Processing file /opt/airflow/dags/dag_crime_pipeline.py for tasks to queue
[2026-05-27T01:52:33.636+0000] {logging_mixin.py:188} INFO - [2026-05-27T01:52:33.636+0000] {dagbag.py:538} INFO - Filling up the DagBag from /opt/airflow/dags/dag_crime_pipeline.py
[2026-05-27T01:52:33.679+0000] {processor.py:840} INFO - DAG(s) 'crime_analytics_pipeline' retrieved from /opt/airflow/dags/dag_crime_pipeline.py
[2026-05-27T01:52:33.715+0000] {logging_mixin.py:188} INFO - [2026-05-27T01:52:33.714+0000] {dag.py:3036} INFO - Sync 1 DAGs
[2026-05-27T01:52:33.797+0000] {processor.py:183} INFO - Processing /opt/airflow/dags/dag_crime_pipeline.py took 0.170 seconds
[2026-05-27T01:53:04.202+0000] {processor.py:161} INFO - Started process (PID=3067) to work on /opt/airflow/dags/dag_crime_pipeline.py
[2026-05-27T01:53:04.205+0000] {processor.py:830} INFO - Processing file /opt/airflow/dags/dag_crime_pipeline.py for tasks to queue
[2026-05-27T01:53:04.209+0000] {logging_mixin.py:188} INFO - [2026-05-27T01:53:04.208+0000] {dagbag.py:538} INFO - Filling up the DagBag from /opt/airflow/dags/dag_crime_pipeline.py
[2026-05-27T01:53:04.247+0000] {processor.py:840} INFO - DAG(s) 'crime_analytics_pipeline' retrieved from /opt/airflow/dags/dag_crime_pipeline.py
[2026-05-27T01:53:04.285+0000] {logging_mixin.py:188} INFO - [2026-05-27T01:53:04.285+0000] {dag.py:3036} INFO - Sync 1 DAGs
[2026-05-27T01:53:04.346+0000] {processor.py:183} INFO - Processing /opt/airflow/dags/dag_crime_pipeline.py took 0.150 seconds
[2026-05-27T01:53:34.965+0000] {processor.py:161} INFO - Started process (PID=3072) to work on /opt/airflow/dags/dag_crime_pipeline.py
[2026-05-27T01:53:34.966+0000] {processor.py:830} INFO - Processing file /opt/airflow/dags/dag_crime_pipeline.py for tasks to queue
[2026-05-27T01:53:34.969+0000] {logging_mixin.py:188} INFO - [2026-05-27T01:53:34.969+0000] {dagbag.py:538} INFO - Filling up the DagBag from /opt/airflow/dags/dag_crime_pipeline.py
[2026-05-27T01:53:35.003+0000] {processor.py:840} INFO - DAG(s) 'crime_analytics_pipeline' retrieved from /opt/airflow/dags/dag_crime_pipeline.py
[2026-05-27T01:53:35.036+0000] {logging_mixin.py:188} INFO - [2026-05-27T01:53:35.035+0000] {dag.py:3036} INFO - Sync 1 DAGs
[2026-05-27T01:53:35.078+0000] {processor.py:183} INFO - Processing /opt/airflow/dags/dag_crime_pipeline.py took 0.115 seconds
[2026-05-27T01:54:05.523+0000] {processor.py:161} INFO - Started process (PID=3077) to work on /opt/airflow/dags/dag_crime_pipeline.py
[2026-05-27T01:54:05.525+0000] {processor.py:830} INFO - Processing file /opt/airflow/dags/dag_crime_pipeline.py for tasks to queue
[2026-05-27T01:54:05.528+0000] {logging_mixin.py:188} INFO - [2026-05-27T01:54:05.528+0000] {dagbag.py:538} INFO - Filling up the DagBag from /opt/airflow/dags/dag_crime_pipeline.py
[2026-05-27T01:54:05.567+0000] {processor.py:840} INFO - DAG(s) 'crime_analytics_pipeline' retrieved from /opt/airflow/dags/dag_crime_pipeline.py
[2026-05-27T01:54:05.603+0000] {logging_mixin.py:188} INFO - [2026-05-27T01:54:05.602+0000] {dag.py:3036} INFO - Sync 1 DAGs
[2026-05-27T01:54:05.644+0000] {processor.py:183} INFO - Processing /opt/airflow/dags/dag_crime_pipeline.py took 0.125 seconds
[2026-05-27T01:54:36.217+0000] {processor.py:161} INFO - Started process (PID=3082) to work on /opt/airflow/dags/dag_crime_pipeline.py
[2026-05-27T01:54:36.218+0000] {processor.py:830} INFO - Processing file /opt/airflow/dags/dag_crime_pipeline.py for tasks to queue
[2026-05-27T01:54:36.221+0000] {logging_mixin.py:188} INFO - [2026-05-27T01:54:36.220+0000] {dagbag.py:538} INFO - Filling up the DagBag from /opt/airflow/dags/dag_crime_pipeline.py
[2026-05-27T01:54:36.257+0000] {processor.py:840} INFO - DAG(s) 'crime_analytics_pipeline' retrieved from /opt/airflow/dags/dag_crime_pipeline.py
[2026-05-27T01:54:36.293+0000] {logging_mixin.py:188} INFO - [2026-05-27T01:54:36.292+0000] {dag.py:3036} INFO - Sync 1 DAGs
[2026-05-27T01:54:36.354+0000] {processor.py:183} INFO - Processing /opt/airflow/dags/dag_crime_pipeline.py took 0.141 seconds
[2026-05-27T01:55:06.815+0000] {processor.py:161} INFO - Started process (PID=3090) to work on /opt/airflow/dags/dag_crime_pipeline.py
[2026-05-27T01:55:06.816+0000] {processor.py:830} INFO - Processing file /opt/airflow/dags/dag_crime_pipeline.py for tasks to queue
[2026-05-27T01:55:06.820+0000] {logging_mixin.py:188} INFO - [2026-05-27T01:55:06.820+0000] {dagbag.py:538} INFO - Filling up the DagBag from /opt/airflow/dags/dag_crime_pipeline.py
[2026-05-27T01:55:06.861+0000] {processor.py:840} INFO - DAG(s) 'crime_analytics_pipeline' retrieved from /opt/airflow/dags/dag_crime_pipeline.py
[2026-05-27T01:55:06.896+0000] {logging_mixin.py:188} INFO - [2026-05-27T01:55:06.896+0000] {dag.py:3036} INFO - Sync 1 DAGs
[2026-05-27T01:55:06.946+0000] {processor.py:183} INFO - Processing /opt/airflow/dags/dag_crime_pipeline.py took 0.137 seconds
[2026-05-27T01:55:37.552+0000] {processor.py:161} INFO - Started process (PID=3095) to work on /opt/airflow/dags/dag_crime_pipeline.py
[2026-05-27T01:55:37.554+0000] {processor.py:830} INFO - Processing file /opt/airflow/dags/dag_crime_pipeline.py for tasks to queue
[2026-05-27T01:55:37.557+0000] {logging_mixin.py:188} INFO - [2026-05-27T01:55:37.557+0000] {dagbag.py:538} INFO - Filling up the DagBag from /opt/airflow/dags/dag_crime_pipeline.py
[2026-05-27T01:55:37.597+0000] {processor.py:840} INFO - DAG(s) 'crime_analytics_pipeline' retrieved from /opt/airflow/dags/dag_crime_pipeline.py
[2026-05-27T01:55:37.633+0000] {logging_mixin.py:188} INFO - [2026-05-27T01:55:37.633+0000] {dag.py:3036} INFO - Sync 1 DAGs
[2026-05-27T01:55:37.681+0000] {processor.py:183} INFO - Processing /opt/airflow/dags/dag_crime_pipeline.py took 0.133 seconds
[2026-05-27T01:56:08.345+0000] {processor.py:161} INFO - Started process (PID=3100) to work on /opt/airflow/dags/dag_crime_pipeline.py
[2026-05-27T01:56:08.347+0000] {processor.py:830} INFO - Processing file /opt/airflow/dags/dag_crime_pipeline.py for tasks to queue
[2026-05-27T01:56:08.350+0000] {logging_mixin.py:188} INFO - [2026-05-27T01:56:08.349+0000] {dagbag.py:538} INFO - Filling up the DagBag from /opt/airflow/dags/dag_crime_pipeline.py
[2026-05-27T01:56:08.392+0000] {processor.py:840} INFO - DAG(s) 'crime_analytics_pipeline' retrieved from /opt/airflow/dags/dag_crime_pipeline.py
[2026-05-27T01:56:08.427+0000] {logging_mixin.py:188} INFO - [2026-05-27T01:56:08.427+0000] {dag.py:3036} INFO - Sync 1 DAGs
[2026-05-27T01:56:08.470+0000] {processor.py:183} INFO - Processing /opt/airflow/dags/dag_crime_pipeline.py took 0.129 seconds
[2026-05-27T01:56:39.414+0000] {processor.py:161} INFO - Started process (PID=3105) to work on /opt/airflow/dags/dag_crime_pipeline.py
[2026-05-27T01:56:39.416+0000] {processor.py:830} INFO - Processing file /opt/airflow/dags/dag_crime_pipeline.py for tasks to queue
[2026-05-27T01:56:39.420+0000] {logging_mixin.py:188} INFO - [2026-05-27T01:56:39.419+0000] {dagbag.py:538} INFO - Filling up the DagBag from /opt/airflow/dags/dag_crime_pipeline.py
[2026-05-27T01:56:39.460+0000] {processor.py:840} INFO - DAG(s) 'crime_analytics_pipeline' retrieved from /opt/airflow/dags/dag_crime_pipeline.py
[2026-05-27T01:56:39.495+0000] {logging_mixin.py:188} INFO - [2026-05-27T01:56:39.495+0000] {dag.py:3036} INFO - Sync 1 DAGs
[2026-05-27T01:56:39.568+0000] {processor.py:183} INFO - Processing /opt/airflow/dags/dag_crime_pipeline.py took 0.158 seconds
[2026-05-27T01:57:10.345+0000] {processor.py:161} INFO - Started process (PID=3110) to work on /opt/airflow/dags/dag_crime_pipeline.py
[2026-05-27T01:57:10.346+0000] {processor.py:830} INFO - Processing file /opt/airflow/dags/dag_crime_pipeline.py for tasks to queue
[2026-05-27T01:57:10.348+0000] {logging_mixin.py:188} INFO - [2026-05-27T01:57:10.348+0000] {dagbag.py:538} INFO - Filling up the DagBag from /opt/airflow/dags/dag_crime_pipeline.py
[2026-05-27T01:57:10.386+0000] {processor.py:840} INFO - DAG(s) 'crime_analytics_pipeline' retrieved from /opt/airflow/dags/dag_crime_pipeline.py
[2026-05-27T01:57:10.422+0000] {logging_mixin.py:188} INFO - [2026-05-27T01:57:10.422+0000] {dag.py:3036} INFO - Sync 1 DAGs
[2026-05-27T01:57:10.469+0000] {processor.py:183} INFO - Processing /opt/airflow/dags/dag_crime_pipeline.py took 0.128 seconds
[2026-05-27T01:57:41.346+0000] {processor.py:161} INFO - Started process (PID=3115) to work on /opt/airflow/dags/dag_crime_pipeline.py
[2026-05-27T01:57:41.350+0000] {processor.py:830} INFO - Processing file /opt/airflow/dags/dag_crime_pipeline.py for tasks to queue
[2026-05-27T01:57:41.358+0000] {logging_mixin.py:188} INFO - [2026-05-27T01:57:41.358+0000] {dagbag.py:538} INFO - Filling up the DagBag from /opt/airflow/dags/dag_crime_pipeline.py
[2026-05-27T01:57:41.419+0000] {processor.py:840} INFO - DAG(s) 'crime_analytics_pipeline' retrieved from /opt/airflow/dags/dag_crime_pipeline.py
[2026-05-27T01:57:41.461+0000] {logging_mixin.py:188} INFO - [2026-05-27T01:57:41.460+0000] {dag.py:3036} INFO - Sync 1 DAGs
[2026-05-27T01:57:41.508+0000] {processor.py:183} INFO - Processing /opt/airflow/dags/dag_crime_pipeline.py took 0.168 seconds
[2026-05-27T01:58:12.216+0000] {processor.py:161} INFO - Started process (PID=3120) to work on /opt/airflow/dags/dag_crime_pipeline.py
[2026-05-27T01:58:12.218+0000] {processor.py:830} INFO - Processing file /opt/airflow/dags/dag_crime_pipeline.py for tasks to queue
[2026-05-27T01:58:12.220+0000] {logging_mixin.py:188} INFO - [2026-05-27T01:58:12.220+0000] {dagbag.py:538} INFO - Filling up the DagBag from /opt/airflow/dags/dag_crime_pipeline.py
[2026-05-27T01:58:12.293+0000] {processor.py:840} INFO - DAG(s) 'crime_analytics_pipeline' retrieved from /opt/airflow/dags/dag_crime_pipeline.py
[2026-05-27T01:58:12.330+0000] {logging_mixin.py:188} INFO - [2026-05-27T01:58:12.329+0000] {dag.py:3036} INFO - Sync 1 DAGs
[2026-05-27T01:58:12.381+0000] {processor.py:183} INFO - Processing /opt/airflow/dags/dag_crime_pipeline.py took 0.169 seconds
[2026-05-27T01:58:43.187+0000] {processor.py:161} INFO - Started process (PID=3125) to work on /opt/airflow/dags/dag_crime_pipeline.py
[2026-05-27T01:58:43.189+0000] {processor.py:830} INFO - Processing file /opt/airflow/dags/dag_crime_pipeline.py for tasks to queue
[2026-05-27T01:58:43.192+0000] {logging_mixin.py:188} INFO - [2026-05-27T01:58:43.192+0000] {dagbag.py:538} INFO - Filling up the DagBag from /opt/airflow/dags/dag_crime_pipeline.py
[2026-05-27T01:58:43.237+0000] {processor.py:840} INFO - DAG(s) 'crime_analytics_pipeline' retrieved from /opt/airflow/dags/dag_crime_pipeline.py
[2026-05-27T01:58:43.273+0000] {logging_mixin.py:188} INFO - [2026-05-27T01:58:43.272+0000] {dag.py:3036} INFO - Sync 1 DAGs
[2026-05-27T01:58:43.315+0000] {processor.py:183} INFO - Processing /opt/airflow/dags/dag_crime_pipeline.py took 0.134 seconds
[2026-05-27T01:59:13.560+0000] {processor.py:161} INFO - Started process (PID=3130) to work on /opt/airflow/dags/dag_crime_pipeline.py
[2026-05-27T01:59:13.561+0000] {processor.py:830} INFO - Processing file /opt/airflow/dags/dag_crime_pipeline.py for tasks to queue
[2026-05-27T01:59:13.564+0000] {logging_mixin.py:188} INFO - [2026-05-27T01:59:13.564+0000] {dagbag.py:538} INFO - Filling up the DagBag from /opt/airflow/dags/dag_crime_pipeline.py
[2026-05-27T01:59:15.304+0000] {processor.py:840} INFO - DAG(s) 'crime_analytics_pipeline' retrieved from /opt/airflow/dags/dag_crime_pipeline.py
[2026-05-27T01:59:15.342+0000] {logging_mixin.py:188} INFO - [2026-05-27T01:59:15.341+0000] {dag.py:3036} INFO - Sync 1 DAGs
[2026-05-27T01:59:15.404+0000] {processor.py:183} INFO - Processing /opt/airflow/dags/dag_crime_pipeline.py took 0.156 seconds
[2026-05-27T01:59:48.367+0000] {processor.py:161} INFO - Started process (PID=3135) to work on /opt/airflow/dags/dag_crime_pipeline.py
[2026-05-27T01:59:48.369+0000] {processor.py:830} INFO - Processing file /opt/airflow/dags/dag_crime_pipeline.py for tasks to queue
[2026-05-27T01:59:48.372+0000] {logging_mixin.py:188} INFO - [2026-05-27T01:59:48.372+0000] {dagbag.py:538} INFO - Filling up the DagBag from /opt/airflow/dags/dag_crime_pipeline.py
[2026-05-27T01:59:48.418+0000] {processor.py:840} INFO - DAG(s) 'crime_analytics_pipeline' retrieved from /opt/airflow/dags/dag_crime_pipeline.py
[2026-05-27T01:59:48.452+0000] {logging_mixin.py:188} INFO - [2026-05-27T01:59:48.452+0000] {dag.py:3036} INFO - Sync 1 DAGs
[2026-05-27T01:59:48.511+0000] {processor.py:183} INFO - Processing /opt/airflow/dags/dag_crime_pipeline.py took 0.149 seconds
[2026-05-27T02:00:21.249+0000] {processor.py:161} INFO - Started process (PID=3140) to work on /opt/airflow/dags/dag_crime_pipeline.py
[2026-05-27T02:00:21.250+0000] {processor.py:830} INFO - Processing file /opt/airflow/dags/dag_crime_pipeline.py for tasks to queue
[2026-05-27T02:00:21.253+0000] {logging_mixin.py:188} INFO - [2026-05-27T02:00:21.253+0000] {dagbag.py:538} INFO - Filling up the DagBag from /opt/airflow/dags/dag_crime_pipeline.py
[2026-05-27T02:00:21.291+0000] {processor.py:840} INFO - DAG(s) 'crime_analytics_pipeline' retrieved from /opt/airflow/dags/dag_crime_pipeline.py
[2026-05-27T02:00:21.326+0000] {logging_mixin.py:188} INFO - [2026-05-27T02:00:21.326+0000] {dag.py:3036} INFO - Sync 1 DAGs
[2026-05-27T02:00:21.369+0000] {processor.py:183} INFO - Processing /opt/airflow/dags/dag_crime_pipeline.py took 0.125 seconds
[2026-05-27T02:00:51.521+0000] {processor.py:161} INFO - Started process (PID=3145) to work on /opt/airflow/dags/dag_crime_pipeline.py
[2026-05-27T02:00:51.523+0000] {processor.py:830} INFO - Processing file /opt/airflow/dags/dag_crime_pipeline.py for tasks to queue
[2026-05-27T02:00:51.526+0000] {logging_mixin.py:188} INFO - [2026-05-27T02:00:51.526+0000] {dagbag.py:538} INFO - Filling up the DagBag from /opt/airflow/dags/dag_crime_pipeline.py
[2026-05-27T02:00:51.567+0000] {processor.py:840} INFO - DAG(s) 'crime_analytics_pipeline' retrieved from /opt/airflow/dags/dag_crime_pipeline.py
[2026-05-27T02:00:51.602+0000] {logging_mixin.py:188} INFO - [2026-05-27T02:00:51.602+0000] {dag.py:3036} INFO - Sync 1 DAGs
[2026-05-27T02:00:51.671+0000] {processor.py:183} INFO - Processing /opt/airflow/dags/dag_crime_pipeline.py took 0.154 seconds
[2026-05-27T02:01:22.449+0000] {processor.py:161} INFO - Started process (PID=3150) to work on /opt/airflow/dags/dag_crime_pipeline.py
[2026-05-27T02:01:22.451+0000] {processor.py:830} INFO - Processing file /opt/airflow/dags/dag_crime_pipeline.py for tasks to queue
[2026-05-27T02:01:22.454+0000] {logging_mixin.py:188} INFO - [2026-05-27T02:01:22.454+0000] {dagbag.py:538} INFO - Filling up the DagBag from /opt/airflow/dags/dag_crime_pipeline.py
[2026-05-27T02:01:22.496+0000] {processor.py:840} INFO - DAG(s) 'crime_analytics_pipeline' retrieved from /opt/airflow/dags/dag_crime_pipeline.py
[2026-05-27T02:01:22.533+0000] {logging_mixin.py:188} INFO - [2026-05-27T02:01:22.532+0000] {dag.py:3036} INFO - Sync 1 DAGs
[2026-05-27T02:01:22.595+0000] {processor.py:183} INFO - Processing /opt/airflow/dags/dag_crime_pipeline.py took 0.152 seconds
[2026-05-27T02:01:53.530+0000] {processor.py:161} INFO - Started process (PID=3155) to work on /opt/airflow/dags/dag_crime_pipeline.py
[2026-05-27T02:01:53.531+0000] {processor.py:830} INFO - Processing file /opt/airflow/dags/dag_crime_pipeline.py for tasks to queue
[2026-05-27T02:01:53.535+0000] {logging_mixin.py:188} INFO - [2026-05-27T02:01:53.535+0000] {dagbag.py:538} INFO - Filling up the DagBag from /opt/airflow/dags/dag_crime_pipeline.py
[2026-05-27T02:01:53.579+0000] {processor.py:840} INFO - DAG(s) 'crime_analytics_pipeline' retrieved from /opt/airflow/dags/dag_crime_pipeline.py
[2026-05-27T02:01:53.612+0000] {logging_mixin.py:188} INFO - [2026-05-27T02:01:53.611+0000] {dag.py:3036} INFO - Sync 1 DAGs
[2026-05-27T02:01:53.651+0000] {processor.py:183} INFO - Processing /opt/airflow/dags/dag_crime_pipeline.py took 0.127 seconds
[2026-05-27T02:02:24.407+0000] {processor.py:161} INFO - Started process (PID=3160) to work on /opt/airflow/dags/dag_crime_pipeline.py
[2026-05-27T02:02:24.409+0000] {processor.py:830} INFO - Processing file /opt/airflow/dags/dag_crime_pipeline.py for tasks to queue
[2026-05-27T02:02:24.413+0000] {logging_mixin.py:188} INFO - [2026-05-27T02:02:24.412+0000] {dagbag.py:538} INFO - Filling up the DagBag from /opt/airflow/dags/dag_crime_pipeline.py
[2026-05-27T02:02:24.455+0000] {processor.py:840} INFO - DAG(s) 'crime_analytics_pipeline' retrieved from /opt/airflow/dags/dag_crime_pipeline.py
[2026-05-27T02:02:24.498+0000] {logging_mixin.py:188} INFO - [2026-05-27T02:02:24.497+0000] {dag.py:3036} INFO - Sync 1 DAGs
[2026-05-27T02:02:24.559+0000] {processor.py:183} INFO - Processing /opt/airflow/dags/dag_crime_pipeline.py took 0.158 seconds
[2026-05-27T02:02:55.551+0000] {processor.py:161} INFO - Started process (PID=3165) to work on /opt/airflow/dags/dag_crime_pipeline.py
[2026-05-27T02:02:55.553+0000] {processor.py:830} INFO - Processing file /opt/airflow/dags/dag_crime_pipeline.py for tasks to queue
[2026-05-27T02:02:55.557+0000] {logging_mixin.py:188} INFO - [2026-05-27T02:02:55.556+0000] {dagbag.py:538} INFO - Filling up the DagBag from /opt/airflow/dags/dag_crime_pipeline.py
[2026-05-27T02:02:55.600+0000] {processor.py:840} INFO - DAG(s) 'crime_analytics_pipeline' retrieved from /opt/airflow/dags/dag_crime_pipeline.py
[2026-05-27T02:02:55.639+0000] {logging_mixin.py:188} INFO - [2026-05-27T02:02:55.639+0000] {dag.py:3036} INFO - Sync 1 DAGs
[2026-05-27T02:02:55.695+0000] {processor.py:183} INFO - Processing /opt/airflow/dags/dag_crime_pipeline.py took 0.148 seconds
[2026-05-27T02:03:26.402+0000] {processor.py:161} INFO - Started process (PID=3170) to work on /opt/airflow/dags/dag_crime_pipeline.py
[2026-05-27T02:03:26.404+0000] {processor.py:830} INFO - Processing file /opt/airflow/dags/dag_crime_pipeline.py for tasks to queue
[2026-05-27T02:03:26.407+0000] {logging_mixin.py:188} INFO - [2026-05-27T02:03:26.406+0000] {dagbag.py:538} INFO - Filling up the DagBag from /opt/airflow/dags/dag_crime_pipeline.py
[2026-05-27T02:03:26.449+0000] {processor.py:840} INFO - DAG(s) 'crime_analytics_pipeline' retrieved from /opt/airflow/dags/dag_crime_pipeline.py
[2026-05-27T02:03:26.485+0000] {logging_mixin.py:188} INFO - [2026-05-27T02:03:26.485+0000] {dag.py:3036} INFO - Sync 1 DAGs
[2026-05-27T02:03:26.545+0000] {processor.py:183} INFO - Processing /opt/airflow/dags/dag_crime_pipeline.py took 0.148 seconds
[2026-05-27T02:03:57.297+0000] {processor.py:161} INFO - Started process (PID=3175) to work on /opt/airflow/dags/dag_crime_pipeline.py
[2026-05-27T02:03:57.299+0000] {processor.py:830} INFO - Processing file /opt/airflow/dags/dag_crime_pipeline.py for tasks to queue
[2026-05-27T02:03:57.302+0000] {logging_mixin.py:188} INFO - [2026-05-27T02:03:57.302+0000] {dagbag.py:538} INFO - Filling up the DagBag from /opt/airflow/dags/dag_crime_pipeline.py
[2026-05-27T02:03:57.348+0000] {processor.py:840} INFO - DAG(s) 'crime_analytics_pipeline' retrieved from /opt/airflow/dags/dag_crime_pipeline.py
[2026-05-27T02:03:57.391+0000] {logging_mixin.py:188} INFO - [2026-05-27T02:03:57.390+0000] {dag.py:3036} INFO - Sync 1 DAGs
[2026-05-27T02:03:57.459+0000] {processor.py:183} INFO - Processing /opt/airflow/dags/dag_crime_pipeline.py took 0.167 seconds
[2026-05-27T02:04:28.308+0000] {processor.py:161} INFO - Started process (PID=3180) to work on /opt/airflow/dags/dag_crime_pipeline.py
[2026-05-27T02:04:28.310+0000] {processor.py:830} INFO - Processing file /opt/airflow/dags/dag_crime_pipeline.py for tasks to queue
[2026-05-27T02:04:28.314+0000] {logging_mixin.py:188} INFO - [2026-05-27T02:04:28.313+0000] {dagbag.py:538} INFO - Filling up the DagBag from /opt/airflow/dags/dag_crime_pipeline.py
[2026-05-27T02:04:28.359+0000] {processor.py:840} INFO - DAG(s) 'crime_analytics_pipeline' retrieved from /opt/airflow/dags/dag_crime_pipeline.py
[2026-05-27T02:04:28.400+0000] {logging_mixin.py:188} INFO - [2026-05-27T02:04:28.399+0000] {dag.py:3036} INFO - Sync 1 DAGs
[2026-05-27T02:04:28.444+0000] {processor.py:183} INFO - Processing /opt/airflow/dags/dag_crime_pipeline.py took 0.141 seconds
[2026-05-27T02:04:59.471+0000] {processor.py:161} INFO - Started process (PID=3185) to work on /opt/airflow/dags/dag_crime_pipeline.py
[2026-05-27T02:04:59.472+0000] {processor.py:830} INFO - Processing file /opt/airflow/dags/dag_crime_pipeline.py for tasks to queue
[2026-05-27T02:04:59.476+0000] {logging_mixin.py:188} INFO - [2026-05-27T02:04:59.475+0000] {dagbag.py:538} INFO - Filling up the DagBag from /opt/airflow/dags/dag_crime_pipeline.py
[2026-05-27T02:04:59.520+0000] {processor.py:840} INFO - DAG(s) 'crime_analytics_pipeline' retrieved from /opt/airflow/dags/dag_crime_pipeline.py
[2026-05-27T02:04:59.559+0000] {logging_mixin.py:188} INFO - [2026-05-27T02:04:59.558+0000] {dag.py:3036} INFO - Sync 1 DAGs
[2026-05-27T02:04:59.628+0000] {processor.py:183} INFO - Processing /opt/airflow/dags/dag_crime_pipeline.py took 0.163 seconds
[2026-05-27T02:05:30.402+0000] {processor.py:161} INFO - Started process (PID=3190) to work on /opt/airflow/dags/dag_crime_pipeline.py
[2026-05-27T02:05:30.405+0000] {processor.py:830} INFO - Processing file /opt/airflow/dags/dag_crime_pipeline.py for tasks to queue
[2026-05-27T02:05:30.408+0000] {logging_mixin.py:188} INFO - [2026-05-27T02:05:30.407+0000] {dagbag.py:538} INFO - Filling up the DagBag from /opt/airflow/dags/dag_crime_pipeline.py
[2026-05-27T02:05:30.456+0000] {processor.py:840} INFO - DAG(s) 'crime_analytics_pipeline' retrieved from /opt/airflow/dags/dag_crime_pipeline.py
[2026-05-27T02:05:30.506+0000] {logging_mixin.py:188} INFO - [2026-05-27T02:05:30.506+0000] {dag.py:3036} INFO - Sync 1 DAGs
[2026-05-27T02:05:30.584+0000] {processor.py:183} INFO - Processing /opt/airflow/dags/dag_crime_pipeline.py took 0.186 seconds
[2026-05-27T02:06:00.659+0000] {processor.py:161} INFO - Started process (PID=3195) to work on /opt/airflow/dags/dag_crime_pipeline.py
[2026-05-27T02:06:00.661+0000] {processor.py:830} INFO - Processing file /opt/airflow/dags/dag_crime_pipeline.py for tasks to queue
[2026-05-27T02:06:00.664+0000] {logging_mixin.py:188} INFO - [2026-05-27T02:06:00.663+0000] {dagbag.py:538} INFO - Filling up the DagBag from /opt/airflow/dags/dag_crime_pipeline.py
[2026-05-27T02:06:00.717+0000] {processor.py:840} INFO - DAG(s) 'crime_analytics_pipeline' retrieved from /opt/airflow/dags/dag_crime_pipeline.py
[2026-05-27T02:06:00.751+0000] {logging_mixin.py:188} INFO - [2026-05-27T02:06:00.750+0000] {dag.py:3036} INFO - Sync 1 DAGs
[2026-05-27T02:06:00.811+0000] {processor.py:183} INFO - Processing /opt/airflow/dags/dag_crime_pipeline.py took 0.157 seconds
[2026-05-27T02:06:30.969+0000] {processor.py:161} INFO - Started process (PID=3200) to work on /opt/airflow/dags/dag_crime_pipeline.py
[2026-05-27T02:06:30.971+0000] {processor.py:830} INFO - Processing file /opt/airflow/dags/dag_crime_pipeline.py for tasks to queue
[2026-05-27T02:06:30.975+0000] {logging_mixin.py:188} INFO - [2026-05-27T02:06:30.974+0000] {dagbag.py:538} INFO - Filling up the DagBag from /opt/airflow/dags/dag_crime_pipeline.py
[2026-05-27T02:06:31.025+0000] {processor.py:840} INFO - DAG(s) 'crime_analytics_pipeline' retrieved from /opt/airflow/dags/dag_crime_pipeline.py
[2026-05-27T02:06:31.079+0000] {logging_mixin.py:188} INFO - [2026-05-27T02:06:31.078+0000] {dag.py:3036} INFO - Sync 1 DAGs
[2026-05-27T02:06:31.171+0000] {processor.py:183} INFO - Processing /opt/airflow/dags/dag_crime_pipeline.py took 0.208 seconds
[2026-05-27T02:07:01.261+0000] {processor.py:161} INFO - Started process (PID=3205) to work on /opt/airflow/dags/dag_crime_pipeline.py
[2026-05-27T02:07:01.270+0000] {processor.py:830} INFO - Processing file /opt/airflow/dags/dag_crime_pipeline.py for tasks to queue
[2026-05-27T02:07:01.280+0000] {logging_mixin.py:188} INFO - [2026-05-27T02:07:01.278+0000] {dagbag.py:538} INFO - Filling up the DagBag from /opt/airflow/dags/dag_crime_pipeline.py
[2026-05-27T02:07:01.326+0000] {processor.py:840} INFO - DAG(s) 'crime_analytics_pipeline' retrieved from /opt/airflow/dags/dag_crime_pipeline.py
[2026-05-27T02:07:01.366+0000] {logging_mixin.py:188} INFO - [2026-05-27T02:07:01.365+0000] {dag.py:3036} INFO - Sync 1 DAGs
[2026-05-27T02:07:01.437+0000] {processor.py:183} INFO - Processing /opt/airflow/dags/dag_crime_pipeline.py took 0.182 seconds
[2026-05-27T02:07:32.259+0000] {processor.py:161} INFO - Started process (PID=3210) to work on /opt/airflow/dags/dag_crime_pipeline.py
[2026-05-27T02:07:32.260+0000] {processor.py:830} INFO - Processing file /opt/airflow/dags/dag_crime_pipeline.py for tasks to queue
[2026-05-27T02:07:32.263+0000] {logging_mixin.py:188} INFO - [2026-05-27T02:07:32.263+0000] {dagbag.py:538} INFO - Filling up the DagBag from /opt/airflow/dags/dag_crime_pipeline.py
[2026-05-27T02:07:32.304+0000] {processor.py:840} INFO - DAG(s) 'crime_analytics_pipeline' retrieved from /opt/airflow/dags/dag_crime_pipeline.py
[2026-05-27T02:07:32.343+0000] {logging_mixin.py:188} INFO - [2026-05-27T02:07:32.342+0000] {dag.py:3036} INFO - Sync 1 DAGs
[2026-05-27T02:07:32.403+0000] {processor.py:183} INFO - Processing /opt/airflow/dags/dag_crime_pipeline.py took 0.148 seconds
[2026-05-27T02:08:03.213+0000] {processor.py:161} INFO - Started process (PID=3215) to work on /opt/airflow/dags/dag_crime_pipeline.py
[2026-05-27T02:08:03.214+0000] {processor.py:830} INFO - Processing file /opt/airflow/dags/dag_crime_pipeline.py for tasks to queue
[2026-05-27T02:08:03.217+0000] {logging_mixin.py:188} INFO - [2026-05-27T02:08:03.217+0000] {dagbag.py:538} INFO - Filling up the DagBag from /opt/airflow/dags/dag_crime_pipeline.py
[2026-05-27T02:08:03.261+0000] {processor.py:840} INFO - DAG(s) 'crime_analytics_pipeline' retrieved from /opt/airflow/dags/dag_crime_pipeline.py
[2026-05-27T02:08:03.296+0000] {logging_mixin.py:188} INFO - [2026-05-27T02:08:03.296+0000] {dag.py:3036} INFO - Sync 1 DAGs
[2026-05-27T02:08:03.335+0000] {processor.py:183} INFO - Processing /opt/airflow/dags/dag_crime_pipeline.py took 0.126 seconds
[2026-05-27T02:08:33.430+0000] {processor.py:161} INFO - Started process (PID=3220) to work on /opt/airflow/dags/dag_crime_pipeline.py
[2026-05-27T02:08:33.432+0000] {processor.py:830} INFO - Processing file /opt/airflow/dags/dag_crime_pipeline.py for tasks to queue
[2026-05-27T02:08:33.436+0000] {logging_mixin.py:188} INFO - [2026-05-27T02:08:33.435+0000] {dagbag.py:538} INFO - Filling up the DagBag from /opt/airflow/dags/dag_crime_pipeline.py
[2026-05-27T02:08:33.476+0000] {processor.py:840} INFO - DAG(s) 'crime_analytics_pipeline' retrieved from /opt/airflow/dags/dag_crime_pipeline.py
[2026-05-27T02:08:33.513+0000] {logging_mixin.py:188} INFO - [2026-05-27T02:08:33.513+0000] {dag.py:3036} INFO - Sync 1 DAGs
[2026-05-27T02:08:33.556+0000] {processor.py:183} INFO - Processing /opt/airflow/dags/dag_crime_pipeline.py took 0.129 seconds
[2026-05-27T02:09:03.711+0000] {processor.py:161} INFO - Started process (PID=3225) to work on /opt/airflow/dags/dag_crime_pipeline.py
[2026-05-27T02:09:03.712+0000] {processor.py:830} INFO - Processing file /opt/airflow/dags/dag_crime_pipeline.py for tasks to queue
[2026-05-27T02:09:03.715+0000] {logging_mixin.py:188} INFO - [2026-05-27T02:09:03.714+0000] {dagbag.py:538} INFO - Filling up the DagBag from /opt/airflow/dags/dag_crime_pipeline.py
[2026-05-27T02:09:03.750+0000] {processor.py:840} INFO - DAG(s) 'crime_analytics_pipeline' retrieved from /opt/airflow/dags/dag_crime_pipeline.py
[2026-05-27T02:09:03.783+0000] {logging_mixin.py:188} INFO - [2026-05-27T02:09:03.783+0000] {dag.py:3036} INFO - Sync 1 DAGs
[2026-05-27T02:09:05.561+0000] {processor.py:183} INFO - Processing /opt/airflow/dags/dag_crime_pipeline.py took 0.125 seconds
[2026-05-27T02:09:38.526+0000] {processor.py:161} INFO - Started process (PID=3230) to work on /opt/airflow/dags/dag_crime_pipeline.py
[2026-05-27T02:09:38.528+0000] {processor.py:830} INFO - Processing file /opt/airflow/dags/dag_crime_pipeline.py for tasks to queue
[2026-05-27T02:09:38.531+0000] {logging_mixin.py:188} INFO - [2026-05-27T02:09:38.531+0000] {dagbag.py:538} INFO - Filling up the DagBag from /opt/airflow/dags/dag_crime_pipeline.py
[2026-05-27T02:09:38.574+0000] {processor.py:840} INFO - DAG(s) 'crime_analytics_pipeline' retrieved from /opt/airflow/dags/dag_crime_pipeline.py
[2026-05-27T02:09:38.611+0000] {logging_mixin.py:188} INFO - [2026-05-27T02:09:38.610+0000] {dag.py:3036} INFO - Sync 1 DAGs
[2026-05-27T02:09:38.658+0000] {processor.py:183} INFO - Processing /opt/airflow/dags/dag_crime_pipeline.py took 0.135 seconds
[2026-05-27T02:10:11.576+0000] {processor.py:161} INFO - Started process (PID=3235) to work on /opt/airflow/dags/dag_crime_pipeline.py
[2026-05-27T02:10:11.577+0000] {processor.py:830} INFO - Processing file /opt/airflow/dags/dag_crime_pipeline.py for tasks to queue
[2026-05-27T02:10:11.580+0000] {logging_mixin.py:188} INFO - [2026-05-27T02:10:11.580+0000] {dagbag.py:538} INFO - Filling up the DagBag from /opt/airflow/dags/dag_crime_pipeline.py
[2026-05-27T02:10:11.625+0000] {processor.py:840} INFO - DAG(s) 'crime_analytics_pipeline' retrieved from /opt/airflow/dags/dag_crime_pipeline.py
[2026-05-27T02:10:11.671+0000] {logging_mixin.py:188} INFO - [2026-05-27T02:10:11.671+0000] {dag.py:3036} INFO - Sync 1 DAGs
[2026-05-27T02:10:11.719+0000] {processor.py:183} INFO - Processing /opt/airflow/dags/dag_crime_pipeline.py took 0.148 seconds
[2026-05-27T02:10:44.804+0000] {processor.py:161} INFO - Started process (PID=3240) to work on /opt/airflow/dags/dag_crime_pipeline.py
[2026-05-27T02:10:44.807+0000] {processor.py:830} INFO - Processing file /opt/airflow/dags/dag_crime_pipeline.py for tasks to queue
[2026-05-27T02:10:44.811+0000] {logging_mixin.py:188} INFO - [2026-05-27T02:10:44.810+0000] {dagbag.py:538} INFO - Filling up the DagBag from /opt/airflow/dags/dag_crime_pipeline.py
[2026-05-27T02:10:44.856+0000] {processor.py:840} INFO - DAG(s) 'crime_analytics_pipeline' retrieved from /opt/airflow/dags/dag_crime_pipeline.py
[2026-05-27T02:10:44.892+0000] {logging_mixin.py:188} INFO - [2026-05-27T02:10:44.892+0000] {dag.py:3036} INFO - Sync 1 DAGs
[2026-05-27T02:10:44.935+0000] {processor.py:183} INFO - Processing /opt/airflow/dags/dag_crime_pipeline.py took 0.136 seconds
[2026-05-27T02:11:15.021+0000] {processor.py:161} INFO - Started process (PID=3245) to work on /opt/airflow/dags/dag_crime_pipeline.py
[2026-05-27T02:11:15.022+0000] {processor.py:830} INFO - Processing file /opt/airflow/dags/dag_crime_pipeline.py for tasks to queue
[2026-05-27T02:11:15.024+0000] {logging_mixin.py:188} INFO - [2026-05-27T02:11:15.024+0000] {dagbag.py:538} INFO - Filling up the DagBag from /opt/airflow/dags/dag_crime_pipeline.py
[2026-05-27T02:11:15.061+0000] {processor.py:840} INFO - DAG(s) 'crime_analytics_pipeline' retrieved from /opt/airflow/dags/dag_crime_pipeline.py
[2026-05-27T02:11:15.097+0000] {logging_mixin.py:188} INFO - [2026-05-27T02:11:15.097+0000] {dag.py:3036} INFO - Sync 1 DAGs
[2026-05-27T02:11:16.894+0000] {processor.py:183} INFO - Processing /opt/airflow/dags/dag_crime_pipeline.py took 0.152 seconds
[2026-05-27T02:11:49.737+0000] {processor.py:161} INFO - Started process (PID=3250) to work on /opt/airflow/dags/dag_crime_pipeline.py
[2026-05-27T02:11:49.739+0000] {processor.py:830} INFO - Processing file /opt/airflow/dags/dag_crime_pipeline.py for tasks to queue
[2026-05-27T02:11:49.742+0000] {logging_mixin.py:188} INFO - [2026-05-27T02:11:49.742+0000] {dagbag.py:538} INFO - Filling up the DagBag from /opt/airflow/dags/dag_crime_pipeline.py
[2026-05-27T02:11:49.781+0000] {processor.py:840} INFO - DAG(s) 'crime_analytics_pipeline' retrieved from /opt/airflow/dags/dag_crime_pipeline.py
[2026-05-27T02:11:49.824+0000] {logging_mixin.py:188} INFO - [2026-05-27T02:11:49.823+0000] {dag.py:3036} INFO - Sync 1 DAGs
[2026-05-27T02:11:49.866+0000] {processor.py:183} INFO - Processing /opt/airflow/dags/dag_crime_pipeline.py took 0.133 seconds
[2026-05-27T02:12:22.742+0000] {processor.py:161} INFO - Started process (PID=3255) to work on /opt/airflow/dags/dag_crime_pipeline.py
[2026-05-27T02:12:22.743+0000] {processor.py:830} INFO - Processing file /opt/airflow/dags/dag_crime_pipeline.py for tasks to queue
[2026-05-27T02:12:22.746+0000] {logging_mixin.py:188} INFO - [2026-05-27T02:12:22.745+0000] {dagbag.py:538} INFO - Filling up the DagBag from /opt/airflow/dags/dag_crime_pipeline.py
[2026-05-27T02:12:22.788+0000] {processor.py:840} INFO - DAG(s) 'crime_analytics_pipeline' retrieved from /opt/airflow/dags/dag_crime_pipeline.py
[2026-05-27T02:12:22.828+0000] {logging_mixin.py:188} INFO - [2026-05-27T02:12:22.827+0000] {dag.py:3036} INFO - Sync 1 DAGs
[2026-05-27T02:12:22.886+0000] {processor.py:183} INFO - Processing /opt/airflow/dags/dag_crime_pipeline.py took 0.148 seconds
[2026-05-27T02:12:53.183+0000] {processor.py:161} INFO - Started process (PID=3260) to work on /opt/airflow/dags/dag_crime_pipeline.py
[2026-05-27T02:12:53.185+0000] {processor.py:830} INFO - Processing file /opt/airflow/dags/dag_crime_pipeline.py for tasks to queue
[2026-05-27T02:12:53.189+0000] {logging_mixin.py:188} INFO - [2026-05-27T02:12:53.188+0000] {dagbag.py:538} INFO - Filling up the DagBag from /opt/airflow/dags/dag_crime_pipeline.py
[2026-05-27T02:12:53.231+0000] {processor.py:840} INFO - DAG(s) 'crime_analytics_pipeline' retrieved from /opt/airflow/dags/dag_crime_pipeline.py
[2026-05-27T02:12:53.271+0000] {logging_mixin.py:188} INFO - [2026-05-27T02:12:53.271+0000] {dag.py:3036} INFO - Sync 1 DAGs
[2026-05-27T02:12:55.059+0000] {processor.py:183} INFO - Processing /opt/airflow/dags/dag_crime_pipeline.py took 0.135 seconds
[2026-05-27T02:13:26.089+0000] {processor.py:161} INFO - Started process (PID=3265) to work on /opt/airflow/dags/dag_crime_pipeline.py
[2026-05-27T02:13:26.090+0000] {processor.py:830} INFO - Processing file /opt/airflow/dags/dag_crime_pipeline.py for tasks to queue
[2026-05-27T02:13:26.093+0000] {logging_mixin.py:188} INFO - [2026-05-27T02:13:26.093+0000] {dagbag.py:538} INFO - Filling up the DagBag from /opt/airflow/dags/dag_crime_pipeline.py
[2026-05-27T02:13:27.851+0000] {processor.py:840} INFO - DAG(s) 'crime_analytics_pipeline' retrieved from /opt/airflow/dags/dag_crime_pipeline.py
[2026-05-27T02:13:27.892+0000] {logging_mixin.py:188} INFO - [2026-05-27T02:13:27.891+0000] {dag.py:3036} INFO - Sync 1 DAGs
[2026-05-27T02:13:27.939+0000] {processor.py:183} INFO - Processing /opt/airflow/dags/dag_crime_pipeline.py took 0.138 seconds
[2026-05-27T02:14:00.948+0000] {processor.py:161} INFO - Started process (PID=3270) to work on /opt/airflow/dags/dag_crime_pipeline.py
[2026-05-27T02:14:00.949+0000] {processor.py:830} INFO - Processing file /opt/airflow/dags/dag_crime_pipeline.py for tasks to queue
[2026-05-27T02:14:00.952+0000] {logging_mixin.py:188} INFO - [2026-05-27T02:14:00.951+0000] {dagbag.py:538} INFO - Filling up the DagBag from /opt/airflow/dags/dag_crime_pipeline.py
[2026-05-27T02:14:00.994+0000] {processor.py:840} INFO - DAG(s) 'crime_analytics_pipeline' retrieved from /opt/airflow/dags/dag_crime_pipeline.py
[2026-05-27T02:14:01.032+0000] {logging_mixin.py:188} INFO - [2026-05-27T02:14:01.031+0000] {dag.py:3036} INFO - Sync 1 DAGs
[2026-05-27T02:14:01.085+0000] {processor.py:183} INFO - Processing /opt/airflow/dags/dag_crime_pipeline.py took 0.141 seconds
[2026-05-27T02:14:33.956+0000] {processor.py:161} INFO - Started process (PID=3275) to work on /opt/airflow/dags/dag_crime_pipeline.py
[2026-05-27T02:14:33.958+0000] {processor.py:830} INFO - Processing file /opt/airflow/dags/dag_crime_pipeline.py for tasks to queue
[2026-05-27T02:14:33.961+0000] {logging_mixin.py:188} INFO - [2026-05-27T02:14:33.961+0000] {dagbag.py:538} INFO - Filling up the DagBag from /opt/airflow/dags/dag_crime_pipeline.py
[2026-05-27T02:14:34.011+0000] {processor.py:840} INFO - DAG(s) 'crime_analytics_pipeline' retrieved from /opt/airflow/dags/dag_crime_pipeline.py
[2026-05-27T02:14:34.053+0000] {logging_mixin.py:188} INFO - [2026-05-27T02:14:34.053+0000] {dag.py:3036} INFO - Sync 1 DAGs
[2026-05-27T02:14:34.107+0000] {processor.py:183} INFO - Processing /opt/airflow/dags/dag_crime_pipeline.py took 0.155 seconds
[2026-05-27T02:15:04.506+0000] {processor.py:161} INFO - Started process (PID=3280) to work on /opt/airflow/dags/dag_crime_pipeline.py
[2026-05-27T02:15:04.507+0000] {processor.py:830} INFO - Processing file /opt/airflow/dags/dag_crime_pipeline.py for tasks to queue
[2026-05-27T02:15:04.511+0000] {logging_mixin.py:188} INFO - [2026-05-27T02:15:04.510+0000] {dagbag.py:538} INFO - Filling up the DagBag from /opt/airflow/dags/dag_crime_pipeline.py
[2026-05-27T02:15:04.551+0000] {processor.py:840} INFO - DAG(s) 'crime_analytics_pipeline' retrieved from /opt/airflow/dags/dag_crime_pipeline.py
[2026-05-27T02:15:04.582+0000] {logging_mixin.py:188} INFO - [2026-05-27T02:15:04.582+0000] {dag.py:3036} INFO - Sync 1 DAGs
[2026-05-27T02:15:04.634+0000] {processor.py:183} INFO - Processing /opt/airflow/dags/dag_crime_pipeline.py took 0.131 seconds
[2026-05-27T02:15:35.405+0000] {processor.py:161} INFO - Started process (PID=3285) to work on /opt/airflow/dags/dag_crime_pipeline.py
[2026-05-27T02:15:35.407+0000] {processor.py:830} INFO - Processing file /opt/airflow/dags/dag_crime_pipeline.py for tasks to queue
[2026-05-27T02:15:35.411+0000] {logging_mixin.py:188} INFO - [2026-05-27T02:15:35.410+0000] {dagbag.py:538} INFO - Filling up the DagBag from /opt/airflow/dags/dag_crime_pipeline.py
[2026-05-27T02:15:35.459+0000] {processor.py:840} INFO - DAG(s) 'crime_analytics_pipeline' retrieved from /opt/airflow/dags/dag_crime_pipeline.py
[2026-05-27T02:15:35.492+0000] {logging_mixin.py:188} INFO - [2026-05-27T02:15:35.491+0000] {dag.py:3036} INFO - Sync 1 DAGs
[2026-05-27T02:15:35.534+0000] {processor.py:183} INFO - Processing /opt/airflow/dags/dag_crime_pipeline.py took 0.134 seconds
[2026-05-27T02:16:05.647+0000] {processor.py:161} INFO - Started process (PID=3290) to work on /opt/airflow/dags/dag_crime_pipeline.py
[2026-05-27T02:16:05.649+0000] {processor.py:830} INFO - Processing file /opt/airflow/dags/dag_crime_pipeline.py for tasks to queue
[2026-05-27T02:16:05.652+0000] {logging_mixin.py:188} INFO - [2026-05-27T02:16:05.652+0000] {dagbag.py:538} INFO - Filling up the DagBag from /opt/airflow/dags/dag_crime_pipeline.py
[2026-05-27T02:16:05.697+0000] {processor.py:840} INFO - DAG(s) 'crime_analytics_pipeline' retrieved from /opt/airflow/dags/dag_crime_pipeline.py
[2026-05-27T02:16:05.728+0000] {logging_mixin.py:188} INFO - [2026-05-27T02:16:05.727+0000] {dag.py:3036} INFO - Sync 1 DAGs
[2026-05-27T02:16:05.788+0000] {processor.py:183} INFO - Processing /opt/airflow/dags/dag_crime_pipeline.py took 0.145 seconds
[2026-05-27T02:16:35.848+0000] {processor.py:161} INFO - Started process (PID=3295) to work on /opt/airflow/dags/dag_crime_pipeline.py
[2026-05-27T02:16:35.849+0000] {processor.py:830} INFO - Processing file /opt/airflow/dags/dag_crime_pipeline.py for tasks to queue
[2026-05-27T02:16:35.853+0000] {logging_mixin.py:188} INFO - [2026-05-27T02:16:35.852+0000] {dagbag.py:538} INFO - Filling up the DagBag from /opt/airflow/dags/dag_crime_pipeline.py
[2026-05-27T02:16:35.891+0000] {processor.py:840} INFO - DAG(s) 'crime_analytics_pipeline' retrieved from /opt/airflow/dags/dag_crime_pipeline.py
[2026-05-27T02:16:35.931+0000] {logging_mixin.py:188} INFO - [2026-05-27T02:16:35.931+0000] {dag.py:3036} INFO - Sync 1 DAGs
[2026-05-27T02:16:35.990+0000] {processor.py:183} INFO - Processing /opt/airflow/dags/dag_crime_pipeline.py took 0.146 seconds
[2026-05-27T02:17:06.862+0000] {processor.py:161} INFO - Started process (PID=3300) to work on /opt/airflow/dags/dag_crime_pipeline.py
[2026-05-27T02:17:06.864+0000] {processor.py:830} INFO - Processing file /opt/airflow/dags/dag_crime_pipeline.py for tasks to queue
[2026-05-27T02:17:06.867+0000] {logging_mixin.py:188} INFO - [2026-05-27T02:17:06.867+0000] {dagbag.py:538} INFO - Filling up the DagBag from /opt/airflow/dags/dag_crime_pipeline.py
[2026-05-27T02:17:06.908+0000] {processor.py:840} INFO - DAG(s) 'crime_analytics_pipeline' retrieved from /opt/airflow/dags/dag_crime_pipeline.py
[2026-05-27T02:17:06.940+0000] {logging_mixin.py:188} INFO - [2026-05-27T02:17:06.939+0000] {dag.py:3036} INFO - Sync 1 DAGs
[2026-05-27T02:17:06.981+0000] {processor.py:183} INFO - Processing /opt/airflow/dags/dag_crime_pipeline.py took 0.123 seconds
[2026-05-27T02:17:37.049+0000] {processor.py:161} INFO - Started process (PID=3305) to work on /opt/airflow/dags/dag_crime_pipeline.py
[2026-05-27T02:17:37.050+0000] {processor.py:830} INFO - Processing file /opt/airflow/dags/dag_crime_pipeline.py for tasks to queue
[2026-05-27T02:17:37.054+0000] {logging_mixin.py:188} INFO - [2026-05-27T02:17:37.053+0000] {dagbag.py:538} INFO - Filling up the DagBag from /opt/airflow/dags/dag_crime_pipeline.py
[2026-05-27T02:17:37.095+0000] {processor.py:840} INFO - DAG(s) 'crime_analytics_pipeline' retrieved from /opt/airflow/dags/dag_crime_pipeline.py
[2026-05-27T02:17:37.131+0000] {logging_mixin.py:188} INFO - [2026-05-27T02:17:37.131+0000] {dag.py:3036} INFO - Sync 1 DAGs
[2026-05-27T02:17:37.182+0000] {processor.py:183} INFO - Processing /opt/airflow/dags/dag_crime_pipeline.py took 0.138 seconds
[2026-05-27T02:18:07.892+0000] {processor.py:161} INFO - Started process (PID=3310) to work on /opt/airflow/dags/dag_crime_pipeline.py
[2026-05-27T02:18:07.893+0000] {processor.py:830} INFO - Processing file /opt/airflow/dags/dag_crime_pipeline.py for tasks to queue
[2026-05-27T02:18:07.896+0000] {logging_mixin.py:188} INFO - [2026-05-27T02:18:07.896+0000] {dagbag.py:538} INFO - Filling up the DagBag from /opt/airflow/dags/dag_crime_pipeline.py
[2026-05-27T02:18:07.938+0000] {processor.py:840} INFO - DAG(s) 'crime_analytics_pipeline' retrieved from /opt/airflow/dags/dag_crime_pipeline.py
[2026-05-27T02:18:07.979+0000] {logging_mixin.py:188} INFO - [2026-05-27T02:18:07.978+0000] {dag.py:3036} INFO - Sync 1 DAGs
[2026-05-27T02:18:08.030+0000] {processor.py:183} INFO - Processing /opt/airflow/dags/dag_crime_pipeline.py took 0.142 seconds
[2026-05-27T02:18:38.901+0000] {processor.py:161} INFO - Started process (PID=3315) to work on /opt/airflow/dags/dag_crime_pipeline.py
[2026-05-27T02:18:38.903+0000] {processor.py:830} INFO - Processing file /opt/airflow/dags/dag_crime_pipeline.py for tasks to queue
[2026-05-27T02:18:38.906+0000] {logging_mixin.py:188} INFO - [2026-05-27T02:18:38.906+0000] {dagbag.py:538} INFO - Filling up the DagBag from /opt/airflow/dags/dag_crime_pipeline.py
[2026-05-27T02:18:38.951+0000] {processor.py:840} INFO - DAG(s) 'crime_analytics_pipeline' retrieved from /opt/airflow/dags/dag_crime_pipeline.py
[2026-05-27T02:18:38.984+0000] {logging_mixin.py:188} INFO - [2026-05-27T02:18:38.984+0000] {dag.py:3036} INFO - Sync 1 DAGs
[2026-05-27T02:18:39.043+0000] {processor.py:183} INFO - Processing /opt/airflow/dags/dag_crime_pipeline.py took 0.148 seconds
[2026-05-27T02:19:09.159+0000] {processor.py:161} INFO - Started process (PID=3320) to work on /opt/airflow/dags/dag_crime_pipeline.py
[2026-05-27T02:19:09.160+0000] {processor.py:830} INFO - Processing file /opt/airflow/dags/dag_crime_pipeline.py for tasks to queue
[2026-05-27T02:19:09.164+0000] {logging_mixin.py:188} INFO - [2026-05-27T02:19:09.163+0000] {dagbag.py:538} INFO - Filling up the DagBag from /opt/airflow/dags/dag_crime_pipeline.py
[2026-05-27T02:19:09.207+0000] {processor.py:840} INFO - DAG(s) 'crime_analytics_pipeline' retrieved from /opt/airflow/dags/dag_crime_pipeline.py
[2026-05-27T02:19:09.253+0000] {logging_mixin.py:188} INFO - [2026-05-27T02:19:09.252+0000] {dag.py:3036} INFO - Sync 1 DAGs
[2026-05-27T02:19:09.324+0000] {processor.py:183} INFO - Processing /opt/airflow/dags/dag_crime_pipeline.py took 0.170 seconds
[2026-05-27T02:19:40.150+0000] {processor.py:161} INFO - Started process (PID=3325) to work on /opt/airflow/dags/dag_crime_pipeline.py
[2026-05-27T02:19:40.151+0000] {processor.py:830} INFO - Processing file /opt/airflow/dags/dag_crime_pipeline.py for tasks to queue
[2026-05-27T02:19:40.154+0000] {logging_mixin.py:188} INFO - [2026-05-27T02:19:40.154+0000] {dagbag.py:538} INFO - Filling up the DagBag from /opt/airflow/dags/dag_crime_pipeline.py
[2026-05-27T02:19:40.190+0000] {processor.py:840} INFO - DAG(s) 'crime_analytics_pipeline' retrieved from /opt/airflow/dags/dag_crime_pipeline.py
[2026-05-27T02:19:40.223+0000] {logging_mixin.py:188} INFO - [2026-05-27T02:19:40.223+0000] {dag.py:3036} INFO - Sync 1 DAGs
[2026-05-27T02:19:40.262+0000] {processor.py:183} INFO - Processing /opt/airflow/dags/dag_crime_pipeline.py took 0.116 seconds
[2026-05-27T02:20:10.404+0000] {processor.py:161} INFO - Started process (PID=3330) to work on /opt/airflow/dags/dag_crime_pipeline.py
[2026-05-27T02:20:10.406+0000] {processor.py:830} INFO - Processing file /opt/airflow/dags/dag_crime_pipeline.py for tasks to queue
[2026-05-27T02:20:10.408+0000] {logging_mixin.py:188} INFO - [2026-05-27T02:20:10.408+0000] {dagbag.py:538} INFO - Filling up the DagBag from /opt/airflow/dags/dag_crime_pipeline.py
[2026-05-27T02:20:10.446+0000] {processor.py:840} INFO - DAG(s) 'crime_analytics_pipeline' retrieved from /opt/airflow/dags/dag_crime_pipeline.py
[2026-05-27T02:20:10.484+0000] {logging_mixin.py:188} INFO - [2026-05-27T02:20:10.484+0000] {dag.py:3036} INFO - Sync 1 DAGs
[2026-05-27T02:20:10.527+0000] {processor.py:183} INFO - Processing /opt/airflow/dags/dag_crime_pipeline.py took 0.127 seconds
[2026-05-27T02:20:40.957+0000] {processor.py:161} INFO - Started process (PID=3335) to work on /opt/airflow/dags/dag_crime_pipeline.py
[2026-05-27T02:20:40.959+0000] {processor.py:830} INFO - Processing file /opt/airflow/dags/dag_crime_pipeline.py for tasks to queue
[2026-05-27T02:20:40.961+0000] {logging_mixin.py:188} INFO - [2026-05-27T02:20:40.961+0000] {dagbag.py:538} INFO - Filling up the DagBag from /opt/airflow/dags/dag_crime_pipeline.py
[2026-05-27T02:20:41.000+0000] {processor.py:840} INFO - DAG(s) 'crime_analytics_pipeline' retrieved from /opt/airflow/dags/dag_crime_pipeline.py
[2026-05-27T02:20:41.036+0000] {logging_mixin.py:188} INFO - [2026-05-27T02:20:41.036+0000] {dag.py:3036} INFO - Sync 1 DAGs
[2026-05-27T02:20:41.098+0000] {processor.py:183} INFO - Processing /opt/airflow/dags/dag_crime_pipeline.py took 0.145 seconds
[2026-05-27T02:21:12.052+0000] {processor.py:161} INFO - Started process (PID=3340) to work on /opt/airflow/dags/dag_crime_pipeline.py
[2026-05-27T02:21:12.054+0000] {processor.py:830} INFO - Processing file /opt/airflow/dags/dag_crime_pipeline.py for tasks to queue
[2026-05-27T02:21:12.056+0000] {logging_mixin.py:188} INFO - [2026-05-27T02:21:12.056+0000] {dagbag.py:538} INFO - Filling up the DagBag from /opt/airflow/dags/dag_crime_pipeline.py
[2026-05-27T02:21:12.101+0000] {processor.py:840} INFO - DAG(s) 'crime_analytics_pipeline' retrieved from /opt/airflow/dags/dag_crime_pipeline.py
[2026-05-27T02:21:12.141+0000] {logging_mixin.py:188} INFO - [2026-05-27T02:21:12.141+0000] {dag.py:3036} INFO - Sync 1 DAGs
[2026-05-27T02:21:12.231+0000] {processor.py:183} INFO - Processing /opt/airflow/dags/dag_crime_pipeline.py took 0.183 seconds
[2026-05-27T02:21:43.004+0000] {processor.py:161} INFO - Started process (PID=3345) to work on /opt/airflow/dags/dag_crime_pipeline.py
[2026-05-27T02:21:43.006+0000] {processor.py:830} INFO - Processing file /opt/airflow/dags/dag_crime_pipeline.py for tasks to queue
[2026-05-27T02:21:43.009+0000] {logging_mixin.py:188} INFO - [2026-05-27T02:21:43.009+0000] {dagbag.py:538} INFO - Filling up the DagBag from /opt/airflow/dags/dag_crime_pipeline.py
[2026-05-27T02:21:43.046+0000] {processor.py:840} INFO - DAG(s) 'crime_analytics_pipeline' retrieved from /opt/airflow/dags/dag_crime_pipeline.py
[2026-05-27T02:21:43.079+0000] {logging_mixin.py:188} INFO - [2026-05-27T02:21:43.078+0000] {dag.py:3036} INFO - Sync 1 DAGs
[2026-05-27T02:21:43.123+0000] {processor.py:183} INFO - Processing /opt/airflow/dags/dag_crime_pipeline.py took 0.124 seconds
[2026-05-27T02:22:13.995+0000] {processor.py:161} INFO - Started process (PID=3350) to work on /opt/airflow/dags/dag_crime_pipeline.py
[2026-05-27T02:22:13.997+0000] {processor.py:830} INFO - Processing file /opt/airflow/dags/dag_crime_pipeline.py for tasks to queue
[2026-05-27T02:22:13.999+0000] {logging_mixin.py:188} INFO - [2026-05-27T02:22:13.999+0000] {dagbag.py:538} INFO - Filling up the DagBag from /opt/airflow/dags/dag_crime_pipeline.py
[2026-05-27T02:22:14.036+0000] {processor.py:840} INFO - DAG(s) 'crime_analytics_pipeline' retrieved from /opt/airflow/dags/dag_crime_pipeline.py
[2026-05-27T02:22:14.074+0000] {logging_mixin.py:188} INFO - [2026-05-27T02:22:14.073+0000] {dag.py:3036} INFO - Sync 1 DAGs
[2026-05-27T02:22:14.116+0000] {processor.py:183} INFO - Processing /opt/airflow/dags/dag_crime_pipeline.py took 0.125 seconds
[2026-05-27T02:22:45.914+0000] {processor.py:161} INFO - Started process (PID=3355) to work on /opt/airflow/dags/dag_crime_pipeline.py
[2026-05-27T02:22:45.915+0000] {processor.py:830} INFO - Processing file /opt/airflow/dags/dag_crime_pipeline.py for tasks to queue
[2026-05-27T02:22:45.918+0000] {logging_mixin.py:188} INFO - [2026-05-27T02:22:45.918+0000] {dagbag.py:538} INFO - Filling up the DagBag from /opt/airflow/dags/dag_crime_pipeline.py
[2026-05-27T02:22:45.957+0000] {processor.py:840} INFO - DAG(s) 'crime_analytics_pipeline' retrieved from /opt/airflow/dags/dag_crime_pipeline.py
[2026-05-27T02:22:45.996+0000] {logging_mixin.py:188} INFO - [2026-05-27T02:22:45.995+0000] {dag.py:3036} INFO - Sync 1 DAGs
[2026-05-27T02:22:46.059+0000] {processor.py:183} INFO - Processing /opt/airflow/dags/dag_crime_pipeline.py took 0.149 seconds
[2026-05-27T02:23:16.145+0000] {processor.py:161} INFO - Started process (PID=3360) to work on /opt/airflow/dags/dag_crime_pipeline.py
[2026-05-27T02:23:16.146+0000] {processor.py:830} INFO - Processing file /opt/airflow/dags/dag_crime_pipeline.py for tasks to queue
[2026-05-27T02:23:16.149+0000] {logging_mixin.py:188} INFO - [2026-05-27T02:23:16.149+0000] {dagbag.py:538} INFO - Filling up the DagBag from /opt/airflow/dags/dag_crime_pipeline.py
[2026-05-27T02:23:16.187+0000] {processor.py:840} INFO - DAG(s) 'crime_analytics_pipeline' retrieved from /opt/airflow/dags/dag_crime_pipeline.py
[2026-05-27T02:23:16.223+0000] {logging_mixin.py:188} INFO - [2026-05-27T02:23:16.222+0000] {dag.py:3036} INFO - Sync 1 DAGs
[2026-05-27T02:23:16.281+0000] {processor.py:183} INFO - Processing /opt/airflow/dags/dag_crime_pipeline.py took 0.140 seconds
[2026-05-27T02:23:47.079+0000] {processor.py:161} INFO - Started process (PID=3365) to work on /opt/airflow/dags/dag_crime_pipeline.py
[2026-05-27T02:23:47.081+0000] {processor.py:830} INFO - Processing file /opt/airflow/dags/dag_crime_pipeline.py for tasks to queue
[2026-05-27T02:23:47.084+0000] {logging_mixin.py:188} INFO - [2026-05-27T02:23:47.083+0000] {dagbag.py:538} INFO - Filling up the DagBag from /opt/airflow/dags/dag_crime_pipeline.py
[2026-05-27T02:23:47.124+0000] {processor.py:840} INFO - DAG(s) 'crime_analytics_pipeline' retrieved from /opt/airflow/dags/dag_crime_pipeline.py
[2026-05-27T02:23:47.164+0000] {logging_mixin.py:188} INFO - [2026-05-27T02:23:47.163+0000] {dag.py:3036} INFO - Sync 1 DAGs
[2026-05-27T02:23:47.209+0000] {processor.py:183} INFO - Processing /opt/airflow/dags/dag_crime_pipeline.py took 0.133 seconds
[2026-05-27T02:24:17.910+0000] {processor.py:161} INFO - Started process (PID=3370) to work on /opt/airflow/dags/dag_crime_pipeline.py
[2026-05-27T02:24:17.912+0000] {processor.py:830} INFO - Processing file /opt/airflow/dags/dag_crime_pipeline.py for tasks to queue
[2026-05-27T02:24:17.916+0000] {logging_mixin.py:188} INFO - [2026-05-27T02:24:17.915+0000] {dagbag.py:538} INFO - Filling up the DagBag from /opt/airflow/dags/dag_crime_pipeline.py
[2026-05-27T02:24:17.960+0000] {processor.py:840} INFO - DAG(s) 'crime_analytics_pipeline' retrieved from /opt/airflow/dags/dag_crime_pipeline.py
[2026-05-27T02:24:17.997+0000] {logging_mixin.py:188} INFO - [2026-05-27T02:24:17.997+0000] {dag.py:3036} INFO - Sync 1 DAGs
[2026-05-27T02:24:18.040+0000] {processor.py:183} INFO - Processing /opt/airflow/dags/dag_crime_pipeline.py took 0.134 seconds
[2026-05-27T02:24:48.793+0000] {processor.py:161} INFO - Started process (PID=3375) to work on /opt/airflow/dags/dag_crime_pipeline.py
[2026-05-27T02:24:48.795+0000] {processor.py:830} INFO - Processing file /opt/airflow/dags/dag_crime_pipeline.py for tasks to queue
[2026-05-27T02:24:48.797+0000] {logging_mixin.py:188} INFO - [2026-05-27T02:24:48.797+0000] {dagbag.py:538} INFO - Filling up the DagBag from /opt/airflow/dags/dag_crime_pipeline.py
[2026-05-27T02:24:48.841+0000] {processor.py:840} INFO - DAG(s) 'crime_analytics_pipeline' retrieved from /opt/airflow/dags/dag_crime_pipeline.py
[2026-05-27T02:24:48.883+0000] {logging_mixin.py:188} INFO - [2026-05-27T02:24:48.882+0000] {dag.py:3036} INFO - Sync 1 DAGs
[2026-05-27T02:24:48.925+0000] {processor.py:183} INFO - Processing /opt/airflow/dags/dag_crime_pipeline.py took 0.135 seconds
[2026-05-27T02:25:19.801+0000] {processor.py:161} INFO - Started process (PID=3380) to work on /opt/airflow/dags/dag_crime_pipeline.py
[2026-05-27T02:25:19.803+0000] {processor.py:830} INFO - Processing file /opt/airflow/dags/dag_crime_pipeline.py for tasks to queue
[2026-05-27T02:25:19.806+0000] {logging_mixin.py:188} INFO - [2026-05-27T02:25:19.805+0000] {dagbag.py:538} INFO - Filling up the DagBag from /opt/airflow/dags/dag_crime_pipeline.py
[2026-05-27T02:25:19.845+0000] {processor.py:840} INFO - DAG(s) 'crime_analytics_pipeline' retrieved from /opt/airflow/dags/dag_crime_pipeline.py
[2026-05-27T02:25:19.881+0000] {logging_mixin.py:188} INFO - [2026-05-27T02:25:19.881+0000] {dag.py:3036} INFO - Sync 1 DAGs
[2026-05-27T02:25:19.939+0000] {processor.py:183} INFO - Processing /opt/airflow/dags/dag_crime_pipeline.py took 0.141 seconds
[2026-05-27T02:25:50.035+0000] {processor.py:161} INFO - Started process (PID=3385) to work on /opt/airflow/dags/dag_crime_pipeline.py
[2026-05-27T02:25:50.036+0000] {processor.py:830} INFO - Processing file /opt/airflow/dags/dag_crime_pipeline.py for tasks to queue
[2026-05-27T02:25:50.039+0000] {logging_mixin.py:188} INFO - [2026-05-27T02:25:50.038+0000] {dagbag.py:538} INFO - Filling up the DagBag from /opt/airflow/dags/dag_crime_pipeline.py
[2026-05-27T02:25:50.077+0000] {processor.py:840} INFO - DAG(s) 'crime_analytics_pipeline' retrieved from /opt/airflow/dags/dag_crime_pipeline.py
[2026-05-27T02:25:50.113+0000] {logging_mixin.py:188} INFO - [2026-05-27T02:25:50.112+0000] {dag.py:3036} INFO - Sync 1 DAGs
[2026-05-27T02:25:50.156+0000] {processor.py:183} INFO - Processing /opt/airflow/dags/dag_crime_pipeline.py took 0.125 seconds
[2026-05-27T02:26:20.741+0000] {processor.py:161} INFO - Started process (PID=3390) to work on /opt/airflow/dags/dag_crime_pipeline.py
[2026-05-27T02:26:20.743+0000] {processor.py:830} INFO - Processing file /opt/airflow/dags/dag_crime_pipeline.py for tasks to queue
[2026-05-27T02:26:20.746+0000] {logging_mixin.py:188} INFO - [2026-05-27T02:26:20.745+0000] {dagbag.py:538} INFO - Filling up the DagBag from /opt/airflow/dags/dag_crime_pipeline.py
[2026-05-27T02:26:20.782+0000] {processor.py:840} INFO - DAG(s) 'crime_analytics_pipeline' retrieved from /opt/airflow/dags/dag_crime_pipeline.py
[2026-05-27T02:26:20.816+0000] {logging_mixin.py:188} INFO - [2026-05-27T02:26:20.816+0000] {dag.py:3036} INFO - Sync 1 DAGs
[2026-05-27T02:26:20.856+0000] {processor.py:183} INFO - Processing /opt/airflow/dags/dag_crime_pipeline.py took 0.118 seconds
[2026-05-27T02:26:51.720+0000] {processor.py:161} INFO - Started process (PID=3395) to work on /opt/airflow/dags/dag_crime_pipeline.py
[2026-05-27T02:26:51.721+0000] {processor.py:830} INFO - Processing file /opt/airflow/dags/dag_crime_pipeline.py for tasks to queue
[2026-05-27T02:26:51.724+0000] {logging_mixin.py:188} INFO - [2026-05-27T02:26:51.724+0000] {dagbag.py:538} INFO - Filling up the DagBag from /opt/airflow/dags/dag_crime_pipeline.py
[2026-05-27T02:26:51.766+0000] {processor.py:840} INFO - DAG(s) 'crime_analytics_pipeline' retrieved from /opt/airflow/dags/dag_crime_pipeline.py
[2026-05-27T02:26:51.798+0000] {logging_mixin.py:188} INFO - [2026-05-27T02:26:51.797+0000] {dag.py:3036} INFO - Sync 1 DAGs
[2026-05-27T02:26:51.836+0000] {processor.py:183} INFO - Processing /opt/airflow/dags/dag_crime_pipeline.py took 0.120 seconds
[2026-05-27T02:27:22.578+0000] {processor.py:161} INFO - Started process (PID=3400) to work on /opt/airflow/dags/dag_crime_pipeline.py
[2026-05-27T02:27:22.580+0000] {processor.py:830} INFO - Processing file /opt/airflow/dags/dag_crime_pipeline.py for tasks to queue
[2026-05-27T02:27:22.588+0000] {logging_mixin.py:188} INFO - [2026-05-27T02:27:22.587+0000] {dagbag.py:538} INFO - Filling up the DagBag from /opt/airflow/dags/dag_crime_pipeline.py
[2026-05-27T02:27:22.628+0000] {processor.py:840} INFO - DAG(s) 'crime_analytics_pipeline' retrieved from /opt/airflow/dags/dag_crime_pipeline.py
[2026-05-27T02:27:22.665+0000] {logging_mixin.py:188} INFO - [2026-05-27T02:27:22.665+0000] {dag.py:3036} INFO - Sync 1 DAGs
[2026-05-27T02:27:22.722+0000] {processor.py:183} INFO - Processing /opt/airflow/dags/dag_crime_pipeline.py took 0.148 seconds
[2026-05-27T02:27:53.700+0000] {processor.py:161} INFO - Started process (PID=3405) to work on /opt/airflow/dags/dag_crime_pipeline.py
[2026-05-27T02:27:53.701+0000] {processor.py:830} INFO - Processing file /opt/airflow/dags/dag_crime_pipeline.py for tasks to queue
[2026-05-27T02:27:53.703+0000] {logging_mixin.py:188} INFO - [2026-05-27T02:27:53.703+0000] {dagbag.py:538} INFO - Filling up the DagBag from /opt/airflow/dags/dag_crime_pipeline.py
[2026-05-27T02:27:53.744+0000] {processor.py:840} INFO - DAG(s) 'crime_analytics_pipeline' retrieved from /opt/airflow/dags/dag_crime_pipeline.py
[2026-05-27T02:27:53.779+0000] {logging_mixin.py:188} INFO - [2026-05-27T02:27:53.779+0000] {dag.py:3036} INFO - Sync 1 DAGs
[2026-05-27T02:27:53.819+0000] {processor.py:183} INFO - Processing /opt/airflow/dags/dag_crime_pipeline.py took 0.123 seconds
[2026-05-27T02:28:24.486+0000] {processor.py:161} INFO - Started process (PID=3410) to work on /opt/airflow/dags/dag_crime_pipeline.py
[2026-05-27T02:28:24.488+0000] {processor.py:830} INFO - Processing file /opt/airflow/dags/dag_crime_pipeline.py for tasks to queue
[2026-05-27T02:28:24.490+0000] {logging_mixin.py:188} INFO - [2026-05-27T02:28:24.490+0000] {dagbag.py:538} INFO - Filling up the DagBag from /opt/airflow/dags/dag_crime_pipeline.py
[2026-05-27T02:28:24.525+0000] {processor.py:840} INFO - DAG(s) 'crime_analytics_pipeline' retrieved from /opt/airflow/dags/dag_crime_pipeline.py
[2026-05-27T02:28:24.566+0000] {logging_mixin.py:188} INFO - [2026-05-27T02:28:24.565+0000] {dag.py:3036} INFO - Sync 1 DAGs
[2026-05-27T02:28:24.623+0000] {processor.py:183} INFO - Processing /opt/airflow/dags/dag_crime_pipeline.py took 0.142 seconds
[2026-05-27T02:28:55.456+0000] {processor.py:161} INFO - Started process (PID=3415) to work on /opt/airflow/dags/dag_crime_pipeline.py
[2026-05-27T02:28:55.457+0000] {processor.py:830} INFO - Processing file /opt/airflow/dags/dag_crime_pipeline.py for tasks to queue
[2026-05-27T02:28:55.460+0000] {logging_mixin.py:188} INFO - [2026-05-27T02:28:55.460+0000] {dagbag.py:538} INFO - Filling up the DagBag from /opt/airflow/dags/dag_crime_pipeline.py
[2026-05-27T02:28:55.504+0000] {processor.py:840} INFO - DAG(s) 'crime_analytics_pipeline' retrieved from /opt/airflow/dags/dag_crime_pipeline.py
[2026-05-27T02:28:55.541+0000] {logging_mixin.py:188} INFO - [2026-05-27T02:28:55.540+0000] {dag.py:3036} INFO - Sync 1 DAGs
[2026-05-27T02:28:55.600+0000] {processor.py:183} INFO - Processing /opt/airflow/dags/dag_crime_pipeline.py took 0.148 seconds
[2026-05-27T02:29:25.751+0000] {processor.py:161} INFO - Started process (PID=3420) to work on /opt/airflow/dags/dag_crime_pipeline.py
[2026-05-27T02:29:25.753+0000] {processor.py:830} INFO - Processing file /opt/airflow/dags/dag_crime_pipeline.py for tasks to queue
[2026-05-27T02:29:25.756+0000] {logging_mixin.py:188} INFO - [2026-05-27T02:29:25.755+0000] {dagbag.py:538} INFO - Filling up the DagBag from /opt/airflow/dags/dag_crime_pipeline.py
[2026-05-27T02:29:25.794+0000] {processor.py:840} INFO - DAG(s) 'crime_analytics_pipeline' retrieved from /opt/airflow/dags/dag_crime_pipeline.py
[2026-05-27T02:29:25.829+0000] {logging_mixin.py:188} INFO - [2026-05-27T02:29:25.829+0000] {dag.py:3036} INFO - Sync 1 DAGs
[2026-05-27T02:29:25.872+0000] {processor.py:183} INFO - Processing /opt/airflow/dags/dag_crime_pipeline.py took 0.126 seconds
[2026-05-27T02:29:56.624+0000] {processor.py:161} INFO - Started process (PID=3425) to work on /opt/airflow/dags/dag_crime_pipeline.py
[2026-05-27T02:29:56.625+0000] {processor.py:830} INFO - Processing file /opt/airflow/dags/dag_crime_pipeline.py for tasks to queue
[2026-05-27T02:29:56.629+0000] {logging_mixin.py:188} INFO - [2026-05-27T02:29:56.628+0000] {dagbag.py:538} INFO - Filling up the DagBag from /opt/airflow/dags/dag_crime_pipeline.py
[2026-05-27T02:29:56.663+0000] {processor.py:840} INFO - DAG(s) 'crime_analytics_pipeline' retrieved from /opt/airflow/dags/dag_crime_pipeline.py
[2026-05-27T02:29:56.701+0000] {logging_mixin.py:188} INFO - [2026-05-27T02:29:56.701+0000] {dag.py:3036} INFO - Sync 1 DAGs
[2026-05-27T02:29:56.764+0000] {processor.py:183} INFO - Processing /opt/airflow/dags/dag_crime_pipeline.py took 0.145 seconds
[2026-05-27T02:30:27.612+0000] {processor.py:161} INFO - Started process (PID=3430) to work on /opt/airflow/dags/dag_crime_pipeline.py
[2026-05-27T02:30:27.614+0000] {processor.py:830} INFO - Processing file /opt/airflow/dags/dag_crime_pipeline.py for tasks to queue
[2026-05-27T02:30:27.617+0000] {logging_mixin.py:188} INFO - [2026-05-27T02:30:27.616+0000] {dagbag.py:538} INFO - Filling up the DagBag from /opt/airflow/dags/dag_crime_pipeline.py
[2026-05-27T02:30:27.659+0000] {processor.py:840} INFO - DAG(s) 'crime_analytics_pipeline' retrieved from /opt/airflow/dags/dag_crime_pipeline.py
[2026-05-27T02:30:27.692+0000] {logging_mixin.py:188} INFO - [2026-05-27T02:30:27.692+0000] {dag.py:3036} INFO - Sync 1 DAGs
[2026-05-27T02:30:27.751+0000] {processor.py:183} INFO - Processing /opt/airflow/dags/dag_crime_pipeline.py took 0.143 seconds
[2026-05-27T02:30:58.623+0000] {processor.py:161} INFO - Started process (PID=3435) to work on /opt/airflow/dags/dag_crime_pipeline.py
[2026-05-27T02:30:58.624+0000] {processor.py:830} INFO - Processing file /opt/airflow/dags/dag_crime_pipeline.py for tasks to queue
[2026-05-27T02:30:58.627+0000] {logging_mixin.py:188} INFO - [2026-05-27T02:30:58.626+0000] {dagbag.py:538} INFO - Filling up the DagBag from /opt/airflow/dags/dag_crime_pipeline.py
[2026-05-27T02:30:58.667+0000] {processor.py:840} INFO - DAG(s) 'crime_analytics_pipeline' retrieved from /opt/airflow/dags/dag_crime_pipeline.py
[2026-05-27T02:30:58.703+0000] {logging_mixin.py:188} INFO - [2026-05-27T02:30:58.703+0000] {dag.py:3036} INFO - Sync 1 DAGs
[2026-05-27T02:30:58.764+0000] {processor.py:183} INFO - Processing /opt/airflow/dags/dag_crime_pipeline.py took 0.145 seconds
[2026-05-27T02:31:29.550+0000] {processor.py:161} INFO - Started process (PID=3440) to work on /opt/airflow/dags/dag_crime_pipeline.py
[2026-05-27T02:31:29.551+0000] {processor.py:830} INFO - Processing file /opt/airflow/dags/dag_crime_pipeline.py for tasks to queue
[2026-05-27T02:31:29.554+0000] {logging_mixin.py:188} INFO - [2026-05-27T02:31:29.553+0000] {dagbag.py:538} INFO - Filling up the DagBag from /opt/airflow/dags/dag_crime_pipeline.py
[2026-05-27T02:31:29.591+0000] {processor.py:840} INFO - DAG(s) 'crime_analytics_pipeline' retrieved from /opt/airflow/dags/dag_crime_pipeline.py
[2026-05-27T02:31:29.625+0000] {logging_mixin.py:188} INFO - [2026-05-27T02:31:29.625+0000] {dag.py:3036} INFO - Sync 1 DAGs
[2026-05-27T02:31:29.682+0000] {processor.py:183} INFO - Processing /opt/airflow/dags/dag_crime_pipeline.py took 0.136 seconds
[2026-05-27T02:32:01.596+0000] {processor.py:161} INFO - Started process (PID=3445) to work on /opt/airflow/dags/dag_crime_pipeline.py
[2026-05-27T02:32:01.597+0000] {processor.py:830} INFO - Processing file /opt/airflow/dags/dag_crime_pipeline.py for tasks to queue
[2026-05-27T02:32:01.600+0000] {logging_mixin.py:188} INFO - [2026-05-27T02:32:01.599+0000] {dagbag.py:538} INFO - Filling up the DagBag from /opt/airflow/dags/dag_crime_pipeline.py
[2026-05-27T02:32:01.642+0000] {processor.py:840} INFO - DAG(s) 'crime_analytics_pipeline' retrieved from /opt/airflow/dags/dag_crime_pipeline.py
[2026-05-27T02:32:01.683+0000] {logging_mixin.py:188} INFO - [2026-05-27T02:32:01.682+0000] {dag.py:3036} INFO - Sync 1 DAGs
[2026-05-27T02:32:01.750+0000] {processor.py:183} INFO - Processing /opt/airflow/dags/dag_crime_pipeline.py took 0.158 seconds
[2026-05-27T02:32:34.573+0000] {processor.py:161} INFO - Started process (PID=3450) to work on /opt/airflow/dags/dag_crime_pipeline.py
[2026-05-27T02:32:34.575+0000] {processor.py:830} INFO - Processing file /opt/airflow/dags/dag_crime_pipeline.py for tasks to queue
[2026-05-27T02:32:34.577+0000] {logging_mixin.py:188} INFO - [2026-05-27T02:32:34.577+0000] {dagbag.py:538} INFO - Filling up the DagBag from /opt/airflow/dags/dag_crime_pipeline.py
[2026-05-27T02:32:34.618+0000] {processor.py:840} INFO - DAG(s) 'crime_analytics_pipeline' retrieved from /opt/airflow/dags/dag_crime_pipeline.py
[2026-05-27T02:32:34.651+0000] {logging_mixin.py:188} INFO - [2026-05-27T02:32:34.651+0000] {dag.py:3036} INFO - Sync 1 DAGs
[2026-05-27T02:32:34.692+0000] {processor.py:183} INFO - Processing /opt/airflow/dags/dag_crime_pipeline.py took 0.123 seconds
[2026-05-27T02:33:07.642+0000] {processor.py:161} INFO - Started process (PID=3455) to work on /opt/airflow/dags/dag_crime_pipeline.py
[2026-05-27T02:33:07.643+0000] {processor.py:830} INFO - Processing file /opt/airflow/dags/dag_crime_pipeline.py for tasks to queue
[2026-05-27T02:33:07.645+0000] {logging_mixin.py:188} INFO - [2026-05-27T02:33:07.645+0000] {dagbag.py:538} INFO - Filling up the DagBag from /opt/airflow/dags/dag_crime_pipeline.py
[2026-05-27T02:33:07.680+0000] {processor.py:840} INFO - DAG(s) 'crime_analytics_pipeline' retrieved from /opt/airflow/dags/dag_crime_pipeline.py
[2026-05-27T02:33:07.717+0000] {logging_mixin.py:188} INFO - [2026-05-27T02:33:07.716+0000] {dag.py:3036} INFO - Sync 1 DAGs
[2026-05-27T02:33:07.781+0000] {processor.py:183} INFO - Processing /opt/airflow/dags/dag_crime_pipeline.py took 0.143 seconds
[2026-05-27T02:33:37.865+0000] {processor.py:161} INFO - Started process (PID=3460) to work on /opt/airflow/dags/dag_crime_pipeline.py
[2026-05-27T02:33:37.867+0000] {processor.py:830} INFO - Processing file /opt/airflow/dags/dag_crime_pipeline.py for tasks to queue
[2026-05-27T02:33:37.870+0000] {logging_mixin.py:188} INFO - [2026-05-27T02:33:37.869+0000] {dagbag.py:538} INFO - Filling up the DagBag from /opt/airflow/dags/dag_crime_pipeline.py
[2026-05-27T02:33:37.907+0000] {processor.py:840} INFO - DAG(s) 'crime_analytics_pipeline' retrieved from /opt/airflow/dags/dag_crime_pipeline.py
[2026-05-27T02:33:37.947+0000] {logging_mixin.py:188} INFO - [2026-05-27T02:33:37.946+0000] {dag.py:3036} INFO - Sync 1 DAGs
[2026-05-27T02:33:39.783+0000] {processor.py:183} INFO - Processing /opt/airflow/dags/dag_crime_pipeline.py took 0.147 seconds
[2026-05-27T02:34:12.810+0000] {processor.py:161} INFO - Started process (PID=3465) to work on /opt/airflow/dags/dag_crime_pipeline.py
[2026-05-27T02:34:12.811+0000] {processor.py:830} INFO - Processing file /opt/airflow/dags/dag_crime_pipeline.py for tasks to queue
[2026-05-27T02:34:12.814+0000] {logging_mixin.py:188} INFO - [2026-05-27T02:34:12.814+0000] {dagbag.py:538} INFO - Filling up the DagBag from /opt/airflow/dags/dag_crime_pipeline.py
[2026-05-27T02:34:12.854+0000] {processor.py:840} INFO - DAG(s) 'crime_analytics_pipeline' retrieved from /opt/airflow/dags/dag_crime_pipeline.py
[2026-05-27T02:34:12.889+0000] {logging_mixin.py:188} INFO - [2026-05-27T02:34:12.888+0000] {dag.py:3036} INFO - Sync 1 DAGs
[2026-05-27T02:34:12.952+0000] {processor.py:183} INFO - Processing /opt/airflow/dags/dag_crime_pipeline.py took 0.146 seconds
[2026-05-27T02:34:45.734+0000] {processor.py:161} INFO - Started process (PID=3470) to work on /opt/airflow/dags/dag_crime_pipeline.py
[2026-05-27T02:34:45.735+0000] {processor.py:830} INFO - Processing file /opt/airflow/dags/dag_crime_pipeline.py for tasks to queue
[2026-05-27T02:34:45.738+0000] {logging_mixin.py:188} INFO - [2026-05-27T02:34:45.738+0000] {dagbag.py:538} INFO - Filling up the DagBag from /opt/airflow/dags/dag_crime_pipeline.py
[2026-05-27T02:34:45.777+0000] {processor.py:840} INFO - DAG(s) 'crime_analytics_pipeline' retrieved from /opt/airflow/dags/dag_crime_pipeline.py
[2026-05-27T02:34:45.816+0000] {logging_mixin.py:188} INFO - [2026-05-27T02:34:45.815+0000] {dag.py:3036} INFO - Sync 1 DAGs
[2026-05-27T02:34:45.877+0000] {processor.py:183} INFO - Processing /opt/airflow/dags/dag_crime_pipeline.py took 0.147 seconds
[2026-05-27T02:35:18.833+0000] {processor.py:161} INFO - Started process (PID=3475) to work on /opt/airflow/dags/dag_crime_pipeline.py
[2026-05-27T02:35:18.834+0000] {processor.py:830} INFO - Processing file /opt/airflow/dags/dag_crime_pipeline.py for tasks to queue
[2026-05-27T02:35:18.837+0000] {logging_mixin.py:188} INFO - [2026-05-27T02:35:18.836+0000] {dagbag.py:538} INFO - Filling up the DagBag from /opt/airflow/dags/dag_crime_pipeline.py
[2026-05-27T02:35:18.875+0000] {processor.py:840} INFO - DAG(s) 'crime_analytics_pipeline' retrieved from /opt/airflow/dags/dag_crime_pipeline.py
[2026-05-27T02:35:18.915+0000] {logging_mixin.py:188} INFO - [2026-05-27T02:35:18.914+0000] {dag.py:3036} INFO - Sync 1 DAGs
[2026-05-27T02:35:18.963+0000] {processor.py:183} INFO - Processing /opt/airflow/dags/dag_crime_pipeline.py took 0.134 seconds
[2026-05-27T02:35:49.075+0000] {processor.py:161} INFO - Started process (PID=3480) to work on /opt/airflow/dags/dag_crime_pipeline.py
[2026-05-27T02:35:49.076+0000] {processor.py:830} INFO - Processing file /opt/airflow/dags/dag_crime_pipeline.py for tasks to queue
[2026-05-27T02:35:49.079+0000] {logging_mixin.py:188} INFO - [2026-05-27T02:35:49.079+0000] {dagbag.py:538} INFO - Filling up the DagBag from /opt/airflow/dags/dag_crime_pipeline.py
[2026-05-27T02:35:49.116+0000] {processor.py:840} INFO - DAG(s) 'crime_analytics_pipeline' retrieved from /opt/airflow/dags/dag_crime_pipeline.py
[2026-05-27T02:35:49.153+0000] {logging_mixin.py:188} INFO - [2026-05-27T02:35:49.153+0000] {dag.py:3036} INFO - Sync 1 DAGs
[2026-05-27T02:35:49.214+0000] {processor.py:183} INFO - Processing /opt/airflow/dags/dag_crime_pipeline.py took 0.143 seconds
[2026-05-27T02:36:24.048+0000] {processor.py:161} INFO - Started process (PID=3485) to work on /opt/airflow/dags/dag_crime_pipeline.py
[2026-05-27T02:36:24.050+0000] {processor.py:830} INFO - Processing file /opt/airflow/dags/dag_crime_pipeline.py for tasks to queue
[2026-05-27T02:36:24.053+0000] {logging_mixin.py:188} INFO - [2026-05-27T02:36:24.053+0000] {dagbag.py:538} INFO - Filling up the DagBag from /opt/airflow/dags/dag_crime_pipeline.py
[2026-05-27T02:36:24.091+0000] {processor.py:840} INFO - DAG(s) 'crime_analytics_pipeline' retrieved from /opt/airflow/dags/dag_crime_pipeline.py
[2026-05-27T02:36:24.131+0000] {logging_mixin.py:188} INFO - [2026-05-27T02:36:24.131+0000] {dag.py:3036} INFO - Sync 1 DAGs
[2026-05-27T02:36:24.193+0000] {processor.py:183} INFO - Processing /opt/airflow/dags/dag_crime_pipeline.py took 0.149 seconds
[2026-05-27T02:36:57.195+0000] {processor.py:161} INFO - Started process (PID=3490) to work on /opt/airflow/dags/dag_crime_pipeline.py
[2026-05-27T02:36:57.197+0000] {processor.py:830} INFO - Processing file /opt/airflow/dags/dag_crime_pipeline.py for tasks to queue
[2026-05-27T02:36:57.201+0000] {logging_mixin.py:188} INFO - [2026-05-27T02:36:57.200+0000] {dagbag.py:538} INFO - Filling up the DagBag from /opt/airflow/dags/dag_crime_pipeline.py
[2026-05-27T02:36:57.248+0000] {processor.py:840} INFO - DAG(s) 'crime_analytics_pipeline' retrieved from /opt/airflow/dags/dag_crime_pipeline.py
[2026-05-27T02:36:57.286+0000] {logging_mixin.py:188} INFO - [2026-05-27T02:36:57.285+0000] {dag.py:3036} INFO - Sync 1 DAGs
[2026-05-27T02:36:57.351+0000] {processor.py:183} INFO - Processing /opt/airflow/dags/dag_crime_pipeline.py took 0.163 seconds
[2026-05-27T02:37:27.776+0000] {processor.py:161} INFO - Started process (PID=3495) to work on /opt/airflow/dags/dag_crime_pipeline.py
[2026-05-27T02:37:27.778+0000] {processor.py:830} INFO - Processing file /opt/airflow/dags/dag_crime_pipeline.py for tasks to queue
[2026-05-27T02:37:27.782+0000] {logging_mixin.py:188} INFO - [2026-05-27T02:37:27.781+0000] {dagbag.py:538} INFO - Filling up the DagBag from /opt/airflow/dags/dag_crime_pipeline.py
[2026-05-27T02:37:27.823+0000] {processor.py:840} INFO - DAG(s) 'crime_analytics_pipeline' retrieved from /opt/airflow/dags/dag_crime_pipeline.py
[2026-05-27T02:37:27.862+0000] {logging_mixin.py:188} INFO - [2026-05-27T02:37:27.862+0000] {dag.py:3036} INFO - Sync 1 DAGs
[2026-05-27T02:37:27.921+0000] {processor.py:183} INFO - Processing /opt/airflow/dags/dag_crime_pipeline.py took 0.148 seconds
[2026-05-27T02:37:58.729+0000] {processor.py:161} INFO - Started process (PID=3500) to work on /opt/airflow/dags/dag_crime_pipeline.py
[2026-05-27T02:37:58.730+0000] {processor.py:830} INFO - Processing file /opt/airflow/dags/dag_crime_pipeline.py for tasks to queue
[2026-05-27T02:37:58.733+0000] {logging_mixin.py:188} INFO - [2026-05-27T02:37:58.733+0000] {dagbag.py:538} INFO - Filling up the DagBag from /opt/airflow/dags/dag_crime_pipeline.py
[2026-05-27T02:37:58.775+0000] {processor.py:840} INFO - DAG(s) 'crime_analytics_pipeline' retrieved from /opt/airflow/dags/dag_crime_pipeline.py
[2026-05-27T02:37:58.810+0000] {logging_mixin.py:188} INFO - [2026-05-27T02:37:58.810+0000] {dag.py:3036} INFO - Sync 1 DAGs
[2026-05-27T02:37:58.852+0000] {processor.py:183} INFO - Processing /opt/airflow/dags/dag_crime_pipeline.py took 0.128 seconds
[2026-05-27T02:38:28.923+0000] {processor.py:161} INFO - Started process (PID=3505) to work on /opt/airflow/dags/dag_crime_pipeline.py
[2026-05-27T02:38:28.927+0000] {processor.py:830} INFO - Processing file /opt/airflow/dags/dag_crime_pipeline.py for tasks to queue
[2026-05-27T02:38:28.930+0000] {logging_mixin.py:188} INFO - [2026-05-27T02:38:28.930+0000] {dagbag.py:538} INFO - Filling up the DagBag from /opt/airflow/dags/dag_crime_pipeline.py
[2026-05-27T02:38:29.010+0000] {processor.py:840} INFO - DAG(s) 'crime_analytics_pipeline' retrieved from /opt/airflow/dags/dag_crime_pipeline.py
[2026-05-27T02:38:29.078+0000] {logging_mixin.py:188} INFO - [2026-05-27T02:38:29.078+0000] {dag.py:3036} INFO - Sync 1 DAGs
[2026-05-27T02:38:29.134+0000] {processor.py:183} INFO - Processing /opt/airflow/dags/dag_crime_pipeline.py took 0.216 seconds
[2026-05-27T02:38:59.318+0000] {processor.py:161} INFO - Started process (PID=3510) to work on /opt/airflow/dags/dag_crime_pipeline.py
[2026-05-27T02:38:59.320+0000] {processor.py:830} INFO - Processing file /opt/airflow/dags/dag_crime_pipeline.py for tasks to queue
[2026-05-27T02:38:59.323+0000] {logging_mixin.py:188} INFO - [2026-05-27T02:38:59.322+0000] {dagbag.py:538} INFO - Filling up the DagBag from /opt/airflow/dags/dag_crime_pipeline.py
[2026-05-27T02:38:59.359+0000] {processor.py:840} INFO - DAG(s) 'crime_analytics_pipeline' retrieved from /opt/airflow/dags/dag_crime_pipeline.py
[2026-05-27T02:38:59.389+0000] {logging_mixin.py:188} INFO - [2026-05-27T02:38:59.389+0000] {dag.py:3036} INFO - Sync 1 DAGs
[2026-05-27T02:38:59.458+0000] {processor.py:183} INFO - Processing /opt/airflow/dags/dag_crime_pipeline.py took 0.144 seconds
[2026-05-27T02:39:29.522+0000] {processor.py:161} INFO - Started process (PID=3515) to work on /opt/airflow/dags/dag_crime_pipeline.py
[2026-05-27T02:39:29.524+0000] {processor.py:830} INFO - Processing file /opt/airflow/dags/dag_crime_pipeline.py for tasks to queue
[2026-05-27T02:39:29.526+0000] {logging_mixin.py:188} INFO - [2026-05-27T02:39:29.526+0000] {dagbag.py:538} INFO - Filling up the DagBag from /opt/airflow/dags/dag_crime_pipeline.py
[2026-05-27T02:39:29.650+0000] {processor.py:840} INFO - DAG(s) 'crime_analytics_pipeline' retrieved from /opt/airflow/dags/dag_crime_pipeline.py
[2026-05-27T02:39:29.693+0000] {logging_mixin.py:188} INFO - [2026-05-27T02:39:29.692+0000] {dag.py:3036} INFO - Sync 1 DAGs
[2026-05-27T02:39:29.734+0000] {processor.py:183} INFO - Processing /opt/airflow/dags/dag_crime_pipeline.py took 0.216 seconds
[2026-05-27T02:40:00.558+0000] {processor.py:161} INFO - Started process (PID=3520) to work on /opt/airflow/dags/dag_crime_pipeline.py
[2026-05-27T02:40:00.559+0000] {processor.py:830} INFO - Processing file /opt/airflow/dags/dag_crime_pipeline.py for tasks to queue
[2026-05-27T02:40:00.562+0000] {logging_mixin.py:188} INFO - [2026-05-27T02:40:00.561+0000] {dagbag.py:538} INFO - Filling up the DagBag from /opt/airflow/dags/dag_crime_pipeline.py
[2026-05-27T02:40:00.607+0000] {processor.py:840} INFO - DAG(s) 'crime_analytics_pipeline' retrieved from /opt/airflow/dags/dag_crime_pipeline.py
[2026-05-27T02:40:00.648+0000] {logging_mixin.py:188} INFO - [2026-05-27T02:40:00.647+0000] {dag.py:3036} INFO - Sync 1 DAGs
[2026-05-27T02:40:00.695+0000] {processor.py:183} INFO - Processing /opt/airflow/dags/dag_crime_pipeline.py took 0.141 seconds
[2026-05-27T02:40:30.765+0000] {processor.py:161} INFO - Started process (PID=3525) to work on /opt/airflow/dags/dag_crime_pipeline.py
[2026-05-27T02:40:30.766+0000] {processor.py:830} INFO - Processing file /opt/airflow/dags/dag_crime_pipeline.py for tasks to queue
[2026-05-27T02:40:30.769+0000] {logging_mixin.py:188} INFO - [2026-05-27T02:40:30.769+0000] {dagbag.py:538} INFO - Filling up the DagBag from /opt/airflow/dags/dag_crime_pipeline.py
[2026-05-27T02:40:30.812+0000] {processor.py:840} INFO - DAG(s) 'crime_analytics_pipeline' retrieved from /opt/airflow/dags/dag_crime_pipeline.py
[2026-05-27T02:40:30.853+0000] {logging_mixin.py:188} INFO - [2026-05-27T02:40:30.852+0000] {dag.py:3036} INFO - Sync 1 DAGs
[2026-05-27T02:40:30.925+0000] {processor.py:183} INFO - Processing /opt/airflow/dags/dag_crime_pipeline.py took 0.165 seconds
[2026-05-27T02:41:01.125+0000] {processor.py:161} INFO - Started process (PID=3530) to work on /opt/airflow/dags/dag_crime_pipeline.py
[2026-05-27T02:41:01.126+0000] {processor.py:830} INFO - Processing file /opt/airflow/dags/dag_crime_pipeline.py for tasks to queue
[2026-05-27T02:41:01.129+0000] {logging_mixin.py:188} INFO - [2026-05-27T02:41:01.129+0000] {dagbag.py:538} INFO - Filling up the DagBag from /opt/airflow/dags/dag_crime_pipeline.py
[2026-05-27T02:41:01.163+0000] {processor.py:840} INFO - DAG(s) 'crime_analytics_pipeline' retrieved from /opt/airflow/dags/dag_crime_pipeline.py
[2026-05-27T02:41:01.201+0000] {logging_mixin.py:188} INFO - [2026-05-27T02:41:01.200+0000] {dag.py:3036} INFO - Sync 1 DAGs
[2026-05-27T02:41:01.261+0000] {processor.py:183} INFO - Processing /opt/airflow/dags/dag_crime_pipeline.py took 0.140 seconds
[2026-05-27T02:41:31.351+0000] {processor.py:161} INFO - Started process (PID=3535) to work on /opt/airflow/dags/dag_crime_pipeline.py
[2026-05-27T02:41:31.352+0000] {processor.py:830} INFO - Processing file /opt/airflow/dags/dag_crime_pipeline.py for tasks to queue
[2026-05-27T02:41:31.355+0000] {logging_mixin.py:188} INFO - [2026-05-27T02:41:31.354+0000] {dagbag.py:538} INFO - Filling up the DagBag from /opt/airflow/dags/dag_crime_pipeline.py
[2026-05-27T02:41:31.390+0000] {processor.py:840} INFO - DAG(s) 'crime_analytics_pipeline' retrieved from /opt/airflow/dags/dag_crime_pipeline.py
[2026-05-27T02:41:31.429+0000] {logging_mixin.py:188} INFO - [2026-05-27T02:41:31.428+0000] {dag.py:3036} INFO - Sync 1 DAGs
[2026-05-27T02:41:31.486+0000] {processor.py:183} INFO - Processing /opt/airflow/dags/dag_crime_pipeline.py took 0.140 seconds
[2026-05-27T02:42:02.380+0000] {processor.py:161} INFO - Started process (PID=3540) to work on /opt/airflow/dags/dag_crime_pipeline.py
[2026-05-27T02:42:02.382+0000] {processor.py:830} INFO - Processing file /opt/airflow/dags/dag_crime_pipeline.py for tasks to queue
[2026-05-27T02:42:02.385+0000] {logging_mixin.py:188} INFO - [2026-05-27T02:42:02.385+0000] {dagbag.py:538} INFO - Filling up the DagBag from /opt/airflow/dags/dag_crime_pipeline.py
[2026-05-27T02:42:02.425+0000] {processor.py:840} INFO - DAG(s) 'crime_analytics_pipeline' retrieved from /opt/airflow/dags/dag_crime_pipeline.py
[2026-05-27T02:42:02.459+0000] {logging_mixin.py:188} INFO - [2026-05-27T02:42:02.459+0000] {dag.py:3036} INFO - Sync 1 DAGs
[2026-05-27T02:42:02.519+0000] {processor.py:183} INFO - Processing /opt/airflow/dags/dag_crime_pipeline.py took 0.143 seconds
[2026-05-27T02:42:32.610+0000] {processor.py:161} INFO - Started process (PID=3545) to work on /opt/airflow/dags/dag_crime_pipeline.py
[2026-05-27T02:42:32.612+0000] {processor.py:830} INFO - Processing file /opt/airflow/dags/dag_crime_pipeline.py for tasks to queue
[2026-05-27T02:42:32.615+0000] {logging_mixin.py:188} INFO - [2026-05-27T02:42:32.614+0000] {dagbag.py:538} INFO - Filling up the DagBag from /opt/airflow/dags/dag_crime_pipeline.py
[2026-05-27T02:42:32.653+0000] {processor.py:840} INFO - DAG(s) 'crime_analytics_pipeline' retrieved from /opt/airflow/dags/dag_crime_pipeline.py
[2026-05-27T02:42:32.685+0000] {logging_mixin.py:188} INFO - [2026-05-27T02:42:32.685+0000] {dag.py:3036} INFO - Sync 1 DAGs
[2026-05-27T02:42:32.743+0000] {processor.py:183} INFO - Processing /opt/airflow/dags/dag_crime_pipeline.py took 0.137 seconds
[2026-05-27T02:43:02.875+0000] {processor.py:161} INFO - Started process (PID=3550) to work on /opt/airflow/dags/dag_crime_pipeline.py
[2026-05-27T02:43:02.877+0000] {processor.py:830} INFO - Processing file /opt/airflow/dags/dag_crime_pipeline.py for tasks to queue
[2026-05-27T02:43:02.880+0000] {logging_mixin.py:188} INFO - [2026-05-27T02:43:02.879+0000] {dagbag.py:538} INFO - Filling up the DagBag from /opt/airflow/dags/dag_crime_pipeline.py
[2026-05-27T02:43:02.913+0000] {processor.py:840} INFO - DAG(s) 'crime_analytics_pipeline' retrieved from /opt/airflow/dags/dag_crime_pipeline.py
[2026-05-27T02:43:02.950+0000] {logging_mixin.py:188} INFO - [2026-05-27T02:43:02.950+0000] {dag.py:3036} INFO - Sync 1 DAGs
[2026-05-27T02:43:03.009+0000] {processor.py:183} INFO - Processing /opt/airflow/dags/dag_crime_pipeline.py took 0.138 seconds
[2026-05-27T02:43:33.155+0000] {processor.py:161} INFO - Started process (PID=3555) to work on /opt/airflow/dags/dag_crime_pipeline.py
[2026-05-27T02:43:33.157+0000] {processor.py:830} INFO - Processing file /opt/airflow/dags/dag_crime_pipeline.py for tasks to queue
[2026-05-27T02:43:33.159+0000] {logging_mixin.py:188} INFO - [2026-05-27T02:43:33.159+0000] {dagbag.py:538} INFO - Filling up the DagBag from /opt/airflow/dags/dag_crime_pipeline.py
[2026-05-27T02:43:33.196+0000] {processor.py:840} INFO - DAG(s) 'crime_analytics_pipeline' retrieved from /opt/airflow/dags/dag_crime_pipeline.py
[2026-05-27T02:43:33.241+0000] {logging_mixin.py:188} INFO - [2026-05-27T02:43:33.240+0000] {dag.py:3036} INFO - Sync 1 DAGs
[2026-05-27T02:43:33.305+0000] {processor.py:183} INFO - Processing /opt/airflow/dags/dag_crime_pipeline.py took 0.153 seconds
[2026-05-27T02:44:05.280+0000] {processor.py:161} INFO - Started process (PID=3560) to work on /opt/airflow/dags/dag_crime_pipeline.py
[2026-05-27T02:44:05.281+0000] {processor.py:830} INFO - Processing file /opt/airflow/dags/dag_crime_pipeline.py for tasks to queue
[2026-05-27T02:44:05.284+0000] {logging_mixin.py:188} INFO - [2026-05-27T02:44:05.284+0000] {dagbag.py:538} INFO - Filling up the DagBag from /opt/airflow/dags/dag_crime_pipeline.py
[2026-05-27T02:44:05.327+0000] {processor.py:840} INFO - DAG(s) 'crime_analytics_pipeline' retrieved from /opt/airflow/dags/dag_crime_pipeline.py
[2026-05-27T02:44:05.365+0000] {logging_mixin.py:188} INFO - [2026-05-27T02:44:05.365+0000] {dag.py:3036} INFO - Sync 1 DAGs
[2026-05-27T02:44:05.434+0000] {processor.py:183} INFO - Processing /opt/airflow/dags/dag_crime_pipeline.py took 0.158 seconds
[2026-05-27T02:44:38.502+0000] {processor.py:161} INFO - Started process (PID=3565) to work on /opt/airflow/dags/dag_crime_pipeline.py
[2026-05-27T02:44:38.503+0000] {processor.py:830} INFO - Processing file /opt/airflow/dags/dag_crime_pipeline.py for tasks to queue
[2026-05-27T02:44:38.506+0000] {logging_mixin.py:188} INFO - [2026-05-27T02:44:38.505+0000] {dagbag.py:538} INFO - Filling up the DagBag from /opt/airflow/dags/dag_crime_pipeline.py
[2026-05-27T02:44:38.551+0000] {processor.py:840} INFO - DAG(s) 'crime_analytics_pipeline' retrieved from /opt/airflow/dags/dag_crime_pipeline.py
[2026-05-27T02:44:38.599+0000] {logging_mixin.py:188} INFO - [2026-05-27T02:44:38.599+0000] {dag.py:3036} INFO - Sync 1 DAGs
[2026-05-27T02:44:38.641+0000] {processor.py:183} INFO - Processing /opt/airflow/dags/dag_crime_pipeline.py took 0.144 seconds
[2026-05-27T02:45:08.865+0000] {processor.py:161} INFO - Started process (PID=3570) to work on /opt/airflow/dags/dag_crime_pipeline.py
[2026-05-27T02:45:08.866+0000] {processor.py:830} INFO - Processing file /opt/airflow/dags/dag_crime_pipeline.py for tasks to queue
[2026-05-27T02:45:08.869+0000] {logging_mixin.py:188} INFO - [2026-05-27T02:45:08.869+0000] {dagbag.py:538} INFO - Filling up the DagBag from /opt/airflow/dags/dag_crime_pipeline.py
[2026-05-27T02:45:08.911+0000] {processor.py:840} INFO - DAG(s) 'crime_analytics_pipeline' retrieved from /opt/airflow/dags/dag_crime_pipeline.py
[2026-05-27T02:45:08.946+0000] {logging_mixin.py:188} INFO - [2026-05-27T02:45:08.945+0000] {dag.py:3036} INFO - Sync 1 DAGs
[2026-05-27T02:45:09.007+0000] {processor.py:183} INFO - Processing /opt/airflow/dags/dag_crime_pipeline.py took 0.147 seconds
[2026-05-27T02:45:39.938+0000] {processor.py:161} INFO - Started process (PID=3575) to work on /opt/airflow/dags/dag_crime_pipeline.py
[2026-05-27T02:45:39.939+0000] {processor.py:830} INFO - Processing file /opt/airflow/dags/dag_crime_pipeline.py for tasks to queue
[2026-05-27T02:45:39.942+0000] {logging_mixin.py:188} INFO - [2026-05-27T02:45:39.941+0000] {dagbag.py:538} INFO - Filling up the DagBag from /opt/airflow/dags/dag_crime_pipeline.py
[2026-05-27T02:45:39.981+0000] {processor.py:840} INFO - DAG(s) 'crime_analytics_pipeline' retrieved from /opt/airflow/dags/dag_crime_pipeline.py
[2026-05-27T02:45:40.015+0000] {logging_mixin.py:188} INFO - [2026-05-27T02:45:40.015+0000] {dag.py:3036} INFO - Sync 1 DAGs
[2026-05-27T02:45:40.073+0000] {processor.py:183} INFO - Processing /opt/airflow/dags/dag_crime_pipeline.py took 0.139 seconds
[2026-05-27T02:46:10.184+0000] {processor.py:161} INFO - Started process (PID=3580) to work on /opt/airflow/dags/dag_crime_pipeline.py
[2026-05-27T02:46:10.185+0000] {processor.py:830} INFO - Processing file /opt/airflow/dags/dag_crime_pipeline.py for tasks to queue
[2026-05-27T02:46:10.188+0000] {logging_mixin.py:188} INFO - [2026-05-27T02:46:10.187+0000] {dagbag.py:538} INFO - Filling up the DagBag from /opt/airflow/dags/dag_crime_pipeline.py
[2026-05-27T02:46:10.226+0000] {processor.py:840} INFO - DAG(s) 'crime_analytics_pipeline' retrieved from /opt/airflow/dags/dag_crime_pipeline.py
[2026-05-27T02:46:10.258+0000] {logging_mixin.py:188} INFO - [2026-05-27T02:46:10.258+0000] {dag.py:3036} INFO - Sync 1 DAGs
[2026-05-27T02:46:10.301+0000] {processor.py:183} INFO - Processing /opt/airflow/dags/dag_crime_pipeline.py took 0.121 seconds
[2026-05-27T02:46:41.189+0000] {processor.py:161} INFO - Started process (PID=3585) to work on /opt/airflow/dags/dag_crime_pipeline.py
[2026-05-27T02:46:41.191+0000] {processor.py:830} INFO - Processing file /opt/airflow/dags/dag_crime_pipeline.py for tasks to queue
[2026-05-27T02:46:41.193+0000] {logging_mixin.py:188} INFO - [2026-05-27T02:46:41.193+0000] {dagbag.py:538} INFO - Filling up the DagBag from /opt/airflow/dags/dag_crime_pipeline.py
[2026-05-27T02:46:41.231+0000] {processor.py:840} INFO - DAG(s) 'crime_analytics_pipeline' retrieved from /opt/airflow/dags/dag_crime_pipeline.py
[2026-05-27T02:46:41.269+0000] {logging_mixin.py:188} INFO - [2026-05-27T02:46:41.268+0000] {dag.py:3036} INFO - Sync 1 DAGs
[2026-05-27T02:46:41.318+0000] {processor.py:183} INFO - Processing /opt/airflow/dags/dag_crime_pipeline.py took 0.132 seconds
[2026-05-27T02:47:12.246+0000] {processor.py:161} INFO - Started process (PID=3590) to work on /opt/airflow/dags/dag_crime_pipeline.py
[2026-05-27T02:47:12.249+0000] {processor.py:830} INFO - Processing file /opt/airflow/dags/dag_crime_pipeline.py for tasks to queue
[2026-05-27T02:47:12.251+0000] {logging_mixin.py:188} INFO - [2026-05-27T02:47:12.251+0000] {dagbag.py:538} INFO - Filling up the DagBag from /opt/airflow/dags/dag_crime_pipeline.py
[2026-05-27T02:47:12.296+0000] {processor.py:840} INFO - DAG(s) 'crime_analytics_pipeline' retrieved from /opt/airflow/dags/dag_crime_pipeline.py
[2026-05-27T02:47:12.331+0000] {logging_mixin.py:188} INFO - [2026-05-27T02:47:12.331+0000] {dag.py:3036} INFO - Sync 1 DAGs
[2026-05-27T02:47:12.385+0000] {processor.py:183} INFO - Processing /opt/airflow/dags/dag_crime_pipeline.py took 0.143 seconds
[2026-05-27T02:47:42.516+0000] {processor.py:161} INFO - Started process (PID=3595) to work on /opt/airflow/dags/dag_crime_pipeline.py
[2026-05-27T02:47:42.518+0000] {processor.py:830} INFO - Processing file /opt/airflow/dags/dag_crime_pipeline.py for tasks to queue
[2026-05-27T02:47:42.520+0000] {logging_mixin.py:188} INFO - [2026-05-27T02:47:42.520+0000] {dagbag.py:538} INFO - Filling up the DagBag from /opt/airflow/dags/dag_crime_pipeline.py
[2026-05-27T02:47:42.555+0000] {processor.py:840} INFO - DAG(s) 'crime_analytics_pipeline' retrieved from /opt/airflow/dags/dag_crime_pipeline.py
[2026-05-27T02:47:42.591+0000] {logging_mixin.py:188} INFO - [2026-05-27T02:47:42.591+0000] {dag.py:3036} INFO - Sync 1 DAGs
[2026-05-27T02:47:42.634+0000] {processor.py:183} INFO - Processing /opt/airflow/dags/dag_crime_pipeline.py took 0.122 seconds
[2026-05-27T02:48:13.515+0000] {processor.py:161} INFO - Started process (PID=3600) to work on /opt/airflow/dags/dag_crime_pipeline.py
[2026-05-27T02:48:13.516+0000] {processor.py:830} INFO - Processing file /opt/airflow/dags/dag_crime_pipeline.py for tasks to queue
[2026-05-27T02:48:13.519+0000] {logging_mixin.py:188} INFO - [2026-05-27T02:48:13.518+0000] {dagbag.py:538} INFO - Filling up the DagBag from /opt/airflow/dags/dag_crime_pipeline.py
[2026-05-27T02:48:13.554+0000] {processor.py:840} INFO - DAG(s) 'crime_analytics_pipeline' retrieved from /opt/airflow/dags/dag_crime_pipeline.py
[2026-05-27T02:48:13.595+0000] {logging_mixin.py:188} INFO - [2026-05-27T02:48:13.594+0000] {dag.py:3036} INFO - Sync 1 DAGs
[2026-05-27T02:48:13.655+0000] {processor.py:183} INFO - Processing /opt/airflow/dags/dag_crime_pipeline.py took 0.144 seconds
[2026-05-27T02:48:44.679+0000] {processor.py:161} INFO - Started process (PID=3605) to work on /opt/airflow/dags/dag_crime_pipeline.py
[2026-05-27T02:48:44.681+0000] {processor.py:830} INFO - Processing file /opt/airflow/dags/dag_crime_pipeline.py for tasks to queue
[2026-05-27T02:48:44.684+0000] {logging_mixin.py:188} INFO - [2026-05-27T02:48:44.683+0000] {dagbag.py:538} INFO - Filling up the DagBag from /opt/airflow/dags/dag_crime_pipeline.py
[2026-05-27T02:48:44.721+0000] {processor.py:840} INFO - DAG(s) 'crime_analytics_pipeline' retrieved from /opt/airflow/dags/dag_crime_pipeline.py
[2026-05-27T02:48:44.756+0000] {logging_mixin.py:188} INFO - [2026-05-27T02:48:44.755+0000] {dag.py:3036} INFO - Sync 1 DAGs
[2026-05-27T02:48:44.797+0000] {processor.py:183} INFO - Processing /opt/airflow/dags/dag_crime_pipeline.py took 0.121 seconds
[2026-05-27T02:49:15.619+0000] {processor.py:161} INFO - Started process (PID=3610) to work on /opt/airflow/dags/dag_crime_pipeline.py
[2026-05-27T02:49:15.621+0000] {processor.py:830} INFO - Processing file /opt/airflow/dags/dag_crime_pipeline.py for tasks to queue
[2026-05-27T02:49:15.623+0000] {logging_mixin.py:188} INFO - [2026-05-27T02:49:15.623+0000] {dagbag.py:538} INFO - Filling up the DagBag from /opt/airflow/dags/dag_crime_pipeline.py
[2026-05-27T02:49:15.658+0000] {processor.py:840} INFO - DAG(s) 'crime_analytics_pipeline' retrieved from /opt/airflow/dags/dag_crime_pipeline.py
[2026-05-27T02:49:15.696+0000] {logging_mixin.py:188} INFO - [2026-05-27T02:49:15.696+0000] {dag.py:3036} INFO - Sync 1 DAGs
[2026-05-27T02:49:15.744+0000] {processor.py:183} INFO - Processing /opt/airflow/dags/dag_crime_pipeline.py took 0.130 seconds
[2026-05-27T02:49:46.628+0000] {processor.py:161} INFO - Started process (PID=3615) to work on /opt/airflow/dags/dag_crime_pipeline.py
[2026-05-27T02:49:46.629+0000] {processor.py:830} INFO - Processing file /opt/airflow/dags/dag_crime_pipeline.py for tasks to queue
[2026-05-27T02:49:46.632+0000] {logging_mixin.py:188} INFO - [2026-05-27T02:49:46.632+0000] {dagbag.py:538} INFO - Filling up the DagBag from /opt/airflow/dags/dag_crime_pipeline.py
[2026-05-27T02:49:46.670+0000] {processor.py:840} INFO - DAG(s) 'crime_analytics_pipeline' retrieved from /opt/airflow/dags/dag_crime_pipeline.py
[2026-05-27T02:49:46.705+0000] {logging_mixin.py:188} INFO - [2026-05-27T02:49:46.705+0000] {dag.py:3036} INFO - Sync 1 DAGs
[2026-05-27T02:49:46.760+0000] {processor.py:183} INFO - Processing /opt/airflow/dags/dag_crime_pipeline.py took 0.136 seconds
[2026-05-27T02:50:17.668+0000] {processor.py:161} INFO - Started process (PID=3620) to work on /opt/airflow/dags/dag_crime_pipeline.py
[2026-05-27T02:50:17.669+0000] {processor.py:830} INFO - Processing file /opt/airflow/dags/dag_crime_pipeline.py for tasks to queue
[2026-05-27T02:50:17.672+0000] {logging_mixin.py:188} INFO - [2026-05-27T02:50:17.671+0000] {dagbag.py:538} INFO - Filling up the DagBag from /opt/airflow/dags/dag_crime_pipeline.py
[2026-05-27T02:50:17.708+0000] {processor.py:840} INFO - DAG(s) 'crime_analytics_pipeline' retrieved from /opt/airflow/dags/dag_crime_pipeline.py
[2026-05-27T02:50:17.744+0000] {logging_mixin.py:188} INFO - [2026-05-27T02:50:17.744+0000] {dag.py:3036} INFO - Sync 1 DAGs
[2026-05-27T02:50:17.805+0000] {processor.py:183} INFO - Processing /opt/airflow/dags/dag_crime_pipeline.py took 0.141 seconds
[2026-05-27T02:50:48.716+0000] {processor.py:161} INFO - Started process (PID=3625) to work on /opt/airflow/dags/dag_crime_pipeline.py
[2026-05-27T02:50:48.718+0000] {processor.py:830} INFO - Processing file /opt/airflow/dags/dag_crime_pipeline.py for tasks to queue
[2026-05-27T02:50:48.721+0000] {logging_mixin.py:188} INFO - [2026-05-27T02:50:48.720+0000] {dagbag.py:538} INFO - Filling up the DagBag from /opt/airflow/dags/dag_crime_pipeline.py
[2026-05-27T02:50:48.760+0000] {processor.py:840} INFO - DAG(s) 'crime_analytics_pipeline' retrieved from /opt/airflow/dags/dag_crime_pipeline.py
[2026-05-27T02:50:48.793+0000] {logging_mixin.py:188} INFO - [2026-05-27T02:50:48.793+0000] {dag.py:3036} INFO - Sync 1 DAGs
[2026-05-27T02:50:48.850+0000] {processor.py:183} INFO - Processing /opt/airflow/dags/dag_crime_pipeline.py took 0.138 seconds
[2026-05-27T02:51:19.666+0000] {processor.py:161} INFO - Started process (PID=3630) to work on /opt/airflow/dags/dag_crime_pipeline.py
[2026-05-27T02:51:19.668+0000] {processor.py:830} INFO - Processing file /opt/airflow/dags/dag_crime_pipeline.py for tasks to queue
[2026-05-27T02:51:19.670+0000] {logging_mixin.py:188} INFO - [2026-05-27T02:51:19.670+0000] {dagbag.py:538} INFO - Filling up the DagBag from /opt/airflow/dags/dag_crime_pipeline.py
[2026-05-27T02:51:19.706+0000] {processor.py:840} INFO - DAG(s) 'crime_analytics_pipeline' retrieved from /opt/airflow/dags/dag_crime_pipeline.py
[2026-05-27T02:51:19.745+0000] {logging_mixin.py:188} INFO - [2026-05-27T02:51:19.745+0000] {dag.py:3036} INFO - Sync 1 DAGs
[2026-05-27T02:51:19.788+0000] {processor.py:183} INFO - Processing /opt/airflow/dags/dag_crime_pipeline.py took 0.126 seconds
[2026-05-27T02:51:50.821+0000] {processor.py:161} INFO - Started process (PID=3635) to work on /opt/airflow/dags/dag_crime_pipeline.py
[2026-05-27T02:51:50.823+0000] {processor.py:830} INFO - Processing file /opt/airflow/dags/dag_crime_pipeline.py for tasks to queue
[2026-05-27T02:51:50.825+0000] {logging_mixin.py:188} INFO - [2026-05-27T02:51:50.825+0000] {dagbag.py:538} INFO - Filling up the DagBag from /opt/airflow/dags/dag_crime_pipeline.py
[2026-05-27T02:51:50.862+0000] {processor.py:840} INFO - DAG(s) 'crime_analytics_pipeline' retrieved from /opt/airflow/dags/dag_crime_pipeline.py
[2026-05-27T02:51:50.898+0000] {logging_mixin.py:188} INFO - [2026-05-27T02:51:50.897+0000] {dag.py:3036} INFO - Sync 1 DAGs
[2026-05-27T02:51:50.944+0000] {processor.py:183} INFO - Processing /opt/airflow/dags/dag_crime_pipeline.py took 0.126 seconds
[2026-05-27T02:52:21.793+0000] {processor.py:161} INFO - Started process (PID=3640) to work on /opt/airflow/dags/dag_crime_pipeline.py
[2026-05-27T02:52:21.796+0000] {processor.py:830} INFO - Processing file /opt/airflow/dags/dag_crime_pipeline.py for tasks to queue
[2026-05-27T02:52:21.799+0000] {logging_mixin.py:188} INFO - [2026-05-27T02:52:21.799+0000] {dagbag.py:538} INFO - Filling up the DagBag from /opt/airflow/dags/dag_crime_pipeline.py
[2026-05-27T02:52:21.841+0000] {processor.py:840} INFO - DAG(s) 'crime_analytics_pipeline' retrieved from /opt/airflow/dags/dag_crime_pipeline.py
[2026-05-27T02:52:21.899+0000] {logging_mixin.py:188} INFO - [2026-05-27T02:52:21.898+0000] {dag.py:3036} INFO - Sync 1 DAGs
[2026-05-27T02:52:21.941+0000] {processor.py:183} INFO - Processing /opt/airflow/dags/dag_crime_pipeline.py took 0.154 seconds
[2026-05-27T02:52:52.866+0000] {processor.py:161} INFO - Started process (PID=3645) to work on /opt/airflow/dags/dag_crime_pipeline.py
[2026-05-27T02:52:52.868+0000] {processor.py:830} INFO - Processing file /opt/airflow/dags/dag_crime_pipeline.py for tasks to queue
[2026-05-27T02:52:52.870+0000] {logging_mixin.py:188} INFO - [2026-05-27T02:52:52.870+0000] {dagbag.py:538} INFO - Filling up the DagBag from /opt/airflow/dags/dag_crime_pipeline.py
[2026-05-27T02:52:52.910+0000] {processor.py:840} INFO - DAG(s) 'crime_analytics_pipeline' retrieved from /opt/airflow/dags/dag_crime_pipeline.py
[2026-05-27T02:52:52.946+0000] {logging_mixin.py:188} INFO - [2026-05-27T02:52:52.946+0000] {dag.py:3036} INFO - Sync 1 DAGs
[2026-05-27T02:52:52.988+0000] {processor.py:183} INFO - Processing /opt/airflow/dags/dag_crime_pipeline.py took 0.126 seconds
[2026-05-27T02:53:23.840+0000] {processor.py:161} INFO - Started process (PID=3650) to work on /opt/airflow/dags/dag_crime_pipeline.py
[2026-05-27T02:53:23.842+0000] {processor.py:830} INFO - Processing file /opt/airflow/dags/dag_crime_pipeline.py for tasks to queue
[2026-05-27T02:53:23.845+0000] {logging_mixin.py:188} INFO - [2026-05-27T02:53:23.845+0000] {dagbag.py:538} INFO - Filling up the DagBag from /opt/airflow/dags/dag_crime_pipeline.py
[2026-05-27T02:53:23.882+0000] {processor.py:840} INFO - DAG(s) 'crime_analytics_pipeline' retrieved from /opt/airflow/dags/dag_crime_pipeline.py
[2026-05-27T02:53:23.919+0000] {logging_mixin.py:188} INFO - [2026-05-27T02:53:23.919+0000] {dag.py:3036} INFO - Sync 1 DAGs
[2026-05-27T02:53:23.996+0000] {processor.py:183} INFO - Processing /opt/airflow/dags/dag_crime_pipeline.py took 0.160 seconds
[2026-05-27T02:53:56.002+0000] {processor.py:161} INFO - Started process (PID=3655) to work on /opt/airflow/dags/dag_crime_pipeline.py
[2026-05-27T02:53:56.003+0000] {processor.py:830} INFO - Processing file /opt/airflow/dags/dag_crime_pipeline.py for tasks to queue
[2026-05-27T02:53:56.006+0000] {logging_mixin.py:188} INFO - [2026-05-27T02:53:56.006+0000] {dagbag.py:538} INFO - Filling up the DagBag from /opt/airflow/dags/dag_crime_pipeline.py
[2026-05-27T02:53:56.044+0000] {processor.py:840} INFO - DAG(s) 'crime_analytics_pipeline' retrieved from /opt/airflow/dags/dag_crime_pipeline.py
[2026-05-27T02:53:56.077+0000] {logging_mixin.py:188} INFO - [2026-05-27T02:53:56.077+0000] {dag.py:3036} INFO - Sync 1 DAGs
[2026-05-27T02:53:56.120+0000] {processor.py:183} INFO - Processing /opt/airflow/dags/dag_crime_pipeline.py took 0.122 seconds
[2026-05-27T02:54:29.178+0000] {processor.py:161} INFO - Started process (PID=3660) to work on /opt/airflow/dags/dag_crime_pipeline.py
[2026-05-27T02:54:29.180+0000] {processor.py:830} INFO - Processing file /opt/airflow/dags/dag_crime_pipeline.py for tasks to queue
[2026-05-27T02:54:29.183+0000] {logging_mixin.py:188} INFO - [2026-05-27T02:54:29.182+0000] {dagbag.py:538} INFO - Filling up the DagBag from /opt/airflow/dags/dag_crime_pipeline.py
[2026-05-27T02:54:29.228+0000] {processor.py:840} INFO - DAG(s) 'crime_analytics_pipeline' retrieved from /opt/airflow/dags/dag_crime_pipeline.py
[2026-05-27T02:54:29.267+0000] {logging_mixin.py:188} INFO - [2026-05-27T02:54:29.266+0000] {dag.py:3036} INFO - Sync 1 DAGs
[2026-05-27T02:54:29.310+0000] {processor.py:183} INFO - Processing /opt/airflow/dags/dag_crime_pipeline.py took 0.135 seconds
[2026-05-27T02:55:01.876+0000] {processor.py:161} INFO - Started process (PID=3665) to work on /opt/airflow/dags/dag_crime_pipeline.py
[2026-05-27T02:55:01.878+0000] {processor.py:830} INFO - Processing file /opt/airflow/dags/dag_crime_pipeline.py for tasks to queue
[2026-05-27T02:55:01.881+0000] {logging_mixin.py:188} INFO - [2026-05-27T02:55:01.880+0000] {dagbag.py:538} INFO - Filling up the DagBag from /opt/airflow/dags/dag_crime_pipeline.py
[2026-05-27T02:55:01.920+0000] {processor.py:840} INFO - DAG(s) 'crime_analytics_pipeline' retrieved from /opt/airflow/dags/dag_crime_pipeline.py
[2026-05-27T02:55:01.956+0000] {logging_mixin.py:188} INFO - [2026-05-27T02:55:01.956+0000] {dag.py:3036} INFO - Sync 1 DAGs
[2026-05-27T02:55:01.999+0000] {processor.py:183} INFO - Processing /opt/airflow/dags/dag_crime_pipeline.py took 0.128 seconds
[2026-05-27T02:55:32.108+0000] {processor.py:161} INFO - Started process (PID=3670) to work on /opt/airflow/dags/dag_crime_pipeline.py
[2026-05-27T02:55:32.109+0000] {processor.py:830} INFO - Processing file /opt/airflow/dags/dag_crime_pipeline.py for tasks to queue
[2026-05-27T02:55:32.112+0000] {logging_mixin.py:188} INFO - [2026-05-27T02:55:32.111+0000] {dagbag.py:538} INFO - Filling up the DagBag from /opt/airflow/dags/dag_crime_pipeline.py
[2026-05-27T02:55:33.943+0000] {processor.py:840} INFO - DAG(s) 'crime_analytics_pipeline' retrieved from /opt/airflow/dags/dag_crime_pipeline.py
[2026-05-27T02:55:33.984+0000] {logging_mixin.py:188} INFO - [2026-05-27T02:55:33.983+0000] {dag.py:3036} INFO - Sync 1 DAGs
[2026-05-27T02:55:34.034+0000] {processor.py:183} INFO - Processing /opt/airflow/dags/dag_crime_pipeline.py took 0.142 seconds
[2026-05-27T02:56:06.875+0000] {processor.py:161} INFO - Started process (PID=3675) to work on /opt/airflow/dags/dag_crime_pipeline.py
[2026-05-27T02:56:06.876+0000] {processor.py:830} INFO - Processing file /opt/airflow/dags/dag_crime_pipeline.py for tasks to queue
[2026-05-27T02:56:06.878+0000] {logging_mixin.py:188} INFO - [2026-05-27T02:56:06.878+0000] {dagbag.py:538} INFO - Filling up the DagBag from /opt/airflow/dags/dag_crime_pipeline.py
[2026-05-27T02:56:06.913+0000] {processor.py:840} INFO - DAG(s) 'crime_analytics_pipeline' retrieved from /opt/airflow/dags/dag_crime_pipeline.py
[2026-05-27T02:56:06.948+0000] {logging_mixin.py:188} INFO - [2026-05-27T02:56:06.947+0000] {dag.py:3036} INFO - Sync 1 DAGs
[2026-05-27T02:56:06.992+0000] {processor.py:183} INFO - Processing /opt/airflow/dags/dag_crime_pipeline.py took 0.122 seconds
[2026-05-27T02:56:39.973+0000] {processor.py:161} INFO - Started process (PID=3680) to work on /opt/airflow/dags/dag_crime_pipeline.py
[2026-05-27T02:56:39.975+0000] {processor.py:830} INFO - Processing file /opt/airflow/dags/dag_crime_pipeline.py for tasks to queue
[2026-05-27T02:56:39.977+0000] {logging_mixin.py:188} INFO - [2026-05-27T02:56:39.977+0000] {dagbag.py:538} INFO - Filling up the DagBag from /opt/airflow/dags/dag_crime_pipeline.py
[2026-05-27T02:56:40.014+0000] {processor.py:840} INFO - DAG(s) 'crime_analytics_pipeline' retrieved from /opt/airflow/dags/dag_crime_pipeline.py
[2026-05-27T02:56:40.050+0000] {logging_mixin.py:188} INFO - [2026-05-27T02:56:40.049+0000] {dag.py:3036} INFO - Sync 1 DAGs
[2026-05-27T02:56:40.111+0000] {processor.py:183} INFO - Processing /opt/airflow/dags/dag_crime_pipeline.py took 0.141 seconds
[2026-05-27T02:57:10.259+0000] {processor.py:161} INFO - Started process (PID=3685) to work on /opt/airflow/dags/dag_crime_pipeline.py
[2026-05-27T02:57:10.261+0000] {processor.py:830} INFO - Processing file /opt/airflow/dags/dag_crime_pipeline.py for tasks to queue
[2026-05-27T02:57:10.264+0000] {logging_mixin.py:188} INFO - [2026-05-27T02:57:10.263+0000] {dagbag.py:538} INFO - Filling up the DagBag from /opt/airflow/dags/dag_crime_pipeline.py
[2026-05-27T02:57:10.305+0000] {processor.py:840} INFO - DAG(s) 'crime_analytics_pipeline' retrieved from /opt/airflow/dags/dag_crime_pipeline.py
[2026-05-27T02:57:10.349+0000] {logging_mixin.py:188} INFO - [2026-05-27T02:57:10.348+0000] {dag.py:3036} INFO - Sync 1 DAGs
[2026-05-27T02:57:12.212+0000] {processor.py:183} INFO - Processing /opt/airflow/dags/dag_crime_pipeline.py took 0.145 seconds
[2026-05-27T02:57:43.194+0000] {processor.py:161} INFO - Started process (PID=3690) to work on /opt/airflow/dags/dag_crime_pipeline.py
[2026-05-27T02:57:43.196+0000] {processor.py:830} INFO - Processing file /opt/airflow/dags/dag_crime_pipeline.py for tasks to queue
[2026-05-27T02:57:43.198+0000] {logging_mixin.py:188} INFO - [2026-05-27T02:57:43.198+0000] {dagbag.py:538} INFO - Filling up the DagBag from /opt/airflow/dags/dag_crime_pipeline.py
[2026-05-27T02:57:45.084+0000] {processor.py:840} INFO - DAG(s) 'crime_analytics_pipeline' retrieved from /opt/airflow/dags/dag_crime_pipeline.py
[2026-05-27T02:57:45.122+0000] {logging_mixin.py:188} INFO - [2026-05-27T02:57:45.122+0000] {dag.py:3036} INFO - Sync 1 DAGs
[2026-05-27T02:57:45.181+0000] {processor.py:183} INFO - Processing /opt/airflow/dags/dag_crime_pipeline.py took 0.146 seconds
[2026-05-27T02:58:18.111+0000] {processor.py:161} INFO - Started process (PID=3695) to work on /opt/airflow/dags/dag_crime_pipeline.py
[2026-05-27T02:58:18.113+0000] {processor.py:830} INFO - Processing file /opt/airflow/dags/dag_crime_pipeline.py for tasks to queue
[2026-05-27T02:58:18.115+0000] {logging_mixin.py:188} INFO - [2026-05-27T02:58:18.115+0000] {dagbag.py:538} INFO - Filling up the DagBag from /opt/airflow/dags/dag_crime_pipeline.py
[2026-05-27T02:58:18.157+0000] {processor.py:840} INFO - DAG(s) 'crime_analytics_pipeline' retrieved from /opt/airflow/dags/dag_crime_pipeline.py
[2026-05-27T02:58:18.198+0000] {logging_mixin.py:188} INFO - [2026-05-27T02:58:18.197+0000] {dag.py:3036} INFO - Sync 1 DAGs
[2026-05-27T02:58:18.267+0000] {processor.py:183} INFO - Processing /opt/airflow/dags/dag_crime_pipeline.py took 0.160 seconds
[2026-05-27T02:58:51.247+0000] {processor.py:161} INFO - Started process (PID=3700) to work on /opt/airflow/dags/dag_crime_pipeline.py
[2026-05-27T02:58:51.249+0000] {processor.py:830} INFO - Processing file /opt/airflow/dags/dag_crime_pipeline.py for tasks to queue
[2026-05-27T02:58:51.252+0000] {logging_mixin.py:188} INFO - [2026-05-27T02:58:51.251+0000] {dagbag.py:538} INFO - Filling up the DagBag from /opt/airflow/dags/dag_crime_pipeline.py
[2026-05-27T02:58:51.291+0000] {processor.py:840} INFO - DAG(s) 'crime_analytics_pipeline' retrieved from /opt/airflow/dags/dag_crime_pipeline.py
[2026-05-27T02:58:51.332+0000] {logging_mixin.py:188} INFO - [2026-05-27T02:58:51.332+0000] {dag.py:3036} INFO - Sync 1 DAGs
[2026-05-27T02:58:51.396+0000] {processor.py:183} INFO - Processing /opt/airflow/dags/dag_crime_pipeline.py took 0.153 seconds
[2026-05-27T02:59:24.183+0000] {processor.py:161} INFO - Started process (PID=3705) to work on /opt/airflow/dags/dag_crime_pipeline.py
[2026-05-27T02:59:24.186+0000] {processor.py:830} INFO - Processing file /opt/airflow/dags/dag_crime_pipeline.py for tasks to queue
[2026-05-27T02:59:24.190+0000] {logging_mixin.py:188} INFO - [2026-05-27T02:59:24.189+0000] {dagbag.py:538} INFO - Filling up the DagBag from /opt/airflow/dags/dag_crime_pipeline.py
[2026-05-27T02:59:24.232+0000] {processor.py:840} INFO - DAG(s) 'crime_analytics_pipeline' retrieved from /opt/airflow/dags/dag_crime_pipeline.py
[2026-05-27T02:59:24.285+0000] {logging_mixin.py:188} INFO - [2026-05-27T02:59:24.283+0000] {dag.py:3036} INFO - Sync 1 DAGs
[2026-05-27T02:59:24.354+0000] {processor.py:183} INFO - Processing /opt/airflow/dags/dag_crime_pipeline.py took 0.175 seconds
[2026-05-27T02:59:56.156+0000] {processor.py:161} INFO - Started process (PID=3710) to work on /opt/airflow/dags/dag_crime_pipeline.py
[2026-05-27T02:59:56.158+0000] {processor.py:830} INFO - Processing file /opt/airflow/dags/dag_crime_pipeline.py for tasks to queue
[2026-05-27T02:59:56.161+0000] {logging_mixin.py:188} INFO - [2026-05-27T02:59:56.160+0000] {dagbag.py:538} INFO - Filling up the DagBag from /opt/airflow/dags/dag_crime_pipeline.py
[2026-05-27T02:59:56.203+0000] {processor.py:840} INFO - DAG(s) 'crime_analytics_pipeline' retrieved from /opt/airflow/dags/dag_crime_pipeline.py
[2026-05-27T02:59:56.241+0000] {logging_mixin.py:188} INFO - [2026-05-27T02:59:56.240+0000] {dag.py:3036} INFO - Sync 1 DAGs
[2026-05-27T02:59:56.283+0000] {processor.py:183} INFO - Processing /opt/airflow/dags/dag_crime_pipeline.py took 0.132 seconds
[2026-05-27T03:00:29.109+0000] {processor.py:161} INFO - Started process (PID=3715) to work on /opt/airflow/dags/dag_crime_pipeline.py
[2026-05-27T03:00:29.111+0000] {processor.py:830} INFO - Processing file /opt/airflow/dags/dag_crime_pipeline.py for tasks to queue
[2026-05-27T03:00:29.114+0000] {logging_mixin.py:188} INFO - [2026-05-27T03:00:29.114+0000] {dagbag.py:538} INFO - Filling up the DagBag from /opt/airflow/dags/dag_crime_pipeline.py
[2026-05-27T03:00:29.153+0000] {processor.py:840} INFO - DAG(s) 'crime_analytics_pipeline' retrieved from /opt/airflow/dags/dag_crime_pipeline.py
[2026-05-27T03:00:29.191+0000] {logging_mixin.py:188} INFO - [2026-05-27T03:00:29.190+0000] {dag.py:3036} INFO - Sync 1 DAGs
[2026-05-27T03:00:29.250+0000] {processor.py:183} INFO - Processing /opt/airflow/dags/dag_crime_pipeline.py took 0.146 seconds
[2026-05-27T03:01:02.203+0000] {processor.py:161} INFO - Started process (PID=3720) to work on /opt/airflow/dags/dag_crime_pipeline.py
[2026-05-27T03:01:02.204+0000] {processor.py:830} INFO - Processing file /opt/airflow/dags/dag_crime_pipeline.py for tasks to queue
[2026-05-27T03:01:02.207+0000] {logging_mixin.py:188} INFO - [2026-05-27T03:01:02.207+0000] {dagbag.py:538} INFO - Filling up the DagBag from /opt/airflow/dags/dag_crime_pipeline.py
[2026-05-27T03:01:02.244+0000] {processor.py:840} INFO - DAG(s) 'crime_analytics_pipeline' retrieved from /opt/airflow/dags/dag_crime_pipeline.py
[2026-05-27T03:01:02.283+0000] {logging_mixin.py:188} INFO - [2026-05-27T03:01:02.282+0000] {dag.py:3036} INFO - Sync 1 DAGs
[2026-05-27T03:01:02.328+0000] {processor.py:183} INFO - Processing /opt/airflow/dags/dag_crime_pipeline.py took 0.129 seconds
[2026-05-27T03:01:32.493+0000] {processor.py:161} INFO - Started process (PID=3725) to work on /opt/airflow/dags/dag_crime_pipeline.py
[2026-05-27T03:01:32.495+0000] {processor.py:830} INFO - Processing file /opt/airflow/dags/dag_crime_pipeline.py for tasks to queue
[2026-05-27T03:01:32.498+0000] {logging_mixin.py:188} INFO - [2026-05-27T03:01:32.497+0000] {dagbag.py:538} INFO - Filling up the DagBag from /opt/airflow/dags/dag_crime_pipeline.py
[2026-05-27T03:01:32.539+0000] {processor.py:840} INFO - DAG(s) 'crime_analytics_pipeline' retrieved from /opt/airflow/dags/dag_crime_pipeline.py
[2026-05-27T03:01:32.577+0000] {logging_mixin.py:188} INFO - [2026-05-27T03:01:32.576+0000] {dag.py:3036} INFO - Sync 1 DAGs
[2026-05-27T03:01:34.460+0000] {processor.py:183} INFO - Processing /opt/airflow/dags/dag_crime_pipeline.py took 0.165 seconds
[2026-05-27T03:02:07.376+0000] {processor.py:161} INFO - Started process (PID=3730) to work on /opt/airflow/dags/dag_crime_pipeline.py
[2026-05-27T03:02:07.377+0000] {processor.py:830} INFO - Processing file /opt/airflow/dags/dag_crime_pipeline.py for tasks to queue
[2026-05-27T03:02:07.380+0000] {logging_mixin.py:188} INFO - [2026-05-27T03:02:07.379+0000] {dagbag.py:538} INFO - Filling up the DagBag from /opt/airflow/dags/dag_crime_pipeline.py
[2026-05-27T03:02:07.418+0000] {processor.py:840} INFO - DAG(s) 'crime_analytics_pipeline' retrieved from /opt/airflow/dags/dag_crime_pipeline.py
[2026-05-27T03:02:07.459+0000] {logging_mixin.py:188} INFO - [2026-05-27T03:02:07.458+0000] {dag.py:3036} INFO - Sync 1 DAGs
[2026-05-27T03:02:07.528+0000] {processor.py:183} INFO - Processing /opt/airflow/dags/dag_crime_pipeline.py took 0.156 seconds
[2026-05-27T03:02:40.404+0000] {processor.py:161} INFO - Started process (PID=3735) to work on /opt/airflow/dags/dag_crime_pipeline.py
[2026-05-27T03:02:40.406+0000] {processor.py:830} INFO - Processing file /opt/airflow/dags/dag_crime_pipeline.py for tasks to queue
[2026-05-27T03:02:40.409+0000] {logging_mixin.py:188} INFO - [2026-05-27T03:02:40.408+0000] {dagbag.py:538} INFO - Filling up the DagBag from /opt/airflow/dags/dag_crime_pipeline.py
[2026-05-27T03:02:40.447+0000] {processor.py:840} INFO - DAG(s) 'crime_analytics_pipeline' retrieved from /opt/airflow/dags/dag_crime_pipeline.py
[2026-05-27T03:02:40.482+0000] {logging_mixin.py:188} INFO - [2026-05-27T03:02:40.482+0000] {dag.py:3036} INFO - Sync 1 DAGs
[2026-05-27T03:02:40.541+0000] {processor.py:183} INFO - Processing /opt/airflow/dags/dag_crime_pipeline.py took 0.141 seconds
[2026-05-27T03:03:10.904+0000] {processor.py:161} INFO - Started process (PID=3740) to work on /opt/airflow/dags/dag_crime_pipeline.py
[2026-05-27T03:03:10.906+0000] {processor.py:830} INFO - Processing file /opt/airflow/dags/dag_crime_pipeline.py for tasks to queue
[2026-05-27T03:03:10.909+0000] {logging_mixin.py:188} INFO - [2026-05-27T03:03:10.908+0000] {dagbag.py:538} INFO - Filling up the DagBag from /opt/airflow/dags/dag_crime_pipeline.py
[2026-05-27T03:03:10.947+0000] {processor.py:840} INFO - DAG(s) 'crime_analytics_pipeline' retrieved from /opt/airflow/dags/dag_crime_pipeline.py
[2026-05-27T03:03:10.983+0000] {logging_mixin.py:188} INFO - [2026-05-27T03:03:10.982+0000] {dag.py:3036} INFO - Sync 1 DAGs
[2026-05-27T03:03:11.025+0000] {processor.py:183} INFO - Processing /opt/airflow/dags/dag_crime_pipeline.py took 0.125 seconds
[2026-05-27T03:03:41.903+0000] {processor.py:161} INFO - Started process (PID=3745) to work on /opt/airflow/dags/dag_crime_pipeline.py
[2026-05-27T03:03:41.905+0000] {processor.py:830} INFO - Processing file /opt/airflow/dags/dag_crime_pipeline.py for tasks to queue
[2026-05-27T03:03:41.908+0000] {logging_mixin.py:188} INFO - [2026-05-27T03:03:41.907+0000] {dagbag.py:538} INFO - Filling up the DagBag from /opt/airflow/dags/dag_crime_pipeline.py
[2026-05-27T03:03:41.942+0000] {processor.py:840} INFO - DAG(s) 'crime_analytics_pipeline' retrieved from /opt/airflow/dags/dag_crime_pipeline.py
[2026-05-27T03:03:41.977+0000] {logging_mixin.py:188} INFO - [2026-05-27T03:03:41.977+0000] {dag.py:3036} INFO - Sync 1 DAGs
[2026-05-27T03:03:42.023+0000] {processor.py:183} INFO - Processing /opt/airflow/dags/dag_crime_pipeline.py took 0.123 seconds
[2026-05-27T03:04:12.128+0000] {processor.py:161} INFO - Started process (PID=3750) to work on /opt/airflow/dags/dag_crime_pipeline.py
[2026-05-27T03:04:12.129+0000] {processor.py:830} INFO - Processing file /opt/airflow/dags/dag_crime_pipeline.py for tasks to queue
[2026-05-27T03:04:12.135+0000] {logging_mixin.py:188} INFO - [2026-05-27T03:04:12.134+0000] {dagbag.py:538} INFO - Filling up the DagBag from /opt/airflow/dags/dag_crime_pipeline.py
[2026-05-27T03:04:12.184+0000] {processor.py:840} INFO - DAG(s) 'crime_analytics_pipeline' retrieved from /opt/airflow/dags/dag_crime_pipeline.py
[2026-05-27T03:04:12.221+0000] {logging_mixin.py:188} INFO - [2026-05-27T03:04:12.221+0000] {dag.py:3036} INFO - Sync 1 DAGs
[2026-05-27T03:04:12.266+0000] {processor.py:183} INFO - Processing /opt/airflow/dags/dag_crime_pipeline.py took 0.142 seconds
[2026-05-27T03:04:42.338+0000] {processor.py:161} INFO - Started process (PID=3755) to work on /opt/airflow/dags/dag_crime_pipeline.py
[2026-05-27T03:04:42.341+0000] {processor.py:830} INFO - Processing file /opt/airflow/dags/dag_crime_pipeline.py for tasks to queue
[2026-05-27T03:04:42.349+0000] {logging_mixin.py:188} INFO - [2026-05-27T03:04:42.347+0000] {dagbag.py:538} INFO - Filling up the DagBag from /opt/airflow/dags/dag_crime_pipeline.py
[2026-05-27T03:04:42.409+0000] {processor.py:840} INFO - DAG(s) 'crime_analytics_pipeline' retrieved from /opt/airflow/dags/dag_crime_pipeline.py
[2026-05-27T03:04:42.460+0000] {logging_mixin.py:188} INFO - [2026-05-27T03:04:42.459+0000] {dag.py:3036} INFO - Sync 1 DAGs
[2026-05-27T03:04:42.508+0000] {processor.py:183} INFO - Processing /opt/airflow/dags/dag_crime_pipeline.py took 0.174 seconds
[2026-05-27T03:05:12.617+0000] {processor.py:161} INFO - Started process (PID=3760) to work on /opt/airflow/dags/dag_crime_pipeline.py
[2026-05-27T03:05:12.618+0000] {processor.py:830} INFO - Processing file /opt/airflow/dags/dag_crime_pipeline.py for tasks to queue
[2026-05-27T03:05:12.621+0000] {logging_mixin.py:188} INFO - [2026-05-27T03:05:12.620+0000] {dagbag.py:538} INFO - Filling up the DagBag from /opt/airflow/dags/dag_crime_pipeline.py
[2026-05-27T03:05:12.662+0000] {processor.py:840} INFO - DAG(s) 'crime_analytics_pipeline' retrieved from /opt/airflow/dags/dag_crime_pipeline.py
[2026-05-27T03:05:12.700+0000] {logging_mixin.py:188} INFO - [2026-05-27T03:05:12.699+0000] {dag.py:3036} INFO - Sync 1 DAGs
[2026-05-27T03:05:12.774+0000] {processor.py:183} INFO - Processing /opt/airflow/dags/dag_crime_pipeline.py took 0.161 seconds
[2026-05-27T03:05:43.559+0000] {processor.py:161} INFO - Started process (PID=3765) to work on /opt/airflow/dags/dag_crime_pipeline.py
[2026-05-27T03:05:43.561+0000] {processor.py:830} INFO - Processing file /opt/airflow/dags/dag_crime_pipeline.py for tasks to queue
[2026-05-27T03:05:43.564+0000] {logging_mixin.py:188} INFO - [2026-05-27T03:05:43.563+0000] {dagbag.py:538} INFO - Filling up the DagBag from /opt/airflow/dags/dag_crime_pipeline.py
[2026-05-27T03:05:43.605+0000] {processor.py:840} INFO - DAG(s) 'crime_analytics_pipeline' retrieved from /opt/airflow/dags/dag_crime_pipeline.py
[2026-05-27T03:05:43.639+0000] {logging_mixin.py:188} INFO - [2026-05-27T03:05:43.639+0000] {dag.py:3036} INFO - Sync 1 DAGs
[2026-05-27T03:05:43.681+0000] {processor.py:183} INFO - Processing /opt/airflow/dags/dag_crime_pipeline.py took 0.127 seconds
[2026-05-27T03:06:13.848+0000] {processor.py:161} INFO - Started process (PID=3770) to work on /opt/airflow/dags/dag_crime_pipeline.py
[2026-05-27T03:06:13.850+0000] {processor.py:830} INFO - Processing file /opt/airflow/dags/dag_crime_pipeline.py for tasks to queue
[2026-05-27T03:06:13.852+0000] {logging_mixin.py:188} INFO - [2026-05-27T03:06:13.852+0000] {dagbag.py:538} INFO - Filling up the DagBag from /opt/airflow/dags/dag_crime_pipeline.py
[2026-05-27T03:06:13.892+0000] {processor.py:840} INFO - DAG(s) 'crime_analytics_pipeline' retrieved from /opt/airflow/dags/dag_crime_pipeline.py
[2026-05-27T03:06:13.934+0000] {logging_mixin.py:188} INFO - [2026-05-27T03:06:13.933+0000] {dag.py:3036} INFO - Sync 1 DAGs
[2026-05-27T03:06:13.978+0000] {processor.py:183} INFO - Processing /opt/airflow/dags/dag_crime_pipeline.py took 0.134 seconds
[2026-05-27T03:06:44.871+0000] {processor.py:161} INFO - Started process (PID=3775) to work on /opt/airflow/dags/dag_crime_pipeline.py
[2026-05-27T03:06:44.873+0000] {processor.py:830} INFO - Processing file /opt/airflow/dags/dag_crime_pipeline.py for tasks to queue
[2026-05-27T03:06:44.876+0000] {logging_mixin.py:188} INFO - [2026-05-27T03:06:44.875+0000] {dagbag.py:538} INFO - Filling up the DagBag from /opt/airflow/dags/dag_crime_pipeline.py
[2026-05-27T03:06:44.912+0000] {processor.py:840} INFO - DAG(s) 'crime_analytics_pipeline' retrieved from /opt/airflow/dags/dag_crime_pipeline.py
[2026-05-27T03:06:44.951+0000] {logging_mixin.py:188} INFO - [2026-05-27T03:06:44.951+0000] {dag.py:3036} INFO - Sync 1 DAGs
[2026-05-27T03:06:44.994+0000] {processor.py:183} INFO - Processing /opt/airflow/dags/dag_crime_pipeline.py took 0.127 seconds
[2026-05-27T03:07:15.083+0000] {processor.py:161} INFO - Started process (PID=3780) to work on /opt/airflow/dags/dag_crime_pipeline.py
[2026-05-27T03:07:15.084+0000] {processor.py:830} INFO - Processing file /opt/airflow/dags/dag_crime_pipeline.py for tasks to queue
[2026-05-27T03:07:15.087+0000] {logging_mixin.py:188} INFO - [2026-05-27T03:07:15.086+0000] {dagbag.py:538} INFO - Filling up the DagBag from /opt/airflow/dags/dag_crime_pipeline.py
[2026-05-27T03:07:15.126+0000] {processor.py:840} INFO - DAG(s) 'crime_analytics_pipeline' retrieved from /opt/airflow/dags/dag_crime_pipeline.py
[2026-05-27T03:07:15.166+0000] {logging_mixin.py:188} INFO - [2026-05-27T03:07:15.165+0000] {dag.py:3036} INFO - Sync 1 DAGs
[2026-05-27T03:07:15.219+0000] {processor.py:183} INFO - Processing /opt/airflow/dags/dag_crime_pipeline.py took 0.139 seconds
[2026-05-27T03:07:46.089+0000] {processor.py:161} INFO - Started process (PID=3785) to work on /opt/airflow/dags/dag_crime_pipeline.py
[2026-05-27T03:07:46.091+0000] {processor.py:830} INFO - Processing file /opt/airflow/dags/dag_crime_pipeline.py for tasks to queue
[2026-05-27T03:07:46.094+0000] {logging_mixin.py:188} INFO - [2026-05-27T03:07:46.093+0000] {dagbag.py:538} INFO - Filling up the DagBag from /opt/airflow/dags/dag_crime_pipeline.py
[2026-05-27T03:07:46.130+0000] {processor.py:840} INFO - DAG(s) 'crime_analytics_pipeline' retrieved from /opt/airflow/dags/dag_crime_pipeline.py
[2026-05-27T03:07:46.165+0000] {logging_mixin.py:188} INFO - [2026-05-27T03:07:46.165+0000] {dag.py:3036} INFO - Sync 1 DAGs
[2026-05-27T03:07:46.208+0000] {processor.py:183} INFO - Processing /opt/airflow/dags/dag_crime_pipeline.py took 0.123 seconds
[2026-05-27T03:08:17.122+0000] {processor.py:161} INFO - Started process (PID=3790) to work on /opt/airflow/dags/dag_crime_pipeline.py
[2026-05-27T03:08:17.123+0000] {processor.py:830} INFO - Processing file /opt/airflow/dags/dag_crime_pipeline.py for tasks to queue
[2026-05-27T03:08:17.126+0000] {logging_mixin.py:188} INFO - [2026-05-27T03:08:17.125+0000] {dagbag.py:538} INFO - Filling up the DagBag from /opt/airflow/dags/dag_crime_pipeline.py
[2026-05-27T03:08:17.166+0000] {processor.py:840} INFO - DAG(s) 'crime_analytics_pipeline' retrieved from /opt/airflow/dags/dag_crime_pipeline.py
[2026-05-27T03:08:17.200+0000] {logging_mixin.py:188} INFO - [2026-05-27T03:08:17.200+0000] {dag.py:3036} INFO - Sync 1 DAGs
[2026-05-27T03:08:17.243+0000] {processor.py:183} INFO - Processing /opt/airflow/dags/dag_crime_pipeline.py took 0.125 seconds
[2026-05-27T03:08:47.425+0000] {processor.py:161} INFO - Started process (PID=3795) to work on /opt/airflow/dags/dag_crime_pipeline.py
[2026-05-27T03:08:47.427+0000] {processor.py:830} INFO - Processing file /opt/airflow/dags/dag_crime_pipeline.py for tasks to queue
[2026-05-27T03:08:47.430+0000] {logging_mixin.py:188} INFO - [2026-05-27T03:08:47.430+0000] {dagbag.py:538} INFO - Filling up the DagBag from /opt/airflow/dags/dag_crime_pipeline.py
[2026-05-27T03:08:47.472+0000] {processor.py:840} INFO - DAG(s) 'crime_analytics_pipeline' retrieved from /opt/airflow/dags/dag_crime_pipeline.py
[2026-05-27T03:08:47.510+0000] {logging_mixin.py:188} INFO - [2026-05-27T03:08:47.510+0000] {dag.py:3036} INFO - Sync 1 DAGs
[2026-05-27T03:08:47.572+0000] {processor.py:183} INFO - Processing /opt/airflow/dags/dag_crime_pipeline.py took 0.152 seconds
[2026-05-27T03:09:18.413+0000] {processor.py:161} INFO - Started process (PID=3800) to work on /opt/airflow/dags/dag_crime_pipeline.py
[2026-05-27T03:09:18.414+0000] {processor.py:830} INFO - Processing file /opt/airflow/dags/dag_crime_pipeline.py for tasks to queue
[2026-05-27T03:09:18.418+0000] {logging_mixin.py:188} INFO - [2026-05-27T03:09:18.417+0000] {dagbag.py:538} INFO - Filling up the DagBag from /opt/airflow/dags/dag_crime_pipeline.py
[2026-05-27T03:09:18.460+0000] {processor.py:840} INFO - DAG(s) 'crime_analytics_pipeline' retrieved from /opt/airflow/dags/dag_crime_pipeline.py
[2026-05-27T03:09:18.504+0000] {logging_mixin.py:188} INFO - [2026-05-27T03:09:18.504+0000] {dag.py:3036} INFO - Sync 1 DAGs
[2026-05-27T03:09:18.553+0000] {processor.py:183} INFO - Processing /opt/airflow/dags/dag_crime_pipeline.py took 0.145 seconds
[2026-05-27T03:09:49.551+0000] {processor.py:161} INFO - Started process (PID=3805) to work on /opt/airflow/dags/dag_crime_pipeline.py
[2026-05-27T03:09:49.552+0000] {processor.py:830} INFO - Processing file /opt/airflow/dags/dag_crime_pipeline.py for tasks to queue
[2026-05-27T03:09:49.555+0000] {logging_mixin.py:188} INFO - [2026-05-27T03:09:49.554+0000] {dagbag.py:538} INFO - Filling up the DagBag from /opt/airflow/dags/dag_crime_pipeline.py
[2026-05-27T03:09:49.593+0000] {processor.py:840} INFO - DAG(s) 'crime_analytics_pipeline' retrieved from /opt/airflow/dags/dag_crime_pipeline.py
[2026-05-27T03:09:49.631+0000] {logging_mixin.py:188} INFO - [2026-05-27T03:09:49.631+0000] {dag.py:3036} INFO - Sync 1 DAGs
[2026-05-27T03:09:49.676+0000] {processor.py:183} INFO - Processing /opt/airflow/dags/dag_crime_pipeline.py took 0.128 seconds
[2026-05-27T03:10:20.493+0000] {processor.py:161} INFO - Started process (PID=3810) to work on /opt/airflow/dags/dag_crime_pipeline.py
[2026-05-27T03:10:20.495+0000] {processor.py:830} INFO - Processing file /opt/airflow/dags/dag_crime_pipeline.py for tasks to queue
[2026-05-27T03:10:20.498+0000] {logging_mixin.py:188} INFO - [2026-05-27T03:10:20.497+0000] {dagbag.py:538} INFO - Filling up the DagBag from /opt/airflow/dags/dag_crime_pipeline.py
[2026-05-27T03:10:20.534+0000] {processor.py:840} INFO - DAG(s) 'crime_analytics_pipeline' retrieved from /opt/airflow/dags/dag_crime_pipeline.py
[2026-05-27T03:10:20.566+0000] {logging_mixin.py:188} INFO - [2026-05-27T03:10:20.565+0000] {dag.py:3036} INFO - Sync 1 DAGs
[2026-05-27T03:10:20.625+0000] {processor.py:183} INFO - Processing /opt/airflow/dags/dag_crime_pipeline.py took 0.136 seconds
[2026-05-27T03:10:53.593+0000] {processor.py:161} INFO - Started process (PID=3815) to work on /opt/airflow/dags/dag_crime_pipeline.py
[2026-05-27T03:10:53.594+0000] {processor.py:830} INFO - Processing file /opt/airflow/dags/dag_crime_pipeline.py for tasks to queue
[2026-05-27T03:10:53.597+0000] {logging_mixin.py:188} INFO - [2026-05-27T03:10:53.596+0000] {dagbag.py:538} INFO - Filling up the DagBag from /opt/airflow/dags/dag_crime_pipeline.py
[2026-05-27T03:10:53.645+0000] {processor.py:840} INFO - DAG(s) 'crime_analytics_pipeline' retrieved from /opt/airflow/dags/dag_crime_pipeline.py
[2026-05-27T03:10:53.691+0000] {logging_mixin.py:188} INFO - [2026-05-27T03:10:53.690+0000] {dag.py:3036} INFO - Sync 1 DAGs
[2026-05-27T03:10:53.750+0000] {processor.py:183} INFO - Processing /opt/airflow/dags/dag_crime_pipeline.py took 0.161 seconds
[2026-05-27T03:11:25.808+0000] {processor.py:161} INFO - Started process (PID=3820) to work on /opt/airflow/dags/dag_crime_pipeline.py
[2026-05-27T03:11:25.809+0000] {processor.py:830} INFO - Processing file /opt/airflow/dags/dag_crime_pipeline.py for tasks to queue
[2026-05-27T03:11:25.813+0000] {logging_mixin.py:188} INFO - [2026-05-27T03:11:25.812+0000] {dagbag.py:538} INFO - Filling up the DagBag from /opt/airflow/dags/dag_crime_pipeline.py
[2026-05-27T03:11:25.851+0000] {processor.py:840} INFO - DAG(s) 'crime_analytics_pipeline' retrieved from /opt/airflow/dags/dag_crime_pipeline.py
[2026-05-27T03:11:25.887+0000] {logging_mixin.py:188} INFO - [2026-05-27T03:11:25.886+0000] {dag.py:3036} INFO - Sync 1 DAGs
[2026-05-27T03:11:25.948+0000] {processor.py:183} INFO - Processing /opt/airflow/dags/dag_crime_pipeline.py took 0.146 seconds
[2026-05-27T03:11:58.817+0000] {processor.py:161} INFO - Started process (PID=3825) to work on /opt/airflow/dags/dag_crime_pipeline.py
[2026-05-27T03:11:58.818+0000] {processor.py:830} INFO - Processing file /opt/airflow/dags/dag_crime_pipeline.py for tasks to queue
[2026-05-27T03:11:58.822+0000] {logging_mixin.py:188} INFO - [2026-05-27T03:11:58.821+0000] {dagbag.py:538} INFO - Filling up the DagBag from /opt/airflow/dags/dag_crime_pipeline.py
[2026-05-27T03:11:58.858+0000] {processor.py:840} INFO - DAG(s) 'crime_analytics_pipeline' retrieved from /opt/airflow/dags/dag_crime_pipeline.py
[2026-05-27T03:11:58.897+0000] {logging_mixin.py:188} INFO - [2026-05-27T03:11:58.896+0000] {dag.py:3036} INFO - Sync 1 DAGs
[2026-05-27T03:11:58.980+0000] {processor.py:183} INFO - Processing /opt/airflow/dags/dag_crime_pipeline.py took 0.167 seconds
[2026-05-27T03:12:31.869+0000] {processor.py:161} INFO - Started process (PID=3830) to work on /opt/airflow/dags/dag_crime_pipeline.py
[2026-05-27T03:12:31.871+0000] {processor.py:830} INFO - Processing file /opt/airflow/dags/dag_crime_pipeline.py for tasks to queue
[2026-05-27T03:12:31.874+0000] {logging_mixin.py:188} INFO - [2026-05-27T03:12:31.873+0000] {dagbag.py:538} INFO - Filling up the DagBag from /opt/airflow/dags/dag_crime_pipeline.py
[2026-05-27T03:12:31.937+0000] {processor.py:840} INFO - DAG(s) 'crime_analytics_pipeline' retrieved from /opt/airflow/dags/dag_crime_pipeline.py
[2026-05-27T03:12:31.970+0000] {logging_mixin.py:188} INFO - [2026-05-27T03:12:31.969+0000] {dag.py:3036} INFO - Sync 1 DAGs
[2026-05-27T03:12:32.028+0000] {processor.py:183} INFO - Processing /opt/airflow/dags/dag_crime_pipeline.py took 0.163 seconds
[2026-05-27T03:13:04.066+0000] {processor.py:161} INFO - Started process (PID=3835) to work on /opt/airflow/dags/dag_crime_pipeline.py
[2026-05-27T03:13:04.067+0000] {processor.py:830} INFO - Processing file /opt/airflow/dags/dag_crime_pipeline.py for tasks to queue
[2026-05-27T03:13:04.070+0000] {logging_mixin.py:188} INFO - [2026-05-27T03:13:04.069+0000] {dagbag.py:538} INFO - Filling up the DagBag from /opt/airflow/dags/dag_crime_pipeline.py
[2026-05-27T03:13:04.110+0000] {processor.py:840} INFO - DAG(s) 'crime_analytics_pipeline' retrieved from /opt/airflow/dags/dag_crime_pipeline.py
[2026-05-27T03:13:04.150+0000] {logging_mixin.py:188} INFO - [2026-05-27T03:13:04.150+0000] {dag.py:3036} INFO - Sync 1 DAGs
[2026-05-27T03:13:04.217+0000] {processor.py:183} INFO - Processing /opt/airflow/dags/dag_crime_pipeline.py took 0.155 seconds
[2026-05-27T03:13:37.048+0000] {processor.py:161} INFO - Started process (PID=3840) to work on /opt/airflow/dags/dag_crime_pipeline.py
[2026-05-27T03:13:37.049+0000] {processor.py:830} INFO - Processing file /opt/airflow/dags/dag_crime_pipeline.py for tasks to queue
[2026-05-27T03:13:37.052+0000] {logging_mixin.py:188} INFO - [2026-05-27T03:13:37.052+0000] {dagbag.py:538} INFO - Filling up the DagBag from /opt/airflow/dags/dag_crime_pipeline.py
[2026-05-27T03:13:37.090+0000] {processor.py:840} INFO - DAG(s) 'crime_analytics_pipeline' retrieved from /opt/airflow/dags/dag_crime_pipeline.py
[2026-05-27T03:13:37.126+0000] {logging_mixin.py:188} INFO - [2026-05-27T03:13:37.125+0000] {dag.py:3036} INFO - Sync 1 DAGs
[2026-05-27T03:13:37.192+0000] {processor.py:183} INFO - Processing /opt/airflow/dags/dag_crime_pipeline.py took 0.148 seconds
[2026-05-27T03:14:10.144+0000] {processor.py:161} INFO - Started process (PID=3845) to work on /opt/airflow/dags/dag_crime_pipeline.py
[2026-05-27T03:14:10.145+0000] {processor.py:830} INFO - Processing file /opt/airflow/dags/dag_crime_pipeline.py for tasks to queue
[2026-05-27T03:14:10.148+0000] {logging_mixin.py:188} INFO - [2026-05-27T03:14:10.147+0000] {dagbag.py:538} INFO - Filling up the DagBag from /opt/airflow/dags/dag_crime_pipeline.py
[2026-05-27T03:14:10.185+0000] {processor.py:840} INFO - DAG(s) 'crime_analytics_pipeline' retrieved from /opt/airflow/dags/dag_crime_pipeline.py
[2026-05-27T03:14:10.223+0000] {logging_mixin.py:188} INFO - [2026-05-27T03:14:10.223+0000] {dag.py:3036} INFO - Sync 1 DAGs
[2026-05-27T03:14:10.284+0000] {processor.py:183} INFO - Processing /opt/airflow/dags/dag_crime_pipeline.py took 0.144 seconds
[2026-05-27T03:14:40.434+0000] {processor.py:161} INFO - Started process (PID=3850) to work on /opt/airflow/dags/dag_crime_pipeline.py
[2026-05-27T03:14:40.436+0000] {processor.py:830} INFO - Processing file /opt/airflow/dags/dag_crime_pipeline.py for tasks to queue
[2026-05-27T03:14:40.439+0000] {logging_mixin.py:188} INFO - [2026-05-27T03:14:40.438+0000] {dagbag.py:538} INFO - Filling up the DagBag from /opt/airflow/dags/dag_crime_pipeline.py
[2026-05-27T03:14:40.476+0000] {processor.py:840} INFO - DAG(s) 'crime_analytics_pipeline' retrieved from /opt/airflow/dags/dag_crime_pipeline.py
[2026-05-27T03:14:40.515+0000] {logging_mixin.py:188} INFO - [2026-05-27T03:14:40.515+0000] {dag.py:3036} INFO - Sync 1 DAGs
[2026-05-27T03:14:42.405+0000] {processor.py:183} INFO - Processing /opt/airflow/dags/dag_crime_pipeline.py took 0.134 seconds
[2026-05-27T03:15:15.251+0000] {processor.py:161} INFO - Started process (PID=3855) to work on /opt/airflow/dags/dag_crime_pipeline.py
[2026-05-27T03:15:15.252+0000] {processor.py:830} INFO - Processing file /opt/airflow/dags/dag_crime_pipeline.py for tasks to queue
[2026-05-27T03:15:15.256+0000] {logging_mixin.py:188} INFO - [2026-05-27T03:15:15.255+0000] {dagbag.py:538} INFO - Filling up the DagBag from /opt/airflow/dags/dag_crime_pipeline.py
[2026-05-27T03:15:15.294+0000] {processor.py:840} INFO - DAG(s) 'crime_analytics_pipeline' retrieved from /opt/airflow/dags/dag_crime_pipeline.py
[2026-05-27T03:15:15.328+0000] {logging_mixin.py:188} INFO - [2026-05-27T03:15:15.327+0000] {dag.py:3036} INFO - Sync 1 DAGs
[2026-05-27T03:15:15.374+0000] {processor.py:183} INFO - Processing /opt/airflow/dags/dag_crime_pipeline.py took 0.127 seconds
[2026-05-27T03:15:48.250+0000] {processor.py:161} INFO - Started process (PID=3860) to work on /opt/airflow/dags/dag_crime_pipeline.py
[2026-05-27T03:15:48.252+0000] {processor.py:830} INFO - Processing file /opt/airflow/dags/dag_crime_pipeline.py for tasks to queue
[2026-05-27T03:15:48.255+0000] {logging_mixin.py:188} INFO - [2026-05-27T03:15:48.254+0000] {dagbag.py:538} INFO - Filling up the DagBag from /opt/airflow/dags/dag_crime_pipeline.py
[2026-05-27T03:15:48.294+0000] {processor.py:840} INFO - DAG(s) 'crime_analytics_pipeline' retrieved from /opt/airflow/dags/dag_crime_pipeline.py
[2026-05-27T03:15:48.332+0000] {logging_mixin.py:188} INFO - [2026-05-27T03:15:48.332+0000] {dag.py:3036} INFO - Sync 1 DAGs
[2026-05-27T03:15:48.373+0000] {processor.py:183} INFO - Processing /opt/airflow/dags/dag_crime_pipeline.py took 0.128 seconds
[2026-05-27T03:16:21.477+0000] {processor.py:161} INFO - Started process (PID=3865) to work on /opt/airflow/dags/dag_crime_pipeline.py
[2026-05-27T03:16:21.479+0000] {processor.py:830} INFO - Processing file /opt/airflow/dags/dag_crime_pipeline.py for tasks to queue
[2026-05-27T03:16:21.481+0000] {logging_mixin.py:188} INFO - [2026-05-27T03:16:21.481+0000] {dagbag.py:538} INFO - Filling up the DagBag from /opt/airflow/dags/dag_crime_pipeline.py
[2026-05-27T03:16:21.518+0000] {processor.py:840} INFO - DAG(s) 'crime_analytics_pipeline' retrieved from /opt/airflow/dags/dag_crime_pipeline.py
[2026-05-27T03:16:21.555+0000] {logging_mixin.py:188} INFO - [2026-05-27T03:16:21.554+0000] {dag.py:3036} INFO - Sync 1 DAGs
[2026-05-27T03:16:21.600+0000] {processor.py:183} INFO - Processing /opt/airflow/dags/dag_crime_pipeline.py took 0.127 seconds
[2026-05-27T03:16:51.746+0000] {processor.py:161} INFO - Started process (PID=3870) to work on /opt/airflow/dags/dag_crime_pipeline.py
[2026-05-27T03:16:51.748+0000] {processor.py:830} INFO - Processing file /opt/airflow/dags/dag_crime_pipeline.py for tasks to queue
[2026-05-27T03:16:51.750+0000] {logging_mixin.py:188} INFO - [2026-05-27T03:16:51.750+0000] {dagbag.py:538} INFO - Filling up the DagBag from /opt/airflow/dags/dag_crime_pipeline.py
[2026-05-27T03:16:51.787+0000] {processor.py:840} INFO - DAG(s) 'crime_analytics_pipeline' retrieved from /opt/airflow/dags/dag_crime_pipeline.py
[2026-05-27T03:16:51.830+0000] {logging_mixin.py:188} INFO - [2026-05-27T03:16:51.829+0000] {dag.py:3036} INFO - Sync 1 DAGs
[2026-05-27T03:16:51.897+0000] {processor.py:183} INFO - Processing /opt/airflow/dags/dag_crime_pipeline.py took 0.155 seconds
[2026-05-27T03:17:22.755+0000] {processor.py:161} INFO - Started process (PID=3875) to work on /opt/airflow/dags/dag_crime_pipeline.py
[2026-05-27T03:17:22.756+0000] {processor.py:830} INFO - Processing file /opt/airflow/dags/dag_crime_pipeline.py for tasks to queue
[2026-05-27T03:17:22.759+0000] {logging_mixin.py:188} INFO - [2026-05-27T03:17:22.758+0000] {dagbag.py:538} INFO - Filling up the DagBag from /opt/airflow/dags/dag_crime_pipeline.py
[2026-05-27T03:17:22.795+0000] {processor.py:840} INFO - DAG(s) 'crime_analytics_pipeline' retrieved from /opt/airflow/dags/dag_crime_pipeline.py
[2026-05-27T03:17:22.830+0000] {logging_mixin.py:188} INFO - [2026-05-27T03:17:22.829+0000] {dag.py:3036} INFO - Sync 1 DAGs
[2026-05-27T03:17:22.880+0000] {processor.py:183} INFO - Processing /opt/airflow/dags/dag_crime_pipeline.py took 0.129 seconds
[2026-05-27T03:17:53.107+0000] {processor.py:161} INFO - Started process (PID=3880) to work on /opt/airflow/dags/dag_crime_pipeline.py
[2026-05-27T03:17:53.109+0000] {processor.py:830} INFO - Processing file /opt/airflow/dags/dag_crime_pipeline.py for tasks to queue
[2026-05-27T03:17:53.115+0000] {logging_mixin.py:188} INFO - [2026-05-27T03:17:53.114+0000] {dagbag.py:538} INFO - Filling up the DagBag from /opt/airflow/dags/dag_crime_pipeline.py
[2026-05-27T03:17:53.156+0000] {processor.py:840} INFO - DAG(s) 'crime_analytics_pipeline' retrieved from /opt/airflow/dags/dag_crime_pipeline.py
[2026-05-27T03:17:53.187+0000] {logging_mixin.py:188} INFO - [2026-05-27T03:17:53.186+0000] {dag.py:3036} INFO - Sync 1 DAGs
[2026-05-27T03:17:53.226+0000] {processor.py:183} INFO - Processing /opt/airflow/dags/dag_crime_pipeline.py took 0.124 seconds
[2026-05-27T03:18:23.375+0000] {processor.py:161} INFO - Started process (PID=3885) to work on /opt/airflow/dags/dag_crime_pipeline.py
[2026-05-27T03:18:23.376+0000] {processor.py:830} INFO - Processing file /opt/airflow/dags/dag_crime_pipeline.py for tasks to queue
[2026-05-27T03:18:23.379+0000] {logging_mixin.py:188} INFO - [2026-05-27T03:18:23.378+0000] {dagbag.py:538} INFO - Filling up the DagBag from /opt/airflow/dags/dag_crime_pipeline.py
[2026-05-27T03:18:23.415+0000] {processor.py:840} INFO - DAG(s) 'crime_analytics_pipeline' retrieved from /opt/airflow/dags/dag_crime_pipeline.py
[2026-05-27T03:18:23.452+0000] {logging_mixin.py:188} INFO - [2026-05-27T03:18:23.452+0000] {dag.py:3036} INFO - Sync 1 DAGs
[2026-05-27T03:18:23.516+0000] {processor.py:183} INFO - Processing /opt/airflow/dags/dag_crime_pipeline.py took 0.145 seconds
[2026-05-27T03:18:53.636+0000] {processor.py:161} INFO - Started process (PID=3890) to work on /opt/airflow/dags/dag_crime_pipeline.py
[2026-05-27T03:18:53.637+0000] {processor.py:830} INFO - Processing file /opt/airflow/dags/dag_crime_pipeline.py for tasks to queue
[2026-05-27T03:18:53.640+0000] {logging_mixin.py:188} INFO - [2026-05-27T03:18:53.639+0000] {dagbag.py:538} INFO - Filling up the DagBag from /opt/airflow/dags/dag_crime_pipeline.py
[2026-05-27T03:18:53.674+0000] {processor.py:840} INFO - DAG(s) 'crime_analytics_pipeline' retrieved from /opt/airflow/dags/dag_crime_pipeline.py
[2026-05-27T03:18:53.707+0000] {logging_mixin.py:188} INFO - [2026-05-27T03:18:53.707+0000] {dag.py:3036} INFO - Sync 1 DAGs
[2026-05-27T03:18:53.763+0000] {processor.py:183} INFO - Processing /opt/airflow/dags/dag_crime_pipeline.py took 0.131 seconds
[2026-05-27T03:19:23.902+0000] {processor.py:161} INFO - Started process (PID=3895) to work on /opt/airflow/dags/dag_crime_pipeline.py
[2026-05-27T03:19:23.903+0000] {processor.py:830} INFO - Processing file /opt/airflow/dags/dag_crime_pipeline.py for tasks to queue
[2026-05-27T03:19:23.907+0000] {logging_mixin.py:188} INFO - [2026-05-27T03:19:23.906+0000] {dagbag.py:538} INFO - Filling up the DagBag from /opt/airflow/dags/dag_crime_pipeline.py
[2026-05-27T03:19:23.944+0000] {processor.py:840} INFO - DAG(s) 'crime_analytics_pipeline' retrieved from /opt/airflow/dags/dag_crime_pipeline.py
[2026-05-27T03:19:23.981+0000] {logging_mixin.py:188} INFO - [2026-05-27T03:19:23.980+0000] {dag.py:3036} INFO - Sync 1 DAGs
[2026-05-27T03:19:24.038+0000] {processor.py:183} INFO - Processing /opt/airflow/dags/dag_crime_pipeline.py took 0.140 seconds
[2026-05-27T03:19:54.900+0000] {processor.py:161} INFO - Started process (PID=3900) to work on /opt/airflow/dags/dag_crime_pipeline.py
[2026-05-27T03:19:54.902+0000] {processor.py:830} INFO - Processing file /opt/airflow/dags/dag_crime_pipeline.py for tasks to queue
[2026-05-27T03:19:54.905+0000] {logging_mixin.py:188} INFO - [2026-05-27T03:19:54.904+0000] {dagbag.py:538} INFO - Filling up the DagBag from /opt/airflow/dags/dag_crime_pipeline.py
[2026-05-27T03:19:54.943+0000] {processor.py:840} INFO - DAG(s) 'crime_analytics_pipeline' retrieved from /opt/airflow/dags/dag_crime_pipeline.py
[2026-05-27T03:19:54.981+0000] {logging_mixin.py:188} INFO - [2026-05-27T03:19:54.980+0000] {dag.py:3036} INFO - Sync 1 DAGs
[2026-05-27T03:19:55.035+0000] {processor.py:183} INFO - Processing /opt/airflow/dags/dag_crime_pipeline.py took 0.140 seconds
[2026-05-27T03:20:25.203+0000] {processor.py:161} INFO - Started process (PID=3905) to work on /opt/airflow/dags/dag_crime_pipeline.py
[2026-05-27T03:20:25.204+0000] {processor.py:830} INFO - Processing file /opt/airflow/dags/dag_crime_pipeline.py for tasks to queue
[2026-05-27T03:20:25.206+0000] {logging_mixin.py:188} INFO - [2026-05-27T03:20:25.206+0000] {dagbag.py:538} INFO - Filling up the DagBag from /opt/airflow/dags/dag_crime_pipeline.py
[2026-05-27T03:20:25.247+0000] {processor.py:840} INFO - DAG(s) 'crime_analytics_pipeline' retrieved from /opt/airflow/dags/dag_crime_pipeline.py
[2026-05-27T03:20:25.280+0000] {logging_mixin.py:188} INFO - [2026-05-27T03:20:25.279+0000] {dag.py:3036} INFO - Sync 1 DAGs
[2026-05-27T03:20:25.324+0000] {processor.py:183} INFO - Processing /opt/airflow/dags/dag_crime_pipeline.py took 0.125 seconds
[2026-05-27T03:20:55.679+0000] {processor.py:161} INFO - Started process (PID=3910) to work on /opt/airflow/dags/dag_crime_pipeline.py
[2026-05-27T03:20:55.681+0000] {processor.py:830} INFO - Processing file /opt/airflow/dags/dag_crime_pipeline.py for tasks to queue
[2026-05-27T03:20:55.684+0000] {logging_mixin.py:188} INFO - [2026-05-27T03:20:55.684+0000] {dagbag.py:538} INFO - Filling up the DagBag from /opt/airflow/dags/dag_crime_pipeline.py
[2026-05-27T03:20:55.725+0000] {processor.py:840} INFO - DAG(s) 'crime_analytics_pipeline' retrieved from /opt/airflow/dags/dag_crime_pipeline.py
[2026-05-27T03:20:55.767+0000] {logging_mixin.py:188} INFO - [2026-05-27T03:20:55.766+0000] {dag.py:3036} INFO - Sync 1 DAGs
[2026-05-27T03:20:55.812+0000] {processor.py:183} INFO - Processing /opt/airflow/dags/dag_crime_pipeline.py took 0.137 seconds
[2026-05-27T03:21:26.542+0000] {processor.py:161} INFO - Started process (PID=3915) to work on /opt/airflow/dags/dag_crime_pipeline.py
[2026-05-27T03:21:26.543+0000] {processor.py:830} INFO - Processing file /opt/airflow/dags/dag_crime_pipeline.py for tasks to queue
[2026-05-27T03:21:26.546+0000] {logging_mixin.py:188} INFO - [2026-05-27T03:21:26.545+0000] {dagbag.py:538} INFO - Filling up the DagBag from /opt/airflow/dags/dag_crime_pipeline.py
[2026-05-27T03:21:26.580+0000] {processor.py:840} INFO - DAG(s) 'crime_analytics_pipeline' retrieved from /opt/airflow/dags/dag_crime_pipeline.py
[2026-05-27T03:21:26.616+0000] {logging_mixin.py:188} INFO - [2026-05-27T03:21:26.615+0000] {dag.py:3036} INFO - Sync 1 DAGs
[2026-05-27T03:21:26.660+0000] {processor.py:183} INFO - Processing /opt/airflow/dags/dag_crime_pipeline.py took 0.122 seconds
[2026-05-27T03:21:57.321+0000] {processor.py:161} INFO - Started process (PID=3920) to work on /opt/airflow/dags/dag_crime_pipeline.py
[2026-05-27T03:21:57.323+0000] {processor.py:830} INFO - Processing file /opt/airflow/dags/dag_crime_pipeline.py for tasks to queue
[2026-05-27T03:21:57.326+0000] {logging_mixin.py:188} INFO - [2026-05-27T03:21:57.325+0000] {dagbag.py:538} INFO - Filling up the DagBag from /opt/airflow/dags/dag_crime_pipeline.py
[2026-05-27T03:21:57.362+0000] {processor.py:840} INFO - DAG(s) 'crime_analytics_pipeline' retrieved from /opt/airflow/dags/dag_crime_pipeline.py
[2026-05-27T03:21:57.400+0000] {logging_mixin.py:188} INFO - [2026-05-27T03:21:57.399+0000] {dag.py:3036} INFO - Sync 1 DAGs
[2026-05-27T03:21:57.446+0000] {processor.py:183} INFO - Processing /opt/airflow/dags/dag_crime_pipeline.py took 0.129 seconds
[2026-05-27T03:22:28.102+0000] {processor.py:161} INFO - Started process (PID=3925) to work on /opt/airflow/dags/dag_crime_pipeline.py
[2026-05-27T03:22:28.104+0000] {processor.py:830} INFO - Processing file /opt/airflow/dags/dag_crime_pipeline.py for tasks to queue
[2026-05-27T03:22:28.106+0000] {logging_mixin.py:188} INFO - [2026-05-27T03:22:28.106+0000] {dagbag.py:538} INFO - Filling up the DagBag from /opt/airflow/dags/dag_crime_pipeline.py
[2026-05-27T03:22:28.143+0000] {processor.py:840} INFO - DAG(s) 'crime_analytics_pipeline' retrieved from /opt/airflow/dags/dag_crime_pipeline.py
[2026-05-27T03:22:28.179+0000] {logging_mixin.py:188} INFO - [2026-05-27T03:22:28.178+0000] {dag.py:3036} INFO - Sync 1 DAGs
[2026-05-27T03:22:28.224+0000] {processor.py:183} INFO - Processing /opt/airflow/dags/dag_crime_pipeline.py took 0.126 seconds
[2026-05-27T03:22:58.993+0000] {processor.py:161} INFO - Started process (PID=3930) to work on /opt/airflow/dags/dag_crime_pipeline.py
[2026-05-27T03:22:58.995+0000] {processor.py:830} INFO - Processing file /opt/airflow/dags/dag_crime_pipeline.py for tasks to queue
[2026-05-27T03:22:58.998+0000] {logging_mixin.py:188} INFO - [2026-05-27T03:22:58.997+0000] {dagbag.py:538} INFO - Filling up the DagBag from /opt/airflow/dags/dag_crime_pipeline.py
[2026-05-27T03:22:59.037+0000] {processor.py:840} INFO - DAG(s) 'crime_analytics_pipeline' retrieved from /opt/airflow/dags/dag_crime_pipeline.py
[2026-05-27T03:22:59.072+0000] {logging_mixin.py:188} INFO - [2026-05-27T03:22:59.071+0000] {dag.py:3036} INFO - Sync 1 DAGs
[2026-05-27T03:22:59.117+0000] {processor.py:183} INFO - Processing /opt/airflow/dags/dag_crime_pipeline.py took 0.128 seconds
[2026-05-27T03:23:29.788+0000] {processor.py:161} INFO - Started process (PID=3935) to work on /opt/airflow/dags/dag_crime_pipeline.py
[2026-05-27T03:23:29.789+0000] {processor.py:830} INFO - Processing file /opt/airflow/dags/dag_crime_pipeline.py for tasks to queue
[2026-05-27T03:23:29.792+0000] {logging_mixin.py:188} INFO - [2026-05-27T03:23:29.791+0000] {dagbag.py:538} INFO - Filling up the DagBag from /opt/airflow/dags/dag_crime_pipeline.py
[2026-05-27T03:23:29.833+0000] {processor.py:840} INFO - DAG(s) 'crime_analytics_pipeline' retrieved from /opt/airflow/dags/dag_crime_pipeline.py
[2026-05-27T03:23:29.869+0000] {logging_mixin.py:188} INFO - [2026-05-27T03:23:29.868+0000] {dag.py:3036} INFO - Sync 1 DAGs
[2026-05-27T03:23:29.913+0000] {processor.py:183} INFO - Processing /opt/airflow/dags/dag_crime_pipeline.py took 0.129 seconds
[2026-05-27T03:24:00.685+0000] {processor.py:161} INFO - Started process (PID=3940) to work on /opt/airflow/dags/dag_crime_pipeline.py
[2026-05-27T03:24:00.686+0000] {processor.py:830} INFO - Processing file /opt/airflow/dags/dag_crime_pipeline.py for tasks to queue
[2026-05-27T03:24:00.689+0000] {logging_mixin.py:188} INFO - [2026-05-27T03:24:00.688+0000] {dagbag.py:538} INFO - Filling up the DagBag from /opt/airflow/dags/dag_crime_pipeline.py
[2026-05-27T03:24:00.724+0000] {processor.py:840} INFO - DAG(s) 'crime_analytics_pipeline' retrieved from /opt/airflow/dags/dag_crime_pipeline.py
[2026-05-27T03:24:00.764+0000] {logging_mixin.py:188} INFO - [2026-05-27T03:24:00.764+0000] {dag.py:3036} INFO - Sync 1 DAGs
[2026-05-27T03:24:00.812+0000] {processor.py:183} INFO - Processing /opt/airflow/dags/dag_crime_pipeline.py took 0.131 seconds
[2026-05-27T03:24:32.471+0000] {processor.py:161} INFO - Started process (PID=3945) to work on /opt/airflow/dags/dag_crime_pipeline.py
[2026-05-27T03:24:32.472+0000] {processor.py:830} INFO - Processing file /opt/airflow/dags/dag_crime_pipeline.py for tasks to queue
[2026-05-27T03:24:32.475+0000] {logging_mixin.py:188} INFO - [2026-05-27T03:24:32.475+0000] {dagbag.py:538} INFO - Filling up the DagBag from /opt/airflow/dags/dag_crime_pipeline.py
[2026-05-27T03:24:32.511+0000] {processor.py:840} INFO - DAG(s) 'crime_analytics_pipeline' retrieved from /opt/airflow/dags/dag_crime_pipeline.py
[2026-05-27T03:24:32.546+0000] {logging_mixin.py:188} INFO - [2026-05-27T03:24:32.545+0000] {dag.py:3036} INFO - Sync 1 DAGs
[2026-05-27T03:24:32.591+0000] {processor.py:183} INFO - Processing /opt/airflow/dags/dag_crime_pipeline.py took 0.124 seconds
[2026-05-27T03:25:05.366+0000] {processor.py:161} INFO - Started process (PID=3950) to work on /opt/airflow/dags/dag_crime_pipeline.py
[2026-05-27T03:25:05.367+0000] {processor.py:830} INFO - Processing file /opt/airflow/dags/dag_crime_pipeline.py for tasks to queue
[2026-05-27T03:25:05.370+0000] {logging_mixin.py:188} INFO - [2026-05-27T03:25:05.369+0000] {dagbag.py:538} INFO - Filling up the DagBag from /opt/airflow/dags/dag_crime_pipeline.py
[2026-05-27T03:25:05.407+0000] {processor.py:840} INFO - DAG(s) 'crime_analytics_pipeline' retrieved from /opt/airflow/dags/dag_crime_pipeline.py
[2026-05-27T03:25:05.442+0000] {logging_mixin.py:188} INFO - [2026-05-27T03:25:05.441+0000] {dag.py:3036} INFO - Sync 1 DAGs
[2026-05-27T03:25:05.497+0000] {processor.py:183} INFO - Processing /opt/airflow/dags/dag_crime_pipeline.py took 0.135 seconds
[2026-05-27T03:25:37.299+0000] {processor.py:161} INFO - Started process (PID=3955) to work on /opt/airflow/dags/dag_crime_pipeline.py
[2026-05-27T03:25:37.300+0000] {processor.py:830} INFO - Processing file /opt/airflow/dags/dag_crime_pipeline.py for tasks to queue
[2026-05-27T03:25:37.303+0000] {logging_mixin.py:188} INFO - [2026-05-27T03:25:37.303+0000] {dagbag.py:538} INFO - Filling up the DagBag from /opt/airflow/dags/dag_crime_pipeline.py
[2026-05-27T03:25:37.342+0000] {processor.py:840} INFO - DAG(s) 'crime_analytics_pipeline' retrieved from /opt/airflow/dags/dag_crime_pipeline.py
[2026-05-27T03:25:37.382+0000] {logging_mixin.py:188} INFO - [2026-05-27T03:25:37.381+0000] {dag.py:3036} INFO - Sync 1 DAGs
[2026-05-27T03:25:37.443+0000] {processor.py:183} INFO - Processing /opt/airflow/dags/dag_crime_pipeline.py took 0.148 seconds
[2026-05-27T03:26:10.134+0000] {processor.py:161} INFO - Started process (PID=3960) to work on /opt/airflow/dags/dag_crime_pipeline.py
[2026-05-27T03:26:10.136+0000] {processor.py:830} INFO - Processing file /opt/airflow/dags/dag_crime_pipeline.py for tasks to queue
[2026-05-27T03:26:10.139+0000] {logging_mixin.py:188} INFO - [2026-05-27T03:26:10.138+0000] {dagbag.py:538} INFO - Filling up the DagBag from /opt/airflow/dags/dag_crime_pipeline.py
[2026-05-27T03:26:10.176+0000] {processor.py:840} INFO - DAG(s) 'crime_analytics_pipeline' retrieved from /opt/airflow/dags/dag_crime_pipeline.py
[2026-05-27T03:26:10.213+0000] {logging_mixin.py:188} INFO - [2026-05-27T03:26:10.213+0000] {dag.py:3036} INFO - Sync 1 DAGs
[2026-05-27T03:26:10.254+0000] {processor.py:183} INFO - Processing /opt/airflow/dags/dag_crime_pipeline.py took 0.124 seconds
[2026-05-27T03:26:43.159+0000] {processor.py:161} INFO - Started process (PID=3965) to work on /opt/airflow/dags/dag_crime_pipeline.py
[2026-05-27T03:26:43.160+0000] {processor.py:830} INFO - Processing file /opt/airflow/dags/dag_crime_pipeline.py for tasks to queue
[2026-05-27T03:26:43.163+0000] {logging_mixin.py:188} INFO - [2026-05-27T03:26:43.162+0000] {dagbag.py:538} INFO - Filling up the DagBag from /opt/airflow/dags/dag_crime_pipeline.py
[2026-05-27T03:26:43.206+0000] {processor.py:840} INFO - DAG(s) 'crime_analytics_pipeline' retrieved from /opt/airflow/dags/dag_crime_pipeline.py
[2026-05-27T03:26:43.251+0000] {logging_mixin.py:188} INFO - [2026-05-27T03:26:43.250+0000] {dag.py:3036} INFO - Sync 1 DAGs
[2026-05-27T03:26:43.315+0000] {processor.py:183} INFO - Processing /opt/airflow/dags/dag_crime_pipeline.py took 0.160 seconds
[2026-05-27T03:27:15.895+0000] {processor.py:161} INFO - Started process (PID=3970) to work on /opt/airflow/dags/dag_crime_pipeline.py
[2026-05-27T03:27:15.896+0000] {processor.py:830} INFO - Processing file /opt/airflow/dags/dag_crime_pipeline.py for tasks to queue
[2026-05-27T03:27:15.899+0000] {logging_mixin.py:188} INFO - [2026-05-27T03:27:15.898+0000] {dagbag.py:538} INFO - Filling up the DagBag from /opt/airflow/dags/dag_crime_pipeline.py
[2026-05-27T03:27:15.940+0000] {processor.py:840} INFO - DAG(s) 'crime_analytics_pipeline' retrieved from /opt/airflow/dags/dag_crime_pipeline.py
[2026-05-27T03:27:15.981+0000] {logging_mixin.py:188} INFO - [2026-05-27T03:27:15.980+0000] {dag.py:3036} INFO - Sync 1 DAGs
[2026-05-27T03:27:16.030+0000] {processor.py:183} INFO - Processing /opt/airflow/dags/dag_crime_pipeline.py took 0.140 seconds
[2026-05-27T03:27:47.834+0000] {processor.py:161} INFO - Started process (PID=3975) to work on /opt/airflow/dags/dag_crime_pipeline.py
[2026-05-27T03:27:47.836+0000] {processor.py:830} INFO - Processing file /opt/airflow/dags/dag_crime_pipeline.py for tasks to queue
[2026-05-27T03:27:47.839+0000] {logging_mixin.py:188} INFO - [2026-05-27T03:27:47.839+0000] {dagbag.py:538} INFO - Filling up the DagBag from /opt/airflow/dags/dag_crime_pipeline.py
[2026-05-27T03:27:47.878+0000] {processor.py:840} INFO - DAG(s) 'crime_analytics_pipeline' retrieved from /opt/airflow/dags/dag_crime_pipeline.py
[2026-05-27T03:27:47.914+0000] {logging_mixin.py:188} INFO - [2026-05-27T03:27:47.914+0000] {dag.py:3036} INFO - Sync 1 DAGs
[2026-05-27T03:27:47.995+0000] {processor.py:183} INFO - Processing /opt/airflow/dags/dag_crime_pipeline.py took 0.165 seconds
[2026-05-27T03:28:20.577+0000] {processor.py:161} INFO - Started process (PID=3980) to work on /opt/airflow/dags/dag_crime_pipeline.py
[2026-05-27T03:28:20.580+0000] {processor.py:830} INFO - Processing file /opt/airflow/dags/dag_crime_pipeline.py for tasks to queue
[2026-05-27T03:28:20.583+0000] {logging_mixin.py:188} INFO - [2026-05-27T03:28:20.583+0000] {dagbag.py:538} INFO - Filling up the DagBag from /opt/airflow/dags/dag_crime_pipeline.py
[2026-05-27T03:28:20.624+0000] {processor.py:840} INFO - DAG(s) 'crime_analytics_pipeline' retrieved from /opt/airflow/dags/dag_crime_pipeline.py
[2026-05-27T03:28:20.663+0000] {logging_mixin.py:188} INFO - [2026-05-27T03:28:20.662+0000] {dag.py:3036} INFO - Sync 1 DAGs
[2026-05-27T03:28:20.727+0000] {processor.py:183} INFO - Processing /opt/airflow/dags/dag_crime_pipeline.py took 0.155 seconds
[2026-05-27T03:28:53.449+0000] {processor.py:161} INFO - Started process (PID=3985) to work on /opt/airflow/dags/dag_crime_pipeline.py
[2026-05-27T03:28:53.450+0000] {processor.py:830} INFO - Processing file /opt/airflow/dags/dag_crime_pipeline.py for tasks to queue
[2026-05-27T03:28:53.454+0000] {logging_mixin.py:188} INFO - [2026-05-27T03:28:53.453+0000] {dagbag.py:538} INFO - Filling up the DagBag from /opt/airflow/dags/dag_crime_pipeline.py
[2026-05-27T03:28:53.497+0000] {processor.py:840} INFO - DAG(s) 'crime_analytics_pipeline' retrieved from /opt/airflow/dags/dag_crime_pipeline.py
[2026-05-27T03:28:53.535+0000] {logging_mixin.py:188} INFO - [2026-05-27T03:28:53.534+0000] {dag.py:3036} INFO - Sync 1 DAGs
[2026-05-27T03:28:53.599+0000] {processor.py:183} INFO - Processing /opt/airflow/dags/dag_crime_pipeline.py took 0.155 seconds
[2026-05-27T03:29:23.770+0000] {processor.py:161} INFO - Started process (PID=3990) to work on /opt/airflow/dags/dag_crime_pipeline.py
[2026-05-27T03:29:23.772+0000] {processor.py:830} INFO - Processing file /opt/airflow/dags/dag_crime_pipeline.py for tasks to queue
[2026-05-27T03:29:23.775+0000] {logging_mixin.py:188} INFO - [2026-05-27T03:29:23.774+0000] {dagbag.py:538} INFO - Filling up the DagBag from /opt/airflow/dags/dag_crime_pipeline.py
[2026-05-27T03:29:25.674+0000] {processor.py:840} INFO - DAG(s) 'crime_analytics_pipeline' retrieved from /opt/airflow/dags/dag_crime_pipeline.py
[2026-05-27T03:29:25.713+0000] {logging_mixin.py:188} INFO - [2026-05-27T03:29:25.712+0000] {dag.py:3036} INFO - Sync 1 DAGs
[2026-05-27T03:29:25.779+0000] {processor.py:183} INFO - Processing /opt/airflow/dags/dag_crime_pipeline.py took 0.151 seconds
[2026-05-27T03:29:58.571+0000] {processor.py:161} INFO - Started process (PID=3995) to work on /opt/airflow/dags/dag_crime_pipeline.py
[2026-05-27T03:29:58.573+0000] {processor.py:830} INFO - Processing file /opt/airflow/dags/dag_crime_pipeline.py for tasks to queue
[2026-05-27T03:29:58.575+0000] {logging_mixin.py:188} INFO - [2026-05-27T03:29:58.575+0000] {dagbag.py:538} INFO - Filling up the DagBag from /opt/airflow/dags/dag_crime_pipeline.py
[2026-05-27T03:29:58.614+0000] {processor.py:840} INFO - DAG(s) 'crime_analytics_pipeline' retrieved from /opt/airflow/dags/dag_crime_pipeline.py
[2026-05-27T03:29:58.648+0000] {logging_mixin.py:188} INFO - [2026-05-27T03:29:58.648+0000] {dag.py:3036} INFO - Sync 1 DAGs
[2026-05-27T03:29:58.707+0000] {processor.py:183} INFO - Processing /opt/airflow/dags/dag_crime_pipeline.py took 0.140 seconds
[2026-05-27T03:30:31.485+0000] {processor.py:161} INFO - Started process (PID=4000) to work on /opt/airflow/dags/dag_crime_pipeline.py
[2026-05-27T03:30:31.487+0000] {processor.py:830} INFO - Processing file /opt/airflow/dags/dag_crime_pipeline.py for tasks to queue
[2026-05-27T03:30:31.490+0000] {logging_mixin.py:188} INFO - [2026-05-27T03:30:31.489+0000] {dagbag.py:538} INFO - Filling up the DagBag from /opt/airflow/dags/dag_crime_pipeline.py
[2026-05-27T03:30:31.528+0000] {processor.py:840} INFO - DAG(s) 'crime_analytics_pipeline' retrieved from /opt/airflow/dags/dag_crime_pipeline.py
[2026-05-27T03:30:31.563+0000] {logging_mixin.py:188} INFO - [2026-05-27T03:30:31.563+0000] {dag.py:3036} INFO - Sync 1 DAGs
[2026-05-27T03:30:31.624+0000] {processor.py:183} INFO - Processing /opt/airflow/dags/dag_crime_pipeline.py took 0.144 seconds
[2026-05-27T03:31:01.724+0000] {processor.py:161} INFO - Started process (PID=4005) to work on /opt/airflow/dags/dag_crime_pipeline.py
[2026-05-27T03:31:01.725+0000] {processor.py:830} INFO - Processing file /opt/airflow/dags/dag_crime_pipeline.py for tasks to queue
[2026-05-27T03:31:01.728+0000] {logging_mixin.py:188} INFO - [2026-05-27T03:31:01.727+0000] {dagbag.py:538} INFO - Filling up the DagBag from /opt/airflow/dags/dag_crime_pipeline.py
[2026-05-27T03:31:01.764+0000] {processor.py:840} INFO - DAG(s) 'crime_analytics_pipeline' retrieved from /opt/airflow/dags/dag_crime_pipeline.py
[2026-05-27T03:31:01.801+0000] {logging_mixin.py:188} INFO - [2026-05-27T03:31:01.801+0000] {dag.py:3036} INFO - Sync 1 DAGs
[2026-05-27T03:31:01.866+0000] {processor.py:183} INFO - Processing /opt/airflow/dags/dag_crime_pipeline.py took 0.146 seconds
[2026-05-27T03:31:31.945+0000] {processor.py:161} INFO - Started process (PID=4010) to work on /opt/airflow/dags/dag_crime_pipeline.py
[2026-05-27T03:31:31.946+0000] {processor.py:830} INFO - Processing file /opt/airflow/dags/dag_crime_pipeline.py for tasks to queue
[2026-05-27T03:31:31.950+0000] {logging_mixin.py:188} INFO - [2026-05-27T03:31:31.949+0000] {dagbag.py:538} INFO - Filling up the DagBag from /opt/airflow/dags/dag_crime_pipeline.py
[2026-05-27T03:31:32.005+0000] {processor.py:840} INFO - DAG(s) 'crime_analytics_pipeline' retrieved from /opt/airflow/dags/dag_crime_pipeline.py
[2026-05-27T03:31:32.047+0000] {logging_mixin.py:188} INFO - [2026-05-27T03:31:32.046+0000] {dag.py:3036} INFO - Sync 1 DAGs
[2026-05-27T03:31:32.111+0000] {processor.py:183} INFO - Processing /opt/airflow/dags/dag_crime_pipeline.py took 0.171 seconds
[2026-05-27T03:32:02.777+0000] {processor.py:161} INFO - Started process (PID=4015) to work on /opt/airflow/dags/dag_crime_pipeline.py
[2026-05-27T03:32:02.781+0000] {processor.py:830} INFO - Processing file /opt/airflow/dags/dag_crime_pipeline.py for tasks to queue
[2026-05-27T03:32:02.790+0000] {logging_mixin.py:188} INFO - [2026-05-27T03:32:02.789+0000] {dagbag.py:538} INFO - Filling up the DagBag from /opt/airflow/dags/dag_crime_pipeline.py
[2026-05-27T03:32:02.852+0000] {processor.py:840} INFO - DAG(s) 'crime_analytics_pipeline' retrieved from /opt/airflow/dags/dag_crime_pipeline.py
[2026-05-27T03:32:02.888+0000] {logging_mixin.py:188} INFO - [2026-05-27T03:32:02.887+0000] {dag.py:3036} INFO - Sync 1 DAGs
[2026-05-27T03:32:02.947+0000] {processor.py:183} INFO - Processing /opt/airflow/dags/dag_crime_pipeline.py took 0.174 seconds
[2026-05-27T03:32:33.710+0000] {processor.py:161} INFO - Started process (PID=4020) to work on /opt/airflow/dags/dag_crime_pipeline.py
[2026-05-27T03:32:33.711+0000] {processor.py:830} INFO - Processing file /opt/airflow/dags/dag_crime_pipeline.py for tasks to queue
[2026-05-27T03:32:33.714+0000] {logging_mixin.py:188} INFO - [2026-05-27T03:32:33.713+0000] {dagbag.py:538} INFO - Filling up the DagBag from /opt/airflow/dags/dag_crime_pipeline.py
[2026-05-27T03:32:33.765+0000] {processor.py:840} INFO - DAG(s) 'crime_analytics_pipeline' retrieved from /opt/airflow/dags/dag_crime_pipeline.py
[2026-05-27T03:32:33.813+0000] {logging_mixin.py:188} INFO - [2026-05-27T03:32:33.812+0000] {dag.py:3036} INFO - Sync 1 DAGs
[2026-05-27T03:32:33.891+0000] {processor.py:183} INFO - Processing /opt/airflow/dags/dag_crime_pipeline.py took 0.187 seconds
[2026-05-27T03:33:04.662+0000] {processor.py:161} INFO - Started process (PID=4025) to work on /opt/airflow/dags/dag_crime_pipeline.py
[2026-05-27T03:33:04.664+0000] {processor.py:830} INFO - Processing file /opt/airflow/dags/dag_crime_pipeline.py for tasks to queue
[2026-05-27T03:33:04.666+0000] {logging_mixin.py:188} INFO - [2026-05-27T03:33:04.666+0000] {dagbag.py:538} INFO - Filling up the DagBag from /opt/airflow/dags/dag_crime_pipeline.py
[2026-05-27T03:33:04.703+0000] {processor.py:840} INFO - DAG(s) 'crime_analytics_pipeline' retrieved from /opt/airflow/dags/dag_crime_pipeline.py
[2026-05-27T03:33:04.741+0000] {logging_mixin.py:188} INFO - [2026-05-27T03:33:04.741+0000] {dag.py:3036} INFO - Sync 1 DAGs
[2026-05-27T03:33:04.802+0000] {processor.py:183} INFO - Processing /opt/airflow/dags/dag_crime_pipeline.py took 0.143 seconds
[2026-05-27T03:33:34.881+0000] {processor.py:161} INFO - Started process (PID=4030) to work on /opt/airflow/dags/dag_crime_pipeline.py
[2026-05-27T03:33:34.883+0000] {processor.py:830} INFO - Processing file /opt/airflow/dags/dag_crime_pipeline.py for tasks to queue
[2026-05-27T03:33:34.887+0000] {logging_mixin.py:188} INFO - [2026-05-27T03:33:34.886+0000] {dagbag.py:538} INFO - Filling up the DagBag from /opt/airflow/dags/dag_crime_pipeline.py
[2026-05-27T03:33:34.927+0000] {processor.py:840} INFO - DAG(s) 'crime_analytics_pipeline' retrieved from /opt/airflow/dags/dag_crime_pipeline.py
[2026-05-27T03:33:34.958+0000] {logging_mixin.py:188} INFO - [2026-05-27T03:33:34.958+0000] {dag.py:3036} INFO - Sync 1 DAGs
[2026-05-27T03:33:34.996+0000] {processor.py:183} INFO - Processing /opt/airflow/dags/dag_crime_pipeline.py took 0.120 seconds
[2026-05-27T03:34:05.870+0000] {processor.py:161} INFO - Started process (PID=4035) to work on /opt/airflow/dags/dag_crime_pipeline.py
[2026-05-27T03:34:05.871+0000] {processor.py:830} INFO - Processing file /opt/airflow/dags/dag_crime_pipeline.py for tasks to queue
[2026-05-27T03:34:05.874+0000] {logging_mixin.py:188} INFO - [2026-05-27T03:34:05.873+0000] {dagbag.py:538} INFO - Filling up the DagBag from /opt/airflow/dags/dag_crime_pipeline.py
[2026-05-27T03:34:05.908+0000] {processor.py:840} INFO - DAG(s) 'crime_analytics_pipeline' retrieved from /opt/airflow/dags/dag_crime_pipeline.py
[2026-05-27T03:34:05.944+0000] {logging_mixin.py:188} INFO - [2026-05-27T03:34:05.943+0000] {dag.py:3036} INFO - Sync 1 DAGs
[2026-05-27T03:34:05.998+0000] {processor.py:183} INFO - Processing /opt/airflow/dags/dag_crime_pipeline.py took 0.132 seconds
[2026-05-27T03:34:36.984+0000] {processor.py:161} INFO - Started process (PID=4040) to work on /opt/airflow/dags/dag_crime_pipeline.py
[2026-05-27T03:34:36.986+0000] {processor.py:830} INFO - Processing file /opt/airflow/dags/dag_crime_pipeline.py for tasks to queue
[2026-05-27T03:34:36.988+0000] {logging_mixin.py:188} INFO - [2026-05-27T03:34:36.988+0000] {dagbag.py:538} INFO - Filling up the DagBag from /opt/airflow/dags/dag_crime_pipeline.py
[2026-05-27T03:34:37.024+0000] {processor.py:840} INFO - DAG(s) 'crime_analytics_pipeline' retrieved from /opt/airflow/dags/dag_crime_pipeline.py
[2026-05-27T03:34:37.060+0000] {logging_mixin.py:188} INFO - [2026-05-27T03:34:37.060+0000] {dag.py:3036} INFO - Sync 1 DAGs
[2026-05-27T03:34:37.123+0000] {processor.py:183} INFO - Processing /opt/airflow/dags/dag_crime_pipeline.py took 0.142 seconds
[2026-05-27T03:35:08.002+0000] {processor.py:161} INFO - Started process (PID=4045) to work on /opt/airflow/dags/dag_crime_pipeline.py
[2026-05-27T03:35:08.003+0000] {processor.py:830} INFO - Processing file /opt/airflow/dags/dag_crime_pipeline.py for tasks to queue
[2026-05-27T03:35:08.006+0000] {logging_mixin.py:188} INFO - [2026-05-27T03:35:08.006+0000] {dagbag.py:538} INFO - Filling up the DagBag from /opt/airflow/dags/dag_crime_pipeline.py
[2026-05-27T03:35:08.045+0000] {processor.py:840} INFO - DAG(s) 'crime_analytics_pipeline' retrieved from /opt/airflow/dags/dag_crime_pipeline.py
[2026-05-27T03:35:08.081+0000] {logging_mixin.py:188} INFO - [2026-05-27T03:35:08.081+0000] {dag.py:3036} INFO - Sync 1 DAGs
[2026-05-27T03:35:08.148+0000] {processor.py:183} INFO - Processing /opt/airflow/dags/dag_crime_pipeline.py took 0.150 seconds
[2026-05-27T03:35:39.058+0000] {processor.py:161} INFO - Started process (PID=4050) to work on /opt/airflow/dags/dag_crime_pipeline.py
[2026-05-27T03:35:39.060+0000] {processor.py:830} INFO - Processing file /opt/airflow/dags/dag_crime_pipeline.py for tasks to queue
[2026-05-27T03:35:39.063+0000] {logging_mixin.py:188} INFO - [2026-05-27T03:35:39.062+0000] {dagbag.py:538} INFO - Filling up the DagBag from /opt/airflow/dags/dag_crime_pipeline.py
[2026-05-27T03:35:39.101+0000] {processor.py:840} INFO - DAG(s) 'crime_analytics_pipeline' retrieved from /opt/airflow/dags/dag_crime_pipeline.py
[2026-05-27T03:35:39.132+0000] {logging_mixin.py:188} INFO - [2026-05-27T03:35:39.132+0000] {dag.py:3036} INFO - Sync 1 DAGs
[2026-05-27T03:35:39.173+0000] {processor.py:183} INFO - Processing /opt/airflow/dags/dag_crime_pipeline.py took 0.120 seconds
[2026-05-27T03:36:09.334+0000] {processor.py:161} INFO - Started process (PID=4055) to work on /opt/airflow/dags/dag_crime_pipeline.py
[2026-05-27T03:36:09.336+0000] {processor.py:830} INFO - Processing file /opt/airflow/dags/dag_crime_pipeline.py for tasks to queue
[2026-05-27T03:36:09.338+0000] {logging_mixin.py:188} INFO - [2026-05-27T03:36:09.337+0000] {dagbag.py:538} INFO - Filling up the DagBag from /opt/airflow/dags/dag_crime_pipeline.py
[2026-05-27T03:36:09.375+0000] {processor.py:840} INFO - DAG(s) 'crime_analytics_pipeline' retrieved from /opt/airflow/dags/dag_crime_pipeline.py
[2026-05-27T03:36:09.409+0000] {logging_mixin.py:188} INFO - [2026-05-27T03:36:09.408+0000] {dag.py:3036} INFO - Sync 1 DAGs
[2026-05-27T03:36:09.451+0000] {processor.py:183} INFO - Processing /opt/airflow/dags/dag_crime_pipeline.py took 0.121 seconds
[2026-05-27T03:36:40.314+0000] {processor.py:161} INFO - Started process (PID=4060) to work on /opt/airflow/dags/dag_crime_pipeline.py
[2026-05-27T03:36:40.316+0000] {processor.py:830} INFO - Processing file /opt/airflow/dags/dag_crime_pipeline.py for tasks to queue
[2026-05-27T03:36:40.319+0000] {logging_mixin.py:188} INFO - [2026-05-27T03:36:40.318+0000] {dagbag.py:538} INFO - Filling up the DagBag from /opt/airflow/dags/dag_crime_pipeline.py
[2026-05-27T03:36:40.358+0000] {processor.py:840} INFO - DAG(s) 'crime_analytics_pipeline' retrieved from /opt/airflow/dags/dag_crime_pipeline.py
[2026-05-27T03:36:40.399+0000] {logging_mixin.py:188} INFO - [2026-05-27T03:36:40.399+0000] {dag.py:3036} INFO - Sync 1 DAGs
[2026-05-27T03:36:40.462+0000] {processor.py:183} INFO - Processing /opt/airflow/dags/dag_crime_pipeline.py took 0.153 seconds
[2026-05-27T03:37:10.580+0000] {processor.py:161} INFO - Started process (PID=4065) to work on /opt/airflow/dags/dag_crime_pipeline.py
[2026-05-27T03:37:10.582+0000] {processor.py:830} INFO - Processing file /opt/airflow/dags/dag_crime_pipeline.py for tasks to queue
[2026-05-27T03:37:10.584+0000] {logging_mixin.py:188} INFO - [2026-05-27T03:37:10.583+0000] {dagbag.py:538} INFO - Filling up the DagBag from /opt/airflow/dags/dag_crime_pipeline.py
[2026-05-27T03:37:10.619+0000] {processor.py:840} INFO - DAG(s) 'crime_analytics_pipeline' retrieved from /opt/airflow/dags/dag_crime_pipeline.py
[2026-05-27T03:37:10.652+0000] {logging_mixin.py:188} INFO - [2026-05-27T03:37:10.651+0000] {dag.py:3036} INFO - Sync 1 DAGs
[2026-05-27T03:37:10.707+0000] {processor.py:183} INFO - Processing /opt/airflow/dags/dag_crime_pipeline.py took 0.129 seconds
[2026-05-27T03:37:41.631+0000] {processor.py:161} INFO - Started process (PID=4070) to work on /opt/airflow/dags/dag_crime_pipeline.py
[2026-05-27T03:37:41.632+0000] {processor.py:830} INFO - Processing file /opt/airflow/dags/dag_crime_pipeline.py for tasks to queue
[2026-05-27T03:37:41.636+0000] {logging_mixin.py:188} INFO - [2026-05-27T03:37:41.635+0000] {dagbag.py:538} INFO - Filling up the DagBag from /opt/airflow/dags/dag_crime_pipeline.py
[2026-05-27T03:37:41.678+0000] {processor.py:840} INFO - DAG(s) 'crime_analytics_pipeline' retrieved from /opt/airflow/dags/dag_crime_pipeline.py
[2026-05-27T03:37:41.719+0000] {logging_mixin.py:188} INFO - [2026-05-27T03:37:41.719+0000] {dag.py:3036} INFO - Sync 1 DAGs
[2026-05-27T03:37:41.761+0000] {processor.py:183} INFO - Processing /opt/airflow/dags/dag_crime_pipeline.py took 0.134 seconds
[2026-05-27T03:38:12.616+0000] {processor.py:161} INFO - Started process (PID=4075) to work on /opt/airflow/dags/dag_crime_pipeline.py
[2026-05-27T03:38:12.617+0000] {processor.py:830} INFO - Processing file /opt/airflow/dags/dag_crime_pipeline.py for tasks to queue
[2026-05-27T03:38:12.621+0000] {logging_mixin.py:188} INFO - [2026-05-27T03:38:12.620+0000] {dagbag.py:538} INFO - Filling up the DagBag from /opt/airflow/dags/dag_crime_pipeline.py
[2026-05-27T03:38:12.658+0000] {processor.py:840} INFO - DAG(s) 'crime_analytics_pipeline' retrieved from /opt/airflow/dags/dag_crime_pipeline.py
[2026-05-27T03:38:12.694+0000] {logging_mixin.py:188} INFO - [2026-05-27T03:38:12.693+0000] {dag.py:3036} INFO - Sync 1 DAGs
[2026-05-27T03:38:12.732+0000] {processor.py:183} INFO - Processing /opt/airflow/dags/dag_crime_pipeline.py took 0.121 seconds
[2026-05-27T03:38:43.556+0000] {processor.py:161} INFO - Started process (PID=4080) to work on /opt/airflow/dags/dag_crime_pipeline.py
[2026-05-27T03:38:43.557+0000] {processor.py:830} INFO - Processing file /opt/airflow/dags/dag_crime_pipeline.py for tasks to queue
[2026-05-27T03:38:43.561+0000] {logging_mixin.py:188} INFO - [2026-05-27T03:38:43.560+0000] {dagbag.py:538} INFO - Filling up the DagBag from /opt/airflow/dags/dag_crime_pipeline.py
[2026-05-27T03:38:43.602+0000] {processor.py:840} INFO - DAG(s) 'crime_analytics_pipeline' retrieved from /opt/airflow/dags/dag_crime_pipeline.py
[2026-05-27T03:38:43.640+0000] {logging_mixin.py:188} INFO - [2026-05-27T03:38:43.640+0000] {dag.py:3036} INFO - Sync 1 DAGs
[2026-05-27T03:38:43.685+0000] {processor.py:183} INFO - Processing /opt/airflow/dags/dag_crime_pipeline.py took 0.133 seconds
[2026-05-27T03:39:13.759+0000] {processor.py:161} INFO - Started process (PID=4085) to work on /opt/airflow/dags/dag_crime_pipeline.py
[2026-05-27T03:39:13.761+0000] {processor.py:830} INFO - Processing file /opt/airflow/dags/dag_crime_pipeline.py for tasks to queue
[2026-05-27T03:39:13.764+0000] {logging_mixin.py:188} INFO - [2026-05-27T03:39:13.763+0000] {dagbag.py:538} INFO - Filling up the DagBag from /opt/airflow/dags/dag_crime_pipeline.py
[2026-05-27T03:39:13.801+0000] {processor.py:840} INFO - DAG(s) 'crime_analytics_pipeline' retrieved from /opt/airflow/dags/dag_crime_pipeline.py
[2026-05-27T03:39:13.837+0000] {logging_mixin.py:188} INFO - [2026-05-27T03:39:13.837+0000] {dag.py:3036} INFO - Sync 1 DAGs
[2026-05-27T03:39:13.896+0000] {processor.py:183} INFO - Processing /opt/airflow/dags/dag_crime_pipeline.py took 0.141 seconds
[2026-05-27T03:39:46.794+0000] {processor.py:161} INFO - Started process (PID=4090) to work on /opt/airflow/dags/dag_crime_pipeline.py
[2026-05-27T03:39:46.796+0000] {processor.py:830} INFO - Processing file /opt/airflow/dags/dag_crime_pipeline.py for tasks to queue
[2026-05-27T03:39:46.800+0000] {logging_mixin.py:188} INFO - [2026-05-27T03:39:46.799+0000] {dagbag.py:538} INFO - Filling up the DagBag from /opt/airflow/dags/dag_crime_pipeline.py
[2026-05-27T03:39:48.655+0000] {processor.py:840} INFO - DAG(s) 'crime_analytics_pipeline' retrieved from /opt/airflow/dags/dag_crime_pipeline.py
[2026-05-27T03:39:48.689+0000] {logging_mixin.py:188} INFO - [2026-05-27T03:39:48.689+0000] {dag.py:3036} INFO - Sync 1 DAGs
[2026-05-27T03:39:48.729+0000] {processor.py:183} INFO - Processing /opt/airflow/dags/dag_crime_pipeline.py took 0.124 seconds
[2026-05-27T03:40:21.697+0000] {processor.py:161} INFO - Started process (PID=4095) to work on /opt/airflow/dags/dag_crime_pipeline.py
[2026-05-27T03:40:21.698+0000] {processor.py:830} INFO - Processing file /opt/airflow/dags/dag_crime_pipeline.py for tasks to queue
[2026-05-27T03:40:21.701+0000] {logging_mixin.py:188} INFO - [2026-05-27T03:40:21.700+0000] {dagbag.py:538} INFO - Filling up the DagBag from /opt/airflow/dags/dag_crime_pipeline.py
[2026-05-27T03:40:21.743+0000] {processor.py:840} INFO - DAG(s) 'crime_analytics_pipeline' retrieved from /opt/airflow/dags/dag_crime_pipeline.py
[2026-05-27T03:40:21.780+0000] {logging_mixin.py:188} INFO - [2026-05-27T03:40:21.779+0000] {dag.py:3036} INFO - Sync 1 DAGs
[2026-05-27T03:40:21.825+0000] {processor.py:183} INFO - Processing /opt/airflow/dags/dag_crime_pipeline.py took 0.133 seconds
[2026-05-27T03:40:54.629+0000] {processor.py:161} INFO - Started process (PID=4100) to work on /opt/airflow/dags/dag_crime_pipeline.py
[2026-05-27T03:40:54.631+0000] {processor.py:830} INFO - Processing file /opt/airflow/dags/dag_crime_pipeline.py for tasks to queue
[2026-05-27T03:40:54.633+0000] {logging_mixin.py:188} INFO - [2026-05-27T03:40:54.633+0000] {dagbag.py:538} INFO - Filling up the DagBag from /opt/airflow/dags/dag_crime_pipeline.py
[2026-05-27T03:40:54.668+0000] {processor.py:840} INFO - DAG(s) 'crime_analytics_pipeline' retrieved from /opt/airflow/dags/dag_crime_pipeline.py
[2026-05-27T03:40:54.707+0000] {logging_mixin.py:188} INFO - [2026-05-27T03:40:54.706+0000] {dag.py:3036} INFO - Sync 1 DAGs
[2026-05-27T03:40:54.773+0000] {processor.py:183} INFO - Processing /opt/airflow/dags/dag_crime_pipeline.py took 0.147 seconds
[2026-05-27T03:41:24.871+0000] {processor.py:161} INFO - Started process (PID=4105) to work on /opt/airflow/dags/dag_crime_pipeline.py
[2026-05-27T03:41:24.872+0000] {processor.py:830} INFO - Processing file /opt/airflow/dags/dag_crime_pipeline.py for tasks to queue
[2026-05-27T03:41:24.875+0000] {logging_mixin.py:188} INFO - [2026-05-27T03:41:24.875+0000] {dagbag.py:538} INFO - Filling up the DagBag from /opt/airflow/dags/dag_crime_pipeline.py
[2026-05-27T03:41:24.922+0000] {processor.py:840} INFO - DAG(s) 'crime_analytics_pipeline' retrieved from /opt/airflow/dags/dag_crime_pipeline.py
[2026-05-27T03:41:26.850+0000] {logging_mixin.py:188} INFO - [2026-05-27T03:41:26.849+0000] {dag.py:3036} INFO - Sync 1 DAGs
[2026-05-27T03:41:26.900+0000] {processor.py:183} INFO - Processing /opt/airflow/dags/dag_crime_pipeline.py took 0.143 seconds
[2026-05-27T03:41:59.777+0000] {processor.py:161} INFO - Started process (PID=4110) to work on /opt/airflow/dags/dag_crime_pipeline.py
[2026-05-27T03:41:59.779+0000] {processor.py:830} INFO - Processing file /opt/airflow/dags/dag_crime_pipeline.py for tasks to queue
[2026-05-27T03:41:59.782+0000] {logging_mixin.py:188} INFO - [2026-05-27T03:41:59.781+0000] {dagbag.py:538} INFO - Filling up the DagBag from /opt/airflow/dags/dag_crime_pipeline.py
[2026-05-27T03:41:59.816+0000] {processor.py:840} INFO - DAG(s) 'crime_analytics_pipeline' retrieved from /opt/airflow/dags/dag_crime_pipeline.py
[2026-05-27T03:41:59.850+0000] {logging_mixin.py:188} INFO - [2026-05-27T03:41:59.849+0000] {dag.py:3036} INFO - Sync 1 DAGs
[2026-05-27T03:41:59.896+0000] {processor.py:183} INFO - Processing /opt/airflow/dags/dag_crime_pipeline.py took 0.123 seconds
[2026-05-27T03:42:32.783+0000] {processor.py:161} INFO - Started process (PID=4115) to work on /opt/airflow/dags/dag_crime_pipeline.py
[2026-05-27T03:42:32.784+0000] {processor.py:830} INFO - Processing file /opt/airflow/dags/dag_crime_pipeline.py for tasks to queue
[2026-05-27T03:42:32.787+0000] {logging_mixin.py:188} INFO - [2026-05-27T03:42:32.786+0000] {dagbag.py:538} INFO - Filling up the DagBag from /opt/airflow/dags/dag_crime_pipeline.py
[2026-05-27T03:42:32.822+0000] {processor.py:840} INFO - DAG(s) 'crime_analytics_pipeline' retrieved from /opt/airflow/dags/dag_crime_pipeline.py
[2026-05-27T03:42:32.857+0000] {logging_mixin.py:188} INFO - [2026-05-27T03:42:32.856+0000] {dag.py:3036} INFO - Sync 1 DAGs
[2026-05-27T03:42:32.912+0000] {processor.py:183} INFO - Processing /opt/airflow/dags/dag_crime_pipeline.py took 0.134 seconds
[2026-05-27T03:43:05.898+0000] {processor.py:161} INFO - Started process (PID=4120) to work on /opt/airflow/dags/dag_crime_pipeline.py
[2026-05-27T03:43:05.900+0000] {processor.py:830} INFO - Processing file /opt/airflow/dags/dag_crime_pipeline.py for tasks to queue
[2026-05-27T03:43:05.903+0000] {logging_mixin.py:188} INFO - [2026-05-27T03:43:05.902+0000] {dagbag.py:538} INFO - Filling up the DagBag from /opt/airflow/dags/dag_crime_pipeline.py
[2026-05-27T03:43:05.942+0000] {processor.py:840} INFO - DAG(s) 'crime_analytics_pipeline' retrieved from /opt/airflow/dags/dag_crime_pipeline.py
[2026-05-27T03:43:05.983+0000] {logging_mixin.py:188} INFO - [2026-05-27T03:43:05.982+0000] {dag.py:3036} INFO - Sync 1 DAGs
[2026-05-27T03:43:06.025+0000] {processor.py:183} INFO - Processing /opt/airflow/dags/dag_crime_pipeline.py took 0.131 seconds
[2026-05-27T03:43:36.351+0000] {processor.py:161} INFO - Started process (PID=4125) to work on /opt/airflow/dags/dag_crime_pipeline.py
[2026-05-27T03:43:36.353+0000] {processor.py:830} INFO - Processing file /opt/airflow/dags/dag_crime_pipeline.py for tasks to queue
[2026-05-27T03:43:36.356+0000] {logging_mixin.py:188} INFO - [2026-05-27T03:43:36.355+0000] {dagbag.py:538} INFO - Filling up the DagBag from /opt/airflow/dags/dag_crime_pipeline.py
[2026-05-27T03:43:36.396+0000] {processor.py:840} INFO - DAG(s) 'crime_analytics_pipeline' retrieved from /opt/airflow/dags/dag_crime_pipeline.py
[2026-05-27T03:43:36.434+0000] {logging_mixin.py:188} INFO - [2026-05-27T03:43:36.433+0000] {dag.py:3036} INFO - Sync 1 DAGs
[2026-05-27T03:43:38.408+0000] {processor.py:183} INFO - Processing /opt/airflow/dags/dag_crime_pipeline.py took 0.162 seconds
[2026-05-27T03:44:11.442+0000] {processor.py:161} INFO - Started process (PID=4130) to work on /opt/airflow/dags/dag_crime_pipeline.py
[2026-05-27T03:44:11.444+0000] {processor.py:830} INFO - Processing file /opt/airflow/dags/dag_crime_pipeline.py for tasks to queue
[2026-05-27T03:44:11.447+0000] {logging_mixin.py:188} INFO - [2026-05-27T03:44:11.446+0000] {dagbag.py:538} INFO - Filling up the DagBag from /opt/airflow/dags/dag_crime_pipeline.py
[2026-05-27T03:44:11.482+0000] {processor.py:840} INFO - DAG(s) 'crime_analytics_pipeline' retrieved from /opt/airflow/dags/dag_crime_pipeline.py
[2026-05-27T03:44:11.516+0000] {logging_mixin.py:188} INFO - [2026-05-27T03:44:11.515+0000] {dag.py:3036} INFO - Sync 1 DAGs
[2026-05-27T03:44:11.565+0000] {processor.py:183} INFO - Processing /opt/airflow/dags/dag_crime_pipeline.py took 0.127 seconds
[2026-05-27T03:44:44.453+0000] {processor.py:161} INFO - Started process (PID=4135) to work on /opt/airflow/dags/dag_crime_pipeline.py
[2026-05-27T03:44:44.454+0000] {processor.py:830} INFO - Processing file /opt/airflow/dags/dag_crime_pipeline.py for tasks to queue
[2026-05-27T03:44:44.456+0000] {logging_mixin.py:188} INFO - [2026-05-27T03:44:44.456+0000] {dagbag.py:538} INFO - Filling up the DagBag from /opt/airflow/dags/dag_crime_pipeline.py
[2026-05-27T03:44:44.492+0000] {processor.py:840} INFO - DAG(s) 'crime_analytics_pipeline' retrieved from /opt/airflow/dags/dag_crime_pipeline.py
[2026-05-27T03:44:44.523+0000] {logging_mixin.py:188} INFO - [2026-05-27T03:44:44.522+0000] {dag.py:3036} INFO - Sync 1 DAGs
[2026-05-27T03:44:44.592+0000] {processor.py:183} INFO - Processing /opt/airflow/dags/dag_crime_pipeline.py took 0.143 seconds
[2026-05-27T03:45:17.488+0000] {processor.py:161} INFO - Started process (PID=4140) to work on /opt/airflow/dags/dag_crime_pipeline.py
[2026-05-27T03:45:17.489+0000] {processor.py:830} INFO - Processing file /opt/airflow/dags/dag_crime_pipeline.py for tasks to queue
[2026-05-27T03:45:17.492+0000] {logging_mixin.py:188} INFO - [2026-05-27T03:45:17.492+0000] {dagbag.py:538} INFO - Filling up the DagBag from /opt/airflow/dags/dag_crime_pipeline.py
[2026-05-27T03:45:17.535+0000] {processor.py:840} INFO - DAG(s) 'crime_analytics_pipeline' retrieved from /opt/airflow/dags/dag_crime_pipeline.py
[2026-05-27T03:45:17.571+0000] {logging_mixin.py:188} INFO - [2026-05-27T03:45:17.571+0000] {dag.py:3036} INFO - Sync 1 DAGs
[2026-05-27T03:45:17.619+0000] {processor.py:183} INFO - Processing /opt/airflow/dags/dag_crime_pipeline.py took 0.136 seconds
[2026-05-27T03:45:47.790+0000] {processor.py:161} INFO - Started process (PID=4145) to work on /opt/airflow/dags/dag_crime_pipeline.py
[2026-05-27T03:45:47.791+0000] {processor.py:830} INFO - Processing file /opt/airflow/dags/dag_crime_pipeline.py for tasks to queue
[2026-05-27T03:45:47.794+0000] {logging_mixin.py:188} INFO - [2026-05-27T03:45:47.793+0000] {dagbag.py:538} INFO - Filling up the DagBag from /opt/airflow/dags/dag_crime_pipeline.py
[2026-05-27T03:45:47.828+0000] {processor.py:840} INFO - DAG(s) 'crime_analytics_pipeline' retrieved from /opt/airflow/dags/dag_crime_pipeline.py
[2026-05-27T03:45:47.861+0000] {logging_mixin.py:188} INFO - [2026-05-27T03:45:47.860+0000] {dag.py:3036} INFO - Sync 1 DAGs
[2026-05-27T03:45:49.824+0000] {processor.py:183} INFO - Processing /opt/airflow/dags/dag_crime_pipeline.py took 0.139 seconds
[2026-05-27T03:46:22.626+0000] {processor.py:161} INFO - Started process (PID=4150) to work on /opt/airflow/dags/dag_crime_pipeline.py
[2026-05-27T03:46:22.628+0000] {processor.py:830} INFO - Processing file /opt/airflow/dags/dag_crime_pipeline.py for tasks to queue
[2026-05-27T03:46:22.631+0000] {logging_mixin.py:188} INFO - [2026-05-27T03:46:22.630+0000] {dagbag.py:538} INFO - Filling up the DagBag from /opt/airflow/dags/dag_crime_pipeline.py
[2026-05-27T03:46:22.664+0000] {processor.py:840} INFO - DAG(s) 'crime_analytics_pipeline' retrieved from /opt/airflow/dags/dag_crime_pipeline.py
[2026-05-27T03:46:22.694+0000] {logging_mixin.py:188} INFO - [2026-05-27T03:46:22.694+0000] {dag.py:3036} INFO - Sync 1 DAGs
[2026-05-27T03:46:22.752+0000] {processor.py:183} INFO - Processing /opt/airflow/dags/dag_crime_pipeline.py took 0.130 seconds
[2026-05-27T03:46:55.669+0000] {processor.py:161} INFO - Started process (PID=4155) to work on /opt/airflow/dags/dag_crime_pipeline.py
[2026-05-27T03:46:55.670+0000] {processor.py:830} INFO - Processing file /opt/airflow/dags/dag_crime_pipeline.py for tasks to queue
[2026-05-27T03:46:55.674+0000] {logging_mixin.py:188} INFO - [2026-05-27T03:46:55.673+0000] {dagbag.py:538} INFO - Filling up the DagBag from /opt/airflow/dags/dag_crime_pipeline.py
[2026-05-27T03:46:55.731+0000] {processor.py:840} INFO - DAG(s) 'crime_analytics_pipeline' retrieved from /opt/airflow/dags/dag_crime_pipeline.py
[2026-05-27T03:46:55.763+0000] {logging_mixin.py:188} INFO - [2026-05-27T03:46:55.763+0000] {dag.py:3036} INFO - Sync 1 DAGs
[2026-05-27T03:46:55.808+0000] {processor.py:183} INFO - Processing /opt/airflow/dags/dag_crime_pipeline.py took 0.143 seconds
[2026-05-27T03:47:28.807+0000] {processor.py:161} INFO - Started process (PID=4160) to work on /opt/airflow/dags/dag_crime_pipeline.py
[2026-05-27T03:47:28.808+0000] {processor.py:830} INFO - Processing file /opt/airflow/dags/dag_crime_pipeline.py for tasks to queue
[2026-05-27T03:47:28.811+0000] {logging_mixin.py:188} INFO - [2026-05-27T03:47:28.811+0000] {dagbag.py:538} INFO - Filling up the DagBag from /opt/airflow/dags/dag_crime_pipeline.py
[2026-05-27T03:47:28.849+0000] {processor.py:840} INFO - DAG(s) 'crime_analytics_pipeline' retrieved from /opt/airflow/dags/dag_crime_pipeline.py
[2026-05-27T03:47:28.890+0000] {logging_mixin.py:188} INFO - [2026-05-27T03:47:28.889+0000] {dag.py:3036} INFO - Sync 1 DAGs
[2026-05-27T03:47:28.936+0000] {processor.py:183} INFO - Processing /opt/airflow/dags/dag_crime_pipeline.py took 0.133 seconds
[2026-05-27T03:47:59.181+0000] {processor.py:161} INFO - Started process (PID=4165) to work on /opt/airflow/dags/dag_crime_pipeline.py
[2026-05-27T03:47:59.182+0000] {processor.py:830} INFO - Processing file /opt/airflow/dags/dag_crime_pipeline.py for tasks to queue
[2026-05-27T03:47:59.185+0000] {logging_mixin.py:188} INFO - [2026-05-27T03:47:59.185+0000] {dagbag.py:538} INFO - Filling up the DagBag from /opt/airflow/dags/dag_crime_pipeline.py
[2026-05-27T03:47:59.221+0000] {processor.py:840} INFO - DAG(s) 'crime_analytics_pipeline' retrieved from /opt/airflow/dags/dag_crime_pipeline.py
[2026-05-27T03:47:59.255+0000] {logging_mixin.py:188} INFO - [2026-05-27T03:47:59.254+0000] {dag.py:3036} INFO - Sync 1 DAGs
[2026-05-27T03:48:01.207+0000] {processor.py:183} INFO - Processing /opt/airflow/dags/dag_crime_pipeline.py took 0.122 seconds
[2026-05-27T03:48:34.305+0000] {processor.py:161} INFO - Started process (PID=4170) to work on /opt/airflow/dags/dag_crime_pipeline.py
[2026-05-27T03:48:34.306+0000] {processor.py:830} INFO - Processing file /opt/airflow/dags/dag_crime_pipeline.py for tasks to queue
[2026-05-27T03:48:34.310+0000] {logging_mixin.py:188} INFO - [2026-05-27T03:48:34.309+0000] {dagbag.py:538} INFO - Filling up the DagBag from /opt/airflow/dags/dag_crime_pipeline.py
[2026-05-27T03:48:34.345+0000] {processor.py:840} INFO - DAG(s) 'crime_analytics_pipeline' retrieved from /opt/airflow/dags/dag_crime_pipeline.py
[2026-05-27T03:48:34.379+0000] {logging_mixin.py:188} INFO - [2026-05-27T03:48:34.378+0000] {dag.py:3036} INFO - Sync 1 DAGs
[2026-05-27T03:48:34.439+0000] {processor.py:183} INFO - Processing /opt/airflow/dags/dag_crime_pipeline.py took 0.138 seconds
[2026-05-27T03:49:07.258+0000] {processor.py:161} INFO - Started process (PID=4175) to work on /opt/airflow/dags/dag_crime_pipeline.py
[2026-05-27T03:49:07.259+0000] {processor.py:830} INFO - Processing file /opt/airflow/dags/dag_crime_pipeline.py for tasks to queue
[2026-05-27T03:49:07.262+0000] {logging_mixin.py:188} INFO - [2026-05-27T03:49:07.262+0000] {dagbag.py:538} INFO - Filling up the DagBag from /opt/airflow/dags/dag_crime_pipeline.py
[2026-05-27T03:49:07.298+0000] {processor.py:840} INFO - DAG(s) 'crime_analytics_pipeline' retrieved from /opt/airflow/dags/dag_crime_pipeline.py
[2026-05-27T03:49:07.333+0000] {logging_mixin.py:188} INFO - [2026-05-27T03:49:07.332+0000] {dag.py:3036} INFO - Sync 1 DAGs
[2026-05-27T03:49:07.394+0000] {processor.py:183} INFO - Processing /opt/airflow/dags/dag_crime_pipeline.py took 0.140 seconds
[2026-05-27T03:49:40.436+0000] {processor.py:161} INFO - Started process (PID=4180) to work on /opt/airflow/dags/dag_crime_pipeline.py
[2026-05-27T03:49:40.438+0000] {processor.py:830} INFO - Processing file /opt/airflow/dags/dag_crime_pipeline.py for tasks to queue
[2026-05-27T03:49:40.441+0000] {logging_mixin.py:188} INFO - [2026-05-27T03:49:40.440+0000] {dagbag.py:538} INFO - Filling up the DagBag from /opt/airflow/dags/dag_crime_pipeline.py
[2026-05-27T03:49:40.481+0000] {processor.py:840} INFO - DAG(s) 'crime_analytics_pipeline' retrieved from /opt/airflow/dags/dag_crime_pipeline.py
[2026-05-27T03:49:40.522+0000] {logging_mixin.py:188} INFO - [2026-05-27T03:49:40.521+0000] {dag.py:3036} INFO - Sync 1 DAGs
[2026-05-27T03:49:40.591+0000] {processor.py:183} INFO - Processing /opt/airflow/dags/dag_crime_pipeline.py took 0.158 seconds
[2026-05-27T03:50:12.608+0000] {processor.py:161} INFO - Started process (PID=4185) to work on /opt/airflow/dags/dag_crime_pipeline.py
[2026-05-27T03:50:12.610+0000] {processor.py:830} INFO - Processing file /opt/airflow/dags/dag_crime_pipeline.py for tasks to queue
[2026-05-27T03:50:12.613+0000] {logging_mixin.py:188} INFO - [2026-05-27T03:50:12.612+0000] {dagbag.py:538} INFO - Filling up the DagBag from /opt/airflow/dags/dag_crime_pipeline.py
[2026-05-27T03:50:12.649+0000] {processor.py:840} INFO - DAG(s) 'crime_analytics_pipeline' retrieved from /opt/airflow/dags/dag_crime_pipeline.py
[2026-05-27T03:50:12.680+0000] {logging_mixin.py:188} INFO - [2026-05-27T03:50:12.680+0000] {dag.py:3036} INFO - Sync 1 DAGs
[2026-05-27T03:50:12.729+0000] {processor.py:183} INFO - Processing /opt/airflow/dags/dag_crime_pipeline.py took 0.125 seconds
[2026-05-27T03:50:45.603+0000] {processor.py:161} INFO - Started process (PID=4190) to work on /opt/airflow/dags/dag_crime_pipeline.py
[2026-05-27T03:50:45.605+0000] {processor.py:830} INFO - Processing file /opt/airflow/dags/dag_crime_pipeline.py for tasks to queue
[2026-05-27T03:50:45.608+0000] {logging_mixin.py:188} INFO - [2026-05-27T03:50:45.607+0000] {dagbag.py:538} INFO - Filling up the DagBag from /opt/airflow/dags/dag_crime_pipeline.py
[2026-05-27T03:50:45.643+0000] {processor.py:840} INFO - DAG(s) 'crime_analytics_pipeline' retrieved from /opt/airflow/dags/dag_crime_pipeline.py
[2026-05-27T03:50:45.680+0000] {logging_mixin.py:188} INFO - [2026-05-27T03:50:45.680+0000] {dag.py:3036} INFO - Sync 1 DAGs
[2026-05-27T03:50:45.728+0000] {processor.py:183} INFO - Processing /opt/airflow/dags/dag_crime_pipeline.py took 0.128 seconds
[2026-05-27T03:51:18.828+0000] {processor.py:161} INFO - Started process (PID=4195) to work on /opt/airflow/dags/dag_crime_pipeline.py
[2026-05-27T03:51:18.830+0000] {processor.py:830} INFO - Processing file /opt/airflow/dags/dag_crime_pipeline.py for tasks to queue
[2026-05-27T03:51:18.833+0000] {logging_mixin.py:188} INFO - [2026-05-27T03:51:18.832+0000] {dagbag.py:538} INFO - Filling up the DagBag from /opt/airflow/dags/dag_crime_pipeline.py
[2026-05-27T03:51:18.868+0000] {processor.py:840} INFO - DAG(s) 'crime_analytics_pipeline' retrieved from /opt/airflow/dags/dag_crime_pipeline.py
[2026-05-27T03:51:18.903+0000] {logging_mixin.py:188} INFO - [2026-05-27T03:51:18.903+0000] {dag.py:3036} INFO - Sync 1 DAGs
[2026-05-27T03:51:18.952+0000] {processor.py:183} INFO - Processing /opt/airflow/dags/dag_crime_pipeline.py took 0.127 seconds
[2026-05-27T03:51:49.183+0000] {processor.py:161} INFO - Started process (PID=4200) to work on /opt/airflow/dags/dag_crime_pipeline.py
[2026-05-27T03:51:49.185+0000] {processor.py:830} INFO - Processing file /opt/airflow/dags/dag_crime_pipeline.py for tasks to queue
[2026-05-27T03:51:49.188+0000] {logging_mixin.py:188} INFO - [2026-05-27T03:51:49.188+0000] {dagbag.py:538} INFO - Filling up the DagBag from /opt/airflow/dags/dag_crime_pipeline.py
[2026-05-27T03:51:49.229+0000] {processor.py:840} INFO - DAG(s) 'crime_analytics_pipeline' retrieved from /opt/airflow/dags/dag_crime_pipeline.py
[2026-05-27T03:51:49.268+0000] {logging_mixin.py:188} INFO - [2026-05-27T03:51:49.268+0000] {dag.py:3036} INFO - Sync 1 DAGs
[2026-05-27T03:51:49.329+0000] {processor.py:183} INFO - Processing /opt/airflow/dags/dag_crime_pipeline.py took 0.149 seconds
[2026-05-27T03:52:20.172+0000] {processor.py:161} INFO - Started process (PID=4205) to work on /opt/airflow/dags/dag_crime_pipeline.py
[2026-05-27T03:52:20.173+0000] {processor.py:830} INFO - Processing file /opt/airflow/dags/dag_crime_pipeline.py for tasks to queue
[2026-05-27T03:52:20.176+0000] {logging_mixin.py:188} INFO - [2026-05-27T03:52:20.175+0000] {dagbag.py:538} INFO - Filling up the DagBag from /opt/airflow/dags/dag_crime_pipeline.py
[2026-05-27T03:52:20.211+0000] {processor.py:840} INFO - DAG(s) 'crime_analytics_pipeline' retrieved from /opt/airflow/dags/dag_crime_pipeline.py
[2026-05-27T03:52:20.247+0000] {logging_mixin.py:188} INFO - [2026-05-27T03:52:20.247+0000] {dag.py:3036} INFO - Sync 1 DAGs
[2026-05-27T03:52:20.308+0000] {processor.py:183} INFO - Processing /opt/airflow/dags/dag_crime_pipeline.py took 0.141 seconds
[2026-05-27T03:52:50.727+0000] {processor.py:161} INFO - Started process (PID=4210) to work on /opt/airflow/dags/dag_crime_pipeline.py
[2026-05-27T03:52:50.728+0000] {processor.py:830} INFO - Processing file /opt/airflow/dags/dag_crime_pipeline.py for tasks to queue
[2026-05-27T03:52:50.732+0000] {logging_mixin.py:188} INFO - [2026-05-27T03:52:50.731+0000] {dagbag.py:538} INFO - Filling up the DagBag from /opt/airflow/dags/dag_crime_pipeline.py
[2026-05-27T03:52:50.770+0000] {processor.py:840} INFO - DAG(s) 'crime_analytics_pipeline' retrieved from /opt/airflow/dags/dag_crime_pipeline.py
[2026-05-27T03:52:50.801+0000] {logging_mixin.py:188} INFO - [2026-05-27T03:52:50.801+0000] {dag.py:3036} INFO - Sync 1 DAGs
[2026-05-27T03:52:50.843+0000] {processor.py:183} INFO - Processing /opt/airflow/dags/dag_crime_pipeline.py took 0.120 seconds
[2026-05-27T03:53:20.977+0000] {processor.py:161} INFO - Started process (PID=4215) to work on /opt/airflow/dags/dag_crime_pipeline.py
[2026-05-27T03:53:20.979+0000] {processor.py:830} INFO - Processing file /opt/airflow/dags/dag_crime_pipeline.py for tasks to queue
[2026-05-27T03:53:20.981+0000] {logging_mixin.py:188} INFO - [2026-05-27T03:53:20.981+0000] {dagbag.py:538} INFO - Filling up the DagBag from /opt/airflow/dags/dag_crime_pipeline.py
[2026-05-27T03:53:21.019+0000] {processor.py:840} INFO - DAG(s) 'crime_analytics_pipeline' retrieved from /opt/airflow/dags/dag_crime_pipeline.py
[2026-05-27T03:53:21.056+0000] {logging_mixin.py:188} INFO - [2026-05-27T03:53:21.055+0000] {dag.py:3036} INFO - Sync 1 DAGs
[2026-05-27T03:53:21.102+0000] {processor.py:183} INFO - Processing /opt/airflow/dags/dag_crime_pipeline.py took 0.129 seconds
[2026-05-27T03:53:51.902+0000] {processor.py:161} INFO - Started process (PID=4220) to work on /opt/airflow/dags/dag_crime_pipeline.py
[2026-05-27T03:53:51.904+0000] {processor.py:830} INFO - Processing file /opt/airflow/dags/dag_crime_pipeline.py for tasks to queue
[2026-05-27T03:53:51.907+0000] {logging_mixin.py:188} INFO - [2026-05-27T03:53:51.906+0000] {dagbag.py:538} INFO - Filling up the DagBag from /opt/airflow/dags/dag_crime_pipeline.py
[2026-05-27T03:53:51.944+0000] {processor.py:840} INFO - DAG(s) 'crime_analytics_pipeline' retrieved from /opt/airflow/dags/dag_crime_pipeline.py
[2026-05-27T03:53:51.978+0000] {logging_mixin.py:188} INFO - [2026-05-27T03:53:51.977+0000] {dag.py:3036} INFO - Sync 1 DAGs
[2026-05-27T03:53:52.021+0000] {processor.py:183} INFO - Processing /opt/airflow/dags/dag_crime_pipeline.py took 0.122 seconds
[2026-05-27T03:54:22.232+0000] {processor.py:161} INFO - Started process (PID=4225) to work on /opt/airflow/dags/dag_crime_pipeline.py
[2026-05-27T03:54:22.233+0000] {processor.py:830} INFO - Processing file /opt/airflow/dags/dag_crime_pipeline.py for tasks to queue
[2026-05-27T03:54:22.236+0000] {logging_mixin.py:188} INFO - [2026-05-27T03:54:22.235+0000] {dagbag.py:538} INFO - Filling up the DagBag from /opt/airflow/dags/dag_crime_pipeline.py
[2026-05-27T03:54:22.270+0000] {processor.py:840} INFO - DAG(s) 'crime_analytics_pipeline' retrieved from /opt/airflow/dags/dag_crime_pipeline.py
[2026-05-27T03:54:22.305+0000] {logging_mixin.py:188} INFO - [2026-05-27T03:54:22.305+0000] {dag.py:3036} INFO - Sync 1 DAGs
[2026-05-27T03:54:22.363+0000] {processor.py:183} INFO - Processing /opt/airflow/dags/dag_crime_pipeline.py took 0.135 seconds
[2026-05-27T03:54:52.469+0000] {processor.py:161} INFO - Started process (PID=4230) to work on /opt/airflow/dags/dag_crime_pipeline.py
[2026-05-27T03:54:52.471+0000] {processor.py:830} INFO - Processing file /opt/airflow/dags/dag_crime_pipeline.py for tasks to queue
[2026-05-27T03:54:52.474+0000] {logging_mixin.py:188} INFO - [2026-05-27T03:54:52.474+0000] {dagbag.py:538} INFO - Filling up the DagBag from /opt/airflow/dags/dag_crime_pipeline.py
[2026-05-27T03:54:52.522+0000] {processor.py:840} INFO - DAG(s) 'crime_analytics_pipeline' retrieved from /opt/airflow/dags/dag_crime_pipeline.py
[2026-05-27T03:54:52.558+0000] {logging_mixin.py:188} INFO - [2026-05-27T03:54:52.558+0000] {dag.py:3036} INFO - Sync 1 DAGs
[2026-05-27T03:54:52.619+0000] {processor.py:183} INFO - Processing /opt/airflow/dags/dag_crime_pipeline.py took 0.154 seconds
[2026-05-27T03:55:23.395+0000] {processor.py:161} INFO - Started process (PID=4235) to work on /opt/airflow/dags/dag_crime_pipeline.py
[2026-05-27T03:55:23.397+0000] {processor.py:830} INFO - Processing file /opt/airflow/dags/dag_crime_pipeline.py for tasks to queue
[2026-05-27T03:55:23.399+0000] {logging_mixin.py:188} INFO - [2026-05-27T03:55:23.399+0000] {dagbag.py:538} INFO - Filling up the DagBag from /opt/airflow/dags/dag_crime_pipeline.py
[2026-05-27T03:55:23.435+0000] {processor.py:840} INFO - DAG(s) 'crime_analytics_pipeline' retrieved from /opt/airflow/dags/dag_crime_pipeline.py
[2026-05-27T03:55:23.467+0000] {logging_mixin.py:188} INFO - [2026-05-27T03:55:23.467+0000] {dag.py:3036} INFO - Sync 1 DAGs
[2026-05-27T03:55:23.508+0000] {processor.py:183} INFO - Processing /opt/airflow/dags/dag_crime_pipeline.py took 0.118 seconds
[2026-05-27T03:55:54.429+0000] {processor.py:161} INFO - Started process (PID=4240) to work on /opt/airflow/dags/dag_crime_pipeline.py
[2026-05-27T03:55:54.431+0000] {processor.py:830} INFO - Processing file /opt/airflow/dags/dag_crime_pipeline.py for tasks to queue
[2026-05-27T03:55:54.433+0000] {logging_mixin.py:188} INFO - [2026-05-27T03:55:54.433+0000] {dagbag.py:538} INFO - Filling up the DagBag from /opt/airflow/dags/dag_crime_pipeline.py
[2026-05-27T03:55:54.468+0000] {processor.py:840} INFO - DAG(s) 'crime_analytics_pipeline' retrieved from /opt/airflow/dags/dag_crime_pipeline.py
[2026-05-27T03:55:54.505+0000] {logging_mixin.py:188} INFO - [2026-05-27T03:55:54.505+0000] {dag.py:3036} INFO - Sync 1 DAGs
[2026-05-27T03:55:54.566+0000] {processor.py:183} INFO - Processing /opt/airflow/dags/dag_crime_pipeline.py took 0.140 seconds
[2026-05-27T03:56:24.780+0000] {processor.py:161} INFO - Started process (PID=4245) to work on /opt/airflow/dags/dag_crime_pipeline.py
[2026-05-27T03:56:24.781+0000] {processor.py:830} INFO - Processing file /opt/airflow/dags/dag_crime_pipeline.py for tasks to queue
[2026-05-27T03:56:24.784+0000] {logging_mixin.py:188} INFO - [2026-05-27T03:56:24.783+0000] {dagbag.py:538} INFO - Filling up the DagBag from /opt/airflow/dags/dag_crime_pipeline.py
[2026-05-27T03:56:24.819+0000] {processor.py:840} INFO - DAG(s) 'crime_analytics_pipeline' retrieved from /opt/airflow/dags/dag_crime_pipeline.py
[2026-05-27T03:56:24.854+0000] {logging_mixin.py:188} INFO - [2026-05-27T03:56:24.854+0000] {dag.py:3036} INFO - Sync 1 DAGs
[2026-05-27T03:56:24.898+0000] {processor.py:183} INFO - Processing /opt/airflow/dags/dag_crime_pipeline.py took 0.121 seconds
[2026-05-27T03:56:54.958+0000] {processor.py:161} INFO - Started process (PID=4250) to work on /opt/airflow/dags/dag_crime_pipeline.py
[2026-05-27T03:56:54.960+0000] {processor.py:830} INFO - Processing file /opt/airflow/dags/dag_crime_pipeline.py for tasks to queue
[2026-05-27T03:56:54.962+0000] {logging_mixin.py:188} INFO - [2026-05-27T03:56:54.962+0000] {dagbag.py:538} INFO - Filling up the DagBag from /opt/airflow/dags/dag_crime_pipeline.py
[2026-05-27T03:56:54.998+0000] {processor.py:840} INFO - DAG(s) 'crime_analytics_pipeline' retrieved from /opt/airflow/dags/dag_crime_pipeline.py
[2026-05-27T03:56:55.030+0000] {logging_mixin.py:188} INFO - [2026-05-27T03:56:55.030+0000] {dag.py:3036} INFO - Sync 1 DAGs
[2026-05-27T03:56:55.091+0000] {processor.py:183} INFO - Processing /opt/airflow/dags/dag_crime_pipeline.py took 0.136 seconds
[2026-05-27T03:57:25.166+0000] {processor.py:161} INFO - Started process (PID=4255) to work on /opt/airflow/dags/dag_crime_pipeline.py
[2026-05-27T03:57:25.167+0000] {processor.py:830} INFO - Processing file /opt/airflow/dags/dag_crime_pipeline.py for tasks to queue
[2026-05-27T03:57:25.170+0000] {logging_mixin.py:188} INFO - [2026-05-27T03:57:25.170+0000] {dagbag.py:538} INFO - Filling up the DagBag from /opt/airflow/dags/dag_crime_pipeline.py
[2026-05-27T03:57:25.207+0000] {processor.py:840} INFO - DAG(s) 'crime_analytics_pipeline' retrieved from /opt/airflow/dags/dag_crime_pipeline.py
[2026-05-27T03:57:25.247+0000] {logging_mixin.py:188} INFO - [2026-05-27T03:57:25.247+0000] {dag.py:3036} INFO - Sync 1 DAGs
[2026-05-27T03:57:25.293+0000] {processor.py:183} INFO - Processing /opt/airflow/dags/dag_crime_pipeline.py took 0.132 seconds
[2026-05-27T03:57:56.265+0000] {processor.py:161} INFO - Started process (PID=4260) to work on /opt/airflow/dags/dag_crime_pipeline.py
[2026-05-27T03:57:56.267+0000] {processor.py:830} INFO - Processing file /opt/airflow/dags/dag_crime_pipeline.py for tasks to queue
[2026-05-27T03:57:56.270+0000] {logging_mixin.py:188} INFO - [2026-05-27T03:57:56.269+0000] {dagbag.py:538} INFO - Filling up the DagBag from /opt/airflow/dags/dag_crime_pipeline.py
[2026-05-27T03:57:56.308+0000] {processor.py:840} INFO - DAG(s) 'crime_analytics_pipeline' retrieved from /opt/airflow/dags/dag_crime_pipeline.py
[2026-05-27T03:57:56.344+0000] {logging_mixin.py:188} INFO - [2026-05-27T03:57:56.343+0000] {dag.py:3036} INFO - Sync 1 DAGs
[2026-05-27T03:57:56.402+0000] {processor.py:183} INFO - Processing /opt/airflow/dags/dag_crime_pipeline.py took 0.141 seconds
[2026-05-27T03:58:27.461+0000] {processor.py:161} INFO - Started process (PID=4265) to work on /opt/airflow/dags/dag_crime_pipeline.py
[2026-05-27T03:58:27.464+0000] {processor.py:830} INFO - Processing file /opt/airflow/dags/dag_crime_pipeline.py for tasks to queue
[2026-05-27T03:58:27.476+0000] {logging_mixin.py:188} INFO - [2026-05-27T03:58:27.467+0000] {dagbag.py:538} INFO - Filling up the DagBag from /opt/airflow/dags/dag_crime_pipeline.py
[2026-05-27T03:58:27.525+0000] {processor.py:840} INFO - DAG(s) 'crime_analytics_pipeline' retrieved from /opt/airflow/dags/dag_crime_pipeline.py
[2026-05-27T03:58:27.556+0000] {logging_mixin.py:188} INFO - [2026-05-27T03:58:27.556+0000] {dag.py:3036} INFO - Sync 1 DAGs
[2026-05-27T03:58:27.598+0000] {processor.py:183} INFO - Processing /opt/airflow/dags/dag_crime_pipeline.py took 0.142 seconds
[2026-05-27T03:58:59.576+0000] {processor.py:161} INFO - Started process (PID=4270) to work on /opt/airflow/dags/dag_crime_pipeline.py
[2026-05-27T03:58:59.578+0000] {processor.py:830} INFO - Processing file /opt/airflow/dags/dag_crime_pipeline.py for tasks to queue
[2026-05-27T03:58:59.581+0000] {logging_mixin.py:188} INFO - [2026-05-27T03:58:59.580+0000] {dagbag.py:538} INFO - Filling up the DagBag from /opt/airflow/dags/dag_crime_pipeline.py
[2026-05-27T03:58:59.621+0000] {processor.py:840} INFO - DAG(s) 'crime_analytics_pipeline' retrieved from /opt/airflow/dags/dag_crime_pipeline.py
[2026-05-27T03:58:59.660+0000] {logging_mixin.py:188} INFO - [2026-05-27T03:58:59.659+0000] {dag.py:3036} INFO - Sync 1 DAGs
[2026-05-27T03:58:59.706+0000] {processor.py:183} INFO - Processing /opt/airflow/dags/dag_crime_pipeline.py took 0.134 seconds
[2026-05-27T03:59:32.777+0000] {processor.py:161} INFO - Started process (PID=4275) to work on /opt/airflow/dags/dag_crime_pipeline.py
[2026-05-27T03:59:32.779+0000] {processor.py:830} INFO - Processing file /opt/airflow/dags/dag_crime_pipeline.py for tasks to queue
[2026-05-27T03:59:32.782+0000] {logging_mixin.py:188} INFO - [2026-05-27T03:59:32.781+0000] {dagbag.py:538} INFO - Filling up the DagBag from /opt/airflow/dags/dag_crime_pipeline.py
[2026-05-27T03:59:32.821+0000] {processor.py:840} INFO - DAG(s) 'crime_analytics_pipeline' retrieved from /opt/airflow/dags/dag_crime_pipeline.py
[2026-05-27T03:59:32.853+0000] {logging_mixin.py:188} INFO - [2026-05-27T03:59:32.852+0000] {dag.py:3036} INFO - Sync 1 DAGs
[2026-05-27T03:59:32.902+0000] {processor.py:183} INFO - Processing /opt/airflow/dags/dag_crime_pipeline.py took 0.129 seconds
[2026-05-27T04:00:03.042+0000] {processor.py:161} INFO - Started process (PID=4280) to work on /opt/airflow/dags/dag_crime_pipeline.py
[2026-05-27T04:00:03.044+0000] {processor.py:830} INFO - Processing file /opt/airflow/dags/dag_crime_pipeline.py for tasks to queue
[2026-05-27T04:00:03.046+0000] {logging_mixin.py:188} INFO - [2026-05-27T04:00:03.046+0000] {dagbag.py:538} INFO - Filling up the DagBag from /opt/airflow/dags/dag_crime_pipeline.py
[2026-05-27T04:00:03.084+0000] {processor.py:840} INFO - DAG(s) 'crime_analytics_pipeline' retrieved from /opt/airflow/dags/dag_crime_pipeline.py
[2026-05-27T04:00:03.119+0000] {logging_mixin.py:188} INFO - [2026-05-27T04:00:03.119+0000] {dag.py:3036} INFO - Sync 1 DAGs
[2026-05-27T04:00:03.164+0000] {processor.py:183} INFO - Processing /opt/airflow/dags/dag_crime_pipeline.py took 0.125 seconds
[2026-05-27T04:00:33.277+0000] {processor.py:161} INFO - Started process (PID=4285) to work on /opt/airflow/dags/dag_crime_pipeline.py
[2026-05-27T04:00:33.279+0000] {processor.py:830} INFO - Processing file /opt/airflow/dags/dag_crime_pipeline.py for tasks to queue
[2026-05-27T04:00:33.282+0000] {logging_mixin.py:188} INFO - [2026-05-27T04:00:33.281+0000] {dagbag.py:538} INFO - Filling up the DagBag from /opt/airflow/dags/dag_crime_pipeline.py
[2026-05-27T04:00:33.319+0000] {processor.py:840} INFO - DAG(s) 'crime_analytics_pipeline' retrieved from /opt/airflow/dags/dag_crime_pipeline.py
[2026-05-27T04:00:33.352+0000] {logging_mixin.py:188} INFO - [2026-05-27T04:00:33.352+0000] {dag.py:3036} INFO - Sync 1 DAGs
[2026-05-27T04:00:33.417+0000] {processor.py:183} INFO - Processing /opt/airflow/dags/dag_crime_pipeline.py took 0.144 seconds
[2026-05-27T04:01:03.520+0000] {processor.py:161} INFO - Started process (PID=4290) to work on /opt/airflow/dags/dag_crime_pipeline.py
[2026-05-27T04:01:03.521+0000] {processor.py:830} INFO - Processing file /opt/airflow/dags/dag_crime_pipeline.py for tasks to queue
[2026-05-27T04:01:03.525+0000] {logging_mixin.py:188} INFO - [2026-05-27T04:01:03.524+0000] {dagbag.py:538} INFO - Filling up the DagBag from /opt/airflow/dags/dag_crime_pipeline.py
[2026-05-27T04:01:03.563+0000] {processor.py:840} INFO - DAG(s) 'crime_analytics_pipeline' retrieved from /opt/airflow/dags/dag_crime_pipeline.py
[2026-05-27T04:01:03.602+0000] {logging_mixin.py:188} INFO - [2026-05-27T04:01:03.601+0000] {dag.py:3036} INFO - Sync 1 DAGs
[2026-05-27T04:01:03.655+0000] {processor.py:183} INFO - Processing /opt/airflow/dags/dag_crime_pipeline.py took 0.139 seconds
[2026-05-27T04:01:33.760+0000] {processor.py:161} INFO - Started process (PID=4295) to work on /opt/airflow/dags/dag_crime_pipeline.py
[2026-05-27T04:01:33.762+0000] {processor.py:830} INFO - Processing file /opt/airflow/dags/dag_crime_pipeline.py for tasks to queue
[2026-05-27T04:01:33.764+0000] {logging_mixin.py:188} INFO - [2026-05-27T04:01:33.764+0000] {dagbag.py:538} INFO - Filling up the DagBag from /opt/airflow/dags/dag_crime_pipeline.py
[2026-05-27T04:01:33.801+0000] {processor.py:840} INFO - DAG(s) 'crime_analytics_pipeline' retrieved from /opt/airflow/dags/dag_crime_pipeline.py
[2026-05-27T04:01:33.838+0000] {logging_mixin.py:188} INFO - [2026-05-27T04:01:33.838+0000] {dag.py:3036} INFO - Sync 1 DAGs
[2026-05-27T04:01:33.878+0000] {processor.py:183} INFO - Processing /opt/airflow/dags/dag_crime_pipeline.py took 0.122 seconds
[2026-05-27T04:02:04.053+0000] {processor.py:161} INFO - Started process (PID=4300) to work on /opt/airflow/dags/dag_crime_pipeline.py
[2026-05-27T04:02:04.054+0000] {processor.py:830} INFO - Processing file /opt/airflow/dags/dag_crime_pipeline.py for tasks to queue
[2026-05-27T04:02:04.057+0000] {logging_mixin.py:188} INFO - [2026-05-27T04:02:04.057+0000] {dagbag.py:538} INFO - Filling up the DagBag from /opt/airflow/dags/dag_crime_pipeline.py
[2026-05-27T04:02:04.098+0000] {processor.py:840} INFO - DAG(s) 'crime_analytics_pipeline' retrieved from /opt/airflow/dags/dag_crime_pipeline.py
[2026-05-27T04:02:04.142+0000] {logging_mixin.py:188} INFO - [2026-05-27T04:02:04.142+0000] {dag.py:3036} INFO - Sync 1 DAGs
[2026-05-27T04:02:04.188+0000] {processor.py:183} INFO - Processing /opt/airflow/dags/dag_crime_pipeline.py took 0.139 seconds
[2026-05-27T04:02:34.830+0000] {processor.py:161} INFO - Started process (PID=4305) to work on /opt/airflow/dags/dag_crime_pipeline.py
[2026-05-27T04:02:34.832+0000] {processor.py:830} INFO - Processing file /opt/airflow/dags/dag_crime_pipeline.py for tasks to queue
[2026-05-27T04:02:34.835+0000] {logging_mixin.py:188} INFO - [2026-05-27T04:02:34.834+0000] {dagbag.py:538} INFO - Filling up the DagBag from /opt/airflow/dags/dag_crime_pipeline.py
[2026-05-27T04:02:34.876+0000] {processor.py:840} INFO - DAG(s) 'crime_analytics_pipeline' retrieved from /opt/airflow/dags/dag_crime_pipeline.py
[2026-05-27T04:02:34.907+0000] {logging_mixin.py:188} INFO - [2026-05-27T04:02:34.907+0000] {dag.py:3036} INFO - Sync 1 DAGs
[2026-05-27T04:02:34.948+0000] {processor.py:183} INFO - Processing /opt/airflow/dags/dag_crime_pipeline.py took 0.121 seconds
[2026-05-27T04:03:05.101+0000] {processor.py:161} INFO - Started process (PID=4310) to work on /opt/airflow/dags/dag_crime_pipeline.py
[2026-05-27T04:03:05.102+0000] {processor.py:830} INFO - Processing file /opt/airflow/dags/dag_crime_pipeline.py for tasks to queue
[2026-05-27T04:03:05.105+0000] {logging_mixin.py:188} INFO - [2026-05-27T04:03:05.104+0000] {dagbag.py:538} INFO - Filling up the DagBag from /opt/airflow/dags/dag_crime_pipeline.py
[2026-05-27T04:03:05.141+0000] {processor.py:840} INFO - DAG(s) 'crime_analytics_pipeline' retrieved from /opt/airflow/dags/dag_crime_pipeline.py
[2026-05-27T04:03:05.176+0000] {logging_mixin.py:188} INFO - [2026-05-27T04:03:05.176+0000] {dag.py:3036} INFO - Sync 1 DAGs
[2026-05-27T04:03:05.217+0000] {processor.py:183} INFO - Processing /opt/airflow/dags/dag_crime_pipeline.py took 0.119 seconds
[2026-05-27T04:03:35.410+0000] {processor.py:161} INFO - Started process (PID=4315) to work on /opt/airflow/dags/dag_crime_pipeline.py
[2026-05-27T04:03:35.411+0000] {processor.py:830} INFO - Processing file /opt/airflow/dags/dag_crime_pipeline.py for tasks to queue
[2026-05-27T04:03:35.413+0000] {logging_mixin.py:188} INFO - [2026-05-27T04:03:35.413+0000] {dagbag.py:538} INFO - Filling up the DagBag from /opt/airflow/dags/dag_crime_pipeline.py
[2026-05-27T04:03:35.451+0000] {processor.py:840} INFO - DAG(s) 'crime_analytics_pipeline' retrieved from /opt/airflow/dags/dag_crime_pipeline.py
[2026-05-27T04:03:35.491+0000] {logging_mixin.py:188} INFO - [2026-05-27T04:03:35.491+0000] {dag.py:3036} INFO - Sync 1 DAGs
[2026-05-27T04:03:35.550+0000] {processor.py:183} INFO - Processing /opt/airflow/dags/dag_crime_pipeline.py took 0.144 seconds
[2026-05-27T04:04:06.381+0000] {processor.py:161} INFO - Started process (PID=4320) to work on /opt/airflow/dags/dag_crime_pipeline.py
[2026-05-27T04:04:06.382+0000] {processor.py:830} INFO - Processing file /opt/airflow/dags/dag_crime_pipeline.py for tasks to queue
[2026-05-27T04:04:06.385+0000] {logging_mixin.py:188} INFO - [2026-05-27T04:04:06.385+0000] {dagbag.py:538} INFO - Filling up the DagBag from /opt/airflow/dags/dag_crime_pipeline.py
[2026-05-27T04:04:06.424+0000] {processor.py:840} INFO - DAG(s) 'crime_analytics_pipeline' retrieved from /opt/airflow/dags/dag_crime_pipeline.py
[2026-05-27T04:04:06.462+0000] {logging_mixin.py:188} INFO - [2026-05-27T04:04:06.462+0000] {dag.py:3036} INFO - Sync 1 DAGs
[2026-05-27T04:04:06.511+0000] {processor.py:183} INFO - Processing /opt/airflow/dags/dag_crime_pipeline.py took 0.134 seconds
[2026-05-27T04:04:37.428+0000] {processor.py:161} INFO - Started process (PID=4325) to work on /opt/airflow/dags/dag_crime_pipeline.py
[2026-05-27T04:04:37.429+0000] {processor.py:830} INFO - Processing file /opt/airflow/dags/dag_crime_pipeline.py for tasks to queue
[2026-05-27T04:04:37.432+0000] {logging_mixin.py:188} INFO - [2026-05-27T04:04:37.432+0000] {dagbag.py:538} INFO - Filling up the DagBag from /opt/airflow/dags/dag_crime_pipeline.py
[2026-05-27T04:04:37.466+0000] {processor.py:840} INFO - DAG(s) 'crime_analytics_pipeline' retrieved from /opt/airflow/dags/dag_crime_pipeline.py
[2026-05-27T04:04:37.497+0000] {logging_mixin.py:188} INFO - [2026-05-27T04:04:37.496+0000] {dag.py:3036} INFO - Sync 1 DAGs
[2026-05-27T04:04:37.535+0000] {processor.py:183} INFO - Processing /opt/airflow/dags/dag_crime_pipeline.py took 0.112 seconds
[2026-05-27T04:05:07.735+0000] {processor.py:161} INFO - Started process (PID=4330) to work on /opt/airflow/dags/dag_crime_pipeline.py
[2026-05-27T04:05:07.737+0000] {processor.py:830} INFO - Processing file /opt/airflow/dags/dag_crime_pipeline.py for tasks to queue
[2026-05-27T04:05:07.739+0000] {logging_mixin.py:188} INFO - [2026-05-27T04:05:07.739+0000] {dagbag.py:538} INFO - Filling up the DagBag from /opt/airflow/dags/dag_crime_pipeline.py
[2026-05-27T04:05:07.775+0000] {processor.py:840} INFO - DAG(s) 'crime_analytics_pipeline' retrieved from /opt/airflow/dags/dag_crime_pipeline.py
[2026-05-27T04:05:07.814+0000] {logging_mixin.py:188} INFO - [2026-05-27T04:05:07.813+0000] {dag.py:3036} INFO - Sync 1 DAGs
[2026-05-27T04:05:07.855+0000] {processor.py:183} INFO - Processing /opt/airflow/dags/dag_crime_pipeline.py took 0.124 seconds
[2026-05-27T04:05:37.995+0000] {processor.py:161} INFO - Started process (PID=4335) to work on /opt/airflow/dags/dag_crime_pipeline.py
[2026-05-27T04:05:37.997+0000] {processor.py:830} INFO - Processing file /opt/airflow/dags/dag_crime_pipeline.py for tasks to queue
[2026-05-27T04:05:38.000+0000] {logging_mixin.py:188} INFO - [2026-05-27T04:05:37.999+0000] {dagbag.py:538} INFO - Filling up the DagBag from /opt/airflow/dags/dag_crime_pipeline.py
[2026-05-27T04:05:38.042+0000] {processor.py:840} INFO - DAG(s) 'crime_analytics_pipeline' retrieved from /opt/airflow/dags/dag_crime_pipeline.py
[2026-05-27T04:05:38.080+0000] {logging_mixin.py:188} INFO - [2026-05-27T04:05:38.079+0000] {dag.py:3036} INFO - Sync 1 DAGs
[2026-05-27T04:05:38.124+0000] {processor.py:183} INFO - Processing /opt/airflow/dags/dag_crime_pipeline.py took 0.133 seconds
[2026-05-27T04:06:08.249+0000] {processor.py:161} INFO - Started process (PID=4340) to work on /opt/airflow/dags/dag_crime_pipeline.py
[2026-05-27T04:06:08.251+0000] {processor.py:830} INFO - Processing file /opt/airflow/dags/dag_crime_pipeline.py for tasks to queue
[2026-05-27T04:06:08.254+0000] {logging_mixin.py:188} INFO - [2026-05-27T04:06:08.254+0000] {dagbag.py:538} INFO - Filling up the DagBag from /opt/airflow/dags/dag_crime_pipeline.py
[2026-05-27T04:06:08.292+0000] {processor.py:840} INFO - DAG(s) 'crime_analytics_pipeline' retrieved from /opt/airflow/dags/dag_crime_pipeline.py
[2026-05-27T04:06:08.325+0000] {logging_mixin.py:188} INFO - [2026-05-27T04:06:08.325+0000] {dag.py:3036} INFO - Sync 1 DAGs
[2026-05-27T04:06:08.374+0000] {processor.py:183} INFO - Processing /opt/airflow/dags/dag_crime_pipeline.py took 0.129 seconds
[2026-05-27T04:06:40.431+0000] {processor.py:161} INFO - Started process (PID=4345) to work on /opt/airflow/dags/dag_crime_pipeline.py
[2026-05-27T04:06:40.433+0000] {processor.py:830} INFO - Processing file /opt/airflow/dags/dag_crime_pipeline.py for tasks to queue
[2026-05-27T04:06:40.436+0000] {logging_mixin.py:188} INFO - [2026-05-27T04:06:40.435+0000] {dagbag.py:538} INFO - Filling up the DagBag from /opt/airflow/dags/dag_crime_pipeline.py
[2026-05-27T04:06:40.478+0000] {processor.py:840} INFO - DAG(s) 'crime_analytics_pipeline' retrieved from /opt/airflow/dags/dag_crime_pipeline.py
[2026-05-27T04:06:40.512+0000] {logging_mixin.py:188} INFO - [2026-05-27T04:06:40.512+0000] {dag.py:3036} INFO - Sync 1 DAGs
[2026-05-27T04:06:40.555+0000] {processor.py:183} INFO - Processing /opt/airflow/dags/dag_crime_pipeline.py took 0.129 seconds
[2026-05-27T04:07:13.588+0000] {processor.py:161} INFO - Started process (PID=4350) to work on /opt/airflow/dags/dag_crime_pipeline.py
[2026-05-27T04:07:13.590+0000] {processor.py:830} INFO - Processing file /opt/airflow/dags/dag_crime_pipeline.py for tasks to queue
[2026-05-27T04:07:13.592+0000] {logging_mixin.py:188} INFO - [2026-05-27T04:07:13.592+0000] {dagbag.py:538} INFO - Filling up the DagBag from /opt/airflow/dags/dag_crime_pipeline.py
[2026-05-27T04:07:13.631+0000] {processor.py:840} INFO - DAG(s) 'crime_analytics_pipeline' retrieved from /opt/airflow/dags/dag_crime_pipeline.py
[2026-05-27T04:07:13.666+0000] {logging_mixin.py:188} INFO - [2026-05-27T04:07:13.665+0000] {dag.py:3036} INFO - Sync 1 DAGs
[2026-05-27T04:07:13.713+0000] {processor.py:183} INFO - Processing /opt/airflow/dags/dag_crime_pipeline.py took 0.128 seconds
[2026-05-27T04:07:43.894+0000] {processor.py:161} INFO - Started process (PID=4355) to work on /opt/airflow/dags/dag_crime_pipeline.py
[2026-05-27T04:07:43.896+0000] {processor.py:830} INFO - Processing file /opt/airflow/dags/dag_crime_pipeline.py for tasks to queue
[2026-05-27T04:07:43.899+0000] {logging_mixin.py:188} INFO - [2026-05-27T04:07:43.899+0000] {dagbag.py:538} INFO - Filling up the DagBag from /opt/airflow/dags/dag_crime_pipeline.py
[2026-05-27T04:07:43.935+0000] {processor.py:840} INFO - DAG(s) 'crime_analytics_pipeline' retrieved from /opt/airflow/dags/dag_crime_pipeline.py
[2026-05-27T04:07:43.974+0000] {logging_mixin.py:188} INFO - [2026-05-27T04:07:43.973+0000] {dag.py:3036} INFO - Sync 1 DAGs
[2026-05-27T04:07:44.018+0000] {processor.py:183} INFO - Processing /opt/airflow/dags/dag_crime_pipeline.py took 0.128 seconds
[2026-05-27T04:08:14.102+0000] {processor.py:161} INFO - Started process (PID=4360) to work on /opt/airflow/dags/dag_crime_pipeline.py
[2026-05-27T04:08:14.103+0000] {processor.py:830} INFO - Processing file /opt/airflow/dags/dag_crime_pipeline.py for tasks to queue
[2026-05-27T04:08:14.106+0000] {logging_mixin.py:188} INFO - [2026-05-27T04:08:14.106+0000] {dagbag.py:538} INFO - Filling up the DagBag from /opt/airflow/dags/dag_crime_pipeline.py
[2026-05-27T04:08:14.145+0000] {processor.py:840} INFO - DAG(s) 'crime_analytics_pipeline' retrieved from /opt/airflow/dags/dag_crime_pipeline.py
[2026-05-27T04:08:14.179+0000] {logging_mixin.py:188} INFO - [2026-05-27T04:08:14.179+0000] {dag.py:3036} INFO - Sync 1 DAGs
[2026-05-27T04:08:14.220+0000] {processor.py:183} INFO - Processing /opt/airflow/dags/dag_crime_pipeline.py took 0.123 seconds
[2026-05-27T04:08:44.399+0000] {processor.py:161} INFO - Started process (PID=4365) to work on /opt/airflow/dags/dag_crime_pipeline.py
[2026-05-27T04:08:44.400+0000] {processor.py:830} INFO - Processing file /opt/airflow/dags/dag_crime_pipeline.py for tasks to queue
[2026-05-27T04:08:44.403+0000] {logging_mixin.py:188} INFO - [2026-05-27T04:08:44.403+0000] {dagbag.py:538} INFO - Filling up the DagBag from /opt/airflow/dags/dag_crime_pipeline.py
[2026-05-27T04:08:44.440+0000] {processor.py:840} INFO - DAG(s) 'crime_analytics_pipeline' retrieved from /opt/airflow/dags/dag_crime_pipeline.py
[2026-05-27T04:08:44.478+0000] {logging_mixin.py:188} INFO - [2026-05-27T04:08:44.477+0000] {dag.py:3036} INFO - Sync 1 DAGs
[2026-05-27T04:08:44.522+0000] {processor.py:183} INFO - Processing /opt/airflow/dags/dag_crime_pipeline.py took 0.128 seconds
[2026-05-27T04:09:14.593+0000] {processor.py:161} INFO - Started process (PID=4370) to work on /opt/airflow/dags/dag_crime_pipeline.py
[2026-05-27T04:09:14.594+0000] {processor.py:830} INFO - Processing file /opt/airflow/dags/dag_crime_pipeline.py for tasks to queue
[2026-05-27T04:09:14.596+0000] {logging_mixin.py:188} INFO - [2026-05-27T04:09:14.596+0000] {dagbag.py:538} INFO - Filling up the DagBag from /opt/airflow/dags/dag_crime_pipeline.py
[2026-05-27T04:09:14.633+0000] {processor.py:840} INFO - DAG(s) 'crime_analytics_pipeline' retrieved from /opt/airflow/dags/dag_crime_pipeline.py
[2026-05-27T04:09:14.670+0000] {logging_mixin.py:188} INFO - [2026-05-27T04:09:14.670+0000] {dag.py:3036} INFO - Sync 1 DAGs
[2026-05-27T04:09:14.711+0000] {processor.py:183} INFO - Processing /opt/airflow/dags/dag_crime_pipeline.py took 0.122 seconds
[2026-05-27T04:09:45.465+0000] {processor.py:161} INFO - Started process (PID=4375) to work on /opt/airflow/dags/dag_crime_pipeline.py
[2026-05-27T04:09:45.467+0000] {processor.py:830} INFO - Processing file /opt/airflow/dags/dag_crime_pipeline.py for tasks to queue
[2026-05-27T04:09:45.470+0000] {logging_mixin.py:188} INFO - [2026-05-27T04:09:45.469+0000] {dagbag.py:538} INFO - Filling up the DagBag from /opt/airflow/dags/dag_crime_pipeline.py
[2026-05-27T04:09:45.503+0000] {processor.py:840} INFO - DAG(s) 'crime_analytics_pipeline' retrieved from /opt/airflow/dags/dag_crime_pipeline.py
[2026-05-27T04:09:45.537+0000] {logging_mixin.py:188} INFO - [2026-05-27T04:09:45.537+0000] {dag.py:3036} INFO - Sync 1 DAGs
[2026-05-27T04:09:45.578+0000] {processor.py:183} INFO - Processing /opt/airflow/dags/dag_crime_pipeline.py took 0.117 seconds
[2026-05-27T04:10:15.812+0000] {processor.py:161} INFO - Started process (PID=4380) to work on /opt/airflow/dags/dag_crime_pipeline.py
[2026-05-27T04:10:15.814+0000] {processor.py:830} INFO - Processing file /opt/airflow/dags/dag_crime_pipeline.py for tasks to queue
[2026-05-27T04:10:15.817+0000] {logging_mixin.py:188} INFO - [2026-05-27T04:10:15.816+0000] {dagbag.py:538} INFO - Filling up the DagBag from /opt/airflow/dags/dag_crime_pipeline.py
[2026-05-27T04:10:15.857+0000] {processor.py:840} INFO - DAG(s) 'crime_analytics_pipeline' retrieved from /opt/airflow/dags/dag_crime_pipeline.py
[2026-05-27T04:10:15.895+0000] {logging_mixin.py:188} INFO - [2026-05-27T04:10:15.895+0000] {dag.py:3036} INFO - Sync 1 DAGs
[2026-05-27T04:10:15.960+0000] {processor.py:183} INFO - Processing /opt/airflow/dags/dag_crime_pipeline.py took 0.152 seconds
[2026-05-27T04:10:46.425+0000] {processor.py:161} INFO - Started process (PID=4385) to work on /opt/airflow/dags/dag_crime_pipeline.py
[2026-05-27T04:10:46.427+0000] {processor.py:830} INFO - Processing file /opt/airflow/dags/dag_crime_pipeline.py for tasks to queue
[2026-05-27T04:10:46.432+0000] {logging_mixin.py:188} INFO - [2026-05-27T04:10:46.431+0000] {dagbag.py:538} INFO - Filling up the DagBag from /opt/airflow/dags/dag_crime_pipeline.py
[2026-05-27T04:10:46.470+0000] {processor.py:840} INFO - DAG(s) 'crime_analytics_pipeline' retrieved from /opt/airflow/dags/dag_crime_pipeline.py
[2026-05-27T04:10:46.507+0000] {logging_mixin.py:188} INFO - [2026-05-27T04:10:46.507+0000] {dag.py:3036} INFO - Sync 1 DAGs
[2026-05-27T04:10:46.548+0000] {processor.py:183} INFO - Processing /opt/airflow/dags/dag_crime_pipeline.py took 0.128 seconds
[2026-05-27T04:11:17.332+0000] {processor.py:161} INFO - Started process (PID=4390) to work on /opt/airflow/dags/dag_crime_pipeline.py
[2026-05-27T04:11:17.334+0000] {processor.py:830} INFO - Processing file /opt/airflow/dags/dag_crime_pipeline.py for tasks to queue
[2026-05-27T04:11:17.337+0000] {logging_mixin.py:188} INFO - [2026-05-27T04:11:17.336+0000] {dagbag.py:538} INFO - Filling up the DagBag from /opt/airflow/dags/dag_crime_pipeline.py
[2026-05-27T04:11:17.371+0000] {processor.py:840} INFO - DAG(s) 'crime_analytics_pipeline' retrieved from /opt/airflow/dags/dag_crime_pipeline.py
[2026-05-27T04:11:17.406+0000] {logging_mixin.py:188} INFO - [2026-05-27T04:11:17.406+0000] {dag.py:3036} INFO - Sync 1 DAGs
[2026-05-27T04:11:17.449+0000] {processor.py:183} INFO - Processing /opt/airflow/dags/dag_crime_pipeline.py took 0.121 seconds
[2026-05-27T04:11:48.134+0000] {processor.py:161} INFO - Started process (PID=4395) to work on /opt/airflow/dags/dag_crime_pipeline.py
[2026-05-27T04:11:48.136+0000] {processor.py:830} INFO - Processing file /opt/airflow/dags/dag_crime_pipeline.py for tasks to queue
[2026-05-27T04:11:48.138+0000] {logging_mixin.py:188} INFO - [2026-05-27T04:11:48.138+0000] {dagbag.py:538} INFO - Filling up the DagBag from /opt/airflow/dags/dag_crime_pipeline.py
[2026-05-27T04:11:48.175+0000] {processor.py:840} INFO - DAG(s) 'crime_analytics_pipeline' retrieved from /opt/airflow/dags/dag_crime_pipeline.py
[2026-05-27T04:11:48.213+0000] {logging_mixin.py:188} INFO - [2026-05-27T04:11:48.213+0000] {dag.py:3036} INFO - Sync 1 DAGs
[2026-05-27T04:11:48.265+0000] {processor.py:183} INFO - Processing /opt/airflow/dags/dag_crime_pipeline.py took 0.134 seconds
[2026-05-27T04:12:19.135+0000] {processor.py:161} INFO - Started process (PID=4400) to work on /opt/airflow/dags/dag_crime_pipeline.py
[2026-05-27T04:12:19.137+0000] {processor.py:830} INFO - Processing file /opt/airflow/dags/dag_crime_pipeline.py for tasks to queue
[2026-05-27T04:12:19.139+0000] {logging_mixin.py:188} INFO - [2026-05-27T04:12:19.139+0000] {dagbag.py:538} INFO - Filling up the DagBag from /opt/airflow/dags/dag_crime_pipeline.py
[2026-05-27T04:12:19.175+0000] {processor.py:840} INFO - DAG(s) 'crime_analytics_pipeline' retrieved from /opt/airflow/dags/dag_crime_pipeline.py
[2026-05-27T04:12:19.211+0000] {logging_mixin.py:188} INFO - [2026-05-27T04:12:19.210+0000] {dag.py:3036} INFO - Sync 1 DAGs
[2026-05-27T04:12:19.272+0000] {processor.py:183} INFO - Processing /opt/airflow/dags/dag_crime_pipeline.py took 0.140 seconds
[2026-05-27T04:12:49.951+0000] {processor.py:161} INFO - Started process (PID=4405) to work on /opt/airflow/dags/dag_crime_pipeline.py
[2026-05-27T04:12:49.952+0000] {processor.py:830} INFO - Processing file /opt/airflow/dags/dag_crime_pipeline.py for tasks to queue
[2026-05-27T04:12:49.955+0000] {logging_mixin.py:188} INFO - [2026-05-27T04:12:49.955+0000] {dagbag.py:538} INFO - Filling up the DagBag from /opt/airflow/dags/dag_crime_pipeline.py
[2026-05-27T04:12:49.993+0000] {processor.py:840} INFO - DAG(s) 'crime_analytics_pipeline' retrieved from /opt/airflow/dags/dag_crime_pipeline.py
[2026-05-27T04:12:50.025+0000] {logging_mixin.py:188} INFO - [2026-05-27T04:12:50.025+0000] {dag.py:3036} INFO - Sync 1 DAGs
[2026-05-27T04:12:50.396+0000] {processor.py:183} INFO - Processing /opt/airflow/dags/dag_crime_pipeline.py took 0.449 seconds
[2026-05-27T04:13:20.911+0000] {processor.py:161} INFO - Started process (PID=4410) to work on /opt/airflow/dags/dag_crime_pipeline.py
[2026-05-27T04:13:20.913+0000] {processor.py:830} INFO - Processing file /opt/airflow/dags/dag_crime_pipeline.py for tasks to queue
[2026-05-27T04:13:20.915+0000] {logging_mixin.py:188} INFO - [2026-05-27T04:13:20.915+0000] {dagbag.py:538} INFO - Filling up the DagBag from /opt/airflow/dags/dag_crime_pipeline.py
[2026-05-27T04:13:20.950+0000] {processor.py:840} INFO - DAG(s) 'crime_analytics_pipeline' retrieved from /opt/airflow/dags/dag_crime_pipeline.py
[2026-05-27T04:13:20.987+0000] {logging_mixin.py:188} INFO - [2026-05-27T04:13:20.987+0000] {dag.py:3036} INFO - Sync 1 DAGs
[2026-05-27T04:13:21.063+0000] {processor.py:183} INFO - Processing /opt/airflow/dags/dag_crime_pipeline.py took 0.156 seconds
[2026-05-27T04:13:51.740+0000] {processor.py:161} INFO - Started process (PID=4415) to work on /opt/airflow/dags/dag_crime_pipeline.py
[2026-05-27T04:13:51.742+0000] {processor.py:830} INFO - Processing file /opt/airflow/dags/dag_crime_pipeline.py for tasks to queue
[2026-05-27T04:13:51.745+0000] {logging_mixin.py:188} INFO - [2026-05-27T04:13:51.745+0000] {dagbag.py:538} INFO - Filling up the DagBag from /opt/airflow/dags/dag_crime_pipeline.py
[2026-05-27T04:13:51.784+0000] {processor.py:840} INFO - DAG(s) 'crime_analytics_pipeline' retrieved from /opt/airflow/dags/dag_crime_pipeline.py
[2026-05-27T04:13:51.820+0000] {logging_mixin.py:188} INFO - [2026-05-27T04:13:51.820+0000] {dag.py:3036} INFO - Sync 1 DAGs
[2026-05-27T04:13:51.863+0000] {processor.py:183} INFO - Processing /opt/airflow/dags/dag_crime_pipeline.py took 0.128 seconds
[2026-05-27T04:14:22.563+0000] {processor.py:161} INFO - Started process (PID=4420) to work on /opt/airflow/dags/dag_crime_pipeline.py
[2026-05-27T04:14:22.564+0000] {processor.py:830} INFO - Processing file /opt/airflow/dags/dag_crime_pipeline.py for tasks to queue
[2026-05-27T04:14:22.567+0000] {logging_mixin.py:188} INFO - [2026-05-27T04:14:22.567+0000] {dagbag.py:538} INFO - Filling up the DagBag from /opt/airflow/dags/dag_crime_pipeline.py
[2026-05-27T04:14:22.606+0000] {processor.py:840} INFO - DAG(s) 'crime_analytics_pipeline' retrieved from /opt/airflow/dags/dag_crime_pipeline.py
[2026-05-27T04:14:22.662+0000] {logging_mixin.py:188} INFO - [2026-05-27T04:14:22.662+0000] {dag.py:3036} INFO - Sync 1 DAGs
[2026-05-27T04:14:22.932+0000] {processor.py:183} INFO - Processing /opt/airflow/dags/dag_crime_pipeline.py took 0.373 seconds
[2026-05-27T04:14:53.539+0000] {processor.py:161} INFO - Started process (PID=4425) to work on /opt/airflow/dags/dag_crime_pipeline.py
[2026-05-27T04:14:53.541+0000] {processor.py:830} INFO - Processing file /opt/airflow/dags/dag_crime_pipeline.py for tasks to queue
[2026-05-27T04:14:53.544+0000] {logging_mixin.py:188} INFO - [2026-05-27T04:14:53.543+0000] {dagbag.py:538} INFO - Filling up the DagBag from /opt/airflow/dags/dag_crime_pipeline.py
[2026-05-27T04:14:53.584+0000] {processor.py:840} INFO - DAG(s) 'crime_analytics_pipeline' retrieved from /opt/airflow/dags/dag_crime_pipeline.py
[2026-05-27T04:14:53.618+0000] {logging_mixin.py:188} INFO - [2026-05-27T04:14:53.618+0000] {dag.py:3036} INFO - Sync 1 DAGs
[2026-05-27T04:14:53.853+0000] {processor.py:183} INFO - Processing /opt/airflow/dags/dag_crime_pipeline.py took 0.319 seconds
[2026-05-27T04:15:24.608+0000] {processor.py:161} INFO - Started process (PID=4430) to work on /opt/airflow/dags/dag_crime_pipeline.py
[2026-05-27T04:15:24.610+0000] {processor.py:830} INFO - Processing file /opt/airflow/dags/dag_crime_pipeline.py for tasks to queue
[2026-05-27T04:15:24.612+0000] {logging_mixin.py:188} INFO - [2026-05-27T04:15:24.612+0000] {dagbag.py:538} INFO - Filling up the DagBag from /opt/airflow/dags/dag_crime_pipeline.py
[2026-05-27T04:15:24.647+0000] {processor.py:840} INFO - DAG(s) 'crime_analytics_pipeline' retrieved from /opt/airflow/dags/dag_crime_pipeline.py
[2026-05-27T04:15:24.684+0000] {logging_mixin.py:188} INFO - [2026-05-27T04:15:24.684+0000] {dag.py:3036} INFO - Sync 1 DAGs
[2026-05-27T04:15:24.752+0000] {processor.py:183} INFO - Processing /opt/airflow/dags/dag_crime_pipeline.py took 0.147 seconds
[2026-05-27T04:15:56.555+0000] {processor.py:161} INFO - Started process (PID=4435) to work on /opt/airflow/dags/dag_crime_pipeline.py
[2026-05-27T04:15:56.556+0000] {processor.py:830} INFO - Processing file /opt/airflow/dags/dag_crime_pipeline.py for tasks to queue
[2026-05-27T04:15:56.558+0000] {logging_mixin.py:188} INFO - [2026-05-27T04:15:56.558+0000] {dagbag.py:538} INFO - Filling up the DagBag from /opt/airflow/dags/dag_crime_pipeline.py
[2026-05-27T04:15:56.598+0000] {processor.py:840} INFO - DAG(s) 'crime_analytics_pipeline' retrieved from /opt/airflow/dags/dag_crime_pipeline.py
[2026-05-27T04:15:56.639+0000] {logging_mixin.py:188} INFO - [2026-05-27T04:15:56.638+0000] {dag.py:3036} INFO - Sync 1 DAGs
[2026-05-27T04:15:56.916+0000] {processor.py:183} INFO - Processing /opt/airflow/dags/dag_crime_pipeline.py took 0.366 seconds
[2026-05-27T04:16:29.469+0000] {processor.py:161} INFO - Started process (PID=4440) to work on /opt/airflow/dags/dag_crime_pipeline.py
[2026-05-27T04:16:29.471+0000] {processor.py:830} INFO - Processing file /opt/airflow/dags/dag_crime_pipeline.py for tasks to queue
[2026-05-27T04:16:29.473+0000] {logging_mixin.py:188} INFO - [2026-05-27T04:16:29.473+0000] {dagbag.py:538} INFO - Filling up the DagBag from /opt/airflow/dags/dag_crime_pipeline.py
[2026-05-27T04:16:29.509+0000] {processor.py:840} INFO - DAG(s) 'crime_analytics_pipeline' retrieved from /opt/airflow/dags/dag_crime_pipeline.py
[2026-05-27T04:16:29.549+0000] {logging_mixin.py:188} INFO - [2026-05-27T04:16:29.548+0000] {dag.py:3036} INFO - Sync 1 DAGs
[2026-05-27T04:16:29.788+0000] {processor.py:183} INFO - Processing /opt/airflow/dags/dag_crime_pipeline.py took 0.323 seconds
[2026-05-27T04:17:02.850+0000] {processor.py:161} INFO - Started process (PID=4445) to work on /opt/airflow/dags/dag_crime_pipeline.py
[2026-05-27T04:17:02.851+0000] {processor.py:830} INFO - Processing file /opt/airflow/dags/dag_crime_pipeline.py for tasks to queue
[2026-05-27T04:17:02.854+0000] {logging_mixin.py:188} INFO - [2026-05-27T04:17:02.854+0000] {dagbag.py:538} INFO - Filling up the DagBag from /opt/airflow/dags/dag_crime_pipeline.py
[2026-05-27T04:17:02.894+0000] {processor.py:840} INFO - DAG(s) 'crime_analytics_pipeline' retrieved from /opt/airflow/dags/dag_crime_pipeline.py
[2026-05-27T04:17:02.933+0000] {logging_mixin.py:188} INFO - [2026-05-27T04:17:02.932+0000] {dag.py:3036} INFO - Sync 1 DAGs
[2026-05-27T04:17:02.990+0000] {processor.py:183} INFO - Processing /opt/airflow/dags/dag_crime_pipeline.py took 0.144 seconds
[2026-05-27T04:17:34.404+0000] {processor.py:161} INFO - Started process (PID=4450) to work on /opt/airflow/dags/dag_crime_pipeline.py
[2026-05-27T04:17:34.405+0000] {processor.py:830} INFO - Processing file /opt/airflow/dags/dag_crime_pipeline.py for tasks to queue
[2026-05-27T04:17:34.408+0000] {logging_mixin.py:188} INFO - [2026-05-27T04:17:34.408+0000] {dagbag.py:538} INFO - Filling up the DagBag from /opt/airflow/dags/dag_crime_pipeline.py
[2026-05-27T04:17:34.445+0000] {processor.py:840} INFO - DAG(s) 'crime_analytics_pipeline' retrieved from /opt/airflow/dags/dag_crime_pipeline.py
[2026-05-27T04:17:34.479+0000] {logging_mixin.py:188} INFO - [2026-05-27T04:17:34.478+0000] {dag.py:3036} INFO - Sync 1 DAGs
[2026-05-27T04:17:34.542+0000] {processor.py:183} INFO - Processing /opt/airflow/dags/dag_crime_pipeline.py took 0.142 seconds
[2026-05-27T04:18:07.181+0000] {processor.py:161} INFO - Started process (PID=4455) to work on /opt/airflow/dags/dag_crime_pipeline.py
[2026-05-27T04:18:07.185+0000] {processor.py:830} INFO - Processing file /opt/airflow/dags/dag_crime_pipeline.py for tasks to queue
[2026-05-27T04:18:07.188+0000] {logging_mixin.py:188} INFO - [2026-05-27T04:18:07.188+0000] {dagbag.py:538} INFO - Filling up the DagBag from /opt/airflow/dags/dag_crime_pipeline.py
[2026-05-27T04:18:07.224+0000] {processor.py:840} INFO - DAG(s) 'crime_analytics_pipeline' retrieved from /opt/airflow/dags/dag_crime_pipeline.py
[2026-05-27T04:18:07.255+0000] {logging_mixin.py:188} INFO - [2026-05-27T04:18:07.255+0000] {dag.py:3036} INFO - Sync 1 DAGs
[2026-05-27T04:18:07.314+0000] {processor.py:183} INFO - Processing /opt/airflow/dags/dag_crime_pipeline.py took 0.137 seconds
[2026-05-27T04:18:37.892+0000] {processor.py:161} INFO - Started process (PID=4460) to work on /opt/airflow/dags/dag_crime_pipeline.py
[2026-05-27T04:18:37.894+0000] {processor.py:830} INFO - Processing file /opt/airflow/dags/dag_crime_pipeline.py for tasks to queue
[2026-05-27T04:18:37.896+0000] {logging_mixin.py:188} INFO - [2026-05-27T04:18:37.896+0000] {dagbag.py:538} INFO - Filling up the DagBag from /opt/airflow/dags/dag_crime_pipeline.py
[2026-05-27T04:18:37.933+0000] {processor.py:840} INFO - DAG(s) 'crime_analytics_pipeline' retrieved from /opt/airflow/dags/dag_crime_pipeline.py
[2026-05-27T04:18:37.976+0000] {logging_mixin.py:188} INFO - [2026-05-27T04:18:37.975+0000] {dag.py:3036} INFO - Sync 1 DAGs
[2026-05-27T04:18:40.002+0000] {processor.py:183} INFO - Processing /opt/airflow/dags/dag_crime_pipeline.py took 0.151 seconds
[2026-05-27T04:19:12.854+0000] {processor.py:161} INFO - Started process (PID=4465) to work on /opt/airflow/dags/dag_crime_pipeline.py
[2026-05-27T04:19:12.855+0000] {processor.py:830} INFO - Processing file /opt/airflow/dags/dag_crime_pipeline.py for tasks to queue
[2026-05-27T04:19:12.858+0000] {logging_mixin.py:188} INFO - [2026-05-27T04:19:12.858+0000] {dagbag.py:538} INFO - Filling up the DagBag from /opt/airflow/dags/dag_crime_pipeline.py
[2026-05-27T04:19:12.896+0000] {processor.py:840} INFO - DAG(s) 'crime_analytics_pipeline' retrieved from /opt/airflow/dags/dag_crime_pipeline.py
[2026-05-27T04:19:12.928+0000] {logging_mixin.py:188} INFO - [2026-05-27T04:19:12.927+0000] {dag.py:3036} INFO - Sync 1 DAGs
[2026-05-27T04:19:12.971+0000] {processor.py:183} INFO - Processing /opt/airflow/dags/dag_crime_pipeline.py took 0.122 seconds
[2026-05-27T04:19:45.862+0000] {processor.py:161} INFO - Started process (PID=4470) to work on /opt/airflow/dags/dag_crime_pipeline.py
[2026-05-27T04:19:45.863+0000] {processor.py:830} INFO - Processing file /opt/airflow/dags/dag_crime_pipeline.py for tasks to queue
[2026-05-27T04:19:45.866+0000] {logging_mixin.py:188} INFO - [2026-05-27T04:19:45.865+0000] {dagbag.py:538} INFO - Filling up the DagBag from /opt/airflow/dags/dag_crime_pipeline.py
[2026-05-27T04:19:45.904+0000] {processor.py:840} INFO - DAG(s) 'crime_analytics_pipeline' retrieved from /opt/airflow/dags/dag_crime_pipeline.py
[2026-05-27T04:19:45.935+0000] {logging_mixin.py:188} INFO - [2026-05-27T04:19:45.934+0000] {dag.py:3036} INFO - Sync 1 DAGs
[2026-05-27T04:19:45.991+0000] {processor.py:183} INFO - Processing /opt/airflow/dags/dag_crime_pipeline.py took 0.133 seconds
[2026-05-27T04:20:18.799+0000] {processor.py:161} INFO - Started process (PID=4475) to work on /opt/airflow/dags/dag_crime_pipeline.py
[2026-05-27T04:20:18.801+0000] {processor.py:830} INFO - Processing file /opt/airflow/dags/dag_crime_pipeline.py for tasks to queue
[2026-05-27T04:20:18.804+0000] {logging_mixin.py:188} INFO - [2026-05-27T04:20:18.804+0000] {dagbag.py:538} INFO - Filling up the DagBag from /opt/airflow/dags/dag_crime_pipeline.py
[2026-05-27T04:20:18.843+0000] {processor.py:840} INFO - DAG(s) 'crime_analytics_pipeline' retrieved from /opt/airflow/dags/dag_crime_pipeline.py
[2026-05-27T04:20:18.878+0000] {logging_mixin.py:188} INFO - [2026-05-27T04:20:18.877+0000] {dag.py:3036} INFO - Sync 1 DAGs
[2026-05-27T04:20:18.918+0000] {processor.py:183} INFO - Processing /opt/airflow/dags/dag_crime_pipeline.py took 0.124 seconds
[2026-05-27T04:20:51.888+0000] {processor.py:161} INFO - Started process (PID=4480) to work on /opt/airflow/dags/dag_crime_pipeline.py
[2026-05-27T04:20:51.889+0000] {processor.py:830} INFO - Processing file /opt/airflow/dags/dag_crime_pipeline.py for tasks to queue
[2026-05-27T04:20:51.892+0000] {logging_mixin.py:188} INFO - [2026-05-27T04:20:51.891+0000] {dagbag.py:538} INFO - Filling up the DagBag from /opt/airflow/dags/dag_crime_pipeline.py
[2026-05-27T04:20:51.928+0000] {processor.py:840} INFO - DAG(s) 'crime_analytics_pipeline' retrieved from /opt/airflow/dags/dag_crime_pipeline.py
[2026-05-27T04:20:51.960+0000] {logging_mixin.py:188} INFO - [2026-05-27T04:20:51.959+0000] {dag.py:3036} INFO - Sync 1 DAGs
[2026-05-27T04:20:51.996+0000] {processor.py:183} INFO - Processing /opt/airflow/dags/dag_crime_pipeline.py took 0.113 seconds
[2026-05-27T04:21:23.757+0000] {processor.py:161} INFO - Started process (PID=4485) to work on /opt/airflow/dags/dag_crime_pipeline.py
[2026-05-27T04:21:23.759+0000] {processor.py:830} INFO - Processing file /opt/airflow/dags/dag_crime_pipeline.py for tasks to queue
[2026-05-27T04:21:23.761+0000] {logging_mixin.py:188} INFO - [2026-05-27T04:21:23.761+0000] {dagbag.py:538} INFO - Filling up the DagBag from /opt/airflow/dags/dag_crime_pipeline.py
[2026-05-27T04:21:23.799+0000] {processor.py:840} INFO - DAG(s) 'crime_analytics_pipeline' retrieved from /opt/airflow/dags/dag_crime_pipeline.py
[2026-05-27T04:21:23.831+0000] {logging_mixin.py:188} INFO - [2026-05-27T04:21:23.830+0000] {dag.py:3036} INFO - Sync 1 DAGs
[2026-05-27T04:21:23.867+0000] {processor.py:183} INFO - Processing /opt/airflow/dags/dag_crime_pipeline.py took 0.114 seconds
[2026-05-27T04:21:56.828+0000] {processor.py:161} INFO - Started process (PID=4490) to work on /opt/airflow/dags/dag_crime_pipeline.py
[2026-05-27T04:21:56.830+0000] {processor.py:830} INFO - Processing file /opt/airflow/dags/dag_crime_pipeline.py for tasks to queue
[2026-05-27T04:21:56.832+0000] {logging_mixin.py:188} INFO - [2026-05-27T04:21:56.832+0000] {dagbag.py:538} INFO - Filling up the DagBag from /opt/airflow/dags/dag_crime_pipeline.py
[2026-05-27T04:21:56.872+0000] {processor.py:840} INFO - DAG(s) 'crime_analytics_pipeline' retrieved from /opt/airflow/dags/dag_crime_pipeline.py
[2026-05-27T04:21:56.905+0000] {logging_mixin.py:188} INFO - [2026-05-27T04:21:56.904+0000] {dag.py:3036} INFO - Sync 1 DAGs
[2026-05-27T04:21:56.963+0000] {processor.py:183} INFO - Processing /opt/airflow/dags/dag_crime_pipeline.py took 0.138 seconds
[2026-05-27T04:22:29.814+0000] {processor.py:161} INFO - Started process (PID=4495) to work on /opt/airflow/dags/dag_crime_pipeline.py
[2026-05-27T04:22:29.818+0000] {processor.py:830} INFO - Processing file /opt/airflow/dags/dag_crime_pipeline.py for tasks to queue
[2026-05-27T04:22:29.824+0000] {logging_mixin.py:188} INFO - [2026-05-27T04:22:29.823+0000] {dagbag.py:538} INFO - Filling up the DagBag from /opt/airflow/dags/dag_crime_pipeline.py
[2026-05-27T04:22:29.860+0000] {processor.py:840} INFO - DAG(s) 'crime_analytics_pipeline' retrieved from /opt/airflow/dags/dag_crime_pipeline.py
[2026-05-27T04:22:29.887+0000] {logging_mixin.py:188} INFO - [2026-05-27T04:22:29.887+0000] {dag.py:3036} INFO - Sync 1 DAGs
[2026-05-27T04:22:29.939+0000] {processor.py:183} INFO - Processing /opt/airflow/dags/dag_crime_pipeline.py took 0.131 seconds
[2026-05-27T04:23:00.119+0000] {processor.py:161} INFO - Started process (PID=4500) to work on /opt/airflow/dags/dag_crime_pipeline.py
[2026-05-27T04:23:00.121+0000] {processor.py:830} INFO - Processing file /opt/airflow/dags/dag_crime_pipeline.py for tasks to queue
[2026-05-27T04:23:00.123+0000] {logging_mixin.py:188} INFO - [2026-05-27T04:23:00.123+0000] {dagbag.py:538} INFO - Filling up the DagBag from /opt/airflow/dags/dag_crime_pipeline.py
[2026-05-27T04:23:00.159+0000] {processor.py:840} INFO - DAG(s) 'crime_analytics_pipeline' retrieved from /opt/airflow/dags/dag_crime_pipeline.py
[2026-05-27T04:23:02.149+0000] {logging_mixin.py:188} INFO - [2026-05-27T04:23:02.148+0000] {dag.py:3036} INFO - Sync 1 DAGs
[2026-05-27T04:23:02.211+0000] {processor.py:183} INFO - Processing /opt/airflow/dags/dag_crime_pipeline.py took 0.142 seconds
[2026-05-27T04:23:34.959+0000] {processor.py:161} INFO - Started process (PID=4505) to work on /opt/airflow/dags/dag_crime_pipeline.py
[2026-05-27T04:23:34.961+0000] {processor.py:830} INFO - Processing file /opt/airflow/dags/dag_crime_pipeline.py for tasks to queue
[2026-05-27T04:23:34.964+0000] {logging_mixin.py:188} INFO - [2026-05-27T04:23:34.963+0000] {dagbag.py:538} INFO - Filling up the DagBag from /opt/airflow/dags/dag_crime_pipeline.py
[2026-05-27T04:23:35.001+0000] {processor.py:840} INFO - DAG(s) 'crime_analytics_pipeline' retrieved from /opt/airflow/dags/dag_crime_pipeline.py
[2026-05-27T04:23:35.031+0000] {logging_mixin.py:188} INFO - [2026-05-27T04:23:35.030+0000] {dag.py:3036} INFO - Sync 1 DAGs
[2026-05-27T04:23:35.072+0000] {processor.py:183} INFO - Processing /opt/airflow/dags/dag_crime_pipeline.py took 0.117 seconds
[2026-05-27T04:24:08.000+0000] {processor.py:161} INFO - Started process (PID=4510) to work on /opt/airflow/dags/dag_crime_pipeline.py
[2026-05-27T04:24:08.001+0000] {processor.py:830} INFO - Processing file /opt/airflow/dags/dag_crime_pipeline.py for tasks to queue
[2026-05-27T04:24:08.004+0000] {logging_mixin.py:188} INFO - [2026-05-27T04:24:08.003+0000] {dagbag.py:538} INFO - Filling up the DagBag from /opt/airflow/dags/dag_crime_pipeline.py
[2026-05-27T04:24:08.040+0000] {processor.py:840} INFO - DAG(s) 'crime_analytics_pipeline' retrieved from /opt/airflow/dags/dag_crime_pipeline.py
[2026-05-27T04:24:08.070+0000] {logging_mixin.py:188} INFO - [2026-05-27T04:24:08.070+0000] {dag.py:3036} INFO - Sync 1 DAGs
[2026-05-27T04:24:08.124+0000] {processor.py:183} INFO - Processing /opt/airflow/dags/dag_crime_pipeline.py took 0.128 seconds
[2026-05-27T04:24:41.034+0000] {processor.py:161} INFO - Started process (PID=4515) to work on /opt/airflow/dags/dag_crime_pipeline.py
[2026-05-27T04:24:41.036+0000] {processor.py:830} INFO - Processing file /opt/airflow/dags/dag_crime_pipeline.py for tasks to queue
[2026-05-27T04:24:41.049+0000] {logging_mixin.py:188} INFO - [2026-05-27T04:24:41.048+0000] {dagbag.py:538} INFO - Filling up the DagBag from /opt/airflow/dags/dag_crime_pipeline.py
[2026-05-27T04:24:41.094+0000] {processor.py:840} INFO - DAG(s) 'crime_analytics_pipeline' retrieved from /opt/airflow/dags/dag_crime_pipeline.py
[2026-05-27T04:24:41.124+0000] {logging_mixin.py:188} INFO - [2026-05-27T04:24:41.123+0000] {dag.py:3036} INFO - Sync 1 DAGs
[2026-05-27T04:24:41.170+0000] {processor.py:183} INFO - Processing /opt/airflow/dags/dag_crime_pipeline.py took 0.141 seconds
[2026-05-27T04:25:11.286+0000] {processor.py:161} INFO - Started process (PID=4520) to work on /opt/airflow/dags/dag_crime_pipeline.py
[2026-05-27T04:25:11.288+0000] {processor.py:830} INFO - Processing file /opt/airflow/dags/dag_crime_pipeline.py for tasks to queue
[2026-05-27T04:25:11.290+0000] {logging_mixin.py:188} INFO - [2026-05-27T04:25:11.289+0000] {dagbag.py:538} INFO - Filling up the DagBag from /opt/airflow/dags/dag_crime_pipeline.py
[2026-05-27T04:25:13.293+0000] {processor.py:840} INFO - DAG(s) 'crime_analytics_pipeline' retrieved from /opt/airflow/dags/dag_crime_pipeline.py
[2026-05-27T04:25:13.332+0000] {logging_mixin.py:188} INFO - [2026-05-27T04:25:13.331+0000] {dag.py:3036} INFO - Sync 1 DAGs
[2026-05-27T04:25:13.381+0000] {processor.py:183} INFO - Processing /opt/airflow/dags/dag_crime_pipeline.py took 0.134 seconds
[2026-05-27T04:25:46.270+0000] {processor.py:161} INFO - Started process (PID=4525) to work on /opt/airflow/dags/dag_crime_pipeline.py
[2026-05-27T04:25:46.273+0000] {processor.py:830} INFO - Processing file /opt/airflow/dags/dag_crime_pipeline.py for tasks to queue
[2026-05-27T04:25:46.275+0000] {logging_mixin.py:188} INFO - [2026-05-27T04:25:46.275+0000] {dagbag.py:538} INFO - Filling up the DagBag from /opt/airflow/dags/dag_crime_pipeline.py
[2026-05-27T04:25:46.313+0000] {processor.py:840} INFO - DAG(s) 'crime_analytics_pipeline' retrieved from /opt/airflow/dags/dag_crime_pipeline.py
[2026-05-27T04:25:46.345+0000] {logging_mixin.py:188} INFO - [2026-05-27T04:25:46.344+0000] {dag.py:3036} INFO - Sync 1 DAGs
[2026-05-27T04:25:46.379+0000] {processor.py:183} INFO - Processing /opt/airflow/dags/dag_crime_pipeline.py took 0.113 seconds
[2026-05-27T04:26:19.439+0000] {processor.py:161} INFO - Started process (PID=4530) to work on /opt/airflow/dags/dag_crime_pipeline.py
[2026-05-27T04:26:19.440+0000] {processor.py:830} INFO - Processing file /opt/airflow/dags/dag_crime_pipeline.py for tasks to queue
[2026-05-27T04:26:19.444+0000] {logging_mixin.py:188} INFO - [2026-05-27T04:26:19.443+0000] {dagbag.py:538} INFO - Filling up the DagBag from /opt/airflow/dags/dag_crime_pipeline.py
[2026-05-27T04:26:19.485+0000] {processor.py:840} INFO - DAG(s) 'crime_analytics_pipeline' retrieved from /opt/airflow/dags/dag_crime_pipeline.py
[2026-05-27T04:26:19.519+0000] {logging_mixin.py:188} INFO - [2026-05-27T04:26:19.519+0000] {dag.py:3036} INFO - Sync 1 DAGs
[2026-05-27T04:26:19.585+0000] {processor.py:183} INFO - Processing /opt/airflow/dags/dag_crime_pipeline.py took 0.150 seconds
[2026-05-27T04:26:49.864+0000] {processor.py:161} INFO - Started process (PID=4535) to work on /opt/airflow/dags/dag_crime_pipeline.py
[2026-05-27T04:26:49.866+0000] {processor.py:830} INFO - Processing file /opt/airflow/dags/dag_crime_pipeline.py for tasks to queue
[2026-05-27T04:26:49.869+0000] {logging_mixin.py:188} INFO - [2026-05-27T04:26:49.869+0000] {dagbag.py:538} INFO - Filling up the DagBag from /opt/airflow/dags/dag_crime_pipeline.py
[2026-05-27T04:26:49.907+0000] {processor.py:840} INFO - DAG(s) 'crime_analytics_pipeline' retrieved from /opt/airflow/dags/dag_crime_pipeline.py
[2026-05-27T04:26:49.937+0000] {logging_mixin.py:188} INFO - [2026-05-27T04:26:49.937+0000] {dag.py:3036} INFO - Sync 1 DAGs
[2026-05-27T04:26:49.978+0000] {processor.py:183} INFO - Processing /opt/airflow/dags/dag_crime_pipeline.py took 0.118 seconds
[2026-05-27T04:27:20.191+0000] {processor.py:161} INFO - Started process (PID=4540) to work on /opt/airflow/dags/dag_crime_pipeline.py
[2026-05-27T04:27:20.192+0000] {processor.py:830} INFO - Processing file /opt/airflow/dags/dag_crime_pipeline.py for tasks to queue
[2026-05-27T04:27:20.195+0000] {logging_mixin.py:188} INFO - [2026-05-27T04:27:20.195+0000] {dagbag.py:538} INFO - Filling up the DagBag from /opt/airflow/dags/dag_crime_pipeline.py
[2026-05-27T04:27:20.231+0000] {processor.py:840} INFO - DAG(s) 'crime_analytics_pipeline' retrieved from /opt/airflow/dags/dag_crime_pipeline.py
[2026-05-27T04:27:20.271+0000] {logging_mixin.py:188} INFO - [2026-05-27T04:27:20.270+0000] {dag.py:3036} INFO - Sync 1 DAGs
[2026-05-27T04:27:20.339+0000] {processor.py:183} INFO - Processing /opt/airflow/dags/dag_crime_pipeline.py took 0.152 seconds
[2026-05-27T04:27:50.534+0000] {processor.py:161} INFO - Started process (PID=4545) to work on /opt/airflow/dags/dag_crime_pipeline.py
[2026-05-27T04:27:50.536+0000] {processor.py:830} INFO - Processing file /opt/airflow/dags/dag_crime_pipeline.py for tasks to queue
[2026-05-27T04:27:50.538+0000] {logging_mixin.py:188} INFO - [2026-05-27T04:27:50.538+0000] {dagbag.py:538} INFO - Filling up the DagBag from /opt/airflow/dags/dag_crime_pipeline.py
[2026-05-27T04:27:50.573+0000] {processor.py:840} INFO - DAG(s) 'crime_analytics_pipeline' retrieved from /opt/airflow/dags/dag_crime_pipeline.py
[2026-05-27T04:27:50.606+0000] {logging_mixin.py:188} INFO - [2026-05-27T04:27:50.605+0000] {dag.py:3036} INFO - Sync 1 DAGs
[2026-05-27T04:27:50.643+0000] {processor.py:183} INFO - Processing /opt/airflow/dags/dag_crime_pipeline.py took 0.113 seconds
[2026-05-27T04:28:20.809+0000] {processor.py:161} INFO - Started process (PID=4550) to work on /opt/airflow/dags/dag_crime_pipeline.py
[2026-05-27T04:28:20.811+0000] {processor.py:830} INFO - Processing file /opt/airflow/dags/dag_crime_pipeline.py for tasks to queue
[2026-05-27T04:28:20.813+0000] {logging_mixin.py:188} INFO - [2026-05-27T04:28:20.813+0000] {dagbag.py:538} INFO - Filling up the DagBag from /opt/airflow/dags/dag_crime_pipeline.py
[2026-05-27T04:28:20.846+0000] {processor.py:840} INFO - DAG(s) 'crime_analytics_pipeline' retrieved from /opt/airflow/dags/dag_crime_pipeline.py
[2026-05-27T04:28:20.886+0000] {logging_mixin.py:188} INFO - [2026-05-27T04:28:20.885+0000] {dag.py:3036} INFO - Sync 1 DAGs
[2026-05-27T04:28:20.933+0000] {processor.py:183} INFO - Processing /opt/airflow/dags/dag_crime_pipeline.py took 0.128 seconds
[2026-05-27T04:28:51.119+0000] {processor.py:161} INFO - Started process (PID=4555) to work on /opt/airflow/dags/dag_crime_pipeline.py
[2026-05-27T04:28:51.121+0000] {processor.py:830} INFO - Processing file /opt/airflow/dags/dag_crime_pipeline.py for tasks to queue
[2026-05-27T04:28:51.123+0000] {logging_mixin.py:188} INFO - [2026-05-27T04:28:51.123+0000] {dagbag.py:538} INFO - Filling up the DagBag from /opt/airflow/dags/dag_crime_pipeline.py
[2026-05-27T04:28:51.160+0000] {processor.py:840} INFO - DAG(s) 'crime_analytics_pipeline' retrieved from /opt/airflow/dags/dag_crime_pipeline.py
[2026-05-27T04:28:51.192+0000] {logging_mixin.py:188} INFO - [2026-05-27T04:28:51.192+0000] {dag.py:3036} INFO - Sync 1 DAGs
[2026-05-27T04:28:51.232+0000] {processor.py:183} INFO - Processing /opt/airflow/dags/dag_crime_pipeline.py took 0.117 seconds
[2026-05-27T04:29:21.292+0000] {processor.py:161} INFO - Started process (PID=4560) to work on /opt/airflow/dags/dag_crime_pipeline.py
[2026-05-27T04:29:21.294+0000] {processor.py:830} INFO - Processing file /opt/airflow/dags/dag_crime_pipeline.py for tasks to queue
[2026-05-27T04:29:21.296+0000] {logging_mixin.py:188} INFO - [2026-05-27T04:29:21.296+0000] {dagbag.py:538} INFO - Filling up the DagBag from /opt/airflow/dags/dag_crime_pipeline.py
[2026-05-27T04:29:21.332+0000] {processor.py:840} INFO - DAG(s) 'crime_analytics_pipeline' retrieved from /opt/airflow/dags/dag_crime_pipeline.py
[2026-05-27T04:29:21.363+0000] {logging_mixin.py:188} INFO - [2026-05-27T04:29:21.363+0000] {dag.py:3036} INFO - Sync 1 DAGs
[2026-05-27T04:29:21.418+0000] {processor.py:183} INFO - Processing /opt/airflow/dags/dag_crime_pipeline.py took 0.130 seconds
[2026-05-27T04:29:51.508+0000] {processor.py:161} INFO - Started process (PID=4565) to work on /opt/airflow/dags/dag_crime_pipeline.py
[2026-05-27T04:29:51.510+0000] {processor.py:830} INFO - Processing file /opt/airflow/dags/dag_crime_pipeline.py for tasks to queue
[2026-05-27T04:29:51.513+0000] {logging_mixin.py:188} INFO - [2026-05-27T04:29:51.512+0000] {dagbag.py:538} INFO - Filling up the DagBag from /opt/airflow/dags/dag_crime_pipeline.py
[2026-05-27T04:29:51.553+0000] {processor.py:840} INFO - DAG(s) 'crime_analytics_pipeline' retrieved from /opt/airflow/dags/dag_crime_pipeline.py
[2026-05-27T04:29:51.585+0000] {logging_mixin.py:188} INFO - [2026-05-27T04:29:51.585+0000] {dag.py:3036} INFO - Sync 1 DAGs
[2026-05-27T04:29:51.641+0000] {processor.py:183} INFO - Processing /opt/airflow/dags/dag_crime_pipeline.py took 0.137 seconds
[2026-05-27T04:30:22.512+0000] {processor.py:161} INFO - Started process (PID=4570) to work on /opt/airflow/dags/dag_crime_pipeline.py
[2026-05-27T04:30:22.513+0000] {processor.py:830} INFO - Processing file /opt/airflow/dags/dag_crime_pipeline.py for tasks to queue
[2026-05-27T04:30:22.517+0000] {logging_mixin.py:188} INFO - [2026-05-27T04:30:22.516+0000] {dagbag.py:538} INFO - Filling up the DagBag from /opt/airflow/dags/dag_crime_pipeline.py
[2026-05-27T04:30:22.552+0000] {processor.py:840} INFO - DAG(s) 'crime_analytics_pipeline' retrieved from /opt/airflow/dags/dag_crime_pipeline.py
[2026-05-27T04:30:22.583+0000] {logging_mixin.py:188} INFO - [2026-05-27T04:30:22.583+0000] {dag.py:3036} INFO - Sync 1 DAGs
[2026-05-27T04:30:22.627+0000] {processor.py:183} INFO - Processing /opt/airflow/dags/dag_crime_pipeline.py took 0.120 seconds
[2026-05-27T04:30:53.531+0000] {processor.py:161} INFO - Started process (PID=4575) to work on /opt/airflow/dags/dag_crime_pipeline.py
[2026-05-27T04:30:53.532+0000] {processor.py:830} INFO - Processing file /opt/airflow/dags/dag_crime_pipeline.py for tasks to queue
[2026-05-27T04:30:53.535+0000] {logging_mixin.py:188} INFO - [2026-05-27T04:30:53.535+0000] {dagbag.py:538} INFO - Filling up the DagBag from /opt/airflow/dags/dag_crime_pipeline.py
[2026-05-27T04:30:53.573+0000] {processor.py:840} INFO - DAG(s) 'crime_analytics_pipeline' retrieved from /opt/airflow/dags/dag_crime_pipeline.py
[2026-05-27T04:30:53.607+0000] {logging_mixin.py:188} INFO - [2026-05-27T04:30:53.607+0000] {dag.py:3036} INFO - Sync 1 DAGs
[2026-05-27T04:30:53.649+0000] {processor.py:183} INFO - Processing /opt/airflow/dags/dag_crime_pipeline.py took 0.123 seconds
[2026-05-27T04:31:23.714+0000] {processor.py:161} INFO - Started process (PID=4580) to work on /opt/airflow/dags/dag_crime_pipeline.py
[2026-05-27T04:31:23.715+0000] {processor.py:830} INFO - Processing file /opt/airflow/dags/dag_crime_pipeline.py for tasks to queue
[2026-05-27T04:31:23.717+0000] {logging_mixin.py:188} INFO - [2026-05-27T04:31:23.717+0000] {dagbag.py:538} INFO - Filling up the DagBag from /opt/airflow/dags/dag_crime_pipeline.py
[2026-05-27T04:31:23.752+0000] {processor.py:840} INFO - DAG(s) 'crime_analytics_pipeline' retrieved from /opt/airflow/dags/dag_crime_pipeline.py
[2026-05-27T04:31:23.778+0000] {logging_mixin.py:188} INFO - [2026-05-27T04:31:23.777+0000] {dag.py:3036} INFO - Sync 1 DAGs
[2026-05-27T04:31:23.829+0000] {processor.py:183} INFO - Processing /opt/airflow/dags/dag_crime_pipeline.py took 0.119 seconds
[2026-05-27T04:31:53.901+0000] {processor.py:161} INFO - Started process (PID=4585) to work on /opt/airflow/dags/dag_crime_pipeline.py
[2026-05-27T04:31:53.902+0000] {processor.py:830} INFO - Processing file /opt/airflow/dags/dag_crime_pipeline.py for tasks to queue
[2026-05-27T04:31:53.905+0000] {logging_mixin.py:188} INFO - [2026-05-27T04:31:53.905+0000] {dagbag.py:538} INFO - Filling up the DagBag from /opt/airflow/dags/dag_crime_pipeline.py
[2026-05-27T04:31:53.941+0000] {processor.py:840} INFO - DAG(s) 'crime_analytics_pipeline' retrieved from /opt/airflow/dags/dag_crime_pipeline.py
[2026-05-27T04:31:53.974+0000] {logging_mixin.py:188} INFO - [2026-05-27T04:31:53.973+0000] {dag.py:3036} INFO - Sync 1 DAGs
[2026-05-27T04:31:54.012+0000] {processor.py:183} INFO - Processing /opt/airflow/dags/dag_crime_pipeline.py took 0.116 seconds
[2026-05-27T04:32:24.906+0000] {processor.py:161} INFO - Started process (PID=4590) to work on /opt/airflow/dags/dag_crime_pipeline.py
[2026-05-27T04:32:24.908+0000] {processor.py:830} INFO - Processing file /opt/airflow/dags/dag_crime_pipeline.py for tasks to queue
[2026-05-27T04:32:24.912+0000] {logging_mixin.py:188} INFO - [2026-05-27T04:32:24.911+0000] {dagbag.py:538} INFO - Filling up the DagBag from /opt/airflow/dags/dag_crime_pipeline.py
[2026-05-27T04:32:24.947+0000] {processor.py:840} INFO - DAG(s) 'crime_analytics_pipeline' retrieved from /opt/airflow/dags/dag_crime_pipeline.py
[2026-05-27T04:32:24.981+0000] {logging_mixin.py:188} INFO - [2026-05-27T04:32:24.981+0000] {dag.py:3036} INFO - Sync 1 DAGs
[2026-05-27T04:32:25.040+0000] {processor.py:183} INFO - Processing /opt/airflow/dags/dag_crime_pipeline.py took 0.138 seconds
[2026-05-27T04:32:56.045+0000] {processor.py:161} INFO - Started process (PID=4595) to work on /opt/airflow/dags/dag_crime_pipeline.py
[2026-05-27T04:32:56.047+0000] {processor.py:830} INFO - Processing file /opt/airflow/dags/dag_crime_pipeline.py for tasks to queue
[2026-05-27T04:32:56.050+0000] {logging_mixin.py:188} INFO - [2026-05-27T04:32:56.050+0000] {dagbag.py:538} INFO - Filling up the DagBag from /opt/airflow/dags/dag_crime_pipeline.py
[2026-05-27T04:32:56.088+0000] {processor.py:840} INFO - DAG(s) 'crime_analytics_pipeline' retrieved from /opt/airflow/dags/dag_crime_pipeline.py
[2026-05-27T04:32:56.121+0000] {logging_mixin.py:188} INFO - [2026-05-27T04:32:56.121+0000] {dag.py:3036} INFO - Sync 1 DAGs
[2026-05-27T04:32:56.166+0000] {processor.py:183} INFO - Processing /opt/airflow/dags/dag_crime_pipeline.py took 0.125 seconds
[2026-05-27T04:33:27.074+0000] {processor.py:161} INFO - Started process (PID=4600) to work on /opt/airflow/dags/dag_crime_pipeline.py
[2026-05-27T04:33:27.076+0000] {processor.py:830} INFO - Processing file /opt/airflow/dags/dag_crime_pipeline.py for tasks to queue
[2026-05-27T04:33:27.079+0000] {logging_mixin.py:188} INFO - [2026-05-27T04:33:27.079+0000] {dagbag.py:538} INFO - Filling up the DagBag from /opt/airflow/dags/dag_crime_pipeline.py
[2026-05-27T04:33:27.116+0000] {processor.py:840} INFO - DAG(s) 'crime_analytics_pipeline' retrieved from /opt/airflow/dags/dag_crime_pipeline.py
[2026-05-27T04:33:27.146+0000] {logging_mixin.py:188} INFO - [2026-05-27T04:33:27.145+0000] {dag.py:3036} INFO - Sync 1 DAGs
[2026-05-27T04:33:27.188+0000] {processor.py:183} INFO - Processing /opt/airflow/dags/dag_crime_pipeline.py took 0.118 seconds
[2026-05-27T04:34:00.260+0000] {processor.py:161} INFO - Started process (PID=4605) to work on /opt/airflow/dags/dag_crime_pipeline.py
[2026-05-27T04:34:00.262+0000] {processor.py:830} INFO - Processing file /opt/airflow/dags/dag_crime_pipeline.py for tasks to queue
[2026-05-27T04:34:00.265+0000] {logging_mixin.py:188} INFO - [2026-05-27T04:34:00.264+0000] {dagbag.py:538} INFO - Filling up the DagBag from /opt/airflow/dags/dag_crime_pipeline.py
[2026-05-27T04:34:00.304+0000] {processor.py:840} INFO - DAG(s) 'crime_analytics_pipeline' retrieved from /opt/airflow/dags/dag_crime_pipeline.py
[2026-05-27T04:34:00.335+0000] {logging_mixin.py:188} INFO - [2026-05-27T04:34:00.335+0000] {dag.py:3036} INFO - Sync 1 DAGs
[2026-05-27T04:34:00.392+0000] {processor.py:183} INFO - Processing /opt/airflow/dags/dag_crime_pipeline.py took 0.135 seconds
[2026-05-27T04:34:33.297+0000] {processor.py:161} INFO - Started process (PID=4610) to work on /opt/airflow/dags/dag_crime_pipeline.py
[2026-05-27T04:34:33.299+0000] {processor.py:830} INFO - Processing file /opt/airflow/dags/dag_crime_pipeline.py for tasks to queue
[2026-05-27T04:34:33.302+0000] {logging_mixin.py:188} INFO - [2026-05-27T04:34:33.301+0000] {dagbag.py:538} INFO - Filling up the DagBag from /opt/airflow/dags/dag_crime_pipeline.py
[2026-05-27T04:34:33.348+0000] {processor.py:840} INFO - DAG(s) 'crime_analytics_pipeline' retrieved from /opt/airflow/dags/dag_crime_pipeline.py
[2026-05-27T04:34:33.383+0000] {logging_mixin.py:188} INFO - [2026-05-27T04:34:33.382+0000] {dag.py:3036} INFO - Sync 1 DAGs
[2026-05-27T04:34:33.426+0000] {processor.py:183} INFO - Processing /opt/airflow/dags/dag_crime_pipeline.py took 0.134 seconds
[2026-05-27T04:35:03.487+0000] {processor.py:161} INFO - Started process (PID=4615) to work on /opt/airflow/dags/dag_crime_pipeline.py
[2026-05-27T04:35:03.489+0000] {processor.py:830} INFO - Processing file /opt/airflow/dags/dag_crime_pipeline.py for tasks to queue
[2026-05-27T04:35:03.491+0000] {logging_mixin.py:188} INFO - [2026-05-27T04:35:03.491+0000] {dagbag.py:538} INFO - Filling up the DagBag from /opt/airflow/dags/dag_crime_pipeline.py
[2026-05-27T04:35:03.526+0000] {processor.py:840} INFO - DAG(s) 'crime_analytics_pipeline' retrieved from /opt/airflow/dags/dag_crime_pipeline.py
[2026-05-27T04:35:03.556+0000] {logging_mixin.py:188} INFO - [2026-05-27T04:35:03.556+0000] {dag.py:3036} INFO - Sync 1 DAGs
[2026-05-27T04:35:05.590+0000] {processor.py:183} INFO - Processing /opt/airflow/dags/dag_crime_pipeline.py took 0.127 seconds
[2026-05-27T04:35:38.459+0000] {processor.py:161} INFO - Started process (PID=4620) to work on /opt/airflow/dags/dag_crime_pipeline.py
[2026-05-27T04:35:38.460+0000] {processor.py:830} INFO - Processing file /opt/airflow/dags/dag_crime_pipeline.py for tasks to queue
[2026-05-27T04:35:38.463+0000] {logging_mixin.py:188} INFO - [2026-05-27T04:35:38.462+0000] {dagbag.py:538} INFO - Filling up the DagBag from /opt/airflow/dags/dag_crime_pipeline.py
[2026-05-27T04:35:38.498+0000] {processor.py:840} INFO - DAG(s) 'crime_analytics_pipeline' retrieved from /opt/airflow/dags/dag_crime_pipeline.py
[2026-05-27T04:35:38.530+0000] {logging_mixin.py:188} INFO - [2026-05-27T04:35:38.529+0000] {dag.py:3036} INFO - Sync 1 DAGs
[2026-05-27T04:35:38.588+0000] {processor.py:183} INFO - Processing /opt/airflow/dags/dag_crime_pipeline.py took 0.132 seconds
[2026-05-27T04:36:11.628+0000] {processor.py:161} INFO - Started process (PID=4625) to work on /opt/airflow/dags/dag_crime_pipeline.py
[2026-05-27T04:36:11.630+0000] {processor.py:830} INFO - Processing file /opt/airflow/dags/dag_crime_pipeline.py for tasks to queue
[2026-05-27T04:36:11.633+0000] {logging_mixin.py:188} INFO - [2026-05-27T04:36:11.633+0000] {dagbag.py:538} INFO - Filling up the DagBag from /opt/airflow/dags/dag_crime_pipeline.py
[2026-05-27T04:36:11.672+0000] {processor.py:840} INFO - DAG(s) 'crime_analytics_pipeline' retrieved from /opt/airflow/dags/dag_crime_pipeline.py
[2026-05-27T04:36:11.704+0000] {logging_mixin.py:188} INFO - [2026-05-27T04:36:11.703+0000] {dag.py:3036} INFO - Sync 1 DAGs
[2026-05-27T04:36:11.742+0000] {processor.py:183} INFO - Processing /opt/airflow/dags/dag_crime_pipeline.py took 0.117 seconds
[2026-05-27T04:36:44.664+0000] {processor.py:161} INFO - Started process (PID=4630) to work on /opt/airflow/dags/dag_crime_pipeline.py
[2026-05-27T04:36:44.665+0000] {processor.py:830} INFO - Processing file /opt/airflow/dags/dag_crime_pipeline.py for tasks to queue
[2026-05-27T04:36:44.668+0000] {logging_mixin.py:188} INFO - [2026-05-27T04:36:44.668+0000] {dagbag.py:538} INFO - Filling up the DagBag from /opt/airflow/dags/dag_crime_pipeline.py
[2026-05-27T04:36:44.705+0000] {processor.py:840} INFO - DAG(s) 'crime_analytics_pipeline' retrieved from /opt/airflow/dags/dag_crime_pipeline.py
[2026-05-27T04:36:44.738+0000] {logging_mixin.py:188} INFO - [2026-05-27T04:36:44.737+0000] {dag.py:3036} INFO - Sync 1 DAGs
[2026-05-27T04:36:44.797+0000] {processor.py:183} INFO - Processing /opt/airflow/dags/dag_crime_pipeline.py took 0.137 seconds
[2026-05-27T04:37:17.646+0000] {processor.py:161} INFO - Started process (PID=4635) to work on /opt/airflow/dags/dag_crime_pipeline.py
[2026-05-27T04:37:17.648+0000] {processor.py:830} INFO - Processing file /opt/airflow/dags/dag_crime_pipeline.py for tasks to queue
[2026-05-27T04:37:17.651+0000] {logging_mixin.py:188} INFO - [2026-05-27T04:37:17.650+0000] {dagbag.py:538} INFO - Filling up the DagBag from /opt/airflow/dags/dag_crime_pipeline.py
[2026-05-27T04:37:17.689+0000] {processor.py:840} INFO - DAG(s) 'crime_analytics_pipeline' retrieved from /opt/airflow/dags/dag_crime_pipeline.py
[2026-05-27T04:37:17.714+0000] {logging_mixin.py:188} INFO - [2026-05-27T04:37:17.714+0000] {dag.py:3036} INFO - Sync 1 DAGs
[2026-05-27T04:37:17.756+0000] {processor.py:183} INFO - Processing /opt/airflow/dags/dag_crime_pipeline.py took 0.113 seconds
[2026-05-27T04:37:49.788+0000] {processor.py:161} INFO - Started process (PID=4640) to work on /opt/airflow/dags/dag_crime_pipeline.py
[2026-05-27T04:37:49.789+0000] {processor.py:830} INFO - Processing file /opt/airflow/dags/dag_crime_pipeline.py for tasks to queue
[2026-05-27T04:37:49.792+0000] {logging_mixin.py:188} INFO - [2026-05-27T04:37:49.792+0000] {dagbag.py:538} INFO - Filling up the DagBag from /opt/airflow/dags/dag_crime_pipeline.py
[2026-05-27T04:37:49.834+0000] {processor.py:840} INFO - DAG(s) 'crime_analytics_pipeline' retrieved from /opt/airflow/dags/dag_crime_pipeline.py
[2026-05-27T04:37:49.869+0000] {logging_mixin.py:188} INFO - [2026-05-27T04:37:49.868+0000] {dag.py:3036} INFO - Sync 1 DAGs
[2026-05-27T04:37:49.929+0000] {processor.py:183} INFO - Processing /opt/airflow/dags/dag_crime_pipeline.py took 0.145 seconds
[2026-05-27T04:38:23.130+0000] {processor.py:161} INFO - Started process (PID=4645) to work on /opt/airflow/dags/dag_crime_pipeline.py
[2026-05-27T04:38:23.131+0000] {processor.py:830} INFO - Processing file /opt/airflow/dags/dag_crime_pipeline.py for tasks to queue
[2026-05-27T04:38:23.134+0000] {logging_mixin.py:188} INFO - [2026-05-27T04:38:23.134+0000] {dagbag.py:538} INFO - Filling up the DagBag from /opt/airflow/dags/dag_crime_pipeline.py
[2026-05-27T04:38:23.172+0000] {processor.py:840} INFO - DAG(s) 'crime_analytics_pipeline' retrieved from /opt/airflow/dags/dag_crime_pipeline.py
[2026-05-27T04:38:23.210+0000] {logging_mixin.py:188} INFO - [2026-05-27T04:38:23.209+0000] {dag.py:3036} INFO - Sync 1 DAGs
[2026-05-27T04:38:23.272+0000] {processor.py:183} INFO - Processing /opt/airflow/dags/dag_crime_pipeline.py took 0.146 seconds
[2026-05-27T04:38:56.288+0000] {processor.py:161} INFO - Started process (PID=4650) to work on /opt/airflow/dags/dag_crime_pipeline.py
[2026-05-27T04:38:56.291+0000] {processor.py:830} INFO - Processing file /opt/airflow/dags/dag_crime_pipeline.py for tasks to queue
[2026-05-27T04:38:56.294+0000] {logging_mixin.py:188} INFO - [2026-05-27T04:38:56.293+0000] {dagbag.py:538} INFO - Filling up the DagBag from /opt/airflow/dags/dag_crime_pipeline.py
[2026-05-27T04:38:56.329+0000] {processor.py:840} INFO - DAG(s) 'crime_analytics_pipeline' retrieved from /opt/airflow/dags/dag_crime_pipeline.py
[2026-05-27T04:38:56.356+0000] {logging_mixin.py:188} INFO - [2026-05-27T04:38:56.356+0000] {dag.py:3036} INFO - Sync 1 DAGs
[2026-05-27T04:38:56.412+0000] {processor.py:183} INFO - Processing /opt/airflow/dags/dag_crime_pipeline.py took 0.129 seconds
[2026-05-27T04:39:26.619+0000] {processor.py:161} INFO - Started process (PID=4655) to work on /opt/airflow/dags/dag_crime_pipeline.py
[2026-05-27T04:39:26.621+0000] {processor.py:830} INFO - Processing file /opt/airflow/dags/dag_crime_pipeline.py for tasks to queue
[2026-05-27T04:39:26.623+0000] {logging_mixin.py:188} INFO - [2026-05-27T04:39:26.623+0000] {dagbag.py:538} INFO - Filling up the DagBag from /opt/airflow/dags/dag_crime_pipeline.py
[2026-05-27T04:39:26.662+0000] {processor.py:840} INFO - DAG(s) 'crime_analytics_pipeline' retrieved from /opt/airflow/dags/dag_crime_pipeline.py
[2026-05-27T04:39:26.701+0000] {logging_mixin.py:188} INFO - [2026-05-27T04:39:26.701+0000] {dag.py:3036} INFO - Sync 1 DAGs
[2026-05-27T04:39:28.734+0000] {processor.py:183} INFO - Processing /opt/airflow/dags/dag_crime_pipeline.py took 0.133 seconds
[2026-05-27T04:40:01.890+0000] {processor.py:161} INFO - Started process (PID=4660) to work on /opt/airflow/dags/dag_crime_pipeline.py
[2026-05-27T04:40:01.892+0000] {processor.py:830} INFO - Processing file /opt/airflow/dags/dag_crime_pipeline.py for tasks to queue
[2026-05-27T04:40:01.894+0000] {logging_mixin.py:188} INFO - [2026-05-27T04:40:01.893+0000] {dagbag.py:538} INFO - Filling up the DagBag from /opt/airflow/dags/dag_crime_pipeline.py
[2026-05-27T04:40:01.929+0000] {processor.py:840} INFO - DAG(s) 'crime_analytics_pipeline' retrieved from /opt/airflow/dags/dag_crime_pipeline.py
[2026-05-27T04:40:01.966+0000] {logging_mixin.py:188} INFO - [2026-05-27T04:40:01.965+0000] {dag.py:3036} INFO - Sync 1 DAGs
[2026-05-27T04:40:02.037+0000] {processor.py:183} INFO - Processing /opt/airflow/dags/dag_crime_pipeline.py took 0.150 seconds
[2026-05-27T04:40:35.181+0000] {processor.py:161} INFO - Started process (PID=4665) to work on /opt/airflow/dags/dag_crime_pipeline.py
[2026-05-27T04:40:35.183+0000] {processor.py:830} INFO - Processing file /opt/airflow/dags/dag_crime_pipeline.py for tasks to queue
[2026-05-27T04:40:35.185+0000] {logging_mixin.py:188} INFO - [2026-05-27T04:40:35.185+0000] {dagbag.py:538} INFO - Filling up the DagBag from /opt/airflow/dags/dag_crime_pipeline.py
[2026-05-27T04:40:35.226+0000] {processor.py:840} INFO - DAG(s) 'crime_analytics_pipeline' retrieved from /opt/airflow/dags/dag_crime_pipeline.py
[2026-05-27T04:40:35.257+0000] {logging_mixin.py:188} INFO - [2026-05-27T04:40:35.257+0000] {dag.py:3036} INFO - Sync 1 DAGs
[2026-05-27T04:40:35.319+0000] {processor.py:183} INFO - Processing /opt/airflow/dags/dag_crime_pipeline.py took 0.141 seconds
[2026-05-27T04:41:08.415+0000] {processor.py:161} INFO - Started process (PID=4670) to work on /opt/airflow/dags/dag_crime_pipeline.py
[2026-05-27T04:41:08.416+0000] {processor.py:830} INFO - Processing file /opt/airflow/dags/dag_crime_pipeline.py for tasks to queue
[2026-05-27T04:41:08.419+0000] {logging_mixin.py:188} INFO - [2026-05-27T04:41:08.418+0000] {dagbag.py:538} INFO - Filling up the DagBag from /opt/airflow/dags/dag_crime_pipeline.py
[2026-05-27T04:41:08.453+0000] {processor.py:840} INFO - DAG(s) 'crime_analytics_pipeline' retrieved from /opt/airflow/dags/dag_crime_pipeline.py
[2026-05-27T04:41:08.482+0000] {logging_mixin.py:188} INFO - [2026-05-27T04:41:08.481+0000] {dag.py:3036} INFO - Sync 1 DAGs
[2026-05-27T04:41:08.537+0000] {processor.py:183} INFO - Processing /opt/airflow/dags/dag_crime_pipeline.py took 0.126 seconds
[2026-05-27T04:41:41.564+0000] {processor.py:161} INFO - Started process (PID=4675) to work on /opt/airflow/dags/dag_crime_pipeline.py
[2026-05-27T04:41:41.565+0000] {processor.py:830} INFO - Processing file /opt/airflow/dags/dag_crime_pipeline.py for tasks to queue
[2026-05-27T04:41:41.568+0000] {logging_mixin.py:188} INFO - [2026-05-27T04:41:41.568+0000] {dagbag.py:538} INFO - Filling up the DagBag from /opt/airflow/dags/dag_crime_pipeline.py
[2026-05-27T04:41:41.608+0000] {processor.py:840} INFO - DAG(s) 'crime_analytics_pipeline' retrieved from /opt/airflow/dags/dag_crime_pipeline.py
[2026-05-27T04:41:41.645+0000] {logging_mixin.py:188} INFO - [2026-05-27T04:41:41.645+0000] {dag.py:3036} INFO - Sync 1 DAGs
[2026-05-27T04:41:41.690+0000] {processor.py:183} INFO - Processing /opt/airflow/dags/dag_crime_pipeline.py took 0.130 seconds
[2026-05-27T04:42:13.816+0000] {processor.py:161} INFO - Started process (PID=4680) to work on /opt/airflow/dags/dag_crime_pipeline.py
[2026-05-27T04:42:13.818+0000] {processor.py:830} INFO - Processing file /opt/airflow/dags/dag_crime_pipeline.py for tasks to queue
[2026-05-27T04:42:13.820+0000] {logging_mixin.py:188} INFO - [2026-05-27T04:42:13.820+0000] {dagbag.py:538} INFO - Filling up the DagBag from /opt/airflow/dags/dag_crime_pipeline.py
[2026-05-27T04:42:13.860+0000] {processor.py:840} INFO - DAG(s) 'crime_analytics_pipeline' retrieved from /opt/airflow/dags/dag_crime_pipeline.py
[2026-05-27T04:42:13.896+0000] {logging_mixin.py:188} INFO - [2026-05-27T04:42:13.895+0000] {dag.py:3036} INFO - Sync 1 DAGs
[2026-05-27T04:42:13.937+0000] {processor.py:183} INFO - Processing /opt/airflow/dags/dag_crime_pipeline.py took 0.125 seconds
[2026-05-27T04:42:46.761+0000] {processor.py:161} INFO - Started process (PID=4685) to work on /opt/airflow/dags/dag_crime_pipeline.py
[2026-05-27T04:42:46.763+0000] {processor.py:830} INFO - Processing file /opt/airflow/dags/dag_crime_pipeline.py for tasks to queue
[2026-05-27T04:42:46.765+0000] {logging_mixin.py:188} INFO - [2026-05-27T04:42:46.765+0000] {dagbag.py:538} INFO - Filling up the DagBag from /opt/airflow/dags/dag_crime_pipeline.py
[2026-05-27T04:42:46.801+0000] {processor.py:840} INFO - DAG(s) 'crime_analytics_pipeline' retrieved from /opt/airflow/dags/dag_crime_pipeline.py
[2026-05-27T04:42:46.832+0000] {logging_mixin.py:188} INFO - [2026-05-27T04:42:46.831+0000] {dag.py:3036} INFO - Sync 1 DAGs
[2026-05-27T04:42:46.888+0000] {processor.py:183} INFO - Processing /opt/airflow/dags/dag_crime_pipeline.py took 0.131 seconds
[2026-05-27T04:43:19.717+0000] {processor.py:161} INFO - Started process (PID=4690) to work on /opt/airflow/dags/dag_crime_pipeline.py
[2026-05-27T04:43:19.719+0000] {processor.py:830} INFO - Processing file /opt/airflow/dags/dag_crime_pipeline.py for tasks to queue
[2026-05-27T04:43:19.725+0000] {logging_mixin.py:188} INFO - [2026-05-27T04:43:19.724+0000] {dagbag.py:538} INFO - Filling up the DagBag from /opt/airflow/dags/dag_crime_pipeline.py
[2026-05-27T04:43:19.775+0000] {processor.py:840} INFO - DAG(s) 'crime_analytics_pipeline' retrieved from /opt/airflow/dags/dag_crime_pipeline.py
[2026-05-27T04:43:19.821+0000] {logging_mixin.py:188} INFO - [2026-05-27T04:43:19.819+0000] {dag.py:3036} INFO - Sync 1 DAGs
[2026-05-27T04:43:19.869+0000] {processor.py:183} INFO - Processing /opt/airflow/dags/dag_crime_pipeline.py took 0.157 seconds
[2026-05-27T04:43:52.745+0000] {processor.py:161} INFO - Started process (PID=4695) to work on /opt/airflow/dags/dag_crime_pipeline.py
[2026-05-27T04:43:52.747+0000] {processor.py:830} INFO - Processing file /opt/airflow/dags/dag_crime_pipeline.py for tasks to queue
[2026-05-27T04:43:52.750+0000] {logging_mixin.py:188} INFO - [2026-05-27T04:43:52.749+0000] {dagbag.py:538} INFO - Filling up the DagBag from /opt/airflow/dags/dag_crime_pipeline.py
[2026-05-27T04:43:52.790+0000] {processor.py:840} INFO - DAG(s) 'crime_analytics_pipeline' retrieved from /opt/airflow/dags/dag_crime_pipeline.py
[2026-05-27T04:43:52.824+0000] {logging_mixin.py:188} INFO - [2026-05-27T04:43:52.824+0000] {dag.py:3036} INFO - Sync 1 DAGs
[2026-05-27T04:43:52.860+0000] {processor.py:183} INFO - Processing /opt/airflow/dags/dag_crime_pipeline.py took 0.120 seconds
[2026-05-27T04:44:24.756+0000] {processor.py:161} INFO - Started process (PID=4700) to work on /opt/airflow/dags/dag_crime_pipeline.py
[2026-05-27T04:44:24.757+0000] {processor.py:830} INFO - Processing file /opt/airflow/dags/dag_crime_pipeline.py for tasks to queue
[2026-05-27T04:44:24.760+0000] {logging_mixin.py:188} INFO - [2026-05-27T04:44:24.759+0000] {dagbag.py:538} INFO - Filling up the DagBag from /opt/airflow/dags/dag_crime_pipeline.py
[2026-05-27T04:44:24.798+0000] {processor.py:840} INFO - DAG(s) 'crime_analytics_pipeline' retrieved from /opt/airflow/dags/dag_crime_pipeline.py
[2026-05-27T04:44:24.829+0000] {logging_mixin.py:188} INFO - [2026-05-27T04:44:24.828+0000] {dag.py:3036} INFO - Sync 1 DAGs
[2026-05-27T04:44:24.868+0000] {processor.py:183} INFO - Processing /opt/airflow/dags/dag_crime_pipeline.py took 0.115 seconds
[2026-05-27T04:44:57.714+0000] {processor.py:161} INFO - Started process (PID=4705) to work on /opt/airflow/dags/dag_crime_pipeline.py
[2026-05-27T04:44:57.715+0000] {processor.py:830} INFO - Processing file /opt/airflow/dags/dag_crime_pipeline.py for tasks to queue
[2026-05-27T04:44:57.718+0000] {logging_mixin.py:188} INFO - [2026-05-27T04:44:57.717+0000] {dagbag.py:538} INFO - Filling up the DagBag from /opt/airflow/dags/dag_crime_pipeline.py
[2026-05-27T04:44:57.754+0000] {processor.py:840} INFO - DAG(s) 'crime_analytics_pipeline' retrieved from /opt/airflow/dags/dag_crime_pipeline.py
[2026-05-27T04:44:57.788+0000] {logging_mixin.py:188} INFO - [2026-05-27T04:44:57.788+0000] {dag.py:3036} INFO - Sync 1 DAGs
[2026-05-27T04:44:57.828+0000] {processor.py:183} INFO - Processing /opt/airflow/dags/dag_crime_pipeline.py took 0.118 seconds
[2026-05-27T04:45:30.751+0000] {processor.py:161} INFO - Started process (PID=4710) to work on /opt/airflow/dags/dag_crime_pipeline.py
[2026-05-27T04:45:30.752+0000] {processor.py:830} INFO - Processing file /opt/airflow/dags/dag_crime_pipeline.py for tasks to queue
[2026-05-27T04:45:30.755+0000] {logging_mixin.py:188} INFO - [2026-05-27T04:45:30.754+0000] {dagbag.py:538} INFO - Filling up the DagBag from /opt/airflow/dags/dag_crime_pipeline.py
[2026-05-27T04:45:30.792+0000] {processor.py:840} INFO - DAG(s) 'crime_analytics_pipeline' retrieved from /opt/airflow/dags/dag_crime_pipeline.py
[2026-05-27T04:45:30.824+0000] {logging_mixin.py:188} INFO - [2026-05-27T04:45:30.824+0000] {dag.py:3036} INFO - Sync 1 DAGs
[2026-05-27T04:45:30.864+0000] {processor.py:183} INFO - Processing /opt/airflow/dags/dag_crime_pipeline.py took 0.117 seconds
[2026-05-27T04:46:03.696+0000] {processor.py:161} INFO - Started process (PID=4715) to work on /opt/airflow/dags/dag_crime_pipeline.py
[2026-05-27T04:46:03.698+0000] {processor.py:830} INFO - Processing file /opt/airflow/dags/dag_crime_pipeline.py for tasks to queue
[2026-05-27T04:46:03.701+0000] {logging_mixin.py:188} INFO - [2026-05-27T04:46:03.701+0000] {dagbag.py:538} INFO - Filling up the DagBag from /opt/airflow/dags/dag_crime_pipeline.py
[2026-05-27T04:46:03.742+0000] {processor.py:840} INFO - DAG(s) 'crime_analytics_pipeline' retrieved from /opt/airflow/dags/dag_crime_pipeline.py
[2026-05-27T04:46:03.773+0000] {logging_mixin.py:188} INFO - [2026-05-27T04:46:03.773+0000] {dag.py:3036} INFO - Sync 1 DAGs
[2026-05-27T04:46:03.830+0000] {processor.py:183} INFO - Processing /opt/airflow/dags/dag_crime_pipeline.py took 0.139 seconds
[2026-05-27T04:46:35.751+0000] {processor.py:161} INFO - Started process (PID=4720) to work on /opt/airflow/dags/dag_crime_pipeline.py
[2026-05-27T04:46:35.752+0000] {processor.py:830} INFO - Processing file /opt/airflow/dags/dag_crime_pipeline.py for tasks to queue
[2026-05-27T04:46:35.755+0000] {logging_mixin.py:188} INFO - [2026-05-27T04:46:35.754+0000] {dagbag.py:538} INFO - Filling up the DagBag from /opt/airflow/dags/dag_crime_pipeline.py
[2026-05-27T04:46:35.798+0000] {processor.py:840} INFO - DAG(s) 'crime_analytics_pipeline' retrieved from /opt/airflow/dags/dag_crime_pipeline.py
[2026-05-27T04:46:35.826+0000] {logging_mixin.py:188} INFO - [2026-05-27T04:46:35.826+0000] {dag.py:3036} INFO - Sync 1 DAGs
[2026-05-27T04:46:35.868+0000] {processor.py:183} INFO - Processing /opt/airflow/dags/dag_crime_pipeline.py took 0.122 seconds
[2026-05-27T04:47:08.800+0000] {processor.py:161} INFO - Started process (PID=4725) to work on /opt/airflow/dags/dag_crime_pipeline.py
[2026-05-27T04:47:08.801+0000] {processor.py:830} INFO - Processing file /opt/airflow/dags/dag_crime_pipeline.py for tasks to queue
[2026-05-27T04:47:08.805+0000] {logging_mixin.py:188} INFO - [2026-05-27T04:47:08.804+0000] {dagbag.py:538} INFO - Filling up the DagBag from /opt/airflow/dags/dag_crime_pipeline.py
[2026-05-27T04:47:08.848+0000] {processor.py:840} INFO - DAG(s) 'crime_analytics_pipeline' retrieved from /opt/airflow/dags/dag_crime_pipeline.py
[2026-05-27T04:47:08.877+0000] {logging_mixin.py:188} INFO - [2026-05-27T04:47:08.876+0000] {dag.py:3036} INFO - Sync 1 DAGs
[2026-05-27T04:47:08.915+0000] {processor.py:183} INFO - Processing /opt/airflow/dags/dag_crime_pipeline.py took 0.120 seconds
[2026-05-27T04:47:41.770+0000] {processor.py:161} INFO - Started process (PID=4730) to work on /opt/airflow/dags/dag_crime_pipeline.py
[2026-05-27T04:47:41.771+0000] {processor.py:830} INFO - Processing file /opt/airflow/dags/dag_crime_pipeline.py for tasks to queue
[2026-05-27T04:47:41.774+0000] {logging_mixin.py:188} INFO - [2026-05-27T04:47:41.773+0000] {dagbag.py:538} INFO - Filling up the DagBag from /opt/airflow/dags/dag_crime_pipeline.py
[2026-05-27T04:47:41.811+0000] {processor.py:840} INFO - DAG(s) 'crime_analytics_pipeline' retrieved from /opt/airflow/dags/dag_crime_pipeline.py
[2026-05-27T04:47:41.845+0000] {logging_mixin.py:188} INFO - [2026-05-27T04:47:41.844+0000] {dag.py:3036} INFO - Sync 1 DAGs
[2026-05-27T04:47:41.884+0000] {processor.py:183} INFO - Processing /opt/airflow/dags/dag_crime_pipeline.py took 0.117 seconds
[2026-05-27T04:48:14.848+0000] {processor.py:161} INFO - Started process (PID=4735) to work on /opt/airflow/dags/dag_crime_pipeline.py
[2026-05-27T04:48:14.849+0000] {processor.py:830} INFO - Processing file /opt/airflow/dags/dag_crime_pipeline.py for tasks to queue
[2026-05-27T04:48:14.851+0000] {logging_mixin.py:188} INFO - [2026-05-27T04:48:14.851+0000] {dagbag.py:538} INFO - Filling up the DagBag from /opt/airflow/dags/dag_crime_pipeline.py
[2026-05-27T04:48:14.881+0000] {processor.py:840} INFO - DAG(s) 'crime_analytics_pipeline' retrieved from /opt/airflow/dags/dag_crime_pipeline.py
[2026-05-27T04:48:14.905+0000] {logging_mixin.py:188} INFO - [2026-05-27T04:48:14.905+0000] {dag.py:3036} INFO - Sync 1 DAGs
[2026-05-27T04:48:14.957+0000] {processor.py:183} INFO - Processing /opt/airflow/dags/dag_crime_pipeline.py took 0.111 seconds
[2026-05-27T04:48:46.798+0000] {processor.py:161} INFO - Started process (PID=4740) to work on /opt/airflow/dags/dag_crime_pipeline.py
[2026-05-27T04:48:46.800+0000] {processor.py:830} INFO - Processing file /opt/airflow/dags/dag_crime_pipeline.py for tasks to queue
[2026-05-27T04:48:46.802+0000] {logging_mixin.py:188} INFO - [2026-05-27T04:48:46.802+0000] {dagbag.py:538} INFO - Filling up the DagBag from /opt/airflow/dags/dag_crime_pipeline.py
[2026-05-27T04:48:46.836+0000] {processor.py:840} INFO - DAG(s) 'crime_analytics_pipeline' retrieved from /opt/airflow/dags/dag_crime_pipeline.py
[2026-05-27T04:48:46.864+0000] {logging_mixin.py:188} INFO - [2026-05-27T04:48:46.863+0000] {dag.py:3036} INFO - Sync 1 DAGs
[2026-05-27T04:48:46.911+0000] {processor.py:183} INFO - Processing /opt/airflow/dags/dag_crime_pipeline.py took 0.117 seconds
[2026-05-27T04:49:19.810+0000] {processor.py:161} INFO - Started process (PID=4745) to work on /opt/airflow/dags/dag_crime_pipeline.py
[2026-05-27T04:49:19.811+0000] {processor.py:830} INFO - Processing file /opt/airflow/dags/dag_crime_pipeline.py for tasks to queue
[2026-05-27T04:49:19.813+0000] {logging_mixin.py:188} INFO - [2026-05-27T04:49:19.813+0000] {dagbag.py:538} INFO - Filling up the DagBag from /opt/airflow/dags/dag_crime_pipeline.py
[2026-05-27T04:49:19.851+0000] {processor.py:840} INFO - DAG(s) 'crime_analytics_pipeline' retrieved from /opt/airflow/dags/dag_crime_pipeline.py
[2026-05-27T04:49:19.881+0000] {logging_mixin.py:188} INFO - [2026-05-27T04:49:19.881+0000] {dag.py:3036} INFO - Sync 1 DAGs
[2026-05-27T04:49:19.916+0000] {processor.py:183} INFO - Processing /opt/airflow/dags/dag_crime_pipeline.py took 0.109 seconds
[2026-05-27T04:49:52.796+0000] {processor.py:161} INFO - Started process (PID=4750) to work on /opt/airflow/dags/dag_crime_pipeline.py
[2026-05-27T04:49:52.799+0000] {processor.py:830} INFO - Processing file /opt/airflow/dags/dag_crime_pipeline.py for tasks to queue
[2026-05-27T04:49:52.803+0000] {logging_mixin.py:188} INFO - [2026-05-27T04:49:52.802+0000] {dagbag.py:538} INFO - Filling up the DagBag from /opt/airflow/dags/dag_crime_pipeline.py
[2026-05-27T04:49:52.841+0000] {processor.py:840} INFO - DAG(s) 'crime_analytics_pipeline' retrieved from /opt/airflow/dags/dag_crime_pipeline.py
[2026-05-27T04:49:52.872+0000] {logging_mixin.py:188} INFO - [2026-05-27T04:49:52.871+0000] {dag.py:3036} INFO - Sync 1 DAGs
[2026-05-27T04:49:52.922+0000] {processor.py:183} INFO - Processing /opt/airflow/dags/dag_crime_pipeline.py took 0.131 seconds
[2026-05-27T04:50:25.679+0000] {processor.py:161} INFO - Started process (PID=4755) to work on /opt/airflow/dags/dag_crime_pipeline.py
[2026-05-27T04:50:25.681+0000] {processor.py:830} INFO - Processing file /opt/airflow/dags/dag_crime_pipeline.py for tasks to queue
[2026-05-27T04:50:25.682+0000] {logging_mixin.py:188} INFO - [2026-05-27T04:50:25.682+0000] {dagbag.py:538} INFO - Filling up the DagBag from /opt/airflow/dags/dag_crime_pipeline.py
[2026-05-27T04:50:25.715+0000] {processor.py:840} INFO - DAG(s) 'crime_analytics_pipeline' retrieved from /opt/airflow/dags/dag_crime_pipeline.py
[2026-05-27T04:50:25.740+0000] {logging_mixin.py:188} INFO - [2026-05-27T04:50:25.740+0000] {dag.py:3036} INFO - Sync 1 DAGs
[2026-05-27T04:50:25.804+0000] {processor.py:183} INFO - Processing /opt/airflow/dags/dag_crime_pipeline.py took 0.128 seconds
[2026-05-27T04:50:57.651+0000] {processor.py:161} INFO - Started process (PID=4760) to work on /opt/airflow/dags/dag_crime_pipeline.py
[2026-05-27T04:50:57.652+0000] {processor.py:830} INFO - Processing file /opt/airflow/dags/dag_crime_pipeline.py for tasks to queue
[2026-05-27T04:50:57.655+0000] {logging_mixin.py:188} INFO - [2026-05-27T04:50:57.655+0000] {dagbag.py:538} INFO - Filling up the DagBag from /opt/airflow/dags/dag_crime_pipeline.py
[2026-05-27T04:50:57.691+0000] {processor.py:840} INFO - DAG(s) 'crime_analytics_pipeline' retrieved from /opt/airflow/dags/dag_crime_pipeline.py
[2026-05-27T04:50:57.726+0000] {logging_mixin.py:188} INFO - [2026-05-27T04:50:57.725+0000] {dag.py:3036} INFO - Sync 1 DAGs
[2026-05-27T04:50:57.764+0000] {processor.py:183} INFO - Processing /opt/airflow/dags/dag_crime_pipeline.py took 0.117 seconds
[2026-05-27T04:51:30.837+0000] {processor.py:161} INFO - Started process (PID=4765) to work on /opt/airflow/dags/dag_crime_pipeline.py
[2026-05-27T04:51:30.839+0000] {processor.py:830} INFO - Processing file /opt/airflow/dags/dag_crime_pipeline.py for tasks to queue
[2026-05-27T04:51:30.841+0000] {logging_mixin.py:188} INFO - [2026-05-27T04:51:30.841+0000] {dagbag.py:538} INFO - Filling up the DagBag from /opt/airflow/dags/dag_crime_pipeline.py
[2026-05-27T04:51:30.873+0000] {processor.py:840} INFO - DAG(s) 'crime_analytics_pipeline' retrieved from /opt/airflow/dags/dag_crime_pipeline.py
[2026-05-27T04:51:30.900+0000] {logging_mixin.py:188} INFO - [2026-05-27T04:51:30.900+0000] {dag.py:3036} INFO - Sync 1 DAGs
[2026-05-27T04:51:30.936+0000] {processor.py:183} INFO - Processing /opt/airflow/dags/dag_crime_pipeline.py took 0.102 seconds
[2026-05-27T04:52:04.133+0000] {processor.py:161} INFO - Started process (PID=4770) to work on /opt/airflow/dags/dag_crime_pipeline.py
[2026-05-27T04:52:04.134+0000] {processor.py:830} INFO - Processing file /opt/airflow/dags/dag_crime_pipeline.py for tasks to queue
[2026-05-27T04:52:04.136+0000] {logging_mixin.py:188} INFO - [2026-05-27T04:52:04.136+0000] {dagbag.py:538} INFO - Filling up the DagBag from /opt/airflow/dags/dag_crime_pipeline.py
[2026-05-27T04:52:04.167+0000] {processor.py:840} INFO - DAG(s) 'crime_analytics_pipeline' retrieved from /opt/airflow/dags/dag_crime_pipeline.py
[2026-05-27T04:52:04.191+0000] {logging_mixin.py:188} INFO - [2026-05-27T04:52:04.191+0000] {dag.py:3036} INFO - Sync 1 DAGs
[2026-05-27T04:52:04.241+0000] {processor.py:183} INFO - Processing /opt/airflow/dags/dag_crime_pipeline.py took 0.111 seconds
[2026-05-27T04:52:34.383+0000] {processor.py:161} INFO - Started process (PID=4775) to work on /opt/airflow/dags/dag_crime_pipeline.py
[2026-05-27T04:52:34.384+0000] {processor.py:830} INFO - Processing file /opt/airflow/dags/dag_crime_pipeline.py for tasks to queue
[2026-05-27T04:52:34.387+0000] {logging_mixin.py:188} INFO - [2026-05-27T04:52:34.386+0000] {dagbag.py:538} INFO - Filling up the DagBag from /opt/airflow/dags/dag_crime_pipeline.py
[2026-05-27T04:52:36.433+0000] {processor.py:840} INFO - DAG(s) 'crime_analytics_pipeline' retrieved from /opt/airflow/dags/dag_crime_pipeline.py
[2026-05-27T04:52:36.460+0000] {logging_mixin.py:188} INFO - [2026-05-27T04:52:36.460+0000] {dag.py:3036} INFO - Sync 1 DAGs
[2026-05-27T04:52:36.493+0000] {processor.py:183} INFO - Processing /opt/airflow/dags/dag_crime_pipeline.py took 0.107 seconds
[2026-05-27T04:53:09.452+0000] {processor.py:161} INFO - Started process (PID=4780) to work on /opt/airflow/dags/dag_crime_pipeline.py
[2026-05-27T04:53:09.453+0000] {processor.py:830} INFO - Processing file /opt/airflow/dags/dag_crime_pipeline.py for tasks to queue
[2026-05-27T04:53:09.455+0000] {logging_mixin.py:188} INFO - [2026-05-27T04:53:09.455+0000] {dagbag.py:538} INFO - Filling up the DagBag from /opt/airflow/dags/dag_crime_pipeline.py
[2026-05-27T04:53:09.493+0000] {processor.py:840} INFO - DAG(s) 'crime_analytics_pipeline' retrieved from /opt/airflow/dags/dag_crime_pipeline.py
[2026-05-27T04:53:09.525+0000] {logging_mixin.py:188} INFO - [2026-05-27T04:53:09.525+0000] {dag.py:3036} INFO - Sync 1 DAGs
[2026-05-27T04:53:09.565+0000] {processor.py:183} INFO - Processing /opt/airflow/dags/dag_crime_pipeline.py took 0.118 seconds
[2026-05-27T04:53:42.510+0000] {processor.py:161} INFO - Started process (PID=4785) to work on /opt/airflow/dags/dag_crime_pipeline.py
[2026-05-27T04:53:42.511+0000] {processor.py:830} INFO - Processing file /opt/airflow/dags/dag_crime_pipeline.py for tasks to queue
[2026-05-27T04:53:42.513+0000] {logging_mixin.py:188} INFO - [2026-05-27T04:53:42.513+0000] {dagbag.py:538} INFO - Filling up the DagBag from /opt/airflow/dags/dag_crime_pipeline.py
[2026-05-27T04:53:42.545+0000] {processor.py:840} INFO - DAG(s) 'crime_analytics_pipeline' retrieved from /opt/airflow/dags/dag_crime_pipeline.py
[2026-05-27T04:53:42.573+0000] {logging_mixin.py:188} INFO - [2026-05-27T04:53:42.573+0000] {dag.py:3036} INFO - Sync 1 DAGs
[2026-05-27T04:53:42.621+0000] {processor.py:183} INFO - Processing /opt/airflow/dags/dag_crime_pipeline.py took 0.115 seconds
[2026-05-27T04:54:15.572+0000] {processor.py:161} INFO - Started process (PID=4790) to work on /opt/airflow/dags/dag_crime_pipeline.py
[2026-05-27T04:54:15.574+0000] {processor.py:830} INFO - Processing file /opt/airflow/dags/dag_crime_pipeline.py for tasks to queue
[2026-05-27T04:54:15.577+0000] {logging_mixin.py:188} INFO - [2026-05-27T04:54:15.576+0000] {dagbag.py:538} INFO - Filling up the DagBag from /opt/airflow/dags/dag_crime_pipeline.py
[2026-05-27T04:54:15.612+0000] {processor.py:840} INFO - DAG(s) 'crime_analytics_pipeline' retrieved from /opt/airflow/dags/dag_crime_pipeline.py
[2026-05-27T04:54:15.643+0000] {logging_mixin.py:188} INFO - [2026-05-27T04:54:15.643+0000] {dag.py:3036} INFO - Sync 1 DAGs
[2026-05-27T04:54:15.682+0000] {processor.py:183} INFO - Processing /opt/airflow/dags/dag_crime_pipeline.py took 0.115 seconds
[2026-05-27T04:54:48.769+0000] {processor.py:161} INFO - Started process (PID=4795) to work on /opt/airflow/dags/dag_crime_pipeline.py
[2026-05-27T04:54:48.770+0000] {processor.py:830} INFO - Processing file /opt/airflow/dags/dag_crime_pipeline.py for tasks to queue
[2026-05-27T04:54:48.774+0000] {logging_mixin.py:188} INFO - [2026-05-27T04:54:48.773+0000] {dagbag.py:538} INFO - Filling up the DagBag from /opt/airflow/dags/dag_crime_pipeline.py
[2026-05-27T04:54:48.813+0000] {processor.py:840} INFO - DAG(s) 'crime_analytics_pipeline' retrieved from /opt/airflow/dags/dag_crime_pipeline.py
[2026-05-27T04:54:48.843+0000] {logging_mixin.py:188} INFO - [2026-05-27T04:54:48.842+0000] {dag.py:3036} INFO - Sync 1 DAGs
[2026-05-27T04:54:48.880+0000] {processor.py:183} INFO - Processing /opt/airflow/dags/dag_crime_pipeline.py took 0.115 seconds
[2026-05-27T04:55:20.709+0000] {processor.py:161} INFO - Started process (PID=4800) to work on /opt/airflow/dags/dag_crime_pipeline.py
[2026-05-27T04:55:20.711+0000] {processor.py:830} INFO - Processing file /opt/airflow/dags/dag_crime_pipeline.py for tasks to queue
[2026-05-27T04:55:20.714+0000] {logging_mixin.py:188} INFO - [2026-05-27T04:55:20.713+0000] {dagbag.py:538} INFO - Filling up the DagBag from /opt/airflow/dags/dag_crime_pipeline.py
[2026-05-27T04:55:20.749+0000] {processor.py:840} INFO - DAG(s) 'crime_analytics_pipeline' retrieved from /opt/airflow/dags/dag_crime_pipeline.py
[2026-05-27T04:55:20.791+0000] {logging_mixin.py:188} INFO - [2026-05-27T04:55:20.790+0000] {dag.py:3036} INFO - Sync 1 DAGs
[2026-05-27T04:55:20.846+0000] {processor.py:183} INFO - Processing /opt/airflow/dags/dag_crime_pipeline.py took 0.142 seconds
[2026-05-27T04:55:54.021+0000] {processor.py:161} INFO - Started process (PID=4805) to work on /opt/airflow/dags/dag_crime_pipeline.py
[2026-05-27T04:55:54.023+0000] {processor.py:830} INFO - Processing file /opt/airflow/dags/dag_crime_pipeline.py for tasks to queue
[2026-05-27T04:55:54.026+0000] {logging_mixin.py:188} INFO - [2026-05-27T04:55:54.025+0000] {dagbag.py:538} INFO - Filling up the DagBag from /opt/airflow/dags/dag_crime_pipeline.py
[2026-05-27T04:55:54.061+0000] {processor.py:840} INFO - DAG(s) 'crime_analytics_pipeline' retrieved from /opt/airflow/dags/dag_crime_pipeline.py
[2026-05-27T04:55:54.093+0000] {logging_mixin.py:188} INFO - [2026-05-27T04:55:54.093+0000] {dag.py:3036} INFO - Sync 1 DAGs
[2026-05-27T04:55:54.133+0000] {processor.py:183} INFO - Processing /opt/airflow/dags/dag_crime_pipeline.py took 0.116 seconds
[2026-05-27T04:56:27.218+0000] {processor.py:161} INFO - Started process (PID=4810) to work on /opt/airflow/dags/dag_crime_pipeline.py
[2026-05-27T04:56:27.220+0000] {processor.py:830} INFO - Processing file /opt/airflow/dags/dag_crime_pipeline.py for tasks to queue
[2026-05-27T04:56:27.222+0000] {logging_mixin.py:188} INFO - [2026-05-27T04:56:27.222+0000] {dagbag.py:538} INFO - Filling up the DagBag from /opt/airflow/dags/dag_crime_pipeline.py
[2026-05-27T04:56:27.263+0000] {processor.py:840} INFO - DAG(s) 'crime_analytics_pipeline' retrieved from /opt/airflow/dags/dag_crime_pipeline.py
[2026-05-27T04:56:27.298+0000] {logging_mixin.py:188} INFO - [2026-05-27T04:56:27.298+0000] {dag.py:3036} INFO - Sync 1 DAGs
[2026-05-27T04:56:27.332+0000] {processor.py:183} INFO - Processing /opt/airflow/dags/dag_crime_pipeline.py took 0.118 seconds
[2026-05-27T04:56:57.426+0000] {processor.py:161} INFO - Started process (PID=4815) to work on /opt/airflow/dags/dag_crime_pipeline.py
[2026-05-27T04:56:57.427+0000] {processor.py:830} INFO - Processing file /opt/airflow/dags/dag_crime_pipeline.py for tasks to queue
[2026-05-27T04:56:57.429+0000] {logging_mixin.py:188} INFO - [2026-05-27T04:56:57.429+0000] {dagbag.py:538} INFO - Filling up the DagBag from /opt/airflow/dags/dag_crime_pipeline.py
[2026-05-27T04:56:57.464+0000] {processor.py:840} INFO - DAG(s) 'crime_analytics_pipeline' retrieved from /opt/airflow/dags/dag_crime_pipeline.py
[2026-05-27T04:56:59.519+0000] {logging_mixin.py:188} INFO - [2026-05-27T04:56:59.519+0000] {dag.py:3036} INFO - Sync 1 DAGs
[2026-05-27T04:56:59.558+0000] {processor.py:183} INFO - Processing /opt/airflow/dags/dag_crime_pipeline.py took 0.115 seconds
[2026-05-27T04:57:32.578+0000] {processor.py:161} INFO - Started process (PID=4820) to work on /opt/airflow/dags/dag_crime_pipeline.py
[2026-05-27T04:57:32.579+0000] {processor.py:830} INFO - Processing file /opt/airflow/dags/dag_crime_pipeline.py for tasks to queue
[2026-05-27T04:57:32.583+0000] {logging_mixin.py:188} INFO - [2026-05-27T04:57:32.582+0000] {dagbag.py:538} INFO - Filling up the DagBag from /opt/airflow/dags/dag_crime_pipeline.py
[2026-05-27T04:57:32.621+0000] {processor.py:840} INFO - DAG(s) 'crime_analytics_pipeline' retrieved from /opt/airflow/dags/dag_crime_pipeline.py
[2026-05-27T04:57:32.656+0000] {logging_mixin.py:188} INFO - [2026-05-27T04:57:32.655+0000] {dag.py:3036} INFO - Sync 1 DAGs
[2026-05-27T04:57:32.715+0000] {processor.py:183} INFO - Processing /opt/airflow/dags/dag_crime_pipeline.py took 0.142 seconds
[2026-05-27T04:58:05.491+0000] {processor.py:161} INFO - Started process (PID=4825) to work on /opt/airflow/dags/dag_crime_pipeline.py
[2026-05-27T04:58:05.493+0000] {processor.py:830} INFO - Processing file /opt/airflow/dags/dag_crime_pipeline.py for tasks to queue
[2026-05-27T04:58:05.496+0000] {logging_mixin.py:188} INFO - [2026-05-27T04:58:05.495+0000] {dagbag.py:538} INFO - Filling up the DagBag from /opt/airflow/dags/dag_crime_pipeline.py
[2026-05-27T04:58:05.533+0000] {processor.py:840} INFO - DAG(s) 'crime_analytics_pipeline' retrieved from /opt/airflow/dags/dag_crime_pipeline.py
[2026-05-27T04:58:05.564+0000] {logging_mixin.py:188} INFO - [2026-05-27T04:58:05.563+0000] {dag.py:3036} INFO - Sync 1 DAGs
[2026-05-27T04:58:05.614+0000] {processor.py:183} INFO - Processing /opt/airflow/dags/dag_crime_pipeline.py took 0.128 seconds
[2026-05-27T04:58:38.453+0000] {processor.py:161} INFO - Started process (PID=4830) to work on /opt/airflow/dags/dag_crime_pipeline.py
[2026-05-27T04:58:38.454+0000] {processor.py:830} INFO - Processing file /opt/airflow/dags/dag_crime_pipeline.py for tasks to queue
[2026-05-27T04:58:38.457+0000] {logging_mixin.py:188} INFO - [2026-05-27T04:58:38.456+0000] {dagbag.py:538} INFO - Filling up the DagBag from /opt/airflow/dags/dag_crime_pipeline.py
[2026-05-27T04:58:38.494+0000] {processor.py:840} INFO - DAG(s) 'crime_analytics_pipeline' retrieved from /opt/airflow/dags/dag_crime_pipeline.py
[2026-05-27T04:58:38.537+0000] {logging_mixin.py:188} INFO - [2026-05-27T04:58:38.537+0000] {dag.py:3036} INFO - Sync 1 DAGs
[2026-05-27T04:58:38.577+0000] {processor.py:183} INFO - Processing /opt/airflow/dags/dag_crime_pipeline.py took 0.129 seconds
[2026-05-27T04:59:08.665+0000] {processor.py:161} INFO - Started process (PID=4835) to work on /opt/airflow/dags/dag_crime_pipeline.py
[2026-05-27T04:59:08.670+0000] {processor.py:830} INFO - Processing file /opt/airflow/dags/dag_crime_pipeline.py for tasks to queue
[2026-05-27T04:59:08.673+0000] {logging_mixin.py:188} INFO - [2026-05-27T04:59:08.673+0000] {dagbag.py:538} INFO - Filling up the DagBag from /opt/airflow/dags/dag_crime_pipeline.py
[2026-05-27T04:59:08.709+0000] {processor.py:840} INFO - DAG(s) 'crime_analytics_pipeline' retrieved from /opt/airflow/dags/dag_crime_pipeline.py
[2026-05-27T04:59:10.706+0000] {logging_mixin.py:188} INFO - [2026-05-27T04:59:10.705+0000] {dag.py:3036} INFO - Sync 1 DAGs
[2026-05-27T04:59:10.742+0000] {processor.py:183} INFO - Processing /opt/airflow/dags/dag_crime_pipeline.py took 0.117 seconds
[2026-05-27T04:59:43.598+0000] {processor.py:161} INFO - Started process (PID=4840) to work on /opt/airflow/dags/dag_crime_pipeline.py
[2026-05-27T04:59:43.600+0000] {processor.py:830} INFO - Processing file /opt/airflow/dags/dag_crime_pipeline.py for tasks to queue
[2026-05-27T04:59:43.603+0000] {logging_mixin.py:188} INFO - [2026-05-27T04:59:43.602+0000] {dagbag.py:538} INFO - Filling up the DagBag from /opt/airflow/dags/dag_crime_pipeline.py
[2026-05-27T04:59:43.641+0000] {processor.py:840} INFO - DAG(s) 'crime_analytics_pipeline' retrieved from /opt/airflow/dags/dag_crime_pipeline.py
[2026-05-27T04:59:43.671+0000] {logging_mixin.py:188} INFO - [2026-05-27T04:59:43.671+0000] {dag.py:3036} INFO - Sync 1 DAGs
[2026-05-27T04:59:43.706+0000] {processor.py:183} INFO - Processing /opt/airflow/dags/dag_crime_pipeline.py took 0.112 seconds
[2026-05-27T05:00:16.531+0000] {processor.py:161} INFO - Started process (PID=4845) to work on /opt/airflow/dags/dag_crime_pipeline.py
[2026-05-27T05:00:16.533+0000] {processor.py:830} INFO - Processing file /opt/airflow/dags/dag_crime_pipeline.py for tasks to queue
[2026-05-27T05:00:16.535+0000] {logging_mixin.py:188} INFO - [2026-05-27T05:00:16.534+0000] {dagbag.py:538} INFO - Filling up the DagBag from /opt/airflow/dags/dag_crime_pipeline.py
[2026-05-27T05:00:16.566+0000] {processor.py:840} INFO - DAG(s) 'crime_analytics_pipeline' retrieved from /opt/airflow/dags/dag_crime_pipeline.py
[2026-05-27T05:00:16.596+0000] {logging_mixin.py:188} INFO - [2026-05-27T05:00:16.595+0000] {dag.py:3036} INFO - Sync 1 DAGs
[2026-05-27T05:00:16.644+0000] {processor.py:183} INFO - Processing /opt/airflow/dags/dag_crime_pipeline.py took 0.115 seconds
[2026-05-27T05:00:49.524+0000] {processor.py:161} INFO - Started process (PID=4850) to work on /opt/airflow/dags/dag_crime_pipeline.py
[2026-05-27T05:00:49.525+0000] {processor.py:830} INFO - Processing file /opt/airflow/dags/dag_crime_pipeline.py for tasks to queue
[2026-05-27T05:00:49.527+0000] {logging_mixin.py:188} INFO - [2026-05-27T05:00:49.527+0000] {dagbag.py:538} INFO - Filling up the DagBag from /opt/airflow/dags/dag_crime_pipeline.py
[2026-05-27T05:00:49.560+0000] {processor.py:840} INFO - DAG(s) 'crime_analytics_pipeline' retrieved from /opt/airflow/dags/dag_crime_pipeline.py
[2026-05-27T05:00:49.605+0000] {logging_mixin.py:188} INFO - [2026-05-27T05:00:49.605+0000] {dag.py:3036} INFO - Sync 1 DAGs
[2026-05-27T05:00:49.665+0000] {processor.py:183} INFO - Processing /opt/airflow/dags/dag_crime_pipeline.py took 0.144 seconds
[2026-05-27T05:01:22.707+0000] {processor.py:161} INFO - Started process (PID=4855) to work on /opt/airflow/dags/dag_crime_pipeline.py
[2026-05-27T05:01:22.708+0000] {processor.py:830} INFO - Processing file /opt/airflow/dags/dag_crime_pipeline.py for tasks to queue
[2026-05-27T05:01:22.710+0000] {logging_mixin.py:188} INFO - [2026-05-27T05:01:22.709+0000] {dagbag.py:538} INFO - Filling up the DagBag from /opt/airflow/dags/dag_crime_pipeline.py
[2026-05-27T05:01:22.743+0000] {processor.py:840} INFO - DAG(s) 'crime_analytics_pipeline' retrieved from /opt/airflow/dags/dag_crime_pipeline.py
[2026-05-27T05:01:22.767+0000] {logging_mixin.py:188} INFO - [2026-05-27T05:01:22.767+0000] {dag.py:3036} INFO - Sync 1 DAGs
[2026-05-27T05:01:22.823+0000] {processor.py:183} INFO - Processing /opt/airflow/dags/dag_crime_pipeline.py took 0.119 seconds
[2026-05-27T05:01:54.670+0000] {processor.py:161} INFO - Started process (PID=4860) to work on /opt/airflow/dags/dag_crime_pipeline.py
[2026-05-27T05:01:54.672+0000] {processor.py:830} INFO - Processing file /opt/airflow/dags/dag_crime_pipeline.py for tasks to queue
[2026-05-27T05:01:54.674+0000] {logging_mixin.py:188} INFO - [2026-05-27T05:01:54.674+0000] {dagbag.py:538} INFO - Filling up the DagBag from /opt/airflow/dags/dag_crime_pipeline.py
[2026-05-27T05:01:54.707+0000] {processor.py:840} INFO - DAG(s) 'crime_analytics_pipeline' retrieved from /opt/airflow/dags/dag_crime_pipeline.py
[2026-05-27T05:01:54.732+0000] {logging_mixin.py:188} INFO - [2026-05-27T05:01:54.732+0000] {dag.py:3036} INFO - Sync 1 DAGs
[2026-05-27T05:01:54.788+0000] {processor.py:183} INFO - Processing /opt/airflow/dags/dag_crime_pipeline.py took 0.122 seconds
[2026-05-27T05:02:27.658+0000] {processor.py:161} INFO - Started process (PID=4865) to work on /opt/airflow/dags/dag_crime_pipeline.py
[2026-05-27T05:02:27.659+0000] {processor.py:830} INFO - Processing file /opt/airflow/dags/dag_crime_pipeline.py for tasks to queue
[2026-05-27T05:02:27.661+0000] {logging_mixin.py:188} INFO - [2026-05-27T05:02:27.660+0000] {dagbag.py:538} INFO - Filling up the DagBag from /opt/airflow/dags/dag_crime_pipeline.py
[2026-05-27T05:02:27.696+0000] {processor.py:840} INFO - DAG(s) 'crime_analytics_pipeline' retrieved from /opt/airflow/dags/dag_crime_pipeline.py
[2026-05-27T05:02:27.730+0000] {logging_mixin.py:188} INFO - [2026-05-27T05:02:27.730+0000] {dag.py:3036} INFO - Sync 1 DAGs
[2026-05-27T05:02:27.780+0000] {processor.py:183} INFO - Processing /opt/airflow/dags/dag_crime_pipeline.py took 0.125 seconds
[2026-05-27T05:03:00.823+0000] {processor.py:161} INFO - Started process (PID=4870) to work on /opt/airflow/dags/dag_crime_pipeline.py
[2026-05-27T05:03:00.824+0000] {processor.py:830} INFO - Processing file /opt/airflow/dags/dag_crime_pipeline.py for tasks to queue
[2026-05-27T05:03:00.826+0000] {logging_mixin.py:188} INFO - [2026-05-27T05:03:00.826+0000] {dagbag.py:538} INFO - Filling up the DagBag from /opt/airflow/dags/dag_crime_pipeline.py
[2026-05-27T05:03:00.861+0000] {processor.py:840} INFO - DAG(s) 'crime_analytics_pipeline' retrieved from /opt/airflow/dags/dag_crime_pipeline.py
[2026-05-27T05:03:00.893+0000] {logging_mixin.py:188} INFO - [2026-05-27T05:03:00.892+0000] {dag.py:3036} INFO - Sync 1 DAGs
[2026-05-27T05:03:00.947+0000] {processor.py:183} INFO - Processing /opt/airflow/dags/dag_crime_pipeline.py took 0.128 seconds
[2026-05-27T05:03:33.155+0000] {processor.py:161} INFO - Started process (PID=4875) to work on /opt/airflow/dags/dag_crime_pipeline.py
[2026-05-27T05:03:33.156+0000] {processor.py:830} INFO - Processing file /opt/airflow/dags/dag_crime_pipeline.py for tasks to queue
[2026-05-27T05:03:33.159+0000] {logging_mixin.py:188} INFO - [2026-05-27T05:03:33.159+0000] {dagbag.py:538} INFO - Filling up the DagBag from /opt/airflow/dags/dag_crime_pipeline.py
[2026-05-27T05:03:33.193+0000] {processor.py:840} INFO - DAG(s) 'crime_analytics_pipeline' retrieved from /opt/airflow/dags/dag_crime_pipeline.py
[2026-05-27T05:03:33.221+0000] {logging_mixin.py:188} INFO - [2026-05-27T05:03:33.221+0000] {dag.py:3036} INFO - Sync 1 DAGs
[2026-05-27T05:03:33.256+0000] {processor.py:183} INFO - Processing /opt/airflow/dags/dag_crime_pipeline.py took 0.106 seconds
[2026-05-27T05:04:06.321+0000] {processor.py:161} INFO - Started process (PID=4880) to work on /opt/airflow/dags/dag_crime_pipeline.py
[2026-05-27T05:04:06.322+0000] {processor.py:830} INFO - Processing file /opt/airflow/dags/dag_crime_pipeline.py for tasks to queue
[2026-05-27T05:04:06.325+0000] {logging_mixin.py:188} INFO - [2026-05-27T05:04:06.325+0000] {dagbag.py:538} INFO - Filling up the DagBag from /opt/airflow/dags/dag_crime_pipeline.py
[2026-05-27T05:04:06.360+0000] {processor.py:840} INFO - DAG(s) 'crime_analytics_pipeline' retrieved from /opt/airflow/dags/dag_crime_pipeline.py
[2026-05-27T05:04:06.392+0000] {logging_mixin.py:188} INFO - [2026-05-27T05:04:06.392+0000] {dag.py:3036} INFO - Sync 1 DAGs
[2026-05-27T05:04:06.455+0000] {processor.py:183} INFO - Processing /opt/airflow/dags/dag_crime_pipeline.py took 0.139 seconds
[2026-05-27T05:04:39.339+0000] {processor.py:161} INFO - Started process (PID=4885) to work on /opt/airflow/dags/dag_crime_pipeline.py
[2026-05-27T05:04:39.340+0000] {processor.py:830} INFO - Processing file /opt/airflow/dags/dag_crime_pipeline.py for tasks to queue
[2026-05-27T05:04:39.342+0000] {logging_mixin.py:188} INFO - [2026-05-27T05:04:39.341+0000] {dagbag.py:538} INFO - Filling up the DagBag from /opt/airflow/dags/dag_crime_pipeline.py
[2026-05-27T05:04:39.373+0000] {processor.py:840} INFO - DAG(s) 'crime_analytics_pipeline' retrieved from /opt/airflow/dags/dag_crime_pipeline.py
[2026-05-27T05:04:39.400+0000] {logging_mixin.py:188} INFO - [2026-05-27T05:04:39.399+0000] {dag.py:3036} INFO - Sync 1 DAGs
[2026-05-27T05:04:39.454+0000] {processor.py:183} INFO - Processing /opt/airflow/dags/dag_crime_pipeline.py took 0.118 seconds
[2026-05-27T05:05:12.298+0000] {processor.py:161} INFO - Started process (PID=4890) to work on /opt/airflow/dags/dag_crime_pipeline.py
[2026-05-27T05:05:12.299+0000] {processor.py:830} INFO - Processing file /opt/airflow/dags/dag_crime_pipeline.py for tasks to queue
[2026-05-27T05:05:12.303+0000] {logging_mixin.py:188} INFO - [2026-05-27T05:05:12.302+0000] {dagbag.py:538} INFO - Filling up the DagBag from /opt/airflow/dags/dag_crime_pipeline.py
[2026-05-27T05:05:12.343+0000] {processor.py:840} INFO - DAG(s) 'crime_analytics_pipeline' retrieved from /opt/airflow/dags/dag_crime_pipeline.py
[2026-05-27T05:05:12.377+0000] {logging_mixin.py:188} INFO - [2026-05-27T05:05:12.377+0000] {dag.py:3036} INFO - Sync 1 DAGs
[2026-05-27T05:05:12.412+0000] {processor.py:183} INFO - Processing /opt/airflow/dags/dag_crime_pipeline.py took 0.119 seconds
[2026-05-27T05:05:45.471+0000] {processor.py:161} INFO - Started process (PID=4895) to work on /opt/airflow/dags/dag_crime_pipeline.py
[2026-05-27T05:05:45.472+0000] {processor.py:830} INFO - Processing file /opt/airflow/dags/dag_crime_pipeline.py for tasks to queue
[2026-05-27T05:05:45.475+0000] {logging_mixin.py:188} INFO - [2026-05-27T05:05:45.474+0000] {dagbag.py:538} INFO - Filling up the DagBag from /opt/airflow/dags/dag_crime_pipeline.py
[2026-05-27T05:05:45.508+0000] {processor.py:840} INFO - DAG(s) 'crime_analytics_pipeline' retrieved from /opt/airflow/dags/dag_crime_pipeline.py
[2026-05-27T05:05:45.534+0000] {logging_mixin.py:188} INFO - [2026-05-27T05:05:45.533+0000] {dag.py:3036} INFO - Sync 1 DAGs
[2026-05-27T05:05:45.568+0000] {processor.py:183} INFO - Processing /opt/airflow/dags/dag_crime_pipeline.py took 0.100 seconds
[2026-05-27T05:06:17.387+0000] {processor.py:161} INFO - Started process (PID=4900) to work on /opt/airflow/dags/dag_crime_pipeline.py
[2026-05-27T05:06:17.388+0000] {processor.py:830} INFO - Processing file /opt/airflow/dags/dag_crime_pipeline.py for tasks to queue
[2026-05-27T05:06:17.390+0000] {logging_mixin.py:188} INFO - [2026-05-27T05:06:17.390+0000] {dagbag.py:538} INFO - Filling up the DagBag from /opt/airflow/dags/dag_crime_pipeline.py
[2026-05-27T05:06:17.419+0000] {processor.py:840} INFO - DAG(s) 'crime_analytics_pipeline' retrieved from /opt/airflow/dags/dag_crime_pipeline.py
[2026-05-27T05:06:17.446+0000] {logging_mixin.py:188} INFO - [2026-05-27T05:06:17.445+0000] {dag.py:3036} INFO - Sync 1 DAGs
[2026-05-27T05:06:17.480+0000] {processor.py:183} INFO - Processing /opt/airflow/dags/dag_crime_pipeline.py took 0.096 seconds
[2026-05-27T05:06:50.605+0000] {processor.py:161} INFO - Started process (PID=4905) to work on /opt/airflow/dags/dag_crime_pipeline.py
[2026-05-27T05:06:50.606+0000] {processor.py:830} INFO - Processing file /opt/airflow/dags/dag_crime_pipeline.py for tasks to queue
[2026-05-27T05:06:50.609+0000] {logging_mixin.py:188} INFO - [2026-05-27T05:06:50.608+0000] {dagbag.py:538} INFO - Filling up the DagBag from /opt/airflow/dags/dag_crime_pipeline.py
[2026-05-27T05:06:50.639+0000] {processor.py:840} INFO - DAG(s) 'crime_analytics_pipeline' retrieved from /opt/airflow/dags/dag_crime_pipeline.py
[2026-05-27T05:06:50.663+0000] {logging_mixin.py:188} INFO - [2026-05-27T05:06:50.663+0000] {dag.py:3036} INFO - Sync 1 DAGs
[2026-05-27T05:06:50.718+0000] {processor.py:183} INFO - Processing /opt/airflow/dags/dag_crime_pipeline.py took 0.116 seconds
[2026-05-27T05:07:23.543+0000] {processor.py:161} INFO - Started process (PID=4910) to work on /opt/airflow/dags/dag_crime_pipeline.py
[2026-05-27T05:07:23.544+0000] {processor.py:830} INFO - Processing file /opt/airflow/dags/dag_crime_pipeline.py for tasks to queue
[2026-05-27T05:07:23.547+0000] {logging_mixin.py:188} INFO - [2026-05-27T05:07:23.546+0000] {dagbag.py:538} INFO - Filling up the DagBag from /opt/airflow/dags/dag_crime_pipeline.py
[2026-05-27T05:07:23.580+0000] {processor.py:840} INFO - DAG(s) 'crime_analytics_pipeline' retrieved from /opt/airflow/dags/dag_crime_pipeline.py
[2026-05-27T05:07:23.607+0000] {logging_mixin.py:188} INFO - [2026-05-27T05:07:23.606+0000] {dag.py:3036} INFO - Sync 1 DAGs
[2026-05-27T05:07:23.662+0000] {processor.py:183} INFO - Processing /opt/airflow/dags/dag_crime_pipeline.py took 0.123 seconds
[2026-05-27T05:07:55.576+0000] {processor.py:161} INFO - Started process (PID=4915) to work on /opt/airflow/dags/dag_crime_pipeline.py
[2026-05-27T05:07:55.577+0000] {processor.py:830} INFO - Processing file /opt/airflow/dags/dag_crime_pipeline.py for tasks to queue
[2026-05-27T05:07:55.579+0000] {logging_mixin.py:188} INFO - [2026-05-27T05:07:55.578+0000] {dagbag.py:538} INFO - Filling up the DagBag from /opt/airflow/dags/dag_crime_pipeline.py
[2026-05-27T05:07:55.609+0000] {processor.py:840} INFO - DAG(s) 'crime_analytics_pipeline' retrieved from /opt/airflow/dags/dag_crime_pipeline.py
[2026-05-27T05:07:55.639+0000] {logging_mixin.py:188} INFO - [2026-05-27T05:07:55.639+0000] {dag.py:3036} INFO - Sync 1 DAGs
[2026-05-27T05:07:55.674+0000] {processor.py:183} INFO - Processing /opt/airflow/dags/dag_crime_pipeline.py took 0.101 seconds
[2026-05-27T05:08:28.479+0000] {processor.py:161} INFO - Started process (PID=4920) to work on /opt/airflow/dags/dag_crime_pipeline.py
[2026-05-27T05:08:28.480+0000] {processor.py:830} INFO - Processing file /opt/airflow/dags/dag_crime_pipeline.py for tasks to queue
[2026-05-27T05:08:28.483+0000] {logging_mixin.py:188} INFO - [2026-05-27T05:08:28.482+0000] {dagbag.py:538} INFO - Filling up the DagBag from /opt/airflow/dags/dag_crime_pipeline.py
[2026-05-27T05:08:28.514+0000] {processor.py:840} INFO - DAG(s) 'crime_analytics_pipeline' retrieved from /opt/airflow/dags/dag_crime_pipeline.py
[2026-05-27T05:08:28.541+0000] {logging_mixin.py:188} INFO - [2026-05-27T05:08:28.540+0000] {dag.py:3036} INFO - Sync 1 DAGs
[2026-05-27T05:08:28.571+0000] {processor.py:183} INFO - Processing /opt/airflow/dags/dag_crime_pipeline.py took 0.096 seconds
[2026-05-27T05:09:01.259+0000] {processor.py:161} INFO - Started process (PID=4925) to work on /opt/airflow/dags/dag_crime_pipeline.py
[2026-05-27T05:09:01.260+0000] {processor.py:830} INFO - Processing file /opt/airflow/dags/dag_crime_pipeline.py for tasks to queue
[2026-05-27T05:09:01.263+0000] {logging_mixin.py:188} INFO - [2026-05-27T05:09:01.263+0000] {dagbag.py:538} INFO - Filling up the DagBag from /opt/airflow/dags/dag_crime_pipeline.py
[2026-05-27T05:09:01.298+0000] {processor.py:840} INFO - DAG(s) 'crime_analytics_pipeline' retrieved from /opt/airflow/dags/dag_crime_pipeline.py
[2026-05-27T05:09:01.327+0000] {logging_mixin.py:188} INFO - [2026-05-27T05:09:01.327+0000] {dag.py:3036} INFO - Sync 1 DAGs
[2026-05-27T05:09:01.365+0000] {processor.py:183} INFO - Processing /opt/airflow/dags/dag_crime_pipeline.py took 0.110 seconds
[2026-05-27T05:09:33.376+0000] {processor.py:161} INFO - Started process (PID=4930) to work on /opt/airflow/dags/dag_crime_pipeline.py
[2026-05-27T05:09:33.377+0000] {processor.py:830} INFO - Processing file /opt/airflow/dags/dag_crime_pipeline.py for tasks to queue
[2026-05-27T05:09:33.380+0000] {logging_mixin.py:188} INFO - [2026-05-27T05:09:33.380+0000] {dagbag.py:538} INFO - Filling up the DagBag from /opt/airflow/dags/dag_crime_pipeline.py
[2026-05-27T05:09:33.413+0000] {processor.py:840} INFO - DAG(s) 'crime_analytics_pipeline' retrieved from /opt/airflow/dags/dag_crime_pipeline.py
[2026-05-27T05:09:33.440+0000] {logging_mixin.py:188} INFO - [2026-05-27T05:09:33.440+0000] {dag.py:3036} INFO - Sync 1 DAGs
[2026-05-27T05:09:33.499+0000] {processor.py:183} INFO - Processing /opt/airflow/dags/dag_crime_pipeline.py took 0.127 seconds
[2026-05-27T05:10:04.927+0000] {processor.py:161} INFO - Started process (PID=4935) to work on /opt/airflow/dags/dag_crime_pipeline.py
[2026-05-27T05:10:04.928+0000] {processor.py:830} INFO - Processing file /opt/airflow/dags/dag_crime_pipeline.py for tasks to queue
[2026-05-27T05:10:04.931+0000] {logging_mixin.py:188} INFO - [2026-05-27T05:10:04.931+0000] {dagbag.py:538} INFO - Filling up the DagBag from /opt/airflow/dags/dag_crime_pipeline.py
[2026-05-27T05:10:04.968+0000] {processor.py:840} INFO - DAG(s) 'crime_analytics_pipeline' retrieved from /opt/airflow/dags/dag_crime_pipeline.py
[2026-05-27T05:10:04.996+0000] {logging_mixin.py:188} INFO - [2026-05-27T05:10:04.996+0000] {dag.py:3036} INFO - Sync 1 DAGs
[2026-05-27T05:10:05.028+0000] {processor.py:183} INFO - Processing /opt/airflow/dags/dag_crime_pipeline.py took 0.104 seconds
[2026-05-27T05:10:37.215+0000] {processor.py:161} INFO - Started process (PID=4940) to work on /opt/airflow/dags/dag_crime_pipeline.py
[2026-05-27T05:10:37.220+0000] {processor.py:830} INFO - Processing file /opt/airflow/dags/dag_crime_pipeline.py for tasks to queue
[2026-05-27T05:10:37.229+0000] {logging_mixin.py:188} INFO - [2026-05-27T05:10:37.227+0000] {dagbag.py:538} INFO - Filling up the DagBag from /opt/airflow/dags/dag_crime_pipeline.py
[2026-05-27T05:10:37.339+0000] {processor.py:840} INFO - DAG(s) 'crime_analytics_pipeline' retrieved from /opt/airflow/dags/dag_crime_pipeline.py
[2026-05-27T05:10:37.407+0000] {logging_mixin.py:188} INFO - [2026-05-27T05:10:37.406+0000] {dag.py:3036} INFO - Sync 1 DAGs
[2026-05-27T05:10:37.484+0000] {processor.py:183} INFO - Processing /opt/airflow/dags/dag_crime_pipeline.py took 0.289 seconds
[2026-05-27T05:11:08.485+0000] {processor.py:161} INFO - Started process (PID=4945) to work on /opt/airflow/dags/dag_crime_pipeline.py
[2026-05-27T05:11:08.489+0000] {processor.py:830} INFO - Processing file /opt/airflow/dags/dag_crime_pipeline.py for tasks to queue
[2026-05-27T05:11:08.499+0000] {logging_mixin.py:188} INFO - [2026-05-27T05:11:08.497+0000] {dagbag.py:538} INFO - Filling up the DagBag from /opt/airflow/dags/dag_crime_pipeline.py
[2026-05-27T05:11:08.551+0000] {processor.py:840} INFO - DAG(s) 'crime_analytics_pipeline' retrieved from /opt/airflow/dags/dag_crime_pipeline.py
[2026-05-27T05:11:08.625+0000] {logging_mixin.py:188} INFO - [2026-05-27T05:11:08.625+0000] {dag.py:3036} INFO - Sync 1 DAGs
[2026-05-27T05:11:08.711+0000] {processor.py:183} INFO - Processing /opt/airflow/dags/dag_crime_pipeline.py took 0.241 seconds
[2026-05-27T05:11:38.898+0000] {processor.py:161} INFO - Started process (PID=4950) to work on /opt/airflow/dags/dag_crime_pipeline.py
[2026-05-27T05:11:38.899+0000] {processor.py:830} INFO - Processing file /opt/airflow/dags/dag_crime_pipeline.py for tasks to queue
[2026-05-27T05:11:38.902+0000] {logging_mixin.py:188} INFO - [2026-05-27T05:11:38.901+0000] {dagbag.py:538} INFO - Filling up the DagBag from /opt/airflow/dags/dag_crime_pipeline.py
[2026-05-27T05:11:38.935+0000] {processor.py:840} INFO - DAG(s) 'crime_analytics_pipeline' retrieved from /opt/airflow/dags/dag_crime_pipeline.py
[2026-05-27T05:11:38.961+0000] {logging_mixin.py:188} INFO - [2026-05-27T05:11:38.961+0000] {dag.py:3036} INFO - Sync 1 DAGs
[2026-05-27T05:11:39.001+0000] {processor.py:183} INFO - Processing /opt/airflow/dags/dag_crime_pipeline.py took 0.107 seconds
[2026-05-27T05:12:09.688+0000] {processor.py:161} INFO - Started process (PID=4955) to work on /opt/airflow/dags/dag_crime_pipeline.py
[2026-05-27T05:12:09.689+0000] {processor.py:830} INFO - Processing file /opt/airflow/dags/dag_crime_pipeline.py for tasks to queue
[2026-05-27T05:12:09.692+0000] {logging_mixin.py:188} INFO - [2026-05-27T05:12:09.692+0000] {dagbag.py:538} INFO - Filling up the DagBag from /opt/airflow/dags/dag_crime_pipeline.py
[2026-05-27T05:12:09.730+0000] {processor.py:840} INFO - DAG(s) 'crime_analytics_pipeline' retrieved from /opt/airflow/dags/dag_crime_pipeline.py
[2026-05-27T05:12:09.766+0000] {logging_mixin.py:188} INFO - [2026-05-27T05:12:09.765+0000] {dag.py:3036} INFO - Sync 1 DAGs
[2026-05-27T05:12:09.811+0000] {processor.py:183} INFO - Processing /opt/airflow/dags/dag_crime_pipeline.py took 0.127 seconds
[2026-05-27T05:12:40.531+0000] {processor.py:161} INFO - Started process (PID=4960) to work on /opt/airflow/dags/dag_crime_pipeline.py
[2026-05-27T05:12:40.533+0000] {processor.py:830} INFO - Processing file /opt/airflow/dags/dag_crime_pipeline.py for tasks to queue
[2026-05-27T05:12:40.536+0000] {logging_mixin.py:188} INFO - [2026-05-27T05:12:40.535+0000] {dagbag.py:538} INFO - Filling up the DagBag from /opt/airflow/dags/dag_crime_pipeline.py
[2026-05-27T05:12:40.576+0000] {processor.py:840} INFO - DAG(s) 'crime_analytics_pipeline' retrieved from /opt/airflow/dags/dag_crime_pipeline.py
[2026-05-27T05:12:40.610+0000] {logging_mixin.py:188} INFO - [2026-05-27T05:12:40.609+0000] {dag.py:3036} INFO - Sync 1 DAGs
[2026-05-27T05:12:40.697+0000] {processor.py:183} INFO - Processing /opt/airflow/dags/dag_crime_pipeline.py took 0.171 seconds
[2026-05-27T05:13:11.329+0000] {processor.py:161} INFO - Started process (PID=4965) to work on /opt/airflow/dags/dag_crime_pipeline.py
[2026-05-27T05:13:11.330+0000] {processor.py:830} INFO - Processing file /opt/airflow/dags/dag_crime_pipeline.py for tasks to queue
[2026-05-27T05:13:11.333+0000] {logging_mixin.py:188} INFO - [2026-05-27T05:13:11.332+0000] {dagbag.py:538} INFO - Filling up the DagBag from /opt/airflow/dags/dag_crime_pipeline.py
[2026-05-27T05:13:11.369+0000] {processor.py:840} INFO - DAG(s) 'crime_analytics_pipeline' retrieved from /opt/airflow/dags/dag_crime_pipeline.py
[2026-05-27T05:13:11.399+0000] {logging_mixin.py:188} INFO - [2026-05-27T05:13:11.399+0000] {dag.py:3036} INFO - Sync 1 DAGs
[2026-05-27T05:13:11.439+0000] {processor.py:183} INFO - Processing /opt/airflow/dags/dag_crime_pipeline.py took 0.114 seconds
[2026-05-27T05:13:41.955+0000] {processor.py:161} INFO - Started process (PID=4970) to work on /opt/airflow/dags/dag_crime_pipeline.py
[2026-05-27T05:13:41.957+0000] {processor.py:830} INFO - Processing file /opt/airflow/dags/dag_crime_pipeline.py for tasks to queue
[2026-05-27T05:13:41.959+0000] {logging_mixin.py:188} INFO - [2026-05-27T05:13:41.958+0000] {dagbag.py:538} INFO - Filling up the DagBag from /opt/airflow/dags/dag_crime_pipeline.py
[2026-05-27T05:13:41.991+0000] {processor.py:840} INFO - DAG(s) 'crime_analytics_pipeline' retrieved from /opt/airflow/dags/dag_crime_pipeline.py
[2026-05-27T05:13:42.018+0000] {logging_mixin.py:188} INFO - [2026-05-27T05:13:42.018+0000] {dag.py:3036} INFO - Sync 1 DAGs
[2026-05-27T05:13:42.072+0000] {processor.py:183} INFO - Processing /opt/airflow/dags/dag_crime_pipeline.py took 0.119 seconds
[2026-05-27T05:14:12.596+0000] {processor.py:161} INFO - Started process (PID=4975) to work on /opt/airflow/dags/dag_crime_pipeline.py
[2026-05-27T05:14:12.597+0000] {processor.py:830} INFO - Processing file /opt/airflow/dags/dag_crime_pipeline.py for tasks to queue
[2026-05-27T05:14:12.599+0000] {logging_mixin.py:188} INFO - [2026-05-27T05:14:12.599+0000] {dagbag.py:538} INFO - Filling up the DagBag from /opt/airflow/dags/dag_crime_pipeline.py
[2026-05-27T05:14:12.632+0000] {processor.py:840} INFO - DAG(s) 'crime_analytics_pipeline' retrieved from /opt/airflow/dags/dag_crime_pipeline.py
[2026-05-27T05:14:12.659+0000] {logging_mixin.py:188} INFO - [2026-05-27T05:14:12.659+0000] {dag.py:3036} INFO - Sync 1 DAGs
[2026-05-27T05:14:12.702+0000] {processor.py:183} INFO - Processing /opt/airflow/dags/dag_crime_pipeline.py took 0.109 seconds
[2026-05-27T05:14:43.367+0000] {processor.py:161} INFO - Started process (PID=4980) to work on /opt/airflow/dags/dag_crime_pipeline.py
[2026-05-27T05:14:43.370+0000] {processor.py:830} INFO - Processing file /opt/airflow/dags/dag_crime_pipeline.py for tasks to queue
[2026-05-27T05:14:43.373+0000] {logging_mixin.py:188} INFO - [2026-05-27T05:14:43.372+0000] {dagbag.py:538} INFO - Filling up the DagBag from /opt/airflow/dags/dag_crime_pipeline.py
[2026-05-27T05:14:43.412+0000] {processor.py:840} INFO - DAG(s) 'crime_analytics_pipeline' retrieved from /opt/airflow/dags/dag_crime_pipeline.py
[2026-05-27T05:14:43.450+0000] {logging_mixin.py:188} INFO - [2026-05-27T05:14:43.450+0000] {dag.py:3036} INFO - Sync 1 DAGs
[2026-05-27T05:14:43.491+0000] {processor.py:183} INFO - Processing /opt/airflow/dags/dag_crime_pipeline.py took 0.129 seconds
[2026-05-27T05:15:14.025+0000] {processor.py:161} INFO - Started process (PID=4985) to work on /opt/airflow/dags/dag_crime_pipeline.py
[2026-05-27T05:15:14.026+0000] {processor.py:830} INFO - Processing file /opt/airflow/dags/dag_crime_pipeline.py for tasks to queue
[2026-05-27T05:15:14.029+0000] {logging_mixin.py:188} INFO - [2026-05-27T05:15:14.029+0000] {dagbag.py:538} INFO - Filling up the DagBag from /opt/airflow/dags/dag_crime_pipeline.py
[2026-05-27T05:15:14.071+0000] {processor.py:840} INFO - DAG(s) 'crime_analytics_pipeline' retrieved from /opt/airflow/dags/dag_crime_pipeline.py
[2026-05-27T05:15:14.105+0000] {logging_mixin.py:188} INFO - [2026-05-27T05:15:14.105+0000] {dag.py:3036} INFO - Sync 1 DAGs
[2026-05-27T05:15:14.161+0000] {processor.py:183} INFO - Processing /opt/airflow/dags/dag_crime_pipeline.py took 0.139 seconds
[2026-05-27T05:15:44.565+0000] {processor.py:161} INFO - Started process (PID=4990) to work on /opt/airflow/dags/dag_crime_pipeline.py
[2026-05-27T05:15:44.566+0000] {processor.py:830} INFO - Processing file /opt/airflow/dags/dag_crime_pipeline.py for tasks to queue
[2026-05-27T05:15:44.570+0000] {logging_mixin.py:188} INFO - [2026-05-27T05:15:44.569+0000] {dagbag.py:538} INFO - Filling up the DagBag from /opt/airflow/dags/dag_crime_pipeline.py
[2026-05-27T05:15:44.608+0000] {processor.py:840} INFO - DAG(s) 'crime_analytics_pipeline' retrieved from /opt/airflow/dags/dag_crime_pipeline.py
[2026-05-27T05:15:44.645+0000] {logging_mixin.py:188} INFO - [2026-05-27T05:15:44.645+0000] {dag.py:3036} INFO - Sync 1 DAGs
[2026-05-27T05:15:44.709+0000] {processor.py:183} INFO - Processing /opt/airflow/dags/dag_crime_pipeline.py took 0.148 seconds
[2026-05-27T05:16:15.294+0000] {processor.py:161} INFO - Started process (PID=4995) to work on /opt/airflow/dags/dag_crime_pipeline.py
[2026-05-27T05:16:15.295+0000] {processor.py:830} INFO - Processing file /opt/airflow/dags/dag_crime_pipeline.py for tasks to queue
[2026-05-27T05:16:15.298+0000] {logging_mixin.py:188} INFO - [2026-05-27T05:16:15.298+0000] {dagbag.py:538} INFO - Filling up the DagBag from /opt/airflow/dags/dag_crime_pipeline.py
[2026-05-27T05:16:15.335+0000] {processor.py:840} INFO - DAG(s) 'crime_analytics_pipeline' retrieved from /opt/airflow/dags/dag_crime_pipeline.py
[2026-05-27T05:16:15.365+0000] {logging_mixin.py:188} INFO - [2026-05-27T05:16:15.365+0000] {dag.py:3036} INFO - Sync 1 DAGs
[2026-05-27T05:16:15.409+0000] {processor.py:183} INFO - Processing /opt/airflow/dags/dag_crime_pipeline.py took 0.119 seconds
[2026-05-27T05:16:45.991+0000] {processor.py:161} INFO - Started process (PID=5000) to work on /opt/airflow/dags/dag_crime_pipeline.py
[2026-05-27T05:16:45.993+0000] {processor.py:830} INFO - Processing file /opt/airflow/dags/dag_crime_pipeline.py for tasks to queue
[2026-05-27T05:16:45.996+0000] {logging_mixin.py:188} INFO - [2026-05-27T05:16:45.996+0000] {dagbag.py:538} INFO - Filling up the DagBag from /opt/airflow/dags/dag_crime_pipeline.py
[2026-05-27T05:16:46.042+0000] {processor.py:840} INFO - DAG(s) 'crime_analytics_pipeline' retrieved from /opt/airflow/dags/dag_crime_pipeline.py
[2026-05-27T05:16:46.080+0000] {logging_mixin.py:188} INFO - [2026-05-27T05:16:46.079+0000] {dag.py:3036} INFO - Sync 1 DAGs
[2026-05-27T05:16:46.147+0000] {processor.py:183} INFO - Processing /opt/airflow/dags/dag_crime_pipeline.py took 0.161 seconds
[2026-05-27T05:17:16.703+0000] {processor.py:161} INFO - Started process (PID=5005) to work on /opt/airflow/dags/dag_crime_pipeline.py
[2026-05-27T05:17:16.705+0000] {processor.py:830} INFO - Processing file /opt/airflow/dags/dag_crime_pipeline.py for tasks to queue
[2026-05-27T05:17:16.708+0000] {logging_mixin.py:188} INFO - [2026-05-27T05:17:16.707+0000] {dagbag.py:538} INFO - Filling up the DagBag from /opt/airflow/dags/dag_crime_pipeline.py
[2026-05-27T05:17:16.746+0000] {processor.py:840} INFO - DAG(s) 'crime_analytics_pipeline' retrieved from /opt/airflow/dags/dag_crime_pipeline.py
[2026-05-27T05:17:16.778+0000] {logging_mixin.py:188} INFO - [2026-05-27T05:17:16.778+0000] {dag.py:3036} INFO - Sync 1 DAGs
[2026-05-27T05:17:16.821+0000] {processor.py:183} INFO - Processing /opt/airflow/dags/dag_crime_pipeline.py took 0.122 seconds
[2026-05-27T05:17:47.236+0000] {processor.py:161} INFO - Started process (PID=5010) to work on /opt/airflow/dags/dag_crime_pipeline.py
[2026-05-27T05:17:47.238+0000] {processor.py:830} INFO - Processing file /opt/airflow/dags/dag_crime_pipeline.py for tasks to queue
[2026-05-27T05:17:47.241+0000] {logging_mixin.py:188} INFO - [2026-05-27T05:17:47.241+0000] {dagbag.py:538} INFO - Filling up the DagBag from /opt/airflow/dags/dag_crime_pipeline.py
[2026-05-27T05:17:47.283+0000] {processor.py:840} INFO - DAG(s) 'crime_analytics_pipeline' retrieved from /opt/airflow/dags/dag_crime_pipeline.py
[2026-05-27T05:17:47.319+0000] {logging_mixin.py:188} INFO - [2026-05-27T05:17:47.319+0000] {dag.py:3036} INFO - Sync 1 DAGs
[2026-05-27T05:17:47.365+0000] {processor.py:183} INFO - Processing /opt/airflow/dags/dag_crime_pipeline.py took 0.134 seconds
[2026-05-27T05:18:17.805+0000] {processor.py:161} INFO - Started process (PID=5015) to work on /opt/airflow/dags/dag_crime_pipeline.py
[2026-05-27T05:18:17.806+0000] {processor.py:830} INFO - Processing file /opt/airflow/dags/dag_crime_pipeline.py for tasks to queue
[2026-05-27T05:18:17.809+0000] {logging_mixin.py:188} INFO - [2026-05-27T05:18:17.808+0000] {dagbag.py:538} INFO - Filling up the DagBag from /opt/airflow/dags/dag_crime_pipeline.py
[2026-05-27T05:18:17.850+0000] {processor.py:840} INFO - DAG(s) 'crime_analytics_pipeline' retrieved from /opt/airflow/dags/dag_crime_pipeline.py
[2026-05-27T05:18:17.890+0000] {logging_mixin.py:188} INFO - [2026-05-27T05:18:17.890+0000] {dag.py:3036} INFO - Sync 1 DAGs
[2026-05-27T05:18:17.942+0000] {processor.py:183} INFO - Processing /opt/airflow/dags/dag_crime_pipeline.py took 0.142 seconds
[2026-05-27T05:18:48.305+0000] {processor.py:161} INFO - Started process (PID=5020) to work on /opt/airflow/dags/dag_crime_pipeline.py
[2026-05-27T05:18:48.307+0000] {processor.py:830} INFO - Processing file /opt/airflow/dags/dag_crime_pipeline.py for tasks to queue
[2026-05-27T05:18:48.310+0000] {logging_mixin.py:188} INFO - [2026-05-27T05:18:48.309+0000] {dagbag.py:538} INFO - Filling up the DagBag from /opt/airflow/dags/dag_crime_pipeline.py
[2026-05-27T05:18:48.349+0000] {processor.py:840} INFO - DAG(s) 'crime_analytics_pipeline' retrieved from /opt/airflow/dags/dag_crime_pipeline.py
[2026-05-27T05:18:48.389+0000] {logging_mixin.py:188} INFO - [2026-05-27T05:18:48.388+0000] {dag.py:3036} INFO - Sync 1 DAGs
[2026-05-27T05:18:48.457+0000] {processor.py:183} INFO - Processing /opt/airflow/dags/dag_crime_pipeline.py took 0.157 seconds
[2026-05-27T05:19:18.787+0000] {processor.py:161} INFO - Started process (PID=5025) to work on /opt/airflow/dags/dag_crime_pipeline.py
[2026-05-27T05:19:18.789+0000] {processor.py:830} INFO - Processing file /opt/airflow/dags/dag_crime_pipeline.py for tasks to queue
[2026-05-27T05:19:18.793+0000] {logging_mixin.py:188} INFO - [2026-05-27T05:19:18.792+0000] {dagbag.py:538} INFO - Filling up the DagBag from /opt/airflow/dags/dag_crime_pipeline.py
[2026-05-27T05:19:18.838+0000] {processor.py:840} INFO - DAG(s) 'crime_analytics_pipeline' retrieved from /opt/airflow/dags/dag_crime_pipeline.py
[2026-05-27T05:19:18.875+0000] {logging_mixin.py:188} INFO - [2026-05-27T05:19:18.875+0000] {dag.py:3036} INFO - Sync 1 DAGs
[2026-05-27T05:19:18.939+0000] {processor.py:183} INFO - Processing /opt/airflow/dags/dag_crime_pipeline.py took 0.159 seconds
[2026-05-27T05:19:49.228+0000] {processor.py:161} INFO - Started process (PID=5030) to work on /opt/airflow/dags/dag_crime_pipeline.py
[2026-05-27T05:19:49.230+0000] {processor.py:830} INFO - Processing file /opt/airflow/dags/dag_crime_pipeline.py for tasks to queue
[2026-05-27T05:19:49.233+0000] {logging_mixin.py:188} INFO - [2026-05-27T05:19:49.232+0000] {dagbag.py:538} INFO - Filling up the DagBag from /opt/airflow/dags/dag_crime_pipeline.py
[2026-05-27T05:19:49.275+0000] {processor.py:840} INFO - DAG(s) 'crime_analytics_pipeline' retrieved from /opt/airflow/dags/dag_crime_pipeline.py
[2026-05-27T05:19:49.319+0000] {logging_mixin.py:188} INFO - [2026-05-27T05:19:49.318+0000] {dag.py:3036} INFO - Sync 1 DAGs
[2026-05-27T05:19:49.366+0000] {processor.py:183} INFO - Processing /opt/airflow/dags/dag_crime_pipeline.py took 0.143 seconds
[2026-05-27T05:20:19.815+0000] {processor.py:161} INFO - Started process (PID=5035) to work on /opt/airflow/dags/dag_crime_pipeline.py
[2026-05-27T05:20:19.816+0000] {processor.py:830} INFO - Processing file /opt/airflow/dags/dag_crime_pipeline.py for tasks to queue
[2026-05-27T05:20:19.819+0000] {logging_mixin.py:188} INFO - [2026-05-27T05:20:19.819+0000] {dagbag.py:538} INFO - Filling up the DagBag from /opt/airflow/dags/dag_crime_pipeline.py
[2026-05-27T05:20:19.858+0000] {processor.py:840} INFO - DAG(s) 'crime_analytics_pipeline' retrieved from /opt/airflow/dags/dag_crime_pipeline.py
[2026-05-27T05:20:19.889+0000] {logging_mixin.py:188} INFO - [2026-05-27T05:20:19.889+0000] {dag.py:3036} INFO - Sync 1 DAGs
[2026-05-27T05:20:19.930+0000] {processor.py:183} INFO - Processing /opt/airflow/dags/dag_crime_pipeline.py took 0.120 seconds
[2026-05-27T05:20:50.211+0000] {processor.py:161} INFO - Started process (PID=5040) to work on /opt/airflow/dags/dag_crime_pipeline.py
[2026-05-27T05:20:50.213+0000] {processor.py:830} INFO - Processing file /opt/airflow/dags/dag_crime_pipeline.py for tasks to queue
[2026-05-27T05:20:50.216+0000] {logging_mixin.py:188} INFO - [2026-05-27T05:20:50.215+0000] {dagbag.py:538} INFO - Filling up the DagBag from /opt/airflow/dags/dag_crime_pipeline.py
[2026-05-27T05:20:50.255+0000] {processor.py:840} INFO - DAG(s) 'crime_analytics_pipeline' retrieved from /opt/airflow/dags/dag_crime_pipeline.py
[2026-05-27T05:20:50.291+0000] {logging_mixin.py:188} INFO - [2026-05-27T05:20:50.291+0000] {dag.py:3036} INFO - Sync 1 DAGs
[2026-05-27T05:20:50.335+0000] {processor.py:183} INFO - Processing /opt/airflow/dags/dag_crime_pipeline.py took 0.129 seconds
[2026-05-27T05:21:20.647+0000] {processor.py:161} INFO - Started process (PID=5045) to work on /opt/airflow/dags/dag_crime_pipeline.py
[2026-05-27T05:21:20.648+0000] {processor.py:830} INFO - Processing file /opt/airflow/dags/dag_crime_pipeline.py for tasks to queue
[2026-05-27T05:21:20.651+0000] {logging_mixin.py:188} INFO - [2026-05-27T05:21:20.650+0000] {dagbag.py:538} INFO - Filling up the DagBag from /opt/airflow/dags/dag_crime_pipeline.py
[2026-05-27T05:21:20.695+0000] {processor.py:840} INFO - DAG(s) 'crime_analytics_pipeline' retrieved from /opt/airflow/dags/dag_crime_pipeline.py
[2026-05-27T05:21:20.731+0000] {logging_mixin.py:188} INFO - [2026-05-27T05:21:20.730+0000] {dag.py:3036} INFO - Sync 1 DAGs
[2026-05-27T05:21:20.775+0000] {processor.py:183} INFO - Processing /opt/airflow/dags/dag_crime_pipeline.py took 0.132 seconds
[2026-05-27T05:21:51.043+0000] {processor.py:161} INFO - Started process (PID=5050) to work on /opt/airflow/dags/dag_crime_pipeline.py
[2026-05-27T05:21:51.045+0000] {processor.py:830} INFO - Processing file /opt/airflow/dags/dag_crime_pipeline.py for tasks to queue
[2026-05-27T05:21:51.048+0000] {logging_mixin.py:188} INFO - [2026-05-27T05:21:51.047+0000] {dagbag.py:538} INFO - Filling up the DagBag from /opt/airflow/dags/dag_crime_pipeline.py
[2026-05-27T05:21:51.090+0000] {processor.py:840} INFO - DAG(s) 'crime_analytics_pipeline' retrieved from /opt/airflow/dags/dag_crime_pipeline.py
[2026-05-27T05:21:51.131+0000] {logging_mixin.py:188} INFO - [2026-05-27T05:21:51.131+0000] {dag.py:3036} INFO - Sync 1 DAGs
[2026-05-27T05:21:51.194+0000] {processor.py:183} INFO - Processing /opt/airflow/dags/dag_crime_pipeline.py took 0.156 seconds
[2026-05-27T05:22:21.549+0000] {processor.py:161} INFO - Started process (PID=5055) to work on /opt/airflow/dags/dag_crime_pipeline.py
[2026-05-27T05:22:21.550+0000] {processor.py:830} INFO - Processing file /opt/airflow/dags/dag_crime_pipeline.py for tasks to queue
[2026-05-27T05:22:21.554+0000] {logging_mixin.py:188} INFO - [2026-05-27T05:22:21.553+0000] {dagbag.py:538} INFO - Filling up the DagBag from /opt/airflow/dags/dag_crime_pipeline.py
[2026-05-27T05:22:21.599+0000] {processor.py:840} INFO - DAG(s) 'crime_analytics_pipeline' retrieved from /opt/airflow/dags/dag_crime_pipeline.py
[2026-05-27T05:22:21.638+0000] {logging_mixin.py:188} INFO - [2026-05-27T05:22:21.638+0000] {dag.py:3036} INFO - Sync 1 DAGs
[2026-05-27T05:22:21.705+0000] {processor.py:183} INFO - Processing /opt/airflow/dags/dag_crime_pipeline.py took 0.160 seconds
[2026-05-27T05:22:51.928+0000] {processor.py:161} INFO - Started process (PID=5060) to work on /opt/airflow/dags/dag_crime_pipeline.py
[2026-05-27T05:22:51.930+0000] {processor.py:830} INFO - Processing file /opt/airflow/dags/dag_crime_pipeline.py for tasks to queue
[2026-05-27T05:22:51.934+0000] {logging_mixin.py:188} INFO - [2026-05-27T05:22:51.933+0000] {dagbag.py:538} INFO - Filling up the DagBag from /opt/airflow/dags/dag_crime_pipeline.py
[2026-05-27T05:22:51.979+0000] {processor.py:840} INFO - DAG(s) 'crime_analytics_pipeline' retrieved from /opt/airflow/dags/dag_crime_pipeline.py
[2026-05-27T05:22:52.018+0000] {logging_mixin.py:188} INFO - [2026-05-27T05:22:52.017+0000] {dag.py:3036} INFO - Sync 1 DAGs
[2026-05-27T05:22:52.060+0000] {processor.py:183} INFO - Processing /opt/airflow/dags/dag_crime_pipeline.py took 0.137 seconds
[2026-05-27T05:23:22.356+0000] {processor.py:161} INFO - Started process (PID=5065) to work on /opt/airflow/dags/dag_crime_pipeline.py
[2026-05-27T05:23:22.357+0000] {processor.py:830} INFO - Processing file /opt/airflow/dags/dag_crime_pipeline.py for tasks to queue
[2026-05-27T05:23:22.361+0000] {logging_mixin.py:188} INFO - [2026-05-27T05:23:22.360+0000] {dagbag.py:538} INFO - Filling up the DagBag from /opt/airflow/dags/dag_crime_pipeline.py
[2026-05-27T05:23:22.404+0000] {processor.py:840} INFO - DAG(s) 'crime_analytics_pipeline' retrieved from /opt/airflow/dags/dag_crime_pipeline.py
[2026-05-27T05:23:22.449+0000] {logging_mixin.py:188} INFO - [2026-05-27T05:23:22.448+0000] {dag.py:3036} INFO - Sync 1 DAGs
[2026-05-27T05:23:22.525+0000] {processor.py:183} INFO - Processing /opt/airflow/dags/dag_crime_pipeline.py took 0.173 seconds
[2026-05-27T05:23:52.674+0000] {processor.py:161} INFO - Started process (PID=5070) to work on /opt/airflow/dags/dag_crime_pipeline.py
[2026-05-27T05:23:52.676+0000] {processor.py:830} INFO - Processing file /opt/airflow/dags/dag_crime_pipeline.py for tasks to queue
[2026-05-27T05:23:52.679+0000] {logging_mixin.py:188} INFO - [2026-05-27T05:23:52.678+0000] {dagbag.py:538} INFO - Filling up the DagBag from /opt/airflow/dags/dag_crime_pipeline.py
[2026-05-27T05:23:52.721+0000] {processor.py:840} INFO - DAG(s) 'crime_analytics_pipeline' retrieved from /opt/airflow/dags/dag_crime_pipeline.py
[2026-05-27T05:23:52.757+0000] {logging_mixin.py:188} INFO - [2026-05-27T05:23:52.757+0000] {dag.py:3036} INFO - Sync 1 DAGs
[2026-05-27T05:23:52.816+0000] {processor.py:183} INFO - Processing /opt/airflow/dags/dag_crime_pipeline.py took 0.146 seconds
[2026-05-27T05:24:23.151+0000] {processor.py:161} INFO - Started process (PID=5075) to work on /opt/airflow/dags/dag_crime_pipeline.py
[2026-05-27T05:24:23.153+0000] {processor.py:830} INFO - Processing file /opt/airflow/dags/dag_crime_pipeline.py for tasks to queue
[2026-05-27T05:24:23.157+0000] {logging_mixin.py:188} INFO - [2026-05-27T05:24:23.156+0000] {dagbag.py:538} INFO - Filling up the DagBag from /opt/airflow/dags/dag_crime_pipeline.py
[2026-05-27T05:24:23.201+0000] {processor.py:840} INFO - DAG(s) 'crime_analytics_pipeline' retrieved from /opt/airflow/dags/dag_crime_pipeline.py
[2026-05-27T05:24:23.239+0000] {logging_mixin.py:188} INFO - [2026-05-27T05:24:23.238+0000] {dag.py:3036} INFO - Sync 1 DAGs
[2026-05-27T05:24:23.286+0000] {processor.py:183} INFO - Processing /opt/airflow/dags/dag_crime_pipeline.py took 0.139 seconds
[2026-05-27T05:24:53.459+0000] {processor.py:161} INFO - Started process (PID=5080) to work on /opt/airflow/dags/dag_crime_pipeline.py
[2026-05-27T05:24:53.460+0000] {processor.py:830} INFO - Processing file /opt/airflow/dags/dag_crime_pipeline.py for tasks to queue
[2026-05-27T05:24:53.464+0000] {logging_mixin.py:188} INFO - [2026-05-27T05:24:53.463+0000] {dagbag.py:538} INFO - Filling up the DagBag from /opt/airflow/dags/dag_crime_pipeline.py
[2026-05-27T05:24:53.502+0000] {processor.py:840} INFO - DAG(s) 'crime_analytics_pipeline' retrieved from /opt/airflow/dags/dag_crime_pipeline.py
[2026-05-27T05:24:53.536+0000] {logging_mixin.py:188} INFO - [2026-05-27T05:24:53.536+0000] {dag.py:3036} INFO - Sync 1 DAGs
[2026-05-27T05:24:53.597+0000] {processor.py:183} INFO - Processing /opt/airflow/dags/dag_crime_pipeline.py took 0.143 seconds
[2026-05-27T05:25:23.930+0000] {processor.py:161} INFO - Started process (PID=5085) to work on /opt/airflow/dags/dag_crime_pipeline.py
[2026-05-27T05:25:23.931+0000] {processor.py:830} INFO - Processing file /opt/airflow/dags/dag_crime_pipeline.py for tasks to queue
[2026-05-27T05:25:23.935+0000] {logging_mixin.py:188} INFO - [2026-05-27T05:25:23.934+0000] {dagbag.py:538} INFO - Filling up the DagBag from /opt/airflow/dags/dag_crime_pipeline.py
[2026-05-27T05:25:23.985+0000] {processor.py:840} INFO - DAG(s) 'crime_analytics_pipeline' retrieved from /opt/airflow/dags/dag_crime_pipeline.py
[2026-05-27T05:25:24.018+0000] {logging_mixin.py:188} INFO - [2026-05-27T05:25:24.018+0000] {dag.py:3036} INFO - Sync 1 DAGs
[2026-05-27T05:25:24.056+0000] {processor.py:183} INFO - Processing /opt/airflow/dags/dag_crime_pipeline.py took 0.130 seconds
[2026-05-27T05:25:54.211+0000] {processor.py:161} INFO - Started process (PID=5090) to work on /opt/airflow/dags/dag_crime_pipeline.py
[2026-05-27T05:25:54.213+0000] {processor.py:830} INFO - Processing file /opt/airflow/dags/dag_crime_pipeline.py for tasks to queue
[2026-05-27T05:25:54.216+0000] {logging_mixin.py:188} INFO - [2026-05-27T05:25:54.215+0000] {dagbag.py:538} INFO - Filling up the DagBag from /opt/airflow/dags/dag_crime_pipeline.py
[2026-05-27T05:25:54.254+0000] {processor.py:840} INFO - DAG(s) 'crime_analytics_pipeline' retrieved from /opt/airflow/dags/dag_crime_pipeline.py
[2026-05-27T05:25:54.294+0000] {logging_mixin.py:188} INFO - [2026-05-27T05:25:54.293+0000] {dag.py:3036} INFO - Sync 1 DAGs
[2026-05-27T05:25:54.358+0000] {processor.py:183} INFO - Processing /opt/airflow/dags/dag_crime_pipeline.py took 0.151 seconds
[2026-05-27T05:26:24.624+0000] {processor.py:161} INFO - Started process (PID=5095) to work on /opt/airflow/dags/dag_crime_pipeline.py
[2026-05-27T05:26:24.626+0000] {processor.py:830} INFO - Processing file /opt/airflow/dags/dag_crime_pipeline.py for tasks to queue
[2026-05-27T05:26:24.629+0000] {logging_mixin.py:188} INFO - [2026-05-27T05:26:24.628+0000] {dagbag.py:538} INFO - Filling up the DagBag from /opt/airflow/dags/dag_crime_pipeline.py
[2026-05-27T05:26:24.666+0000] {processor.py:840} INFO - DAG(s) 'crime_analytics_pipeline' retrieved from /opt/airflow/dags/dag_crime_pipeline.py
[2026-05-27T05:26:24.700+0000] {logging_mixin.py:188} INFO - [2026-05-27T05:26:24.699+0000] {dag.py:3036} INFO - Sync 1 DAGs
[2026-05-27T05:26:24.738+0000] {processor.py:183} INFO - Processing /opt/airflow/dags/dag_crime_pipeline.py took 0.118 seconds
[2026-05-27T05:26:54.901+0000] {processor.py:161} INFO - Started process (PID=5100) to work on /opt/airflow/dags/dag_crime_pipeline.py
[2026-05-27T05:26:54.903+0000] {processor.py:830} INFO - Processing file /opt/airflow/dags/dag_crime_pipeline.py for tasks to queue
[2026-05-27T05:26:54.905+0000] {logging_mixin.py:188} INFO - [2026-05-27T05:26:54.905+0000] {dagbag.py:538} INFO - Filling up the DagBag from /opt/airflow/dags/dag_crime_pipeline.py
[2026-05-27T05:26:54.942+0000] {processor.py:840} INFO - DAG(s) 'crime_analytics_pipeline' retrieved from /opt/airflow/dags/dag_crime_pipeline.py
[2026-05-27T05:26:54.974+0000] {logging_mixin.py:188} INFO - [2026-05-27T05:26:54.974+0000] {dag.py:3036} INFO - Sync 1 DAGs
[2026-05-27T05:26:55.018+0000] {processor.py:183} INFO - Processing /opt/airflow/dags/dag_crime_pipeline.py took 0.121 seconds
[2026-05-27T05:27:25.375+0000] {processor.py:161} INFO - Started process (PID=5105) to work on /opt/airflow/dags/dag_crime_pipeline.py
[2026-05-27T05:27:25.376+0000] {processor.py:830} INFO - Processing file /opt/airflow/dags/dag_crime_pipeline.py for tasks to queue
[2026-05-27T05:27:25.379+0000] {logging_mixin.py:188} INFO - [2026-05-27T05:27:25.379+0000] {dagbag.py:538} INFO - Filling up the DagBag from /opt/airflow/dags/dag_crime_pipeline.py
[2026-05-27T05:27:25.426+0000] {processor.py:840} INFO - DAG(s) 'crime_analytics_pipeline' retrieved from /opt/airflow/dags/dag_crime_pipeline.py
[2026-05-27T05:27:25.465+0000] {logging_mixin.py:188} INFO - [2026-05-27T05:27:25.464+0000] {dag.py:3036} INFO - Sync 1 DAGs
[2026-05-27T05:27:25.533+0000] {processor.py:183} INFO - Processing /opt/airflow/dags/dag_crime_pipeline.py took 0.163 seconds
[2026-05-27T05:27:55.640+0000] {processor.py:161} INFO - Started process (PID=5110) to work on /opt/airflow/dags/dag_crime_pipeline.py
[2026-05-27T05:27:55.644+0000] {processor.py:830} INFO - Processing file /opt/airflow/dags/dag_crime_pipeline.py for tasks to queue
[2026-05-27T05:27:55.650+0000] {logging_mixin.py:188} INFO - [2026-05-27T05:27:55.649+0000] {dagbag.py:538} INFO - Filling up the DagBag from /opt/airflow/dags/dag_crime_pipeline.py
[2026-05-27T05:27:55.691+0000] {processor.py:840} INFO - DAG(s) 'crime_analytics_pipeline' retrieved from /opt/airflow/dags/dag_crime_pipeline.py
[2026-05-27T05:27:55.726+0000] {logging_mixin.py:188} INFO - [2026-05-27T05:27:55.725+0000] {dag.py:3036} INFO - Sync 1 DAGs
[2026-05-27T05:27:55.797+0000] {processor.py:183} INFO - Processing /opt/airflow/dags/dag_crime_pipeline.py took 0.162 seconds
[2026-05-27T05:28:26.073+0000] {processor.py:161} INFO - Started process (PID=5115) to work on /opt/airflow/dags/dag_crime_pipeline.py
[2026-05-27T05:28:26.075+0000] {processor.py:830} INFO - Processing file /opt/airflow/dags/dag_crime_pipeline.py for tasks to queue
[2026-05-27T05:28:26.077+0000] {logging_mixin.py:188} INFO - [2026-05-27T05:28:26.077+0000] {dagbag.py:538} INFO - Filling up the DagBag from /opt/airflow/dags/dag_crime_pipeline.py
[2026-05-27T05:28:26.116+0000] {processor.py:840} INFO - DAG(s) 'crime_analytics_pipeline' retrieved from /opt/airflow/dags/dag_crime_pipeline.py
[2026-05-27T05:28:26.148+0000] {logging_mixin.py:188} INFO - [2026-05-27T05:28:26.148+0000] {dag.py:3036} INFO - Sync 1 DAGs
[2026-05-27T05:28:26.197+0000] {processor.py:183} INFO - Processing /opt/airflow/dags/dag_crime_pipeline.py took 0.128 seconds
[2026-05-27T05:28:56.362+0000] {processor.py:161} INFO - Started process (PID=5120) to work on /opt/airflow/dags/dag_crime_pipeline.py
[2026-05-27T05:28:56.364+0000] {processor.py:830} INFO - Processing file /opt/airflow/dags/dag_crime_pipeline.py for tasks to queue
[2026-05-27T05:28:56.366+0000] {logging_mixin.py:188} INFO - [2026-05-27T05:28:56.366+0000] {dagbag.py:538} INFO - Filling up the DagBag from /opt/airflow/dags/dag_crime_pipeline.py
[2026-05-27T05:28:56.406+0000] {processor.py:840} INFO - DAG(s) 'crime_analytics_pipeline' retrieved from /opt/airflow/dags/dag_crime_pipeline.py
[2026-05-27T05:28:56.444+0000] {logging_mixin.py:188} INFO - [2026-05-27T05:28:56.443+0000] {dag.py:3036} INFO - Sync 1 DAGs
[2026-05-27T05:28:56.487+0000] {processor.py:183} INFO - Processing /opt/airflow/dags/dag_crime_pipeline.py took 0.130 seconds
[2026-05-27T05:29:26.714+0000] {processor.py:161} INFO - Started process (PID=5125) to work on /opt/airflow/dags/dag_crime_pipeline.py
[2026-05-27T05:29:26.716+0000] {processor.py:830} INFO - Processing file /opt/airflow/dags/dag_crime_pipeline.py for tasks to queue
[2026-05-27T05:29:26.719+0000] {logging_mixin.py:188} INFO - [2026-05-27T05:29:26.719+0000] {dagbag.py:538} INFO - Filling up the DagBag from /opt/airflow/dags/dag_crime_pipeline.py
[2026-05-27T05:29:26.758+0000] {processor.py:840} INFO - DAG(s) 'crime_analytics_pipeline' retrieved from /opt/airflow/dags/dag_crime_pipeline.py
[2026-05-27T05:29:26.796+0000] {logging_mixin.py:188} INFO - [2026-05-27T05:29:26.795+0000] {dag.py:3036} INFO - Sync 1 DAGs
[2026-05-27T05:29:26.854+0000] {processor.py:183} INFO - Processing /opt/airflow/dags/dag_crime_pipeline.py took 0.144 seconds
[2026-05-27T05:29:57.006+0000] {processor.py:161} INFO - Started process (PID=5130) to work on /opt/airflow/dags/dag_crime_pipeline.py
[2026-05-27T05:29:57.007+0000] {processor.py:830} INFO - Processing file /opt/airflow/dags/dag_crime_pipeline.py for tasks to queue
[2026-05-27T05:29:57.011+0000] {logging_mixin.py:188} INFO - [2026-05-27T05:29:57.010+0000] {dagbag.py:538} INFO - Filling up the DagBag from /opt/airflow/dags/dag_crime_pipeline.py
[2026-05-27T05:29:57.058+0000] {processor.py:840} INFO - DAG(s) 'crime_analytics_pipeline' retrieved from /opt/airflow/dags/dag_crime_pipeline.py
[2026-05-27T05:29:57.096+0000] {logging_mixin.py:188} INFO - [2026-05-27T05:29:57.096+0000] {dag.py:3036} INFO - Sync 1 DAGs
[2026-05-27T05:29:57.140+0000] {processor.py:183} INFO - Processing /opt/airflow/dags/dag_crime_pipeline.py took 0.139 seconds
[2026-05-27T05:30:27.437+0000] {processor.py:161} INFO - Started process (PID=5135) to work on /opt/airflow/dags/dag_crime_pipeline.py
[2026-05-27T05:30:27.439+0000] {processor.py:830} INFO - Processing file /opt/airflow/dags/dag_crime_pipeline.py for tasks to queue
[2026-05-27T05:30:27.442+0000] {logging_mixin.py:188} INFO - [2026-05-27T05:30:27.441+0000] {dagbag.py:538} INFO - Filling up the DagBag from /opt/airflow/dags/dag_crime_pipeline.py
[2026-05-27T05:30:27.482+0000] {processor.py:840} INFO - DAG(s) 'crime_analytics_pipeline' retrieved from /opt/airflow/dags/dag_crime_pipeline.py
[2026-05-27T05:30:27.518+0000] {logging_mixin.py:188} INFO - [2026-05-27T05:30:27.518+0000] {dag.py:3036} INFO - Sync 1 DAGs
[2026-05-27T05:30:27.564+0000] {processor.py:183} INFO - Processing /opt/airflow/dags/dag_crime_pipeline.py took 0.131 seconds
[2026-05-27T05:30:57.707+0000] {processor.py:161} INFO - Started process (PID=5140) to work on /opt/airflow/dags/dag_crime_pipeline.py
[2026-05-27T05:30:57.708+0000] {processor.py:830} INFO - Processing file /opt/airflow/dags/dag_crime_pipeline.py for tasks to queue
[2026-05-27T05:30:57.711+0000] {logging_mixin.py:188} INFO - [2026-05-27T05:30:57.711+0000] {dagbag.py:538} INFO - Filling up the DagBag from /opt/airflow/dags/dag_crime_pipeline.py
[2026-05-27T05:30:57.755+0000] {processor.py:840} INFO - DAG(s) 'crime_analytics_pipeline' retrieved from /opt/airflow/dags/dag_crime_pipeline.py
[2026-05-27T05:30:57.787+0000] {logging_mixin.py:188} INFO - [2026-05-27T05:30:57.787+0000] {dag.py:3036} INFO - Sync 1 DAGs
[2026-05-27T05:30:57.840+0000] {processor.py:183} INFO - Processing /opt/airflow/dags/dag_crime_pipeline.py took 0.138 seconds
[2026-05-27T05:31:28.103+0000] {processor.py:161} INFO - Started process (PID=5145) to work on /opt/airflow/dags/dag_crime_pipeline.py
[2026-05-27T05:31:28.104+0000] {processor.py:830} INFO - Processing file /opt/airflow/dags/dag_crime_pipeline.py for tasks to queue
[2026-05-27T05:31:28.107+0000] {logging_mixin.py:188} INFO - [2026-05-27T05:31:28.107+0000] {dagbag.py:538} INFO - Filling up the DagBag from /opt/airflow/dags/dag_crime_pipeline.py
[2026-05-27T05:31:28.147+0000] {processor.py:840} INFO - DAG(s) 'crime_analytics_pipeline' retrieved from /opt/airflow/dags/dag_crime_pipeline.py
[2026-05-27T05:31:28.180+0000] {logging_mixin.py:188} INFO - [2026-05-27T05:31:28.180+0000] {dag.py:3036} INFO - Sync 1 DAGs
[2026-05-27T05:31:28.246+0000] {processor.py:183} INFO - Processing /opt/airflow/dags/dag_crime_pipeline.py took 0.147 seconds
[2026-05-27T05:31:58.437+0000] {processor.py:161} INFO - Started process (PID=5150) to work on /opt/airflow/dags/dag_crime_pipeline.py
[2026-05-27T05:31:58.439+0000] {processor.py:830} INFO - Processing file /opt/airflow/dags/dag_crime_pipeline.py for tasks to queue
[2026-05-27T05:31:58.442+0000] {logging_mixin.py:188} INFO - [2026-05-27T05:31:58.441+0000] {dagbag.py:538} INFO - Filling up the DagBag from /opt/airflow/dags/dag_crime_pipeline.py
[2026-05-27T05:31:58.483+0000] {processor.py:840} INFO - DAG(s) 'crime_analytics_pipeline' retrieved from /opt/airflow/dags/dag_crime_pipeline.py
[2026-05-27T05:31:58.521+0000] {logging_mixin.py:188} INFO - [2026-05-27T05:31:58.520+0000] {dag.py:3036} INFO - Sync 1 DAGs
[2026-05-27T05:31:58.577+0000] {processor.py:183} INFO - Processing /opt/airflow/dags/dag_crime_pipeline.py took 0.144 seconds
[2026-05-27T05:32:28.777+0000] {processor.py:161} INFO - Started process (PID=5155) to work on /opt/airflow/dags/dag_crime_pipeline.py
[2026-05-27T05:32:28.779+0000] {processor.py:830} INFO - Processing file /opt/airflow/dags/dag_crime_pipeline.py for tasks to queue
[2026-05-27T05:32:28.782+0000] {logging_mixin.py:188} INFO - [2026-05-27T05:32:28.781+0000] {dagbag.py:538} INFO - Filling up the DagBag from /opt/airflow/dags/dag_crime_pipeline.py
[2026-05-27T05:32:28.822+0000] {processor.py:840} INFO - DAG(s) 'crime_analytics_pipeline' retrieved from /opt/airflow/dags/dag_crime_pipeline.py
[2026-05-27T05:32:28.858+0000] {logging_mixin.py:188} INFO - [2026-05-27T05:32:28.858+0000] {dag.py:3036} INFO - Sync 1 DAGs
[2026-05-27T05:32:28.901+0000] {processor.py:183} INFO - Processing /opt/airflow/dags/dag_crime_pipeline.py took 0.128 seconds
[2026-05-27T05:32:59.095+0000] {processor.py:161} INFO - Started process (PID=5160) to work on /opt/airflow/dags/dag_crime_pipeline.py
[2026-05-27T05:32:59.096+0000] {processor.py:830} INFO - Processing file /opt/airflow/dags/dag_crime_pipeline.py for tasks to queue
[2026-05-27T05:32:59.099+0000] {logging_mixin.py:188} INFO - [2026-05-27T05:32:59.099+0000] {dagbag.py:538} INFO - Filling up the DagBag from /opt/airflow/dags/dag_crime_pipeline.py
[2026-05-27T05:32:59.138+0000] {processor.py:840} INFO - DAG(s) 'crime_analytics_pipeline' retrieved from /opt/airflow/dags/dag_crime_pipeline.py
[2026-05-27T05:32:59.171+0000] {logging_mixin.py:188} INFO - [2026-05-27T05:32:59.171+0000] {dag.py:3036} INFO - Sync 1 DAGs
[2026-05-27T05:32:59.222+0000] {processor.py:183} INFO - Processing /opt/airflow/dags/dag_crime_pipeline.py took 0.132 seconds
[2026-05-27T05:33:29.425+0000] {processor.py:161} INFO - Started process (PID=5165) to work on /opt/airflow/dags/dag_crime_pipeline.py
[2026-05-27T05:33:29.427+0000] {processor.py:830} INFO - Processing file /opt/airflow/dags/dag_crime_pipeline.py for tasks to queue
[2026-05-27T05:33:29.430+0000] {logging_mixin.py:188} INFO - [2026-05-27T05:33:29.430+0000] {dagbag.py:538} INFO - Filling up the DagBag from /opt/airflow/dags/dag_crime_pipeline.py
[2026-05-27T05:33:29.472+0000] {processor.py:840} INFO - DAG(s) 'crime_analytics_pipeline' retrieved from /opt/airflow/dags/dag_crime_pipeline.py
[2026-05-27T05:33:29.513+0000] {logging_mixin.py:188} INFO - [2026-05-27T05:33:29.513+0000] {dag.py:3036} INFO - Sync 1 DAGs
[2026-05-27T05:33:29.578+0000] {processor.py:183} INFO - Processing /opt/airflow/dags/dag_crime_pipeline.py took 0.157 seconds
[2026-05-27T05:33:59.807+0000] {processor.py:161} INFO - Started process (PID=5170) to work on /opt/airflow/dags/dag_crime_pipeline.py
[2026-05-27T05:33:59.809+0000] {processor.py:830} INFO - Processing file /opt/airflow/dags/dag_crime_pipeline.py for tasks to queue
[2026-05-27T05:33:59.811+0000] {logging_mixin.py:188} INFO - [2026-05-27T05:33:59.811+0000] {dagbag.py:538} INFO - Filling up the DagBag from /opt/airflow/dags/dag_crime_pipeline.py
[2026-05-27T05:33:59.853+0000] {processor.py:840} INFO - DAG(s) 'crime_analytics_pipeline' retrieved from /opt/airflow/dags/dag_crime_pipeline.py
[2026-05-27T05:33:59.895+0000] {logging_mixin.py:188} INFO - [2026-05-27T05:33:59.895+0000] {dag.py:3036} INFO - Sync 1 DAGs
[2026-05-27T05:33:59.957+0000] {processor.py:183} INFO - Processing /opt/airflow/dags/dag_crime_pipeline.py took 0.154 seconds
[2026-05-27T05:34:30.162+0000] {processor.py:161} INFO - Started process (PID=5175) to work on /opt/airflow/dags/dag_crime_pipeline.py
[2026-05-27T05:34:30.163+0000] {processor.py:830} INFO - Processing file /opt/airflow/dags/dag_crime_pipeline.py for tasks to queue
[2026-05-27T05:34:30.167+0000] {logging_mixin.py:188} INFO - [2026-05-27T05:34:30.166+0000] {dagbag.py:538} INFO - Filling up the DagBag from /opt/airflow/dags/dag_crime_pipeline.py
[2026-05-27T05:34:30.209+0000] {processor.py:840} INFO - DAG(s) 'crime_analytics_pipeline' retrieved from /opt/airflow/dags/dag_crime_pipeline.py
[2026-05-27T05:34:30.245+0000] {logging_mixin.py:188} INFO - [2026-05-27T05:34:30.244+0000] {dag.py:3036} INFO - Sync 1 DAGs
[2026-05-27T05:34:30.310+0000] {processor.py:183} INFO - Processing /opt/airflow/dags/dag_crime_pipeline.py took 0.153 seconds
[2026-05-27T05:35:00.483+0000] {processor.py:161} INFO - Started process (PID=5180) to work on /opt/airflow/dags/dag_crime_pipeline.py
[2026-05-27T05:35:00.484+0000] {processor.py:830} INFO - Processing file /opt/airflow/dags/dag_crime_pipeline.py for tasks to queue
[2026-05-27T05:35:00.487+0000] {logging_mixin.py:188} INFO - [2026-05-27T05:35:00.487+0000] {dagbag.py:538} INFO - Filling up the DagBag from /opt/airflow/dags/dag_crime_pipeline.py
[2026-05-27T05:35:00.531+0000] {processor.py:840} INFO - DAG(s) 'crime_analytics_pipeline' retrieved from /opt/airflow/dags/dag_crime_pipeline.py
[2026-05-27T05:35:00.568+0000] {logging_mixin.py:188} INFO - [2026-05-27T05:35:00.567+0000] {dag.py:3036} INFO - Sync 1 DAGs
[2026-05-27T05:35:00.615+0000] {processor.py:183} INFO - Processing /opt/airflow/dags/dag_crime_pipeline.py took 0.137 seconds
[2026-05-27T05:35:30.839+0000] {processor.py:161} INFO - Started process (PID=5185) to work on /opt/airflow/dags/dag_crime_pipeline.py
[2026-05-27T05:35:30.840+0000] {processor.py:830} INFO - Processing file /opt/airflow/dags/dag_crime_pipeline.py for tasks to queue
[2026-05-27T05:35:30.843+0000] {logging_mixin.py:188} INFO - [2026-05-27T05:35:30.843+0000] {dagbag.py:538} INFO - Filling up the DagBag from /opt/airflow/dags/dag_crime_pipeline.py
[2026-05-27T05:35:30.882+0000] {processor.py:840} INFO - DAG(s) 'crime_analytics_pipeline' retrieved from /opt/airflow/dags/dag_crime_pipeline.py
[2026-05-27T05:35:30.914+0000] {logging_mixin.py:188} INFO - [2026-05-27T05:35:30.914+0000] {dag.py:3036} INFO - Sync 1 DAGs
[2026-05-27T05:35:30.957+0000] {processor.py:183} INFO - Processing /opt/airflow/dags/dag_crime_pipeline.py took 0.123 seconds
[2026-05-27T05:36:01.127+0000] {processor.py:161} INFO - Started process (PID=5190) to work on /opt/airflow/dags/dag_crime_pipeline.py
[2026-05-27T05:36:01.128+0000] {processor.py:830} INFO - Processing file /opt/airflow/dags/dag_crime_pipeline.py for tasks to queue
[2026-05-27T05:36:01.132+0000] {logging_mixin.py:188} INFO - [2026-05-27T05:36:01.131+0000] {dagbag.py:538} INFO - Filling up the DagBag from /opt/airflow/dags/dag_crime_pipeline.py
[2026-05-27T05:36:01.170+0000] {processor.py:840} INFO - DAG(s) 'crime_analytics_pipeline' retrieved from /opt/airflow/dags/dag_crime_pipeline.py
[2026-05-27T05:36:01.204+0000] {logging_mixin.py:188} INFO - [2026-05-27T05:36:01.204+0000] {dag.py:3036} INFO - Sync 1 DAGs
[2026-05-27T05:36:01.268+0000] {processor.py:183} INFO - Processing /opt/airflow/dags/dag_crime_pipeline.py took 0.146 seconds
[2026-05-27T05:36:31.469+0000] {processor.py:161} INFO - Started process (PID=5195) to work on /opt/airflow/dags/dag_crime_pipeline.py
[2026-05-27T05:36:31.471+0000] {processor.py:830} INFO - Processing file /opt/airflow/dags/dag_crime_pipeline.py for tasks to queue
[2026-05-27T05:36:31.474+0000] {logging_mixin.py:188} INFO - [2026-05-27T05:36:31.473+0000] {dagbag.py:538} INFO - Filling up the DagBag from /opt/airflow/dags/dag_crime_pipeline.py
[2026-05-27T05:36:31.513+0000] {processor.py:840} INFO - DAG(s) 'crime_analytics_pipeline' retrieved from /opt/airflow/dags/dag_crime_pipeline.py
[2026-05-27T05:36:31.549+0000] {logging_mixin.py:188} INFO - [2026-05-27T05:36:31.548+0000] {dag.py:3036} INFO - Sync 1 DAGs
[2026-05-27T05:36:31.612+0000] {processor.py:183} INFO - Processing /opt/airflow/dags/dag_crime_pipeline.py took 0.147 seconds
[2026-05-27T05:37:01.825+0000] {processor.py:161} INFO - Started process (PID=5200) to work on /opt/airflow/dags/dag_crime_pipeline.py
[2026-05-27T05:37:01.827+0000] {processor.py:830} INFO - Processing file /opt/airflow/dags/dag_crime_pipeline.py for tasks to queue
[2026-05-27T05:37:01.832+0000] {logging_mixin.py:188} INFO - [2026-05-27T05:37:01.831+0000] {dagbag.py:538} INFO - Filling up the DagBag from /opt/airflow/dags/dag_crime_pipeline.py
[2026-05-27T05:37:01.871+0000] {processor.py:840} INFO - DAG(s) 'crime_analytics_pipeline' retrieved from /opt/airflow/dags/dag_crime_pipeline.py
[2026-05-27T05:37:01.908+0000] {logging_mixin.py:188} INFO - [2026-05-27T05:37:01.908+0000] {dag.py:3036} INFO - Sync 1 DAGs
[2026-05-27T05:37:01.955+0000] {processor.py:183} INFO - Processing /opt/airflow/dags/dag_crime_pipeline.py took 0.135 seconds
[2026-05-27T05:37:32.134+0000] {processor.py:161} INFO - Started process (PID=5205) to work on /opt/airflow/dags/dag_crime_pipeline.py
[2026-05-27T05:37:32.136+0000] {processor.py:830} INFO - Processing file /opt/airflow/dags/dag_crime_pipeline.py for tasks to queue
[2026-05-27T05:37:32.139+0000] {logging_mixin.py:188} INFO - [2026-05-27T05:37:32.138+0000] {dagbag.py:538} INFO - Filling up the DagBag from /opt/airflow/dags/dag_crime_pipeline.py
[2026-05-27T05:37:32.181+0000] {processor.py:840} INFO - DAG(s) 'crime_analytics_pipeline' retrieved from /opt/airflow/dags/dag_crime_pipeline.py
[2026-05-27T05:37:32.216+0000] {logging_mixin.py:188} INFO - [2026-05-27T05:37:32.215+0000] {dag.py:3036} INFO - Sync 1 DAGs
[2026-05-27T05:37:32.276+0000] {processor.py:183} INFO - Processing /opt/airflow/dags/dag_crime_pipeline.py took 0.148 seconds
[2026-05-27T05:38:02.482+0000] {processor.py:161} INFO - Started process (PID=5210) to work on /opt/airflow/dags/dag_crime_pipeline.py
[2026-05-27T05:38:02.484+0000] {processor.py:830} INFO - Processing file /opt/airflow/dags/dag_crime_pipeline.py for tasks to queue
[2026-05-27T05:38:02.488+0000] {logging_mixin.py:188} INFO - [2026-05-27T05:38:02.487+0000] {dagbag.py:538} INFO - Filling up the DagBag from /opt/airflow/dags/dag_crime_pipeline.py
[2026-05-27T05:38:02.539+0000] {processor.py:840} INFO - DAG(s) 'crime_analytics_pipeline' retrieved from /opt/airflow/dags/dag_crime_pipeline.py
[2026-05-27T05:38:02.582+0000] {logging_mixin.py:188} INFO - [2026-05-27T05:38:02.582+0000] {dag.py:3036} INFO - Sync 1 DAGs
[2026-05-27T05:38:02.623+0000] {processor.py:183} INFO - Processing /opt/airflow/dags/dag_crime_pipeline.py took 0.147 seconds
[2026-05-27T05:38:32.780+0000] {processor.py:161} INFO - Started process (PID=5215) to work on /opt/airflow/dags/dag_crime_pipeline.py
[2026-05-27T05:38:32.781+0000] {processor.py:830} INFO - Processing file /opt/airflow/dags/dag_crime_pipeline.py for tasks to queue
[2026-05-27T05:38:32.784+0000] {logging_mixin.py:188} INFO - [2026-05-27T05:38:32.783+0000] {dagbag.py:538} INFO - Filling up the DagBag from /opt/airflow/dags/dag_crime_pipeline.py
[2026-05-27T05:38:32.822+0000] {processor.py:840} INFO - DAG(s) 'crime_analytics_pipeline' retrieved from /opt/airflow/dags/dag_crime_pipeline.py
[2026-05-27T05:38:32.869+0000] {logging_mixin.py:188} INFO - [2026-05-27T05:38:32.868+0000] {dag.py:3036} INFO - Sync 1 DAGs
[2026-05-27T05:38:32.911+0000] {processor.py:183} INFO - Processing /opt/airflow/dags/dag_crime_pipeline.py took 0.137 seconds
[2026-05-27T05:39:03.126+0000] {processor.py:161} INFO - Started process (PID=5220) to work on /opt/airflow/dags/dag_crime_pipeline.py
[2026-05-27T05:39:03.128+0000] {processor.py:830} INFO - Processing file /opt/airflow/dags/dag_crime_pipeline.py for tasks to queue
[2026-05-27T05:39:03.130+0000] {logging_mixin.py:188} INFO - [2026-05-27T05:39:03.130+0000] {dagbag.py:538} INFO - Filling up the DagBag from /opt/airflow/dags/dag_crime_pipeline.py
[2026-05-27T05:39:03.173+0000] {processor.py:840} INFO - DAG(s) 'crime_analytics_pipeline' retrieved from /opt/airflow/dags/dag_crime_pipeline.py
[2026-05-27T05:39:03.205+0000] {logging_mixin.py:188} INFO - [2026-05-27T05:39:03.204+0000] {dag.py:3036} INFO - Sync 1 DAGs
[2026-05-27T05:39:03.265+0000] {processor.py:183} INFO - Processing /opt/airflow/dags/dag_crime_pipeline.py took 0.144 seconds
[2026-05-27T05:39:33.437+0000] {processor.py:161} INFO - Started process (PID=5225) to work on /opt/airflow/dags/dag_crime_pipeline.py
[2026-05-27T05:39:33.439+0000] {processor.py:830} INFO - Processing file /opt/airflow/dags/dag_crime_pipeline.py for tasks to queue
[2026-05-27T05:39:33.442+0000] {logging_mixin.py:188} INFO - [2026-05-27T05:39:33.441+0000] {dagbag.py:538} INFO - Filling up the DagBag from /opt/airflow/dags/dag_crime_pipeline.py
[2026-05-27T05:39:33.486+0000] {processor.py:840} INFO - DAG(s) 'crime_analytics_pipeline' retrieved from /opt/airflow/dags/dag_crime_pipeline.py
[2026-05-27T05:39:33.526+0000] {logging_mixin.py:188} INFO - [2026-05-27T05:39:33.526+0000] {dag.py:3036} INFO - Sync 1 DAGs
[2026-05-27T05:39:33.595+0000] {processor.py:183} INFO - Processing /opt/airflow/dags/dag_crime_pipeline.py took 0.163 seconds
[2026-05-27T05:40:03.771+0000] {processor.py:161} INFO - Started process (PID=5230) to work on /opt/airflow/dags/dag_crime_pipeline.py
[2026-05-27T05:40:03.773+0000] {processor.py:830} INFO - Processing file /opt/airflow/dags/dag_crime_pipeline.py for tasks to queue
[2026-05-27T05:40:03.776+0000] {logging_mixin.py:188} INFO - [2026-05-27T05:40:03.776+0000] {dagbag.py:538} INFO - Filling up the DagBag from /opt/airflow/dags/dag_crime_pipeline.py
[2026-05-27T05:40:03.820+0000] {processor.py:840} INFO - DAG(s) 'crime_analytics_pipeline' retrieved from /opt/airflow/dags/dag_crime_pipeline.py
[2026-05-27T05:40:03.858+0000] {logging_mixin.py:188} INFO - [2026-05-27T05:40:03.858+0000] {dag.py:3036} INFO - Sync 1 DAGs
[2026-05-27T05:40:03.917+0000] {processor.py:183} INFO - Processing /opt/airflow/dags/dag_crime_pipeline.py took 0.151 seconds
[2026-05-27T05:40:34.116+0000] {processor.py:161} INFO - Started process (PID=5235) to work on /opt/airflow/dags/dag_crime_pipeline.py
[2026-05-27T05:40:34.118+0000] {processor.py:830} INFO - Processing file /opt/airflow/dags/dag_crime_pipeline.py for tasks to queue
[2026-05-27T05:40:34.121+0000] {logging_mixin.py:188} INFO - [2026-05-27T05:40:34.120+0000] {dagbag.py:538} INFO - Filling up the DagBag from /opt/airflow/dags/dag_crime_pipeline.py
[2026-05-27T05:40:34.161+0000] {processor.py:840} INFO - DAG(s) 'crime_analytics_pipeline' retrieved from /opt/airflow/dags/dag_crime_pipeline.py
[2026-05-27T05:40:34.193+0000] {logging_mixin.py:188} INFO - [2026-05-27T05:40:34.192+0000] {dag.py:3036} INFO - Sync 1 DAGs
[2026-05-27T05:40:34.249+0000] {processor.py:183} INFO - Processing /opt/airflow/dags/dag_crime_pipeline.py took 0.138 seconds
[2026-05-27T05:41:04.423+0000] {processor.py:161} INFO - Started process (PID=5240) to work on /opt/airflow/dags/dag_crime_pipeline.py
[2026-05-27T05:41:04.424+0000] {processor.py:830} INFO - Processing file /opt/airflow/dags/dag_crime_pipeline.py for tasks to queue
[2026-05-27T05:41:04.427+0000] {logging_mixin.py:188} INFO - [2026-05-27T05:41:04.426+0000] {dagbag.py:538} INFO - Filling up the DagBag from /opt/airflow/dags/dag_crime_pipeline.py
[2026-05-27T05:41:04.467+0000] {processor.py:840} INFO - DAG(s) 'crime_analytics_pipeline' retrieved from /opt/airflow/dags/dag_crime_pipeline.py
[2026-05-27T05:41:04.504+0000] {logging_mixin.py:188} INFO - [2026-05-27T05:41:04.504+0000] {dag.py:3036} INFO - Sync 1 DAGs
[2026-05-27T05:41:04.553+0000] {processor.py:183} INFO - Processing /opt/airflow/dags/dag_crime_pipeline.py took 0.135 seconds
[2026-05-27T05:41:34.776+0000] {processor.py:161} INFO - Started process (PID=5245) to work on /opt/airflow/dags/dag_crime_pipeline.py
[2026-05-27T05:41:34.778+0000] {processor.py:830} INFO - Processing file /opt/airflow/dags/dag_crime_pipeline.py for tasks to queue
[2026-05-27T05:41:34.781+0000] {logging_mixin.py:188} INFO - [2026-05-27T05:41:34.780+0000] {dagbag.py:538} INFO - Filling up the DagBag from /opt/airflow/dags/dag_crime_pipeline.py
[2026-05-27T05:41:34.821+0000] {processor.py:840} INFO - DAG(s) 'crime_analytics_pipeline' retrieved from /opt/airflow/dags/dag_crime_pipeline.py
[2026-05-27T05:41:34.854+0000] {logging_mixin.py:188} INFO - [2026-05-27T05:41:34.853+0000] {dag.py:3036} INFO - Sync 1 DAGs
[2026-05-27T05:41:34.894+0000] {processor.py:183} INFO - Processing /opt/airflow/dags/dag_crime_pipeline.py took 0.122 seconds
[2026-05-27T05:42:05.106+0000] {processor.py:161} INFO - Started process (PID=5250) to work on /opt/airflow/dags/dag_crime_pipeline.py
[2026-05-27T05:42:05.108+0000] {processor.py:830} INFO - Processing file /opt/airflow/dags/dag_crime_pipeline.py for tasks to queue
[2026-05-27T05:42:05.111+0000] {logging_mixin.py:188} INFO - [2026-05-27T05:42:05.110+0000] {dagbag.py:538} INFO - Filling up the DagBag from /opt/airflow/dags/dag_crime_pipeline.py
[2026-05-27T05:42:05.148+0000] {processor.py:840} INFO - DAG(s) 'crime_analytics_pipeline' retrieved from /opt/airflow/dags/dag_crime_pipeline.py
[2026-05-27T05:42:05.180+0000] {logging_mixin.py:188} INFO - [2026-05-27T05:42:05.180+0000] {dag.py:3036} INFO - Sync 1 DAGs
[2026-05-27T05:42:05.238+0000] {processor.py:183} INFO - Processing /opt/airflow/dags/dag_crime_pipeline.py took 0.138 seconds
[2026-05-27T05:42:35.441+0000] {processor.py:161} INFO - Started process (PID=5255) to work on /opt/airflow/dags/dag_crime_pipeline.py
[2026-05-27T05:42:35.443+0000] {processor.py:830} INFO - Processing file /opt/airflow/dags/dag_crime_pipeline.py for tasks to queue
[2026-05-27T05:42:35.446+0000] {logging_mixin.py:188} INFO - [2026-05-27T05:42:35.446+0000] {dagbag.py:538} INFO - Filling up the DagBag from /opt/airflow/dags/dag_crime_pipeline.py
[2026-05-27T05:42:35.497+0000] {processor.py:840} INFO - DAG(s) 'crime_analytics_pipeline' retrieved from /opt/airflow/dags/dag_crime_pipeline.py
[2026-05-27T05:42:35.537+0000] {logging_mixin.py:188} INFO - [2026-05-27T05:42:35.537+0000] {dag.py:3036} INFO - Sync 1 DAGs
[2026-05-27T05:42:35.576+0000] {processor.py:183} INFO - Processing /opt/airflow/dags/dag_crime_pipeline.py took 0.141 seconds
[2026-05-27T05:43:05.785+0000] {processor.py:161} INFO - Started process (PID=5260) to work on /opt/airflow/dags/dag_crime_pipeline.py
[2026-05-27T05:43:05.787+0000] {processor.py:830} INFO - Processing file /opt/airflow/dags/dag_crime_pipeline.py for tasks to queue
[2026-05-27T05:43:05.791+0000] {logging_mixin.py:188} INFO - [2026-05-27T05:43:05.790+0000] {dagbag.py:538} INFO - Filling up the DagBag from /opt/airflow/dags/dag_crime_pipeline.py
[2026-05-27T05:43:05.833+0000] {processor.py:840} INFO - DAG(s) 'crime_analytics_pipeline' retrieved from /opt/airflow/dags/dag_crime_pipeline.py
[2026-05-27T05:43:05.861+0000] {logging_mixin.py:188} INFO - [2026-05-27T05:43:05.861+0000] {dag.py:3036} INFO - Sync 1 DAGs
[2026-05-27T05:43:05.898+0000] {processor.py:183} INFO - Processing /opt/airflow/dags/dag_crime_pipeline.py took 0.118 seconds
[2026-05-27T05:43:36.092+0000] {processor.py:161} INFO - Started process (PID=5265) to work on /opt/airflow/dags/dag_crime_pipeline.py
[2026-05-27T05:43:36.094+0000] {processor.py:830} INFO - Processing file /opt/airflow/dags/dag_crime_pipeline.py for tasks to queue
[2026-05-27T05:43:36.097+0000] {logging_mixin.py:188} INFO - [2026-05-27T05:43:36.096+0000] {dagbag.py:538} INFO - Filling up the DagBag from /opt/airflow/dags/dag_crime_pipeline.py
[2026-05-27T05:43:36.137+0000] {processor.py:840} INFO - DAG(s) 'crime_analytics_pipeline' retrieved from /opt/airflow/dags/dag_crime_pipeline.py
[2026-05-27T05:43:36.172+0000] {logging_mixin.py:188} INFO - [2026-05-27T05:43:36.171+0000] {dag.py:3036} INFO - Sync 1 DAGs
[2026-05-27T05:43:36.229+0000] {processor.py:183} INFO - Processing /opt/airflow/dags/dag_crime_pipeline.py took 0.141 seconds
[2026-05-27T05:44:06.543+0000] {processor.py:161} INFO - Started process (PID=5270) to work on /opt/airflow/dags/dag_crime_pipeline.py
[2026-05-27T05:44:06.544+0000] {processor.py:830} INFO - Processing file /opt/airflow/dags/dag_crime_pipeline.py for tasks to queue
[2026-05-27T05:44:06.547+0000] {logging_mixin.py:188} INFO - [2026-05-27T05:44:06.546+0000] {dagbag.py:538} INFO - Filling up the DagBag from /opt/airflow/dags/dag_crime_pipeline.py
[2026-05-27T05:44:06.585+0000] {processor.py:840} INFO - DAG(s) 'crime_analytics_pipeline' retrieved from /opt/airflow/dags/dag_crime_pipeline.py
[2026-05-27T05:44:06.617+0000] {logging_mixin.py:188} INFO - [2026-05-27T05:44:06.617+0000] {dag.py:3036} INFO - Sync 1 DAGs
[2026-05-27T05:44:06.656+0000] {processor.py:183} INFO - Processing /opt/airflow/dags/dag_crime_pipeline.py took 0.118 seconds
[2026-05-27T05:44:36.873+0000] {processor.py:161} INFO - Started process (PID=5275) to work on /opt/airflow/dags/dag_crime_pipeline.py
[2026-05-27T05:44:36.874+0000] {processor.py:830} INFO - Processing file /opt/airflow/dags/dag_crime_pipeline.py for tasks to queue
[2026-05-27T05:44:36.877+0000] {logging_mixin.py:188} INFO - [2026-05-27T05:44:36.877+0000] {dagbag.py:538} INFO - Filling up the DagBag from /opt/airflow/dags/dag_crime_pipeline.py
[2026-05-27T05:44:36.919+0000] {processor.py:840} INFO - DAG(s) 'crime_analytics_pipeline' retrieved from /opt/airflow/dags/dag_crime_pipeline.py
[2026-05-27T05:44:36.956+0000] {logging_mixin.py:188} INFO - [2026-05-27T05:44:36.955+0000] {dag.py:3036} INFO - Sync 1 DAGs
[2026-05-27T05:44:37.018+0000] {processor.py:183} INFO - Processing /opt/airflow/dags/dag_crime_pipeline.py took 0.149 seconds
[2026-05-27T05:45:07.128+0000] {processor.py:161} INFO - Started process (PID=5280) to work on /opt/airflow/dags/dag_crime_pipeline.py
[2026-05-27T05:45:07.129+0000] {processor.py:830} INFO - Processing file /opt/airflow/dags/dag_crime_pipeline.py for tasks to queue
[2026-05-27T05:45:07.132+0000] {logging_mixin.py:188} INFO - [2026-05-27T05:45:07.132+0000] {dagbag.py:538} INFO - Filling up the DagBag from /opt/airflow/dags/dag_crime_pipeline.py
[2026-05-27T05:45:07.172+0000] {processor.py:840} INFO - DAG(s) 'crime_analytics_pipeline' retrieved from /opt/airflow/dags/dag_crime_pipeline.py
[2026-05-27T05:45:07.205+0000] {logging_mixin.py:188} INFO - [2026-05-27T05:45:07.205+0000] {dag.py:3036} INFO - Sync 1 DAGs
[2026-05-27T05:45:07.267+0000] {processor.py:183} INFO - Processing /opt/airflow/dags/dag_crime_pipeline.py took 0.144 seconds
[2026-05-27T05:45:37.505+0000] {processor.py:161} INFO - Started process (PID=5285) to work on /opt/airflow/dags/dag_crime_pipeline.py
[2026-05-27T05:45:37.506+0000] {processor.py:830} INFO - Processing file /opt/airflow/dags/dag_crime_pipeline.py for tasks to queue
[2026-05-27T05:45:37.509+0000] {logging_mixin.py:188} INFO - [2026-05-27T05:45:37.508+0000] {dagbag.py:538} INFO - Filling up the DagBag from /opt/airflow/dags/dag_crime_pipeline.py
[2026-05-27T05:45:37.548+0000] {processor.py:840} INFO - DAG(s) 'crime_analytics_pipeline' retrieved from /opt/airflow/dags/dag_crime_pipeline.py
[2026-05-27T05:45:37.587+0000] {logging_mixin.py:188} INFO - [2026-05-27T05:45:37.586+0000] {dag.py:3036} INFO - Sync 1 DAGs
[2026-05-27T05:45:37.638+0000] {processor.py:183} INFO - Processing /opt/airflow/dags/dag_crime_pipeline.py took 0.138 seconds
[2026-05-27T05:46:07.748+0000] {processor.py:161} INFO - Started process (PID=5290) to work on /opt/airflow/dags/dag_crime_pipeline.py
[2026-05-27T05:46:07.750+0000] {processor.py:830} INFO - Processing file /opt/airflow/dags/dag_crime_pipeline.py for tasks to queue
[2026-05-27T05:46:07.754+0000] {logging_mixin.py:188} INFO - [2026-05-27T05:46:07.752+0000] {dagbag.py:538} INFO - Filling up the DagBag from /opt/airflow/dags/dag_crime_pipeline.py
[2026-05-27T05:46:07.801+0000] {processor.py:840} INFO - DAG(s) 'crime_analytics_pipeline' retrieved from /opt/airflow/dags/dag_crime_pipeline.py
[2026-05-27T05:46:07.845+0000] {logging_mixin.py:188} INFO - [2026-05-27T05:46:07.844+0000] {dag.py:3036} INFO - Sync 1 DAGs
[2026-05-27T05:46:07.910+0000] {processor.py:183} INFO - Processing /opt/airflow/dags/dag_crime_pipeline.py took 0.167 seconds
[2026-05-27T05:46:38.156+0000] {processor.py:161} INFO - Started process (PID=5295) to work on /opt/airflow/dags/dag_crime_pipeline.py
[2026-05-27T05:46:38.158+0000] {processor.py:830} INFO - Processing file /opt/airflow/dags/dag_crime_pipeline.py for tasks to queue
[2026-05-27T05:46:38.161+0000] {logging_mixin.py:188} INFO - [2026-05-27T05:46:38.160+0000] {dagbag.py:538} INFO - Filling up the DagBag from /opt/airflow/dags/dag_crime_pipeline.py
[2026-05-27T05:46:38.197+0000] {processor.py:840} INFO - DAG(s) 'crime_analytics_pipeline' retrieved from /opt/airflow/dags/dag_crime_pipeline.py
[2026-05-27T05:46:38.235+0000] {logging_mixin.py:188} INFO - [2026-05-27T05:46:38.234+0000] {dag.py:3036} INFO - Sync 1 DAGs
[2026-05-27T05:46:38.301+0000] {processor.py:183} INFO - Processing /opt/airflow/dags/dag_crime_pipeline.py took 0.148 seconds
[2026-05-27T05:47:08.465+0000] {processor.py:161} INFO - Started process (PID=5300) to work on /opt/airflow/dags/dag_crime_pipeline.py
[2026-05-27T05:47:08.467+0000] {processor.py:830} INFO - Processing file /opt/airflow/dags/dag_crime_pipeline.py for tasks to queue
[2026-05-27T05:47:08.470+0000] {logging_mixin.py:188} INFO - [2026-05-27T05:47:08.470+0000] {dagbag.py:538} INFO - Filling up the DagBag from /opt/airflow/dags/dag_crime_pipeline.py
[2026-05-27T05:47:08.507+0000] {processor.py:840} INFO - DAG(s) 'crime_analytics_pipeline' retrieved from /opt/airflow/dags/dag_crime_pipeline.py
[2026-05-27T05:47:08.540+0000] {logging_mixin.py:188} INFO - [2026-05-27T05:47:08.540+0000] {dag.py:3036} INFO - Sync 1 DAGs
[2026-05-27T05:47:08.604+0000] {processor.py:183} INFO - Processing /opt/airflow/dags/dag_crime_pipeline.py took 0.143 seconds
[2026-05-27T05:47:38.775+0000] {processor.py:161} INFO - Started process (PID=5305) to work on /opt/airflow/dags/dag_crime_pipeline.py
[2026-05-27T05:47:38.778+0000] {processor.py:830} INFO - Processing file /opt/airflow/dags/dag_crime_pipeline.py for tasks to queue
[2026-05-27T05:47:38.780+0000] {logging_mixin.py:188} INFO - [2026-05-27T05:47:38.780+0000] {dagbag.py:538} INFO - Filling up the DagBag from /opt/airflow/dags/dag_crime_pipeline.py
[2026-05-27T05:47:38.822+0000] {processor.py:840} INFO - DAG(s) 'crime_analytics_pipeline' retrieved from /opt/airflow/dags/dag_crime_pipeline.py
[2026-05-27T05:47:38.856+0000] {logging_mixin.py:188} INFO - [2026-05-27T05:47:38.856+0000] {dag.py:3036} INFO - Sync 1 DAGs
[2026-05-27T05:47:38.899+0000] {processor.py:183} INFO - Processing /opt/airflow/dags/dag_crime_pipeline.py took 0.130 seconds
[2026-05-27T05:48:09.091+0000] {processor.py:161} INFO - Started process (PID=5310) to work on /opt/airflow/dags/dag_crime_pipeline.py
[2026-05-27T05:48:09.093+0000] {processor.py:830} INFO - Processing file /opt/airflow/dags/dag_crime_pipeline.py for tasks to queue
[2026-05-27T05:48:09.097+0000] {logging_mixin.py:188} INFO - [2026-05-27T05:48:09.096+0000] {dagbag.py:538} INFO - Filling up the DagBag from /opt/airflow/dags/dag_crime_pipeline.py
[2026-05-27T05:48:09.144+0000] {processor.py:840} INFO - DAG(s) 'crime_analytics_pipeline' retrieved from /opt/airflow/dags/dag_crime_pipeline.py
[2026-05-27T05:48:09.176+0000] {logging_mixin.py:188} INFO - [2026-05-27T05:48:09.175+0000] {dag.py:3036} INFO - Sync 1 DAGs
[2026-05-27T05:48:09.221+0000] {processor.py:183} INFO - Processing /opt/airflow/dags/dag_crime_pipeline.py took 0.134 seconds
[2026-05-27T05:48:39.409+0000] {processor.py:161} INFO - Started process (PID=5315) to work on /opt/airflow/dags/dag_crime_pipeline.py
[2026-05-27T05:48:39.410+0000] {processor.py:830} INFO - Processing file /opt/airflow/dags/dag_crime_pipeline.py for tasks to queue
[2026-05-27T05:48:39.413+0000] {logging_mixin.py:188} INFO - [2026-05-27T05:48:39.412+0000] {dagbag.py:538} INFO - Filling up the DagBag from /opt/airflow/dags/dag_crime_pipeline.py
[2026-05-27T05:48:39.455+0000] {processor.py:840} INFO - DAG(s) 'crime_analytics_pipeline' retrieved from /opt/airflow/dags/dag_crime_pipeline.py
[2026-05-27T05:48:39.494+0000] {logging_mixin.py:188} INFO - [2026-05-27T05:48:39.494+0000] {dag.py:3036} INFO - Sync 1 DAGs
[2026-05-27T05:48:39.566+0000] {processor.py:183} INFO - Processing /opt/airflow/dags/dag_crime_pipeline.py took 0.162 seconds
[2026-05-27T05:49:09.699+0000] {processor.py:161} INFO - Started process (PID=5320) to work on /opt/airflow/dags/dag_crime_pipeline.py
[2026-05-27T05:49:09.700+0000] {processor.py:830} INFO - Processing file /opt/airflow/dags/dag_crime_pipeline.py for tasks to queue
[2026-05-27T05:49:09.703+0000] {logging_mixin.py:188} INFO - [2026-05-27T05:49:09.702+0000] {dagbag.py:538} INFO - Filling up the DagBag from /opt/airflow/dags/dag_crime_pipeline.py
[2026-05-27T05:49:09.741+0000] {processor.py:840} INFO - DAG(s) 'crime_analytics_pipeline' retrieved from /opt/airflow/dags/dag_crime_pipeline.py
[2026-05-27T05:49:09.771+0000] {logging_mixin.py:188} INFO - [2026-05-27T05:49:09.771+0000] {dag.py:3036} INFO - Sync 1 DAGs
[2026-05-27T05:49:09.830+0000] {processor.py:183} INFO - Processing /opt/airflow/dags/dag_crime_pipeline.py took 0.136 seconds
[2026-05-27T05:49:40.087+0000] {processor.py:161} INFO - Started process (PID=5325) to work on /opt/airflow/dags/dag_crime_pipeline.py
[2026-05-27T05:49:40.088+0000] {processor.py:830} INFO - Processing file /opt/airflow/dags/dag_crime_pipeline.py for tasks to queue
[2026-05-27T05:49:40.091+0000] {logging_mixin.py:188} INFO - [2026-05-27T05:49:40.090+0000] {dagbag.py:538} INFO - Filling up the DagBag from /opt/airflow/dags/dag_crime_pipeline.py
[2026-05-27T05:49:40.124+0000] {processor.py:840} INFO - DAG(s) 'crime_analytics_pipeline' retrieved from /opt/airflow/dags/dag_crime_pipeline.py
[2026-05-27T05:49:40.151+0000] {logging_mixin.py:188} INFO - [2026-05-27T05:49:40.151+0000] {dag.py:3036} INFO - Sync 1 DAGs
[2026-05-27T05:49:40.184+0000] {processor.py:183} INFO - Processing /opt/airflow/dags/dag_crime_pipeline.py took 0.100 seconds
[2026-05-27T05:50:10.334+0000] {processor.py:161} INFO - Started process (PID=5330) to work on /opt/airflow/dags/dag_crime_pipeline.py
[2026-05-27T05:50:10.335+0000] {processor.py:830} INFO - Processing file /opt/airflow/dags/dag_crime_pipeline.py for tasks to queue
[2026-05-27T05:50:10.338+0000] {logging_mixin.py:188} INFO - [2026-05-27T05:50:10.338+0000] {dagbag.py:538} INFO - Filling up the DagBag from /opt/airflow/dags/dag_crime_pipeline.py
[2026-05-27T05:50:10.377+0000] {processor.py:840} INFO - DAG(s) 'crime_analytics_pipeline' retrieved from /opt/airflow/dags/dag_crime_pipeline.py
[2026-05-27T05:50:10.414+0000] {logging_mixin.py:188} INFO - [2026-05-27T05:50:10.413+0000] {dag.py:3036} INFO - Sync 1 DAGs
[2026-05-27T05:50:10.468+0000] {processor.py:183} INFO - Processing /opt/airflow/dags/dag_crime_pipeline.py took 0.138 seconds
[2026-05-27T05:50:40.662+0000] {processor.py:161} INFO - Started process (PID=5335) to work on /opt/airflow/dags/dag_crime_pipeline.py
[2026-05-27T05:50:40.663+0000] {processor.py:830} INFO - Processing file /opt/airflow/dags/dag_crime_pipeline.py for tasks to queue
[2026-05-27T05:50:40.666+0000] {logging_mixin.py:188} INFO - [2026-05-27T05:50:40.666+0000] {dagbag.py:538} INFO - Filling up the DagBag from /opt/airflow/dags/dag_crime_pipeline.py
[2026-05-27T05:50:40.711+0000] {processor.py:840} INFO - DAG(s) 'crime_analytics_pipeline' retrieved from /opt/airflow/dags/dag_crime_pipeline.py
[2026-05-27T05:50:40.750+0000] {logging_mixin.py:188} INFO - [2026-05-27T05:50:40.749+0000] {dag.py:3036} INFO - Sync 1 DAGs
[2026-05-27T05:50:40.796+0000] {processor.py:183} INFO - Processing /opt/airflow/dags/dag_crime_pipeline.py took 0.139 seconds
[2026-05-27T05:51:10.965+0000] {processor.py:161} INFO - Started process (PID=5340) to work on /opt/airflow/dags/dag_crime_pipeline.py
[2026-05-27T05:51:10.968+0000] {processor.py:830} INFO - Processing file /opt/airflow/dags/dag_crime_pipeline.py for tasks to queue
[2026-05-27T05:51:10.971+0000] {logging_mixin.py:188} INFO - [2026-05-27T05:51:10.970+0000] {dagbag.py:538} INFO - Filling up the DagBag from /opt/airflow/dags/dag_crime_pipeline.py
[2026-05-27T05:51:11.010+0000] {processor.py:840} INFO - DAG(s) 'crime_analytics_pipeline' retrieved from /opt/airflow/dags/dag_crime_pipeline.py
[2026-05-27T05:51:11.042+0000] {logging_mixin.py:188} INFO - [2026-05-27T05:51:11.042+0000] {dag.py:3036} INFO - Sync 1 DAGs
[2026-05-27T05:51:11.106+0000] {processor.py:183} INFO - Processing /opt/airflow/dags/dag_crime_pipeline.py took 0.146 seconds
[2026-05-27T05:51:41.344+0000] {processor.py:161} INFO - Started process (PID=5345) to work on /opt/airflow/dags/dag_crime_pipeline.py
[2026-05-27T05:51:41.345+0000] {processor.py:830} INFO - Processing file /opt/airflow/dags/dag_crime_pipeline.py for tasks to queue
[2026-05-27T05:51:41.348+0000] {logging_mixin.py:188} INFO - [2026-05-27T05:51:41.347+0000] {dagbag.py:538} INFO - Filling up the DagBag from /opt/airflow/dags/dag_crime_pipeline.py
[2026-05-27T05:51:41.384+0000] {processor.py:840} INFO - DAG(s) 'crime_analytics_pipeline' retrieved from /opt/airflow/dags/dag_crime_pipeline.py
[2026-05-27T05:51:41.418+0000] {logging_mixin.py:188} INFO - [2026-05-27T05:51:41.418+0000] {dag.py:3036} INFO - Sync 1 DAGs
[2026-05-27T05:51:41.459+0000] {processor.py:183} INFO - Processing /opt/airflow/dags/dag_crime_pipeline.py took 0.120 seconds
[2026-05-27T05:52:11.646+0000] {processor.py:161} INFO - Started process (PID=5350) to work on /opt/airflow/dags/dag_crime_pipeline.py
[2026-05-27T05:52:11.648+0000] {processor.py:830} INFO - Processing file /opt/airflow/dags/dag_crime_pipeline.py for tasks to queue
[2026-05-27T05:52:11.651+0000] {logging_mixin.py:188} INFO - [2026-05-27T05:52:11.650+0000] {dagbag.py:538} INFO - Filling up the DagBag from /opt/airflow/dags/dag_crime_pipeline.py
[2026-05-27T05:52:11.691+0000] {processor.py:840} INFO - DAG(s) 'crime_analytics_pipeline' retrieved from /opt/airflow/dags/dag_crime_pipeline.py
[2026-05-27T05:52:11.727+0000] {logging_mixin.py:188} INFO - [2026-05-27T05:52:11.726+0000] {dag.py:3036} INFO - Sync 1 DAGs
[2026-05-27T05:52:11.792+0000] {processor.py:183} INFO - Processing /opt/airflow/dags/dag_crime_pipeline.py took 0.150 seconds
[2026-05-27T05:52:41.978+0000] {processor.py:161} INFO - Started process (PID=5355) to work on /opt/airflow/dags/dag_crime_pipeline.py
[2026-05-27T05:52:41.980+0000] {processor.py:830} INFO - Processing file /opt/airflow/dags/dag_crime_pipeline.py for tasks to queue
[2026-05-27T05:52:41.983+0000] {logging_mixin.py:188} INFO - [2026-05-27T05:52:41.982+0000] {dagbag.py:538} INFO - Filling up the DagBag from /opt/airflow/dags/dag_crime_pipeline.py
[2026-05-27T05:52:42.025+0000] {processor.py:840} INFO - DAG(s) 'crime_analytics_pipeline' retrieved from /opt/airflow/dags/dag_crime_pipeline.py
[2026-05-27T05:52:42.060+0000] {logging_mixin.py:188} INFO - [2026-05-27T05:52:42.059+0000] {dag.py:3036} INFO - Sync 1 DAGs
[2026-05-27T05:52:42.109+0000] {processor.py:183} INFO - Processing /opt/airflow/dags/dag_crime_pipeline.py took 0.134 seconds
[2026-05-27T05:53:12.311+0000] {processor.py:161} INFO - Started process (PID=5360) to work on /opt/airflow/dags/dag_crime_pipeline.py
[2026-05-27T05:53:12.313+0000] {processor.py:830} INFO - Processing file /opt/airflow/dags/dag_crime_pipeline.py for tasks to queue
[2026-05-27T05:53:12.315+0000] {logging_mixin.py:188} INFO - [2026-05-27T05:53:12.315+0000] {dagbag.py:538} INFO - Filling up the DagBag from /opt/airflow/dags/dag_crime_pipeline.py
[2026-05-27T05:53:12.362+0000] {processor.py:840} INFO - DAG(s) 'crime_analytics_pipeline' retrieved from /opt/airflow/dags/dag_crime_pipeline.py
[2026-05-27T05:53:12.398+0000] {logging_mixin.py:188} INFO - [2026-05-27T05:53:12.397+0000] {dag.py:3036} INFO - Sync 1 DAGs
[2026-05-27T05:53:12.457+0000] {processor.py:183} INFO - Processing /opt/airflow/dags/dag_crime_pipeline.py took 0.150 seconds
[2026-05-27T05:53:42.680+0000] {processor.py:161} INFO - Started process (PID=5365) to work on /opt/airflow/dags/dag_crime_pipeline.py
[2026-05-27T05:53:42.682+0000] {processor.py:830} INFO - Processing file /opt/airflow/dags/dag_crime_pipeline.py for tasks to queue
[2026-05-27T05:53:42.685+0000] {logging_mixin.py:188} INFO - [2026-05-27T05:53:42.684+0000] {dagbag.py:538} INFO - Filling up the DagBag from /opt/airflow/dags/dag_crime_pipeline.py
[2026-05-27T05:53:42.723+0000] {processor.py:840} INFO - DAG(s) 'crime_analytics_pipeline' retrieved from /opt/airflow/dags/dag_crime_pipeline.py
[2026-05-27T05:53:42.765+0000] {logging_mixin.py:188} INFO - [2026-05-27T05:53:42.764+0000] {dag.py:3036} INFO - Sync 1 DAGs
[2026-05-27T05:53:42.823+0000] {processor.py:183} INFO - Processing /opt/airflow/dags/dag_crime_pipeline.py took 0.147 seconds
[2026-05-27T05:54:13.018+0000] {processor.py:161} INFO - Started process (PID=5370) to work on /opt/airflow/dags/dag_crime_pipeline.py
[2026-05-27T05:54:13.019+0000] {processor.py:830} INFO - Processing file /opt/airflow/dags/dag_crime_pipeline.py for tasks to queue
[2026-05-27T05:54:13.022+0000] {logging_mixin.py:188} INFO - [2026-05-27T05:54:13.021+0000] {dagbag.py:538} INFO - Filling up the DagBag from /opt/airflow/dags/dag_crime_pipeline.py
[2026-05-27T05:54:13.054+0000] {processor.py:840} INFO - DAG(s) 'crime_analytics_pipeline' retrieved from /opt/airflow/dags/dag_crime_pipeline.py
[2026-05-27T05:54:13.086+0000] {logging_mixin.py:188} INFO - [2026-05-27T05:54:13.086+0000] {dag.py:3036} INFO - Sync 1 DAGs
[2026-05-27T05:54:13.152+0000] {processor.py:183} INFO - Processing /opt/airflow/dags/dag_crime_pipeline.py took 0.138 seconds
[2026-05-27T05:54:43.364+0000] {processor.py:161} INFO - Started process (PID=5375) to work on /opt/airflow/dags/dag_crime_pipeline.py
[2026-05-27T05:54:43.372+0000] {processor.py:830} INFO - Processing file /opt/airflow/dags/dag_crime_pipeline.py for tasks to queue
[2026-05-27T05:54:43.377+0000] {logging_mixin.py:188} INFO - [2026-05-27T05:54:43.376+0000] {dagbag.py:538} INFO - Filling up the DagBag from /opt/airflow/dags/dag_crime_pipeline.py
[2026-05-27T05:54:43.420+0000] {processor.py:840} INFO - DAG(s) 'crime_analytics_pipeline' retrieved from /opt/airflow/dags/dag_crime_pipeline.py
[2026-05-27T05:54:43.452+0000] {logging_mixin.py:188} INFO - [2026-05-27T05:54:43.452+0000] {dag.py:3036} INFO - Sync 1 DAGs
[2026-05-27T05:54:43.493+0000] {processor.py:183} INFO - Processing /opt/airflow/dags/dag_crime_pipeline.py took 0.134 seconds
[2026-05-27T05:55:13.674+0000] {processor.py:161} INFO - Started process (PID=5380) to work on /opt/airflow/dags/dag_crime_pipeline.py
[2026-05-27T05:55:13.676+0000] {processor.py:830} INFO - Processing file /opt/airflow/dags/dag_crime_pipeline.py for tasks to queue
[2026-05-27T05:55:13.679+0000] {logging_mixin.py:188} INFO - [2026-05-27T05:55:13.678+0000] {dagbag.py:538} INFO - Filling up the DagBag from /opt/airflow/dags/dag_crime_pipeline.py
[2026-05-27T05:55:13.719+0000] {processor.py:840} INFO - DAG(s) 'crime_analytics_pipeline' retrieved from /opt/airflow/dags/dag_crime_pipeline.py
[2026-05-27T05:55:13.753+0000] {logging_mixin.py:188} INFO - [2026-05-27T05:55:13.753+0000] {dag.py:3036} INFO - Sync 1 DAGs
[2026-05-27T05:55:13.796+0000] {processor.py:183} INFO - Processing /opt/airflow/dags/dag_crime_pipeline.py took 0.127 seconds
[2026-05-27T05:55:43.995+0000] {processor.py:161} INFO - Started process (PID=5385) to work on /opt/airflow/dags/dag_crime_pipeline.py
[2026-05-27T05:55:43.996+0000] {processor.py:830} INFO - Processing file /opt/airflow/dags/dag_crime_pipeline.py for tasks to queue
[2026-05-27T05:55:43.999+0000] {logging_mixin.py:188} INFO - [2026-05-27T05:55:43.999+0000] {dagbag.py:538} INFO - Filling up the DagBag from /opt/airflow/dags/dag_crime_pipeline.py
[2026-05-27T05:55:44.039+0000] {processor.py:840} INFO - DAG(s) 'crime_analytics_pipeline' retrieved from /opt/airflow/dags/dag_crime_pipeline.py
[2026-05-27T05:55:44.071+0000] {logging_mixin.py:188} INFO - [2026-05-27T05:55:44.070+0000] {dag.py:3036} INFO - Sync 1 DAGs
[2026-05-27T05:55:44.134+0000] {processor.py:183} INFO - Processing /opt/airflow/dags/dag_crime_pipeline.py took 0.144 seconds
[2026-05-27T05:56:14.308+0000] {processor.py:161} INFO - Started process (PID=5390) to work on /opt/airflow/dags/dag_crime_pipeline.py
[2026-05-27T05:56:14.310+0000] {processor.py:830} INFO - Processing file /opt/airflow/dags/dag_crime_pipeline.py for tasks to queue
[2026-05-27T05:56:14.313+0000] {logging_mixin.py:188} INFO - [2026-05-27T05:56:14.312+0000] {dagbag.py:538} INFO - Filling up the DagBag from /opt/airflow/dags/dag_crime_pipeline.py
[2026-05-27T05:56:14.355+0000] {processor.py:840} INFO - DAG(s) 'crime_analytics_pipeline' retrieved from /opt/airflow/dags/dag_crime_pipeline.py
[2026-05-27T05:56:14.391+0000] {logging_mixin.py:188} INFO - [2026-05-27T05:56:14.390+0000] {dag.py:3036} INFO - Sync 1 DAGs
[2026-05-27T05:56:14.441+0000] {processor.py:183} INFO - Processing /opt/airflow/dags/dag_crime_pipeline.py took 0.137 seconds
[2026-05-27T05:56:44.727+0000] {processor.py:161} INFO - Started process (PID=5395) to work on /opt/airflow/dags/dag_crime_pipeline.py
[2026-05-27T05:56:44.729+0000] {processor.py:830} INFO - Processing file /opt/airflow/dags/dag_crime_pipeline.py for tasks to queue
[2026-05-27T05:56:44.731+0000] {logging_mixin.py:188} INFO - [2026-05-27T05:56:44.731+0000] {dagbag.py:538} INFO - Filling up the DagBag from /opt/airflow/dags/dag_crime_pipeline.py
[2026-05-27T05:56:44.767+0000] {processor.py:840} INFO - DAG(s) 'crime_analytics_pipeline' retrieved from /opt/airflow/dags/dag_crime_pipeline.py
[2026-05-27T05:56:44.798+0000] {logging_mixin.py:188} INFO - [2026-05-27T05:56:44.797+0000] {dag.py:3036} INFO - Sync 1 DAGs
[2026-05-27T05:56:44.846+0000] {processor.py:183} INFO - Processing /opt/airflow/dags/dag_crime_pipeline.py took 0.123 seconds
[2026-05-27T05:57:15.147+0000] {processor.py:161} INFO - Started process (PID=5400) to work on /opt/airflow/dags/dag_crime_pipeline.py
[2026-05-27T05:57:15.150+0000] {processor.py:830} INFO - Processing file /opt/airflow/dags/dag_crime_pipeline.py for tasks to queue
[2026-05-27T05:57:15.153+0000] {logging_mixin.py:188} INFO - [2026-05-27T05:57:15.152+0000] {dagbag.py:538} INFO - Filling up the DagBag from /opt/airflow/dags/dag_crime_pipeline.py
[2026-05-27T05:57:15.195+0000] {processor.py:840} INFO - DAG(s) 'crime_analytics_pipeline' retrieved from /opt/airflow/dags/dag_crime_pipeline.py
[2026-05-27T05:57:15.232+0000] {logging_mixin.py:188} INFO - [2026-05-27T05:57:15.232+0000] {dag.py:3036} INFO - Sync 1 DAGs
[2026-05-27T05:57:15.287+0000] {processor.py:183} INFO - Processing /opt/airflow/dags/dag_crime_pipeline.py took 0.144 seconds
[2026-05-27T05:57:45.462+0000] {processor.py:161} INFO - Started process (PID=5405) to work on /opt/airflow/dags/dag_crime_pipeline.py
[2026-05-27T05:57:45.463+0000] {processor.py:830} INFO - Processing file /opt/airflow/dags/dag_crime_pipeline.py for tasks to queue
[2026-05-27T05:57:45.465+0000] {logging_mixin.py:188} INFO - [2026-05-27T05:57:45.465+0000] {dagbag.py:538} INFO - Filling up the DagBag from /opt/airflow/dags/dag_crime_pipeline.py
[2026-05-27T05:57:45.505+0000] {processor.py:840} INFO - DAG(s) 'crime_analytics_pipeline' retrieved from /opt/airflow/dags/dag_crime_pipeline.py
[2026-05-27T05:57:45.547+0000] {logging_mixin.py:188} INFO - [2026-05-27T05:57:45.547+0000] {dag.py:3036} INFO - Sync 1 DAGs
[2026-05-27T05:57:45.590+0000] {processor.py:183} INFO - Processing /opt/airflow/dags/dag_crime_pipeline.py took 0.134 seconds
[2026-05-27T05:58:15.850+0000] {processor.py:161} INFO - Started process (PID=5410) to work on /opt/airflow/dags/dag_crime_pipeline.py
[2026-05-27T05:58:15.851+0000] {processor.py:830} INFO - Processing file /opt/airflow/dags/dag_crime_pipeline.py for tasks to queue
[2026-05-27T05:58:15.854+0000] {logging_mixin.py:188} INFO - [2026-05-27T05:58:15.853+0000] {dagbag.py:538} INFO - Filling up the DagBag from /opt/airflow/dags/dag_crime_pipeline.py
[2026-05-27T05:58:15.888+0000] {processor.py:840} INFO - DAG(s) 'crime_analytics_pipeline' retrieved from /opt/airflow/dags/dag_crime_pipeline.py
[2026-05-27T05:58:15.920+0000] {logging_mixin.py:188} INFO - [2026-05-27T05:58:15.919+0000] {dag.py:3036} INFO - Sync 1 DAGs
[2026-05-27T05:58:15.980+0000] {processor.py:183} INFO - Processing /opt/airflow/dags/dag_crime_pipeline.py took 0.132 seconds
[2026-05-27T05:58:46.117+0000] {processor.py:161} INFO - Started process (PID=5415) to work on /opt/airflow/dags/dag_crime_pipeline.py
[2026-05-27T05:58:46.119+0000] {processor.py:830} INFO - Processing file /opt/airflow/dags/dag_crime_pipeline.py for tasks to queue
[2026-05-27T05:58:46.122+0000] {logging_mixin.py:188} INFO - [2026-05-27T05:58:46.121+0000] {dagbag.py:538} INFO - Filling up the DagBag from /opt/airflow/dags/dag_crime_pipeline.py
[2026-05-27T05:58:46.156+0000] {processor.py:840} INFO - DAG(s) 'crime_analytics_pipeline' retrieved from /opt/airflow/dags/dag_crime_pipeline.py
[2026-05-27T05:58:46.185+0000] {logging_mixin.py:188} INFO - [2026-05-27T05:58:46.185+0000] {dag.py:3036} INFO - Sync 1 DAGs
[2026-05-27T05:58:46.251+0000] {processor.py:183} INFO - Processing /opt/airflow/dags/dag_crime_pipeline.py took 0.138 seconds
[2026-05-27T05:59:16.533+0000] {processor.py:161} INFO - Started process (PID=5420) to work on /opt/airflow/dags/dag_crime_pipeline.py
[2026-05-27T05:59:16.535+0000] {processor.py:830} INFO - Processing file /opt/airflow/dags/dag_crime_pipeline.py for tasks to queue
[2026-05-27T05:59:16.538+0000] {logging_mixin.py:188} INFO - [2026-05-27T05:59:16.537+0000] {dagbag.py:538} INFO - Filling up the DagBag from /opt/airflow/dags/dag_crime_pipeline.py
[2026-05-27T05:59:16.577+0000] {processor.py:840} INFO - DAG(s) 'crime_analytics_pipeline' retrieved from /opt/airflow/dags/dag_crime_pipeline.py
[2026-05-27T05:59:16.615+0000] {logging_mixin.py:188} INFO - [2026-05-27T05:59:16.615+0000] {dag.py:3036} INFO - Sync 1 DAGs
[2026-05-27T05:59:16.680+0000] {processor.py:183} INFO - Processing /opt/airflow/dags/dag_crime_pipeline.py took 0.150 seconds
[2026-05-27T05:59:46.830+0000] {processor.py:161} INFO - Started process (PID=5425) to work on /opt/airflow/dags/dag_crime_pipeline.py
[2026-05-27T05:59:46.832+0000] {processor.py:830} INFO - Processing file /opt/airflow/dags/dag_crime_pipeline.py for tasks to queue
[2026-05-27T05:59:46.836+0000] {logging_mixin.py:188} INFO - [2026-05-27T05:59:46.835+0000] {dagbag.py:538} INFO - Filling up the DagBag from /opt/airflow/dags/dag_crime_pipeline.py
[2026-05-27T05:59:46.877+0000] {processor.py:840} INFO - DAG(s) 'crime_analytics_pipeline' retrieved from /opt/airflow/dags/dag_crime_pipeline.py
[2026-05-27T05:59:46.916+0000] {logging_mixin.py:188} INFO - [2026-05-27T05:59:46.916+0000] {dag.py:3036} INFO - Sync 1 DAGs
[2026-05-27T05:59:46.983+0000] {processor.py:183} INFO - Processing /opt/airflow/dags/dag_crime_pipeline.py took 0.157 seconds
[2026-05-27T06:00:17.227+0000] {processor.py:161} INFO - Started process (PID=5430) to work on /opt/airflow/dags/dag_crime_pipeline.py
[2026-05-27T06:00:17.229+0000] {processor.py:830} INFO - Processing file /opt/airflow/dags/dag_crime_pipeline.py for tasks to queue
[2026-05-27T06:00:17.231+0000] {logging_mixin.py:188} INFO - [2026-05-27T06:00:17.231+0000] {dagbag.py:538} INFO - Filling up the DagBag from /opt/airflow/dags/dag_crime_pipeline.py
[2026-05-27T06:00:17.272+0000] {processor.py:840} INFO - DAG(s) 'crime_analytics_pipeline' retrieved from /opt/airflow/dags/dag_crime_pipeline.py
[2026-05-27T06:00:17.305+0000] {logging_mixin.py:188} INFO - [2026-05-27T06:00:17.305+0000] {dag.py:3036} INFO - Sync 1 DAGs
[2026-05-27T06:00:17.344+0000] {processor.py:183} INFO - Processing /opt/airflow/dags/dag_crime_pipeline.py took 0.121 seconds
[2026-05-27T06:00:47.538+0000] {processor.py:161} INFO - Started process (PID=5435) to work on /opt/airflow/dags/dag_crime_pipeline.py
[2026-05-27T06:00:47.540+0000] {processor.py:830} INFO - Processing file /opt/airflow/dags/dag_crime_pipeline.py for tasks to queue
[2026-05-27T06:00:47.544+0000] {logging_mixin.py:188} INFO - [2026-05-27T06:00:47.543+0000] {dagbag.py:538} INFO - Filling up the DagBag from /opt/airflow/dags/dag_crime_pipeline.py
[2026-05-27T06:00:47.590+0000] {processor.py:840} INFO - DAG(s) 'crime_analytics_pipeline' retrieved from /opt/airflow/dags/dag_crime_pipeline.py
[2026-05-27T06:00:47.637+0000] {logging_mixin.py:188} INFO - [2026-05-27T06:00:47.636+0000] {dag.py:3036} INFO - Sync 1 DAGs
[2026-05-27T06:00:47.693+0000] {processor.py:183} INFO - Processing /opt/airflow/dags/dag_crime_pipeline.py took 0.161 seconds
[2026-05-27T06:01:17.860+0000] {processor.py:161} INFO - Started process (PID=5440) to work on /opt/airflow/dags/dag_crime_pipeline.py
[2026-05-27T06:01:17.862+0000] {processor.py:830} INFO - Processing file /opt/airflow/dags/dag_crime_pipeline.py for tasks to queue
[2026-05-27T06:01:17.864+0000] {logging_mixin.py:188} INFO - [2026-05-27T06:01:17.864+0000] {dagbag.py:538} INFO - Filling up the DagBag from /opt/airflow/dags/dag_crime_pipeline.py
[2026-05-27T06:01:17.904+0000] {processor.py:840} INFO - DAG(s) 'crime_analytics_pipeline' retrieved from /opt/airflow/dags/dag_crime_pipeline.py
[2026-05-27T06:01:17.936+0000] {logging_mixin.py:188} INFO - [2026-05-27T06:01:17.936+0000] {dag.py:3036} INFO - Sync 1 DAGs
[2026-05-27T06:01:17.995+0000] {processor.py:183} INFO - Processing /opt/airflow/dags/dag_crime_pipeline.py took 0.140 seconds
[2026-05-27T06:01:48.183+0000] {processor.py:161} INFO - Started process (PID=5445) to work on /opt/airflow/dags/dag_crime_pipeline.py
[2026-05-27T06:01:48.184+0000] {processor.py:830} INFO - Processing file /opt/airflow/dags/dag_crime_pipeline.py for tasks to queue
[2026-05-27T06:01:48.188+0000] {logging_mixin.py:188} INFO - [2026-05-27T06:01:48.187+0000] {dagbag.py:538} INFO - Filling up the DagBag from /opt/airflow/dags/dag_crime_pipeline.py
[2026-05-27T06:01:48.227+0000] {processor.py:840} INFO - DAG(s) 'crime_analytics_pipeline' retrieved from /opt/airflow/dags/dag_crime_pipeline.py
[2026-05-27T06:01:48.259+0000] {logging_mixin.py:188} INFO - [2026-05-27T06:01:48.259+0000] {dag.py:3036} INFO - Sync 1 DAGs
[2026-05-27T06:01:48.302+0000] {processor.py:183} INFO - Processing /opt/airflow/dags/dag_crime_pipeline.py took 0.124 seconds
[2026-05-27T06:02:18.582+0000] {processor.py:161} INFO - Started process (PID=5450) to work on /opt/airflow/dags/dag_crime_pipeline.py
[2026-05-27T06:02:18.584+0000] {processor.py:830} INFO - Processing file /opt/airflow/dags/dag_crime_pipeline.py for tasks to queue
[2026-05-27T06:02:18.586+0000] {logging_mixin.py:188} INFO - [2026-05-27T06:02:18.586+0000] {dagbag.py:538} INFO - Filling up the DagBag from /opt/airflow/dags/dag_crime_pipeline.py
[2026-05-27T06:02:18.625+0000] {processor.py:840} INFO - DAG(s) 'crime_analytics_pipeline' retrieved from /opt/airflow/dags/dag_crime_pipeline.py
[2026-05-27T06:02:18.666+0000] {logging_mixin.py:188} INFO - [2026-05-27T06:02:18.665+0000] {dag.py:3036} INFO - Sync 1 DAGs
[2026-05-27T06:02:18.711+0000] {processor.py:183} INFO - Processing /opt/airflow/dags/dag_crime_pipeline.py took 0.133 seconds
[2026-05-27T06:02:48.856+0000] {processor.py:161} INFO - Started process (PID=5455) to work on /opt/airflow/dags/dag_crime_pipeline.py
[2026-05-27T06:02:48.858+0000] {processor.py:830} INFO - Processing file /opt/airflow/dags/dag_crime_pipeline.py for tasks to queue
[2026-05-27T06:02:48.861+0000] {logging_mixin.py:188} INFO - [2026-05-27T06:02:48.861+0000] {dagbag.py:538} INFO - Filling up the DagBag from /opt/airflow/dags/dag_crime_pipeline.py
[2026-05-27T06:02:48.901+0000] {processor.py:840} INFO - DAG(s) 'crime_analytics_pipeline' retrieved from /opt/airflow/dags/dag_crime_pipeline.py
[2026-05-27T06:02:48.933+0000] {logging_mixin.py:188} INFO - [2026-05-27T06:02:48.933+0000] {dag.py:3036} INFO - Sync 1 DAGs
[2026-05-27T06:02:48.991+0000] {processor.py:183} INFO - Processing /opt/airflow/dags/dag_crime_pipeline.py took 0.140 seconds
[2026-05-27T06:03:19.221+0000] {processor.py:161} INFO - Started process (PID=5460) to work on /opt/airflow/dags/dag_crime_pipeline.py
[2026-05-27T06:03:19.222+0000] {processor.py:830} INFO - Processing file /opt/airflow/dags/dag_crime_pipeline.py for tasks to queue
[2026-05-27T06:03:19.225+0000] {logging_mixin.py:188} INFO - [2026-05-27T06:03:19.225+0000] {dagbag.py:538} INFO - Filling up the DagBag from /opt/airflow/dags/dag_crime_pipeline.py
[2026-05-27T06:03:19.264+0000] {processor.py:840} INFO - DAG(s) 'crime_analytics_pipeline' retrieved from /opt/airflow/dags/dag_crime_pipeline.py
[2026-05-27T06:03:19.297+0000] {logging_mixin.py:188} INFO - [2026-05-27T06:03:19.297+0000] {dag.py:3036} INFO - Sync 1 DAGs
[2026-05-27T06:03:19.353+0000] {processor.py:183} INFO - Processing /opt/airflow/dags/dag_crime_pipeline.py took 0.136 seconds
[2026-05-27T06:03:49.496+0000] {processor.py:161} INFO - Started process (PID=5465) to work on /opt/airflow/dags/dag_crime_pipeline.py
[2026-05-27T06:03:49.498+0000] {processor.py:830} INFO - Processing file /opt/airflow/dags/dag_crime_pipeline.py for tasks to queue
[2026-05-27T06:03:49.501+0000] {logging_mixin.py:188} INFO - [2026-05-27T06:03:49.500+0000] {dagbag.py:538} INFO - Filling up the DagBag from /opt/airflow/dags/dag_crime_pipeline.py
[2026-05-27T06:03:49.538+0000] {processor.py:840} INFO - DAG(s) 'crime_analytics_pipeline' retrieved from /opt/airflow/dags/dag_crime_pipeline.py
[2026-05-27T06:03:49.575+0000] {logging_mixin.py:188} INFO - [2026-05-27T06:03:49.574+0000] {dag.py:3036} INFO - Sync 1 DAGs
[2026-05-27T06:03:49.623+0000] {processor.py:183} INFO - Processing /opt/airflow/dags/dag_crime_pipeline.py took 0.131 seconds
[2026-05-27T06:04:19.937+0000] {processor.py:161} INFO - Started process (PID=5470) to work on /opt/airflow/dags/dag_crime_pipeline.py
[2026-05-27T06:04:19.939+0000] {processor.py:830} INFO - Processing file /opt/airflow/dags/dag_crime_pipeline.py for tasks to queue
[2026-05-27T06:04:19.942+0000] {logging_mixin.py:188} INFO - [2026-05-27T06:04:19.942+0000] {dagbag.py:538} INFO - Filling up the DagBag from /opt/airflow/dags/dag_crime_pipeline.py
[2026-05-27T06:04:19.980+0000] {processor.py:840} INFO - DAG(s) 'crime_analytics_pipeline' retrieved from /opt/airflow/dags/dag_crime_pipeline.py
[2026-05-27T06:04:20.013+0000] {logging_mixin.py:188} INFO - [2026-05-27T06:04:20.012+0000] {dag.py:3036} INFO - Sync 1 DAGs
[2026-05-27T06:04:20.060+0000] {processor.py:183} INFO - Processing /opt/airflow/dags/dag_crime_pipeline.py took 0.126 seconds
[2026-05-27T06:04:50.195+0000] {processor.py:161} INFO - Started process (PID=5475) to work on /opt/airflow/dags/dag_crime_pipeline.py
[2026-05-27T06:04:50.197+0000] {processor.py:830} INFO - Processing file /opt/airflow/dags/dag_crime_pipeline.py for tasks to queue
[2026-05-27T06:04:50.201+0000] {logging_mixin.py:188} INFO - [2026-05-27T06:04:50.201+0000] {dagbag.py:538} INFO - Filling up the DagBag from /opt/airflow/dags/dag_crime_pipeline.py
[2026-05-27T06:04:50.242+0000] {processor.py:840} INFO - DAG(s) 'crime_analytics_pipeline' retrieved from /opt/airflow/dags/dag_crime_pipeline.py
[2026-05-27T06:04:50.278+0000] {logging_mixin.py:188} INFO - [2026-05-27T06:04:50.277+0000] {dag.py:3036} INFO - Sync 1 DAGs
[2026-05-27T06:04:50.323+0000] {processor.py:183} INFO - Processing /opt/airflow/dags/dag_crime_pipeline.py took 0.133 seconds
[2026-05-27T06:05:20.530+0000] {processor.py:161} INFO - Started process (PID=5480) to work on /opt/airflow/dags/dag_crime_pipeline.py
[2026-05-27T06:05:20.532+0000] {processor.py:830} INFO - Processing file /opt/airflow/dags/dag_crime_pipeline.py for tasks to queue
[2026-05-27T06:05:20.535+0000] {logging_mixin.py:188} INFO - [2026-05-27T06:05:20.534+0000] {dagbag.py:538} INFO - Filling up the DagBag from /opt/airflow/dags/dag_crime_pipeline.py
[2026-05-27T06:05:20.579+0000] {processor.py:840} INFO - DAG(s) 'crime_analytics_pipeline' retrieved from /opt/airflow/dags/dag_crime_pipeline.py
[2026-05-27T06:05:20.615+0000] {logging_mixin.py:188} INFO - [2026-05-27T06:05:20.615+0000] {dag.py:3036} INFO - Sync 1 DAGs
[2026-05-27T06:05:20.656+0000] {processor.py:183} INFO - Processing /opt/airflow/dags/dag_crime_pipeline.py took 0.130 seconds
[2026-05-27T06:05:50.824+0000] {processor.py:161} INFO - Started process (PID=5485) to work on /opt/airflow/dags/dag_crime_pipeline.py
[2026-05-27T06:05:50.826+0000] {processor.py:830} INFO - Processing file /opt/airflow/dags/dag_crime_pipeline.py for tasks to queue
[2026-05-27T06:05:50.829+0000] {logging_mixin.py:188} INFO - [2026-05-27T06:05:50.828+0000] {dagbag.py:538} INFO - Filling up the DagBag from /opt/airflow/dags/dag_crime_pipeline.py
[2026-05-27T06:05:50.869+0000] {processor.py:840} INFO - DAG(s) 'crime_analytics_pipeline' retrieved from /opt/airflow/dags/dag_crime_pipeline.py
[2026-05-27T06:05:50.906+0000] {logging_mixin.py:188} INFO - [2026-05-27T06:05:50.906+0000] {dag.py:3036} INFO - Sync 1 DAGs
[2026-05-27T06:05:51.022+0000] {processor.py:183} INFO - Processing /opt/airflow/dags/dag_crime_pipeline.py took 0.148 seconds
[2026-05-27T06:06:21.214+0000] {processor.py:161} INFO - Started process (PID=5490) to work on /opt/airflow/dags/dag_crime_pipeline.py
[2026-05-27T06:06:21.217+0000] {processor.py:830} INFO - Processing file /opt/airflow/dags/dag_crime_pipeline.py for tasks to queue
[2026-05-27T06:06:21.220+0000] {logging_mixin.py:188} INFO - [2026-05-27T06:06:21.220+0000] {dagbag.py:538} INFO - Filling up the DagBag from /opt/airflow/dags/dag_crime_pipeline.py
[2026-05-27T06:06:21.259+0000] {processor.py:840} INFO - DAG(s) 'crime_analytics_pipeline' retrieved from /opt/airflow/dags/dag_crime_pipeline.py
[2026-05-27T06:06:21.294+0000] {logging_mixin.py:188} INFO - [2026-05-27T06:06:21.294+0000] {dag.py:3036} INFO - Sync 1 DAGs
[2026-05-27T06:06:21.340+0000] {processor.py:183} INFO - Processing /opt/airflow/dags/dag_crime_pipeline.py took 0.131 seconds
[2026-05-27T06:06:51.521+0000] {processor.py:161} INFO - Started process (PID=5495) to work on /opt/airflow/dags/dag_crime_pipeline.py
[2026-05-27T06:06:51.522+0000] {processor.py:830} INFO - Processing file /opt/airflow/dags/dag_crime_pipeline.py for tasks to queue
[2026-05-27T06:06:51.526+0000] {logging_mixin.py:188} INFO - [2026-05-27T06:06:51.525+0000] {dagbag.py:538} INFO - Filling up the DagBag from /opt/airflow/dags/dag_crime_pipeline.py
[2026-05-27T06:06:51.565+0000] {processor.py:840} INFO - DAG(s) 'crime_analytics_pipeline' retrieved from /opt/airflow/dags/dag_crime_pipeline.py
[2026-05-27T06:06:51.598+0000] {logging_mixin.py:188} INFO - [2026-05-27T06:06:51.598+0000] {dag.py:3036} INFO - Sync 1 DAGs
[2026-05-27T06:06:51.660+0000] {processor.py:183} INFO - Processing /opt/airflow/dags/dag_crime_pipeline.py took 0.145 seconds
[2026-05-27T06:07:21.877+0000] {processor.py:161} INFO - Started process (PID=5500) to work on /opt/airflow/dags/dag_crime_pipeline.py
[2026-05-27T06:07:21.879+0000] {processor.py:830} INFO - Processing file /opt/airflow/dags/dag_crime_pipeline.py for tasks to queue
[2026-05-27T06:07:21.882+0000] {logging_mixin.py:188} INFO - [2026-05-27T06:07:21.881+0000] {dagbag.py:538} INFO - Filling up the DagBag from /opt/airflow/dags/dag_crime_pipeline.py
[2026-05-27T06:07:21.932+0000] {processor.py:840} INFO - DAG(s) 'crime_analytics_pipeline' retrieved from /opt/airflow/dags/dag_crime_pipeline.py
[2026-05-27T06:07:21.970+0000] {logging_mixin.py:188} INFO - [2026-05-27T06:07:21.969+0000] {dag.py:3036} INFO - Sync 1 DAGs
[2026-05-27T06:07:22.015+0000] {processor.py:183} INFO - Processing /opt/airflow/dags/dag_crime_pipeline.py took 0.143 seconds
[2026-05-27T06:07:52.160+0000] {processor.py:161} INFO - Started process (PID=5505) to work on /opt/airflow/dags/dag_crime_pipeline.py
[2026-05-27T06:07:52.161+0000] {processor.py:830} INFO - Processing file /opt/airflow/dags/dag_crime_pipeline.py for tasks to queue
[2026-05-27T06:07:52.164+0000] {logging_mixin.py:188} INFO - [2026-05-27T06:07:52.164+0000] {dagbag.py:538} INFO - Filling up the DagBag from /opt/airflow/dags/dag_crime_pipeline.py
[2026-05-27T06:07:52.204+0000] {processor.py:840} INFO - DAG(s) 'crime_analytics_pipeline' retrieved from /opt/airflow/dags/dag_crime_pipeline.py
[2026-05-27T06:07:52.240+0000] {logging_mixin.py:188} INFO - [2026-05-27T06:07:52.240+0000] {dag.py:3036} INFO - Sync 1 DAGs
[2026-05-27T06:07:52.281+0000] {processor.py:183} INFO - Processing /opt/airflow/dags/dag_crime_pipeline.py took 0.127 seconds
[2026-05-27T06:08:22.525+0000] {processor.py:161} INFO - Started process (PID=5510) to work on /opt/airflow/dags/dag_crime_pipeline.py
[2026-05-27T06:08:22.527+0000] {processor.py:830} INFO - Processing file /opt/airflow/dags/dag_crime_pipeline.py for tasks to queue
[2026-05-27T06:08:22.530+0000] {logging_mixin.py:188} INFO - [2026-05-27T06:08:22.529+0000] {dagbag.py:538} INFO - Filling up the DagBag from /opt/airflow/dags/dag_crime_pipeline.py
[2026-05-27T06:08:22.574+0000] {processor.py:840} INFO - DAG(s) 'crime_analytics_pipeline' retrieved from /opt/airflow/dags/dag_crime_pipeline.py
[2026-05-27T06:08:22.608+0000] {logging_mixin.py:188} INFO - [2026-05-27T06:08:22.608+0000] {dag.py:3036} INFO - Sync 1 DAGs
[2026-05-27T06:08:22.649+0000] {processor.py:183} INFO - Processing /opt/airflow/dags/dag_crime_pipeline.py took 0.129 seconds
[2026-05-27T06:08:52.795+0000] {processor.py:161} INFO - Started process (PID=5515) to work on /opt/airflow/dags/dag_crime_pipeline.py
[2026-05-27T06:08:52.796+0000] {processor.py:830} INFO - Processing file /opt/airflow/dags/dag_crime_pipeline.py for tasks to queue
[2026-05-27T06:08:52.800+0000] {logging_mixin.py:188} INFO - [2026-05-27T06:08:52.799+0000] {dagbag.py:538} INFO - Filling up the DagBag from /opt/airflow/dags/dag_crime_pipeline.py
[2026-05-27T06:08:52.838+0000] {processor.py:840} INFO - DAG(s) 'crime_analytics_pipeline' retrieved from /opt/airflow/dags/dag_crime_pipeline.py
[2026-05-27T06:08:52.870+0000] {logging_mixin.py:188} INFO - [2026-05-27T06:08:52.869+0000] {dag.py:3036} INFO - Sync 1 DAGs
[2026-05-27T06:08:52.929+0000] {processor.py:183} INFO - Processing /opt/airflow/dags/dag_crime_pipeline.py took 0.138 seconds
[2026-05-27T06:09:23.140+0000] {processor.py:161} INFO - Started process (PID=5520) to work on /opt/airflow/dags/dag_crime_pipeline.py
[2026-05-27T06:09:23.142+0000] {processor.py:830} INFO - Processing file /opt/airflow/dags/dag_crime_pipeline.py for tasks to queue
[2026-05-27T06:09:23.145+0000] {logging_mixin.py:188} INFO - [2026-05-27T06:09:23.145+0000] {dagbag.py:538} INFO - Filling up the DagBag from /opt/airflow/dags/dag_crime_pipeline.py
[2026-05-27T06:09:23.187+0000] {processor.py:840} INFO - DAG(s) 'crime_analytics_pipeline' retrieved from /opt/airflow/dags/dag_crime_pipeline.py
[2026-05-27T06:09:23.220+0000] {logging_mixin.py:188} INFO - [2026-05-27T06:09:23.219+0000] {dag.py:3036} INFO - Sync 1 DAGs
[2026-05-27T06:09:23.280+0000] {processor.py:183} INFO - Processing /opt/airflow/dags/dag_crime_pipeline.py took 0.145 seconds
[2026-05-27T06:09:53.435+0000] {processor.py:161} INFO - Started process (PID=5525) to work on /opt/airflow/dags/dag_crime_pipeline.py
[2026-05-27T06:09:53.436+0000] {processor.py:830} INFO - Processing file /opt/airflow/dags/dag_crime_pipeline.py for tasks to queue
[2026-05-27T06:09:53.440+0000] {logging_mixin.py:188} INFO - [2026-05-27T06:09:53.439+0000] {dagbag.py:538} INFO - Filling up the DagBag from /opt/airflow/dags/dag_crime_pipeline.py
[2026-05-27T06:09:53.485+0000] {processor.py:840} INFO - DAG(s) 'crime_analytics_pipeline' retrieved from /opt/airflow/dags/dag_crime_pipeline.py
[2026-05-27T06:09:53.521+0000] {logging_mixin.py:188} INFO - [2026-05-27T06:09:53.520+0000] {dag.py:3036} INFO - Sync 1 DAGs
[2026-05-27T06:09:53.585+0000] {processor.py:183} INFO - Processing /opt/airflow/dags/dag_crime_pipeline.py took 0.156 seconds
[2026-05-27T06:10:23.803+0000] {processor.py:161} INFO - Started process (PID=5530) to work on /opt/airflow/dags/dag_crime_pipeline.py
[2026-05-27T06:10:23.805+0000] {processor.py:830} INFO - Processing file /opt/airflow/dags/dag_crime_pipeline.py for tasks to queue
[2026-05-27T06:10:23.813+0000] {logging_mixin.py:188} INFO - [2026-05-27T06:10:23.812+0000] {dagbag.py:538} INFO - Filling up the DagBag from /opt/airflow/dags/dag_crime_pipeline.py
[2026-05-27T06:10:23.859+0000] {processor.py:840} INFO - DAG(s) 'crime_analytics_pipeline' retrieved from /opt/airflow/dags/dag_crime_pipeline.py
[2026-05-27T06:10:23.893+0000] {logging_mixin.py:188} INFO - [2026-05-27T06:10:23.892+0000] {dag.py:3036} INFO - Sync 1 DAGs
[2026-05-27T06:10:23.962+0000] {processor.py:183} INFO - Processing /opt/airflow/dags/dag_crime_pipeline.py took 0.167 seconds
[2026-05-27T06:10:54.139+0000] {processor.py:161} INFO - Started process (PID=5535) to work on /opt/airflow/dags/dag_crime_pipeline.py
[2026-05-27T06:10:54.142+0000] {processor.py:830} INFO - Processing file /opt/airflow/dags/dag_crime_pipeline.py for tasks to queue
[2026-05-27T06:10:54.149+0000] {logging_mixin.py:188} INFO - [2026-05-27T06:10:54.148+0000] {dagbag.py:538} INFO - Filling up the DagBag from /opt/airflow/dags/dag_crime_pipeline.py
[2026-05-27T06:10:54.210+0000] {processor.py:840} INFO - DAG(s) 'crime_analytics_pipeline' retrieved from /opt/airflow/dags/dag_crime_pipeline.py
[2026-05-27T06:10:54.245+0000] {logging_mixin.py:188} INFO - [2026-05-27T06:10:54.245+0000] {dag.py:3036} INFO - Sync 1 DAGs
[2026-05-27T06:10:54.309+0000] {processor.py:183} INFO - Processing /opt/airflow/dags/dag_crime_pipeline.py took 0.177 seconds
[2026-05-27T06:11:24.508+0000] {processor.py:161} INFO - Started process (PID=5540) to work on /opt/airflow/dags/dag_crime_pipeline.py
[2026-05-27T06:11:24.511+0000] {processor.py:830} INFO - Processing file /opt/airflow/dags/dag_crime_pipeline.py for tasks to queue
[2026-05-27T06:11:24.514+0000] {logging_mixin.py:188} INFO - [2026-05-27T06:11:24.513+0000] {dagbag.py:538} INFO - Filling up the DagBag from /opt/airflow/dags/dag_crime_pipeline.py
[2026-05-27T06:11:24.555+0000] {processor.py:840} INFO - DAG(s) 'crime_analytics_pipeline' retrieved from /opt/airflow/dags/dag_crime_pipeline.py
[2026-05-27T06:11:24.590+0000] {logging_mixin.py:188} INFO - [2026-05-27T06:11:24.590+0000] {dag.py:3036} INFO - Sync 1 DAGs
[2026-05-27T06:11:24.654+0000] {processor.py:183} INFO - Processing /opt/airflow/dags/dag_crime_pipeline.py took 0.150 seconds
[2026-05-27T06:11:54.836+0000] {processor.py:161} INFO - Started process (PID=5545) to work on /opt/airflow/dags/dag_crime_pipeline.py
[2026-05-27T06:11:54.837+0000] {processor.py:830} INFO - Processing file /opt/airflow/dags/dag_crime_pipeline.py for tasks to queue
[2026-05-27T06:11:54.840+0000] {logging_mixin.py:188} INFO - [2026-05-27T06:11:54.840+0000] {dagbag.py:538} INFO - Filling up the DagBag from /opt/airflow/dags/dag_crime_pipeline.py
[2026-05-27T06:11:54.888+0000] {processor.py:840} INFO - DAG(s) 'crime_analytics_pipeline' retrieved from /opt/airflow/dags/dag_crime_pipeline.py
[2026-05-27T06:11:54.929+0000] {logging_mixin.py:188} INFO - [2026-05-27T06:11:54.928+0000] {dag.py:3036} INFO - Sync 1 DAGs
[2026-05-27T06:11:54.995+0000] {processor.py:183} INFO - Processing /opt/airflow/dags/dag_crime_pipeline.py took 0.164 seconds
[2026-05-27T06:12:25.246+0000] {processor.py:161} INFO - Started process (PID=5550) to work on /opt/airflow/dags/dag_crime_pipeline.py
[2026-05-27T06:12:25.248+0000] {processor.py:830} INFO - Processing file /opt/airflow/dags/dag_crime_pipeline.py for tasks to queue
[2026-05-27T06:12:25.251+0000] {logging_mixin.py:188} INFO - [2026-05-27T06:12:25.251+0000] {dagbag.py:538} INFO - Filling up the DagBag from /opt/airflow/dags/dag_crime_pipeline.py
[2026-05-27T06:12:25.295+0000] {processor.py:840} INFO - DAG(s) 'crime_analytics_pipeline' retrieved from /opt/airflow/dags/dag_crime_pipeline.py
[2026-05-27T06:12:25.328+0000] {logging_mixin.py:188} INFO - [2026-05-27T06:12:25.328+0000] {dag.py:3036} INFO - Sync 1 DAGs
[2026-05-27T06:12:25.373+0000] {processor.py:183} INFO - Processing /opt/airflow/dags/dag_crime_pipeline.py took 0.131 seconds
[2026-05-27T06:12:55.514+0000] {processor.py:161} INFO - Started process (PID=5555) to work on /opt/airflow/dags/dag_crime_pipeline.py
[2026-05-27T06:12:55.516+0000] {processor.py:830} INFO - Processing file /opt/airflow/dags/dag_crime_pipeline.py for tasks to queue
[2026-05-27T06:12:55.519+0000] {logging_mixin.py:188} INFO - [2026-05-27T06:12:55.519+0000] {dagbag.py:538} INFO - Filling up the DagBag from /opt/airflow/dags/dag_crime_pipeline.py
[2026-05-27T06:12:55.561+0000] {processor.py:840} INFO - DAG(s) 'crime_analytics_pipeline' retrieved from /opt/airflow/dags/dag_crime_pipeline.py
[2026-05-27T06:12:55.594+0000] {logging_mixin.py:188} INFO - [2026-05-27T06:12:55.594+0000] {dag.py:3036} INFO - Sync 1 DAGs
[2026-05-27T06:12:55.653+0000] {processor.py:183} INFO - Processing /opt/airflow/dags/dag_crime_pipeline.py took 0.144 seconds
[2026-05-27T06:13:25.901+0000] {processor.py:161} INFO - Started process (PID=5560) to work on /opt/airflow/dags/dag_crime_pipeline.py
[2026-05-27T06:13:25.902+0000] {processor.py:830} INFO - Processing file /opt/airflow/dags/dag_crime_pipeline.py for tasks to queue
[2026-05-27T06:13:25.905+0000] {logging_mixin.py:188} INFO - [2026-05-27T06:13:25.905+0000] {dagbag.py:538} INFO - Filling up the DagBag from /opt/airflow/dags/dag_crime_pipeline.py
[2026-05-27T06:13:25.945+0000] {processor.py:840} INFO - DAG(s) 'crime_analytics_pipeline' retrieved from /opt/airflow/dags/dag_crime_pipeline.py
[2026-05-27T06:13:25.978+0000] {logging_mixin.py:188} INFO - [2026-05-27T06:13:25.978+0000] {dag.py:3036} INFO - Sync 1 DAGs
[2026-05-27T06:13:26.043+0000] {processor.py:183} INFO - Processing /opt/airflow/dags/dag_crime_pipeline.py took 0.146 seconds
[2026-05-27T06:13:56.173+0000] {processor.py:161} INFO - Started process (PID=5565) to work on /opt/airflow/dags/dag_crime_pipeline.py
[2026-05-27T06:13:56.175+0000] {processor.py:830} INFO - Processing file /opt/airflow/dags/dag_crime_pipeline.py for tasks to queue
[2026-05-27T06:13:56.177+0000] {logging_mixin.py:188} INFO - [2026-05-27T06:13:56.177+0000] {dagbag.py:538} INFO - Filling up the DagBag from /opt/airflow/dags/dag_crime_pipeline.py
[2026-05-27T06:13:56.222+0000] {processor.py:840} INFO - DAG(s) 'crime_analytics_pipeline' retrieved from /opt/airflow/dags/dag_crime_pipeline.py
[2026-05-27T06:13:56.266+0000] {logging_mixin.py:188} INFO - [2026-05-27T06:13:56.266+0000] {dag.py:3036} INFO - Sync 1 DAGs
[2026-05-27T06:13:56.335+0000] {processor.py:183} INFO - Processing /opt/airflow/dags/dag_crime_pipeline.py took 0.167 seconds
[2026-05-27T06:14:26.579+0000] {processor.py:161} INFO - Started process (PID=5570) to work on /opt/airflow/dags/dag_crime_pipeline.py
[2026-05-27T06:14:26.581+0000] {processor.py:830} INFO - Processing file /opt/airflow/dags/dag_crime_pipeline.py for tasks to queue
[2026-05-27T06:14:26.583+0000] {logging_mixin.py:188} INFO - [2026-05-27T06:14:26.583+0000] {dagbag.py:538} INFO - Filling up the DagBag from /opt/airflow/dags/dag_crime_pipeline.py
[2026-05-27T06:14:26.628+0000] {processor.py:840} INFO - DAG(s) 'crime_analytics_pipeline' retrieved from /opt/airflow/dags/dag_crime_pipeline.py
[2026-05-27T06:14:26.671+0000] {logging_mixin.py:188} INFO - [2026-05-27T06:14:26.670+0000] {dag.py:3036} INFO - Sync 1 DAGs
[2026-05-27T06:14:26.719+0000] {processor.py:183} INFO - Processing /opt/airflow/dags/dag_crime_pipeline.py took 0.144 seconds
[2026-05-27T06:14:56.882+0000] {processor.py:161} INFO - Started process (PID=5575) to work on /opt/airflow/dags/dag_crime_pipeline.py
[2026-05-27T06:14:56.884+0000] {processor.py:830} INFO - Processing file /opt/airflow/dags/dag_crime_pipeline.py for tasks to queue
[2026-05-27T06:14:56.888+0000] {logging_mixin.py:188} INFO - [2026-05-27T06:14:56.887+0000] {dagbag.py:538} INFO - Filling up the DagBag from /opt/airflow/dags/dag_crime_pipeline.py
[2026-05-27T06:14:56.931+0000] {processor.py:840} INFO - DAG(s) 'crime_analytics_pipeline' retrieved from /opt/airflow/dags/dag_crime_pipeline.py
[2026-05-27T06:14:56.970+0000] {logging_mixin.py:188} INFO - [2026-05-27T06:14:56.970+0000] {dag.py:3036} INFO - Sync 1 DAGs
[2026-05-27T06:14:57.036+0000] {processor.py:183} INFO - Processing /opt/airflow/dags/dag_crime_pipeline.py took 0.158 seconds
[2026-05-27T06:15:27.206+0000] {processor.py:161} INFO - Started process (PID=5580) to work on /opt/airflow/dags/dag_crime_pipeline.py
[2026-05-27T06:15:27.208+0000] {processor.py:830} INFO - Processing file /opt/airflow/dags/dag_crime_pipeline.py for tasks to queue
[2026-05-27T06:15:27.211+0000] {logging_mixin.py:188} INFO - [2026-05-27T06:15:27.211+0000] {dagbag.py:538} INFO - Filling up the DagBag from /opt/airflow/dags/dag_crime_pipeline.py
[2026-05-27T06:15:27.253+0000] {processor.py:840} INFO - DAG(s) 'crime_analytics_pipeline' retrieved from /opt/airflow/dags/dag_crime_pipeline.py
[2026-05-27T06:15:27.284+0000] {logging_mixin.py:188} INFO - [2026-05-27T06:15:27.283+0000] {dag.py:3036} INFO - Sync 1 DAGs
[2026-05-27T06:15:27.325+0000] {processor.py:183} INFO - Processing /opt/airflow/dags/dag_crime_pipeline.py took 0.123 seconds
[2026-05-27T06:15:57.524+0000] {processor.py:161} INFO - Started process (PID=5585) to work on /opt/airflow/dags/dag_crime_pipeline.py
[2026-05-27T06:15:57.526+0000] {processor.py:830} INFO - Processing file /opt/airflow/dags/dag_crime_pipeline.py for tasks to queue
[2026-05-27T06:15:57.529+0000] {logging_mixin.py:188} INFO - [2026-05-27T06:15:57.528+0000] {dagbag.py:538} INFO - Filling up the DagBag from /opt/airflow/dags/dag_crime_pipeline.py
[2026-05-27T06:15:57.568+0000] {processor.py:840} INFO - DAG(s) 'crime_analytics_pipeline' retrieved from /opt/airflow/dags/dag_crime_pipeline.py
[2026-05-27T06:15:57.602+0000] {logging_mixin.py:188} INFO - [2026-05-27T06:15:57.602+0000] {dag.py:3036} INFO - Sync 1 DAGs
[2026-05-27T06:15:57.644+0000] {processor.py:183} INFO - Processing /opt/airflow/dags/dag_crime_pipeline.py took 0.124 seconds
[2026-05-27T06:16:27.818+0000] {processor.py:161} INFO - Started process (PID=5590) to work on /opt/airflow/dags/dag_crime_pipeline.py
[2026-05-27T06:16:27.820+0000] {processor.py:830} INFO - Processing file /opt/airflow/dags/dag_crime_pipeline.py for tasks to queue
[2026-05-27T06:16:27.823+0000] {logging_mixin.py:188} INFO - [2026-05-27T06:16:27.823+0000] {dagbag.py:538} INFO - Filling up the DagBag from /opt/airflow/dags/dag_crime_pipeline.py
[2026-05-27T06:16:27.864+0000] {processor.py:840} INFO - DAG(s) 'crime_analytics_pipeline' retrieved from /opt/airflow/dags/dag_crime_pipeline.py
[2026-05-27T06:16:27.899+0000] {logging_mixin.py:188} INFO - [2026-05-27T06:16:27.899+0000] {dag.py:3036} INFO - Sync 1 DAGs
[2026-05-27T06:16:27.936+0000] {processor.py:183} INFO - Processing /opt/airflow/dags/dag_crime_pipeline.py took 0.125 seconds
[2026-05-27T06:16:58.150+0000] {processor.py:161} INFO - Started process (PID=5595) to work on /opt/airflow/dags/dag_crime_pipeline.py
[2026-05-27T06:16:58.151+0000] {processor.py:830} INFO - Processing file /opt/airflow/dags/dag_crime_pipeline.py for tasks to queue
[2026-05-27T06:16:58.154+0000] {logging_mixin.py:188} INFO - [2026-05-27T06:16:58.154+0000] {dagbag.py:538} INFO - Filling up the DagBag from /opt/airflow/dags/dag_crime_pipeline.py
[2026-05-27T06:16:58.197+0000] {processor.py:840} INFO - DAG(s) 'crime_analytics_pipeline' retrieved from /opt/airflow/dags/dag_crime_pipeline.py
[2026-05-27T06:16:58.230+0000] {logging_mixin.py:188} INFO - [2026-05-27T06:16:58.230+0000] {dag.py:3036} INFO - Sync 1 DAGs
[2026-05-27T06:16:58.298+0000] {processor.py:183} INFO - Processing /opt/airflow/dags/dag_crime_pipeline.py took 0.153 seconds
[2026-05-27T06:17:28.563+0000] {processor.py:161} INFO - Started process (PID=5600) to work on /opt/airflow/dags/dag_crime_pipeline.py
[2026-05-27T06:17:28.565+0000] {processor.py:830} INFO - Processing file /opt/airflow/dags/dag_crime_pipeline.py for tasks to queue
[2026-05-27T06:17:28.567+0000] {logging_mixin.py:188} INFO - [2026-05-27T06:17:28.567+0000] {dagbag.py:538} INFO - Filling up the DagBag from /opt/airflow/dags/dag_crime_pipeline.py
[2026-05-27T06:17:28.607+0000] {processor.py:840} INFO - DAG(s) 'crime_analytics_pipeline' retrieved from /opt/airflow/dags/dag_crime_pipeline.py
[2026-05-27T06:17:28.641+0000] {logging_mixin.py:188} INFO - [2026-05-27T06:17:28.640+0000] {dag.py:3036} INFO - Sync 1 DAGs
[2026-05-27T06:17:28.706+0000] {processor.py:183} INFO - Processing /opt/airflow/dags/dag_crime_pipeline.py took 0.147 seconds
[2026-05-27T06:17:58.849+0000] {processor.py:161} INFO - Started process (PID=5605) to work on /opt/airflow/dags/dag_crime_pipeline.py
[2026-05-27T06:17:58.850+0000] {processor.py:830} INFO - Processing file /opt/airflow/dags/dag_crime_pipeline.py for tasks to queue
[2026-05-27T06:17:58.853+0000] {logging_mixin.py:188} INFO - [2026-05-27T06:17:58.852+0000] {dagbag.py:538} INFO - Filling up the DagBag from /opt/airflow/dags/dag_crime_pipeline.py
[2026-05-27T06:17:58.891+0000] {processor.py:840} INFO - DAG(s) 'crime_analytics_pipeline' retrieved from /opt/airflow/dags/dag_crime_pipeline.py
[2026-05-27T06:17:58.925+0000] {logging_mixin.py:188} INFO - [2026-05-27T06:17:58.924+0000] {dag.py:3036} INFO - Sync 1 DAGs
[2026-05-27T06:17:58.986+0000] {processor.py:183} INFO - Processing /opt/airflow/dags/dag_crime_pipeline.py took 0.142 seconds
[2026-05-27T06:18:29.227+0000] {processor.py:161} INFO - Started process (PID=5610) to work on /opt/airflow/dags/dag_crime_pipeline.py
[2026-05-27T06:18:29.228+0000] {processor.py:830} INFO - Processing file /opt/airflow/dags/dag_crime_pipeline.py for tasks to queue
[2026-05-27T06:18:29.231+0000] {logging_mixin.py:188} INFO - [2026-05-27T06:18:29.231+0000] {dagbag.py:538} INFO - Filling up the DagBag from /opt/airflow/dags/dag_crime_pipeline.py
[2026-05-27T06:18:29.270+0000] {processor.py:840} INFO - DAG(s) 'crime_analytics_pipeline' retrieved from /opt/airflow/dags/dag_crime_pipeline.py
[2026-05-27T06:18:29.304+0000] {logging_mixin.py:188} INFO - [2026-05-27T06:18:29.303+0000] {dag.py:3036} INFO - Sync 1 DAGs
[2026-05-27T06:18:29.352+0000] {processor.py:183} INFO - Processing /opt/airflow/dags/dag_crime_pipeline.py took 0.129 seconds
[2026-05-27T06:18:59.510+0000] {processor.py:161} INFO - Started process (PID=5615) to work on /opt/airflow/dags/dag_crime_pipeline.py
[2026-05-27T06:18:59.511+0000] {processor.py:830} INFO - Processing file /opt/airflow/dags/dag_crime_pipeline.py for tasks to queue
[2026-05-27T06:18:59.514+0000] {logging_mixin.py:188} INFO - [2026-05-27T06:18:59.514+0000] {dagbag.py:538} INFO - Filling up the DagBag from /opt/airflow/dags/dag_crime_pipeline.py
[2026-05-27T06:18:59.556+0000] {processor.py:840} INFO - DAG(s) 'crime_analytics_pipeline' retrieved from /opt/airflow/dags/dag_crime_pipeline.py
[2026-05-27T06:18:59.598+0000] {logging_mixin.py:188} INFO - [2026-05-27T06:18:59.597+0000] {dag.py:3036} INFO - Sync 1 DAGs
[2026-05-27T06:18:59.650+0000] {processor.py:183} INFO - Processing /opt/airflow/dags/dag_crime_pipeline.py took 0.145 seconds
[2026-05-27T06:19:29.901+0000] {processor.py:161} INFO - Started process (PID=5620) to work on /opt/airflow/dags/dag_crime_pipeline.py
[2026-05-27T06:19:29.903+0000] {processor.py:830} INFO - Processing file /opt/airflow/dags/dag_crime_pipeline.py for tasks to queue
[2026-05-27T06:19:29.907+0000] {logging_mixin.py:188} INFO - [2026-05-27T06:19:29.906+0000] {dagbag.py:538} INFO - Filling up the DagBag from /opt/airflow/dags/dag_crime_pipeline.py
[2026-05-27T06:19:29.951+0000] {processor.py:840} INFO - DAG(s) 'crime_analytics_pipeline' retrieved from /opt/airflow/dags/dag_crime_pipeline.py
[2026-05-27T06:19:29.985+0000] {logging_mixin.py:188} INFO - [2026-05-27T06:19:29.985+0000] {dag.py:3036} INFO - Sync 1 DAGs
[2026-05-27T06:19:30.028+0000] {processor.py:183} INFO - Processing /opt/airflow/dags/dag_crime_pipeline.py took 0.131 seconds
[2026-05-27T06:20:00.219+0000] {processor.py:161} INFO - Started process (PID=5625) to work on /opt/airflow/dags/dag_crime_pipeline.py
[2026-05-27T06:20:00.220+0000] {processor.py:830} INFO - Processing file /opt/airflow/dags/dag_crime_pipeline.py for tasks to queue
[2026-05-27T06:20:00.223+0000] {logging_mixin.py:188} INFO - [2026-05-27T06:20:00.223+0000] {dagbag.py:538} INFO - Filling up the DagBag from /opt/airflow/dags/dag_crime_pipeline.py
[2026-05-27T06:20:00.267+0000] {processor.py:840} INFO - DAG(s) 'crime_analytics_pipeline' retrieved from /opt/airflow/dags/dag_crime_pipeline.py
[2026-05-27T06:20:00.301+0000] {logging_mixin.py:188} INFO - [2026-05-27T06:20:00.301+0000] {dag.py:3036} INFO - Sync 1 DAGs
[2026-05-27T06:20:00.350+0000] {processor.py:183} INFO - Processing /opt/airflow/dags/dag_crime_pipeline.py took 0.135 seconds
[2026-05-27T06:20:30.574+0000] {processor.py:161} INFO - Started process (PID=5630) to work on /opt/airflow/dags/dag_crime_pipeline.py
[2026-05-27T06:20:30.575+0000] {processor.py:830} INFO - Processing file /opt/airflow/dags/dag_crime_pipeline.py for tasks to queue
[2026-05-27T06:20:30.579+0000] {logging_mixin.py:188} INFO - [2026-05-27T06:20:30.578+0000] {dagbag.py:538} INFO - Filling up the DagBag from /opt/airflow/dags/dag_crime_pipeline.py
[2026-05-27T06:20:30.623+0000] {processor.py:840} INFO - DAG(s) 'crime_analytics_pipeline' retrieved from /opt/airflow/dags/dag_crime_pipeline.py
[2026-05-27T06:20:30.654+0000] {logging_mixin.py:188} INFO - [2026-05-27T06:20:30.654+0000] {dag.py:3036} INFO - Sync 1 DAGs
[2026-05-27T06:20:30.694+0000] {processor.py:183} INFO - Processing /opt/airflow/dags/dag_crime_pipeline.py took 0.125 seconds
[2026-05-27T06:21:00.982+0000] {processor.py:161} INFO - Started process (PID=5635) to work on /opt/airflow/dags/dag_crime_pipeline.py
[2026-05-27T06:21:00.984+0000] {processor.py:830} INFO - Processing file /opt/airflow/dags/dag_crime_pipeline.py for tasks to queue
[2026-05-27T06:21:00.987+0000] {logging_mixin.py:188} INFO - [2026-05-27T06:21:00.986+0000] {dagbag.py:538} INFO - Filling up the DagBag from /opt/airflow/dags/dag_crime_pipeline.py
[2026-05-27T06:21:01.025+0000] {processor.py:840} INFO - DAG(s) 'crime_analytics_pipeline' retrieved from /opt/airflow/dags/dag_crime_pipeline.py
[2026-05-27T06:21:01.063+0000] {logging_mixin.py:188} INFO - [2026-05-27T06:21:01.063+0000] {dag.py:3036} INFO - Sync 1 DAGs
[2026-05-27T06:21:01.140+0000] {processor.py:183} INFO - Processing /opt/airflow/dags/dag_crime_pipeline.py took 0.163 seconds
[2026-05-27T06:21:31.364+0000] {processor.py:161} INFO - Started process (PID=5640) to work on /opt/airflow/dags/dag_crime_pipeline.py
[2026-05-27T06:21:31.366+0000] {processor.py:830} INFO - Processing file /opt/airflow/dags/dag_crime_pipeline.py for tasks to queue
[2026-05-27T06:21:31.370+0000] {logging_mixin.py:188} INFO - [2026-05-27T06:21:31.369+0000] {dagbag.py:538} INFO - Filling up the DagBag from /opt/airflow/dags/dag_crime_pipeline.py
[2026-05-27T06:21:31.413+0000] {processor.py:840} INFO - DAG(s) 'crime_analytics_pipeline' retrieved from /opt/airflow/dags/dag_crime_pipeline.py
[2026-05-27T06:21:31.446+0000] {logging_mixin.py:188} INFO - [2026-05-27T06:21:31.445+0000] {dag.py:3036} INFO - Sync 1 DAGs
[2026-05-27T06:21:31.499+0000] {processor.py:183} INFO - Processing /opt/airflow/dags/dag_crime_pipeline.py took 0.139 seconds
[2026-05-27T06:22:01.806+0000] {processor.py:161} INFO - Started process (PID=5645) to work on /opt/airflow/dags/dag_crime_pipeline.py
[2026-05-27T06:22:01.808+0000] {processor.py:830} INFO - Processing file /opt/airflow/dags/dag_crime_pipeline.py for tasks to queue
[2026-05-27T06:22:01.811+0000] {logging_mixin.py:188} INFO - [2026-05-27T06:22:01.810+0000] {dagbag.py:538} INFO - Filling up the DagBag from /opt/airflow/dags/dag_crime_pipeline.py
[2026-05-27T06:22:01.849+0000] {processor.py:840} INFO - DAG(s) 'crime_analytics_pipeline' retrieved from /opt/airflow/dags/dag_crime_pipeline.py
[2026-05-27T06:22:01.881+0000] {logging_mixin.py:188} INFO - [2026-05-27T06:22:01.880+0000] {dag.py:3036} INFO - Sync 1 DAGs
[2026-05-27T06:22:01.948+0000] {processor.py:183} INFO - Processing /opt/airflow/dags/dag_crime_pipeline.py took 0.146 seconds
[2026-05-27T06:22:32.069+0000] {processor.py:161} INFO - Started process (PID=5650) to work on /opt/airflow/dags/dag_crime_pipeline.py
[2026-05-27T06:22:32.071+0000] {processor.py:830} INFO - Processing file /opt/airflow/dags/dag_crime_pipeline.py for tasks to queue
[2026-05-27T06:22:32.074+0000] {logging_mixin.py:188} INFO - [2026-05-27T06:22:32.073+0000] {dagbag.py:538} INFO - Filling up the DagBag from /opt/airflow/dags/dag_crime_pipeline.py
[2026-05-27T06:22:32.111+0000] {processor.py:840} INFO - DAG(s) 'crime_analytics_pipeline' retrieved from /opt/airflow/dags/dag_crime_pipeline.py
[2026-05-27T06:22:32.143+0000] {logging_mixin.py:188} INFO - [2026-05-27T06:22:32.143+0000] {dag.py:3036} INFO - Sync 1 DAGs
[2026-05-27T06:22:32.180+0000] {processor.py:183} INFO - Processing /opt/airflow/dags/dag_crime_pipeline.py took 0.115 seconds
[2026-05-27T06:23:02.471+0000] {processor.py:161} INFO - Started process (PID=5655) to work on /opt/airflow/dags/dag_crime_pipeline.py
[2026-05-27T06:23:02.472+0000] {processor.py:830} INFO - Processing file /opt/airflow/dags/dag_crime_pipeline.py for tasks to queue
[2026-05-27T06:23:02.475+0000] {logging_mixin.py:188} INFO - [2026-05-27T06:23:02.475+0000] {dagbag.py:538} INFO - Filling up the DagBag from /opt/airflow/dags/dag_crime_pipeline.py
[2026-05-27T06:23:02.516+0000] {processor.py:840} INFO - DAG(s) 'crime_analytics_pipeline' retrieved from /opt/airflow/dags/dag_crime_pipeline.py
[2026-05-27T06:23:02.552+0000] {logging_mixin.py:188} INFO - [2026-05-27T06:23:02.551+0000] {dag.py:3036} INFO - Sync 1 DAGs
[2026-05-27T06:23:02.619+0000] {processor.py:183} INFO - Processing /opt/airflow/dags/dag_crime_pipeline.py took 0.151 seconds
[2026-05-27T06:23:32.747+0000] {processor.py:161} INFO - Started process (PID=5660) to work on /opt/airflow/dags/dag_crime_pipeline.py
[2026-05-27T06:23:32.749+0000] {processor.py:830} INFO - Processing file /opt/airflow/dags/dag_crime_pipeline.py for tasks to queue
[2026-05-27T06:23:32.753+0000] {logging_mixin.py:188} INFO - [2026-05-27T06:23:32.752+0000] {dagbag.py:538} INFO - Filling up the DagBag from /opt/airflow/dags/dag_crime_pipeline.py
[2026-05-27T06:23:32.793+0000] {processor.py:840} INFO - DAG(s) 'crime_analytics_pipeline' retrieved from /opt/airflow/dags/dag_crime_pipeline.py
[2026-05-27T06:23:32.830+0000] {logging_mixin.py:188} INFO - [2026-05-27T06:23:32.829+0000] {dag.py:3036} INFO - Sync 1 DAGs
[2026-05-27T06:23:32.870+0000] {processor.py:183} INFO - Processing /opt/airflow/dags/dag_crime_pipeline.py took 0.128 seconds
[2026-05-27T06:24:03.230+0000] {processor.py:161} INFO - Started process (PID=5665) to work on /opt/airflow/dags/dag_crime_pipeline.py
[2026-05-27T06:24:03.232+0000] {processor.py:830} INFO - Processing file /opt/airflow/dags/dag_crime_pipeline.py for tasks to queue
[2026-05-27T06:24:03.235+0000] {logging_mixin.py:188} INFO - [2026-05-27T06:24:03.234+0000] {dagbag.py:538} INFO - Filling up the DagBag from /opt/airflow/dags/dag_crime_pipeline.py
[2026-05-27T06:24:03.273+0000] {processor.py:840} INFO - DAG(s) 'crime_analytics_pipeline' retrieved from /opt/airflow/dags/dag_crime_pipeline.py
[2026-05-27T06:24:03.306+0000] {logging_mixin.py:188} INFO - [2026-05-27T06:24:03.305+0000] {dag.py:3036} INFO - Sync 1 DAGs
[2026-05-27T06:24:03.350+0000] {processor.py:183} INFO - Processing /opt/airflow/dags/dag_crime_pipeline.py took 0.124 seconds
[2026-05-27T06:24:33.481+0000] {processor.py:161} INFO - Started process (PID=5670) to work on /opt/airflow/dags/dag_crime_pipeline.py
[2026-05-27T06:24:33.483+0000] {processor.py:830} INFO - Processing file /opt/airflow/dags/dag_crime_pipeline.py for tasks to queue
[2026-05-27T06:24:33.486+0000] {logging_mixin.py:188} INFO - [2026-05-27T06:24:33.486+0000] {dagbag.py:538} INFO - Filling up the DagBag from /opt/airflow/dags/dag_crime_pipeline.py
[2026-05-27T06:24:33.528+0000] {processor.py:840} INFO - DAG(s) 'crime_analytics_pipeline' retrieved from /opt/airflow/dags/dag_crime_pipeline.py
[2026-05-27T06:24:33.571+0000] {logging_mixin.py:188} INFO - [2026-05-27T06:24:33.571+0000] {dag.py:3036} INFO - Sync 1 DAGs
[2026-05-27T06:24:33.648+0000] {processor.py:183} INFO - Processing /opt/airflow/dags/dag_crime_pipeline.py took 0.171 seconds
[2026-05-27T06:25:03.867+0000] {processor.py:161} INFO - Started process (PID=5675) to work on /opt/airflow/dags/dag_crime_pipeline.py
[2026-05-27T06:25:03.869+0000] {processor.py:830} INFO - Processing file /opt/airflow/dags/dag_crime_pipeline.py for tasks to queue
[2026-05-27T06:25:03.872+0000] {logging_mixin.py:188} INFO - [2026-05-27T06:25:03.872+0000] {dagbag.py:538} INFO - Filling up the DagBag from /opt/airflow/dags/dag_crime_pipeline.py
[2026-05-27T06:25:03.912+0000] {processor.py:840} INFO - DAG(s) 'crime_analytics_pipeline' retrieved from /opt/airflow/dags/dag_crime_pipeline.py
[2026-05-27T06:25:03.950+0000] {logging_mixin.py:188} INFO - [2026-05-27T06:25:03.950+0000] {dag.py:3036} INFO - Sync 1 DAGs
[2026-05-27T06:25:04.010+0000] {processor.py:183} INFO - Processing /opt/airflow/dags/dag_crime_pipeline.py took 0.147 seconds
[2026-05-27T06:25:34.169+0000] {processor.py:161} INFO - Started process (PID=5680) to work on /opt/airflow/dags/dag_crime_pipeline.py
[2026-05-27T06:25:34.171+0000] {processor.py:830} INFO - Processing file /opt/airflow/dags/dag_crime_pipeline.py for tasks to queue
[2026-05-27T06:25:34.174+0000] {logging_mixin.py:188} INFO - [2026-05-27T06:25:34.173+0000] {dagbag.py:538} INFO - Filling up the DagBag from /opt/airflow/dags/dag_crime_pipeline.py
[2026-05-27T06:25:34.214+0000] {processor.py:840} INFO - DAG(s) 'crime_analytics_pipeline' retrieved from /opt/airflow/dags/dag_crime_pipeline.py
[2026-05-27T06:25:34.247+0000] {logging_mixin.py:188} INFO - [2026-05-27T06:25:34.246+0000] {dag.py:3036} INFO - Sync 1 DAGs
[2026-05-27T06:25:34.289+0000] {processor.py:183} INFO - Processing /opt/airflow/dags/dag_crime_pipeline.py took 0.124 seconds
[2026-05-27T06:26:04.529+0000] {processor.py:161} INFO - Started process (PID=5685) to work on /opt/airflow/dags/dag_crime_pipeline.py
[2026-05-27T06:26:04.531+0000] {processor.py:830} INFO - Processing file /opt/airflow/dags/dag_crime_pipeline.py for tasks to queue
[2026-05-27T06:26:04.534+0000] {logging_mixin.py:188} INFO - [2026-05-27T06:26:04.534+0000] {dagbag.py:538} INFO - Filling up the DagBag from /opt/airflow/dags/dag_crime_pipeline.py
[2026-05-27T06:26:04.584+0000] {processor.py:840} INFO - DAG(s) 'crime_analytics_pipeline' retrieved from /opt/airflow/dags/dag_crime_pipeline.py
[2026-05-27T06:26:04.626+0000] {logging_mixin.py:188} INFO - [2026-05-27T06:26:04.626+0000] {dag.py:3036} INFO - Sync 1 DAGs
[2026-05-27T06:26:04.666+0000] {processor.py:183} INFO - Processing /opt/airflow/dags/dag_crime_pipeline.py took 0.141 seconds
[2026-05-27T06:26:34.834+0000] {processor.py:161} INFO - Started process (PID=5690) to work on /opt/airflow/dags/dag_crime_pipeline.py
[2026-05-27T06:26:34.835+0000] {processor.py:830} INFO - Processing file /opt/airflow/dags/dag_crime_pipeline.py for tasks to queue
[2026-05-27T06:26:34.839+0000] {logging_mixin.py:188} INFO - [2026-05-27T06:26:34.838+0000] {dagbag.py:538} INFO - Filling up the DagBag from /opt/airflow/dags/dag_crime_pipeline.py
[2026-05-27T06:26:34.906+0000] {processor.py:840} INFO - DAG(s) 'crime_analytics_pipeline' retrieved from /opt/airflow/dags/dag_crime_pipeline.py
[2026-05-27T06:26:34.953+0000] {logging_mixin.py:188} INFO - [2026-05-27T06:26:34.953+0000] {dag.py:3036} INFO - Sync 1 DAGs
[2026-05-27T06:26:35.017+0000] {processor.py:183} INFO - Processing /opt/airflow/dags/dag_crime_pipeline.py took 0.187 seconds
[2026-05-27T06:27:05.273+0000] {processor.py:161} INFO - Started process (PID=5695) to work on /opt/airflow/dags/dag_crime_pipeline.py
[2026-05-27T06:27:05.274+0000] {processor.py:830} INFO - Processing file /opt/airflow/dags/dag_crime_pipeline.py for tasks to queue
[2026-05-27T06:27:05.277+0000] {logging_mixin.py:188} INFO - [2026-05-27T06:27:05.276+0000] {dagbag.py:538} INFO - Filling up the DagBag from /opt/airflow/dags/dag_crime_pipeline.py
[2026-05-27T06:27:05.317+0000] {processor.py:840} INFO - DAG(s) 'crime_analytics_pipeline' retrieved from /opt/airflow/dags/dag_crime_pipeline.py
[2026-05-27T06:27:05.352+0000] {logging_mixin.py:188} INFO - [2026-05-27T06:27:05.351+0000] {dag.py:3036} INFO - Sync 1 DAGs
[2026-05-27T06:27:05.400+0000] {processor.py:183} INFO - Processing /opt/airflow/dags/dag_crime_pipeline.py took 0.131 seconds
[2026-05-27T06:27:35.547+0000] {processor.py:161} INFO - Started process (PID=5700) to work on /opt/airflow/dags/dag_crime_pipeline.py
[2026-05-27T06:27:35.549+0000] {processor.py:830} INFO - Processing file /opt/airflow/dags/dag_crime_pipeline.py for tasks to queue
[2026-05-27T06:27:35.552+0000] {logging_mixin.py:188} INFO - [2026-05-27T06:27:35.552+0000] {dagbag.py:538} INFO - Filling up the DagBag from /opt/airflow/dags/dag_crime_pipeline.py
[2026-05-27T06:27:35.593+0000] {processor.py:840} INFO - DAG(s) 'crime_analytics_pipeline' retrieved from /opt/airflow/dags/dag_crime_pipeline.py
[2026-05-27T06:27:35.627+0000] {logging_mixin.py:188} INFO - [2026-05-27T06:27:35.626+0000] {dag.py:3036} INFO - Sync 1 DAGs
[2026-05-27T06:27:35.687+0000] {processor.py:183} INFO - Processing /opt/airflow/dags/dag_crime_pipeline.py took 0.145 seconds
[2026-05-27T06:28:05.939+0000] {processor.py:161} INFO - Started process (PID=5705) to work on /opt/airflow/dags/dag_crime_pipeline.py
[2026-05-27T06:28:05.940+0000] {processor.py:830} INFO - Processing file /opt/airflow/dags/dag_crime_pipeline.py for tasks to queue
[2026-05-27T06:28:05.943+0000] {logging_mixin.py:188} INFO - [2026-05-27T06:28:05.943+0000] {dagbag.py:538} INFO - Filling up the DagBag from /opt/airflow/dags/dag_crime_pipeline.py
[2026-05-27T06:28:05.982+0000] {processor.py:840} INFO - DAG(s) 'crime_analytics_pipeline' retrieved from /opt/airflow/dags/dag_crime_pipeline.py
[2026-05-27T06:28:06.025+0000] {logging_mixin.py:188} INFO - [2026-05-27T06:28:06.024+0000] {dag.py:3036} INFO - Sync 1 DAGs
[2026-05-27T06:28:06.065+0000] {processor.py:183} INFO - Processing /opt/airflow/dags/dag_crime_pipeline.py took 0.130 seconds
[2026-05-27T06:28:36.207+0000] {processor.py:161} INFO - Started process (PID=5710) to work on /opt/airflow/dags/dag_crime_pipeline.py
[2026-05-27T06:28:36.209+0000] {processor.py:830} INFO - Processing file /opt/airflow/dags/dag_crime_pipeline.py for tasks to queue
[2026-05-27T06:28:36.211+0000] {logging_mixin.py:188} INFO - [2026-05-27T06:28:36.211+0000] {dagbag.py:538} INFO - Filling up the DagBag from /opt/airflow/dags/dag_crime_pipeline.py
[2026-05-27T06:28:36.250+0000] {processor.py:840} INFO - DAG(s) 'crime_analytics_pipeline' retrieved from /opt/airflow/dags/dag_crime_pipeline.py
[2026-05-27T06:28:36.283+0000] {logging_mixin.py:188} INFO - [2026-05-27T06:28:36.283+0000] {dag.py:3036} INFO - Sync 1 DAGs
[2026-05-27T06:28:36.349+0000] {processor.py:183} INFO - Processing /opt/airflow/dags/dag_crime_pipeline.py took 0.146 seconds
[2026-05-27T06:29:06.622+0000] {processor.py:161} INFO - Started process (PID=5715) to work on /opt/airflow/dags/dag_crime_pipeline.py
[2026-05-27T06:29:06.624+0000] {processor.py:830} INFO - Processing file /opt/airflow/dags/dag_crime_pipeline.py for tasks to queue
[2026-05-27T06:29:06.627+0000] {logging_mixin.py:188} INFO - [2026-05-27T06:29:06.626+0000] {dagbag.py:538} INFO - Filling up the DagBag from /opt/airflow/dags/dag_crime_pipeline.py
[2026-05-27T06:29:06.666+0000] {processor.py:840} INFO - DAG(s) 'crime_analytics_pipeline' retrieved from /opt/airflow/dags/dag_crime_pipeline.py
[2026-05-27T06:29:06.705+0000] {logging_mixin.py:188} INFO - [2026-05-27T06:29:06.705+0000] {dag.py:3036} INFO - Sync 1 DAGs
[2026-05-27T06:29:06.752+0000] {processor.py:183} INFO - Processing /opt/airflow/dags/dag_crime_pipeline.py took 0.135 seconds
[2026-05-27T06:29:36.912+0000] {processor.py:161} INFO - Started process (PID=5720) to work on /opt/airflow/dags/dag_crime_pipeline.py
[2026-05-27T06:29:36.914+0000] {processor.py:830} INFO - Processing file /opt/airflow/dags/dag_crime_pipeline.py for tasks to queue
[2026-05-27T06:29:36.918+0000] {logging_mixin.py:188} INFO - [2026-05-27T06:29:36.918+0000] {dagbag.py:538} INFO - Filling up the DagBag from /opt/airflow/dags/dag_crime_pipeline.py
[2026-05-27T06:29:36.962+0000] {processor.py:840} INFO - DAG(s) 'crime_analytics_pipeline' retrieved from /opt/airflow/dags/dag_crime_pipeline.py
[2026-05-27T06:29:36.991+0000] {logging_mixin.py:188} INFO - [2026-05-27T06:29:36.991+0000] {dag.py:3036} INFO - Sync 1 DAGs
[2026-05-27T06:29:37.059+0000] {processor.py:183} INFO - Processing /opt/airflow/dags/dag_crime_pipeline.py took 0.152 seconds
[2026-05-27T06:30:07.345+0000] {processor.py:161} INFO - Started process (PID=5725) to work on /opt/airflow/dags/dag_crime_pipeline.py
[2026-05-27T06:30:07.346+0000] {processor.py:830} INFO - Processing file /opt/airflow/dags/dag_crime_pipeline.py for tasks to queue
[2026-05-27T06:30:07.349+0000] {logging_mixin.py:188} INFO - [2026-05-27T06:30:07.348+0000] {dagbag.py:538} INFO - Filling up the DagBag from /opt/airflow/dags/dag_crime_pipeline.py
[2026-05-27T06:30:07.393+0000] {processor.py:840} INFO - DAG(s) 'crime_analytics_pipeline' retrieved from /opt/airflow/dags/dag_crime_pipeline.py
[2026-05-27T06:30:07.424+0000] {logging_mixin.py:188} INFO - [2026-05-27T06:30:07.424+0000] {dag.py:3036} INFO - Sync 1 DAGs
[2026-05-27T06:30:07.463+0000] {processor.py:183} INFO - Processing /opt/airflow/dags/dag_crime_pipeline.py took 0.122 seconds
[2026-05-27T06:30:37.599+0000] {processor.py:161} INFO - Started process (PID=5730) to work on /opt/airflow/dags/dag_crime_pipeline.py
[2026-05-27T06:30:37.601+0000] {processor.py:830} INFO - Processing file /opt/airflow/dags/dag_crime_pipeline.py for tasks to queue
[2026-05-27T06:30:37.604+0000] {logging_mixin.py:188} INFO - [2026-05-27T06:30:37.604+0000] {dagbag.py:538} INFO - Filling up the DagBag from /opt/airflow/dags/dag_crime_pipeline.py
[2026-05-27T06:30:37.646+0000] {processor.py:840} INFO - DAG(s) 'crime_analytics_pipeline' retrieved from /opt/airflow/dags/dag_crime_pipeline.py
[2026-05-27T06:30:37.683+0000] {logging_mixin.py:188} INFO - [2026-05-27T06:30:37.682+0000] {dag.py:3036} INFO - Sync 1 DAGs
[2026-05-27T06:30:37.723+0000] {processor.py:183} INFO - Processing /opt/airflow/dags/dag_crime_pipeline.py took 0.129 seconds
[2026-05-27T06:31:07.979+0000] {processor.py:161} INFO - Started process (PID=5735) to work on /opt/airflow/dags/dag_crime_pipeline.py
[2026-05-27T06:31:07.980+0000] {processor.py:830} INFO - Processing file /opt/airflow/dags/dag_crime_pipeline.py for tasks to queue
[2026-05-27T06:31:07.983+0000] {logging_mixin.py:188} INFO - [2026-05-27T06:31:07.983+0000] {dagbag.py:538} INFO - Filling up the DagBag from /opt/airflow/dags/dag_crime_pipeline.py
[2026-05-27T06:31:08.027+0000] {processor.py:840} INFO - DAG(s) 'crime_analytics_pipeline' retrieved from /opt/airflow/dags/dag_crime_pipeline.py
[2026-05-27T06:31:08.066+0000] {logging_mixin.py:188} INFO - [2026-05-27T06:31:08.066+0000] {dag.py:3036} INFO - Sync 1 DAGs
[2026-05-27T06:31:08.135+0000] {processor.py:183} INFO - Processing /opt/airflow/dags/dag_crime_pipeline.py took 0.160 seconds
[2026-05-27T06:31:38.266+0000] {processor.py:161} INFO - Started process (PID=5740) to work on /opt/airflow/dags/dag_crime_pipeline.py
[2026-05-27T06:31:38.268+0000] {processor.py:830} INFO - Processing file /opt/airflow/dags/dag_crime_pipeline.py for tasks to queue
[2026-05-27T06:31:38.271+0000] {logging_mixin.py:188} INFO - [2026-05-27T06:31:38.270+0000] {dagbag.py:538} INFO - Filling up the DagBag from /opt/airflow/dags/dag_crime_pipeline.py
[2026-05-27T06:31:38.310+0000] {processor.py:840} INFO - DAG(s) 'crime_analytics_pipeline' retrieved from /opt/airflow/dags/dag_crime_pipeline.py
[2026-05-27T06:31:38.343+0000] {logging_mixin.py:188} INFO - [2026-05-27T06:31:38.343+0000] {dag.py:3036} INFO - Sync 1 DAGs
[2026-05-27T06:31:38.413+0000] {processor.py:183} INFO - Processing /opt/airflow/dags/dag_crime_pipeline.py took 0.151 seconds
[2026-05-27T06:32:08.725+0000] {processor.py:161} INFO - Started process (PID=5745) to work on /opt/airflow/dags/dag_crime_pipeline.py
[2026-05-27T06:32:08.726+0000] {processor.py:830} INFO - Processing file /opt/airflow/dags/dag_crime_pipeline.py for tasks to queue
[2026-05-27T06:32:08.729+0000] {logging_mixin.py:188} INFO - [2026-05-27T06:32:08.729+0000] {dagbag.py:538} INFO - Filling up the DagBag from /opt/airflow/dags/dag_crime_pipeline.py
[2026-05-27T06:32:08.769+0000] {processor.py:840} INFO - DAG(s) 'crime_analytics_pipeline' retrieved from /opt/airflow/dags/dag_crime_pipeline.py
[2026-05-27T06:32:08.803+0000] {logging_mixin.py:188} INFO - [2026-05-27T06:32:08.803+0000] {dag.py:3036} INFO - Sync 1 DAGs
[2026-05-27T06:32:08.843+0000] {processor.py:183} INFO - Processing /opt/airflow/dags/dag_crime_pipeline.py took 0.121 seconds
[2026-05-27T06:32:38.986+0000] {processor.py:161} INFO - Started process (PID=5750) to work on /opt/airflow/dags/dag_crime_pipeline.py
[2026-05-27T06:32:38.988+0000] {processor.py:830} INFO - Processing file /opt/airflow/dags/dag_crime_pipeline.py for tasks to queue
[2026-05-27T06:32:38.992+0000] {logging_mixin.py:188} INFO - [2026-05-27T06:32:38.991+0000] {dagbag.py:538} INFO - Filling up the DagBag from /opt/airflow/dags/dag_crime_pipeline.py
[2026-05-27T06:32:39.036+0000] {processor.py:840} INFO - DAG(s) 'crime_analytics_pipeline' retrieved from /opt/airflow/dags/dag_crime_pipeline.py
[2026-05-27T06:32:39.077+0000] {logging_mixin.py:188} INFO - [2026-05-27T06:32:39.077+0000] {dag.py:3036} INFO - Sync 1 DAGs
[2026-05-27T06:32:39.122+0000] {processor.py:183} INFO - Processing /opt/airflow/dags/dag_crime_pipeline.py took 0.141 seconds
[2026-05-27T06:33:09.483+0000] {processor.py:161} INFO - Started process (PID=5755) to work on /opt/airflow/dags/dag_crime_pipeline.py
[2026-05-27T06:33:09.484+0000] {processor.py:830} INFO - Processing file /opt/airflow/dags/dag_crime_pipeline.py for tasks to queue
[2026-05-27T06:33:09.487+0000] {logging_mixin.py:188} INFO - [2026-05-27T06:33:09.487+0000] {dagbag.py:538} INFO - Filling up the DagBag from /opt/airflow/dags/dag_crime_pipeline.py
[2026-05-27T06:33:09.524+0000] {processor.py:840} INFO - DAG(s) 'crime_analytics_pipeline' retrieved from /opt/airflow/dags/dag_crime_pipeline.py
[2026-05-27T06:33:09.560+0000] {logging_mixin.py:188} INFO - [2026-05-27T06:33:09.559+0000] {dag.py:3036} INFO - Sync 1 DAGs
[2026-05-27T06:33:09.612+0000] {processor.py:183} INFO - Processing /opt/airflow/dags/dag_crime_pipeline.py took 0.133 seconds
[2026-05-27T06:33:39.726+0000] {processor.py:161} INFO - Started process (PID=5760) to work on /opt/airflow/dags/dag_crime_pipeline.py
[2026-05-27T06:33:39.728+0000] {processor.py:830} INFO - Processing file /opt/airflow/dags/dag_crime_pipeline.py for tasks to queue
[2026-05-27T06:33:39.731+0000] {logging_mixin.py:188} INFO - [2026-05-27T06:33:39.730+0000] {dagbag.py:538} INFO - Filling up the DagBag from /opt/airflow/dags/dag_crime_pipeline.py
[2026-05-27T06:33:39.769+0000] {processor.py:840} INFO - DAG(s) 'crime_analytics_pipeline' retrieved from /opt/airflow/dags/dag_crime_pipeline.py
[2026-05-27T06:33:39.807+0000] {logging_mixin.py:188} INFO - [2026-05-27T06:33:39.807+0000] {dag.py:3036} INFO - Sync 1 DAGs
[2026-05-27T06:33:39.879+0000] {processor.py:183} INFO - Processing /opt/airflow/dags/dag_crime_pipeline.py took 0.157 seconds
[2026-05-27T06:34:10.132+0000] {processor.py:161} INFO - Started process (PID=5765) to work on /opt/airflow/dags/dag_crime_pipeline.py
[2026-05-27T06:34:10.133+0000] {processor.py:830} INFO - Processing file /opt/airflow/dags/dag_crime_pipeline.py for tasks to queue
[2026-05-27T06:34:10.136+0000] {logging_mixin.py:188} INFO - [2026-05-27T06:34:10.136+0000] {dagbag.py:538} INFO - Filling up the DagBag from /opt/airflow/dags/dag_crime_pipeline.py
[2026-05-27T06:34:10.175+0000] {processor.py:840} INFO - DAG(s) 'crime_analytics_pipeline' retrieved from /opt/airflow/dags/dag_crime_pipeline.py
[2026-05-27T06:34:10.205+0000] {logging_mixin.py:188} INFO - [2026-05-27T06:34:10.204+0000] {dag.py:3036} INFO - Sync 1 DAGs
[2026-05-27T06:34:10.266+0000] {processor.py:183} INFO - Processing /opt/airflow/dags/dag_crime_pipeline.py took 0.138 seconds
[2026-05-27T06:34:40.427+0000] {processor.py:161} INFO - Started process (PID=5770) to work on /opt/airflow/dags/dag_crime_pipeline.py
[2026-05-27T06:34:40.429+0000] {processor.py:830} INFO - Processing file /opt/airflow/dags/dag_crime_pipeline.py for tasks to queue
[2026-05-27T06:34:40.432+0000] {logging_mixin.py:188} INFO - [2026-05-27T06:34:40.432+0000] {dagbag.py:538} INFO - Filling up the DagBag from /opt/airflow/dags/dag_crime_pipeline.py
[2026-05-27T06:34:40.472+0000] {processor.py:840} INFO - DAG(s) 'crime_analytics_pipeline' retrieved from /opt/airflow/dags/dag_crime_pipeline.py
[2026-05-27T06:34:40.511+0000] {logging_mixin.py:188} INFO - [2026-05-27T06:34:40.511+0000] {dag.py:3036} INFO - Sync 1 DAGs
[2026-05-27T06:34:40.579+0000] {processor.py:183} INFO - Processing /opt/airflow/dags/dag_crime_pipeline.py took 0.157 seconds
[2026-05-27T06:35:10.840+0000] {processor.py:161} INFO - Started process (PID=5775) to work on /opt/airflow/dags/dag_crime_pipeline.py
[2026-05-27T06:35:10.842+0000] {processor.py:830} INFO - Processing file /opt/airflow/dags/dag_crime_pipeline.py for tasks to queue
[2026-05-27T06:35:10.845+0000] {logging_mixin.py:188} INFO - [2026-05-27T06:35:10.845+0000] {dagbag.py:538} INFO - Filling up the DagBag from /opt/airflow/dags/dag_crime_pipeline.py
[2026-05-27T06:35:10.883+0000] {processor.py:840} INFO - DAG(s) 'crime_analytics_pipeline' retrieved from /opt/airflow/dags/dag_crime_pipeline.py
[2026-05-27T06:35:10.915+0000] {logging_mixin.py:188} INFO - [2026-05-27T06:35:10.915+0000] {dag.py:3036} INFO - Sync 1 DAGs
[2026-05-27T06:35:10.982+0000] {processor.py:183} INFO - Processing /opt/airflow/dags/dag_crime_pipeline.py took 0.146 seconds
[2026-05-27T06:35:41.140+0000] {processor.py:161} INFO - Started process (PID=5780) to work on /opt/airflow/dags/dag_crime_pipeline.py
[2026-05-27T06:35:41.142+0000] {processor.py:830} INFO - Processing file /opt/airflow/dags/dag_crime_pipeline.py for tasks to queue
[2026-05-27T06:35:41.144+0000] {logging_mixin.py:188} INFO - [2026-05-27T06:35:41.144+0000] {dagbag.py:538} INFO - Filling up the DagBag from /opt/airflow/dags/dag_crime_pipeline.py
[2026-05-27T06:35:41.185+0000] {processor.py:840} INFO - DAG(s) 'crime_analytics_pipeline' retrieved from /opt/airflow/dags/dag_crime_pipeline.py
[2026-05-27T06:35:41.220+0000] {logging_mixin.py:188} INFO - [2026-05-27T06:35:41.219+0000] {dag.py:3036} INFO - Sync 1 DAGs
[2026-05-27T06:35:41.264+0000] {processor.py:183} INFO - Processing /opt/airflow/dags/dag_crime_pipeline.py took 0.128 seconds
[2026-05-27T06:36:11.523+0000] {processor.py:161} INFO - Started process (PID=5785) to work on /opt/airflow/dags/dag_crime_pipeline.py
[2026-05-27T06:36:11.525+0000] {processor.py:830} INFO - Processing file /opt/airflow/dags/dag_crime_pipeline.py for tasks to queue
[2026-05-27T06:36:11.528+0000] {logging_mixin.py:188} INFO - [2026-05-27T06:36:11.528+0000] {dagbag.py:538} INFO - Filling up the DagBag from /opt/airflow/dags/dag_crime_pipeline.py
[2026-05-27T06:36:11.568+0000] {processor.py:840} INFO - DAG(s) 'crime_analytics_pipeline' retrieved from /opt/airflow/dags/dag_crime_pipeline.py
[2026-05-27T06:36:11.598+0000] {logging_mixin.py:188} INFO - [2026-05-27T06:36:11.597+0000] {dag.py:3036} INFO - Sync 1 DAGs
[2026-05-27T06:36:11.658+0000] {processor.py:183} INFO - Processing /opt/airflow/dags/dag_crime_pipeline.py took 0.139 seconds
[2026-05-27T06:36:41.789+0000] {processor.py:161} INFO - Started process (PID=5790) to work on /opt/airflow/dags/dag_crime_pipeline.py
[2026-05-27T06:36:41.790+0000] {processor.py:830} INFO - Processing file /opt/airflow/dags/dag_crime_pipeline.py for tasks to queue
[2026-05-27T06:36:41.793+0000] {logging_mixin.py:188} INFO - [2026-05-27T06:36:41.793+0000] {dagbag.py:538} INFO - Filling up the DagBag from /opt/airflow/dags/dag_crime_pipeline.py
[2026-05-27T06:36:41.832+0000] {processor.py:840} INFO - DAG(s) 'crime_analytics_pipeline' retrieved from /opt/airflow/dags/dag_crime_pipeline.py
[2026-05-27T06:36:41.864+0000] {logging_mixin.py:188} INFO - [2026-05-27T06:36:41.864+0000] {dag.py:3036} INFO - Sync 1 DAGs
[2026-05-27T06:36:41.927+0000] {processor.py:183} INFO - Processing /opt/airflow/dags/dag_crime_pipeline.py took 0.143 seconds
[2026-05-27T06:37:12.336+0000] {processor.py:161} INFO - Started process (PID=5795) to work on /opt/airflow/dags/dag_crime_pipeline.py
[2026-05-27T06:37:12.338+0000] {processor.py:830} INFO - Processing file /opt/airflow/dags/dag_crime_pipeline.py for tasks to queue
[2026-05-27T06:37:12.341+0000] {logging_mixin.py:188} INFO - [2026-05-27T06:37:12.341+0000] {dagbag.py:538} INFO - Filling up the DagBag from /opt/airflow/dags/dag_crime_pipeline.py
[2026-05-27T06:37:12.384+0000] {processor.py:840} INFO - DAG(s) 'crime_analytics_pipeline' retrieved from /opt/airflow/dags/dag_crime_pipeline.py
[2026-05-27T06:37:12.423+0000] {logging_mixin.py:188} INFO - [2026-05-27T06:37:12.423+0000] {dag.py:3036} INFO - Sync 1 DAGs
[2026-05-27T06:37:12.473+0000] {processor.py:183} INFO - Processing /opt/airflow/dags/dag_crime_pipeline.py took 0.141 seconds
[2026-05-27T06:37:42.675+0000] {processor.py:161} INFO - Started process (PID=5800) to work on /opt/airflow/dags/dag_crime_pipeline.py
[2026-05-27T06:37:42.677+0000] {processor.py:830} INFO - Processing file /opt/airflow/dags/dag_crime_pipeline.py for tasks to queue
[2026-05-27T06:37:42.679+0000] {logging_mixin.py:188} INFO - [2026-05-27T06:37:42.679+0000] {dagbag.py:538} INFO - Filling up the DagBag from /opt/airflow/dags/dag_crime_pipeline.py
[2026-05-27T06:37:42.717+0000] {processor.py:840} INFO - DAG(s) 'crime_analytics_pipeline' retrieved from /opt/airflow/dags/dag_crime_pipeline.py
[2026-05-27T06:37:42.753+0000] {logging_mixin.py:188} INFO - [2026-05-27T06:37:42.753+0000] {dag.py:3036} INFO - Sync 1 DAGs
[2026-05-27T06:37:42.794+0000] {processor.py:183} INFO - Processing /opt/airflow/dags/dag_crime_pipeline.py took 0.123 seconds
[2026-05-27T06:38:13.050+0000] {processor.py:161} INFO - Started process (PID=5805) to work on /opt/airflow/dags/dag_crime_pipeline.py
[2026-05-27T06:38:13.051+0000] {processor.py:830} INFO - Processing file /opt/airflow/dags/dag_crime_pipeline.py for tasks to queue
[2026-05-27T06:38:13.054+0000] {logging_mixin.py:188} INFO - [2026-05-27T06:38:13.054+0000] {dagbag.py:538} INFO - Filling up the DagBag from /opt/airflow/dags/dag_crime_pipeline.py
[2026-05-27T06:38:13.098+0000] {processor.py:840} INFO - DAG(s) 'crime_analytics_pipeline' retrieved from /opt/airflow/dags/dag_crime_pipeline.py
[2026-05-27T06:38:13.135+0000] {logging_mixin.py:188} INFO - [2026-05-27T06:38:13.134+0000] {dag.py:3036} INFO - Sync 1 DAGs
[2026-05-27T06:38:13.183+0000] {processor.py:183} INFO - Processing /opt/airflow/dags/dag_crime_pipeline.py took 0.137 seconds
[2026-05-27T06:38:43.316+0000] {processor.py:161} INFO - Started process (PID=5810) to work on /opt/airflow/dags/dag_crime_pipeline.py
[2026-05-27T06:38:43.318+0000] {processor.py:830} INFO - Processing file /opt/airflow/dags/dag_crime_pipeline.py for tasks to queue
[2026-05-27T06:38:43.321+0000] {logging_mixin.py:188} INFO - [2026-05-27T06:38:43.320+0000] {dagbag.py:538} INFO - Filling up the DagBag from /opt/airflow/dags/dag_crime_pipeline.py
[2026-05-27T06:38:43.371+0000] {processor.py:840} INFO - DAG(s) 'crime_analytics_pipeline' retrieved from /opt/airflow/dags/dag_crime_pipeline.py
[2026-05-27T06:38:43.408+0000] {logging_mixin.py:188} INFO - [2026-05-27T06:38:43.407+0000] {dag.py:3036} INFO - Sync 1 DAGs
[2026-05-27T06:38:43.458+0000] {processor.py:183} INFO - Processing /opt/airflow/dags/dag_crime_pipeline.py took 0.147 seconds
[2026-05-27T06:39:13.765+0000] {processor.py:161} INFO - Started process (PID=5815) to work on /opt/airflow/dags/dag_crime_pipeline.py
[2026-05-27T06:39:13.767+0000] {processor.py:830} INFO - Processing file /opt/airflow/dags/dag_crime_pipeline.py for tasks to queue
[2026-05-27T06:39:13.769+0000] {logging_mixin.py:188} INFO - [2026-05-27T06:39:13.769+0000] {dagbag.py:538} INFO - Filling up the DagBag from /opt/airflow/dags/dag_crime_pipeline.py
[2026-05-27T06:39:13.807+0000] {processor.py:840} INFO - DAG(s) 'crime_analytics_pipeline' retrieved from /opt/airflow/dags/dag_crime_pipeline.py
[2026-05-27T06:39:13.843+0000] {logging_mixin.py:188} INFO - [2026-05-27T06:39:13.843+0000] {dag.py:3036} INFO - Sync 1 DAGs
[2026-05-27T06:39:13.913+0000] {processor.py:183} INFO - Processing /opt/airflow/dags/dag_crime_pipeline.py took 0.152 seconds
[2026-05-27T06:39:44.044+0000] {processor.py:161} INFO - Started process (PID=5820) to work on /opt/airflow/dags/dag_crime_pipeline.py
[2026-05-27T06:39:44.046+0000] {processor.py:830} INFO - Processing file /opt/airflow/dags/dag_crime_pipeline.py for tasks to queue
[2026-05-27T06:39:44.050+0000] {logging_mixin.py:188} INFO - [2026-05-27T06:39:44.049+0000] {dagbag.py:538} INFO - Filling up the DagBag from /opt/airflow/dags/dag_crime_pipeline.py
[2026-05-27T06:39:44.086+0000] {processor.py:840} INFO - DAG(s) 'crime_analytics_pipeline' retrieved from /opt/airflow/dags/dag_crime_pipeline.py
[2026-05-27T06:39:44.120+0000] {logging_mixin.py:188} INFO - [2026-05-27T06:39:44.120+0000] {dag.py:3036} INFO - Sync 1 DAGs
[2026-05-27T06:39:44.183+0000] {processor.py:183} INFO - Processing /opt/airflow/dags/dag_crime_pipeline.py took 0.143 seconds
[2026-05-27T06:40:14.451+0000] {processor.py:161} INFO - Started process (PID=5825) to work on /opt/airflow/dags/dag_crime_pipeline.py
[2026-05-27T06:40:14.452+0000] {processor.py:830} INFO - Processing file /opt/airflow/dags/dag_crime_pipeline.py for tasks to queue
[2026-05-27T06:40:14.455+0000] {logging_mixin.py:188} INFO - [2026-05-27T06:40:14.454+0000] {dagbag.py:538} INFO - Filling up the DagBag from /opt/airflow/dags/dag_crime_pipeline.py
[2026-05-27T06:40:14.492+0000] {processor.py:840} INFO - DAG(s) 'crime_analytics_pipeline' retrieved from /opt/airflow/dags/dag_crime_pipeline.py
[2026-05-27T06:40:14.526+0000] {logging_mixin.py:188} INFO - [2026-05-27T06:40:14.525+0000] {dag.py:3036} INFO - Sync 1 DAGs
[2026-05-27T06:40:14.586+0000] {processor.py:183} INFO - Processing /opt/airflow/dags/dag_crime_pipeline.py took 0.139 seconds
[2026-05-27T06:40:44.707+0000] {processor.py:161} INFO - Started process (PID=5830) to work on /opt/airflow/dags/dag_crime_pipeline.py
[2026-05-27T06:40:44.708+0000] {processor.py:830} INFO - Processing file /opt/airflow/dags/dag_crime_pipeline.py for tasks to queue
[2026-05-27T06:40:44.711+0000] {logging_mixin.py:188} INFO - [2026-05-27T06:40:44.711+0000] {dagbag.py:538} INFO - Filling up the DagBag from /opt/airflow/dags/dag_crime_pipeline.py
[2026-05-27T06:40:44.749+0000] {processor.py:840} INFO - DAG(s) 'crime_analytics_pipeline' retrieved from /opt/airflow/dags/dag_crime_pipeline.py
[2026-05-27T06:40:44.783+0000] {logging_mixin.py:188} INFO - [2026-05-27T06:40:44.782+0000] {dag.py:3036} INFO - Sync 1 DAGs
[2026-05-27T06:40:44.841+0000] {processor.py:183} INFO - Processing /opt/airflow/dags/dag_crime_pipeline.py took 0.139 seconds
[2026-05-27T06:41:15.170+0000] {processor.py:161} INFO - Started process (PID=5835) to work on /opt/airflow/dags/dag_crime_pipeline.py
[2026-05-27T06:41:15.172+0000] {processor.py:830} INFO - Processing file /opt/airflow/dags/dag_crime_pipeline.py for tasks to queue
[2026-05-27T06:41:15.175+0000] {logging_mixin.py:188} INFO - [2026-05-27T06:41:15.174+0000] {dagbag.py:538} INFO - Filling up the DagBag from /opt/airflow/dags/dag_crime_pipeline.py
[2026-05-27T06:41:15.217+0000] {processor.py:840} INFO - DAG(s) 'crime_analytics_pipeline' retrieved from /opt/airflow/dags/dag_crime_pipeline.py
[2026-05-27T06:41:15.255+0000] {logging_mixin.py:188} INFO - [2026-05-27T06:41:15.255+0000] {dag.py:3036} INFO - Sync 1 DAGs
[2026-05-27T06:41:15.295+0000] {processor.py:183} INFO - Processing /opt/airflow/dags/dag_crime_pipeline.py took 0.130 seconds
[2026-05-27T06:41:45.430+0000] {processor.py:161} INFO - Started process (PID=5840) to work on /opt/airflow/dags/dag_crime_pipeline.py
[2026-05-27T06:41:45.432+0000] {processor.py:830} INFO - Processing file /opt/airflow/dags/dag_crime_pipeline.py for tasks to queue
[2026-05-27T06:41:45.435+0000] {logging_mixin.py:188} INFO - [2026-05-27T06:41:45.435+0000] {dagbag.py:538} INFO - Filling up the DagBag from /opt/airflow/dags/dag_crime_pipeline.py
[2026-05-27T06:41:45.478+0000] {processor.py:840} INFO - DAG(s) 'crime_analytics_pipeline' retrieved from /opt/airflow/dags/dag_crime_pipeline.py
[2026-05-27T06:41:45.526+0000] {logging_mixin.py:188} INFO - [2026-05-27T06:41:45.525+0000] {dag.py:3036} INFO - Sync 1 DAGs
[2026-05-27T06:41:45.617+0000] {processor.py:183} INFO - Processing /opt/airflow/dags/dag_crime_pipeline.py took 0.193 seconds
[2026-05-27T06:42:15.923+0000] {processor.py:161} INFO - Started process (PID=5845) to work on /opt/airflow/dags/dag_crime_pipeline.py
[2026-05-27T06:42:15.925+0000] {processor.py:830} INFO - Processing file /opt/airflow/dags/dag_crime_pipeline.py for tasks to queue
[2026-05-27T06:42:15.927+0000] {logging_mixin.py:188} INFO - [2026-05-27T06:42:15.927+0000] {dagbag.py:538} INFO - Filling up the DagBag from /opt/airflow/dags/dag_crime_pipeline.py
[2026-05-27T06:42:15.965+0000] {processor.py:840} INFO - DAG(s) 'crime_analytics_pipeline' retrieved from /opt/airflow/dags/dag_crime_pipeline.py
[2026-05-27T06:42:15.997+0000] {logging_mixin.py:188} INFO - [2026-05-27T06:42:15.997+0000] {dag.py:3036} INFO - Sync 1 DAGs
[2026-05-27T06:42:16.033+0000] {processor.py:183} INFO - Processing /opt/airflow/dags/dag_crime_pipeline.py took 0.114 seconds
[2026-05-27T06:42:46.188+0000] {processor.py:161} INFO - Started process (PID=5850) to work on /opt/airflow/dags/dag_crime_pipeline.py
[2026-05-27T06:42:46.190+0000] {processor.py:830} INFO - Processing file /opt/airflow/dags/dag_crime_pipeline.py for tasks to queue
[2026-05-27T06:42:46.194+0000] {logging_mixin.py:188} INFO - [2026-05-27T06:42:46.193+0000] {dagbag.py:538} INFO - Filling up the DagBag from /opt/airflow/dags/dag_crime_pipeline.py
[2026-05-27T06:42:46.233+0000] {processor.py:840} INFO - DAG(s) 'crime_analytics_pipeline' retrieved from /opt/airflow/dags/dag_crime_pipeline.py
[2026-05-27T06:42:46.269+0000] {logging_mixin.py:188} INFO - [2026-05-27T06:42:46.269+0000] {dag.py:3036} INFO - Sync 1 DAGs
[2026-05-27T06:42:46.309+0000] {processor.py:183} INFO - Processing /opt/airflow/dags/dag_crime_pipeline.py took 0.127 seconds
[2026-05-27T06:43:16.551+0000] {processor.py:161} INFO - Started process (PID=5855) to work on /opt/airflow/dags/dag_crime_pipeline.py
[2026-05-27T06:43:16.553+0000] {processor.py:830} INFO - Processing file /opt/airflow/dags/dag_crime_pipeline.py for tasks to queue
[2026-05-27T06:43:16.556+0000] {logging_mixin.py:188} INFO - [2026-05-27T06:43:16.556+0000] {dagbag.py:538} INFO - Filling up the DagBag from /opt/airflow/dags/dag_crime_pipeline.py
[2026-05-27T06:43:16.602+0000] {processor.py:840} INFO - DAG(s) 'crime_analytics_pipeline' retrieved from /opt/airflow/dags/dag_crime_pipeline.py
[2026-05-27T06:43:16.637+0000] {logging_mixin.py:188} INFO - [2026-05-27T06:43:16.636+0000] {dag.py:3036} INFO - Sync 1 DAGs
[2026-05-27T06:43:16.691+0000] {processor.py:183} INFO - Processing /opt/airflow/dags/dag_crime_pipeline.py took 0.145 seconds
[2026-05-27T06:43:46.838+0000] {processor.py:161} INFO - Started process (PID=5860) to work on /opt/airflow/dags/dag_crime_pipeline.py
[2026-05-27T06:43:46.839+0000] {processor.py:830} INFO - Processing file /opt/airflow/dags/dag_crime_pipeline.py for tasks to queue
[2026-05-27T06:43:46.842+0000] {logging_mixin.py:188} INFO - [2026-05-27T06:43:46.842+0000] {dagbag.py:538} INFO - Filling up the DagBag from /opt/airflow/dags/dag_crime_pipeline.py
[2026-05-27T06:43:46.881+0000] {processor.py:840} INFO - DAG(s) 'crime_analytics_pipeline' retrieved from /opt/airflow/dags/dag_crime_pipeline.py
[2026-05-27T06:43:46.917+0000] {logging_mixin.py:188} INFO - [2026-05-27T06:43:46.916+0000] {dag.py:3036} INFO - Sync 1 DAGs
[2026-05-27T06:43:46.958+0000] {processor.py:183} INFO - Processing /opt/airflow/dags/dag_crime_pipeline.py took 0.125 seconds
[2026-05-27T06:44:17.231+0000] {processor.py:161} INFO - Started process (PID=5865) to work on /opt/airflow/dags/dag_crime_pipeline.py
[2026-05-27T06:44:17.233+0000] {processor.py:830} INFO - Processing file /opt/airflow/dags/dag_crime_pipeline.py for tasks to queue
[2026-05-27T06:44:17.236+0000] {logging_mixin.py:188} INFO - [2026-05-27T06:44:17.235+0000] {dagbag.py:538} INFO - Filling up the DagBag from /opt/airflow/dags/dag_crime_pipeline.py
[2026-05-27T06:44:17.273+0000] {processor.py:840} INFO - DAG(s) 'crime_analytics_pipeline' retrieved from /opt/airflow/dags/dag_crime_pipeline.py
[2026-05-27T06:44:17.310+0000] {logging_mixin.py:188} INFO - [2026-05-27T06:44:17.310+0000] {dag.py:3036} INFO - Sync 1 DAGs
[2026-05-27T06:44:17.357+0000] {processor.py:183} INFO - Processing /opt/airflow/dags/dag_crime_pipeline.py took 0.130 seconds
[2026-05-27T06:44:47.536+0000] {processor.py:161} INFO - Started process (PID=5870) to work on /opt/airflow/dags/dag_crime_pipeline.py
[2026-05-27T06:44:47.539+0000] {processor.py:830} INFO - Processing file /opt/airflow/dags/dag_crime_pipeline.py for tasks to queue
[2026-05-27T06:44:47.543+0000] {logging_mixin.py:188} INFO - [2026-05-27T06:44:47.542+0000] {dagbag.py:538} INFO - Filling up the DagBag from /opt/airflow/dags/dag_crime_pipeline.py
[2026-05-27T06:44:47.588+0000] {processor.py:840} INFO - DAG(s) 'crime_analytics_pipeline' retrieved from /opt/airflow/dags/dag_crime_pipeline.py
[2026-05-27T06:44:47.622+0000] {logging_mixin.py:188} INFO - [2026-05-27T06:44:47.621+0000] {dag.py:3036} INFO - Sync 1 DAGs
[2026-05-27T06:44:47.660+0000] {processor.py:183} INFO - Processing /opt/airflow/dags/dag_crime_pipeline.py took 0.130 seconds
[2026-05-27T06:45:17.956+0000] {processor.py:161} INFO - Started process (PID=5875) to work on /opt/airflow/dags/dag_crime_pipeline.py
[2026-05-27T06:45:17.957+0000] {processor.py:830} INFO - Processing file /opt/airflow/dags/dag_crime_pipeline.py for tasks to queue
[2026-05-27T06:45:17.960+0000] {logging_mixin.py:188} INFO - [2026-05-27T06:45:17.960+0000] {dagbag.py:538} INFO - Filling up the DagBag from /opt/airflow/dags/dag_crime_pipeline.py
[2026-05-27T06:45:18.004+0000] {processor.py:840} INFO - DAG(s) 'crime_analytics_pipeline' retrieved from /opt/airflow/dags/dag_crime_pipeline.py
[2026-05-27T06:45:18.037+0000] {logging_mixin.py:188} INFO - [2026-05-27T06:45:18.037+0000] {dag.py:3036} INFO - Sync 1 DAGs
[2026-05-27T06:45:18.096+0000] {processor.py:183} INFO - Processing /opt/airflow/dags/dag_crime_pipeline.py took 0.145 seconds
[2026-05-27T06:45:48.223+0000] {processor.py:161} INFO - Started process (PID=5880) to work on /opt/airflow/dags/dag_crime_pipeline.py
[2026-05-27T06:45:48.224+0000] {processor.py:830} INFO - Processing file /opt/airflow/dags/dag_crime_pipeline.py for tasks to queue
[2026-05-27T06:45:48.227+0000] {logging_mixin.py:188} INFO - [2026-05-27T06:45:48.226+0000] {dagbag.py:538} INFO - Filling up the DagBag from /opt/airflow/dags/dag_crime_pipeline.py
[2026-05-27T06:45:48.267+0000] {processor.py:840} INFO - DAG(s) 'crime_analytics_pipeline' retrieved from /opt/airflow/dags/dag_crime_pipeline.py
[2026-05-27T06:45:48.306+0000] {logging_mixin.py:188} INFO - [2026-05-27T06:45:48.305+0000] {dag.py:3036} INFO - Sync 1 DAGs
[2026-05-27T06:45:48.358+0000] {processor.py:183} INFO - Processing /opt/airflow/dags/dag_crime_pipeline.py took 0.140 seconds
[2026-05-27T06:46:18.685+0000] {processor.py:161} INFO - Started process (PID=5885) to work on /opt/airflow/dags/dag_crime_pipeline.py
[2026-05-27T06:46:18.687+0000] {processor.py:830} INFO - Processing file /opt/airflow/dags/dag_crime_pipeline.py for tasks to queue
[2026-05-27T06:46:18.689+0000] {logging_mixin.py:188} INFO - [2026-05-27T06:46:18.689+0000] {dagbag.py:538} INFO - Filling up the DagBag from /opt/airflow/dags/dag_crime_pipeline.py
[2026-05-27T06:46:18.728+0000] {processor.py:840} INFO - DAG(s) 'crime_analytics_pipeline' retrieved from /opt/airflow/dags/dag_crime_pipeline.py
[2026-05-27T06:46:18.761+0000] {logging_mixin.py:188} INFO - [2026-05-27T06:46:18.760+0000] {dag.py:3036} INFO - Sync 1 DAGs
[2026-05-27T06:46:18.830+0000] {processor.py:183} INFO - Processing /opt/airflow/dags/dag_crime_pipeline.py took 0.148 seconds
[2026-05-27T06:46:49.007+0000] {processor.py:161} INFO - Started process (PID=5890) to work on /opt/airflow/dags/dag_crime_pipeline.py
[2026-05-27T06:46:49.009+0000] {processor.py:830} INFO - Processing file /opt/airflow/dags/dag_crime_pipeline.py for tasks to queue
[2026-05-27T06:46:49.012+0000] {logging_mixin.py:188} INFO - [2026-05-27T06:46:49.012+0000] {dagbag.py:538} INFO - Filling up the DagBag from /opt/airflow/dags/dag_crime_pipeline.py
[2026-05-27T06:46:49.055+0000] {processor.py:840} INFO - DAG(s) 'crime_analytics_pipeline' retrieved from /opt/airflow/dags/dag_crime_pipeline.py
[2026-05-27T06:46:49.093+0000] {logging_mixin.py:188} INFO - [2026-05-27T06:46:49.092+0000] {dag.py:3036} INFO - Sync 1 DAGs
[2026-05-27T06:46:49.161+0000] {processor.py:183} INFO - Processing /opt/airflow/dags/dag_crime_pipeline.py took 0.158 seconds
[2026-05-27T06:47:19.495+0000] {processor.py:161} INFO - Started process (PID=5895) to work on /opt/airflow/dags/dag_crime_pipeline.py
[2026-05-27T06:47:19.496+0000] {processor.py:830} INFO - Processing file /opt/airflow/dags/dag_crime_pipeline.py for tasks to queue
[2026-05-27T06:47:19.500+0000] {logging_mixin.py:188} INFO - [2026-05-27T06:47:19.499+0000] {dagbag.py:538} INFO - Filling up the DagBag from /opt/airflow/dags/dag_crime_pipeline.py
[2026-05-27T06:47:19.541+0000] {processor.py:840} INFO - DAG(s) 'crime_analytics_pipeline' retrieved from /opt/airflow/dags/dag_crime_pipeline.py
[2026-05-27T06:47:19.572+0000] {logging_mixin.py:188} INFO - [2026-05-27T06:47:19.571+0000] {dag.py:3036} INFO - Sync 1 DAGs
[2026-05-27T06:47:19.634+0000] {processor.py:183} INFO - Processing /opt/airflow/dags/dag_crime_pipeline.py took 0.143 seconds
[2026-05-27T06:47:49.761+0000] {processor.py:161} INFO - Started process (PID=5900) to work on /opt/airflow/dags/dag_crime_pipeline.py
[2026-05-27T06:47:49.763+0000] {processor.py:830} INFO - Processing file /opt/airflow/dags/dag_crime_pipeline.py for tasks to queue
[2026-05-27T06:47:49.765+0000] {logging_mixin.py:188} INFO - [2026-05-27T06:47:49.765+0000] {dagbag.py:538} INFO - Filling up the DagBag from /opt/airflow/dags/dag_crime_pipeline.py
[2026-05-27T06:47:49.808+0000] {processor.py:840} INFO - DAG(s) 'crime_analytics_pipeline' retrieved from /opt/airflow/dags/dag_crime_pipeline.py
[2026-05-27T06:47:49.857+0000] {logging_mixin.py:188} INFO - [2026-05-27T06:47:49.856+0000] {dag.py:3036} INFO - Sync 1 DAGs
[2026-05-27T06:47:49.921+0000] {processor.py:183} INFO - Processing /opt/airflow/dags/dag_crime_pipeline.py took 0.165 seconds
[2026-05-27T06:48:20.190+0000] {processor.py:161} INFO - Started process (PID=5905) to work on /opt/airflow/dags/dag_crime_pipeline.py
[2026-05-27T06:48:20.191+0000] {processor.py:830} INFO - Processing file /opt/airflow/dags/dag_crime_pipeline.py for tasks to queue
[2026-05-27T06:48:20.195+0000] {logging_mixin.py:188} INFO - [2026-05-27T06:48:20.194+0000] {dagbag.py:538} INFO - Filling up the DagBag from /opt/airflow/dags/dag_crime_pipeline.py
[2026-05-27T06:48:20.233+0000] {processor.py:840} INFO - DAG(s) 'crime_analytics_pipeline' retrieved from /opt/airflow/dags/dag_crime_pipeline.py
[2026-05-27T06:48:20.266+0000] {logging_mixin.py:188} INFO - [2026-05-27T06:48:20.266+0000] {dag.py:3036} INFO - Sync 1 DAGs
[2026-05-27T06:48:20.323+0000] {processor.py:183} INFO - Processing /opt/airflow/dags/dag_crime_pipeline.py took 0.137 seconds
[2026-05-27T06:48:50.453+0000] {processor.py:161} INFO - Started process (PID=5910) to work on /opt/airflow/dags/dag_crime_pipeline.py
[2026-05-27T06:48:50.455+0000] {processor.py:830} INFO - Processing file /opt/airflow/dags/dag_crime_pipeline.py for tasks to queue
[2026-05-27T06:48:50.458+0000] {logging_mixin.py:188} INFO - [2026-05-27T06:48:50.457+0000] {dagbag.py:538} INFO - Filling up the DagBag from /opt/airflow/dags/dag_crime_pipeline.py
[2026-05-27T06:48:50.497+0000] {processor.py:840} INFO - DAG(s) 'crime_analytics_pipeline' retrieved from /opt/airflow/dags/dag_crime_pipeline.py
[2026-05-27T06:48:50.535+0000] {logging_mixin.py:188} INFO - [2026-05-27T06:48:50.535+0000] {dag.py:3036} INFO - Sync 1 DAGs
[2026-05-27T06:48:50.579+0000] {processor.py:183} INFO - Processing /opt/airflow/dags/dag_crime_pipeline.py took 0.130 seconds
[2026-05-27T06:49:20.940+0000] {processor.py:161} INFO - Started process (PID=5915) to work on /opt/airflow/dags/dag_crime_pipeline.py
[2026-05-27T06:49:20.942+0000] {processor.py:830} INFO - Processing file /opt/airflow/dags/dag_crime_pipeline.py for tasks to queue
[2026-05-27T06:49:20.944+0000] {logging_mixin.py:188} INFO - [2026-05-27T06:49:20.944+0000] {dagbag.py:538} INFO - Filling up the DagBag from /opt/airflow/dags/dag_crime_pipeline.py
[2026-05-27T06:49:20.991+0000] {processor.py:840} INFO - DAG(s) 'crime_analytics_pipeline' retrieved from /opt/airflow/dags/dag_crime_pipeline.py
[2026-05-27T06:49:21.023+0000] {logging_mixin.py:188} INFO - [2026-05-27T06:49:21.023+0000] {dag.py:3036} INFO - Sync 1 DAGs
[2026-05-27T06:49:21.080+0000] {processor.py:183} INFO - Processing /opt/airflow/dags/dag_crime_pipeline.py took 0.145 seconds
[2026-05-27T06:49:51.186+0000] {processor.py:161} INFO - Started process (PID=5920) to work on /opt/airflow/dags/dag_crime_pipeline.py
[2026-05-27T06:49:51.188+0000] {processor.py:830} INFO - Processing file /opt/airflow/dags/dag_crime_pipeline.py for tasks to queue
[2026-05-27T06:49:51.190+0000] {logging_mixin.py:188} INFO - [2026-05-27T06:49:51.190+0000] {dagbag.py:538} INFO - Filling up the DagBag from /opt/airflow/dags/dag_crime_pipeline.py
[2026-05-27T06:49:51.228+0000] {processor.py:840} INFO - DAG(s) 'crime_analytics_pipeline' retrieved from /opt/airflow/dags/dag_crime_pipeline.py
[2026-05-27T06:49:51.266+0000] {logging_mixin.py:188} INFO - [2026-05-27T06:49:51.266+0000] {dag.py:3036} INFO - Sync 1 DAGs
[2026-05-27T06:49:51.306+0000] {processor.py:183} INFO - Processing /opt/airflow/dags/dag_crime_pipeline.py took 0.124 seconds
[2026-05-27T06:50:21.592+0000] {processor.py:161} INFO - Started process (PID=5925) to work on /opt/airflow/dags/dag_crime_pipeline.py
[2026-05-27T06:50:21.594+0000] {processor.py:830} INFO - Processing file /opt/airflow/dags/dag_crime_pipeline.py for tasks to queue
[2026-05-27T06:50:21.597+0000] {logging_mixin.py:188} INFO - [2026-05-27T06:50:21.596+0000] {dagbag.py:538} INFO - Filling up the DagBag from /opt/airflow/dags/dag_crime_pipeline.py
[2026-05-27T06:50:21.634+0000] {processor.py:840} INFO - DAG(s) 'crime_analytics_pipeline' retrieved from /opt/airflow/dags/dag_crime_pipeline.py
[2026-05-27T06:50:21.662+0000] {logging_mixin.py:188} INFO - [2026-05-27T06:50:21.662+0000] {dag.py:3036} INFO - Sync 1 DAGs
[2026-05-27T06:50:21.707+0000] {processor.py:183} INFO - Processing /opt/airflow/dags/dag_crime_pipeline.py took 0.118 seconds
[2026-05-27T06:50:51.859+0000] {processor.py:161} INFO - Started process (PID=5930) to work on /opt/airflow/dags/dag_crime_pipeline.py
[2026-05-27T06:50:51.861+0000] {processor.py:830} INFO - Processing file /opt/airflow/dags/dag_crime_pipeline.py for tasks to queue
[2026-05-27T06:50:51.863+0000] {logging_mixin.py:188} INFO - [2026-05-27T06:50:51.863+0000] {dagbag.py:538} INFO - Filling up the DagBag from /opt/airflow/dags/dag_crime_pipeline.py
[2026-05-27T06:50:51.911+0000] {processor.py:840} INFO - DAG(s) 'crime_analytics_pipeline' retrieved from /opt/airflow/dags/dag_crime_pipeline.py
[2026-05-27T06:50:51.942+0000] {logging_mixin.py:188} INFO - [2026-05-27T06:50:51.942+0000] {dag.py:3036} INFO - Sync 1 DAGs
[2026-05-27T06:50:51.986+0000] {processor.py:183} INFO - Processing /opt/airflow/dags/dag_crime_pipeline.py took 0.131 seconds
[2026-05-27T06:51:22.241+0000] {processor.py:161} INFO - Started process (PID=5935) to work on /opt/airflow/dags/dag_crime_pipeline.py
[2026-05-27T06:51:22.242+0000] {processor.py:830} INFO - Processing file /opt/airflow/dags/dag_crime_pipeline.py for tasks to queue
[2026-05-27T06:51:22.246+0000] {logging_mixin.py:188} INFO - [2026-05-27T06:51:22.245+0000] {dagbag.py:538} INFO - Filling up the DagBag from /opt/airflow/dags/dag_crime_pipeline.py
[2026-05-27T06:51:22.288+0000] {processor.py:840} INFO - DAG(s) 'crime_analytics_pipeline' retrieved from /opt/airflow/dags/dag_crime_pipeline.py
[2026-05-27T06:51:22.319+0000] {logging_mixin.py:188} INFO - [2026-05-27T06:51:22.318+0000] {dag.py:3036} INFO - Sync 1 DAGs
[2026-05-27T06:51:22.375+0000] {processor.py:183} INFO - Processing /opt/airflow/dags/dag_crime_pipeline.py took 0.139 seconds
[2026-05-27T06:51:52.519+0000] {processor.py:161} INFO - Started process (PID=5940) to work on /opt/airflow/dags/dag_crime_pipeline.py
[2026-05-27T06:51:52.521+0000] {processor.py:830} INFO - Processing file /opt/airflow/dags/dag_crime_pipeline.py for tasks to queue
[2026-05-27T06:51:52.525+0000] {logging_mixin.py:188} INFO - [2026-05-27T06:51:52.524+0000] {dagbag.py:538} INFO - Filling up the DagBag from /opt/airflow/dags/dag_crime_pipeline.py
[2026-05-27T06:51:52.567+0000] {processor.py:840} INFO - DAG(s) 'crime_analytics_pipeline' retrieved from /opt/airflow/dags/dag_crime_pipeline.py
[2026-05-27T06:51:52.597+0000] {logging_mixin.py:188} INFO - [2026-05-27T06:51:52.597+0000] {dag.py:3036} INFO - Sync 1 DAGs
[2026-05-27T06:51:52.641+0000] {processor.py:183} INFO - Processing /opt/airflow/dags/dag_crime_pipeline.py took 0.128 seconds
[2026-05-27T06:52:22.987+0000] {processor.py:161} INFO - Started process (PID=5945) to work on /opt/airflow/dags/dag_crime_pipeline.py
[2026-05-27T06:52:22.988+0000] {processor.py:830} INFO - Processing file /opt/airflow/dags/dag_crime_pipeline.py for tasks to queue
[2026-05-27T06:52:22.991+0000] {logging_mixin.py:188} INFO - [2026-05-27T06:52:22.991+0000] {dagbag.py:538} INFO - Filling up the DagBag from /opt/airflow/dags/dag_crime_pipeline.py
[2026-05-27T06:52:23.032+0000] {processor.py:840} INFO - DAG(s) 'crime_analytics_pipeline' retrieved from /opt/airflow/dags/dag_crime_pipeline.py
[2026-05-27T06:52:23.061+0000] {logging_mixin.py:188} INFO - [2026-05-27T06:52:23.061+0000] {dag.py:3036} INFO - Sync 1 DAGs
[2026-05-27T06:52:23.132+0000] {processor.py:183} INFO - Processing /opt/airflow/dags/dag_crime_pipeline.py took 0.150 seconds
[2026-05-27T06:52:53.259+0000] {processor.py:161} INFO - Started process (PID=5950) to work on /opt/airflow/dags/dag_crime_pipeline.py
[2026-05-27T06:52:53.261+0000] {processor.py:830} INFO - Processing file /opt/airflow/dags/dag_crime_pipeline.py for tasks to queue
[2026-05-27T06:52:53.264+0000] {logging_mixin.py:188} INFO - [2026-05-27T06:52:53.263+0000] {dagbag.py:538} INFO - Filling up the DagBag from /opt/airflow/dags/dag_crime_pipeline.py
[2026-05-27T06:52:53.314+0000] {processor.py:840} INFO - DAG(s) 'crime_analytics_pipeline' retrieved from /opt/airflow/dags/dag_crime_pipeline.py
[2026-05-27T06:52:53.344+0000] {logging_mixin.py:188} INFO - [2026-05-27T06:52:53.344+0000] {dag.py:3036} INFO - Sync 1 DAGs
[2026-05-27T06:52:53.400+0000] {processor.py:183} INFO - Processing /opt/airflow/dags/dag_crime_pipeline.py took 0.146 seconds
[2026-05-27T06:53:23.658+0000] {processor.py:161} INFO - Started process (PID=5955) to work on /opt/airflow/dags/dag_crime_pipeline.py
[2026-05-27T06:53:23.660+0000] {processor.py:830} INFO - Processing file /opt/airflow/dags/dag_crime_pipeline.py for tasks to queue
[2026-05-27T06:53:23.663+0000] {logging_mixin.py:188} INFO - [2026-05-27T06:53:23.662+0000] {dagbag.py:538} INFO - Filling up the DagBag from /opt/airflow/dags/dag_crime_pipeline.py
[2026-05-27T06:53:23.703+0000] {processor.py:840} INFO - DAG(s) 'crime_analytics_pipeline' retrieved from /opt/airflow/dags/dag_crime_pipeline.py
[2026-05-27T06:53:23.738+0000] {logging_mixin.py:188} INFO - [2026-05-27T06:53:23.738+0000] {dag.py:3036} INFO - Sync 1 DAGs
[2026-05-27T06:53:23.782+0000] {processor.py:183} INFO - Processing /opt/airflow/dags/dag_crime_pipeline.py took 0.129 seconds
[2026-05-27T06:53:53.938+0000] {processor.py:161} INFO - Started process (PID=5960) to work on /opt/airflow/dags/dag_crime_pipeline.py
[2026-05-27T06:53:53.939+0000] {processor.py:830} INFO - Processing file /opt/airflow/dags/dag_crime_pipeline.py for tasks to queue
[2026-05-27T06:53:53.942+0000] {logging_mixin.py:188} INFO - [2026-05-27T06:53:53.942+0000] {dagbag.py:538} INFO - Filling up the DagBag from /opt/airflow/dags/dag_crime_pipeline.py
[2026-05-27T06:53:53.981+0000] {processor.py:840} INFO - DAG(s) 'crime_analytics_pipeline' retrieved from /opt/airflow/dags/dag_crime_pipeline.py
[2026-05-27T06:53:54.014+0000] {logging_mixin.py:188} INFO - [2026-05-27T06:53:54.014+0000] {dag.py:3036} INFO - Sync 1 DAGs
[2026-05-27T06:53:54.072+0000] {processor.py:183} INFO - Processing /opt/airflow/dags/dag_crime_pipeline.py took 0.139 seconds
[2026-05-27T06:54:24.387+0000] {processor.py:161} INFO - Started process (PID=5965) to work on /opt/airflow/dags/dag_crime_pipeline.py
[2026-05-27T06:54:24.389+0000] {processor.py:830} INFO - Processing file /opt/airflow/dags/dag_crime_pipeline.py for tasks to queue
[2026-05-27T06:54:24.392+0000] {logging_mixin.py:188} INFO - [2026-05-27T06:54:24.391+0000] {dagbag.py:538} INFO - Filling up the DagBag from /opt/airflow/dags/dag_crime_pipeline.py
[2026-05-27T06:54:24.435+0000] {processor.py:840} INFO - DAG(s) 'crime_analytics_pipeline' retrieved from /opt/airflow/dags/dag_crime_pipeline.py
[2026-05-27T06:54:24.480+0000] {logging_mixin.py:188} INFO - [2026-05-27T06:54:24.480+0000] {dag.py:3036} INFO - Sync 1 DAGs
[2026-05-27T06:54:24.518+0000] {processor.py:183} INFO - Processing /opt/airflow/dags/dag_crime_pipeline.py took 0.135 seconds
[2026-05-27T06:54:54.663+0000] {processor.py:161} INFO - Started process (PID=5970) to work on /opt/airflow/dags/dag_crime_pipeline.py
[2026-05-27T06:54:54.665+0000] {processor.py:830} INFO - Processing file /opt/airflow/dags/dag_crime_pipeline.py for tasks to queue
[2026-05-27T06:54:54.668+0000] {logging_mixin.py:188} INFO - [2026-05-27T06:54:54.667+0000] {dagbag.py:538} INFO - Filling up the DagBag from /opt/airflow/dags/dag_crime_pipeline.py
[2026-05-27T06:54:54.709+0000] {processor.py:840} INFO - DAG(s) 'crime_analytics_pipeline' retrieved from /opt/airflow/dags/dag_crime_pipeline.py
[2026-05-27T06:54:54.744+0000] {logging_mixin.py:188} INFO - [2026-05-27T06:54:54.744+0000] {dag.py:3036} INFO - Sync 1 DAGs
[2026-05-27T06:54:54.805+0000] {processor.py:183} INFO - Processing /opt/airflow/dags/dag_crime_pipeline.py took 0.146 seconds
[2026-05-27T06:55:25.099+0000] {processor.py:161} INFO - Started process (PID=5975) to work on /opt/airflow/dags/dag_crime_pipeline.py
[2026-05-27T06:55:25.101+0000] {processor.py:830} INFO - Processing file /opt/airflow/dags/dag_crime_pipeline.py for tasks to queue
[2026-05-27T06:55:25.105+0000] {logging_mixin.py:188} INFO - [2026-05-27T06:55:25.104+0000] {dagbag.py:538} INFO - Filling up the DagBag from /opt/airflow/dags/dag_crime_pipeline.py
[2026-05-27T06:55:25.147+0000] {processor.py:840} INFO - DAG(s) 'crime_analytics_pipeline' retrieved from /opt/airflow/dags/dag_crime_pipeline.py
[2026-05-27T06:55:25.178+0000] {logging_mixin.py:188} INFO - [2026-05-27T06:55:25.177+0000] {dag.py:3036} INFO - Sync 1 DAGs
[2026-05-27T06:55:25.218+0000] {processor.py:183} INFO - Processing /opt/airflow/dags/dag_crime_pipeline.py took 0.123 seconds
[2026-05-27T06:55:55.369+0000] {processor.py:161} INFO - Started process (PID=5980) to work on /opt/airflow/dags/dag_crime_pipeline.py
[2026-05-27T06:55:55.371+0000] {processor.py:830} INFO - Processing file /opt/airflow/dags/dag_crime_pipeline.py for tasks to queue
[2026-05-27T06:55:55.374+0000] {logging_mixin.py:188} INFO - [2026-05-27T06:55:55.373+0000] {dagbag.py:538} INFO - Filling up the DagBag from /opt/airflow/dags/dag_crime_pipeline.py
[2026-05-27T06:55:55.413+0000] {processor.py:840} INFO - DAG(s) 'crime_analytics_pipeline' retrieved from /opt/airflow/dags/dag_crime_pipeline.py
[2026-05-27T06:55:55.451+0000] {logging_mixin.py:188} INFO - [2026-05-27T06:55:55.451+0000] {dag.py:3036} INFO - Sync 1 DAGs
[2026-05-27T06:55:55.493+0000] {processor.py:183} INFO - Processing /opt/airflow/dags/dag_crime_pipeline.py took 0.128 seconds
[2026-05-27T06:56:25.789+0000] {processor.py:161} INFO - Started process (PID=5985) to work on /opt/airflow/dags/dag_crime_pipeline.py
[2026-05-27T06:56:25.790+0000] {processor.py:830} INFO - Processing file /opt/airflow/dags/dag_crime_pipeline.py for tasks to queue
[2026-05-27T06:56:25.794+0000] {logging_mixin.py:188} INFO - [2026-05-27T06:56:25.793+0000] {dagbag.py:538} INFO - Filling up the DagBag from /opt/airflow/dags/dag_crime_pipeline.py
[2026-05-27T06:56:25.831+0000] {processor.py:840} INFO - DAG(s) 'crime_analytics_pipeline' retrieved from /opt/airflow/dags/dag_crime_pipeline.py
[2026-05-27T06:56:25.864+0000] {logging_mixin.py:188} INFO - [2026-05-27T06:56:25.863+0000] {dag.py:3036} INFO - Sync 1 DAGs
[2026-05-27T06:56:25.903+0000] {processor.py:183} INFO - Processing /opt/airflow/dags/dag_crime_pipeline.py took 0.118 seconds
[2026-05-27T06:56:56.159+0000] {processor.py:161} INFO - Started process (PID=5990) to work on /opt/airflow/dags/dag_crime_pipeline.py
[2026-05-27T06:56:56.161+0000] {processor.py:830} INFO - Processing file /opt/airflow/dags/dag_crime_pipeline.py for tasks to queue
[2026-05-27T06:56:56.165+0000] {logging_mixin.py:188} INFO - [2026-05-27T06:56:56.164+0000] {dagbag.py:538} INFO - Filling up the DagBag from /opt/airflow/dags/dag_crime_pipeline.py
[2026-05-27T06:56:56.228+0000] {processor.py:840} INFO - DAG(s) 'crime_analytics_pipeline' retrieved from /opt/airflow/dags/dag_crime_pipeline.py
[2026-05-27T06:56:56.263+0000] {logging_mixin.py:188} INFO - [2026-05-27T06:56:56.262+0000] {dag.py:3036} INFO - Sync 1 DAGs
[2026-05-27T06:56:56.301+0000] {processor.py:183} INFO - Processing /opt/airflow/dags/dag_crime_pipeline.py took 0.148 seconds
[2026-05-27T06:57:26.643+0000] {processor.py:161} INFO - Started process (PID=5995) to work on /opt/airflow/dags/dag_crime_pipeline.py
[2026-05-27T06:57:26.644+0000] {processor.py:830} INFO - Processing file /opt/airflow/dags/dag_crime_pipeline.py for tasks to queue
[2026-05-27T06:57:26.647+0000] {logging_mixin.py:188} INFO - [2026-05-27T06:57:26.646+0000] {dagbag.py:538} INFO - Filling up the DagBag from /opt/airflow/dags/dag_crime_pipeline.py
[2026-05-27T06:57:26.691+0000] {processor.py:840} INFO - DAG(s) 'crime_analytics_pipeline' retrieved from /opt/airflow/dags/dag_crime_pipeline.py
[2026-05-27T06:57:26.727+0000] {logging_mixin.py:188} INFO - [2026-05-27T06:57:26.727+0000] {dag.py:3036} INFO - Sync 1 DAGs
[2026-05-27T06:57:26.788+0000] {processor.py:183} INFO - Processing /opt/airflow/dags/dag_crime_pipeline.py took 0.149 seconds
[2026-05-27T06:57:56.929+0000] {processor.py:161} INFO - Started process (PID=6000) to work on /opt/airflow/dags/dag_crime_pipeline.py
[2026-05-27T06:57:56.931+0000] {processor.py:830} INFO - Processing file /opt/airflow/dags/dag_crime_pipeline.py for tasks to queue
[2026-05-27T06:57:56.934+0000] {logging_mixin.py:188} INFO - [2026-05-27T06:57:56.933+0000] {dagbag.py:538} INFO - Filling up the DagBag from /opt/airflow/dags/dag_crime_pipeline.py
[2026-05-27T06:57:56.975+0000] {processor.py:840} INFO - DAG(s) 'crime_analytics_pipeline' retrieved from /opt/airflow/dags/dag_crime_pipeline.py
[2026-05-27T06:57:57.010+0000] {logging_mixin.py:188} INFO - [2026-05-27T06:57:57.010+0000] {dag.py:3036} INFO - Sync 1 DAGs
[2026-05-27T06:57:57.052+0000] {processor.py:183} INFO - Processing /opt/airflow/dags/dag_crime_pipeline.py took 0.128 seconds
[2026-05-27T06:58:27.339+0000] {processor.py:161} INFO - Started process (PID=6005) to work on /opt/airflow/dags/dag_crime_pipeline.py
[2026-05-27T06:58:27.340+0000] {processor.py:830} INFO - Processing file /opt/airflow/dags/dag_crime_pipeline.py for tasks to queue
[2026-05-27T06:58:27.343+0000] {logging_mixin.py:188} INFO - [2026-05-27T06:58:27.343+0000] {dagbag.py:538} INFO - Filling up the DagBag from /opt/airflow/dags/dag_crime_pipeline.py
[2026-05-27T06:58:27.383+0000] {processor.py:840} INFO - DAG(s) 'crime_analytics_pipeline' retrieved from /opt/airflow/dags/dag_crime_pipeline.py
[2026-05-27T06:58:27.419+0000] {logging_mixin.py:188} INFO - [2026-05-27T06:58:27.419+0000] {dag.py:3036} INFO - Sync 1 DAGs
[2026-05-27T06:58:27.470+0000] {processor.py:183} INFO - Processing /opt/airflow/dags/dag_crime_pipeline.py took 0.135 seconds
[2026-05-27T06:58:57.697+0000] {processor.py:161} INFO - Started process (PID=6010) to work on /opt/airflow/dags/dag_crime_pipeline.py
[2026-05-27T06:58:57.699+0000] {processor.py:830} INFO - Processing file /opt/airflow/dags/dag_crime_pipeline.py for tasks to queue
[2026-05-27T06:58:57.702+0000] {logging_mixin.py:188} INFO - [2026-05-27T06:58:57.702+0000] {dagbag.py:538} INFO - Filling up the DagBag from /opt/airflow/dags/dag_crime_pipeline.py
[2026-05-27T06:58:57.741+0000] {processor.py:840} INFO - DAG(s) 'crime_analytics_pipeline' retrieved from /opt/airflow/dags/dag_crime_pipeline.py
[2026-05-27T06:58:57.771+0000] {logging_mixin.py:188} INFO - [2026-05-27T06:58:57.771+0000] {dag.py:3036} INFO - Sync 1 DAGs
[2026-05-27T06:58:57.809+0000] {processor.py:183} INFO - Processing /opt/airflow/dags/dag_crime_pipeline.py took 0.117 seconds
[2026-05-27T06:59:28.082+0000] {processor.py:161} INFO - Started process (PID=6015) to work on /opt/airflow/dags/dag_crime_pipeline.py
[2026-05-27T06:59:28.084+0000] {processor.py:830} INFO - Processing file /opt/airflow/dags/dag_crime_pipeline.py for tasks to queue
[2026-05-27T06:59:28.087+0000] {logging_mixin.py:188} INFO - [2026-05-27T06:59:28.086+0000] {dagbag.py:538} INFO - Filling up the DagBag from /opt/airflow/dags/dag_crime_pipeline.py
[2026-05-27T06:59:28.127+0000] {processor.py:840} INFO - DAG(s) 'crime_analytics_pipeline' retrieved from /opt/airflow/dags/dag_crime_pipeline.py
[2026-05-27T06:59:28.163+0000] {logging_mixin.py:188} INFO - [2026-05-27T06:59:28.163+0000] {dag.py:3036} INFO - Sync 1 DAGs
[2026-05-27T06:59:28.982+0000] {processor.py:183} INFO - Processing /opt/airflow/dags/dag_crime_pipeline.py took 0.804 seconds
[2026-05-27T06:59:59.317+0000] {processor.py:161} INFO - Started process (PID=6020) to work on /opt/airflow/dags/dag_crime_pipeline.py
[2026-05-27T06:59:59.319+0000] {processor.py:830} INFO - Processing file /opt/airflow/dags/dag_crime_pipeline.py for tasks to queue
[2026-05-27T06:59:59.322+0000] {logging_mixin.py:188} INFO - [2026-05-27T06:59:59.321+0000] {dagbag.py:538} INFO - Filling up the DagBag from /opt/airflow/dags/dag_crime_pipeline.py
[2026-05-27T06:59:59.360+0000] {processor.py:840} INFO - DAG(s) 'crime_analytics_pipeline' retrieved from /opt/airflow/dags/dag_crime_pipeline.py
[2026-05-27T06:59:59.403+0000] {logging_mixin.py:188} INFO - [2026-05-27T06:59:59.403+0000] {dag.py:3036} INFO - Sync 1 DAGs
[2026-05-27T06:59:59.450+0000] {processor.py:183} INFO - Processing /opt/airflow/dags/dag_crime_pipeline.py took 0.137 seconds
[2026-05-27T07:00:29.742+0000] {processor.py:161} INFO - Started process (PID=6025) to work on /opt/airflow/dags/dag_crime_pipeline.py
[2026-05-27T07:00:29.744+0000] {processor.py:830} INFO - Processing file /opt/airflow/dags/dag_crime_pipeline.py for tasks to queue
[2026-05-27T07:00:29.747+0000] {logging_mixin.py:188} INFO - [2026-05-27T07:00:29.747+0000] {dagbag.py:538} INFO - Filling up the DagBag from /opt/airflow/dags/dag_crime_pipeline.py
[2026-05-27T07:00:29.789+0000] {processor.py:840} INFO - DAG(s) 'crime_analytics_pipeline' retrieved from /opt/airflow/dags/dag_crime_pipeline.py
[2026-05-27T07:00:29.826+0000] {logging_mixin.py:188} INFO - [2026-05-27T07:00:29.826+0000] {dag.py:3036} INFO - Sync 1 DAGs
[2026-05-27T07:00:29.867+0000] {processor.py:183} INFO - Processing /opt/airflow/dags/dag_crime_pipeline.py took 0.128 seconds
[2026-05-27T07:01:00.088+0000] {processor.py:161} INFO - Started process (PID=6030) to work on /opt/airflow/dags/dag_crime_pipeline.py
[2026-05-27T07:01:00.090+0000] {processor.py:830} INFO - Processing file /opt/airflow/dags/dag_crime_pipeline.py for tasks to queue
[2026-05-27T07:01:00.093+0000] {logging_mixin.py:188} INFO - [2026-05-27T07:01:00.092+0000] {dagbag.py:538} INFO - Filling up the DagBag from /opt/airflow/dags/dag_crime_pipeline.py
[2026-05-27T07:01:00.135+0000] {processor.py:840} INFO - DAG(s) 'crime_analytics_pipeline' retrieved from /opt/airflow/dags/dag_crime_pipeline.py
[2026-05-27T07:01:00.174+0000] {logging_mixin.py:188} INFO - [2026-05-27T07:01:00.174+0000] {dag.py:3036} INFO - Sync 1 DAGs
[2026-05-27T07:01:00.496+0000] {processor.py:183} INFO - Processing /opt/airflow/dags/dag_crime_pipeline.py took 0.413 seconds
[2026-05-27T07:01:30.836+0000] {processor.py:161} INFO - Started process (PID=6035) to work on /opt/airflow/dags/dag_crime_pipeline.py
[2026-05-27T07:01:30.838+0000] {processor.py:830} INFO - Processing file /opt/airflow/dags/dag_crime_pipeline.py for tasks to queue
[2026-05-27T07:01:30.841+0000] {logging_mixin.py:188} INFO - [2026-05-27T07:01:30.840+0000] {dagbag.py:538} INFO - Filling up the DagBag from /opt/airflow/dags/dag_crime_pipeline.py
[2026-05-27T07:01:30.886+0000] {processor.py:840} INFO - DAG(s) 'crime_analytics_pipeline' retrieved from /opt/airflow/dags/dag_crime_pipeline.py
[2026-05-27T07:01:30.917+0000] {logging_mixin.py:188} INFO - [2026-05-27T07:01:30.917+0000] {dag.py:3036} INFO - Sync 1 DAGs
[2026-05-27T07:01:30.977+0000] {processor.py:183} INFO - Processing /opt/airflow/dags/dag_crime_pipeline.py took 0.146 seconds
[2026-05-27T07:02:01.118+0000] {processor.py:161} INFO - Started process (PID=6040) to work on /opt/airflow/dags/dag_crime_pipeline.py
[2026-05-27T07:02:01.120+0000] {processor.py:830} INFO - Processing file /opt/airflow/dags/dag_crime_pipeline.py for tasks to queue
[2026-05-27T07:02:01.123+0000] {logging_mixin.py:188} INFO - [2026-05-27T07:02:01.122+0000] {dagbag.py:538} INFO - Filling up the DagBag from /opt/airflow/dags/dag_crime_pipeline.py
[2026-05-27T07:02:01.166+0000] {processor.py:840} INFO - DAG(s) 'crime_analytics_pipeline' retrieved from /opt/airflow/dags/dag_crime_pipeline.py
[2026-05-27T07:02:01.203+0000] {logging_mixin.py:188} INFO - [2026-05-27T07:02:01.203+0000] {dag.py:3036} INFO - Sync 1 DAGs
[2026-05-27T07:02:01.251+0000] {processor.py:183} INFO - Processing /opt/airflow/dags/dag_crime_pipeline.py took 0.138 seconds
[2026-05-27T07:02:31.655+0000] {processor.py:161} INFO - Started process (PID=6045) to work on /opt/airflow/dags/dag_crime_pipeline.py
[2026-05-27T07:02:31.657+0000] {processor.py:830} INFO - Processing file /opt/airflow/dags/dag_crime_pipeline.py for tasks to queue
[2026-05-27T07:02:31.660+0000] {logging_mixin.py:188} INFO - [2026-05-27T07:02:31.659+0000] {dagbag.py:538} INFO - Filling up the DagBag from /opt/airflow/dags/dag_crime_pipeline.py
[2026-05-27T07:02:31.700+0000] {processor.py:840} INFO - DAG(s) 'crime_analytics_pipeline' retrieved from /opt/airflow/dags/dag_crime_pipeline.py
[2026-05-27T07:02:31.733+0000] {logging_mixin.py:188} INFO - [2026-05-27T07:02:31.733+0000] {dag.py:3036} INFO - Sync 1 DAGs
[2026-05-27T07:02:32.021+0000] {processor.py:183} INFO - Processing /opt/airflow/dags/dag_crime_pipeline.py took 0.371 seconds
[2026-05-27T07:03:02.379+0000] {processor.py:161} INFO - Started process (PID=6050) to work on /opt/airflow/dags/dag_crime_pipeline.py
[2026-05-27T07:03:02.381+0000] {processor.py:830} INFO - Processing file /opt/airflow/dags/dag_crime_pipeline.py for tasks to queue
[2026-05-27T07:03:02.384+0000] {logging_mixin.py:188} INFO - [2026-05-27T07:03:02.384+0000] {dagbag.py:538} INFO - Filling up the DagBag from /opt/airflow/dags/dag_crime_pipeline.py
[2026-05-27T07:03:02.431+0000] {processor.py:840} INFO - DAG(s) 'crime_analytics_pipeline' retrieved from /opt/airflow/dags/dag_crime_pipeline.py
[2026-05-27T07:03:02.472+0000] {logging_mixin.py:188} INFO - [2026-05-27T07:03:02.471+0000] {dag.py:3036} INFO - Sync 1 DAGs
[2026-05-27T07:03:02.525+0000] {processor.py:183} INFO - Processing /opt/airflow/dags/dag_crime_pipeline.py took 0.152 seconds
[2026-05-27T07:03:32.676+0000] {processor.py:161} INFO - Started process (PID=6055) to work on /opt/airflow/dags/dag_crime_pipeline.py
[2026-05-27T07:03:32.678+0000] {processor.py:830} INFO - Processing file /opt/airflow/dags/dag_crime_pipeline.py for tasks to queue
[2026-05-27T07:03:32.680+0000] {logging_mixin.py:188} INFO - [2026-05-27T07:03:32.680+0000] {dagbag.py:538} INFO - Filling up the DagBag from /opt/airflow/dags/dag_crime_pipeline.py
[2026-05-27T07:03:32.721+0000] {processor.py:840} INFO - DAG(s) 'crime_analytics_pipeline' retrieved from /opt/airflow/dags/dag_crime_pipeline.py
[2026-05-27T07:03:32.754+0000] {logging_mixin.py:188} INFO - [2026-05-27T07:03:32.754+0000] {dag.py:3036} INFO - Sync 1 DAGs
[2026-05-27T07:03:32.815+0000] {processor.py:183} INFO - Processing /opt/airflow/dags/dag_crime_pipeline.py took 0.143 seconds
[2026-05-27T07:04:03.122+0000] {processor.py:161} INFO - Started process (PID=6060) to work on /opt/airflow/dags/dag_crime_pipeline.py
[2026-05-27T07:04:03.123+0000] {processor.py:830} INFO - Processing file /opt/airflow/dags/dag_crime_pipeline.py for tasks to queue
[2026-05-27T07:04:03.127+0000] {logging_mixin.py:188} INFO - [2026-05-27T07:04:03.126+0000] {dagbag.py:538} INFO - Filling up the DagBag from /opt/airflow/dags/dag_crime_pipeline.py
[2026-05-27T07:04:03.166+0000] {processor.py:840} INFO - DAG(s) 'crime_analytics_pipeline' retrieved from /opt/airflow/dags/dag_crime_pipeline.py
[2026-05-27T07:04:03.199+0000] {logging_mixin.py:188} INFO - [2026-05-27T07:04:03.198+0000] {dag.py:3036} INFO - Sync 1 DAGs
[2026-05-27T07:04:03.501+0000] {processor.py:183} INFO - Processing /opt/airflow/dags/dag_crime_pipeline.py took 0.383 seconds
[2026-05-27T07:04:33.846+0000] {processor.py:161} INFO - Started process (PID=6065) to work on /opt/airflow/dags/dag_crime_pipeline.py
[2026-05-27T07:04:33.848+0000] {processor.py:830} INFO - Processing file /opt/airflow/dags/dag_crime_pipeline.py for tasks to queue
[2026-05-27T07:04:33.851+0000] {logging_mixin.py:188} INFO - [2026-05-27T07:04:33.851+0000] {dagbag.py:538} INFO - Filling up the DagBag from /opt/airflow/dags/dag_crime_pipeline.py
[2026-05-27T07:04:33.928+0000] {processor.py:840} INFO - DAG(s) 'crime_analytics_pipeline' retrieved from /opt/airflow/dags/dag_crime_pipeline.py
[2026-05-27T07:04:33.984+0000] {logging_mixin.py:188} INFO - [2026-05-27T07:04:33.984+0000] {dag.py:3036} INFO - Sync 1 DAGs
[2026-05-27T07:04:34.052+0000] {processor.py:183} INFO - Processing /opt/airflow/dags/dag_crime_pipeline.py took 0.211 seconds
[2026-05-27T07:05:04.147+0000] {processor.py:161} INFO - Started process (PID=6070) to work on /opt/airflow/dags/dag_crime_pipeline.py
[2026-05-27T07:05:04.149+0000] {processor.py:830} INFO - Processing file /opt/airflow/dags/dag_crime_pipeline.py for tasks to queue
[2026-05-27T07:05:04.152+0000] {logging_mixin.py:188} INFO - [2026-05-27T07:05:04.152+0000] {dagbag.py:538} INFO - Filling up the DagBag from /opt/airflow/dags/dag_crime_pipeline.py
[2026-05-27T07:05:04.190+0000] {processor.py:840} INFO - DAG(s) 'crime_analytics_pipeline' retrieved from /opt/airflow/dags/dag_crime_pipeline.py
[2026-05-27T07:05:04.224+0000] {logging_mixin.py:188} INFO - [2026-05-27T07:05:04.223+0000] {dag.py:3036} INFO - Sync 1 DAGs
[2026-05-27T07:05:04.286+0000] {processor.py:183} INFO - Processing /opt/airflow/dags/dag_crime_pipeline.py took 0.144 seconds
[2026-05-27T07:05:34.447+0000] {processor.py:161} INFO - Started process (PID=6075) to work on /opt/airflow/dags/dag_crime_pipeline.py
[2026-05-27T07:05:34.449+0000] {processor.py:830} INFO - Processing file /opt/airflow/dags/dag_crime_pipeline.py for tasks to queue
[2026-05-27T07:05:34.452+0000] {logging_mixin.py:188} INFO - [2026-05-27T07:05:34.452+0000] {dagbag.py:538} INFO - Filling up the DagBag from /opt/airflow/dags/dag_crime_pipeline.py
[2026-05-27T07:05:34.492+0000] {processor.py:840} INFO - DAG(s) 'crime_analytics_pipeline' retrieved from /opt/airflow/dags/dag_crime_pipeline.py
[2026-05-27T07:05:34.525+0000] {logging_mixin.py:188} INFO - [2026-05-27T07:05:34.525+0000] {dag.py:3036} INFO - Sync 1 DAGs
[2026-05-27T07:05:34.840+0000] {processor.py:183} INFO - Processing /opt/airflow/dags/dag_crime_pipeline.py took 0.397 seconds
[2026-05-27T07:06:04.980+0000] {processor.py:161} INFO - Started process (PID=6080) to work on /opt/airflow/dags/dag_crime_pipeline.py
[2026-05-27T07:06:04.981+0000] {processor.py:830} INFO - Processing file /opt/airflow/dags/dag_crime_pipeline.py for tasks to queue
[2026-05-27T07:06:04.984+0000] {logging_mixin.py:188} INFO - [2026-05-27T07:06:04.983+0000] {dagbag.py:538} INFO - Filling up the DagBag from /opt/airflow/dags/dag_crime_pipeline.py
[2026-05-27T07:06:05.023+0000] {processor.py:840} INFO - DAG(s) 'crime_analytics_pipeline' retrieved from /opt/airflow/dags/dag_crime_pipeline.py
[2026-05-27T07:06:05.060+0000] {logging_mixin.py:188} INFO - [2026-05-27T07:06:05.060+0000] {dag.py:3036} INFO - Sync 1 DAGs
[2026-05-27T07:06:05.102+0000] {processor.py:183} INFO - Processing /opt/airflow/dags/dag_crime_pipeline.py took 0.126 seconds
[2026-05-27T07:06:35.265+0000] {processor.py:161} INFO - Started process (PID=6085) to work on /opt/airflow/dags/dag_crime_pipeline.py
[2026-05-27T07:06:35.266+0000] {processor.py:830} INFO - Processing file /opt/airflow/dags/dag_crime_pipeline.py for tasks to queue
[2026-05-27T07:06:35.269+0000] {logging_mixin.py:188} INFO - [2026-05-27T07:06:35.269+0000] {dagbag.py:538} INFO - Filling up the DagBag from /opt/airflow/dags/dag_crime_pipeline.py
[2026-05-27T07:06:35.310+0000] {processor.py:840} INFO - DAG(s) 'crime_analytics_pipeline' retrieved from /opt/airflow/dags/dag_crime_pipeline.py
[2026-05-27T07:06:35.341+0000] {logging_mixin.py:188} INFO - [2026-05-27T07:06:35.341+0000] {dag.py:3036} INFO - Sync 1 DAGs
[2026-05-27T07:06:35.383+0000] {processor.py:183} INFO - Processing /opt/airflow/dags/dag_crime_pipeline.py took 0.122 seconds
[2026-05-27T07:07:05.731+0000] {processor.py:161} INFO - Started process (PID=6090) to work on /opt/airflow/dags/dag_crime_pipeline.py
[2026-05-27T07:07:05.733+0000] {processor.py:830} INFO - Processing file /opt/airflow/dags/dag_crime_pipeline.py for tasks to queue
[2026-05-27T07:07:05.736+0000] {logging_mixin.py:188} INFO - [2026-05-27T07:07:05.736+0000] {dagbag.py:538} INFO - Filling up the DagBag from /opt/airflow/dags/dag_crime_pipeline.py
[2026-05-27T07:07:05.780+0000] {processor.py:840} INFO - DAG(s) 'crime_analytics_pipeline' retrieved from /opt/airflow/dags/dag_crime_pipeline.py
[2026-05-27T07:07:05.815+0000] {logging_mixin.py:188} INFO - [2026-05-27T07:07:05.815+0000] {dag.py:3036} INFO - Sync 1 DAGs
[2026-05-27T07:07:06.076+0000] {processor.py:183} INFO - Processing /opt/airflow/dags/dag_crime_pipeline.py took 0.350 seconds
[2026-05-27T07:07:36.413+0000] {processor.py:161} INFO - Started process (PID=6095) to work on /opt/airflow/dags/dag_crime_pipeline.py
[2026-05-27T07:07:36.415+0000] {processor.py:830} INFO - Processing file /opt/airflow/dags/dag_crime_pipeline.py for tasks to queue
[2026-05-27T07:07:36.419+0000] {logging_mixin.py:188} INFO - [2026-05-27T07:07:36.418+0000] {dagbag.py:538} INFO - Filling up the DagBag from /opt/airflow/dags/dag_crime_pipeline.py
[2026-05-27T07:07:36.463+0000] {processor.py:840} INFO - DAG(s) 'crime_analytics_pipeline' retrieved from /opt/airflow/dags/dag_crime_pipeline.py
[2026-05-27T07:07:36.496+0000] {logging_mixin.py:188} INFO - [2026-05-27T07:07:36.495+0000] {dag.py:3036} INFO - Sync 1 DAGs
[2026-05-27T07:07:36.551+0000] {processor.py:183} INFO - Processing /opt/airflow/dags/dag_crime_pipeline.py took 0.145 seconds
[2026-05-27T07:08:06.715+0000] {processor.py:161} INFO - Started process (PID=6100) to work on /opt/airflow/dags/dag_crime_pipeline.py
[2026-05-27T07:08:06.717+0000] {processor.py:830} INFO - Processing file /opt/airflow/dags/dag_crime_pipeline.py for tasks to queue
[2026-05-27T07:08:06.720+0000] {logging_mixin.py:188} INFO - [2026-05-27T07:08:06.720+0000] {dagbag.py:538} INFO - Filling up the DagBag from /opt/airflow/dags/dag_crime_pipeline.py
[2026-05-27T07:08:06.772+0000] {processor.py:840} INFO - DAG(s) 'crime_analytics_pipeline' retrieved from /opt/airflow/dags/dag_crime_pipeline.py
[2026-05-27T07:08:06.828+0000] {logging_mixin.py:188} INFO - [2026-05-27T07:08:06.827+0000] {dag.py:3036} INFO - Sync 1 DAGs
[2026-05-27T07:08:07.147+0000] {processor.py:183} INFO - Processing /opt/airflow/dags/dag_crime_pipeline.py took 0.437 seconds
[2026-05-27T07:08:37.485+0000] {processor.py:161} INFO - Started process (PID=6105) to work on /opt/airflow/dags/dag_crime_pipeline.py
[2026-05-27T07:08:37.487+0000] {processor.py:830} INFO - Processing file /opt/airflow/dags/dag_crime_pipeline.py for tasks to queue
[2026-05-27T07:08:37.491+0000] {logging_mixin.py:188} INFO - [2026-05-27T07:08:37.490+0000] {dagbag.py:538} INFO - Filling up the DagBag from /opt/airflow/dags/dag_crime_pipeline.py
[2026-05-27T07:08:37.533+0000] {processor.py:840} INFO - DAG(s) 'crime_analytics_pipeline' retrieved from /opt/airflow/dags/dag_crime_pipeline.py
[2026-05-27T07:08:37.577+0000] {logging_mixin.py:188} INFO - [2026-05-27T07:08:37.576+0000] {dag.py:3036} INFO - Sync 1 DAGs
[2026-05-27T07:08:37.868+0000] {processor.py:183} INFO - Processing /opt/airflow/dags/dag_crime_pipeline.py took 0.389 seconds
[2026-05-27T07:09:08.236+0000] {processor.py:161} INFO - Started process (PID=6110) to work on /opt/airflow/dags/dag_crime_pipeline.py
[2026-05-27T07:09:08.237+0000] {processor.py:830} INFO - Processing file /opt/airflow/dags/dag_crime_pipeline.py for tasks to queue
[2026-05-27T07:09:08.241+0000] {logging_mixin.py:188} INFO - [2026-05-27T07:09:08.240+0000] {dagbag.py:538} INFO - Filling up the DagBag from /opt/airflow/dags/dag_crime_pipeline.py
[2026-05-27T07:09:08.489+0000] {processor.py:840} INFO - DAG(s) 'crime_analytics_pipeline' retrieved from /opt/airflow/dags/dag_crime_pipeline.py
[2026-05-27T07:09:08.520+0000] {logging_mixin.py:188} INFO - [2026-05-27T07:09:08.519+0000] {dag.py:3036} INFO - Sync 1 DAGs
[2026-05-27T07:09:08.558+0000] {processor.py:183} INFO - Processing /opt/airflow/dags/dag_crime_pipeline.py took 0.327 seconds
[2026-05-27T07:09:39.363+0000] {processor.py:161} INFO - Started process (PID=6115) to work on /opt/airflow/dags/dag_crime_pipeline.py
[2026-05-27T07:09:39.365+0000] {processor.py:830} INFO - Processing file /opt/airflow/dags/dag_crime_pipeline.py for tasks to queue
[2026-05-27T07:09:39.368+0000] {logging_mixin.py:188} INFO - [2026-05-27T07:09:39.367+0000] {dagbag.py:538} INFO - Filling up the DagBag from /opt/airflow/dags/dag_crime_pipeline.py
[2026-05-27T07:09:39.413+0000] {processor.py:840} INFO - DAG(s) 'crime_analytics_pipeline' retrieved from /opt/airflow/dags/dag_crime_pipeline.py
[2026-05-27T07:09:39.448+0000] {logging_mixin.py:188} INFO - [2026-05-27T07:09:39.447+0000] {dag.py:3036} INFO - Sync 1 DAGs
[2026-05-27T07:09:39.509+0000] {processor.py:183} INFO - Processing /opt/airflow/dags/dag_crime_pipeline.py took 0.151 seconds
[2026-05-27T07:10:09.785+0000] {processor.py:161} INFO - Started process (PID=6120) to work on /opt/airflow/dags/dag_crime_pipeline.py
[2026-05-27T07:10:09.787+0000] {processor.py:830} INFO - Processing file /opt/airflow/dags/dag_crime_pipeline.py for tasks to queue
[2026-05-27T07:10:09.790+0000] {logging_mixin.py:188} INFO - [2026-05-27T07:10:09.790+0000] {dagbag.py:538} INFO - Filling up the DagBag from /opt/airflow/dags/dag_crime_pipeline.py
[2026-05-27T07:10:09.846+0000] {processor.py:840} INFO - DAG(s) 'crime_analytics_pipeline' retrieved from /opt/airflow/dags/dag_crime_pipeline.py
[2026-05-27T07:10:09.895+0000] {logging_mixin.py:188} INFO - [2026-05-27T07:10:09.894+0000] {dag.py:3036} INFO - Sync 1 DAGs
[2026-05-27T07:10:09.968+0000] {processor.py:183} INFO - Processing /opt/airflow/dags/dag_crime_pipeline.py took 0.186 seconds
[2026-05-27T07:10:40.129+0000] {processor.py:161} INFO - Started process (PID=6125) to work on /opt/airflow/dags/dag_crime_pipeline.py
[2026-05-27T07:10:40.131+0000] {processor.py:830} INFO - Processing file /opt/airflow/dags/dag_crime_pipeline.py for tasks to queue
[2026-05-27T07:10:40.134+0000] {logging_mixin.py:188} INFO - [2026-05-27T07:10:40.133+0000] {dagbag.py:538} INFO - Filling up the DagBag from /opt/airflow/dags/dag_crime_pipeline.py
[2026-05-27T07:10:40.175+0000] {processor.py:840} INFO - DAG(s) 'crime_analytics_pipeline' retrieved from /opt/airflow/dags/dag_crime_pipeline.py
[2026-05-27T07:10:40.210+0000] {logging_mixin.py:188} INFO - [2026-05-27T07:10:40.210+0000] {dag.py:3036} INFO - Sync 1 DAGs
[2026-05-27T07:10:40.252+0000] {processor.py:183} INFO - Processing /opt/airflow/dags/dag_crime_pipeline.py took 0.128 seconds
[2026-05-27T07:11:10.603+0000] {processor.py:161} INFO - Started process (PID=6130) to work on /opt/airflow/dags/dag_crime_pipeline.py
[2026-05-27T07:11:10.605+0000] {processor.py:830} INFO - Processing file /opt/airflow/dags/dag_crime_pipeline.py for tasks to queue
[2026-05-27T07:11:10.608+0000] {logging_mixin.py:188} INFO - [2026-05-27T07:11:10.607+0000] {dagbag.py:538} INFO - Filling up the DagBag from /opt/airflow/dags/dag_crime_pipeline.py
[2026-05-27T07:11:10.649+0000] {processor.py:840} INFO - DAG(s) 'crime_analytics_pipeline' retrieved from /opt/airflow/dags/dag_crime_pipeline.py
[2026-05-27T07:11:10.682+0000] {logging_mixin.py:188} INFO - [2026-05-27T07:11:10.681+0000] {dag.py:3036} INFO - Sync 1 DAGs
[2026-05-27T07:11:10.720+0000] {processor.py:183} INFO - Processing /opt/airflow/dags/dag_crime_pipeline.py took 0.120 seconds
[2026-05-27T07:11:40.927+0000] {processor.py:161} INFO - Started process (PID=6135) to work on /opt/airflow/dags/dag_crime_pipeline.py
[2026-05-27T07:11:40.930+0000] {processor.py:830} INFO - Processing file /opt/airflow/dags/dag_crime_pipeline.py for tasks to queue
[2026-05-27T07:11:40.933+0000] {logging_mixin.py:188} INFO - [2026-05-27T07:11:40.933+0000] {dagbag.py:538} INFO - Filling up the DagBag from /opt/airflow/dags/dag_crime_pipeline.py
[2026-05-27T07:11:40.977+0000] {processor.py:840} INFO - DAG(s) 'crime_analytics_pipeline' retrieved from /opt/airflow/dags/dag_crime_pipeline.py
[2026-05-27T07:11:41.015+0000] {logging_mixin.py:188} INFO - [2026-05-27T07:11:41.015+0000] {dag.py:3036} INFO - Sync 1 DAGs
[2026-05-27T07:11:41.069+0000] {processor.py:183} INFO - Processing /opt/airflow/dags/dag_crime_pipeline.py took 0.147 seconds
[2026-05-27T07:12:11.373+0000] {processor.py:161} INFO - Started process (PID=6140) to work on /opt/airflow/dags/dag_crime_pipeline.py
[2026-05-27T07:12:11.374+0000] {processor.py:830} INFO - Processing file /opt/airflow/dags/dag_crime_pipeline.py for tasks to queue
[2026-05-27T07:12:11.378+0000] {logging_mixin.py:188} INFO - [2026-05-27T07:12:11.377+0000] {dagbag.py:538} INFO - Filling up the DagBag from /opt/airflow/dags/dag_crime_pipeline.py
[2026-05-27T07:12:11.416+0000] {processor.py:840} INFO - DAG(s) 'crime_analytics_pipeline' retrieved from /opt/airflow/dags/dag_crime_pipeline.py
[2026-05-27T07:12:11.456+0000] {logging_mixin.py:188} INFO - [2026-05-27T07:12:11.455+0000] {dag.py:3036} INFO - Sync 1 DAGs
[2026-05-27T07:12:11.508+0000] {processor.py:183} INFO - Processing /opt/airflow/dags/dag_crime_pipeline.py took 0.139 seconds
[2026-05-27T07:12:41.751+0000] {processor.py:161} INFO - Started process (PID=6145) to work on /opt/airflow/dags/dag_crime_pipeline.py
[2026-05-27T07:12:41.752+0000] {processor.py:830} INFO - Processing file /opt/airflow/dags/dag_crime_pipeline.py for tasks to queue
[2026-05-27T07:12:41.756+0000] {logging_mixin.py:188} INFO - [2026-05-27T07:12:41.755+0000] {dagbag.py:538} INFO - Filling up the DagBag from /opt/airflow/dags/dag_crime_pipeline.py
[2026-05-27T07:12:41.798+0000] {processor.py:840} INFO - DAG(s) 'crime_analytics_pipeline' retrieved from /opt/airflow/dags/dag_crime_pipeline.py
[2026-05-27T07:12:41.834+0000] {logging_mixin.py:188} INFO - [2026-05-27T07:12:41.833+0000] {dag.py:3036} INFO - Sync 1 DAGs
[2026-05-27T07:12:41.875+0000] {processor.py:183} INFO - Processing /opt/airflow/dags/dag_crime_pipeline.py took 0.128 seconds
[2026-05-27T07:13:12.139+0000] {processor.py:161} INFO - Started process (PID=6150) to work on /opt/airflow/dags/dag_crime_pipeline.py
[2026-05-27T07:13:12.141+0000] {processor.py:830} INFO - Processing file /opt/airflow/dags/dag_crime_pipeline.py for tasks to queue
[2026-05-27T07:13:12.144+0000] {logging_mixin.py:188} INFO - [2026-05-27T07:13:12.144+0000] {dagbag.py:538} INFO - Filling up the DagBag from /opt/airflow/dags/dag_crime_pipeline.py
[2026-05-27T07:13:12.187+0000] {processor.py:840} INFO - DAG(s) 'crime_analytics_pipeline' retrieved from /opt/airflow/dags/dag_crime_pipeline.py
[2026-05-27T07:13:12.219+0000] {logging_mixin.py:188} INFO - [2026-05-27T07:13:12.219+0000] {dag.py:3036} INFO - Sync 1 DAGs
[2026-05-27T07:13:12.278+0000] {processor.py:183} INFO - Processing /opt/airflow/dags/dag_crime_pipeline.py took 0.143 seconds
[2026-05-27T07:13:42.528+0000] {processor.py:161} INFO - Started process (PID=6155) to work on /opt/airflow/dags/dag_crime_pipeline.py
[2026-05-27T07:13:42.529+0000] {processor.py:830} INFO - Processing file /opt/airflow/dags/dag_crime_pipeline.py for tasks to queue
[2026-05-27T07:13:42.531+0000] {logging_mixin.py:188} INFO - [2026-05-27T07:13:42.531+0000] {dagbag.py:538} INFO - Filling up the DagBag from /opt/airflow/dags/dag_crime_pipeline.py
[2026-05-27T07:13:42.569+0000] {processor.py:840} INFO - DAG(s) 'crime_analytics_pipeline' retrieved from /opt/airflow/dags/dag_crime_pipeline.py
[2026-05-27T07:13:42.604+0000] {logging_mixin.py:188} INFO - [2026-05-27T07:13:42.603+0000] {dag.py:3036} INFO - Sync 1 DAGs
[2026-05-27T07:13:42.645+0000] {processor.py:183} INFO - Processing /opt/airflow/dags/dag_crime_pipeline.py took 0.123 seconds
[2026-05-27T07:14:12.918+0000] {processor.py:161} INFO - Started process (PID=6160) to work on /opt/airflow/dags/dag_crime_pipeline.py
[2026-05-27T07:14:12.920+0000] {processor.py:830} INFO - Processing file /opt/airflow/dags/dag_crime_pipeline.py for tasks to queue
[2026-05-27T07:14:12.923+0000] {logging_mixin.py:188} INFO - [2026-05-27T07:14:12.922+0000] {dagbag.py:538} INFO - Filling up the DagBag from /opt/airflow/dags/dag_crime_pipeline.py
[2026-05-27T07:14:12.964+0000] {processor.py:840} INFO - DAG(s) 'crime_analytics_pipeline' retrieved from /opt/airflow/dags/dag_crime_pipeline.py
[2026-05-27T07:14:12.997+0000] {logging_mixin.py:188} INFO - [2026-05-27T07:14:12.997+0000] {dag.py:3036} INFO - Sync 1 DAGs
[2026-05-27T07:14:13.062+0000] {processor.py:183} INFO - Processing /opt/airflow/dags/dag_crime_pipeline.py took 0.148 seconds
[2026-05-27T07:14:43.237+0000] {processor.py:161} INFO - Started process (PID=6165) to work on /opt/airflow/dags/dag_crime_pipeline.py
[2026-05-27T07:14:43.239+0000] {processor.py:830} INFO - Processing file /opt/airflow/dags/dag_crime_pipeline.py for tasks to queue
[2026-05-27T07:14:43.243+0000] {logging_mixin.py:188} INFO - [2026-05-27T07:14:43.242+0000] {dagbag.py:538} INFO - Filling up the DagBag from /opt/airflow/dags/dag_crime_pipeline.py
[2026-05-27T07:14:43.285+0000] {processor.py:840} INFO - DAG(s) 'crime_analytics_pipeline' retrieved from /opt/airflow/dags/dag_crime_pipeline.py
[2026-05-27T07:14:43.324+0000] {logging_mixin.py:188} INFO - [2026-05-27T07:14:43.324+0000] {dag.py:3036} INFO - Sync 1 DAGs
[2026-05-27T07:14:43.367+0000] {processor.py:183} INFO - Processing /opt/airflow/dags/dag_crime_pipeline.py took 0.135 seconds
[2026-05-27T07:15:13.659+0000] {processor.py:161} INFO - Started process (PID=6170) to work on /opt/airflow/dags/dag_crime_pipeline.py
[2026-05-27T07:15:13.661+0000] {processor.py:830} INFO - Processing file /opt/airflow/dags/dag_crime_pipeline.py for tasks to queue
[2026-05-27T07:15:13.664+0000] {logging_mixin.py:188} INFO - [2026-05-27T07:15:13.663+0000] {dagbag.py:538} INFO - Filling up the DagBag from /opt/airflow/dags/dag_crime_pipeline.py
[2026-05-27T07:15:13.705+0000] {processor.py:840} INFO - DAG(s) 'crime_analytics_pipeline' retrieved from /opt/airflow/dags/dag_crime_pipeline.py
[2026-05-27T07:15:13.742+0000] {logging_mixin.py:188} INFO - [2026-05-27T07:15:13.741+0000] {dag.py:3036} INFO - Sync 1 DAGs
[2026-05-27T07:15:13.793+0000] {processor.py:183} INFO - Processing /opt/airflow/dags/dag_crime_pipeline.py took 0.137 seconds
[2026-05-27T07:15:43.971+0000] {processor.py:161} INFO - Started process (PID=6175) to work on /opt/airflow/dags/dag_crime_pipeline.py
[2026-05-27T07:15:43.973+0000] {processor.py:830} INFO - Processing file /opt/airflow/dags/dag_crime_pipeline.py for tasks to queue
[2026-05-27T07:15:43.975+0000] {logging_mixin.py:188} INFO - [2026-05-27T07:15:43.975+0000] {dagbag.py:538} INFO - Filling up the DagBag from /opt/airflow/dags/dag_crime_pipeline.py
[2026-05-27T07:15:44.015+0000] {processor.py:840} INFO - DAG(s) 'crime_analytics_pipeline' retrieved from /opt/airflow/dags/dag_crime_pipeline.py
[2026-05-27T07:15:44.051+0000] {logging_mixin.py:188} INFO - [2026-05-27T07:15:44.050+0000] {dag.py:3036} INFO - Sync 1 DAGs
[2026-05-27T07:15:44.092+0000] {processor.py:183} INFO - Processing /opt/airflow/dags/dag_crime_pipeline.py took 0.125 seconds
[2026-05-27T07:16:14.414+0000] {processor.py:161} INFO - Started process (PID=6180) to work on /opt/airflow/dags/dag_crime_pipeline.py
[2026-05-27T07:16:14.415+0000] {processor.py:830} INFO - Processing file /opt/airflow/dags/dag_crime_pipeline.py for tasks to queue
[2026-05-27T07:16:14.418+0000] {logging_mixin.py:188} INFO - [2026-05-27T07:16:14.418+0000] {dagbag.py:538} INFO - Filling up the DagBag from /opt/airflow/dags/dag_crime_pipeline.py
[2026-05-27T07:16:14.460+0000] {processor.py:840} INFO - DAG(s) 'crime_analytics_pipeline' retrieved from /opt/airflow/dags/dag_crime_pipeline.py
[2026-05-27T07:16:14.497+0000] {logging_mixin.py:188} INFO - [2026-05-27T07:16:14.496+0000] {dag.py:3036} INFO - Sync 1 DAGs
[2026-05-27T07:16:14.538+0000] {processor.py:183} INFO - Processing /opt/airflow/dags/dag_crime_pipeline.py took 0.128 seconds
[2026-05-27T07:16:44.749+0000] {processor.py:161} INFO - Started process (PID=6185) to work on /opt/airflow/dags/dag_crime_pipeline.py
[2026-05-27T07:16:44.751+0000] {processor.py:830} INFO - Processing file /opt/airflow/dags/dag_crime_pipeline.py for tasks to queue
[2026-05-27T07:16:44.754+0000] {logging_mixin.py:188} INFO - [2026-05-27T07:16:44.753+0000] {dagbag.py:538} INFO - Filling up the DagBag from /opt/airflow/dags/dag_crime_pipeline.py
[2026-05-27T07:16:44.792+0000] {processor.py:840} INFO - DAG(s) 'crime_analytics_pipeline' retrieved from /opt/airflow/dags/dag_crime_pipeline.py
[2026-05-27T07:16:44.824+0000] {logging_mixin.py:188} INFO - [2026-05-27T07:16:44.823+0000] {dag.py:3036} INFO - Sync 1 DAGs
[2026-05-27T07:16:44.864+0000] {processor.py:183} INFO - Processing /opt/airflow/dags/dag_crime_pipeline.py took 0.119 seconds
[2026-05-27T07:17:15.230+0000] {processor.py:161} INFO - Started process (PID=6190) to work on /opt/airflow/dags/dag_crime_pipeline.py
[2026-05-27T07:17:15.231+0000] {processor.py:830} INFO - Processing file /opt/airflow/dags/dag_crime_pipeline.py for tasks to queue
[2026-05-27T07:17:15.234+0000] {logging_mixin.py:188} INFO - [2026-05-27T07:17:15.234+0000] {dagbag.py:538} INFO - Filling up the DagBag from /opt/airflow/dags/dag_crime_pipeline.py
[2026-05-27T07:17:15.273+0000] {processor.py:840} INFO - DAG(s) 'crime_analytics_pipeline' retrieved from /opt/airflow/dags/dag_crime_pipeline.py
[2026-05-27T07:17:15.303+0000] {logging_mixin.py:188} INFO - [2026-05-27T07:17:15.302+0000] {dag.py:3036} INFO - Sync 1 DAGs
[2026-05-27T07:17:15.359+0000] {processor.py:183} INFO - Processing /opt/airflow/dags/dag_crime_pipeline.py took 0.133 seconds
[2026-05-27T07:17:45.566+0000] {processor.py:161} INFO - Started process (PID=6195) to work on /opt/airflow/dags/dag_crime_pipeline.py
[2026-05-27T07:17:45.568+0000] {processor.py:830} INFO - Processing file /opt/airflow/dags/dag_crime_pipeline.py for tasks to queue
[2026-05-27T07:17:45.571+0000] {logging_mixin.py:188} INFO - [2026-05-27T07:17:45.571+0000] {dagbag.py:538} INFO - Filling up the DagBag from /opt/airflow/dags/dag_crime_pipeline.py
[2026-05-27T07:17:45.610+0000] {processor.py:840} INFO - DAG(s) 'crime_analytics_pipeline' retrieved from /opt/airflow/dags/dag_crime_pipeline.py
[2026-05-27T07:17:45.645+0000] {logging_mixin.py:188} INFO - [2026-05-27T07:17:45.645+0000] {dag.py:3036} INFO - Sync 1 DAGs
[2026-05-27T07:17:45.707+0000] {processor.py:183} INFO - Processing /opt/airflow/dags/dag_crime_pipeline.py took 0.145 seconds
[2026-05-27T07:18:15.984+0000] {processor.py:161} INFO - Started process (PID=6200) to work on /opt/airflow/dags/dag_crime_pipeline.py
[2026-05-27T07:18:15.986+0000] {processor.py:830} INFO - Processing file /opt/airflow/dags/dag_crime_pipeline.py for tasks to queue
[2026-05-27T07:18:15.989+0000] {logging_mixin.py:188} INFO - [2026-05-27T07:18:15.988+0000] {dagbag.py:538} INFO - Filling up the DagBag from /opt/airflow/dags/dag_crime_pipeline.py
[2026-05-27T07:18:16.028+0000] {processor.py:840} INFO - DAG(s) 'crime_analytics_pipeline' retrieved from /opt/airflow/dags/dag_crime_pipeline.py
[2026-05-27T07:18:16.069+0000] {logging_mixin.py:188} INFO - [2026-05-27T07:18:16.068+0000] {dag.py:3036} INFO - Sync 1 DAGs
[2026-05-27T07:18:16.133+0000] {processor.py:183} INFO - Processing /opt/airflow/dags/dag_crime_pipeline.py took 0.153 seconds
[2026-05-27T07:18:46.351+0000] {processor.py:161} INFO - Started process (PID=6205) to work on /opt/airflow/dags/dag_crime_pipeline.py
[2026-05-27T07:18:46.353+0000] {processor.py:830} INFO - Processing file /opt/airflow/dags/dag_crime_pipeline.py for tasks to queue
[2026-05-27T07:18:46.357+0000] {logging_mixin.py:188} INFO - [2026-05-27T07:18:46.356+0000] {dagbag.py:538} INFO - Filling up the DagBag from /opt/airflow/dags/dag_crime_pipeline.py
[2026-05-27T07:18:46.394+0000] {processor.py:840} INFO - DAG(s) 'crime_analytics_pipeline' retrieved from /opt/airflow/dags/dag_crime_pipeline.py
[2026-05-27T07:18:46.427+0000] {logging_mixin.py:188} INFO - [2026-05-27T07:18:46.427+0000] {dag.py:3036} INFO - Sync 1 DAGs
[2026-05-27T07:18:46.469+0000] {processor.py:183} INFO - Processing /opt/airflow/dags/dag_crime_pipeline.py took 0.122 seconds
[2026-05-27T07:19:16.748+0000] {processor.py:161} INFO - Started process (PID=6210) to work on /opt/airflow/dags/dag_crime_pipeline.py
[2026-05-27T07:19:16.749+0000] {processor.py:830} INFO - Processing file /opt/airflow/dags/dag_crime_pipeline.py for tasks to queue
[2026-05-27T07:19:16.752+0000] {logging_mixin.py:188} INFO - [2026-05-27T07:19:16.751+0000] {dagbag.py:538} INFO - Filling up the DagBag from /opt/airflow/dags/dag_crime_pipeline.py
[2026-05-27T07:19:16.792+0000] {processor.py:840} INFO - DAG(s) 'crime_analytics_pipeline' retrieved from /opt/airflow/dags/dag_crime_pipeline.py
[2026-05-27T07:19:16.822+0000] {logging_mixin.py:188} INFO - [2026-05-27T07:19:16.822+0000] {dag.py:3036} INFO - Sync 1 DAGs
[2026-05-27T07:19:16.860+0000] {processor.py:183} INFO - Processing /opt/airflow/dags/dag_crime_pipeline.py took 0.117 seconds
[2026-05-27T07:19:47.070+0000] {processor.py:161} INFO - Started process (PID=6215) to work on /opt/airflow/dags/dag_crime_pipeline.py
[2026-05-27T07:19:47.071+0000] {processor.py:830} INFO - Processing file /opt/airflow/dags/dag_crime_pipeline.py for tasks to queue
[2026-05-27T07:19:47.074+0000] {logging_mixin.py:188} INFO - [2026-05-27T07:19:47.074+0000] {dagbag.py:538} INFO - Filling up the DagBag from /opt/airflow/dags/dag_crime_pipeline.py
[2026-05-27T07:19:47.113+0000] {processor.py:840} INFO - DAG(s) 'crime_analytics_pipeline' retrieved from /opt/airflow/dags/dag_crime_pipeline.py
[2026-05-27T07:19:47.150+0000] {logging_mixin.py:188} INFO - [2026-05-27T07:19:47.150+0000] {dag.py:3036} INFO - Sync 1 DAGs
[2026-05-27T07:19:47.216+0000] {processor.py:183} INFO - Processing /opt/airflow/dags/dag_crime_pipeline.py took 0.151 seconds
[2026-05-27T07:20:17.512+0000] {processor.py:161} INFO - Started process (PID=6220) to work on /opt/airflow/dags/dag_crime_pipeline.py
[2026-05-27T07:20:17.513+0000] {processor.py:830} INFO - Processing file /opt/airflow/dags/dag_crime_pipeline.py for tasks to queue
[2026-05-27T07:20:17.517+0000] {logging_mixin.py:188} INFO - [2026-05-27T07:20:17.516+0000] {dagbag.py:538} INFO - Filling up the DagBag from /opt/airflow/dags/dag_crime_pipeline.py
[2026-05-27T07:20:17.559+0000] {processor.py:840} INFO - DAG(s) 'crime_analytics_pipeline' retrieved from /opt/airflow/dags/dag_crime_pipeline.py
[2026-05-27T07:20:17.594+0000] {logging_mixin.py:188} INFO - [2026-05-27T07:20:17.593+0000] {dag.py:3036} INFO - Sync 1 DAGs
[2026-05-27T07:20:17.639+0000] {processor.py:183} INFO - Processing /opt/airflow/dags/dag_crime_pipeline.py took 0.134 seconds
[2026-05-27T07:20:47.859+0000] {processor.py:161} INFO - Started process (PID=6225) to work on /opt/airflow/dags/dag_crime_pipeline.py
[2026-05-27T07:20:47.861+0000] {processor.py:830} INFO - Processing file /opt/airflow/dags/dag_crime_pipeline.py for tasks to queue
[2026-05-27T07:20:47.864+0000] {logging_mixin.py:188} INFO - [2026-05-27T07:20:47.863+0000] {dagbag.py:538} INFO - Filling up the DagBag from /opt/airflow/dags/dag_crime_pipeline.py
[2026-05-27T07:20:47.907+0000] {processor.py:840} INFO - DAG(s) 'crime_analytics_pipeline' retrieved from /opt/airflow/dags/dag_crime_pipeline.py
[2026-05-27T07:20:47.940+0000] {logging_mixin.py:188} INFO - [2026-05-27T07:20:47.940+0000] {dag.py:3036} INFO - Sync 1 DAGs
[2026-05-27T07:20:47.978+0000] {processor.py:183} INFO - Processing /opt/airflow/dags/dag_crime_pipeline.py took 0.125 seconds
[2026-05-27T07:21:18.249+0000] {processor.py:161} INFO - Started process (PID=6230) to work on /opt/airflow/dags/dag_crime_pipeline.py
[2026-05-27T07:21:18.250+0000] {processor.py:830} INFO - Processing file /opt/airflow/dags/dag_crime_pipeline.py for tasks to queue
[2026-05-27T07:21:18.254+0000] {logging_mixin.py:188} INFO - [2026-05-27T07:21:18.253+0000] {dagbag.py:538} INFO - Filling up the DagBag from /opt/airflow/dags/dag_crime_pipeline.py
[2026-05-27T07:21:18.290+0000] {processor.py:840} INFO - DAG(s) 'crime_analytics_pipeline' retrieved from /opt/airflow/dags/dag_crime_pipeline.py
[2026-05-27T07:21:18.323+0000] {logging_mixin.py:188} INFO - [2026-05-27T07:21:18.323+0000] {dag.py:3036} INFO - Sync 1 DAGs
[2026-05-27T07:21:18.387+0000] {processor.py:183} INFO - Processing /opt/airflow/dags/dag_crime_pipeline.py took 0.142 seconds
[2026-05-27T07:21:48.566+0000] {processor.py:161} INFO - Started process (PID=6235) to work on /opt/airflow/dags/dag_crime_pipeline.py
[2026-05-27T07:21:48.569+0000] {processor.py:830} INFO - Processing file /opt/airflow/dags/dag_crime_pipeline.py for tasks to queue
[2026-05-27T07:21:48.572+0000] {logging_mixin.py:188} INFO - [2026-05-27T07:21:48.571+0000] {dagbag.py:538} INFO - Filling up the DagBag from /opt/airflow/dags/dag_crime_pipeline.py
[2026-05-27T07:21:48.611+0000] {processor.py:840} INFO - DAG(s) 'crime_analytics_pipeline' retrieved from /opt/airflow/dags/dag_crime_pipeline.py
[2026-05-27T07:21:48.644+0000] {logging_mixin.py:188} INFO - [2026-05-27T07:21:48.644+0000] {dag.py:3036} INFO - Sync 1 DAGs
[2026-05-27T07:21:48.683+0000] {processor.py:183} INFO - Processing /opt/airflow/dags/dag_crime_pipeline.py took 0.121 seconds
[2026-05-27T07:22:19.106+0000] {processor.py:161} INFO - Started process (PID=6240) to work on /opt/airflow/dags/dag_crime_pipeline.py
[2026-05-27T07:22:19.107+0000] {processor.py:830} INFO - Processing file /opt/airflow/dags/dag_crime_pipeline.py for tasks to queue
[2026-05-27T07:22:19.110+0000] {logging_mixin.py:188} INFO - [2026-05-27T07:22:19.109+0000] {dagbag.py:538} INFO - Filling up the DagBag from /opt/airflow/dags/dag_crime_pipeline.py
[2026-05-27T07:22:19.146+0000] {processor.py:840} INFO - DAG(s) 'crime_analytics_pipeline' retrieved from /opt/airflow/dags/dag_crime_pipeline.py
[2026-05-27T07:22:19.179+0000] {logging_mixin.py:188} INFO - [2026-05-27T07:22:19.178+0000] {dag.py:3036} INFO - Sync 1 DAGs
[2026-05-27T07:22:19.244+0000] {processor.py:183} INFO - Processing /opt/airflow/dags/dag_crime_pipeline.py took 0.142 seconds
[2026-05-27T07:22:49.414+0000] {processor.py:161} INFO - Started process (PID=6245) to work on /opt/airflow/dags/dag_crime_pipeline.py
[2026-05-27T07:22:49.416+0000] {processor.py:830} INFO - Processing file /opt/airflow/dags/dag_crime_pipeline.py for tasks to queue
[2026-05-27T07:22:49.419+0000] {logging_mixin.py:188} INFO - [2026-05-27T07:22:49.418+0000] {dagbag.py:538} INFO - Filling up the DagBag from /opt/airflow/dags/dag_crime_pipeline.py
[2026-05-27T07:22:49.458+0000] {processor.py:840} INFO - DAG(s) 'crime_analytics_pipeline' retrieved from /opt/airflow/dags/dag_crime_pipeline.py
[2026-05-27T07:22:49.490+0000] {logging_mixin.py:188} INFO - [2026-05-27T07:22:49.489+0000] {dag.py:3036} INFO - Sync 1 DAGs
[2026-05-27T07:22:49.546+0000] {processor.py:183} INFO - Processing /opt/airflow/dags/dag_crime_pipeline.py took 0.136 seconds
[2026-05-27T07:23:19.854+0000] {processor.py:161} INFO - Started process (PID=6250) to work on /opt/airflow/dags/dag_crime_pipeline.py
[2026-05-27T07:23:19.856+0000] {processor.py:830} INFO - Processing file /opt/airflow/dags/dag_crime_pipeline.py for tasks to queue
[2026-05-27T07:23:19.859+0000] {logging_mixin.py:188} INFO - [2026-05-27T07:23:19.858+0000] {dagbag.py:538} INFO - Filling up the DagBag from /opt/airflow/dags/dag_crime_pipeline.py
[2026-05-27T07:23:19.897+0000] {processor.py:840} INFO - DAG(s) 'crime_analytics_pipeline' retrieved from /opt/airflow/dags/dag_crime_pipeline.py
[2026-05-27T07:23:19.927+0000] {logging_mixin.py:188} INFO - [2026-05-27T07:23:19.927+0000] {dag.py:3036} INFO - Sync 1 DAGs
[2026-05-27T07:23:19.966+0000] {processor.py:183} INFO - Processing /opt/airflow/dags/dag_crime_pipeline.py took 0.116 seconds
[2026-05-27T07:23:50.187+0000] {processor.py:161} INFO - Started process (PID=6255) to work on /opt/airflow/dags/dag_crime_pipeline.py
[2026-05-27T07:23:50.189+0000] {processor.py:830} INFO - Processing file /opt/airflow/dags/dag_crime_pipeline.py for tasks to queue
[2026-05-27T07:23:50.192+0000] {logging_mixin.py:188} INFO - [2026-05-27T07:23:50.191+0000] {dagbag.py:538} INFO - Filling up the DagBag from /opt/airflow/dags/dag_crime_pipeline.py
[2026-05-27T07:23:50.232+0000] {processor.py:840} INFO - DAG(s) 'crime_analytics_pipeline' retrieved from /opt/airflow/dags/dag_crime_pipeline.py
[2026-05-27T07:23:50.268+0000] {logging_mixin.py:188} INFO - [2026-05-27T07:23:50.268+0000] {dag.py:3036} INFO - Sync 1 DAGs
[2026-05-27T07:23:50.329+0000] {processor.py:183} INFO - Processing /opt/airflow/dags/dag_crime_pipeline.py took 0.147 seconds
[2026-05-27T07:24:20.599+0000] {processor.py:161} INFO - Started process (PID=6260) to work on /opt/airflow/dags/dag_crime_pipeline.py
[2026-05-27T07:24:20.601+0000] {processor.py:830} INFO - Processing file /opt/airflow/dags/dag_crime_pipeline.py for tasks to queue
[2026-05-27T07:24:20.604+0000] {logging_mixin.py:188} INFO - [2026-05-27T07:24:20.604+0000] {dagbag.py:538} INFO - Filling up the DagBag from /opt/airflow/dags/dag_crime_pipeline.py
[2026-05-27T07:24:20.645+0000] {processor.py:840} INFO - DAG(s) 'crime_analytics_pipeline' retrieved from /opt/airflow/dags/dag_crime_pipeline.py
[2026-05-27T07:24:20.676+0000] {logging_mixin.py:188} INFO - [2026-05-27T07:24:20.676+0000] {dag.py:3036} INFO - Sync 1 DAGs
[2026-05-27T07:24:20.746+0000] {processor.py:183} INFO - Processing /opt/airflow/dags/dag_crime_pipeline.py took 0.152 seconds
[2026-05-27T07:24:51.018+0000] {processor.py:161} INFO - Started process (PID=6265) to work on /opt/airflow/dags/dag_crime_pipeline.py
[2026-05-27T07:24:51.019+0000] {processor.py:830} INFO - Processing file /opt/airflow/dags/dag_crime_pipeline.py for tasks to queue
[2026-05-27T07:24:51.023+0000] {logging_mixin.py:188} INFO - [2026-05-27T07:24:51.022+0000] {dagbag.py:538} INFO - Filling up the DagBag from /opt/airflow/dags/dag_crime_pipeline.py
[2026-05-27T07:24:51.066+0000] {processor.py:840} INFO - DAG(s) 'crime_analytics_pipeline' retrieved from /opt/airflow/dags/dag_crime_pipeline.py
[2026-05-27T07:24:51.103+0000] {logging_mixin.py:188} INFO - [2026-05-27T07:24:51.102+0000] {dag.py:3036} INFO - Sync 1 DAGs
[2026-05-27T07:24:51.138+0000] {processor.py:183} INFO - Processing /opt/airflow/dags/dag_crime_pipeline.py took 0.125 seconds
[2026-05-27T07:25:21.417+0000] {processor.py:161} INFO - Started process (PID=6270) to work on /opt/airflow/dags/dag_crime_pipeline.py
[2026-05-27T07:25:21.419+0000] {processor.py:830} INFO - Processing file /opt/airflow/dags/dag_crime_pipeline.py for tasks to queue
[2026-05-27T07:25:21.421+0000] {logging_mixin.py:188} INFO - [2026-05-27T07:25:21.421+0000] {dagbag.py:538} INFO - Filling up the DagBag from /opt/airflow/dags/dag_crime_pipeline.py
[2026-05-27T07:25:21.460+0000] {processor.py:840} INFO - DAG(s) 'crime_analytics_pipeline' retrieved from /opt/airflow/dags/dag_crime_pipeline.py
[2026-05-27T07:25:21.495+0000] {logging_mixin.py:188} INFO - [2026-05-27T07:25:21.494+0000] {dag.py:3036} INFO - Sync 1 DAGs
[2026-05-27T07:25:21.534+0000] {processor.py:183} INFO - Processing /opt/airflow/dags/dag_crime_pipeline.py took 0.120 seconds
[2026-05-27T07:25:51.850+0000] {processor.py:161} INFO - Started process (PID=6275) to work on /opt/airflow/dags/dag_crime_pipeline.py
[2026-05-27T07:25:51.852+0000] {processor.py:830} INFO - Processing file /opt/airflow/dags/dag_crime_pipeline.py for tasks to queue
[2026-05-27T07:25:51.855+0000] {logging_mixin.py:188} INFO - [2026-05-27T07:25:51.854+0000] {dagbag.py:538} INFO - Filling up the DagBag from /opt/airflow/dags/dag_crime_pipeline.py
[2026-05-27T07:25:51.900+0000] {processor.py:840} INFO - DAG(s) 'crime_analytics_pipeline' retrieved from /opt/airflow/dags/dag_crime_pipeline.py
[2026-05-27T07:25:51.939+0000] {logging_mixin.py:188} INFO - [2026-05-27T07:25:51.939+0000] {dag.py:3036} INFO - Sync 1 DAGs
[2026-05-27T07:25:52.013+0000] {processor.py:183} INFO - Processing /opt/airflow/dags/dag_crime_pipeline.py took 0.168 seconds
[2026-05-27T07:26:22.213+0000] {processor.py:161} INFO - Started process (PID=6280) to work on /opt/airflow/dags/dag_crime_pipeline.py
[2026-05-27T07:26:22.215+0000] {processor.py:830} INFO - Processing file /opt/airflow/dags/dag_crime_pipeline.py for tasks to queue
[2026-05-27T07:26:22.218+0000] {logging_mixin.py:188} INFO - [2026-05-27T07:26:22.218+0000] {dagbag.py:538} INFO - Filling up the DagBag from /opt/airflow/dags/dag_crime_pipeline.py
[2026-05-27T07:26:22.259+0000] {processor.py:840} INFO - DAG(s) 'crime_analytics_pipeline' retrieved from /opt/airflow/dags/dag_crime_pipeline.py
[2026-05-27T07:26:22.292+0000] {logging_mixin.py:188} INFO - [2026-05-27T07:26:22.292+0000] {dag.py:3036} INFO - Sync 1 DAGs
[2026-05-27T07:26:22.330+0000] {processor.py:183} INFO - Processing /opt/airflow/dags/dag_crime_pipeline.py took 0.121 seconds
[2026-05-27T07:26:52.599+0000] {processor.py:161} INFO - Started process (PID=6285) to work on /opt/airflow/dags/dag_crime_pipeline.py
[2026-05-27T07:26:52.600+0000] {processor.py:830} INFO - Processing file /opt/airflow/dags/dag_crime_pipeline.py for tasks to queue
[2026-05-27T07:26:52.604+0000] {logging_mixin.py:188} INFO - [2026-05-27T07:26:52.603+0000] {dagbag.py:538} INFO - Filling up the DagBag from /opt/airflow/dags/dag_crime_pipeline.py
[2026-05-27T07:26:52.641+0000] {processor.py:840} INFO - DAG(s) 'crime_analytics_pipeline' retrieved from /opt/airflow/dags/dag_crime_pipeline.py
[2026-05-27T07:26:52.676+0000] {logging_mixin.py:188} INFO - [2026-05-27T07:26:52.675+0000] {dag.py:3036} INFO - Sync 1 DAGs
[2026-05-27T07:26:52.739+0000] {processor.py:183} INFO - Processing /opt/airflow/dags/dag_crime_pipeline.py took 0.145 seconds
[2026-05-27T07:27:22.947+0000] {processor.py:161} INFO - Started process (PID=6290) to work on /opt/airflow/dags/dag_crime_pipeline.py
[2026-05-27T07:27:22.948+0000] {processor.py:830} INFO - Processing file /opt/airflow/dags/dag_crime_pipeline.py for tasks to queue
[2026-05-27T07:27:22.951+0000] {logging_mixin.py:188} INFO - [2026-05-27T07:27:22.951+0000] {dagbag.py:538} INFO - Filling up the DagBag from /opt/airflow/dags/dag_crime_pipeline.py
[2026-05-27T07:27:22.989+0000] {processor.py:840} INFO - DAG(s) 'crime_analytics_pipeline' retrieved from /opt/airflow/dags/dag_crime_pipeline.py
[2026-05-27T07:27:23.024+0000] {logging_mixin.py:188} INFO - [2026-05-27T07:27:23.024+0000] {dag.py:3036} INFO - Sync 1 DAGs
[2026-05-27T07:27:23.091+0000] {processor.py:183} INFO - Processing /opt/airflow/dags/dag_crime_pipeline.py took 0.149 seconds
[2026-05-27T07:27:53.413+0000] {processor.py:161} INFO - Started process (PID=6295) to work on /opt/airflow/dags/dag_crime_pipeline.py
[2026-05-27T07:27:53.414+0000] {processor.py:830} INFO - Processing file /opt/airflow/dags/dag_crime_pipeline.py for tasks to queue
[2026-05-27T07:27:53.418+0000] {logging_mixin.py:188} INFO - [2026-05-27T07:27:53.417+0000] {dagbag.py:538} INFO - Filling up the DagBag from /opt/airflow/dags/dag_crime_pipeline.py
[2026-05-27T07:27:53.457+0000] {processor.py:840} INFO - DAG(s) 'crime_analytics_pipeline' retrieved from /opt/airflow/dags/dag_crime_pipeline.py
[2026-05-27T07:27:53.486+0000] {logging_mixin.py:188} INFO - [2026-05-27T07:27:53.486+0000] {dag.py:3036} INFO - Sync 1 DAGs
[2026-05-27T07:27:53.543+0000] {processor.py:183} INFO - Processing /opt/airflow/dags/dag_crime_pipeline.py took 0.135 seconds
[2026-05-27T07:28:23.734+0000] {processor.py:161} INFO - Started process (PID=6300) to work on /opt/airflow/dags/dag_crime_pipeline.py
[2026-05-27T07:28:23.736+0000] {processor.py:830} INFO - Processing file /opt/airflow/dags/dag_crime_pipeline.py for tasks to queue
[2026-05-27T07:28:23.739+0000] {logging_mixin.py:188} INFO - [2026-05-27T07:28:23.738+0000] {dagbag.py:538} INFO - Filling up the DagBag from /opt/airflow/dags/dag_crime_pipeline.py
[2026-05-27T07:28:23.781+0000] {processor.py:840} INFO - DAG(s) 'crime_analytics_pipeline' retrieved from /opt/airflow/dags/dag_crime_pipeline.py
[2026-05-27T07:28:23.817+0000] {logging_mixin.py:188} INFO - [2026-05-27T07:28:23.816+0000] {dag.py:3036} INFO - Sync 1 DAGs
[2026-05-27T07:28:23.861+0000] {processor.py:183} INFO - Processing /opt/airflow/dags/dag_crime_pipeline.py took 0.132 seconds
[2026-05-27T07:28:54.160+0000] {processor.py:161} INFO - Started process (PID=6305) to work on /opt/airflow/dags/dag_crime_pipeline.py
[2026-05-27T07:28:54.162+0000] {processor.py:830} INFO - Processing file /opt/airflow/dags/dag_crime_pipeline.py for tasks to queue
[2026-05-27T07:28:54.164+0000] {logging_mixin.py:188} INFO - [2026-05-27T07:28:54.164+0000] {dagbag.py:538} INFO - Filling up the DagBag from /opt/airflow/dags/dag_crime_pipeline.py
[2026-05-27T07:28:54.198+0000] {processor.py:840} INFO - DAG(s) 'crime_analytics_pipeline' retrieved from /opt/airflow/dags/dag_crime_pipeline.py
[2026-05-27T07:28:54.226+0000] {logging_mixin.py:188} INFO - [2026-05-27T07:28:54.226+0000] {dag.py:3036} INFO - Sync 1 DAGs
[2026-05-27T07:28:54.265+0000] {processor.py:183} INFO - Processing /opt/airflow/dags/dag_crime_pipeline.py took 0.109 seconds
[2026-05-27T07:29:24.462+0000] {processor.py:161} INFO - Started process (PID=6310) to work on /opt/airflow/dags/dag_crime_pipeline.py
[2026-05-27T07:29:24.464+0000] {processor.py:830} INFO - Processing file /opt/airflow/dags/dag_crime_pipeline.py for tasks to queue
[2026-05-27T07:29:24.468+0000] {logging_mixin.py:188} INFO - [2026-05-27T07:29:24.467+0000] {dagbag.py:538} INFO - Filling up the DagBag from /opt/airflow/dags/dag_crime_pipeline.py
[2026-05-27T07:29:24.512+0000] {processor.py:840} INFO - DAG(s) 'crime_analytics_pipeline' retrieved from /opt/airflow/dags/dag_crime_pipeline.py
[2026-05-27T07:29:24.550+0000] {logging_mixin.py:188} INFO - [2026-05-27T07:29:24.550+0000] {dag.py:3036} INFO - Sync 1 DAGs
[2026-05-27T07:29:24.614+0000] {processor.py:183} INFO - Processing /opt/airflow/dags/dag_crime_pipeline.py took 0.157 seconds
[2026-05-27T07:29:54.950+0000] {processor.py:161} INFO - Started process (PID=6315) to work on /opt/airflow/dags/dag_crime_pipeline.py
[2026-05-27T07:29:54.952+0000] {processor.py:830} INFO - Processing file /opt/airflow/dags/dag_crime_pipeline.py for tasks to queue
[2026-05-27T07:29:54.955+0000] {logging_mixin.py:188} INFO - [2026-05-27T07:29:54.954+0000] {dagbag.py:538} INFO - Filling up the DagBag from /opt/airflow/dags/dag_crime_pipeline.py
[2026-05-27T07:29:54.993+0000] {processor.py:840} INFO - DAG(s) 'crime_analytics_pipeline' retrieved from /opt/airflow/dags/dag_crime_pipeline.py
[2026-05-27T07:29:55.023+0000] {logging_mixin.py:188} INFO - [2026-05-27T07:29:55.023+0000] {dag.py:3036} INFO - Sync 1 DAGs
[2026-05-27T07:29:55.063+0000] {processor.py:183} INFO - Processing /opt/airflow/dags/dag_crime_pipeline.py took 0.117 seconds
[2026-05-27T07:30:25.259+0000] {processor.py:161} INFO - Started process (PID=6320) to work on /opt/airflow/dags/dag_crime_pipeline.py
[2026-05-27T07:30:25.261+0000] {processor.py:830} INFO - Processing file /opt/airflow/dags/dag_crime_pipeline.py for tasks to queue
[2026-05-27T07:30:25.264+0000] {logging_mixin.py:188} INFO - [2026-05-27T07:30:25.263+0000] {dagbag.py:538} INFO - Filling up the DagBag from /opt/airflow/dags/dag_crime_pipeline.py
[2026-05-27T07:30:25.303+0000] {processor.py:840} INFO - DAG(s) 'crime_analytics_pipeline' retrieved from /opt/airflow/dags/dag_crime_pipeline.py
[2026-05-27T07:30:25.342+0000] {logging_mixin.py:188} INFO - [2026-05-27T07:30:25.342+0000] {dag.py:3036} INFO - Sync 1 DAGs
[2026-05-27T07:30:25.416+0000] {processor.py:183} INFO - Processing /opt/airflow/dags/dag_crime_pipeline.py took 0.161 seconds
[2026-05-27T07:30:55.680+0000] {processor.py:161} INFO - Started process (PID=6325) to work on /opt/airflow/dags/dag_crime_pipeline.py
[2026-05-27T07:30:55.681+0000] {processor.py:830} INFO - Processing file /opt/airflow/dags/dag_crime_pipeline.py for tasks to queue
[2026-05-27T07:30:55.684+0000] {logging_mixin.py:188} INFO - [2026-05-27T07:30:55.684+0000] {dagbag.py:538} INFO - Filling up the DagBag from /opt/airflow/dags/dag_crime_pipeline.py
[2026-05-27T07:30:55.721+0000] {processor.py:840} INFO - DAG(s) 'crime_analytics_pipeline' retrieved from /opt/airflow/dags/dag_crime_pipeline.py
[2026-05-27T07:30:55.751+0000] {logging_mixin.py:188} INFO - [2026-05-27T07:30:55.750+0000] {dag.py:3036} INFO - Sync 1 DAGs
[2026-05-27T07:30:55.786+0000] {processor.py:183} INFO - Processing /opt/airflow/dags/dag_crime_pipeline.py took 0.111 seconds
[2026-05-27T07:31:26.015+0000] {processor.py:161} INFO - Started process (PID=6330) to work on /opt/airflow/dags/dag_crime_pipeline.py
[2026-05-27T07:31:26.017+0000] {processor.py:830} INFO - Processing file /opt/airflow/dags/dag_crime_pipeline.py for tasks to queue
[2026-05-27T07:31:26.020+0000] {logging_mixin.py:188} INFO - [2026-05-27T07:31:26.019+0000] {dagbag.py:538} INFO - Filling up the DagBag from /opt/airflow/dags/dag_crime_pipeline.py
[2026-05-27T07:31:26.057+0000] {processor.py:840} INFO - DAG(s) 'crime_analytics_pipeline' retrieved from /opt/airflow/dags/dag_crime_pipeline.py
[2026-05-27T07:31:26.095+0000] {logging_mixin.py:188} INFO - [2026-05-27T07:31:26.094+0000] {dag.py:3036} INFO - Sync 1 DAGs
[2026-05-27T07:31:26.161+0000] {processor.py:183} INFO - Processing /opt/airflow/dags/dag_crime_pipeline.py took 0.150 seconds
[2026-05-27T07:31:56.412+0000] {processor.py:161} INFO - Started process (PID=6335) to work on /opt/airflow/dags/dag_crime_pipeline.py
[2026-05-27T07:31:56.414+0000] {processor.py:830} INFO - Processing file /opt/airflow/dags/dag_crime_pipeline.py for tasks to queue
[2026-05-27T07:31:56.417+0000] {logging_mixin.py:188} INFO - [2026-05-27T07:31:56.416+0000] {dagbag.py:538} INFO - Filling up the DagBag from /opt/airflow/dags/dag_crime_pipeline.py
[2026-05-27T07:31:56.459+0000] {processor.py:840} INFO - DAG(s) 'crime_analytics_pipeline' retrieved from /opt/airflow/dags/dag_crime_pipeline.py
[2026-05-27T07:31:56.494+0000] {logging_mixin.py:188} INFO - [2026-05-27T07:31:56.494+0000] {dag.py:3036} INFO - Sync 1 DAGs
[2026-05-27T07:31:56.544+0000] {processor.py:183} INFO - Processing /opt/airflow/dags/dag_crime_pipeline.py took 0.136 seconds
[2026-05-27T07:32:26.907+0000] {processor.py:161} INFO - Started process (PID=6340) to work on /opt/airflow/dags/dag_crime_pipeline.py
[2026-05-27T07:32:26.909+0000] {processor.py:830} INFO - Processing file /opt/airflow/dags/dag_crime_pipeline.py for tasks to queue
[2026-05-27T07:32:26.911+0000] {logging_mixin.py:188} INFO - [2026-05-27T07:32:26.911+0000] {dagbag.py:538} INFO - Filling up the DagBag from /opt/airflow/dags/dag_crime_pipeline.py
[2026-05-27T07:32:26.955+0000] {processor.py:840} INFO - DAG(s) 'crime_analytics_pipeline' retrieved from /opt/airflow/dags/dag_crime_pipeline.py
[2026-05-27T07:32:26.991+0000] {logging_mixin.py:188} INFO - [2026-05-27T07:32:26.990+0000] {dag.py:3036} INFO - Sync 1 DAGs
[2026-05-27T07:32:27.052+0000] {processor.py:183} INFO - Processing /opt/airflow/dags/dag_crime_pipeline.py took 0.148 seconds
[2026-05-27T07:32:57.237+0000] {processor.py:161} INFO - Started process (PID=6345) to work on /opt/airflow/dags/dag_crime_pipeline.py
[2026-05-27T07:32:57.238+0000] {processor.py:830} INFO - Processing file /opt/airflow/dags/dag_crime_pipeline.py for tasks to queue
[2026-05-27T07:32:57.241+0000] {logging_mixin.py:188} INFO - [2026-05-27T07:32:57.240+0000] {dagbag.py:538} INFO - Filling up the DagBag from /opt/airflow/dags/dag_crime_pipeline.py
[2026-05-27T07:32:57.281+0000] {processor.py:840} INFO - DAG(s) 'crime_analytics_pipeline' retrieved from /opt/airflow/dags/dag_crime_pipeline.py
[2026-05-27T07:32:57.319+0000] {logging_mixin.py:188} INFO - [2026-05-27T07:32:57.318+0000] {dag.py:3036} INFO - Sync 1 DAGs
[2026-05-27T07:32:57.362+0000] {processor.py:183} INFO - Processing /opt/airflow/dags/dag_crime_pipeline.py took 0.130 seconds
[2026-05-27T07:33:27.705+0000] {processor.py:161} INFO - Started process (PID=6350) to work on /opt/airflow/dags/dag_crime_pipeline.py
[2026-05-27T07:33:27.706+0000] {processor.py:830} INFO - Processing file /opt/airflow/dags/dag_crime_pipeline.py for tasks to queue
[2026-05-27T07:33:27.709+0000] {logging_mixin.py:188} INFO - [2026-05-27T07:33:27.708+0000] {dagbag.py:538} INFO - Filling up the DagBag from /opt/airflow/dags/dag_crime_pipeline.py
[2026-05-27T07:33:27.754+0000] {processor.py:840} INFO - DAG(s) 'crime_analytics_pipeline' retrieved from /opt/airflow/dags/dag_crime_pipeline.py
[2026-05-27T07:33:27.795+0000] {logging_mixin.py:188} INFO - [2026-05-27T07:33:27.795+0000] {dag.py:3036} INFO - Sync 1 DAGs
[2026-05-27T07:33:27.852+0000] {processor.py:183} INFO - Processing /opt/airflow/dags/dag_crime_pipeline.py took 0.151 seconds
[2026-05-27T07:33:58.007+0000] {processor.py:161} INFO - Started process (PID=6355) to work on /opt/airflow/dags/dag_crime_pipeline.py
[2026-05-27T07:33:58.008+0000] {processor.py:830} INFO - Processing file /opt/airflow/dags/dag_crime_pipeline.py for tasks to queue
[2026-05-27T07:33:58.010+0000] {logging_mixin.py:188} INFO - [2026-05-27T07:33:58.010+0000] {dagbag.py:538} INFO - Filling up the DagBag from /opt/airflow/dags/dag_crime_pipeline.py
[2026-05-27T07:33:58.046+0000] {processor.py:840} INFO - DAG(s) 'crime_analytics_pipeline' retrieved from /opt/airflow/dags/dag_crime_pipeline.py
[2026-05-27T07:33:58.077+0000] {logging_mixin.py:188} INFO - [2026-05-27T07:33:58.077+0000] {dag.py:3036} INFO - Sync 1 DAGs
[2026-05-27T07:33:58.138+0000] {processor.py:183} INFO - Processing /opt/airflow/dags/dag_crime_pipeline.py took 0.135 seconds
[2026-05-27T07:34:28.460+0000] {processor.py:161} INFO - Started process (PID=6360) to work on /opt/airflow/dags/dag_crime_pipeline.py
[2026-05-27T07:34:28.461+0000] {processor.py:830} INFO - Processing file /opt/airflow/dags/dag_crime_pipeline.py for tasks to queue
[2026-05-27T07:34:28.464+0000] {logging_mixin.py:188} INFO - [2026-05-27T07:34:28.463+0000] {dagbag.py:538} INFO - Filling up the DagBag from /opt/airflow/dags/dag_crime_pipeline.py
[2026-05-27T07:34:28.503+0000] {processor.py:840} INFO - DAG(s) 'crime_analytics_pipeline' retrieved from /opt/airflow/dags/dag_crime_pipeline.py
[2026-05-27T07:34:28.534+0000] {logging_mixin.py:188} INFO - [2026-05-27T07:34:28.533+0000] {dag.py:3036} INFO - Sync 1 DAGs
[2026-05-27T07:34:28.605+0000] {processor.py:183} INFO - Processing /opt/airflow/dags/dag_crime_pipeline.py took 0.149 seconds
[2026-05-27T07:34:58.841+0000] {processor.py:161} INFO - Started process (PID=6365) to work on /opt/airflow/dags/dag_crime_pipeline.py
[2026-05-27T07:34:58.843+0000] {processor.py:830} INFO - Processing file /opt/airflow/dags/dag_crime_pipeline.py for tasks to queue
[2026-05-27T07:34:58.846+0000] {logging_mixin.py:188} INFO - [2026-05-27T07:34:58.845+0000] {dagbag.py:538} INFO - Filling up the DagBag from /opt/airflow/dags/dag_crime_pipeline.py
[2026-05-27T07:34:58.885+0000] {processor.py:840} INFO - DAG(s) 'crime_analytics_pipeline' retrieved from /opt/airflow/dags/dag_crime_pipeline.py
[2026-05-27T07:34:58.920+0000] {logging_mixin.py:188} INFO - [2026-05-27T07:34:58.919+0000] {dag.py:3036} INFO - Sync 1 DAGs
[2026-05-27T07:34:58.977+0000] {processor.py:183} INFO - Processing /opt/airflow/dags/dag_crime_pipeline.py took 0.141 seconds
[2026-05-27T07:35:29.270+0000] {processor.py:161} INFO - Started process (PID=6370) to work on /opt/airflow/dags/dag_crime_pipeline.py
[2026-05-27T07:35:29.271+0000] {processor.py:830} INFO - Processing file /opt/airflow/dags/dag_crime_pipeline.py for tasks to queue
[2026-05-27T07:35:29.274+0000] {logging_mixin.py:188} INFO - [2026-05-27T07:35:29.274+0000] {dagbag.py:538} INFO - Filling up the DagBag from /opt/airflow/dags/dag_crime_pipeline.py
[2026-05-27T07:35:29.311+0000] {processor.py:840} INFO - DAG(s) 'crime_analytics_pipeline' retrieved from /opt/airflow/dags/dag_crime_pipeline.py
[2026-05-27T07:35:29.346+0000] {logging_mixin.py:188} INFO - [2026-05-27T07:35:29.346+0000] {dag.py:3036} INFO - Sync 1 DAGs
[2026-05-27T07:35:29.391+0000] {processor.py:183} INFO - Processing /opt/airflow/dags/dag_crime_pipeline.py took 0.125 seconds
[2026-05-27T07:35:59.581+0000] {processor.py:161} INFO - Started process (PID=6375) to work on /opt/airflow/dags/dag_crime_pipeline.py
[2026-05-27T07:35:59.583+0000] {processor.py:830} INFO - Processing file /opt/airflow/dags/dag_crime_pipeline.py for tasks to queue
[2026-05-27T07:35:59.585+0000] {logging_mixin.py:188} INFO - [2026-05-27T07:35:59.585+0000] {dagbag.py:538} INFO - Filling up the DagBag from /opt/airflow/dags/dag_crime_pipeline.py
[2026-05-27T07:35:59.630+0000] {processor.py:840} INFO - DAG(s) 'crime_analytics_pipeline' retrieved from /opt/airflow/dags/dag_crime_pipeline.py
[2026-05-27T07:35:59.659+0000] {logging_mixin.py:188} INFO - [2026-05-27T07:35:59.659+0000] {dag.py:3036} INFO - Sync 1 DAGs
[2026-05-27T07:35:59.698+0000] {processor.py:183} INFO - Processing /opt/airflow/dags/dag_crime_pipeline.py took 0.122 seconds
[2026-05-27T07:36:29.976+0000] {processor.py:161} INFO - Started process (PID=6380) to work on /opt/airflow/dags/dag_crime_pipeline.py
[2026-05-27T07:36:29.978+0000] {processor.py:830} INFO - Processing file /opt/airflow/dags/dag_crime_pipeline.py for tasks to queue
[2026-05-27T07:36:29.981+0000] {logging_mixin.py:188} INFO - [2026-05-27T07:36:29.980+0000] {dagbag.py:538} INFO - Filling up the DagBag from /opt/airflow/dags/dag_crime_pipeline.py
[2026-05-27T07:36:30.023+0000] {processor.py:840} INFO - DAG(s) 'crime_analytics_pipeline' retrieved from /opt/airflow/dags/dag_crime_pipeline.py
[2026-05-27T07:36:30.061+0000] {logging_mixin.py:188} INFO - [2026-05-27T07:36:30.061+0000] {dag.py:3036} INFO - Sync 1 DAGs
[2026-05-27T07:36:30.123+0000] {processor.py:183} INFO - Processing /opt/airflow/dags/dag_crime_pipeline.py took 0.150 seconds
[2026-05-27T07:37:00.316+0000] {processor.py:161} INFO - Started process (PID=6385) to work on /opt/airflow/dags/dag_crime_pipeline.py
[2026-05-27T07:37:00.318+0000] {processor.py:830} INFO - Processing file /opt/airflow/dags/dag_crime_pipeline.py for tasks to queue
[2026-05-27T07:37:00.321+0000] {logging_mixin.py:188} INFO - [2026-05-27T07:37:00.321+0000] {dagbag.py:538} INFO - Filling up the DagBag from /opt/airflow/dags/dag_crime_pipeline.py
[2026-05-27T07:37:00.364+0000] {processor.py:840} INFO - DAG(s) 'crime_analytics_pipeline' retrieved from /opt/airflow/dags/dag_crime_pipeline.py
[2026-05-27T07:37:00.402+0000] {logging_mixin.py:188} INFO - [2026-05-27T07:37:00.401+0000] {dag.py:3036} INFO - Sync 1 DAGs
[2026-05-27T07:37:00.446+0000] {processor.py:183} INFO - Processing /opt/airflow/dags/dag_crime_pipeline.py took 0.135 seconds
[2026-05-27T07:37:30.815+0000] {processor.py:161} INFO - Started process (PID=6390) to work on /opt/airflow/dags/dag_crime_pipeline.py
[2026-05-27T07:37:30.816+0000] {processor.py:830} INFO - Processing file /opt/airflow/dags/dag_crime_pipeline.py for tasks to queue
[2026-05-27T07:37:30.819+0000] {logging_mixin.py:188} INFO - [2026-05-27T07:37:30.819+0000] {dagbag.py:538} INFO - Filling up the DagBag from /opt/airflow/dags/dag_crime_pipeline.py
[2026-05-27T07:37:30.866+0000] {processor.py:840} INFO - DAG(s) 'crime_analytics_pipeline' retrieved from /opt/airflow/dags/dag_crime_pipeline.py
[2026-05-27T07:37:30.902+0000] {logging_mixin.py:188} INFO - [2026-05-27T07:37:30.902+0000] {dag.py:3036} INFO - Sync 1 DAGs
[2026-05-27T07:37:30.941+0000] {processor.py:183} INFO - Processing /opt/airflow/dags/dag_crime_pipeline.py took 0.131 seconds
[2026-05-27T07:38:01.147+0000] {processor.py:161} INFO - Started process (PID=6395) to work on /opt/airflow/dags/dag_crime_pipeline.py
[2026-05-27T07:38:01.148+0000] {processor.py:830} INFO - Processing file /opt/airflow/dags/dag_crime_pipeline.py for tasks to queue
[2026-05-27T07:38:01.152+0000] {logging_mixin.py:188} INFO - [2026-05-27T07:38:01.151+0000] {dagbag.py:538} INFO - Filling up the DagBag from /opt/airflow/dags/dag_crime_pipeline.py
[2026-05-27T07:38:01.190+0000] {processor.py:840} INFO - DAG(s) 'crime_analytics_pipeline' retrieved from /opt/airflow/dags/dag_crime_pipeline.py
[2026-05-27T07:38:01.223+0000] {logging_mixin.py:188} INFO - [2026-05-27T07:38:01.222+0000] {dag.py:3036} INFO - Sync 1 DAGs
[2026-05-27T07:38:01.266+0000] {processor.py:183} INFO - Processing /opt/airflow/dags/dag_crime_pipeline.py took 0.124 seconds
[2026-05-27T07:38:31.564+0000] {processor.py:161} INFO - Started process (PID=6400) to work on /opt/airflow/dags/dag_crime_pipeline.py
[2026-05-27T07:38:31.565+0000] {processor.py:830} INFO - Processing file /opt/airflow/dags/dag_crime_pipeline.py for tasks to queue
[2026-05-27T07:38:31.568+0000] {logging_mixin.py:188} INFO - [2026-05-27T07:38:31.568+0000] {dagbag.py:538} INFO - Filling up the DagBag from /opt/airflow/dags/dag_crime_pipeline.py
[2026-05-27T07:38:31.606+0000] {processor.py:840} INFO - DAG(s) 'crime_analytics_pipeline' retrieved from /opt/airflow/dags/dag_crime_pipeline.py
[2026-05-27T07:38:31.641+0000] {logging_mixin.py:188} INFO - [2026-05-27T07:38:31.640+0000] {dag.py:3036} INFO - Sync 1 DAGs
[2026-05-27T07:38:31.699+0000] {processor.py:183} INFO - Processing /opt/airflow/dags/dag_crime_pipeline.py took 0.139 seconds
[2026-05-27T07:39:01.902+0000] {processor.py:161} INFO - Started process (PID=6405) to work on /opt/airflow/dags/dag_crime_pipeline.py
[2026-05-27T07:39:01.903+0000] {processor.py:830} INFO - Processing file /opt/airflow/dags/dag_crime_pipeline.py for tasks to queue
[2026-05-27T07:39:01.907+0000] {logging_mixin.py:188} INFO - [2026-05-27T07:39:01.906+0000] {dagbag.py:538} INFO - Filling up the DagBag from /opt/airflow/dags/dag_crime_pipeline.py
[2026-05-27T07:39:01.943+0000] {processor.py:840} INFO - DAG(s) 'crime_analytics_pipeline' retrieved from /opt/airflow/dags/dag_crime_pipeline.py
[2026-05-27T07:39:01.980+0000] {logging_mixin.py:188} INFO - [2026-05-27T07:39:01.979+0000] {dag.py:3036} INFO - Sync 1 DAGs
[2026-05-27T07:39:02.039+0000] {processor.py:183} INFO - Processing /opt/airflow/dags/dag_crime_pipeline.py took 0.142 seconds
[2026-05-27T07:39:32.312+0000] {processor.py:161} INFO - Started process (PID=6410) to work on /opt/airflow/dags/dag_crime_pipeline.py
[2026-05-27T07:39:32.313+0000] {processor.py:830} INFO - Processing file /opt/airflow/dags/dag_crime_pipeline.py for tasks to queue
[2026-05-27T07:39:32.316+0000] {logging_mixin.py:188} INFO - [2026-05-27T07:39:32.315+0000] {dagbag.py:538} INFO - Filling up the DagBag from /opt/airflow/dags/dag_crime_pipeline.py
[2026-05-27T07:39:32.356+0000] {processor.py:840} INFO - DAG(s) 'crime_analytics_pipeline' retrieved from /opt/airflow/dags/dag_crime_pipeline.py
[2026-05-27T07:39:32.388+0000] {logging_mixin.py:188} INFO - [2026-05-27T07:39:32.387+0000] {dag.py:3036} INFO - Sync 1 DAGs
[2026-05-27T07:39:32.426+0000] {processor.py:183} INFO - Processing /opt/airflow/dags/dag_crime_pipeline.py took 0.118 seconds
[2026-05-27T07:40:02.644+0000] {processor.py:161} INFO - Started process (PID=6415) to work on /opt/airflow/dags/dag_crime_pipeline.py
[2026-05-27T07:40:02.646+0000] {processor.py:830} INFO - Processing file /opt/airflow/dags/dag_crime_pipeline.py for tasks to queue
[2026-05-27T07:40:02.649+0000] {logging_mixin.py:188} INFO - [2026-05-27T07:40:02.648+0000] {dagbag.py:538} INFO - Filling up the DagBag from /opt/airflow/dags/dag_crime_pipeline.py
[2026-05-27T07:40:02.688+0000] {processor.py:840} INFO - DAG(s) 'crime_analytics_pipeline' retrieved from /opt/airflow/dags/dag_crime_pipeline.py
[2026-05-27T07:40:02.723+0000] {logging_mixin.py:188} INFO - [2026-05-27T07:40:02.722+0000] {dag.py:3036} INFO - Sync 1 DAGs
[2026-05-27T07:40:02.782+0000] {processor.py:183} INFO - Processing /opt/airflow/dags/dag_crime_pipeline.py took 0.142 seconds
[2026-05-27T07:40:33.043+0000] {processor.py:161} INFO - Started process (PID=6420) to work on /opt/airflow/dags/dag_crime_pipeline.py
[2026-05-27T07:40:33.046+0000] {processor.py:830} INFO - Processing file /opt/airflow/dags/dag_crime_pipeline.py for tasks to queue
[2026-05-27T07:40:33.049+0000] {logging_mixin.py:188} INFO - [2026-05-27T07:40:33.049+0000] {dagbag.py:538} INFO - Filling up the DagBag from /opt/airflow/dags/dag_crime_pipeline.py
[2026-05-27T07:40:33.091+0000] {processor.py:840} INFO - DAG(s) 'crime_analytics_pipeline' retrieved from /opt/airflow/dags/dag_crime_pipeline.py
[2026-05-27T07:40:33.126+0000] {logging_mixin.py:188} INFO - [2026-05-27T07:40:33.125+0000] {dag.py:3036} INFO - Sync 1 DAGs
[2026-05-27T07:40:33.165+0000] {processor.py:183} INFO - Processing /opt/airflow/dags/dag_crime_pipeline.py took 0.127 seconds
[2026-05-27T07:41:03.437+0000] {processor.py:161} INFO - Started process (PID=6425) to work on /opt/airflow/dags/dag_crime_pipeline.py
[2026-05-27T07:41:03.438+0000] {processor.py:830} INFO - Processing file /opt/airflow/dags/dag_crime_pipeline.py for tasks to queue
[2026-05-27T07:41:03.442+0000] {logging_mixin.py:188} INFO - [2026-05-27T07:41:03.441+0000] {dagbag.py:538} INFO - Filling up the DagBag from /opt/airflow/dags/dag_crime_pipeline.py
[2026-05-27T07:41:03.483+0000] {processor.py:840} INFO - DAG(s) 'crime_analytics_pipeline' retrieved from /opt/airflow/dags/dag_crime_pipeline.py
[2026-05-27T07:41:03.517+0000] {logging_mixin.py:188} INFO - [2026-05-27T07:41:03.517+0000] {dag.py:3036} INFO - Sync 1 DAGs
[2026-05-27T07:41:03.573+0000] {processor.py:183} INFO - Processing /opt/airflow/dags/dag_crime_pipeline.py took 0.141 seconds
[2026-05-27T07:41:33.844+0000] {processor.py:161} INFO - Started process (PID=6430) to work on /opt/airflow/dags/dag_crime_pipeline.py
[2026-05-27T07:41:33.846+0000] {processor.py:830} INFO - Processing file /opt/airflow/dags/dag_crime_pipeline.py for tasks to queue
[2026-05-27T07:41:33.849+0000] {logging_mixin.py:188} INFO - [2026-05-27T07:41:33.849+0000] {dagbag.py:538} INFO - Filling up the DagBag from /opt/airflow/dags/dag_crime_pipeline.py
[2026-05-27T07:41:33.889+0000] {processor.py:840} INFO - DAG(s) 'crime_analytics_pipeline' retrieved from /opt/airflow/dags/dag_crime_pipeline.py
[2026-05-27T07:41:33.924+0000] {logging_mixin.py:188} INFO - [2026-05-27T07:41:33.924+0000] {dag.py:3036} INFO - Sync 1 DAGs
[2026-05-27T07:41:33.987+0000] {processor.py:183} INFO - Processing /opt/airflow/dags/dag_crime_pipeline.py took 0.147 seconds
[2026-05-27T07:42:04.244+0000] {processor.py:161} INFO - Started process (PID=6435) to work on /opt/airflow/dags/dag_crime_pipeline.py
[2026-05-27T07:42:04.246+0000] {processor.py:830} INFO - Processing file /opt/airflow/dags/dag_crime_pipeline.py for tasks to queue
[2026-05-27T07:42:04.250+0000] {logging_mixin.py:188} INFO - [2026-05-27T07:42:04.249+0000] {dagbag.py:538} INFO - Filling up the DagBag from /opt/airflow/dags/dag_crime_pipeline.py
[2026-05-27T07:42:04.287+0000] {processor.py:840} INFO - DAG(s) 'crime_analytics_pipeline' retrieved from /opt/airflow/dags/dag_crime_pipeline.py
[2026-05-27T07:42:04.321+0000] {logging_mixin.py:188} INFO - [2026-05-27T07:42:04.320+0000] {dag.py:3036} INFO - Sync 1 DAGs
[2026-05-27T07:42:04.362+0000] {processor.py:183} INFO - Processing /opt/airflow/dags/dag_crime_pipeline.py took 0.123 seconds
[2026-05-27T07:42:34.729+0000] {processor.py:161} INFO - Started process (PID=6440) to work on /opt/airflow/dags/dag_crime_pipeline.py
[2026-05-27T07:42:34.731+0000] {processor.py:830} INFO - Processing file /opt/airflow/dags/dag_crime_pipeline.py for tasks to queue
[2026-05-27T07:42:34.735+0000] {logging_mixin.py:188} INFO - [2026-05-27T07:42:34.734+0000] {dagbag.py:538} INFO - Filling up the DagBag from /opt/airflow/dags/dag_crime_pipeline.py
[2026-05-27T07:42:34.775+0000] {processor.py:840} INFO - DAG(s) 'crime_analytics_pipeline' retrieved from /opt/airflow/dags/dag_crime_pipeline.py
[2026-05-27T07:42:34.806+0000] {logging_mixin.py:188} INFO - [2026-05-27T07:42:34.805+0000] {dag.py:3036} INFO - Sync 1 DAGs
[2026-05-27T07:42:34.843+0000] {processor.py:183} INFO - Processing /opt/airflow/dags/dag_crime_pipeline.py took 0.118 seconds
[2026-05-27T07:43:05.054+0000] {processor.py:161} INFO - Started process (PID=6445) to work on /opt/airflow/dags/dag_crime_pipeline.py
[2026-05-27T07:43:05.056+0000] {processor.py:830} INFO - Processing file /opt/airflow/dags/dag_crime_pipeline.py for tasks to queue
[2026-05-27T07:43:05.059+0000] {logging_mixin.py:188} INFO - [2026-05-27T07:43:05.058+0000] {dagbag.py:538} INFO - Filling up the DagBag from /opt/airflow/dags/dag_crime_pipeline.py
[2026-05-27T07:43:05.097+0000] {processor.py:840} INFO - DAG(s) 'crime_analytics_pipeline' retrieved from /opt/airflow/dags/dag_crime_pipeline.py
[2026-05-27T07:43:05.127+0000] {logging_mixin.py:188} INFO - [2026-05-27T07:43:05.126+0000] {dag.py:3036} INFO - Sync 1 DAGs
[2026-05-27T07:43:05.168+0000] {processor.py:183} INFO - Processing /opt/airflow/dags/dag_crime_pipeline.py took 0.118 seconds
[2026-05-27T07:43:35.513+0000] {processor.py:161} INFO - Started process (PID=6450) to work on /opt/airflow/dags/dag_crime_pipeline.py
[2026-05-27T07:43:35.515+0000] {processor.py:830} INFO - Processing file /opt/airflow/dags/dag_crime_pipeline.py for tasks to queue
[2026-05-27T07:43:35.518+0000] {logging_mixin.py:188} INFO - [2026-05-27T07:43:35.517+0000] {dagbag.py:538} INFO - Filling up the DagBag from /opt/airflow/dags/dag_crime_pipeline.py
[2026-05-27T07:43:35.555+0000] {processor.py:840} INFO - DAG(s) 'crime_analytics_pipeline' retrieved from /opt/airflow/dags/dag_crime_pipeline.py
[2026-05-27T07:43:35.590+0000] {logging_mixin.py:188} INFO - [2026-05-27T07:43:35.589+0000] {dag.py:3036} INFO - Sync 1 DAGs
[2026-05-27T07:43:35.637+0000] {processor.py:183} INFO - Processing /opt/airflow/dags/dag_crime_pipeline.py took 0.127 seconds
[2026-05-27T07:44:05.864+0000] {processor.py:161} INFO - Started process (PID=6455) to work on /opt/airflow/dags/dag_crime_pipeline.py
[2026-05-27T07:44:05.865+0000] {processor.py:830} INFO - Processing file /opt/airflow/dags/dag_crime_pipeline.py for tasks to queue
[2026-05-27T07:44:05.868+0000] {logging_mixin.py:188} INFO - [2026-05-27T07:44:05.867+0000] {dagbag.py:538} INFO - Filling up the DagBag from /opt/airflow/dags/dag_crime_pipeline.py
[2026-05-27T07:44:05.911+0000] {processor.py:840} INFO - DAG(s) 'crime_analytics_pipeline' retrieved from /opt/airflow/dags/dag_crime_pipeline.py
[2026-05-27T07:44:05.946+0000] {logging_mixin.py:188} INFO - [2026-05-27T07:44:05.945+0000] {dag.py:3036} INFO - Sync 1 DAGs
[2026-05-27T07:44:06.011+0000] {processor.py:183} INFO - Processing /opt/airflow/dags/dag_crime_pipeline.py took 0.151 seconds
[2026-05-27T07:44:36.376+0000] {processor.py:161} INFO - Started process (PID=6460) to work on /opt/airflow/dags/dag_crime_pipeline.py
[2026-05-27T07:44:36.377+0000] {processor.py:830} INFO - Processing file /opt/airflow/dags/dag_crime_pipeline.py for tasks to queue
[2026-05-27T07:44:36.380+0000] {logging_mixin.py:188} INFO - [2026-05-27T07:44:36.380+0000] {dagbag.py:538} INFO - Filling up the DagBag from /opt/airflow/dags/dag_crime_pipeline.py
[2026-05-27T07:44:36.419+0000] {processor.py:840} INFO - DAG(s) 'crime_analytics_pipeline' retrieved from /opt/airflow/dags/dag_crime_pipeline.py
[2026-05-27T07:44:36.455+0000] {logging_mixin.py:188} INFO - [2026-05-27T07:44:36.454+0000] {dag.py:3036} INFO - Sync 1 DAGs
[2026-05-27T07:44:36.515+0000] {processor.py:183} INFO - Processing /opt/airflow/dags/dag_crime_pipeline.py took 0.143 seconds
[2026-05-27T07:45:06.720+0000] {processor.py:161} INFO - Started process (PID=6465) to work on /opt/airflow/dags/dag_crime_pipeline.py
[2026-05-27T07:45:06.722+0000] {processor.py:830} INFO - Processing file /opt/airflow/dags/dag_crime_pipeline.py for tasks to queue
[2026-05-27T07:45:06.724+0000] {logging_mixin.py:188} INFO - [2026-05-27T07:45:06.724+0000] {dagbag.py:538} INFO - Filling up the DagBag from /opt/airflow/dags/dag_crime_pipeline.py
[2026-05-27T07:45:06.769+0000] {processor.py:840} INFO - DAG(s) 'crime_analytics_pipeline' retrieved from /opt/airflow/dags/dag_crime_pipeline.py
[2026-05-27T07:45:06.805+0000] {logging_mixin.py:188} INFO - [2026-05-27T07:45:06.805+0000] {dag.py:3036} INFO - Sync 1 DAGs
[2026-05-27T07:45:06.878+0000] {processor.py:183} INFO - Processing /opt/airflow/dags/dag_crime_pipeline.py took 0.162 seconds
[2026-05-27T07:45:37.177+0000] {processor.py:161} INFO - Started process (PID=6470) to work on /opt/airflow/dags/dag_crime_pipeline.py
[2026-05-27T07:45:37.179+0000] {processor.py:830} INFO - Processing file /opt/airflow/dags/dag_crime_pipeline.py for tasks to queue
[2026-05-27T07:45:37.181+0000] {logging_mixin.py:188} INFO - [2026-05-27T07:45:37.181+0000] {dagbag.py:538} INFO - Filling up the DagBag from /opt/airflow/dags/dag_crime_pipeline.py
[2026-05-27T07:45:37.221+0000] {processor.py:840} INFO - DAG(s) 'crime_analytics_pipeline' retrieved from /opt/airflow/dags/dag_crime_pipeline.py
[2026-05-27T07:45:37.255+0000] {logging_mixin.py:188} INFO - [2026-05-27T07:45:37.254+0000] {dag.py:3036} INFO - Sync 1 DAGs
[2026-05-27T07:45:37.291+0000] {processor.py:183} INFO - Processing /opt/airflow/dags/dag_crime_pipeline.py took 0.119 seconds
[2026-05-27T07:46:07.551+0000] {processor.py:161} INFO - Started process (PID=6475) to work on /opt/airflow/dags/dag_crime_pipeline.py
[2026-05-27T07:46:07.553+0000] {processor.py:830} INFO - Processing file /opt/airflow/dags/dag_crime_pipeline.py for tasks to queue
[2026-05-27T07:46:07.556+0000] {logging_mixin.py:188} INFO - [2026-05-27T07:46:07.555+0000] {dagbag.py:538} INFO - Filling up the DagBag from /opt/airflow/dags/dag_crime_pipeline.py
[2026-05-27T07:46:07.595+0000] {processor.py:840} INFO - DAG(s) 'crime_analytics_pipeline' retrieved from /opt/airflow/dags/dag_crime_pipeline.py
[2026-05-27T07:46:07.631+0000] {logging_mixin.py:188} INFO - [2026-05-27T07:46:07.630+0000] {dag.py:3036} INFO - Sync 1 DAGs
[2026-05-27T07:46:07.668+0000] {processor.py:183} INFO - Processing /opt/airflow/dags/dag_crime_pipeline.py took 0.121 seconds
[2026-05-27T07:46:37.930+0000] {processor.py:161} INFO - Started process (PID=6480) to work on /opt/airflow/dags/dag_crime_pipeline.py
[2026-05-27T07:46:37.932+0000] {processor.py:830} INFO - Processing file /opt/airflow/dags/dag_crime_pipeline.py for tasks to queue
[2026-05-27T07:46:37.935+0000] {logging_mixin.py:188} INFO - [2026-05-27T07:46:37.935+0000] {dagbag.py:538} INFO - Filling up the DagBag from /opt/airflow/dags/dag_crime_pipeline.py
[2026-05-27T07:46:37.974+0000] {processor.py:840} INFO - DAG(s) 'crime_analytics_pipeline' retrieved from /opt/airflow/dags/dag_crime_pipeline.py
[2026-05-27T07:46:38.011+0000] {logging_mixin.py:188} INFO - [2026-05-27T07:46:38.011+0000] {dag.py:3036} INFO - Sync 1 DAGs
[2026-05-27T07:46:38.058+0000] {processor.py:183} INFO - Processing /opt/airflow/dags/dag_crime_pipeline.py took 0.132 seconds
[2026-05-27T07:47:08.283+0000] {processor.py:161} INFO - Started process (PID=6485) to work on /opt/airflow/dags/dag_crime_pipeline.py
[2026-05-27T07:47:08.285+0000] {processor.py:830} INFO - Processing file /opt/airflow/dags/dag_crime_pipeline.py for tasks to queue
[2026-05-27T07:47:08.287+0000] {logging_mixin.py:188} INFO - [2026-05-27T07:47:08.287+0000] {dagbag.py:538} INFO - Filling up the DagBag from /opt/airflow/dags/dag_crime_pipeline.py
[2026-05-27T07:47:08.336+0000] {processor.py:840} INFO - DAG(s) 'crime_analytics_pipeline' retrieved from /opt/airflow/dags/dag_crime_pipeline.py
[2026-05-27T07:47:08.393+0000] {logging_mixin.py:188} INFO - [2026-05-27T07:47:08.392+0000] {dag.py:3036} INFO - Sync 1 DAGs
[2026-05-27T07:47:08.459+0000] {processor.py:183} INFO - Processing /opt/airflow/dags/dag_crime_pipeline.py took 0.181 seconds
[2026-05-27T07:47:38.750+0000] {processor.py:161} INFO - Started process (PID=6490) to work on /opt/airflow/dags/dag_crime_pipeline.py
[2026-05-27T07:47:38.752+0000] {processor.py:830} INFO - Processing file /opt/airflow/dags/dag_crime_pipeline.py for tasks to queue
[2026-05-27T07:47:38.755+0000] {logging_mixin.py:188} INFO - [2026-05-27T07:47:38.754+0000] {dagbag.py:538} INFO - Filling up the DagBag from /opt/airflow/dags/dag_crime_pipeline.py
[2026-05-27T07:47:38.797+0000] {processor.py:840} INFO - DAG(s) 'crime_analytics_pipeline' retrieved from /opt/airflow/dags/dag_crime_pipeline.py
[2026-05-27T07:47:38.835+0000] {logging_mixin.py:188} INFO - [2026-05-27T07:47:38.834+0000] {dag.py:3036} INFO - Sync 1 DAGs
[2026-05-27T07:47:38.880+0000] {processor.py:183} INFO - Processing /opt/airflow/dags/dag_crime_pipeline.py took 0.135 seconds
[2026-05-27T07:48:09.299+0000] {processor.py:161} INFO - Started process (PID=6495) to work on /opt/airflow/dags/dag_crime_pipeline.py
[2026-05-27T07:48:09.301+0000] {processor.py:830} INFO - Processing file /opt/airflow/dags/dag_crime_pipeline.py for tasks to queue
[2026-05-27T07:48:09.304+0000] {logging_mixin.py:188} INFO - [2026-05-27T07:48:09.304+0000] {dagbag.py:538} INFO - Filling up the DagBag from /opt/airflow/dags/dag_crime_pipeline.py
[2026-05-27T07:48:09.341+0000] {processor.py:840} INFO - DAG(s) 'crime_analytics_pipeline' retrieved from /opt/airflow/dags/dag_crime_pipeline.py
[2026-05-27T07:48:09.373+0000] {logging_mixin.py:188} INFO - [2026-05-27T07:48:09.372+0000] {dag.py:3036} INFO - Sync 1 DAGs
[2026-05-27T07:48:09.416+0000] {processor.py:183} INFO - Processing /opt/airflow/dags/dag_crime_pipeline.py took 0.122 seconds
[2026-05-27T07:48:39.701+0000] {processor.py:161} INFO - Started process (PID=6500) to work on /opt/airflow/dags/dag_crime_pipeline.py
[2026-05-27T07:48:39.703+0000] {processor.py:830} INFO - Processing file /opt/airflow/dags/dag_crime_pipeline.py for tasks to queue
[2026-05-27T07:48:39.707+0000] {logging_mixin.py:188} INFO - [2026-05-27T07:48:39.707+0000] {dagbag.py:538} INFO - Filling up the DagBag from /opt/airflow/dags/dag_crime_pipeline.py
[2026-05-27T07:48:39.749+0000] {processor.py:840} INFO - DAG(s) 'crime_analytics_pipeline' retrieved from /opt/airflow/dags/dag_crime_pipeline.py
[2026-05-27T07:48:39.784+0000] {logging_mixin.py:188} INFO - [2026-05-27T07:48:39.783+0000] {dag.py:3036} INFO - Sync 1 DAGs
[2026-05-27T07:48:39.827+0000] {processor.py:183} INFO - Processing /opt/airflow/dags/dag_crime_pipeline.py took 0.130 seconds
[2026-05-27T07:49:10.091+0000] {processor.py:161} INFO - Started process (PID=6505) to work on /opt/airflow/dags/dag_crime_pipeline.py
[2026-05-27T07:49:10.093+0000] {processor.py:830} INFO - Processing file /opt/airflow/dags/dag_crime_pipeline.py for tasks to queue
[2026-05-27T07:49:10.096+0000] {logging_mixin.py:188} INFO - [2026-05-27T07:49:10.096+0000] {dagbag.py:538} INFO - Filling up the DagBag from /opt/airflow/dags/dag_crime_pipeline.py
[2026-05-27T07:49:10.140+0000] {processor.py:840} INFO - DAG(s) 'crime_analytics_pipeline' retrieved from /opt/airflow/dags/dag_crime_pipeline.py
[2026-05-27T07:49:10.176+0000] {logging_mixin.py:188} INFO - [2026-05-27T07:49:10.176+0000] {dag.py:3036} INFO - Sync 1 DAGs
[2026-05-27T07:49:10.218+0000] {processor.py:183} INFO - Processing /opt/airflow/dags/dag_crime_pipeline.py took 0.132 seconds
[2026-05-27T07:49:40.523+0000] {processor.py:161} INFO - Started process (PID=6510) to work on /opt/airflow/dags/dag_crime_pipeline.py
[2026-05-27T07:49:40.524+0000] {processor.py:830} INFO - Processing file /opt/airflow/dags/dag_crime_pipeline.py for tasks to queue
[2026-05-27T07:49:40.527+0000] {logging_mixin.py:188} INFO - [2026-05-27T07:49:40.527+0000] {dagbag.py:538} INFO - Filling up the DagBag from /opt/airflow/dags/dag_crime_pipeline.py
[2026-05-27T07:49:40.571+0000] {processor.py:840} INFO - DAG(s) 'crime_analytics_pipeline' retrieved from /opt/airflow/dags/dag_crime_pipeline.py
[2026-05-27T07:49:40.614+0000] {logging_mixin.py:188} INFO - [2026-05-27T07:49:40.613+0000] {dag.py:3036} INFO - Sync 1 DAGs
[2026-05-27T07:49:40.670+0000] {processor.py:183} INFO - Processing /opt/airflow/dags/dag_crime_pipeline.py took 0.153 seconds
[2026-05-27T07:50:10.860+0000] {processor.py:161} INFO - Started process (PID=6515) to work on /opt/airflow/dags/dag_crime_pipeline.py
[2026-05-27T07:50:10.862+0000] {processor.py:830} INFO - Processing file /opt/airflow/dags/dag_crime_pipeline.py for tasks to queue
[2026-05-27T07:50:10.864+0000] {logging_mixin.py:188} INFO - [2026-05-27T07:50:10.864+0000] {dagbag.py:538} INFO - Filling up the DagBag from /opt/airflow/dags/dag_crime_pipeline.py
[2026-05-27T07:50:10.904+0000] {processor.py:840} INFO - DAG(s) 'crime_analytics_pipeline' retrieved from /opt/airflow/dags/dag_crime_pipeline.py
[2026-05-27T07:50:10.940+0000] {logging_mixin.py:188} INFO - [2026-05-27T07:50:10.940+0000] {dag.py:3036} INFO - Sync 1 DAGs
[2026-05-27T07:50:11.002+0000] {processor.py:183} INFO - Processing /opt/airflow/dags/dag_crime_pipeline.py took 0.147 seconds
[2026-05-27T07:50:41.305+0000] {processor.py:161} INFO - Started process (PID=6520) to work on /opt/airflow/dags/dag_crime_pipeline.py
[2026-05-27T07:50:41.307+0000] {processor.py:830} INFO - Processing file /opt/airflow/dags/dag_crime_pipeline.py for tasks to queue
[2026-05-27T07:50:41.310+0000] {logging_mixin.py:188} INFO - [2026-05-27T07:50:41.309+0000] {dagbag.py:538} INFO - Filling up the DagBag from /opt/airflow/dags/dag_crime_pipeline.py
[2026-05-27T07:50:41.354+0000] {processor.py:840} INFO - DAG(s) 'crime_analytics_pipeline' retrieved from /opt/airflow/dags/dag_crime_pipeline.py
[2026-05-27T07:50:41.391+0000] {logging_mixin.py:188} INFO - [2026-05-27T07:50:41.391+0000] {dag.py:3036} INFO - Sync 1 DAGs
[2026-05-27T07:50:41.459+0000] {processor.py:183} INFO - Processing /opt/airflow/dags/dag_crime_pipeline.py took 0.158 seconds
[2026-05-27T07:51:11.635+0000] {processor.py:161} INFO - Started process (PID=6525) to work on /opt/airflow/dags/dag_crime_pipeline.py
[2026-05-27T07:51:11.636+0000] {processor.py:830} INFO - Processing file /opt/airflow/dags/dag_crime_pipeline.py for tasks to queue
[2026-05-27T07:51:11.640+0000] {logging_mixin.py:188} INFO - [2026-05-27T07:51:11.639+0000] {dagbag.py:538} INFO - Filling up the DagBag from /opt/airflow/dags/dag_crime_pipeline.py
[2026-05-27T07:51:11.681+0000] {processor.py:840} INFO - DAG(s) 'crime_analytics_pipeline' retrieved from /opt/airflow/dags/dag_crime_pipeline.py
[2026-05-27T07:51:11.725+0000] {logging_mixin.py:188} INFO - [2026-05-27T07:51:11.724+0000] {dag.py:3036} INFO - Sync 1 DAGs
[2026-05-27T07:51:11.776+0000] {processor.py:183} INFO - Processing /opt/airflow/dags/dag_crime_pipeline.py took 0.146 seconds
[2026-05-27T07:51:42.113+0000] {processor.py:161} INFO - Started process (PID=6530) to work on /opt/airflow/dags/dag_crime_pipeline.py
[2026-05-27T07:51:42.114+0000] {processor.py:830} INFO - Processing file /opt/airflow/dags/dag_crime_pipeline.py for tasks to queue
[2026-05-27T07:51:42.117+0000] {logging_mixin.py:188} INFO - [2026-05-27T07:51:42.117+0000] {dagbag.py:538} INFO - Filling up the DagBag from /opt/airflow/dags/dag_crime_pipeline.py
[2026-05-27T07:51:42.163+0000] {processor.py:840} INFO - DAG(s) 'crime_analytics_pipeline' retrieved from /opt/airflow/dags/dag_crime_pipeline.py
[2026-05-27T07:51:42.202+0000] {logging_mixin.py:188} INFO - [2026-05-27T07:51:42.201+0000] {dag.py:3036} INFO - Sync 1 DAGs
[2026-05-27T07:51:42.248+0000] {processor.py:183} INFO - Processing /opt/airflow/dags/dag_crime_pipeline.py took 0.139 seconds
[2026-05-27T07:52:12.650+0000] {processor.py:161} INFO - Started process (PID=6535) to work on /opt/airflow/dags/dag_crime_pipeline.py
[2026-05-27T07:52:12.652+0000] {processor.py:830} INFO - Processing file /opt/airflow/dags/dag_crime_pipeline.py for tasks to queue
[2026-05-27T07:52:12.655+0000] {logging_mixin.py:188} INFO - [2026-05-27T07:52:12.655+0000] {dagbag.py:538} INFO - Filling up the DagBag from /opt/airflow/dags/dag_crime_pipeline.py
[2026-05-27T07:52:12.697+0000] {processor.py:840} INFO - DAG(s) 'crime_analytics_pipeline' retrieved from /opt/airflow/dags/dag_crime_pipeline.py
[2026-05-27T07:52:12.735+0000] {logging_mixin.py:188} INFO - [2026-05-27T07:52:12.734+0000] {dag.py:3036} INFO - Sync 1 DAGs
[2026-05-27T07:52:12.770+0000] {processor.py:183} INFO - Processing /opt/airflow/dags/dag_crime_pipeline.py took 0.125 seconds
[2026-05-27T07:52:43.001+0000] {processor.py:161} INFO - Started process (PID=6540) to work on /opt/airflow/dags/dag_crime_pipeline.py
[2026-05-27T07:52:43.002+0000] {processor.py:830} INFO - Processing file /opt/airflow/dags/dag_crime_pipeline.py for tasks to queue
[2026-05-27T07:52:43.006+0000] {logging_mixin.py:188} INFO - [2026-05-27T07:52:43.005+0000] {dagbag.py:538} INFO - Filling up the DagBag from /opt/airflow/dags/dag_crime_pipeline.py
[2026-05-27T07:52:43.051+0000] {processor.py:840} INFO - DAG(s) 'crime_analytics_pipeline' retrieved from /opt/airflow/dags/dag_crime_pipeline.py
[2026-05-27T07:52:43.088+0000] {logging_mixin.py:188} INFO - [2026-05-27T07:52:43.088+0000] {dag.py:3036} INFO - Sync 1 DAGs
[2026-05-27T07:52:43.139+0000] {processor.py:183} INFO - Processing /opt/airflow/dags/dag_crime_pipeline.py took 0.144 seconds
[2026-05-27T07:53:13.397+0000] {processor.py:161} INFO - Started process (PID=6545) to work on /opt/airflow/dags/dag_crime_pipeline.py
[2026-05-27T07:53:13.399+0000] {processor.py:830} INFO - Processing file /opt/airflow/dags/dag_crime_pipeline.py for tasks to queue
[2026-05-27T07:53:13.402+0000] {logging_mixin.py:188} INFO - [2026-05-27T07:53:13.401+0000] {dagbag.py:538} INFO - Filling up the DagBag from /opt/airflow/dags/dag_crime_pipeline.py
[2026-05-27T07:53:13.445+0000] {processor.py:840} INFO - DAG(s) 'crime_analytics_pipeline' retrieved from /opt/airflow/dags/dag_crime_pipeline.py
[2026-05-27T07:53:13.479+0000] {logging_mixin.py:188} INFO - [2026-05-27T07:53:13.478+0000] {dag.py:3036} INFO - Sync 1 DAGs
[2026-05-27T07:53:13.551+0000] {processor.py:183} INFO - Processing /opt/airflow/dags/dag_crime_pipeline.py took 0.157 seconds
[2026-05-27T07:53:43.791+0000] {processor.py:161} INFO - Started process (PID=6550) to work on /opt/airflow/dags/dag_crime_pipeline.py
[2026-05-27T07:53:43.792+0000] {processor.py:830} INFO - Processing file /opt/airflow/dags/dag_crime_pipeline.py for tasks to queue
[2026-05-27T07:53:43.795+0000] {logging_mixin.py:188} INFO - [2026-05-27T07:53:43.795+0000] {dagbag.py:538} INFO - Filling up the DagBag from /opt/airflow/dags/dag_crime_pipeline.py
[2026-05-27T07:53:43.837+0000] {processor.py:840} INFO - DAG(s) 'crime_analytics_pipeline' retrieved from /opt/airflow/dags/dag_crime_pipeline.py
[2026-05-27T07:53:43.869+0000] {logging_mixin.py:188} INFO - [2026-05-27T07:53:43.868+0000] {dag.py:3036} INFO - Sync 1 DAGs
[2026-05-27T07:53:43.906+0000] {processor.py:183} INFO - Processing /opt/airflow/dags/dag_crime_pipeline.py took 0.120 seconds
[2026-05-27T07:54:14.198+0000] {processor.py:161} INFO - Started process (PID=6555) to work on /opt/airflow/dags/dag_crime_pipeline.py
[2026-05-27T07:54:14.199+0000] {processor.py:830} INFO - Processing file /opt/airflow/dags/dag_crime_pipeline.py for tasks to queue
[2026-05-27T07:54:14.202+0000] {logging_mixin.py:188} INFO - [2026-05-27T07:54:14.201+0000] {dagbag.py:538} INFO - Filling up the DagBag from /opt/airflow/dags/dag_crime_pipeline.py
[2026-05-27T07:54:14.242+0000] {processor.py:840} INFO - DAG(s) 'crime_analytics_pipeline' retrieved from /opt/airflow/dags/dag_crime_pipeline.py
[2026-05-27T07:54:14.276+0000] {logging_mixin.py:188} INFO - [2026-05-27T07:54:14.276+0000] {dag.py:3036} INFO - Sync 1 DAGs
[2026-05-27T07:54:14.341+0000] {processor.py:183} INFO - Processing /opt/airflow/dags/dag_crime_pipeline.py took 0.148 seconds
[2026-05-27T07:54:44.549+0000] {processor.py:161} INFO - Started process (PID=6560) to work on /opt/airflow/dags/dag_crime_pipeline.py
[2026-05-27T07:54:44.551+0000] {processor.py:830} INFO - Processing file /opt/airflow/dags/dag_crime_pipeline.py for tasks to queue
[2026-05-27T07:54:44.555+0000] {logging_mixin.py:188} INFO - [2026-05-27T07:54:44.554+0000] {dagbag.py:538} INFO - Filling up the DagBag from /opt/airflow/dags/dag_crime_pipeline.py
[2026-05-27T07:54:44.598+0000] {processor.py:840} INFO - DAG(s) 'crime_analytics_pipeline' retrieved from /opt/airflow/dags/dag_crime_pipeline.py
[2026-05-27T07:54:44.632+0000] {logging_mixin.py:188} INFO - [2026-05-27T07:54:44.632+0000] {dag.py:3036} INFO - Sync 1 DAGs
[2026-05-27T07:54:44.696+0000] {processor.py:183} INFO - Processing /opt/airflow/dags/dag_crime_pipeline.py took 0.152 seconds
[2026-05-27T07:55:14.968+0000] {processor.py:161} INFO - Started process (PID=6565) to work on /opt/airflow/dags/dag_crime_pipeline.py
[2026-05-27T07:55:14.969+0000] {processor.py:830} INFO - Processing file /opt/airflow/dags/dag_crime_pipeline.py for tasks to queue
[2026-05-27T07:55:14.972+0000] {logging_mixin.py:188} INFO - [2026-05-27T07:55:14.971+0000] {dagbag.py:538} INFO - Filling up the DagBag from /opt/airflow/dags/dag_crime_pipeline.py
[2026-05-27T07:55:15.012+0000] {processor.py:840} INFO - DAG(s) 'crime_analytics_pipeline' retrieved from /opt/airflow/dags/dag_crime_pipeline.py
[2026-05-27T07:55:15.048+0000] {logging_mixin.py:188} INFO - [2026-05-27T07:55:15.047+0000] {dag.py:3036} INFO - Sync 1 DAGs
[2026-05-27T07:55:15.093+0000] {processor.py:183} INFO - Processing /opt/airflow/dags/dag_crime_pipeline.py took 0.130 seconds
[2026-05-27T07:55:45.394+0000] {processor.py:161} INFO - Started process (PID=6570) to work on /opt/airflow/dags/dag_crime_pipeline.py
[2026-05-27T07:55:45.395+0000] {processor.py:830} INFO - Processing file /opt/airflow/dags/dag_crime_pipeline.py for tasks to queue
[2026-05-27T07:55:45.398+0000] {logging_mixin.py:188} INFO - [2026-05-27T07:55:45.398+0000] {dagbag.py:538} INFO - Filling up the DagBag from /opt/airflow/dags/dag_crime_pipeline.py
[2026-05-27T07:55:45.442+0000] {processor.py:840} INFO - DAG(s) 'crime_analytics_pipeline' retrieved from /opt/airflow/dags/dag_crime_pipeline.py
[2026-05-27T07:55:45.480+0000] {logging_mixin.py:188} INFO - [2026-05-27T07:55:45.479+0000] {dag.py:3036} INFO - Sync 1 DAGs
[2026-05-27T07:55:45.544+0000] {processor.py:183} INFO - Processing /opt/airflow/dags/dag_crime_pipeline.py took 0.155 seconds
[2026-05-27T07:56:15.777+0000] {processor.py:161} INFO - Started process (PID=6575) to work on /opt/airflow/dags/dag_crime_pipeline.py
[2026-05-27T07:56:15.779+0000] {processor.py:830} INFO - Processing file /opt/airflow/dags/dag_crime_pipeline.py for tasks to queue
[2026-05-27T07:56:15.781+0000] {logging_mixin.py:188} INFO - [2026-05-27T07:56:15.781+0000] {dagbag.py:538} INFO - Filling up the DagBag from /opt/airflow/dags/dag_crime_pipeline.py
[2026-05-27T07:56:15.826+0000] {processor.py:840} INFO - DAG(s) 'crime_analytics_pipeline' retrieved from /opt/airflow/dags/dag_crime_pipeline.py
[2026-05-27T07:56:15.855+0000] {logging_mixin.py:188} INFO - [2026-05-27T07:56:15.855+0000] {dag.py:3036} INFO - Sync 1 DAGs
[2026-05-27T07:56:15.895+0000] {processor.py:183} INFO - Processing /opt/airflow/dags/dag_crime_pipeline.py took 0.123 seconds
[2026-05-27T07:56:46.223+0000] {processor.py:161} INFO - Started process (PID=6580) to work on /opt/airflow/dags/dag_crime_pipeline.py
[2026-05-27T07:56:46.225+0000] {processor.py:830} INFO - Processing file /opt/airflow/dags/dag_crime_pipeline.py for tasks to queue
[2026-05-27T07:56:46.229+0000] {logging_mixin.py:188} INFO - [2026-05-27T07:56:46.229+0000] {dagbag.py:538} INFO - Filling up the DagBag from /opt/airflow/dags/dag_crime_pipeline.py
[2026-05-27T07:56:46.271+0000] {processor.py:840} INFO - DAG(s) 'crime_analytics_pipeline' retrieved from /opt/airflow/dags/dag_crime_pipeline.py
[2026-05-27T07:56:46.304+0000] {logging_mixin.py:188} INFO - [2026-05-27T07:56:46.304+0000] {dag.py:3036} INFO - Sync 1 DAGs
[2026-05-27T07:56:46.343+0000] {processor.py:183} INFO - Processing /opt/airflow/dags/dag_crime_pipeline.py took 0.125 seconds
[2026-05-27T07:57:16.632+0000] {processor.py:161} INFO - Started process (PID=6585) to work on /opt/airflow/dags/dag_crime_pipeline.py
[2026-05-27T07:57:16.634+0000] {processor.py:830} INFO - Processing file /opt/airflow/dags/dag_crime_pipeline.py for tasks to queue
[2026-05-27T07:57:16.636+0000] {logging_mixin.py:188} INFO - [2026-05-27T07:57:16.636+0000] {dagbag.py:538} INFO - Filling up the DagBag from /opt/airflow/dags/dag_crime_pipeline.py
[2026-05-27T07:57:16.677+0000] {processor.py:840} INFO - DAG(s) 'crime_analytics_pipeline' retrieved from /opt/airflow/dags/dag_crime_pipeline.py
[2026-05-27T07:57:16.707+0000] {logging_mixin.py:188} INFO - [2026-05-27T07:57:16.706+0000] {dag.py:3036} INFO - Sync 1 DAGs
[2026-05-27T07:57:16.758+0000] {processor.py:183} INFO - Processing /opt/airflow/dags/dag_crime_pipeline.py took 0.129 seconds
[2026-05-27T07:57:46.970+0000] {processor.py:161} INFO - Started process (PID=6590) to work on /opt/airflow/dags/dag_crime_pipeline.py
[2026-05-27T07:57:46.972+0000] {processor.py:830} INFO - Processing file /opt/airflow/dags/dag_crime_pipeline.py for tasks to queue
[2026-05-27T07:57:46.975+0000] {logging_mixin.py:188} INFO - [2026-05-27T07:57:46.974+0000] {dagbag.py:538} INFO - Filling up the DagBag from /opt/airflow/dags/dag_crime_pipeline.py
[2026-05-27T07:57:47.015+0000] {processor.py:840} INFO - DAG(s) 'crime_analytics_pipeline' retrieved from /opt/airflow/dags/dag_crime_pipeline.py
[2026-05-27T07:57:47.049+0000] {logging_mixin.py:188} INFO - [2026-05-27T07:57:47.049+0000] {dag.py:3036} INFO - Sync 1 DAGs
[2026-05-27T07:57:47.107+0000] {processor.py:183} INFO - Processing /opt/airflow/dags/dag_crime_pipeline.py took 0.142 seconds
[2026-05-27T07:58:17.445+0000] {processor.py:161} INFO - Started process (PID=6595) to work on /opt/airflow/dags/dag_crime_pipeline.py
[2026-05-27T07:58:17.447+0000] {processor.py:830} INFO - Processing file /opt/airflow/dags/dag_crime_pipeline.py for tasks to queue
[2026-05-27T07:58:17.449+0000] {logging_mixin.py:188} INFO - [2026-05-27T07:58:17.449+0000] {dagbag.py:538} INFO - Filling up the DagBag from /opt/airflow/dags/dag_crime_pipeline.py
[2026-05-27T07:58:17.497+0000] {processor.py:840} INFO - DAG(s) 'crime_analytics_pipeline' retrieved from /opt/airflow/dags/dag_crime_pipeline.py
[2026-05-27T07:58:17.530+0000] {logging_mixin.py:188} INFO - [2026-05-27T07:58:17.530+0000] {dag.py:3036} INFO - Sync 1 DAGs
[2026-05-27T07:58:17.573+0000] {processor.py:183} INFO - Processing /opt/airflow/dags/dag_crime_pipeline.py took 0.132 seconds
[2026-05-27T07:58:47.783+0000] {processor.py:161} INFO - Started process (PID=6600) to work on /opt/airflow/dags/dag_crime_pipeline.py
[2026-05-27T07:58:47.785+0000] {processor.py:830} INFO - Processing file /opt/airflow/dags/dag_crime_pipeline.py for tasks to queue
[2026-05-27T07:58:47.787+0000] {logging_mixin.py:188} INFO - [2026-05-27T07:58:47.786+0000] {dagbag.py:538} INFO - Filling up the DagBag from /opt/airflow/dags/dag_crime_pipeline.py
[2026-05-27T07:58:47.824+0000] {processor.py:840} INFO - DAG(s) 'crime_analytics_pipeline' retrieved from /opt/airflow/dags/dag_crime_pipeline.py
[2026-05-27T07:58:47.856+0000] {logging_mixin.py:188} INFO - [2026-05-27T07:58:47.855+0000] {dag.py:3036} INFO - Sync 1 DAGs
[2026-05-27T07:58:47.894+0000] {processor.py:183} INFO - Processing /opt/airflow/dags/dag_crime_pipeline.py took 0.114 seconds
[2026-05-27T07:59:18.235+0000] {processor.py:161} INFO - Started process (PID=6605) to work on /opt/airflow/dags/dag_crime_pipeline.py
[2026-05-27T07:59:18.236+0000] {processor.py:830} INFO - Processing file /opt/airflow/dags/dag_crime_pipeline.py for tasks to queue
[2026-05-27T07:59:18.239+0000] {logging_mixin.py:188} INFO - [2026-05-27T07:59:18.238+0000] {dagbag.py:538} INFO - Filling up the DagBag from /opt/airflow/dags/dag_crime_pipeline.py
[2026-05-27T07:59:18.278+0000] {processor.py:840} INFO - DAG(s) 'crime_analytics_pipeline' retrieved from /opt/airflow/dags/dag_crime_pipeline.py
[2026-05-27T07:59:18.314+0000] {logging_mixin.py:188} INFO - [2026-05-27T07:59:18.314+0000] {dag.py:3036} INFO - Sync 1 DAGs
[2026-05-27T07:59:18.375+0000] {processor.py:183} INFO - Processing /opt/airflow/dags/dag_crime_pipeline.py took 0.144 seconds
[2026-05-27T07:59:48.559+0000] {processor.py:161} INFO - Started process (PID=6610) to work on /opt/airflow/dags/dag_crime_pipeline.py
[2026-05-27T07:59:48.561+0000] {processor.py:830} INFO - Processing file /opt/airflow/dags/dag_crime_pipeline.py for tasks to queue
[2026-05-27T07:59:48.564+0000] {logging_mixin.py:188} INFO - [2026-05-27T07:59:48.564+0000] {dagbag.py:538} INFO - Filling up the DagBag from /opt/airflow/dags/dag_crime_pipeline.py
[2026-05-27T07:59:48.606+0000] {processor.py:840} INFO - DAG(s) 'crime_analytics_pipeline' retrieved from /opt/airflow/dags/dag_crime_pipeline.py
[2026-05-27T07:59:48.641+0000] {logging_mixin.py:188} INFO - [2026-05-27T07:59:48.641+0000] {dag.py:3036} INFO - Sync 1 DAGs
[2026-05-27T07:59:48.681+0000] {processor.py:183} INFO - Processing /opt/airflow/dags/dag_crime_pipeline.py took 0.127 seconds
[2026-05-27T08:00:19.037+0000] {processor.py:161} INFO - Started process (PID=6615) to work on /opt/airflow/dags/dag_crime_pipeline.py
[2026-05-27T08:00:19.038+0000] {processor.py:830} INFO - Processing file /opt/airflow/dags/dag_crime_pipeline.py for tasks to queue
[2026-05-27T08:00:19.041+0000] {logging_mixin.py:188} INFO - [2026-05-27T08:00:19.040+0000] {dagbag.py:538} INFO - Filling up the DagBag from /opt/airflow/dags/dag_crime_pipeline.py
[2026-05-27T08:00:19.082+0000] {processor.py:840} INFO - DAG(s) 'crime_analytics_pipeline' retrieved from /opt/airflow/dags/dag_crime_pipeline.py
[2026-05-27T08:00:19.132+0000] {logging_mixin.py:188} INFO - [2026-05-27T08:00:19.132+0000] {dag.py:3036} INFO - Sync 1 DAGs
[2026-05-27T08:00:19.191+0000] {processor.py:183} INFO - Processing /opt/airflow/dags/dag_crime_pipeline.py took 0.159 seconds
[2026-05-27T08:00:49.378+0000] {processor.py:161} INFO - Started process (PID=6620) to work on /opt/airflow/dags/dag_crime_pipeline.py
[2026-05-27T08:00:49.379+0000] {processor.py:830} INFO - Processing file /opt/airflow/dags/dag_crime_pipeline.py for tasks to queue
[2026-05-27T08:00:49.383+0000] {logging_mixin.py:188} INFO - [2026-05-27T08:00:49.382+0000] {dagbag.py:538} INFO - Filling up the DagBag from /opt/airflow/dags/dag_crime_pipeline.py
[2026-05-27T08:00:49.424+0000] {processor.py:840} INFO - DAG(s) 'crime_analytics_pipeline' retrieved from /opt/airflow/dags/dag_crime_pipeline.py
[2026-05-27T08:00:49.458+0000] {logging_mixin.py:188} INFO - [2026-05-27T08:00:49.457+0000] {dag.py:3036} INFO - Sync 1 DAGs
[2026-05-27T08:00:49.502+0000] {processor.py:183} INFO - Processing /opt/airflow/dags/dag_crime_pipeline.py took 0.128 seconds
[2026-05-27T08:01:19.874+0000] {processor.py:161} INFO - Started process (PID=6625) to work on /opt/airflow/dags/dag_crime_pipeline.py
[2026-05-27T08:01:19.875+0000] {processor.py:830} INFO - Processing file /opt/airflow/dags/dag_crime_pipeline.py for tasks to queue
[2026-05-27T08:01:19.878+0000] {logging_mixin.py:188} INFO - [2026-05-27T08:01:19.878+0000] {dagbag.py:538} INFO - Filling up the DagBag from /opt/airflow/dags/dag_crime_pipeline.py
[2026-05-27T08:01:19.916+0000] {processor.py:840} INFO - DAG(s) 'crime_analytics_pipeline' retrieved from /opt/airflow/dags/dag_crime_pipeline.py
[2026-05-27T08:01:19.948+0000] {logging_mixin.py:188} INFO - [2026-05-27T08:01:19.947+0000] {dag.py:3036} INFO - Sync 1 DAGs
[2026-05-27T08:01:20.010+0000] {processor.py:183} INFO - Processing /opt/airflow/dags/dag_crime_pipeline.py took 0.140 seconds
[2026-05-27T08:01:50.234+0000] {processor.py:161} INFO - Started process (PID=6630) to work on /opt/airflow/dags/dag_crime_pipeline.py
[2026-05-27T08:01:50.236+0000] {processor.py:830} INFO - Processing file /opt/airflow/dags/dag_crime_pipeline.py for tasks to queue
[2026-05-27T08:01:50.238+0000] {logging_mixin.py:188} INFO - [2026-05-27T08:01:50.238+0000] {dagbag.py:538} INFO - Filling up the DagBag from /opt/airflow/dags/dag_crime_pipeline.py
[2026-05-27T08:01:50.277+0000] {processor.py:840} INFO - DAG(s) 'crime_analytics_pipeline' retrieved from /opt/airflow/dags/dag_crime_pipeline.py
[2026-05-27T08:01:50.309+0000] {logging_mixin.py:188} INFO - [2026-05-27T08:01:50.308+0000] {dag.py:3036} INFO - Sync 1 DAGs
[2026-05-27T08:01:50.358+0000] {processor.py:183} INFO - Processing /opt/airflow/dags/dag_crime_pipeline.py took 0.129 seconds
[2026-05-27T08:02:20.779+0000] {processor.py:161} INFO - Started process (PID=6635) to work on /opt/airflow/dags/dag_crime_pipeline.py
[2026-05-27T08:02:20.780+0000] {processor.py:830} INFO - Processing file /opt/airflow/dags/dag_crime_pipeline.py for tasks to queue
[2026-05-27T08:02:20.783+0000] {logging_mixin.py:188} INFO - [2026-05-27T08:02:20.783+0000] {dagbag.py:538} INFO - Filling up the DagBag from /opt/airflow/dags/dag_crime_pipeline.py
[2026-05-27T08:02:20.829+0000] {processor.py:840} INFO - DAG(s) 'crime_analytics_pipeline' retrieved from /opt/airflow/dags/dag_crime_pipeline.py
[2026-05-27T08:02:20.863+0000] {logging_mixin.py:188} INFO - [2026-05-27T08:02:20.863+0000] {dag.py:3036} INFO - Sync 1 DAGs
[2026-05-27T08:02:20.902+0000] {processor.py:183} INFO - Processing /opt/airflow/dags/dag_crime_pipeline.py took 0.129 seconds
[2026-05-27T08:02:51.095+0000] {processor.py:161} INFO - Started process (PID=6640) to work on /opt/airflow/dags/dag_crime_pipeline.py
[2026-05-27T08:02:51.097+0000] {processor.py:830} INFO - Processing file /opt/airflow/dags/dag_crime_pipeline.py for tasks to queue
[2026-05-27T08:02:51.099+0000] {logging_mixin.py:188} INFO - [2026-05-27T08:02:51.099+0000] {dagbag.py:538} INFO - Filling up the DagBag from /opt/airflow/dags/dag_crime_pipeline.py
[2026-05-27T08:02:51.140+0000] {processor.py:840} INFO - DAG(s) 'crime_analytics_pipeline' retrieved from /opt/airflow/dags/dag_crime_pipeline.py
[2026-05-27T08:02:51.173+0000] {logging_mixin.py:188} INFO - [2026-05-27T08:02:51.172+0000] {dag.py:3036} INFO - Sync 1 DAGs
[2026-05-27T08:02:51.222+0000] {processor.py:183} INFO - Processing /opt/airflow/dags/dag_crime_pipeline.py took 0.130 seconds
[2026-05-27T08:03:21.568+0000] {processor.py:161} INFO - Started process (PID=6645) to work on /opt/airflow/dags/dag_crime_pipeline.py
[2026-05-27T08:03:21.570+0000] {processor.py:830} INFO - Processing file /opt/airflow/dags/dag_crime_pipeline.py for tasks to queue
[2026-05-27T08:03:21.574+0000] {logging_mixin.py:188} INFO - [2026-05-27T08:03:21.573+0000] {dagbag.py:538} INFO - Filling up the DagBag from /opt/airflow/dags/dag_crime_pipeline.py
[2026-05-27T08:03:21.618+0000] {processor.py:840} INFO - DAG(s) 'crime_analytics_pipeline' retrieved from /opt/airflow/dags/dag_crime_pipeline.py
[2026-05-27T08:03:21.664+0000] {logging_mixin.py:188} INFO - [2026-05-27T08:03:21.664+0000] {dag.py:3036} INFO - Sync 1 DAGs
[2026-05-27T08:03:21.715+0000] {processor.py:183} INFO - Processing /opt/airflow/dags/dag_crime_pipeline.py took 0.151 seconds
[2026-05-27T08:03:51.893+0000] {processor.py:161} INFO - Started process (PID=6650) to work on /opt/airflow/dags/dag_crime_pipeline.py
[2026-05-27T08:03:51.895+0000] {processor.py:830} INFO - Processing file /opt/airflow/dags/dag_crime_pipeline.py for tasks to queue
[2026-05-27T08:03:51.898+0000] {logging_mixin.py:188} INFO - [2026-05-27T08:03:51.897+0000] {dagbag.py:538} INFO - Filling up the DagBag from /opt/airflow/dags/dag_crime_pipeline.py
[2026-05-27T08:03:51.940+0000] {processor.py:840} INFO - DAG(s) 'crime_analytics_pipeline' retrieved from /opt/airflow/dags/dag_crime_pipeline.py
[2026-05-27T08:03:51.981+0000] {logging_mixin.py:188} INFO - [2026-05-27T08:03:51.981+0000] {dag.py:3036} INFO - Sync 1 DAGs
[2026-05-27T08:03:52.023+0000] {processor.py:183} INFO - Processing /opt/airflow/dags/dag_crime_pipeline.py took 0.136 seconds
[2026-05-27T08:04:22.394+0000] {processor.py:161} INFO - Started process (PID=6655) to work on /opt/airflow/dags/dag_crime_pipeline.py
[2026-05-27T08:04:22.395+0000] {processor.py:830} INFO - Processing file /opt/airflow/dags/dag_crime_pipeline.py for tasks to queue
[2026-05-27T08:04:22.398+0000] {logging_mixin.py:188} INFO - [2026-05-27T08:04:22.398+0000] {dagbag.py:538} INFO - Filling up the DagBag from /opt/airflow/dags/dag_crime_pipeline.py
[2026-05-27T08:04:22.439+0000] {processor.py:840} INFO - DAG(s) 'crime_analytics_pipeline' retrieved from /opt/airflow/dags/dag_crime_pipeline.py
[2026-05-27T08:04:22.473+0000] {logging_mixin.py:188} INFO - [2026-05-27T08:04:22.473+0000] {dag.py:3036} INFO - Sync 1 DAGs
[2026-05-27T08:04:22.517+0000] {processor.py:183} INFO - Processing /opt/airflow/dags/dag_crime_pipeline.py took 0.128 seconds
[2026-05-27T08:04:52.724+0000] {processor.py:161} INFO - Started process (PID=6660) to work on /opt/airflow/dags/dag_crime_pipeline.py
[2026-05-27T08:04:52.725+0000] {processor.py:830} INFO - Processing file /opt/airflow/dags/dag_crime_pipeline.py for tasks to queue
[2026-05-27T08:04:52.728+0000] {logging_mixin.py:188} INFO - [2026-05-27T08:04:52.728+0000] {dagbag.py:538} INFO - Filling up the DagBag from /opt/airflow/dags/dag_crime_pipeline.py
[2026-05-27T08:04:52.765+0000] {processor.py:840} INFO - DAG(s) 'crime_analytics_pipeline' retrieved from /opt/airflow/dags/dag_crime_pipeline.py
[2026-05-27T08:04:52.797+0000] {logging_mixin.py:188} INFO - [2026-05-27T08:04:52.797+0000] {dag.py:3036} INFO - Sync 1 DAGs
[2026-05-27T08:04:52.856+0000] {processor.py:183} INFO - Processing /opt/airflow/dags/dag_crime_pipeline.py took 0.137 seconds
[2026-05-27T08:05:23.209+0000] {processor.py:161} INFO - Started process (PID=6665) to work on /opt/airflow/dags/dag_crime_pipeline.py
[2026-05-27T08:05:23.211+0000] {processor.py:830} INFO - Processing file /opt/airflow/dags/dag_crime_pipeline.py for tasks to queue
[2026-05-27T08:05:23.214+0000] {logging_mixin.py:188} INFO - [2026-05-27T08:05:23.213+0000] {dagbag.py:538} INFO - Filling up the DagBag from /opt/airflow/dags/dag_crime_pipeline.py
[2026-05-27T08:05:23.258+0000] {processor.py:840} INFO - DAG(s) 'crime_analytics_pipeline' retrieved from /opt/airflow/dags/dag_crime_pipeline.py
[2026-05-27T08:05:23.292+0000] {logging_mixin.py:188} INFO - [2026-05-27T08:05:23.292+0000] {dag.py:3036} INFO - Sync 1 DAGs
[2026-05-27T08:05:23.354+0000] {processor.py:183} INFO - Processing /opt/airflow/dags/dag_crime_pipeline.py took 0.150 seconds
[2026-05-27T08:05:53.533+0000] {processor.py:161} INFO - Started process (PID=6670) to work on /opt/airflow/dags/dag_crime_pipeline.py
[2026-05-27T08:05:53.535+0000] {processor.py:830} INFO - Processing file /opt/airflow/dags/dag_crime_pipeline.py for tasks to queue
[2026-05-27T08:05:53.537+0000] {logging_mixin.py:188} INFO - [2026-05-27T08:05:53.537+0000] {dagbag.py:538} INFO - Filling up the DagBag from /opt/airflow/dags/dag_crime_pipeline.py
[2026-05-27T08:05:53.581+0000] {processor.py:840} INFO - DAG(s) 'crime_analytics_pipeline' retrieved from /opt/airflow/dags/dag_crime_pipeline.py
[2026-05-27T08:05:53.617+0000] {logging_mixin.py:188} INFO - [2026-05-27T08:05:53.616+0000] {dag.py:3036} INFO - Sync 1 DAGs
[2026-05-27T08:05:53.678+0000] {processor.py:183} INFO - Processing /opt/airflow/dags/dag_crime_pipeline.py took 0.149 seconds
[2026-05-27T08:06:24.000+0000] {processor.py:161} INFO - Started process (PID=6675) to work on /opt/airflow/dags/dag_crime_pipeline.py
[2026-05-27T08:06:24.001+0000] {processor.py:830} INFO - Processing file /opt/airflow/dags/dag_crime_pipeline.py for tasks to queue
[2026-05-27T08:06:24.005+0000] {logging_mixin.py:188} INFO - [2026-05-27T08:06:24.004+0000] {dagbag.py:538} INFO - Filling up the DagBag from /opt/airflow/dags/dag_crime_pipeline.py
[2026-05-27T08:06:24.045+0000] {processor.py:840} INFO - DAG(s) 'crime_analytics_pipeline' retrieved from /opt/airflow/dags/dag_crime_pipeline.py
[2026-05-27T08:06:24.076+0000] {logging_mixin.py:188} INFO - [2026-05-27T08:06:24.075+0000] {dag.py:3036} INFO - Sync 1 DAGs
[2026-05-27T08:06:24.117+0000] {processor.py:183} INFO - Processing /opt/airflow/dags/dag_crime_pipeline.py took 0.121 seconds
[2026-05-27T08:06:54.354+0000] {processor.py:161} INFO - Started process (PID=6680) to work on /opt/airflow/dags/dag_crime_pipeline.py
[2026-05-27T08:06:54.355+0000] {processor.py:830} INFO - Processing file /opt/airflow/dags/dag_crime_pipeline.py for tasks to queue
[2026-05-27T08:06:54.359+0000] {logging_mixin.py:188} INFO - [2026-05-27T08:06:54.358+0000] {dagbag.py:538} INFO - Filling up the DagBag from /opt/airflow/dags/dag_crime_pipeline.py
[2026-05-27T08:06:54.400+0000] {processor.py:840} INFO - DAG(s) 'crime_analytics_pipeline' retrieved from /opt/airflow/dags/dag_crime_pipeline.py
[2026-05-27T08:06:54.434+0000] {logging_mixin.py:188} INFO - [2026-05-27T08:06:54.434+0000] {dag.py:3036} INFO - Sync 1 DAGs
[2026-05-27T08:06:54.476+0000] {processor.py:183} INFO - Processing /opt/airflow/dags/dag_crime_pipeline.py took 0.128 seconds
[2026-05-27T08:07:24.892+0000] {processor.py:161} INFO - Started process (PID=6685) to work on /opt/airflow/dags/dag_crime_pipeline.py
[2026-05-27T08:07:24.893+0000] {processor.py:830} INFO - Processing file /opt/airflow/dags/dag_crime_pipeline.py for tasks to queue
[2026-05-27T08:07:24.896+0000] {logging_mixin.py:188} INFO - [2026-05-27T08:07:24.896+0000] {dagbag.py:538} INFO - Filling up the DagBag from /opt/airflow/dags/dag_crime_pipeline.py
[2026-05-27T08:07:24.934+0000] {processor.py:840} INFO - DAG(s) 'crime_analytics_pipeline' retrieved from /opt/airflow/dags/dag_crime_pipeline.py
[2026-05-27T08:07:24.969+0000] {logging_mixin.py:188} INFO - [2026-05-27T08:07:24.968+0000] {dag.py:3036} INFO - Sync 1 DAGs
[2026-05-27T08:07:25.032+0000] {processor.py:183} INFO - Processing /opt/airflow/dags/dag_crime_pipeline.py took 0.145 seconds
[2026-05-27T08:07:55.245+0000] {processor.py:161} INFO - Started process (PID=6690) to work on /opt/airflow/dags/dag_crime_pipeline.py
[2026-05-27T08:07:55.247+0000] {processor.py:830} INFO - Processing file /opt/airflow/dags/dag_crime_pipeline.py for tasks to queue
[2026-05-27T08:07:55.250+0000] {logging_mixin.py:188} INFO - [2026-05-27T08:07:55.249+0000] {dagbag.py:538} INFO - Filling up the DagBag from /opt/airflow/dags/dag_crime_pipeline.py
[2026-05-27T08:07:55.292+0000] {processor.py:840} INFO - DAG(s) 'crime_analytics_pipeline' retrieved from /opt/airflow/dags/dag_crime_pipeline.py
[2026-05-27T08:07:55.324+0000] {logging_mixin.py:188} INFO - [2026-05-27T08:07:55.324+0000] {dag.py:3036} INFO - Sync 1 DAGs
[2026-05-27T08:07:55.384+0000] {processor.py:183} INFO - Processing /opt/airflow/dags/dag_crime_pipeline.py took 0.144 seconds
[2026-05-27T08:08:25.704+0000] {processor.py:161} INFO - Started process (PID=6695) to work on /opt/airflow/dags/dag_crime_pipeline.py
[2026-05-27T08:08:25.706+0000] {processor.py:830} INFO - Processing file /opt/airflow/dags/dag_crime_pipeline.py for tasks to queue
[2026-05-27T08:08:25.710+0000] {logging_mixin.py:188} INFO - [2026-05-27T08:08:25.709+0000] {dagbag.py:538} INFO - Filling up the DagBag from /opt/airflow/dags/dag_crime_pipeline.py
[2026-05-27T08:08:25.764+0000] {processor.py:840} INFO - DAG(s) 'crime_analytics_pipeline' retrieved from /opt/airflow/dags/dag_crime_pipeline.py
[2026-05-27T08:08:25.800+0000] {logging_mixin.py:188} INFO - [2026-05-27T08:08:25.800+0000] {dag.py:3036} INFO - Sync 1 DAGs
[2026-05-27T08:08:25.838+0000] {processor.py:183} INFO - Processing /opt/airflow/dags/dag_crime_pipeline.py took 0.138 seconds
[2026-05-27T08:08:56.089+0000] {processor.py:161} INFO - Started process (PID=6700) to work on /opt/airflow/dags/dag_crime_pipeline.py
[2026-05-27T08:08:56.091+0000] {processor.py:830} INFO - Processing file /opt/airflow/dags/dag_crime_pipeline.py for tasks to queue
[2026-05-27T08:08:56.095+0000] {logging_mixin.py:188} INFO - [2026-05-27T08:08:56.095+0000] {dagbag.py:538} INFO - Filling up the DagBag from /opt/airflow/dags/dag_crime_pipeline.py
[2026-05-27T08:08:56.134+0000] {processor.py:840} INFO - DAG(s) 'crime_analytics_pipeline' retrieved from /opt/airflow/dags/dag_crime_pipeline.py
[2026-05-27T08:08:56.166+0000] {logging_mixin.py:188} INFO - [2026-05-27T08:08:56.165+0000] {dag.py:3036} INFO - Sync 1 DAGs
[2026-05-27T08:08:56.208+0000] {processor.py:183} INFO - Processing /opt/airflow/dags/dag_crime_pipeline.py took 0.125 seconds
[2026-05-27T08:09:26.518+0000] {processor.py:161} INFO - Started process (PID=6705) to work on /opt/airflow/dags/dag_crime_pipeline.py
[2026-05-27T08:09:26.520+0000] {processor.py:830} INFO - Processing file /opt/airflow/dags/dag_crime_pipeline.py for tasks to queue
[2026-05-27T08:09:26.523+0000] {logging_mixin.py:188} INFO - [2026-05-27T08:09:26.523+0000] {dagbag.py:538} INFO - Filling up the DagBag from /opt/airflow/dags/dag_crime_pipeline.py
[2026-05-27T08:09:26.562+0000] {processor.py:840} INFO - DAG(s) 'crime_analytics_pipeline' retrieved from /opt/airflow/dags/dag_crime_pipeline.py
[2026-05-27T08:09:26.599+0000] {logging_mixin.py:188} INFO - [2026-05-27T08:09:26.599+0000] {dag.py:3036} INFO - Sync 1 DAGs
[2026-05-27T08:09:26.643+0000] {processor.py:183} INFO - Processing /opt/airflow/dags/dag_crime_pipeline.py took 0.128 seconds
[2026-05-27T08:09:56.936+0000] {processor.py:161} INFO - Started process (PID=6710) to work on /opt/airflow/dags/dag_crime_pipeline.py
[2026-05-27T08:09:56.937+0000] {processor.py:830} INFO - Processing file /opt/airflow/dags/dag_crime_pipeline.py for tasks to queue
[2026-05-27T08:09:56.941+0000] {logging_mixin.py:188} INFO - [2026-05-27T08:09:56.940+0000] {dagbag.py:538} INFO - Filling up the DagBag from /opt/airflow/dags/dag_crime_pipeline.py
[2026-05-27T08:09:56.986+0000] {processor.py:840} INFO - DAG(s) 'crime_analytics_pipeline' retrieved from /opt/airflow/dags/dag_crime_pipeline.py
[2026-05-27T08:09:57.018+0000] {logging_mixin.py:188} INFO - [2026-05-27T08:09:57.018+0000] {dag.py:3036} INFO - Sync 1 DAGs
[2026-05-27T08:09:57.085+0000] {processor.py:183} INFO - Processing /opt/airflow/dags/dag_crime_pipeline.py took 0.155 seconds
[2026-05-27T08:10:27.391+0000] {processor.py:161} INFO - Started process (PID=6715) to work on /opt/airflow/dags/dag_crime_pipeline.py
[2026-05-27T08:10:27.392+0000] {processor.py:830} INFO - Processing file /opt/airflow/dags/dag_crime_pipeline.py for tasks to queue
[2026-05-27T08:10:27.395+0000] {logging_mixin.py:188} INFO - [2026-05-27T08:10:27.395+0000] {dagbag.py:538} INFO - Filling up the DagBag from /opt/airflow/dags/dag_crime_pipeline.py
[2026-05-27T08:10:27.436+0000] {processor.py:840} INFO - DAG(s) 'crime_analytics_pipeline' retrieved from /opt/airflow/dags/dag_crime_pipeline.py
[2026-05-27T08:10:27.469+0000] {logging_mixin.py:188} INFO - [2026-05-27T08:10:27.469+0000] {dag.py:3036} INFO - Sync 1 DAGs
[2026-05-27T08:10:27.506+0000] {processor.py:183} INFO - Processing /opt/airflow/dags/dag_crime_pipeline.py took 0.120 seconds
[2026-05-27T08:10:57.780+0000] {processor.py:161} INFO - Started process (PID=6720) to work on /opt/airflow/dags/dag_crime_pipeline.py
[2026-05-27T08:10:57.782+0000] {processor.py:830} INFO - Processing file /opt/airflow/dags/dag_crime_pipeline.py for tasks to queue
[2026-05-27T08:10:57.785+0000] {logging_mixin.py:188} INFO - [2026-05-27T08:10:57.784+0000] {dagbag.py:538} INFO - Filling up the DagBag from /opt/airflow/dags/dag_crime_pipeline.py
[2026-05-27T08:10:57.825+0000] {processor.py:840} INFO - DAG(s) 'crime_analytics_pipeline' retrieved from /opt/airflow/dags/dag_crime_pipeline.py
[2026-05-27T08:10:57.864+0000] {logging_mixin.py:188} INFO - [2026-05-27T08:10:57.864+0000] {dag.py:3036} INFO - Sync 1 DAGs
[2026-05-27T08:10:57.925+0000] {processor.py:183} INFO - Processing /opt/airflow/dags/dag_crime_pipeline.py took 0.149 seconds
[2026-05-27T08:11:28.268+0000] {processor.py:161} INFO - Started process (PID=6725) to work on /opt/airflow/dags/dag_crime_pipeline.py
[2026-05-27T08:11:28.270+0000] {processor.py:830} INFO - Processing file /opt/airflow/dags/dag_crime_pipeline.py for tasks to queue
[2026-05-27T08:11:28.272+0000] {logging_mixin.py:188} INFO - [2026-05-27T08:11:28.272+0000] {dagbag.py:538} INFO - Filling up the DagBag from /opt/airflow/dags/dag_crime_pipeline.py
[2026-05-27T08:11:28.316+0000] {processor.py:840} INFO - DAG(s) 'crime_analytics_pipeline' retrieved from /opt/airflow/dags/dag_crime_pipeline.py
[2026-05-27T08:11:28.360+0000] {logging_mixin.py:188} INFO - [2026-05-27T08:11:28.358+0000] {dag.py:3036} INFO - Sync 1 DAGs
[2026-05-27T08:11:28.424+0000] {processor.py:183} INFO - Processing /opt/airflow/dags/dag_crime_pipeline.py took 0.160 seconds
[2026-05-27T08:11:58.635+0000] {processor.py:161} INFO - Started process (PID=6730) to work on /opt/airflow/dags/dag_crime_pipeline.py
[2026-05-27T08:11:58.636+0000] {processor.py:830} INFO - Processing file /opt/airflow/dags/dag_crime_pipeline.py for tasks to queue
[2026-05-27T08:11:58.639+0000] {logging_mixin.py:188} INFO - [2026-05-27T08:11:58.638+0000] {dagbag.py:538} INFO - Filling up the DagBag from /opt/airflow/dags/dag_crime_pipeline.py
[2026-05-27T08:11:58.676+0000] {processor.py:840} INFO - DAG(s) 'crime_analytics_pipeline' retrieved from /opt/airflow/dags/dag_crime_pipeline.py
[2026-05-27T08:11:58.707+0000] {logging_mixin.py:188} INFO - [2026-05-27T08:11:58.707+0000] {dag.py:3036} INFO - Sync 1 DAGs
[2026-05-27T08:11:58.762+0000] {processor.py:183} INFO - Processing /opt/airflow/dags/dag_crime_pipeline.py took 0.131 seconds
[2026-05-27T08:12:29.048+0000] {processor.py:161} INFO - Started process (PID=6735) to work on /opt/airflow/dags/dag_crime_pipeline.py
[2026-05-27T08:12:29.050+0000] {processor.py:830} INFO - Processing file /opt/airflow/dags/dag_crime_pipeline.py for tasks to queue
[2026-05-27T08:12:29.052+0000] {logging_mixin.py:188} INFO - [2026-05-27T08:12:29.051+0000] {dagbag.py:538} INFO - Filling up the DagBag from /opt/airflow/dags/dag_crime_pipeline.py
[2026-05-27T08:12:29.101+0000] {processor.py:840} INFO - DAG(s) 'crime_analytics_pipeline' retrieved from /opt/airflow/dags/dag_crime_pipeline.py
[2026-05-27T08:12:29.130+0000] {logging_mixin.py:188} INFO - [2026-05-27T08:12:29.130+0000] {dag.py:3036} INFO - Sync 1 DAGs
[2026-05-27T08:12:29.190+0000] {processor.py:183} INFO - Processing /opt/airflow/dags/dag_crime_pipeline.py took 0.146 seconds
[2026-05-27T08:12:59.477+0000] {processor.py:161} INFO - Started process (PID=6740) to work on /opt/airflow/dags/dag_crime_pipeline.py
[2026-05-27T08:12:59.479+0000] {processor.py:830} INFO - Processing file /opt/airflow/dags/dag_crime_pipeline.py for tasks to queue
[2026-05-27T08:12:59.483+0000] {logging_mixin.py:188} INFO - [2026-05-27T08:12:59.482+0000] {dagbag.py:538} INFO - Filling up the DagBag from /opt/airflow/dags/dag_crime_pipeline.py
[2026-05-27T08:12:59.522+0000] {processor.py:840} INFO - DAG(s) 'crime_analytics_pipeline' retrieved from /opt/airflow/dags/dag_crime_pipeline.py
[2026-05-27T08:12:59.557+0000] {logging_mixin.py:188} INFO - [2026-05-27T08:12:59.556+0000] {dag.py:3036} INFO - Sync 1 DAGs
[2026-05-27T08:12:59.604+0000] {processor.py:183} INFO - Processing /opt/airflow/dags/dag_crime_pipeline.py took 0.132 seconds
[2026-05-27T08:13:29.947+0000] {processor.py:161} INFO - Started process (PID=6745) to work on /opt/airflow/dags/dag_crime_pipeline.py
[2026-05-27T08:13:29.949+0000] {processor.py:830} INFO - Processing file /opt/airflow/dags/dag_crime_pipeline.py for tasks to queue
[2026-05-27T08:13:29.952+0000] {logging_mixin.py:188} INFO - [2026-05-27T08:13:29.952+0000] {dagbag.py:538} INFO - Filling up the DagBag from /opt/airflow/dags/dag_crime_pipeline.py
[2026-05-27T08:13:29.997+0000] {processor.py:840} INFO - DAG(s) 'crime_analytics_pipeline' retrieved from /opt/airflow/dags/dag_crime_pipeline.py
[2026-05-27T08:13:30.030+0000] {logging_mixin.py:188} INFO - [2026-05-27T08:13:30.030+0000] {dag.py:3036} INFO - Sync 1 DAGs
[2026-05-27T08:13:30.074+0000] {processor.py:183} INFO - Processing /opt/airflow/dags/dag_crime_pipeline.py took 0.132 seconds
[2026-05-27T08:14:00.273+0000] {processor.py:161} INFO - Started process (PID=6750) to work on /opt/airflow/dags/dag_crime_pipeline.py
[2026-05-27T08:14:00.274+0000] {processor.py:830} INFO - Processing file /opt/airflow/dags/dag_crime_pipeline.py for tasks to queue
[2026-05-27T08:14:00.277+0000] {logging_mixin.py:188} INFO - [2026-05-27T08:14:00.276+0000] {dagbag.py:538} INFO - Filling up the DagBag from /opt/airflow/dags/dag_crime_pipeline.py
[2026-05-27T08:14:00.317+0000] {processor.py:840} INFO - DAG(s) 'crime_analytics_pipeline' retrieved from /opt/airflow/dags/dag_crime_pipeline.py
[2026-05-27T08:14:00.352+0000] {logging_mixin.py:188} INFO - [2026-05-27T08:14:00.351+0000] {dag.py:3036} INFO - Sync 1 DAGs
[2026-05-27T08:14:00.394+0000] {processor.py:183} INFO - Processing /opt/airflow/dags/dag_crime_pipeline.py took 0.125 seconds
[2026-05-27T08:14:30.746+0000] {processor.py:161} INFO - Started process (PID=6755) to work on /opt/airflow/dags/dag_crime_pipeline.py
[2026-05-27T08:14:30.748+0000] {processor.py:830} INFO - Processing file /opt/airflow/dags/dag_crime_pipeline.py for tasks to queue
[2026-05-27T08:14:30.751+0000] {logging_mixin.py:188} INFO - [2026-05-27T08:14:30.751+0000] {dagbag.py:538} INFO - Filling up the DagBag from /opt/airflow/dags/dag_crime_pipeline.py
[2026-05-27T08:14:30.790+0000] {processor.py:840} INFO - DAG(s) 'crime_analytics_pipeline' retrieved from /opt/airflow/dags/dag_crime_pipeline.py
[2026-05-27T08:14:30.821+0000] {logging_mixin.py:188} INFO - [2026-05-27T08:14:30.821+0000] {dag.py:3036} INFO - Sync 1 DAGs
[2026-05-27T08:14:30.866+0000] {processor.py:183} INFO - Processing /opt/airflow/dags/dag_crime_pipeline.py took 0.125 seconds
[2026-05-27T08:15:01.118+0000] {processor.py:161} INFO - Started process (PID=6760) to work on /opt/airflow/dags/dag_crime_pipeline.py
[2026-05-27T08:15:01.119+0000] {processor.py:830} INFO - Processing file /opt/airflow/dags/dag_crime_pipeline.py for tasks to queue
[2026-05-27T08:15:01.122+0000] {logging_mixin.py:188} INFO - [2026-05-27T08:15:01.122+0000] {dagbag.py:538} INFO - Filling up the DagBag from /opt/airflow/dags/dag_crime_pipeline.py
[2026-05-27T08:15:01.162+0000] {processor.py:840} INFO - DAG(s) 'crime_analytics_pipeline' retrieved from /opt/airflow/dags/dag_crime_pipeline.py
[2026-05-27T08:15:01.196+0000] {logging_mixin.py:188} INFO - [2026-05-27T08:15:01.196+0000] {dag.py:3036} INFO - Sync 1 DAGs
[2026-05-27T08:15:01.242+0000] {processor.py:183} INFO - Processing /opt/airflow/dags/dag_crime_pipeline.py took 0.129 seconds
[2026-05-27T08:15:31.584+0000] {processor.py:161} INFO - Started process (PID=6765) to work on /opt/airflow/dags/dag_crime_pipeline.py
[2026-05-27T08:15:31.586+0000] {processor.py:830} INFO - Processing file /opt/airflow/dags/dag_crime_pipeline.py for tasks to queue
[2026-05-27T08:15:31.589+0000] {logging_mixin.py:188} INFO - [2026-05-27T08:15:31.588+0000] {dagbag.py:538} INFO - Filling up the DagBag from /opt/airflow/dags/dag_crime_pipeline.py
[2026-05-27T08:15:31.630+0000] {processor.py:840} INFO - DAG(s) 'crime_analytics_pipeline' retrieved from /opt/airflow/dags/dag_crime_pipeline.py
[2026-05-27T08:15:31.661+0000] {logging_mixin.py:188} INFO - [2026-05-27T08:15:31.661+0000] {dag.py:3036} INFO - Sync 1 DAGs
[2026-05-27T08:15:31.704+0000] {processor.py:183} INFO - Processing /opt/airflow/dags/dag_crime_pipeline.py took 0.123 seconds
[2026-05-27T08:16:01.956+0000] {processor.py:161} INFO - Started process (PID=6770) to work on /opt/airflow/dags/dag_crime_pipeline.py
[2026-05-27T08:16:01.957+0000] {processor.py:830} INFO - Processing file /opt/airflow/dags/dag_crime_pipeline.py for tasks to queue
[2026-05-27T08:16:01.961+0000] {logging_mixin.py:188} INFO - [2026-05-27T08:16:01.960+0000] {dagbag.py:538} INFO - Filling up the DagBag from /opt/airflow/dags/dag_crime_pipeline.py
[2026-05-27T08:16:02.004+0000] {processor.py:840} INFO - DAG(s) 'crime_analytics_pipeline' retrieved from /opt/airflow/dags/dag_crime_pipeline.py
[2026-05-27T08:16:02.041+0000] {logging_mixin.py:188} INFO - [2026-05-27T08:16:02.040+0000] {dag.py:3036} INFO - Sync 1 DAGs
[2026-05-27T08:16:02.093+0000] {processor.py:183} INFO - Processing /opt/airflow/dags/dag_crime_pipeline.py took 0.142 seconds
[2026-05-27T08:16:32.424+0000] {processor.py:161} INFO - Started process (PID=6775) to work on /opt/airflow/dags/dag_crime_pipeline.py
[2026-05-27T08:16:32.425+0000] {processor.py:830} INFO - Processing file /opt/airflow/dags/dag_crime_pipeline.py for tasks to queue
[2026-05-27T08:16:32.428+0000] {logging_mixin.py:188} INFO - [2026-05-27T08:16:32.428+0000] {dagbag.py:538} INFO - Filling up the DagBag from /opt/airflow/dags/dag_crime_pipeline.py
[2026-05-27T08:16:32.469+0000] {processor.py:840} INFO - DAG(s) 'crime_analytics_pipeline' retrieved from /opt/airflow/dags/dag_crime_pipeline.py
[2026-05-27T08:16:32.508+0000] {logging_mixin.py:188} INFO - [2026-05-27T08:16:32.507+0000] {dag.py:3036} INFO - Sync 1 DAGs
[2026-05-27T08:16:32.570+0000] {processor.py:183} INFO - Processing /opt/airflow/dags/dag_crime_pipeline.py took 0.150 seconds
[2026-05-27T08:17:02.809+0000] {processor.py:161} INFO - Started process (PID=6780) to work on /opt/airflow/dags/dag_crime_pipeline.py
[2026-05-27T08:17:02.811+0000] {processor.py:830} INFO - Processing file /opt/airflow/dags/dag_crime_pipeline.py for tasks to queue
[2026-05-27T08:17:02.814+0000] {logging_mixin.py:188} INFO - [2026-05-27T08:17:02.813+0000] {dagbag.py:538} INFO - Filling up the DagBag from /opt/airflow/dags/dag_crime_pipeline.py
[2026-05-27T08:17:02.861+0000] {processor.py:840} INFO - DAG(s) 'crime_analytics_pipeline' retrieved from /opt/airflow/dags/dag_crime_pipeline.py
[2026-05-27T08:17:02.903+0000] {logging_mixin.py:188} INFO - [2026-05-27T08:17:02.902+0000] {dag.py:3036} INFO - Sync 1 DAGs
[2026-05-27T08:17:02.958+0000] {processor.py:183} INFO - Processing /opt/airflow/dags/dag_crime_pipeline.py took 0.153 seconds
[2026-05-27T08:17:33.324+0000] {processor.py:161} INFO - Started process (PID=6785) to work on /opt/airflow/dags/dag_crime_pipeline.py
[2026-05-27T08:17:33.325+0000] {processor.py:830} INFO - Processing file /opt/airflow/dags/dag_crime_pipeline.py for tasks to queue
[2026-05-27T08:17:33.328+0000] {logging_mixin.py:188} INFO - [2026-05-27T08:17:33.327+0000] {dagbag.py:538} INFO - Filling up the DagBag from /opt/airflow/dags/dag_crime_pipeline.py
[2026-05-27T08:17:33.371+0000] {processor.py:840} INFO - DAG(s) 'crime_analytics_pipeline' retrieved from /opt/airflow/dags/dag_crime_pipeline.py
[2026-05-27T08:17:33.408+0000] {logging_mixin.py:188} INFO - [2026-05-27T08:17:33.408+0000] {dag.py:3036} INFO - Sync 1 DAGs
[2026-05-27T08:17:33.461+0000] {processor.py:183} INFO - Processing /opt/airflow/dags/dag_crime_pipeline.py took 0.141 seconds
[2026-05-27T08:18:03.686+0000] {processor.py:161} INFO - Started process (PID=6790) to work on /opt/airflow/dags/dag_crime_pipeline.py
[2026-05-27T08:18:03.688+0000] {processor.py:830} INFO - Processing file /opt/airflow/dags/dag_crime_pipeline.py for tasks to queue
[2026-05-27T08:18:03.691+0000] {logging_mixin.py:188} INFO - [2026-05-27T08:18:03.690+0000] {dagbag.py:538} INFO - Filling up the DagBag from /opt/airflow/dags/dag_crime_pipeline.py
[2026-05-27T08:18:03.730+0000] {processor.py:840} INFO - DAG(s) 'crime_analytics_pipeline' retrieved from /opt/airflow/dags/dag_crime_pipeline.py
[2026-05-27T08:18:03.765+0000] {logging_mixin.py:188} INFO - [2026-05-27T08:18:03.765+0000] {dag.py:3036} INFO - Sync 1 DAGs
[2026-05-27T08:18:03.807+0000] {processor.py:183} INFO - Processing /opt/airflow/dags/dag_crime_pipeline.py took 0.126 seconds
[2026-05-27T08:18:34.581+0000] {processor.py:161} INFO - Started process (PID=6795) to work on /opt/airflow/dags/dag_crime_pipeline.py
[2026-05-27T08:18:34.584+0000] {processor.py:830} INFO - Processing file /opt/airflow/dags/dag_crime_pipeline.py for tasks to queue
[2026-05-27T08:18:34.587+0000] {logging_mixin.py:188} INFO - [2026-05-27T08:18:34.586+0000] {dagbag.py:538} INFO - Filling up the DagBag from /opt/airflow/dags/dag_crime_pipeline.py
[2026-05-27T08:18:34.629+0000] {processor.py:840} INFO - DAG(s) 'crime_analytics_pipeline' retrieved from /opt/airflow/dags/dag_crime_pipeline.py
[2026-05-27T08:18:34.662+0000] {logging_mixin.py:188} INFO - [2026-05-27T08:18:34.662+0000] {dag.py:3036} INFO - Sync 1 DAGs
[2026-05-27T08:18:34.720+0000] {processor.py:183} INFO - Processing /opt/airflow/dags/dag_crime_pipeline.py took 0.144 seconds
[2026-05-27T08:19:05.016+0000] {processor.py:161} INFO - Started process (PID=6800) to work on /opt/airflow/dags/dag_crime_pipeline.py
[2026-05-27T08:19:05.017+0000] {processor.py:830} INFO - Processing file /opt/airflow/dags/dag_crime_pipeline.py for tasks to queue
[2026-05-27T08:19:05.020+0000] {logging_mixin.py:188} INFO - [2026-05-27T08:19:05.019+0000] {dagbag.py:538} INFO - Filling up the DagBag from /opt/airflow/dags/dag_crime_pipeline.py
[2026-05-27T08:19:05.070+0000] {processor.py:840} INFO - DAG(s) 'crime_analytics_pipeline' retrieved from /opt/airflow/dags/dag_crime_pipeline.py
[2026-05-27T08:19:05.106+0000] {logging_mixin.py:188} INFO - [2026-05-27T08:19:05.105+0000] {dag.py:3036} INFO - Sync 1 DAGs
[2026-05-27T08:19:05.149+0000] {processor.py:183} INFO - Processing /opt/airflow/dags/dag_crime_pipeline.py took 0.138 seconds
[2026-05-27T08:19:35.531+0000] {processor.py:161} INFO - Started process (PID=6805) to work on /opt/airflow/dags/dag_crime_pipeline.py
[2026-05-27T08:19:35.533+0000] {processor.py:830} INFO - Processing file /opt/airflow/dags/dag_crime_pipeline.py for tasks to queue
[2026-05-27T08:19:35.537+0000] {logging_mixin.py:188} INFO - [2026-05-27T08:19:35.536+0000] {dagbag.py:538} INFO - Filling up the DagBag from /opt/airflow/dags/dag_crime_pipeline.py
[2026-05-27T08:19:35.582+0000] {processor.py:840} INFO - DAG(s) 'crime_analytics_pipeline' retrieved from /opt/airflow/dags/dag_crime_pipeline.py
[2026-05-27T08:19:35.617+0000] {logging_mixin.py:188} INFO - [2026-05-27T08:19:35.616+0000] {dag.py:3036} INFO - Sync 1 DAGs
[2026-05-27T08:19:35.682+0000] {processor.py:183} INFO - Processing /opt/airflow/dags/dag_crime_pipeline.py took 0.155 seconds
[2026-05-27T08:20:05.874+0000] {processor.py:161} INFO - Started process (PID=6810) to work on /opt/airflow/dags/dag_crime_pipeline.py
[2026-05-27T08:20:05.875+0000] {processor.py:830} INFO - Processing file /opt/airflow/dags/dag_crime_pipeline.py for tasks to queue
[2026-05-27T08:20:05.878+0000] {logging_mixin.py:188} INFO - [2026-05-27T08:20:05.878+0000] {dagbag.py:538} INFO - Filling up the DagBag from /opt/airflow/dags/dag_crime_pipeline.py
[2026-05-27T08:20:05.922+0000] {processor.py:840} INFO - DAG(s) 'crime_analytics_pipeline' retrieved from /opt/airflow/dags/dag_crime_pipeline.py
[2026-05-27T08:20:05.959+0000] {logging_mixin.py:188} INFO - [2026-05-27T08:20:05.958+0000] {dag.py:3036} INFO - Sync 1 DAGs
[2026-05-27T08:20:05.999+0000] {processor.py:183} INFO - Processing /opt/airflow/dags/dag_crime_pipeline.py took 0.130 seconds
[2026-05-27T08:20:36.242+0000] {processor.py:161} INFO - Started process (PID=6815) to work on /opt/airflow/dags/dag_crime_pipeline.py
[2026-05-27T08:20:36.244+0000] {processor.py:830} INFO - Processing file /opt/airflow/dags/dag_crime_pipeline.py for tasks to queue
[2026-05-27T08:20:36.246+0000] {logging_mixin.py:188} INFO - [2026-05-27T08:20:36.246+0000] {dagbag.py:538} INFO - Filling up the DagBag from /opt/airflow/dags/dag_crime_pipeline.py
[2026-05-27T08:20:36.289+0000] {processor.py:840} INFO - DAG(s) 'crime_analytics_pipeline' retrieved from /opt/airflow/dags/dag_crime_pipeline.py
[2026-05-27T08:20:36.329+0000] {logging_mixin.py:188} INFO - [2026-05-27T08:20:36.328+0000] {dag.py:3036} INFO - Sync 1 DAGs
[2026-05-27T08:20:36.382+0000] {processor.py:183} INFO - Processing /opt/airflow/dags/dag_crime_pipeline.py took 0.145 seconds
[2026-05-27T08:21:06.743+0000] {processor.py:161} INFO - Started process (PID=6820) to work on /opt/airflow/dags/dag_crime_pipeline.py
[2026-05-27T08:21:06.744+0000] {processor.py:830} INFO - Processing file /opt/airflow/dags/dag_crime_pipeline.py for tasks to queue
[2026-05-27T08:21:06.747+0000] {logging_mixin.py:188} INFO - [2026-05-27T08:21:06.746+0000] {dagbag.py:538} INFO - Filling up the DagBag from /opt/airflow/dags/dag_crime_pipeline.py
[2026-05-27T08:21:06.790+0000] {processor.py:840} INFO - DAG(s) 'crime_analytics_pipeline' retrieved from /opt/airflow/dags/dag_crime_pipeline.py
[2026-05-27T08:21:06.822+0000] {logging_mixin.py:188} INFO - [2026-05-27T08:21:06.822+0000] {dag.py:3036} INFO - Sync 1 DAGs
[2026-05-27T08:21:06.866+0000] {processor.py:183} INFO - Processing /opt/airflow/dags/dag_crime_pipeline.py took 0.128 seconds
[2026-05-27T08:21:37.098+0000] {processor.py:161} INFO - Started process (PID=6825) to work on /opt/airflow/dags/dag_crime_pipeline.py
[2026-05-27T08:21:37.100+0000] {processor.py:830} INFO - Processing file /opt/airflow/dags/dag_crime_pipeline.py for tasks to queue
[2026-05-27T08:21:37.102+0000] {logging_mixin.py:188} INFO - [2026-05-27T08:21:37.102+0000] {dagbag.py:538} INFO - Filling up the DagBag from /opt/airflow/dags/dag_crime_pipeline.py
[2026-05-27T08:21:37.147+0000] {processor.py:840} INFO - DAG(s) 'crime_analytics_pipeline' retrieved from /opt/airflow/dags/dag_crime_pipeline.py
[2026-05-27T08:21:37.183+0000] {logging_mixin.py:188} INFO - [2026-05-27T08:21:37.183+0000] {dag.py:3036} INFO - Sync 1 DAGs
[2026-05-27T08:21:37.221+0000] {processor.py:183} INFO - Processing /opt/airflow/dags/dag_crime_pipeline.py took 0.127 seconds
[2026-05-27T08:22:07.978+0000] {processor.py:161} INFO - Started process (PID=6830) to work on /opt/airflow/dags/dag_crime_pipeline.py
[2026-05-27T08:22:07.980+0000] {processor.py:830} INFO - Processing file /opt/airflow/dags/dag_crime_pipeline.py for tasks to queue
[2026-05-27T08:22:07.983+0000] {logging_mixin.py:188} INFO - [2026-05-27T08:22:07.982+0000] {dagbag.py:538} INFO - Filling up the DagBag from /opt/airflow/dags/dag_crime_pipeline.py
[2026-05-27T08:22:08.020+0000] {processor.py:840} INFO - DAG(s) 'crime_analytics_pipeline' retrieved from /opt/airflow/dags/dag_crime_pipeline.py
[2026-05-27T08:22:08.055+0000] {logging_mixin.py:188} INFO - [2026-05-27T08:22:08.055+0000] {dag.py:3036} INFO - Sync 1 DAGs
[2026-05-27T08:22:08.118+0000] {processor.py:183} INFO - Processing /opt/airflow/dags/dag_crime_pipeline.py took 0.144 seconds
[2026-05-27T08:22:38.498+0000] {processor.py:161} INFO - Started process (PID=6835) to work on /opt/airflow/dags/dag_crime_pipeline.py
[2026-05-27T08:22:38.500+0000] {processor.py:830} INFO - Processing file /opt/airflow/dags/dag_crime_pipeline.py for tasks to queue
[2026-05-27T08:22:38.503+0000] {logging_mixin.py:188} INFO - [2026-05-27T08:22:38.502+0000] {dagbag.py:538} INFO - Filling up the DagBag from /opt/airflow/dags/dag_crime_pipeline.py
[2026-05-27T08:22:38.543+0000] {processor.py:840} INFO - DAG(s) 'crime_analytics_pipeline' retrieved from /opt/airflow/dags/dag_crime_pipeline.py
[2026-05-27T08:22:38.573+0000] {logging_mixin.py:188} INFO - [2026-05-27T08:22:38.572+0000] {dag.py:3036} INFO - Sync 1 DAGs
[2026-05-27T08:22:38.610+0000] {processor.py:183} INFO - Processing /opt/airflow/dags/dag_crime_pipeline.py took 0.117 seconds
[2026-05-27T08:23:08.929+0000] {processor.py:161} INFO - Started process (PID=6840) to work on /opt/airflow/dags/dag_crime_pipeline.py
[2026-05-27T08:23:08.931+0000] {processor.py:830} INFO - Processing file /opt/airflow/dags/dag_crime_pipeline.py for tasks to queue
[2026-05-27T08:23:08.935+0000] {logging_mixin.py:188} INFO - [2026-05-27T08:23:08.934+0000] {dagbag.py:538} INFO - Filling up the DagBag from /opt/airflow/dags/dag_crime_pipeline.py
[2026-05-27T08:23:08.989+0000] {processor.py:840} INFO - DAG(s) 'crime_analytics_pipeline' retrieved from /opt/airflow/dags/dag_crime_pipeline.py
[2026-05-27T08:23:09.021+0000] {logging_mixin.py:188} INFO - [2026-05-27T08:23:09.021+0000] {dag.py:3036} INFO - Sync 1 DAGs
[2026-05-27T08:23:09.065+0000] {processor.py:183} INFO - Processing /opt/airflow/dags/dag_crime_pipeline.py took 0.142 seconds
[2026-05-27T08:23:39.766+0000] {processor.py:161} INFO - Started process (PID=6845) to work on /opt/airflow/dags/dag_crime_pipeline.py
[2026-05-27T08:23:39.767+0000] {processor.py:830} INFO - Processing file /opt/airflow/dags/dag_crime_pipeline.py for tasks to queue
[2026-05-27T08:23:39.771+0000] {logging_mixin.py:188} INFO - [2026-05-27T08:23:39.770+0000] {dagbag.py:538} INFO - Filling up the DagBag from /opt/airflow/dags/dag_crime_pipeline.py
[2026-05-27T08:23:39.813+0000] {processor.py:840} INFO - DAG(s) 'crime_analytics_pipeline' retrieved from /opt/airflow/dags/dag_crime_pipeline.py
[2026-05-27T08:23:39.850+0000] {logging_mixin.py:188} INFO - [2026-05-27T08:23:39.849+0000] {dag.py:3036} INFO - Sync 1 DAGs
[2026-05-27T08:23:39.900+0000] {processor.py:183} INFO - Processing /opt/airflow/dags/dag_crime_pipeline.py took 0.138 seconds
[2026-05-27T08:24:10.267+0000] {processor.py:161} INFO - Started process (PID=6850) to work on /opt/airflow/dags/dag_crime_pipeline.py
[2026-05-27T08:24:10.269+0000] {processor.py:830} INFO - Processing file /opt/airflow/dags/dag_crime_pipeline.py for tasks to queue
[2026-05-27T08:24:10.271+0000] {logging_mixin.py:188} INFO - [2026-05-27T08:24:10.271+0000] {dagbag.py:538} INFO - Filling up the DagBag from /opt/airflow/dags/dag_crime_pipeline.py
[2026-05-27T08:24:10.316+0000] {processor.py:840} INFO - DAG(s) 'crime_analytics_pipeline' retrieved from /opt/airflow/dags/dag_crime_pipeline.py
[2026-05-27T08:24:10.379+0000] {logging_mixin.py:188} INFO - [2026-05-27T08:24:10.378+0000] {dag.py:3036} INFO - Sync 1 DAGs
[2026-05-27T08:24:10.439+0000] {processor.py:183} INFO - Processing /opt/airflow/dags/dag_crime_pipeline.py took 0.176 seconds
[2026-05-27T08:24:41.025+0000] {processor.py:161} INFO - Started process (PID=6855) to work on /opt/airflow/dags/dag_crime_pipeline.py
[2026-05-27T08:24:41.026+0000] {processor.py:830} INFO - Processing file /opt/airflow/dags/dag_crime_pipeline.py for tasks to queue
[2026-05-27T08:24:41.029+0000] {logging_mixin.py:188} INFO - [2026-05-27T08:24:41.028+0000] {dagbag.py:538} INFO - Filling up the DagBag from /opt/airflow/dags/dag_crime_pipeline.py
[2026-05-27T08:24:41.068+0000] {processor.py:840} INFO - DAG(s) 'crime_analytics_pipeline' retrieved from /opt/airflow/dags/dag_crime_pipeline.py
[2026-05-27T08:24:41.103+0000] {logging_mixin.py:188} INFO - [2026-05-27T08:24:41.103+0000] {dag.py:3036} INFO - Sync 1 DAGs
[2026-05-27T08:24:41.168+0000] {processor.py:183} INFO - Processing /opt/airflow/dags/dag_crime_pipeline.py took 0.147 seconds
[2026-05-27T08:25:11.378+0000] {processor.py:161} INFO - Started process (PID=6860) to work on /opt/airflow/dags/dag_crime_pipeline.py
[2026-05-27T08:25:11.382+0000] {processor.py:830} INFO - Processing file /opt/airflow/dags/dag_crime_pipeline.py for tasks to queue
[2026-05-27T08:25:11.386+0000] {logging_mixin.py:188} INFO - [2026-05-27T08:25:11.386+0000] {dagbag.py:538} INFO - Filling up the DagBag from /opt/airflow/dags/dag_crime_pipeline.py
[2026-05-27T08:25:11.429+0000] {processor.py:840} INFO - DAG(s) 'crime_analytics_pipeline' retrieved from /opt/airflow/dags/dag_crime_pipeline.py
[2026-05-27T08:25:11.475+0000] {logging_mixin.py:188} INFO - [2026-05-27T08:25:11.474+0000] {dag.py:3036} INFO - Sync 1 DAGs
[2026-05-27T08:25:11.524+0000] {processor.py:183} INFO - Processing /opt/airflow/dags/dag_crime_pipeline.py took 0.151 seconds
[2026-05-27T08:25:41.990+0000] {processor.py:161} INFO - Started process (PID=6865) to work on /opt/airflow/dags/dag_crime_pipeline.py
[2026-05-27T08:25:41.991+0000] {processor.py:830} INFO - Processing file /opt/airflow/dags/dag_crime_pipeline.py for tasks to queue
[2026-05-27T08:25:41.994+0000] {logging_mixin.py:188} INFO - [2026-05-27T08:25:41.993+0000] {dagbag.py:538} INFO - Filling up the DagBag from /opt/airflow/dags/dag_crime_pipeline.py
[2026-05-27T08:25:42.035+0000] {processor.py:840} INFO - DAG(s) 'crime_analytics_pipeline' retrieved from /opt/airflow/dags/dag_crime_pipeline.py
[2026-05-27T08:25:42.070+0000] {logging_mixin.py:188} INFO - [2026-05-27T08:25:42.070+0000] {dag.py:3036} INFO - Sync 1 DAGs
[2026-05-27T08:25:42.108+0000] {processor.py:183} INFO - Processing /opt/airflow/dags/dag_crime_pipeline.py took 0.122 seconds
[2026-05-27T08:26:12.772+0000] {processor.py:161} INFO - Started process (PID=6870) to work on /opt/airflow/dags/dag_crime_pipeline.py
[2026-05-27T08:26:12.774+0000] {processor.py:830} INFO - Processing file /opt/airflow/dags/dag_crime_pipeline.py for tasks to queue
[2026-05-27T08:26:12.776+0000] {logging_mixin.py:188} INFO - [2026-05-27T08:26:12.776+0000] {dagbag.py:538} INFO - Filling up the DagBag from /opt/airflow/dags/dag_crime_pipeline.py
[2026-05-27T08:26:12.815+0000] {processor.py:840} INFO - DAG(s) 'crime_analytics_pipeline' retrieved from /opt/airflow/dags/dag_crime_pipeline.py
[2026-05-27T08:26:12.846+0000] {logging_mixin.py:188} INFO - [2026-05-27T08:26:12.846+0000] {dag.py:3036} INFO - Sync 1 DAGs
[2026-05-27T08:26:12.887+0000] {processor.py:183} INFO - Processing /opt/airflow/dags/dag_crime_pipeline.py took 0.120 seconds
[2026-05-27T08:26:43.269+0000] {processor.py:161} INFO - Started process (PID=6875) to work on /opt/airflow/dags/dag_crime_pipeline.py
[2026-05-27T08:26:43.270+0000] {processor.py:830} INFO - Processing file /opt/airflow/dags/dag_crime_pipeline.py for tasks to queue
[2026-05-27T08:26:43.273+0000] {logging_mixin.py:188} INFO - [2026-05-27T08:26:43.273+0000] {dagbag.py:538} INFO - Filling up the DagBag from /opt/airflow/dags/dag_crime_pipeline.py
[2026-05-27T08:26:43.317+0000] {processor.py:840} INFO - DAG(s) 'crime_analytics_pipeline' retrieved from /opt/airflow/dags/dag_crime_pipeline.py
[2026-05-27T08:26:43.349+0000] {logging_mixin.py:188} INFO - [2026-05-27T08:26:43.348+0000] {dag.py:3036} INFO - Sync 1 DAGs
[2026-05-27T08:26:43.390+0000] {processor.py:183} INFO - Processing /opt/airflow/dags/dag_crime_pipeline.py took 0.125 seconds
[2026-05-27T08:27:14.143+0000] {processor.py:161} INFO - Started process (PID=6880) to work on /opt/airflow/dags/dag_crime_pipeline.py
[2026-05-27T08:27:14.145+0000] {processor.py:830} INFO - Processing file /opt/airflow/dags/dag_crime_pipeline.py for tasks to queue
[2026-05-27T08:27:14.148+0000] {logging_mixin.py:188} INFO - [2026-05-27T08:27:14.147+0000] {dagbag.py:538} INFO - Filling up the DagBag from /opt/airflow/dags/dag_crime_pipeline.py
[2026-05-27T08:27:14.186+0000] {processor.py:840} INFO - DAG(s) 'crime_analytics_pipeline' retrieved from /opt/airflow/dags/dag_crime_pipeline.py
[2026-05-27T08:27:14.219+0000] {logging_mixin.py:188} INFO - [2026-05-27T08:27:14.218+0000] {dag.py:3036} INFO - Sync 1 DAGs
[2026-05-27T08:27:14.280+0000] {processor.py:183} INFO - Processing /opt/airflow/dags/dag_crime_pipeline.py took 0.141 seconds
[2026-05-27T08:27:44.998+0000] {processor.py:161} INFO - Started process (PID=6885) to work on /opt/airflow/dags/dag_crime_pipeline.py
[2026-05-27T08:27:45.000+0000] {processor.py:830} INFO - Processing file /opt/airflow/dags/dag_crime_pipeline.py for tasks to queue
[2026-05-27T08:27:45.002+0000] {logging_mixin.py:188} INFO - [2026-05-27T08:27:45.002+0000] {dagbag.py:538} INFO - Filling up the DagBag from /opt/airflow/dags/dag_crime_pipeline.py
[2026-05-27T08:27:45.046+0000] {processor.py:840} INFO - DAG(s) 'crime_analytics_pipeline' retrieved from /opt/airflow/dags/dag_crime_pipeline.py
[2026-05-27T08:27:45.083+0000] {logging_mixin.py:188} INFO - [2026-05-27T08:27:45.082+0000] {dag.py:3036} INFO - Sync 1 DAGs
[2026-05-27T08:27:45.119+0000] {processor.py:183} INFO - Processing /opt/airflow/dags/dag_crime_pipeline.py took 0.125 seconds
[2026-05-27T08:28:15.424+0000] {processor.py:161} INFO - Started process (PID=6890) to work on /opt/airflow/dags/dag_crime_pipeline.py
[2026-05-27T08:28:15.426+0000] {processor.py:830} INFO - Processing file /opt/airflow/dags/dag_crime_pipeline.py for tasks to queue
[2026-05-27T08:28:15.429+0000] {logging_mixin.py:188} INFO - [2026-05-27T08:28:15.428+0000] {dagbag.py:538} INFO - Filling up the DagBag from /opt/airflow/dags/dag_crime_pipeline.py
[2026-05-27T08:28:15.468+0000] {processor.py:840} INFO - DAG(s) 'crime_analytics_pipeline' retrieved from /opt/airflow/dags/dag_crime_pipeline.py
[2026-05-27T08:28:15.497+0000] {logging_mixin.py:188} INFO - [2026-05-27T08:28:15.497+0000] {dag.py:3036} INFO - Sync 1 DAGs
[2026-05-27T08:28:15.535+0000] {processor.py:183} INFO - Processing /opt/airflow/dags/dag_crime_pipeline.py took 0.117 seconds
[2026-05-27T08:28:46.304+0000] {processor.py:161} INFO - Started process (PID=6895) to work on /opt/airflow/dags/dag_crime_pipeline.py
[2026-05-27T08:28:46.305+0000] {processor.py:830} INFO - Processing file /opt/airflow/dags/dag_crime_pipeline.py for tasks to queue
[2026-05-27T08:28:46.308+0000] {logging_mixin.py:188} INFO - [2026-05-27T08:28:46.307+0000] {dagbag.py:538} INFO - Filling up the DagBag from /opt/airflow/dags/dag_crime_pipeline.py
[2026-05-27T08:28:46.346+0000] {processor.py:840} INFO - DAG(s) 'crime_analytics_pipeline' retrieved from /opt/airflow/dags/dag_crime_pipeline.py
[2026-05-27T08:28:46.380+0000] {logging_mixin.py:188} INFO - [2026-05-27T08:28:46.380+0000] {dag.py:3036} INFO - Sync 1 DAGs
[2026-05-27T08:28:46.416+0000] {processor.py:183} INFO - Processing /opt/airflow/dags/dag_crime_pipeline.py took 0.117 seconds
[2026-05-27T08:29:17.126+0000] {processor.py:161} INFO - Started process (PID=6900) to work on /opt/airflow/dags/dag_crime_pipeline.py
[2026-05-27T08:29:17.128+0000] {processor.py:830} INFO - Processing file /opt/airflow/dags/dag_crime_pipeline.py for tasks to queue
[2026-05-27T08:29:17.131+0000] {logging_mixin.py:188} INFO - [2026-05-27T08:29:17.130+0000] {dagbag.py:538} INFO - Filling up the DagBag from /opt/airflow/dags/dag_crime_pipeline.py
[2026-05-27T08:29:17.173+0000] {processor.py:840} INFO - DAG(s) 'crime_analytics_pipeline' retrieved from /opt/airflow/dags/dag_crime_pipeline.py
[2026-05-27T08:29:17.207+0000] {logging_mixin.py:188} INFO - [2026-05-27T08:29:17.206+0000] {dag.py:3036} INFO - Sync 1 DAGs
[2026-05-27T08:29:17.247+0000] {processor.py:183} INFO - Processing /opt/airflow/dags/dag_crime_pipeline.py took 0.126 seconds
[2026-05-27T08:29:47.537+0000] {processor.py:161} INFO - Started process (PID=6905) to work on /opt/airflow/dags/dag_crime_pipeline.py
[2026-05-27T08:29:47.538+0000] {processor.py:830} INFO - Processing file /opt/airflow/dags/dag_crime_pipeline.py for tasks to queue
[2026-05-27T08:29:47.542+0000] {logging_mixin.py:188} INFO - [2026-05-27T08:29:47.541+0000] {dagbag.py:538} INFO - Filling up the DagBag from /opt/airflow/dags/dag_crime_pipeline.py
[2026-05-27T08:29:47.583+0000] {processor.py:840} INFO - DAG(s) 'crime_analytics_pipeline' retrieved from /opt/airflow/dags/dag_crime_pipeline.py
[2026-05-27T08:29:47.619+0000] {logging_mixin.py:188} INFO - [2026-05-27T08:29:47.618+0000] {dag.py:3036} INFO - Sync 1 DAGs
[2026-05-27T08:29:47.687+0000] {processor.py:183} INFO - Processing /opt/airflow/dags/dag_crime_pipeline.py took 0.156 seconds
[2026-05-27T08:30:17.991+0000] {processor.py:161} INFO - Started process (PID=6910) to work on /opt/airflow/dags/dag_crime_pipeline.py
[2026-05-27T08:30:17.992+0000] {processor.py:830} INFO - Processing file /opt/airflow/dags/dag_crime_pipeline.py for tasks to queue
[2026-05-27T08:30:17.996+0000] {logging_mixin.py:188} INFO - [2026-05-27T08:30:17.995+0000] {dagbag.py:538} INFO - Filling up the DagBag from /opt/airflow/dags/dag_crime_pipeline.py
[2026-05-27T08:30:18.041+0000] {processor.py:840} INFO - DAG(s) 'crime_analytics_pipeline' retrieved from /opt/airflow/dags/dag_crime_pipeline.py
[2026-05-27T08:30:18.077+0000] {logging_mixin.py:188} INFO - [2026-05-27T08:30:18.077+0000] {dag.py:3036} INFO - Sync 1 DAGs
[2026-05-27T08:30:18.138+0000] {processor.py:183} INFO - Processing /opt/airflow/dags/dag_crime_pipeline.py took 0.152 seconds
[2026-05-27T08:30:48.441+0000] {processor.py:161} INFO - Started process (PID=6915) to work on /opt/airflow/dags/dag_crime_pipeline.py
[2026-05-27T08:30:48.443+0000] {processor.py:830} INFO - Processing file /opt/airflow/dags/dag_crime_pipeline.py for tasks to queue
[2026-05-27T08:30:48.446+0000] {logging_mixin.py:188} INFO - [2026-05-27T08:30:48.445+0000] {dagbag.py:538} INFO - Filling up the DagBag from /opt/airflow/dags/dag_crime_pipeline.py
[2026-05-27T08:30:48.484+0000] {processor.py:840} INFO - DAG(s) 'crime_analytics_pipeline' retrieved from /opt/airflow/dags/dag_crime_pipeline.py
[2026-05-27T08:30:48.518+0000] {logging_mixin.py:188} INFO - [2026-05-27T08:30:48.518+0000] {dag.py:3036} INFO - Sync 1 DAGs
[2026-05-27T08:30:48.575+0000] {processor.py:183} INFO - Processing /opt/airflow/dags/dag_crime_pipeline.py took 0.139 seconds
[2026-05-27T08:31:18.936+0000] {processor.py:161} INFO - Started process (PID=6920) to work on /opt/airflow/dags/dag_crime_pipeline.py
[2026-05-27T08:31:18.938+0000] {processor.py:830} INFO - Processing file /opt/airflow/dags/dag_crime_pipeline.py for tasks to queue
[2026-05-27T08:31:18.941+0000] {logging_mixin.py:188} INFO - [2026-05-27T08:31:18.941+0000] {dagbag.py:538} INFO - Filling up the DagBag from /opt/airflow/dags/dag_crime_pipeline.py
[2026-05-27T08:31:18.980+0000] {processor.py:840} INFO - DAG(s) 'crime_analytics_pipeline' retrieved from /opt/airflow/dags/dag_crime_pipeline.py
[2026-05-27T08:31:19.014+0000] {logging_mixin.py:188} INFO - [2026-05-27T08:31:19.014+0000] {dag.py:3036} INFO - Sync 1 DAGs
[2026-05-27T08:31:19.070+0000] {processor.py:183} INFO - Processing /opt/airflow/dags/dag_crime_pipeline.py took 0.139 seconds
[2026-05-27T08:31:49.780+0000] {processor.py:161} INFO - Started process (PID=6925) to work on /opt/airflow/dags/dag_crime_pipeline.py
[2026-05-27T08:31:49.782+0000] {processor.py:830} INFO - Processing file /opt/airflow/dags/dag_crime_pipeline.py for tasks to queue
[2026-05-27T08:31:49.784+0000] {logging_mixin.py:188} INFO - [2026-05-27T08:31:49.784+0000] {dagbag.py:538} INFO - Filling up the DagBag from /opt/airflow/dags/dag_crime_pipeline.py
[2026-05-27T08:31:49.826+0000] {processor.py:840} INFO - DAG(s) 'crime_analytics_pipeline' retrieved from /opt/airflow/dags/dag_crime_pipeline.py
[2026-05-27T08:31:49.861+0000] {logging_mixin.py:188} INFO - [2026-05-27T08:31:49.860+0000] {dag.py:3036} INFO - Sync 1 DAGs
[2026-05-27T08:31:49.918+0000] {processor.py:183} INFO - Processing /opt/airflow/dags/dag_crime_pipeline.py took 0.143 seconds
[2026-05-27T08:32:20.740+0000] {processor.py:161} INFO - Started process (PID=6930) to work on /opt/airflow/dags/dag_crime_pipeline.py
[2026-05-27T08:32:20.742+0000] {processor.py:830} INFO - Processing file /opt/airflow/dags/dag_crime_pipeline.py for tasks to queue
[2026-05-27T08:32:20.745+0000] {logging_mixin.py:188} INFO - [2026-05-27T08:32:20.744+0000] {dagbag.py:538} INFO - Filling up the DagBag from /opt/airflow/dags/dag_crime_pipeline.py
[2026-05-27T08:32:20.779+0000] {processor.py:840} INFO - DAG(s) 'crime_analytics_pipeline' retrieved from /opt/airflow/dags/dag_crime_pipeline.py
[2026-05-27T08:32:20.808+0000] {logging_mixin.py:188} INFO - [2026-05-27T08:32:20.807+0000] {dag.py:3036} INFO - Sync 1 DAGs
[2026-05-27T08:32:20.863+0000] {processor.py:183} INFO - Processing /opt/airflow/dags/dag_crime_pipeline.py took 0.127 seconds
[2026-05-27T08:32:51.662+0000] {processor.py:161} INFO - Started process (PID=6935) to work on /opt/airflow/dags/dag_crime_pipeline.py
[2026-05-27T08:32:51.664+0000] {processor.py:830} INFO - Processing file /opt/airflow/dags/dag_crime_pipeline.py for tasks to queue
[2026-05-27T08:32:51.668+0000] {logging_mixin.py:188} INFO - [2026-05-27T08:32:51.667+0000] {dagbag.py:538} INFO - Filling up the DagBag from /opt/airflow/dags/dag_crime_pipeline.py
[2026-05-27T08:32:51.712+0000] {processor.py:840} INFO - DAG(s) 'crime_analytics_pipeline' retrieved from /opt/airflow/dags/dag_crime_pipeline.py
[2026-05-27T08:32:51.744+0000] {logging_mixin.py:188} INFO - [2026-05-27T08:32:51.743+0000] {dag.py:3036} INFO - Sync 1 DAGs
[2026-05-27T08:32:51.790+0000] {processor.py:183} INFO - Processing /opt/airflow/dags/dag_crime_pipeline.py took 0.133 seconds
[2026-05-27T08:33:22.525+0000] {processor.py:161} INFO - Started process (PID=6940) to work on /opt/airflow/dags/dag_crime_pipeline.py
[2026-05-27T08:33:22.526+0000] {processor.py:830} INFO - Processing file /opt/airflow/dags/dag_crime_pipeline.py for tasks to queue
[2026-05-27T08:33:22.530+0000] {logging_mixin.py:188} INFO - [2026-05-27T08:33:22.529+0000] {dagbag.py:538} INFO - Filling up the DagBag from /opt/airflow/dags/dag_crime_pipeline.py
[2026-05-27T08:33:22.568+0000] {processor.py:840} INFO - DAG(s) 'crime_analytics_pipeline' retrieved from /opt/airflow/dags/dag_crime_pipeline.py
[2026-05-27T08:33:22.603+0000] {logging_mixin.py:188} INFO - [2026-05-27T08:33:22.602+0000] {dag.py:3036} INFO - Sync 1 DAGs
[2026-05-27T08:33:22.665+0000] {processor.py:183} INFO - Processing /opt/airflow/dags/dag_crime_pipeline.py took 0.144 seconds
[2026-05-27T08:33:53.345+0000] {processor.py:161} INFO - Started process (PID=6945) to work on /opt/airflow/dags/dag_crime_pipeline.py
[2026-05-27T08:33:53.347+0000] {processor.py:830} INFO - Processing file /opt/airflow/dags/dag_crime_pipeline.py for tasks to queue
[2026-05-27T08:33:53.351+0000] {logging_mixin.py:188} INFO - [2026-05-27T08:33:53.350+0000] {dagbag.py:538} INFO - Filling up the DagBag from /opt/airflow/dags/dag_crime_pipeline.py
[2026-05-27T08:33:53.397+0000] {processor.py:840} INFO - DAG(s) 'crime_analytics_pipeline' retrieved from /opt/airflow/dags/dag_crime_pipeline.py
[2026-05-27T08:33:53.435+0000] {logging_mixin.py:188} INFO - [2026-05-27T08:33:53.435+0000] {dag.py:3036} INFO - Sync 1 DAGs
[2026-05-27T08:33:53.473+0000] {processor.py:183} INFO - Processing /opt/airflow/dags/dag_crime_pipeline.py took 0.133 seconds
[2026-05-27T08:34:24.341+0000] {processor.py:161} INFO - Started process (PID=6950) to work on /opt/airflow/dags/dag_crime_pipeline.py
[2026-05-27T08:34:24.343+0000] {processor.py:830} INFO - Processing file /opt/airflow/dags/dag_crime_pipeline.py for tasks to queue
[2026-05-27T08:34:24.345+0000] {logging_mixin.py:188} INFO - [2026-05-27T08:34:24.345+0000] {dagbag.py:538} INFO - Filling up the DagBag from /opt/airflow/dags/dag_crime_pipeline.py
[2026-05-27T08:34:24.386+0000] {processor.py:840} INFO - DAG(s) 'crime_analytics_pipeline' retrieved from /opt/airflow/dags/dag_crime_pipeline.py
[2026-05-27T08:34:24.425+0000] {logging_mixin.py:188} INFO - [2026-05-27T08:34:24.424+0000] {dag.py:3036} INFO - Sync 1 DAGs
[2026-05-27T08:34:24.484+0000] {processor.py:183} INFO - Processing /opt/airflow/dags/dag_crime_pipeline.py took 0.148 seconds
[2026-05-27T08:34:55.216+0000] {processor.py:161} INFO - Started process (PID=6955) to work on /opt/airflow/dags/dag_crime_pipeline.py
[2026-05-27T08:34:55.217+0000] {processor.py:830} INFO - Processing file /opt/airflow/dags/dag_crime_pipeline.py for tasks to queue
[2026-05-27T08:34:55.222+0000] {logging_mixin.py:188} INFO - [2026-05-27T08:34:55.221+0000] {dagbag.py:538} INFO - Filling up the DagBag from /opt/airflow/dags/dag_crime_pipeline.py
[2026-05-27T08:34:55.265+0000] {processor.py:840} INFO - DAG(s) 'crime_analytics_pipeline' retrieved from /opt/airflow/dags/dag_crime_pipeline.py
[2026-05-27T08:34:55.303+0000] {logging_mixin.py:188} INFO - [2026-05-27T08:34:55.302+0000] {dag.py:3036} INFO - Sync 1 DAGs
[2026-05-27T08:34:55.371+0000] {processor.py:183} INFO - Processing /opt/airflow/dags/dag_crime_pipeline.py took 0.160 seconds
[2026-05-27T08:35:25.741+0000] {processor.py:161} INFO - Started process (PID=6960) to work on /opt/airflow/dags/dag_crime_pipeline.py
[2026-05-27T08:35:25.742+0000] {processor.py:830} INFO - Processing file /opt/airflow/dags/dag_crime_pipeline.py for tasks to queue
[2026-05-27T08:35:25.745+0000] {logging_mixin.py:188} INFO - [2026-05-27T08:35:25.744+0000] {dagbag.py:538} INFO - Filling up the DagBag from /opt/airflow/dags/dag_crime_pipeline.py
[2026-05-27T08:35:25.785+0000] {processor.py:840} INFO - DAG(s) 'crime_analytics_pipeline' retrieved from /opt/airflow/dags/dag_crime_pipeline.py
[2026-05-27T08:35:25.819+0000] {logging_mixin.py:188} INFO - [2026-05-27T08:35:25.819+0000] {dag.py:3036} INFO - Sync 1 DAGs
[2026-05-27T08:35:25.878+0000] {processor.py:183} INFO - Processing /opt/airflow/dags/dag_crime_pipeline.py took 0.141 seconds
[2026-05-27T08:35:56.574+0000] {processor.py:161} INFO - Started process (PID=6965) to work on /opt/airflow/dags/dag_crime_pipeline.py
[2026-05-27T08:35:56.576+0000] {processor.py:830} INFO - Processing file /opt/airflow/dags/dag_crime_pipeline.py for tasks to queue
[2026-05-27T08:35:56.579+0000] {logging_mixin.py:188} INFO - [2026-05-27T08:35:56.578+0000] {dagbag.py:538} INFO - Filling up the DagBag from /opt/airflow/dags/dag_crime_pipeline.py
[2026-05-27T08:35:56.618+0000] {processor.py:840} INFO - DAG(s) 'crime_analytics_pipeline' retrieved from /opt/airflow/dags/dag_crime_pipeline.py
[2026-05-27T08:35:56.647+0000] {logging_mixin.py:188} INFO - [2026-05-27T08:35:56.647+0000] {dag.py:3036} INFO - Sync 1 DAGs
[2026-05-27T08:35:56.690+0000] {processor.py:183} INFO - Processing /opt/airflow/dags/dag_crime_pipeline.py took 0.120 seconds
[2026-05-27T08:36:27.175+0000] {processor.py:161} INFO - Started process (PID=6970) to work on /opt/airflow/dags/dag_crime_pipeline.py
[2026-05-27T08:36:27.177+0000] {processor.py:830} INFO - Processing file /opt/airflow/dags/dag_crime_pipeline.py for tasks to queue
[2026-05-27T08:36:27.180+0000] {logging_mixin.py:188} INFO - [2026-05-27T08:36:27.179+0000] {dagbag.py:538} INFO - Filling up the DagBag from /opt/airflow/dags/dag_crime_pipeline.py
[2026-05-27T08:36:27.218+0000] {processor.py:840} INFO - DAG(s) 'crime_analytics_pipeline' retrieved from /opt/airflow/dags/dag_crime_pipeline.py
[2026-05-27T08:36:27.252+0000] {logging_mixin.py:188} INFO - [2026-05-27T08:36:27.251+0000] {dag.py:3036} INFO - Sync 1 DAGs
[2026-05-27T08:36:27.292+0000] {processor.py:183} INFO - Processing /opt/airflow/dags/dag_crime_pipeline.py took 0.121 seconds
[2026-05-27T08:36:57.639+0000] {processor.py:161} INFO - Started process (PID=6975) to work on /opt/airflow/dags/dag_crime_pipeline.py
[2026-05-27T08:36:57.641+0000] {processor.py:830} INFO - Processing file /opt/airflow/dags/dag_crime_pipeline.py for tasks to queue
[2026-05-27T08:36:57.644+0000] {logging_mixin.py:188} INFO - [2026-05-27T08:36:57.644+0000] {dagbag.py:538} INFO - Filling up the DagBag from /opt/airflow/dags/dag_crime_pipeline.py
[2026-05-27T08:36:57.685+0000] {processor.py:840} INFO - DAG(s) 'crime_analytics_pipeline' retrieved from /opt/airflow/dags/dag_crime_pipeline.py
[2026-05-27T08:36:57.720+0000] {logging_mixin.py:188} INFO - [2026-05-27T08:36:57.720+0000] {dag.py:3036} INFO - Sync 1 DAGs
[2026-05-27T08:36:57.760+0000] {processor.py:183} INFO - Processing /opt/airflow/dags/dag_crime_pipeline.py took 0.125 seconds
[2026-05-27T08:37:28.718+0000] {processor.py:161} INFO - Started process (PID=6980) to work on /opt/airflow/dags/dag_crime_pipeline.py
[2026-05-27T08:37:28.720+0000] {processor.py:830} INFO - Processing file /opt/airflow/dags/dag_crime_pipeline.py for tasks to queue
[2026-05-27T08:37:28.723+0000] {logging_mixin.py:188} INFO - [2026-05-27T08:37:28.722+0000] {dagbag.py:538} INFO - Filling up the DagBag from /opt/airflow/dags/dag_crime_pipeline.py
[2026-05-27T08:37:28.764+0000] {processor.py:840} INFO - DAG(s) 'crime_analytics_pipeline' retrieved from /opt/airflow/dags/dag_crime_pipeline.py
[2026-05-27T08:37:28.795+0000] {logging_mixin.py:188} INFO - [2026-05-27T08:37:28.794+0000] {dag.py:3036} INFO - Sync 1 DAGs
[2026-05-27T08:37:28.833+0000] {processor.py:183} INFO - Processing /opt/airflow/dags/dag_crime_pipeline.py took 0.118 seconds
[2026-05-27T08:37:59.549+0000] {processor.py:161} INFO - Started process (PID=6985) to work on /opt/airflow/dags/dag_crime_pipeline.py
[2026-05-27T08:37:59.551+0000] {processor.py:830} INFO - Processing file /opt/airflow/dags/dag_crime_pipeline.py for tasks to queue
[2026-05-27T08:37:59.554+0000] {logging_mixin.py:188} INFO - [2026-05-27T08:37:59.553+0000] {dagbag.py:538} INFO - Filling up the DagBag from /opt/airflow/dags/dag_crime_pipeline.py
[2026-05-27T08:37:59.593+0000] {processor.py:840} INFO - DAG(s) 'crime_analytics_pipeline' retrieved from /opt/airflow/dags/dag_crime_pipeline.py
[2026-05-27T08:37:59.625+0000] {logging_mixin.py:188} INFO - [2026-05-27T08:37:59.624+0000] {dag.py:3036} INFO - Sync 1 DAGs
[2026-05-27T08:37:59.683+0000] {processor.py:183} INFO - Processing /opt/airflow/dags/dag_crime_pipeline.py took 0.139 seconds
[2026-05-27T08:38:30.491+0000] {processor.py:161} INFO - Started process (PID=6990) to work on /opt/airflow/dags/dag_crime_pipeline.py
[2026-05-27T08:38:30.492+0000] {processor.py:830} INFO - Processing file /opt/airflow/dags/dag_crime_pipeline.py for tasks to queue
[2026-05-27T08:38:30.496+0000] {logging_mixin.py:188} INFO - [2026-05-27T08:38:30.495+0000] {dagbag.py:538} INFO - Filling up the DagBag from /opt/airflow/dags/dag_crime_pipeline.py
[2026-05-27T08:38:30.538+0000] {processor.py:840} INFO - DAG(s) 'crime_analytics_pipeline' retrieved from /opt/airflow/dags/dag_crime_pipeline.py
[2026-05-27T08:38:30.574+0000] {logging_mixin.py:188} INFO - [2026-05-27T08:38:30.574+0000] {dag.py:3036} INFO - Sync 1 DAGs
[2026-05-27T08:38:30.620+0000] {processor.py:183} INFO - Processing /opt/airflow/dags/dag_crime_pipeline.py took 0.134 seconds
[2026-05-27T08:39:01.373+0000] {processor.py:161} INFO - Started process (PID=6995) to work on /opt/airflow/dags/dag_crime_pipeline.py
[2026-05-27T08:39:01.375+0000] {processor.py:830} INFO - Processing file /opt/airflow/dags/dag_crime_pipeline.py for tasks to queue
[2026-05-27T08:39:01.378+0000] {logging_mixin.py:188} INFO - [2026-05-27T08:39:01.377+0000] {dagbag.py:538} INFO - Filling up the DagBag from /opt/airflow/dags/dag_crime_pipeline.py
[2026-05-27T08:39:01.419+0000] {processor.py:840} INFO - DAG(s) 'crime_analytics_pipeline' retrieved from /opt/airflow/dags/dag_crime_pipeline.py
[2026-05-27T08:39:01.464+0000] {logging_mixin.py:188} INFO - [2026-05-27T08:39:01.464+0000] {dag.py:3036} INFO - Sync 1 DAGs
[2026-05-27T08:39:01.531+0000] {processor.py:183} INFO - Processing /opt/airflow/dags/dag_crime_pipeline.py took 0.163 seconds
[2026-05-27T08:39:32.311+0000] {processor.py:161} INFO - Started process (PID=7000) to work on /opt/airflow/dags/dag_crime_pipeline.py
[2026-05-27T08:39:32.313+0000] {processor.py:830} INFO - Processing file /opt/airflow/dags/dag_crime_pipeline.py for tasks to queue
[2026-05-27T08:39:32.316+0000] {logging_mixin.py:188} INFO - [2026-05-27T08:39:32.315+0000] {dagbag.py:538} INFO - Filling up the DagBag from /opt/airflow/dags/dag_crime_pipeline.py
[2026-05-27T08:39:32.358+0000] {processor.py:840} INFO - DAG(s) 'crime_analytics_pipeline' retrieved from /opt/airflow/dags/dag_crime_pipeline.py
[2026-05-27T08:39:32.397+0000] {logging_mixin.py:188} INFO - [2026-05-27T08:39:32.396+0000] {dag.py:3036} INFO - Sync 1 DAGs
[2026-05-27T08:39:32.454+0000] {processor.py:183} INFO - Processing /opt/airflow/dags/dag_crime_pipeline.py took 0.148 seconds
[2026-05-27T08:40:03.194+0000] {processor.py:161} INFO - Started process (PID=7005) to work on /opt/airflow/dags/dag_crime_pipeline.py
[2026-05-27T08:40:03.196+0000] {processor.py:830} INFO - Processing file /opt/airflow/dags/dag_crime_pipeline.py for tasks to queue
[2026-05-27T08:40:03.199+0000] {logging_mixin.py:188} INFO - [2026-05-27T08:40:03.198+0000] {dagbag.py:538} INFO - Filling up the DagBag from /opt/airflow/dags/dag_crime_pipeline.py
[2026-05-27T08:40:03.239+0000] {processor.py:840} INFO - DAG(s) 'crime_analytics_pipeline' retrieved from /opt/airflow/dags/dag_crime_pipeline.py
[2026-05-27T08:40:03.273+0000] {logging_mixin.py:188} INFO - [2026-05-27T08:40:03.272+0000] {dag.py:3036} INFO - Sync 1 DAGs
[2026-05-27T08:40:03.316+0000] {processor.py:183} INFO - Processing /opt/airflow/dags/dag_crime_pipeline.py took 0.127 seconds
[2026-05-27T08:40:33.722+0000] {processor.py:161} INFO - Started process (PID=7010) to work on /opt/airflow/dags/dag_crime_pipeline.py
[2026-05-27T08:40:33.723+0000] {processor.py:830} INFO - Processing file /opt/airflow/dags/dag_crime_pipeline.py for tasks to queue
[2026-05-27T08:40:33.726+0000] {logging_mixin.py:188} INFO - [2026-05-27T08:40:33.726+0000] {dagbag.py:538} INFO - Filling up the DagBag from /opt/airflow/dags/dag_crime_pipeline.py
[2026-05-27T08:40:33.765+0000] {processor.py:840} INFO - DAG(s) 'crime_analytics_pipeline' retrieved from /opt/airflow/dags/dag_crime_pipeline.py
[2026-05-27T08:40:33.800+0000] {logging_mixin.py:188} INFO - [2026-05-27T08:40:33.800+0000] {dag.py:3036} INFO - Sync 1 DAGs
[2026-05-27T08:40:33.869+0000] {processor.py:183} INFO - Processing /opt/airflow/dags/dag_crime_pipeline.py took 0.152 seconds
[2026-05-27T08:41:04.593+0000] {processor.py:161} INFO - Started process (PID=7015) to work on /opt/airflow/dags/dag_crime_pipeline.py
[2026-05-27T08:41:04.595+0000] {processor.py:830} INFO - Processing file /opt/airflow/dags/dag_crime_pipeline.py for tasks to queue
[2026-05-27T08:41:04.598+0000] {logging_mixin.py:188} INFO - [2026-05-27T08:41:04.598+0000] {dagbag.py:538} INFO - Filling up the DagBag from /opt/airflow/dags/dag_crime_pipeline.py
[2026-05-27T08:41:04.639+0000] {processor.py:840} INFO - DAG(s) 'crime_analytics_pipeline' retrieved from /opt/airflow/dags/dag_crime_pipeline.py
[2026-05-27T08:41:04.673+0000] {logging_mixin.py:188} INFO - [2026-05-27T08:41:04.673+0000] {dag.py:3036} INFO - Sync 1 DAGs
[2026-05-27T08:41:04.711+0000] {processor.py:183} INFO - Processing /opt/airflow/dags/dag_crime_pipeline.py took 0.123 seconds
[2026-05-27T08:41:35.438+0000] {processor.py:161} INFO - Started process (PID=7020) to work on /opt/airflow/dags/dag_crime_pipeline.py
[2026-05-27T08:41:35.440+0000] {processor.py:830} INFO - Processing file /opt/airflow/dags/dag_crime_pipeline.py for tasks to queue
[2026-05-27T08:41:35.443+0000] {logging_mixin.py:188} INFO - [2026-05-27T08:41:35.442+0000] {dagbag.py:538} INFO - Filling up the DagBag from /opt/airflow/dags/dag_crime_pipeline.py
[2026-05-27T08:41:35.482+0000] {processor.py:840} INFO - DAG(s) 'crime_analytics_pipeline' retrieved from /opt/airflow/dags/dag_crime_pipeline.py
[2026-05-27T08:41:35.518+0000] {logging_mixin.py:188} INFO - [2026-05-27T08:41:35.517+0000] {dag.py:3036} INFO - Sync 1 DAGs
[2026-05-27T08:41:35.576+0000] {processor.py:183} INFO - Processing /opt/airflow/dags/dag_crime_pipeline.py took 0.142 seconds
[2026-05-27T08:42:06.364+0000] {processor.py:161} INFO - Started process (PID=7025) to work on /opt/airflow/dags/dag_crime_pipeline.py
[2026-05-27T08:42:06.368+0000] {processor.py:830} INFO - Processing file /opt/airflow/dags/dag_crime_pipeline.py for tasks to queue
[2026-05-27T08:42:06.371+0000] {logging_mixin.py:188} INFO - [2026-05-27T08:42:06.370+0000] {dagbag.py:538} INFO - Filling up the DagBag from /opt/airflow/dags/dag_crime_pipeline.py
[2026-05-27T08:42:06.411+0000] {processor.py:840} INFO - DAG(s) 'crime_analytics_pipeline' retrieved from /opt/airflow/dags/dag_crime_pipeline.py
[2026-05-27T08:42:06.439+0000] {logging_mixin.py:188} INFO - [2026-05-27T08:42:06.439+0000] {dag.py:3036} INFO - Sync 1 DAGs
[2026-05-27T08:42:06.480+0000] {processor.py:183} INFO - Processing /opt/airflow/dags/dag_crime_pipeline.py took 0.121 seconds
[2026-05-27T08:42:37.284+0000] {processor.py:161} INFO - Started process (PID=7030) to work on /opt/airflow/dags/dag_crime_pipeline.py
[2026-05-27T08:42:37.286+0000] {processor.py:830} INFO - Processing file /opt/airflow/dags/dag_crime_pipeline.py for tasks to queue
[2026-05-27T08:42:37.289+0000] {logging_mixin.py:188} INFO - [2026-05-27T08:42:37.288+0000] {dagbag.py:538} INFO - Filling up the DagBag from /opt/airflow/dags/dag_crime_pipeline.py
[2026-05-27T08:42:37.328+0000] {processor.py:840} INFO - DAG(s) 'crime_analytics_pipeline' retrieved from /opt/airflow/dags/dag_crime_pipeline.py
[2026-05-27T08:42:37.361+0000] {logging_mixin.py:188} INFO - [2026-05-27T08:42:37.360+0000] {dag.py:3036} INFO - Sync 1 DAGs
[2026-05-27T08:42:37.398+0000] {processor.py:183} INFO - Processing /opt/airflow/dags/dag_crime_pipeline.py took 0.118 seconds
[2026-05-27T08:43:08.188+0000] {processor.py:161} INFO - Started process (PID=7035) to work on /opt/airflow/dags/dag_crime_pipeline.py
[2026-05-27T08:43:08.190+0000] {processor.py:830} INFO - Processing file /opt/airflow/dags/dag_crime_pipeline.py for tasks to queue
[2026-05-27T08:43:08.193+0000] {logging_mixin.py:188} INFO - [2026-05-27T08:43:08.192+0000] {dagbag.py:538} INFO - Filling up the DagBag from /opt/airflow/dags/dag_crime_pipeline.py
[2026-05-27T08:43:08.235+0000] {processor.py:840} INFO - DAG(s) 'crime_analytics_pipeline' retrieved from /opt/airflow/dags/dag_crime_pipeline.py
[2026-05-27T08:43:08.265+0000] {logging_mixin.py:188} INFO - [2026-05-27T08:43:08.264+0000] {dag.py:3036} INFO - Sync 1 DAGs
[2026-05-27T08:43:08.305+0000] {processor.py:183} INFO - Processing /opt/airflow/dags/dag_crime_pipeline.py took 0.122 seconds
[2026-05-27T08:43:39.115+0000] {processor.py:161} INFO - Started process (PID=7040) to work on /opt/airflow/dags/dag_crime_pipeline.py
[2026-05-27T08:43:39.117+0000] {processor.py:830} INFO - Processing file /opt/airflow/dags/dag_crime_pipeline.py for tasks to queue
[2026-05-27T08:43:39.119+0000] {logging_mixin.py:188} INFO - [2026-05-27T08:43:39.119+0000] {dagbag.py:538} INFO - Filling up the DagBag from /opt/airflow/dags/dag_crime_pipeline.py
[2026-05-27T08:43:39.160+0000] {processor.py:840} INFO - DAG(s) 'crime_analytics_pipeline' retrieved from /opt/airflow/dags/dag_crime_pipeline.py
[2026-05-27T08:43:39.400+0000] {logging_mixin.py:188} INFO - [2026-05-27T08:43:39.399+0000] {dag.py:3036} INFO - Sync 1 DAGs
[2026-05-27T08:43:39.439+0000] {processor.py:183} INFO - Processing /opt/airflow/dags/dag_crime_pipeline.py took 0.122 seconds
[2026-05-27T08:44:10.208+0000] {processor.py:161} INFO - Started process (PID=7045) to work on /opt/airflow/dags/dag_crime_pipeline.py
[2026-05-27T08:44:10.210+0000] {processor.py:830} INFO - Processing file /opt/airflow/dags/dag_crime_pipeline.py for tasks to queue
[2026-05-27T08:44:10.213+0000] {logging_mixin.py:188} INFO - [2026-05-27T08:44:10.213+0000] {dagbag.py:538} INFO - Filling up the DagBag from /opt/airflow/dags/dag_crime_pipeline.py
[2026-05-27T08:44:10.252+0000] {processor.py:840} INFO - DAG(s) 'crime_analytics_pipeline' retrieved from /opt/airflow/dags/dag_crime_pipeline.py
[2026-05-27T08:44:10.286+0000] {logging_mixin.py:188} INFO - [2026-05-27T08:44:10.286+0000] {dag.py:3036} INFO - Sync 1 DAGs
[2026-05-27T08:44:10.327+0000] {processor.py:183} INFO - Processing /opt/airflow/dags/dag_crime_pipeline.py took 0.123 seconds
[2026-05-27T08:44:41.193+0000] {processor.py:161} INFO - Started process (PID=7050) to work on /opt/airflow/dags/dag_crime_pipeline.py
[2026-05-27T08:44:41.194+0000] {processor.py:830} INFO - Processing file /opt/airflow/dags/dag_crime_pipeline.py for tasks to queue
[2026-05-27T08:44:41.197+0000] {logging_mixin.py:188} INFO - [2026-05-27T08:44:41.197+0000] {dagbag.py:538} INFO - Filling up the DagBag from /opt/airflow/dags/dag_crime_pipeline.py
[2026-05-27T08:44:41.236+0000] {processor.py:840} INFO - DAG(s) 'crime_analytics_pipeline' retrieved from /opt/airflow/dags/dag_crime_pipeline.py
[2026-05-27T08:44:41.268+0000] {logging_mixin.py:188} INFO - [2026-05-27T08:44:41.268+0000] {dag.py:3036} INFO - Sync 1 DAGs
[2026-05-27T08:44:41.325+0000] {processor.py:183} INFO - Processing /opt/airflow/dags/dag_crime_pipeline.py took 0.137 seconds
[2026-05-27T08:45:12.093+0000] {processor.py:161} INFO - Started process (PID=7055) to work on /opt/airflow/dags/dag_crime_pipeline.py
[2026-05-27T08:45:12.094+0000] {processor.py:830} INFO - Processing file /opt/airflow/dags/dag_crime_pipeline.py for tasks to queue
[2026-05-27T08:45:12.097+0000] {logging_mixin.py:188} INFO - [2026-05-27T08:45:12.097+0000] {dagbag.py:538} INFO - Filling up the DagBag from /opt/airflow/dags/dag_crime_pipeline.py
[2026-05-27T08:45:12.144+0000] {processor.py:840} INFO - DAG(s) 'crime_analytics_pipeline' retrieved from /opt/airflow/dags/dag_crime_pipeline.py
[2026-05-27T08:45:12.182+0000] {logging_mixin.py:188} INFO - [2026-05-27T08:45:12.181+0000] {dag.py:3036} INFO - Sync 1 DAGs
[2026-05-27T08:45:12.251+0000] {processor.py:183} INFO - Processing /opt/airflow/dags/dag_crime_pipeline.py took 0.164 seconds
[2026-05-27T08:45:43.001+0000] {processor.py:161} INFO - Started process (PID=7060) to work on /opt/airflow/dags/dag_crime_pipeline.py
[2026-05-27T08:45:43.003+0000] {processor.py:830} INFO - Processing file /opt/airflow/dags/dag_crime_pipeline.py for tasks to queue
[2026-05-27T08:45:43.005+0000] {logging_mixin.py:188} INFO - [2026-05-27T08:45:43.005+0000] {dagbag.py:538} INFO - Filling up the DagBag from /opt/airflow/dags/dag_crime_pipeline.py
[2026-05-27T08:45:43.043+0000] {processor.py:840} INFO - DAG(s) 'crime_analytics_pipeline' retrieved from /opt/airflow/dags/dag_crime_pipeline.py
[2026-05-27T08:45:43.075+0000] {logging_mixin.py:188} INFO - [2026-05-27T08:45:43.074+0000] {dag.py:3036} INFO - Sync 1 DAGs
[2026-05-27T08:45:43.116+0000] {processor.py:183} INFO - Processing /opt/airflow/dags/dag_crime_pipeline.py took 0.119 seconds
[2026-05-27T08:46:13.950+0000] {processor.py:161} INFO - Started process (PID=7065) to work on /opt/airflow/dags/dag_crime_pipeline.py
[2026-05-27T08:46:13.952+0000] {processor.py:830} INFO - Processing file /opt/airflow/dags/dag_crime_pipeline.py for tasks to queue
[2026-05-27T08:46:13.955+0000] {logging_mixin.py:188} INFO - [2026-05-27T08:46:13.955+0000] {dagbag.py:538} INFO - Filling up the DagBag from /opt/airflow/dags/dag_crime_pipeline.py
[2026-05-27T08:46:13.996+0000] {processor.py:840} INFO - DAG(s) 'crime_analytics_pipeline' retrieved from /opt/airflow/dags/dag_crime_pipeline.py
[2026-05-27T08:46:14.037+0000] {logging_mixin.py:188} INFO - [2026-05-27T08:46:14.037+0000] {dag.py:3036} INFO - Sync 1 DAGs
[2026-05-27T08:46:14.074+0000] {processor.py:183} INFO - Processing /opt/airflow/dags/dag_crime_pipeline.py took 0.128 seconds
[2026-05-27T08:46:44.443+0000] {processor.py:161} INFO - Started process (PID=7070) to work on /opt/airflow/dags/dag_crime_pipeline.py
[2026-05-27T08:46:44.445+0000] {processor.py:830} INFO - Processing file /opt/airflow/dags/dag_crime_pipeline.py for tasks to queue
[2026-05-27T08:46:44.448+0000] {logging_mixin.py:188} INFO - [2026-05-27T08:46:44.447+0000] {dagbag.py:538} INFO - Filling up the DagBag from /opt/airflow/dags/dag_crime_pipeline.py
[2026-05-27T08:46:44.491+0000] {processor.py:840} INFO - DAG(s) 'crime_analytics_pipeline' retrieved from /opt/airflow/dags/dag_crime_pipeline.py
[2026-05-27T08:46:44.529+0000] {logging_mixin.py:188} INFO - [2026-05-27T08:46:44.528+0000] {dag.py:3036} INFO - Sync 1 DAGs
[2026-05-27T08:46:44.572+0000] {processor.py:183} INFO - Processing /opt/airflow/dags/dag_crime_pipeline.py took 0.135 seconds
[2026-05-27T08:47:15.495+0000] {processor.py:161} INFO - Started process (PID=7075) to work on /opt/airflow/dags/dag_crime_pipeline.py
[2026-05-27T08:47:15.497+0000] {processor.py:830} INFO - Processing file /opt/airflow/dags/dag_crime_pipeline.py for tasks to queue
[2026-05-27T08:47:15.499+0000] {logging_mixin.py:188} INFO - [2026-05-27T08:47:15.499+0000] {dagbag.py:538} INFO - Filling up the DagBag from /opt/airflow/dags/dag_crime_pipeline.py
[2026-05-27T08:47:15.540+0000] {processor.py:840} INFO - DAG(s) 'crime_analytics_pipeline' retrieved from /opt/airflow/dags/dag_crime_pipeline.py
[2026-05-27T08:47:15.574+0000] {logging_mixin.py:188} INFO - [2026-05-27T08:47:15.574+0000] {dag.py:3036} INFO - Sync 1 DAGs
[2026-05-27T08:47:15.613+0000] {processor.py:183} INFO - Processing /opt/airflow/dags/dag_crime_pipeline.py took 0.123 seconds
[2026-05-27T08:47:45.891+0000] {processor.py:161} INFO - Started process (PID=7080) to work on /opt/airflow/dags/dag_crime_pipeline.py
[2026-05-27T08:47:45.893+0000] {processor.py:830} INFO - Processing file /opt/airflow/dags/dag_crime_pipeline.py for tasks to queue
[2026-05-27T08:47:45.896+0000] {logging_mixin.py:188} INFO - [2026-05-27T08:47:45.895+0000] {dagbag.py:538} INFO - Filling up the DagBag from /opt/airflow/dags/dag_crime_pipeline.py
[2026-05-27T08:47:45.936+0000] {processor.py:840} INFO - DAG(s) 'crime_analytics_pipeline' retrieved from /opt/airflow/dags/dag_crime_pipeline.py
[2026-05-27T08:47:45.969+0000] {logging_mixin.py:188} INFO - [2026-05-27T08:47:45.969+0000] {dag.py:3036} INFO - Sync 1 DAGs
[2026-05-27T08:47:46.010+0000] {processor.py:183} INFO - Processing /opt/airflow/dags/dag_crime_pipeline.py took 0.123 seconds
[2026-05-27T08:48:16.913+0000] {processor.py:161} INFO - Started process (PID=7085) to work on /opt/airflow/dags/dag_crime_pipeline.py
[2026-05-27T08:48:16.914+0000] {processor.py:830} INFO - Processing file /opt/airflow/dags/dag_crime_pipeline.py for tasks to queue
[2026-05-27T08:48:16.917+0000] {logging_mixin.py:188} INFO - [2026-05-27T08:48:16.917+0000] {dagbag.py:538} INFO - Filling up the DagBag from /opt/airflow/dags/dag_crime_pipeline.py
[2026-05-27T08:48:16.958+0000] {processor.py:840} INFO - DAG(s) 'crime_analytics_pipeline' retrieved from /opt/airflow/dags/dag_crime_pipeline.py
[2026-05-27T08:48:16.997+0000] {logging_mixin.py:188} INFO - [2026-05-27T08:48:16.996+0000] {dag.py:3036} INFO - Sync 1 DAGs
[2026-05-27T08:48:17.068+0000] {processor.py:183} INFO - Processing /opt/airflow/dags/dag_crime_pipeline.py took 0.159 seconds
[2026-05-27T08:48:47.755+0000] {processor.py:161} INFO - Started process (PID=7090) to work on /opt/airflow/dags/dag_crime_pipeline.py
[2026-05-27T08:48:47.757+0000] {processor.py:830} INFO - Processing file /opt/airflow/dags/dag_crime_pipeline.py for tasks to queue
[2026-05-27T08:48:47.760+0000] {logging_mixin.py:188} INFO - [2026-05-27T08:48:47.760+0000] {dagbag.py:538} INFO - Filling up the DagBag from /opt/airflow/dags/dag_crime_pipeline.py
[2026-05-27T08:48:47.800+0000] {processor.py:840} INFO - DAG(s) 'crime_analytics_pipeline' retrieved from /opt/airflow/dags/dag_crime_pipeline.py
[2026-05-27T08:48:47.836+0000] {logging_mixin.py:188} INFO - [2026-05-27T08:48:47.836+0000] {dag.py:3036} INFO - Sync 1 DAGs
[2026-05-27T08:48:47.877+0000] {processor.py:183} INFO - Processing /opt/airflow/dags/dag_crime_pipeline.py took 0.127 seconds
[2026-05-27T08:49:18.770+0000] {processor.py:161} INFO - Started process (PID=7095) to work on /opt/airflow/dags/dag_crime_pipeline.py
[2026-05-27T08:49:18.772+0000] {processor.py:830} INFO - Processing file /opt/airflow/dags/dag_crime_pipeline.py for tasks to queue
[2026-05-27T08:49:18.774+0000] {logging_mixin.py:188} INFO - [2026-05-27T08:49:18.774+0000] {dagbag.py:538} INFO - Filling up the DagBag from /opt/airflow/dags/dag_crime_pipeline.py
[2026-05-27T08:49:18.814+0000] {processor.py:840} INFO - DAG(s) 'crime_analytics_pipeline' retrieved from /opt/airflow/dags/dag_crime_pipeline.py
[2026-05-27T08:49:18.846+0000] {logging_mixin.py:188} INFO - [2026-05-27T08:49:18.846+0000] {dag.py:3036} INFO - Sync 1 DAGs
[2026-05-27T08:49:18.905+0000] {processor.py:183} INFO - Processing /opt/airflow/dags/dag_crime_pipeline.py took 0.139 seconds
[2026-05-27T08:49:49.580+0000] {processor.py:161} INFO - Started process (PID=7100) to work on /opt/airflow/dags/dag_crime_pipeline.py
[2026-05-27T08:49:49.582+0000] {processor.py:830} INFO - Processing file /opt/airflow/dags/dag_crime_pipeline.py for tasks to queue
[2026-05-27T08:49:49.585+0000] {logging_mixin.py:188} INFO - [2026-05-27T08:49:49.584+0000] {dagbag.py:538} INFO - Filling up the DagBag from /opt/airflow/dags/dag_crime_pipeline.py
[2026-05-27T08:49:49.624+0000] {processor.py:840} INFO - DAG(s) 'crime_analytics_pipeline' retrieved from /opt/airflow/dags/dag_crime_pipeline.py
[2026-05-27T08:49:49.659+0000] {logging_mixin.py:188} INFO - [2026-05-27T08:49:49.658+0000] {dag.py:3036} INFO - Sync 1 DAGs
[2026-05-27T08:49:49.720+0000] {processor.py:183} INFO - Processing /opt/airflow/dags/dag_crime_pipeline.py took 0.144 seconds
[2026-05-27T08:50:20.594+0000] {processor.py:161} INFO - Started process (PID=7105) to work on /opt/airflow/dags/dag_crime_pipeline.py
[2026-05-27T08:50:20.596+0000] {processor.py:830} INFO - Processing file /opt/airflow/dags/dag_crime_pipeline.py for tasks to queue
[2026-05-27T08:50:20.599+0000] {logging_mixin.py:188} INFO - [2026-05-27T08:50:20.598+0000] {dagbag.py:538} INFO - Filling up the DagBag from /opt/airflow/dags/dag_crime_pipeline.py
[2026-05-27T08:50:20.638+0000] {processor.py:840} INFO - DAG(s) 'crime_analytics_pipeline' retrieved from /opt/airflow/dags/dag_crime_pipeline.py
[2026-05-27T08:50:20.672+0000] {logging_mixin.py:188} INFO - [2026-05-27T08:50:20.671+0000] {dag.py:3036} INFO - Sync 1 DAGs
[2026-05-27T08:50:20.730+0000] {processor.py:183} INFO - Processing /opt/airflow/dags/dag_crime_pipeline.py took 0.140 seconds
[2026-05-27T08:50:51.488+0000] {processor.py:161} INFO - Started process (PID=7110) to work on /opt/airflow/dags/dag_crime_pipeline.py
[2026-05-27T08:50:51.489+0000] {processor.py:830} INFO - Processing file /opt/airflow/dags/dag_crime_pipeline.py for tasks to queue
[2026-05-27T08:50:51.492+0000] {logging_mixin.py:188} INFO - [2026-05-27T08:50:51.491+0000] {dagbag.py:538} INFO - Filling up the DagBag from /opt/airflow/dags/dag_crime_pipeline.py
[2026-05-27T08:50:51.531+0000] {processor.py:840} INFO - DAG(s) 'crime_analytics_pipeline' retrieved from /opt/airflow/dags/dag_crime_pipeline.py
[2026-05-27T08:50:51.566+0000] {logging_mixin.py:188} INFO - [2026-05-27T08:50:51.565+0000] {dag.py:3036} INFO - Sync 1 DAGs
[2026-05-27T08:50:51.604+0000] {processor.py:183} INFO - Processing /opt/airflow/dags/dag_crime_pipeline.py took 0.121 seconds
[2026-05-27T08:51:22.065+0000] {processor.py:161} INFO - Started process (PID=7115) to work on /opt/airflow/dags/dag_crime_pipeline.py
[2026-05-27T08:51:22.067+0000] {processor.py:830} INFO - Processing file /opt/airflow/dags/dag_crime_pipeline.py for tasks to queue
[2026-05-27T08:51:22.070+0000] {logging_mixin.py:188} INFO - [2026-05-27T08:51:22.070+0000] {dagbag.py:538} INFO - Filling up the DagBag from /opt/airflow/dags/dag_crime_pipeline.py
[2026-05-27T08:51:22.111+0000] {processor.py:840} INFO - DAG(s) 'crime_analytics_pipeline' retrieved from /opt/airflow/dags/dag_crime_pipeline.py
[2026-05-27T08:51:22.141+0000] {logging_mixin.py:188} INFO - [2026-05-27T08:51:22.141+0000] {dag.py:3036} INFO - Sync 1 DAGs
[2026-05-27T08:51:22.179+0000] {processor.py:183} INFO - Processing /opt/airflow/dags/dag_crime_pipeline.py took 0.118 seconds
[2026-05-27T08:51:53.007+0000] {processor.py:161} INFO - Started process (PID=7120) to work on /opt/airflow/dags/dag_crime_pipeline.py
[2026-05-27T08:51:53.009+0000] {processor.py:830} INFO - Processing file /opt/airflow/dags/dag_crime_pipeline.py for tasks to queue
[2026-05-27T08:51:53.012+0000] {logging_mixin.py:188} INFO - [2026-05-27T08:51:53.011+0000] {dagbag.py:538} INFO - Filling up the DagBag from /opt/airflow/dags/dag_crime_pipeline.py
[2026-05-27T08:51:53.052+0000] {processor.py:840} INFO - DAG(s) 'crime_analytics_pipeline' retrieved from /opt/airflow/dags/dag_crime_pipeline.py
[2026-05-27T08:51:53.083+0000] {logging_mixin.py:188} INFO - [2026-05-27T08:51:53.083+0000] {dag.py:3036} INFO - Sync 1 DAGs
[2026-05-27T08:51:53.121+0000] {processor.py:183} INFO - Processing /opt/airflow/dags/dag_crime_pipeline.py took 0.120 seconds
[2026-05-27T08:52:24.082+0000] {processor.py:161} INFO - Started process (PID=7125) to work on /opt/airflow/dags/dag_crime_pipeline.py
[2026-05-27T08:52:24.084+0000] {processor.py:830} INFO - Processing file /opt/airflow/dags/dag_crime_pipeline.py for tasks to queue
[2026-05-27T08:52:24.086+0000] {logging_mixin.py:188} INFO - [2026-05-27T08:52:24.086+0000] {dagbag.py:538} INFO - Filling up the DagBag from /opt/airflow/dags/dag_crime_pipeline.py
[2026-05-27T08:52:24.133+0000] {processor.py:840} INFO - DAG(s) 'crime_analytics_pipeline' retrieved from /opt/airflow/dags/dag_crime_pipeline.py
[2026-05-27T08:52:24.166+0000] {logging_mixin.py:188} INFO - [2026-05-27T08:52:24.166+0000] {dag.py:3036} INFO - Sync 1 DAGs
[2026-05-27T08:52:24.202+0000] {processor.py:183} INFO - Processing /opt/airflow/dags/dag_crime_pipeline.py took 0.124 seconds
[2026-05-27T08:52:54.945+0000] {processor.py:161} INFO - Started process (PID=7130) to work on /opt/airflow/dags/dag_crime_pipeline.py
[2026-05-27T08:52:54.947+0000] {processor.py:830} INFO - Processing file /opt/airflow/dags/dag_crime_pipeline.py for tasks to queue
[2026-05-27T08:52:54.950+0000] {logging_mixin.py:188} INFO - [2026-05-27T08:52:54.949+0000] {dagbag.py:538} INFO - Filling up the DagBag from /opt/airflow/dags/dag_crime_pipeline.py
[2026-05-27T08:52:54.989+0000] {processor.py:840} INFO - DAG(s) 'crime_analytics_pipeline' retrieved from /opt/airflow/dags/dag_crime_pipeline.py
[2026-05-27T08:52:55.027+0000] {logging_mixin.py:188} INFO - [2026-05-27T08:52:55.027+0000] {dag.py:3036} INFO - Sync 1 DAGs
[2026-05-27T08:52:55.089+0000] {processor.py:183} INFO - Processing /opt/airflow/dags/dag_crime_pipeline.py took 0.149 seconds
[2026-05-27T08:53:25.935+0000] {processor.py:161} INFO - Started process (PID=7135) to work on /opt/airflow/dags/dag_crime_pipeline.py
[2026-05-27T08:53:25.936+0000] {processor.py:830} INFO - Processing file /opt/airflow/dags/dag_crime_pipeline.py for tasks to queue
[2026-05-27T08:53:25.939+0000] {logging_mixin.py:188} INFO - [2026-05-27T08:53:25.939+0000] {dagbag.py:538} INFO - Filling up the DagBag from /opt/airflow/dags/dag_crime_pipeline.py
[2026-05-27T08:53:25.981+0000] {processor.py:840} INFO - DAG(s) 'crime_analytics_pipeline' retrieved from /opt/airflow/dags/dag_crime_pipeline.py
[2026-05-27T08:53:26.013+0000] {logging_mixin.py:188} INFO - [2026-05-27T08:53:26.012+0000] {dag.py:3036} INFO - Sync 1 DAGs
[2026-05-27T08:53:26.068+0000] {processor.py:183} INFO - Processing /opt/airflow/dags/dag_crime_pipeline.py took 0.138 seconds
[2026-05-27T08:53:56.849+0000] {processor.py:161} INFO - Started process (PID=7140) to work on /opt/airflow/dags/dag_crime_pipeline.py
[2026-05-27T08:53:56.851+0000] {processor.py:830} INFO - Processing file /opt/airflow/dags/dag_crime_pipeline.py for tasks to queue
[2026-05-27T08:53:56.854+0000] {logging_mixin.py:188} INFO - [2026-05-27T08:53:56.854+0000] {dagbag.py:538} INFO - Filling up the DagBag from /opt/airflow/dags/dag_crime_pipeline.py
[2026-05-27T08:53:56.894+0000] {processor.py:840} INFO - DAG(s) 'crime_analytics_pipeline' retrieved from /opt/airflow/dags/dag_crime_pipeline.py
[2026-05-27T08:53:56.930+0000] {logging_mixin.py:188} INFO - [2026-05-27T08:53:56.930+0000] {dag.py:3036} INFO - Sync 1 DAGs
[2026-05-27T08:53:56.995+0000] {processor.py:183} INFO - Processing /opt/airflow/dags/dag_crime_pipeline.py took 0.151 seconds
[2026-05-27T08:54:27.944+0000] {processor.py:161} INFO - Started process (PID=7145) to work on /opt/airflow/dags/dag_crime_pipeline.py
[2026-05-27T08:54:27.946+0000] {processor.py:830} INFO - Processing file /opt/airflow/dags/dag_crime_pipeline.py for tasks to queue
[2026-05-27T08:54:27.950+0000] {logging_mixin.py:188} INFO - [2026-05-27T08:54:27.949+0000] {dagbag.py:538} INFO - Filling up the DagBag from /opt/airflow/dags/dag_crime_pipeline.py
[2026-05-27T08:54:27.990+0000] {processor.py:840} INFO - DAG(s) 'crime_analytics_pipeline' retrieved from /opt/airflow/dags/dag_crime_pipeline.py
[2026-05-27T08:54:28.019+0000] {logging_mixin.py:188} INFO - [2026-05-27T08:54:28.018+0000] {dag.py:3036} INFO - Sync 1 DAGs
[2026-05-27T08:54:28.058+0000] {processor.py:183} INFO - Processing /opt/airflow/dags/dag_crime_pipeline.py took 0.121 seconds
[2026-05-27T08:54:58.850+0000] {processor.py:161} INFO - Started process (PID=7150) to work on /opt/airflow/dags/dag_crime_pipeline.py
[2026-05-27T08:54:58.852+0000] {processor.py:830} INFO - Processing file /opt/airflow/dags/dag_crime_pipeline.py for tasks to queue
[2026-05-27T08:54:58.855+0000] {logging_mixin.py:188} INFO - [2026-05-27T08:54:58.855+0000] {dagbag.py:538} INFO - Filling up the DagBag from /opt/airflow/dags/dag_crime_pipeline.py
[2026-05-27T08:54:58.900+0000] {processor.py:840} INFO - DAG(s) 'crime_analytics_pipeline' retrieved from /opt/airflow/dags/dag_crime_pipeline.py
[2026-05-27T08:54:58.933+0000] {logging_mixin.py:188} INFO - [2026-05-27T08:54:58.933+0000] {dag.py:3036} INFO - Sync 1 DAGs
[2026-05-27T08:54:58.975+0000] {processor.py:183} INFO - Processing /opt/airflow/dags/dag_crime_pipeline.py took 0.130 seconds
[2026-05-27T08:55:29.809+0000] {processor.py:161} INFO - Started process (PID=7155) to work on /opt/airflow/dags/dag_crime_pipeline.py
[2026-05-27T08:55:29.811+0000] {processor.py:830} INFO - Processing file /opt/airflow/dags/dag_crime_pipeline.py for tasks to queue
[2026-05-27T08:55:29.814+0000] {logging_mixin.py:188} INFO - [2026-05-27T08:55:29.813+0000] {dagbag.py:538} INFO - Filling up the DagBag from /opt/airflow/dags/dag_crime_pipeline.py
[2026-05-27T08:55:29.853+0000] {processor.py:840} INFO - DAG(s) 'crime_analytics_pipeline' retrieved from /opt/airflow/dags/dag_crime_pipeline.py
[2026-05-27T08:55:29.886+0000] {logging_mixin.py:188} INFO - [2026-05-27T08:55:29.886+0000] {dag.py:3036} INFO - Sync 1 DAGs
[2026-05-27T08:55:29.952+0000] {processor.py:183} INFO - Processing /opt/airflow/dags/dag_crime_pipeline.py took 0.147 seconds
[2026-05-27T08:56:00.795+0000] {processor.py:161} INFO - Started process (PID=7160) to work on /opt/airflow/dags/dag_crime_pipeline.py
[2026-05-27T08:56:00.797+0000] {processor.py:830} INFO - Processing file /opt/airflow/dags/dag_crime_pipeline.py for tasks to queue
[2026-05-27T08:56:00.801+0000] {logging_mixin.py:188} INFO - [2026-05-27T08:56:00.801+0000] {dagbag.py:538} INFO - Filling up the DagBag from /opt/airflow/dags/dag_crime_pipeline.py
[2026-05-27T08:56:00.845+0000] {processor.py:840} INFO - DAG(s) 'crime_analytics_pipeline' retrieved from /opt/airflow/dags/dag_crime_pipeline.py
[2026-05-27T08:56:00.878+0000] {logging_mixin.py:188} INFO - [2026-05-27T08:56:00.878+0000] {dag.py:3036} INFO - Sync 1 DAGs
[2026-05-27T08:56:00.916+0000] {processor.py:183} INFO - Processing /opt/airflow/dags/dag_crime_pipeline.py took 0.127 seconds
[2026-05-27T08:56:31.836+0000] {processor.py:161} INFO - Started process (PID=7165) to work on /opt/airflow/dags/dag_crime_pipeline.py
[2026-05-27T08:56:31.838+0000] {processor.py:830} INFO - Processing file /opt/airflow/dags/dag_crime_pipeline.py for tasks to queue
[2026-05-27T08:56:31.841+0000] {logging_mixin.py:188} INFO - [2026-05-27T08:56:31.841+0000] {dagbag.py:538} INFO - Filling up the DagBag from /opt/airflow/dags/dag_crime_pipeline.py
[2026-05-27T08:56:31.879+0000] {processor.py:840} INFO - DAG(s) 'crime_analytics_pipeline' retrieved from /opt/airflow/dags/dag_crime_pipeline.py
[2026-05-27T08:56:31.912+0000] {logging_mixin.py:188} INFO - [2026-05-27T08:56:31.912+0000] {dag.py:3036} INFO - Sync 1 DAGs
[2026-05-27T08:56:31.957+0000] {processor.py:183} INFO - Processing /opt/airflow/dags/dag_crime_pipeline.py took 0.125 seconds
[2026-05-27T08:57:02.782+0000] {processor.py:161} INFO - Started process (PID=7170) to work on /opt/airflow/dags/dag_crime_pipeline.py
[2026-05-27T08:57:02.783+0000] {processor.py:830} INFO - Processing file /opt/airflow/dags/dag_crime_pipeline.py for tasks to queue
[2026-05-27T08:57:02.787+0000] {logging_mixin.py:188} INFO - [2026-05-27T08:57:02.787+0000] {dagbag.py:538} INFO - Filling up the DagBag from /opt/airflow/dags/dag_crime_pipeline.py
[2026-05-27T08:57:02.834+0000] {processor.py:840} INFO - DAG(s) 'crime_analytics_pipeline' retrieved from /opt/airflow/dags/dag_crime_pipeline.py
[2026-05-27T08:57:02.872+0000] {logging_mixin.py:188} INFO - [2026-05-27T08:57:02.871+0000] {dag.py:3036} INFO - Sync 1 DAGs
[2026-05-27T08:57:02.931+0000] {processor.py:183} INFO - Processing /opt/airflow/dags/dag_crime_pipeline.py took 0.154 seconds
[2026-05-27T08:57:33.871+0000] {processor.py:161} INFO - Started process (PID=7175) to work on /opt/airflow/dags/dag_crime_pipeline.py
[2026-05-27T08:57:33.873+0000] {processor.py:830} INFO - Processing file /opt/airflow/dags/dag_crime_pipeline.py for tasks to queue
[2026-05-27T08:57:33.877+0000] {logging_mixin.py:188} INFO - [2026-05-27T08:57:33.876+0000] {dagbag.py:538} INFO - Filling up the DagBag from /opt/airflow/dags/dag_crime_pipeline.py
[2026-05-27T08:57:33.924+0000] {processor.py:840} INFO - DAG(s) 'crime_analytics_pipeline' retrieved from /opt/airflow/dags/dag_crime_pipeline.py
[2026-05-27T08:57:33.959+0000] {logging_mixin.py:188} INFO - [2026-05-27T08:57:33.958+0000] {dag.py:3036} INFO - Sync 1 DAGs
[2026-05-27T08:57:34.026+0000] {processor.py:183} INFO - Processing /opt/airflow/dags/dag_crime_pipeline.py took 0.159 seconds
[2026-05-27T08:58:04.821+0000] {processor.py:161} INFO - Started process (PID=7180) to work on /opt/airflow/dags/dag_crime_pipeline.py
[2026-05-27T08:58:04.823+0000] {processor.py:830} INFO - Processing file /opt/airflow/dags/dag_crime_pipeline.py for tasks to queue
[2026-05-27T08:58:04.826+0000] {logging_mixin.py:188} INFO - [2026-05-27T08:58:04.826+0000] {dagbag.py:538} INFO - Filling up the DagBag from /opt/airflow/dags/dag_crime_pipeline.py
[2026-05-27T08:58:04.869+0000] {processor.py:840} INFO - DAG(s) 'crime_analytics_pipeline' retrieved from /opt/airflow/dags/dag_crime_pipeline.py
[2026-05-27T08:58:04.906+0000] {logging_mixin.py:188} INFO - [2026-05-27T08:58:04.905+0000] {dag.py:3036} INFO - Sync 1 DAGs
[2026-05-27T08:58:04.965+0000] {processor.py:183} INFO - Processing /opt/airflow/dags/dag_crime_pipeline.py took 0.149 seconds
[2026-05-27T08:58:35.951+0000] {processor.py:161} INFO - Started process (PID=7185) to work on /opt/airflow/dags/dag_crime_pipeline.py
[2026-05-27T08:58:35.952+0000] {processor.py:830} INFO - Processing file /opt/airflow/dags/dag_crime_pipeline.py for tasks to queue
[2026-05-27T08:58:35.955+0000] {logging_mixin.py:188} INFO - [2026-05-27T08:58:35.955+0000] {dagbag.py:538} INFO - Filling up the DagBag from /opt/airflow/dags/dag_crime_pipeline.py
[2026-05-27T08:58:35.993+0000] {processor.py:840} INFO - DAG(s) 'crime_analytics_pipeline' retrieved from /opt/airflow/dags/dag_crime_pipeline.py
[2026-05-27T08:58:36.028+0000] {logging_mixin.py:188} INFO - [2026-05-27T08:58:36.027+0000] {dag.py:3036} INFO - Sync 1 DAGs
[2026-05-27T08:58:36.071+0000] {processor.py:183} INFO - Processing /opt/airflow/dags/dag_crime_pipeline.py took 0.124 seconds
[2026-05-27T08:59:06.875+0000] {processor.py:161} INFO - Started process (PID=7190) to work on /opt/airflow/dags/dag_crime_pipeline.py
[2026-05-27T08:59:06.877+0000] {processor.py:830} INFO - Processing file /opt/airflow/dags/dag_crime_pipeline.py for tasks to queue
[2026-05-27T08:59:06.881+0000] {logging_mixin.py:188} INFO - [2026-05-27T08:59:06.880+0000] {dagbag.py:538} INFO - Filling up the DagBag from /opt/airflow/dags/dag_crime_pipeline.py
[2026-05-27T08:59:06.920+0000] {processor.py:840} INFO - DAG(s) 'crime_analytics_pipeline' retrieved from /opt/airflow/dags/dag_crime_pipeline.py
[2026-05-27T08:59:06.950+0000] {logging_mixin.py:188} INFO - [2026-05-27T08:59:06.949+0000] {dag.py:3036} INFO - Sync 1 DAGs
[2026-05-27T08:59:06.988+0000] {processor.py:183} INFO - Processing /opt/airflow/dags/dag_crime_pipeline.py took 0.118 seconds
[2026-05-27T08:59:37.890+0000] {processor.py:161} INFO - Started process (PID=7195) to work on /opt/airflow/dags/dag_crime_pipeline.py
[2026-05-27T08:59:37.891+0000] {processor.py:830} INFO - Processing file /opt/airflow/dags/dag_crime_pipeline.py for tasks to queue
[2026-05-27T08:59:37.894+0000] {logging_mixin.py:188} INFO - [2026-05-27T08:59:37.893+0000] {dagbag.py:538} INFO - Filling up the DagBag from /opt/airflow/dags/dag_crime_pipeline.py
[2026-05-27T08:59:37.932+0000] {processor.py:840} INFO - DAG(s) 'crime_analytics_pipeline' retrieved from /opt/airflow/dags/dag_crime_pipeline.py
[2026-05-27T08:59:37.968+0000] {logging_mixin.py:188} INFO - [2026-05-27T08:59:37.967+0000] {dag.py:3036} INFO - Sync 1 DAGs
[2026-05-27T08:59:38.009+0000] {processor.py:183} INFO - Processing /opt/airflow/dags/dag_crime_pipeline.py took 0.123 seconds
[2026-05-27T09:00:08.837+0000] {processor.py:161} INFO - Started process (PID=7200) to work on /opt/airflow/dags/dag_crime_pipeline.py
[2026-05-27T09:00:08.838+0000] {processor.py:830} INFO - Processing file /opt/airflow/dags/dag_crime_pipeline.py for tasks to queue
[2026-05-27T09:00:08.842+0000] {logging_mixin.py:188} INFO - [2026-05-27T09:00:08.842+0000] {dagbag.py:538} INFO - Filling up the DagBag from /opt/airflow/dags/dag_crime_pipeline.py
[2026-05-27T09:00:08.879+0000] {processor.py:840} INFO - DAG(s) 'crime_analytics_pipeline' retrieved from /opt/airflow/dags/dag_crime_pipeline.py
[2026-05-27T09:00:08.912+0000] {logging_mixin.py:188} INFO - [2026-05-27T09:00:08.912+0000] {dag.py:3036} INFO - Sync 1 DAGs
[2026-05-27T09:00:08.971+0000] {processor.py:183} INFO - Processing /opt/airflow/dags/dag_crime_pipeline.py took 0.139 seconds
[2026-05-27T09:00:39.997+0000] {processor.py:161} INFO - Started process (PID=7205) to work on /opt/airflow/dags/dag_crime_pipeline.py
[2026-05-27T09:00:39.998+0000] {processor.py:830} INFO - Processing file /opt/airflow/dags/dag_crime_pipeline.py for tasks to queue
[2026-05-27T09:00:40.002+0000] {logging_mixin.py:188} INFO - [2026-05-27T09:00:40.001+0000] {dagbag.py:538} INFO - Filling up the DagBag from /opt/airflow/dags/dag_crime_pipeline.py
[2026-05-27T09:00:40.040+0000] {processor.py:840} INFO - DAG(s) 'crime_analytics_pipeline' retrieved from /opt/airflow/dags/dag_crime_pipeline.py
[2026-05-27T09:00:40.072+0000] {logging_mixin.py:188} INFO - [2026-05-27T09:00:40.071+0000] {dag.py:3036} INFO - Sync 1 DAGs
[2026-05-27T09:00:40.109+0000] {processor.py:183} INFO - Processing /opt/airflow/dags/dag_crime_pipeline.py took 0.116 seconds
[2026-05-27T09:01:10.920+0000] {processor.py:161} INFO - Started process (PID=7210) to work on /opt/airflow/dags/dag_crime_pipeline.py
[2026-05-27T09:01:10.922+0000] {processor.py:830} INFO - Processing file /opt/airflow/dags/dag_crime_pipeline.py for tasks to queue
[2026-05-27T09:01:10.925+0000] {logging_mixin.py:188} INFO - [2026-05-27T09:01:10.925+0000] {dagbag.py:538} INFO - Filling up the DagBag from /opt/airflow/dags/dag_crime_pipeline.py
[2026-05-27T09:01:10.964+0000] {processor.py:840} INFO - DAG(s) 'crime_analytics_pipeline' retrieved from /opt/airflow/dags/dag_crime_pipeline.py
[2026-05-27T09:01:10.995+0000] {logging_mixin.py:188} INFO - [2026-05-27T09:01:10.995+0000] {dag.py:3036} INFO - Sync 1 DAGs
[2026-05-27T09:01:11.054+0000] {processor.py:183} INFO - Processing /opt/airflow/dags/dag_crime_pipeline.py took 0.139 seconds
[2026-05-27T09:01:41.910+0000] {processor.py:161} INFO - Started process (PID=7215) to work on /opt/airflow/dags/dag_crime_pipeline.py
[2026-05-27T09:01:41.912+0000] {processor.py:830} INFO - Processing file /opt/airflow/dags/dag_crime_pipeline.py for tasks to queue
[2026-05-27T09:01:41.915+0000] {logging_mixin.py:188} INFO - [2026-05-27T09:01:41.915+0000] {dagbag.py:538} INFO - Filling up the DagBag from /opt/airflow/dags/dag_crime_pipeline.py
[2026-05-27T09:01:41.956+0000] {processor.py:840} INFO - DAG(s) 'crime_analytics_pipeline' retrieved from /opt/airflow/dags/dag_crime_pipeline.py
[2026-05-27T09:01:41.993+0000] {logging_mixin.py:188} INFO - [2026-05-27T09:01:41.992+0000] {dag.py:3036} INFO - Sync 1 DAGs
[2026-05-27T09:01:42.054+0000] {processor.py:183} INFO - Processing /opt/airflow/dags/dag_crime_pipeline.py took 0.149 seconds
[2026-05-27T09:02:12.937+0000] {processor.py:161} INFO - Started process (PID=7220) to work on /opt/airflow/dags/dag_crime_pipeline.py
[2026-05-27T09:02:12.939+0000] {processor.py:830} INFO - Processing file /opt/airflow/dags/dag_crime_pipeline.py for tasks to queue
[2026-05-27T09:02:12.942+0000] {logging_mixin.py:188} INFO - [2026-05-27T09:02:12.942+0000] {dagbag.py:538} INFO - Filling up the DagBag from /opt/airflow/dags/dag_crime_pipeline.py
[2026-05-27T09:02:12.980+0000] {processor.py:840} INFO - DAG(s) 'crime_analytics_pipeline' retrieved from /opt/airflow/dags/dag_crime_pipeline.py
[2026-05-27T09:02:13.012+0000] {logging_mixin.py:188} INFO - [2026-05-27T09:02:13.012+0000] {dag.py:3036} INFO - Sync 1 DAGs
[2026-05-27T09:02:13.064+0000] {processor.py:183} INFO - Processing /opt/airflow/dags/dag_crime_pipeline.py took 0.131 seconds
[2026-05-27T09:02:44.107+0000] {processor.py:161} INFO - Started process (PID=7225) to work on /opt/airflow/dags/dag_crime_pipeline.py
[2026-05-27T09:02:44.108+0000] {processor.py:830} INFO - Processing file /opt/airflow/dags/dag_crime_pipeline.py for tasks to queue
[2026-05-27T09:02:44.111+0000] {logging_mixin.py:188} INFO - [2026-05-27T09:02:44.111+0000] {dagbag.py:538} INFO - Filling up the DagBag from /opt/airflow/dags/dag_crime_pipeline.py
[2026-05-27T09:02:44.149+0000] {processor.py:840} INFO - DAG(s) 'crime_analytics_pipeline' retrieved from /opt/airflow/dags/dag_crime_pipeline.py
[2026-05-27T09:02:44.183+0000] {logging_mixin.py:188} INFO - [2026-05-27T09:02:44.182+0000] {dag.py:3036} INFO - Sync 1 DAGs
[2026-05-27T09:02:44.228+0000] {processor.py:183} INFO - Processing /opt/airflow/dags/dag_crime_pipeline.py took 0.125 seconds
[2026-05-27T09:03:15.061+0000] {processor.py:161} INFO - Started process (PID=7230) to work on /opt/airflow/dags/dag_crime_pipeline.py
[2026-05-27T09:03:15.063+0000] {processor.py:830} INFO - Processing file /opt/airflow/dags/dag_crime_pipeline.py for tasks to queue
[2026-05-27T09:03:15.066+0000] {logging_mixin.py:188} INFO - [2026-05-27T09:03:15.066+0000] {dagbag.py:538} INFO - Filling up the DagBag from /opt/airflow/dags/dag_crime_pipeline.py
[2026-05-27T09:03:15.104+0000] {processor.py:840} INFO - DAG(s) 'crime_analytics_pipeline' retrieved from /opt/airflow/dags/dag_crime_pipeline.py
[2026-05-27T09:03:15.138+0000] {logging_mixin.py:188} INFO - [2026-05-27T09:03:15.138+0000] {dag.py:3036} INFO - Sync 1 DAGs
[2026-05-27T09:03:15.195+0000] {processor.py:183} INFO - Processing /opt/airflow/dags/dag_crime_pipeline.py took 0.138 seconds
[2026-05-27T09:03:46.081+0000] {processor.py:161} INFO - Started process (PID=7235) to work on /opt/airflow/dags/dag_crime_pipeline.py
[2026-05-27T09:03:46.082+0000] {processor.py:830} INFO - Processing file /opt/airflow/dags/dag_crime_pipeline.py for tasks to queue
[2026-05-27T09:03:46.085+0000] {logging_mixin.py:188} INFO - [2026-05-27T09:03:46.084+0000] {dagbag.py:538} INFO - Filling up the DagBag from /opt/airflow/dags/dag_crime_pipeline.py
[2026-05-27T09:03:46.122+0000] {processor.py:840} INFO - DAG(s) 'crime_analytics_pipeline' retrieved from /opt/airflow/dags/dag_crime_pipeline.py
[2026-05-27T09:03:46.153+0000] {logging_mixin.py:188} INFO - [2026-05-27T09:03:46.153+0000] {dag.py:3036} INFO - Sync 1 DAGs
[2026-05-27T09:03:46.192+0000] {processor.py:183} INFO - Processing /opt/airflow/dags/dag_crime_pipeline.py took 0.115 seconds
[2026-05-27T09:04:17.101+0000] {processor.py:161} INFO - Started process (PID=7240) to work on /opt/airflow/dags/dag_crime_pipeline.py
[2026-05-27T09:04:17.102+0000] {processor.py:830} INFO - Processing file /opt/airflow/dags/dag_crime_pipeline.py for tasks to queue
[2026-05-27T09:04:17.105+0000] {logging_mixin.py:188} INFO - [2026-05-27T09:04:17.105+0000] {dagbag.py:538} INFO - Filling up the DagBag from /opt/airflow/dags/dag_crime_pipeline.py
[2026-05-27T09:04:17.144+0000] {processor.py:840} INFO - DAG(s) 'crime_analytics_pipeline' retrieved from /opt/airflow/dags/dag_crime_pipeline.py
[2026-05-27T09:04:17.181+0000] {logging_mixin.py:188} INFO - [2026-05-27T09:04:17.180+0000] {dag.py:3036} INFO - Sync 1 DAGs
[2026-05-27T09:04:17.221+0000] {processor.py:183} INFO - Processing /opt/airflow/dags/dag_crime_pipeline.py took 0.125 seconds
[2026-05-27T09:04:48.143+0000] {processor.py:161} INFO - Started process (PID=7245) to work on /opt/airflow/dags/dag_crime_pipeline.py
[2026-05-27T09:04:48.145+0000] {processor.py:830} INFO - Processing file /opt/airflow/dags/dag_crime_pipeline.py for tasks to queue
[2026-05-27T09:04:48.148+0000] {logging_mixin.py:188} INFO - [2026-05-27T09:04:48.148+0000] {dagbag.py:538} INFO - Filling up the DagBag from /opt/airflow/dags/dag_crime_pipeline.py
[2026-05-27T09:04:48.194+0000] {processor.py:840} INFO - DAG(s) 'crime_analytics_pipeline' retrieved from /opt/airflow/dags/dag_crime_pipeline.py
[2026-05-27T09:04:48.230+0000] {logging_mixin.py:188} INFO - [2026-05-27T09:04:48.230+0000] {dag.py:3036} INFO - Sync 1 DAGs
[2026-05-27T09:04:48.279+0000] {processor.py:183} INFO - Processing /opt/airflow/dags/dag_crime_pipeline.py took 0.141 seconds
[2026-05-27T09:05:19.131+0000] {processor.py:161} INFO - Started process (PID=7250) to work on /opt/airflow/dags/dag_crime_pipeline.py
[2026-05-27T09:05:19.133+0000] {processor.py:830} INFO - Processing file /opt/airflow/dags/dag_crime_pipeline.py for tasks to queue
[2026-05-27T09:05:19.135+0000] {logging_mixin.py:188} INFO - [2026-05-27T09:05:19.135+0000] {dagbag.py:538} INFO - Filling up the DagBag from /opt/airflow/dags/dag_crime_pipeline.py
[2026-05-27T09:05:19.176+0000] {processor.py:840} INFO - DAG(s) 'crime_analytics_pipeline' retrieved from /opt/airflow/dags/dag_crime_pipeline.py
[2026-05-27T09:05:19.209+0000] {logging_mixin.py:188} INFO - [2026-05-27T09:05:19.209+0000] {dag.py:3036} INFO - Sync 1 DAGs
[2026-05-27T09:05:19.269+0000] {processor.py:183} INFO - Processing /opt/airflow/dags/dag_crime_pipeline.py took 0.142 seconds
[2026-05-27T09:05:50.221+0000] {processor.py:161} INFO - Started process (PID=7255) to work on /opt/airflow/dags/dag_crime_pipeline.py
[2026-05-27T09:05:50.223+0000] {processor.py:830} INFO - Processing file /opt/airflow/dags/dag_crime_pipeline.py for tasks to queue
[2026-05-27T09:05:50.227+0000] {logging_mixin.py:188} INFO - [2026-05-27T09:05:50.226+0000] {dagbag.py:538} INFO - Filling up the DagBag from /opt/airflow/dags/dag_crime_pipeline.py
[2026-05-27T09:05:50.270+0000] {processor.py:840} INFO - DAG(s) 'crime_analytics_pipeline' retrieved from /opt/airflow/dags/dag_crime_pipeline.py
[2026-05-27T09:05:50.305+0000] {logging_mixin.py:188} INFO - [2026-05-27T09:05:50.305+0000] {dag.py:3036} INFO - Sync 1 DAGs
[2026-05-27T09:05:50.351+0000] {processor.py:183} INFO - Processing /opt/airflow/dags/dag_crime_pipeline.py took 0.135 seconds
[2026-05-27T09:06:21.221+0000] {processor.py:161} INFO - Started process (PID=7260) to work on /opt/airflow/dags/dag_crime_pipeline.py
[2026-05-27T09:06:21.222+0000] {processor.py:830} INFO - Processing file /opt/airflow/dags/dag_crime_pipeline.py for tasks to queue
[2026-05-27T09:06:21.225+0000] {logging_mixin.py:188} INFO - [2026-05-27T09:06:21.225+0000] {dagbag.py:538} INFO - Filling up the DagBag from /opt/airflow/dags/dag_crime_pipeline.py
[2026-05-27T09:06:21.269+0000] {processor.py:840} INFO - DAG(s) 'crime_analytics_pipeline' retrieved from /opt/airflow/dags/dag_crime_pipeline.py
[2026-05-27T09:06:21.306+0000] {logging_mixin.py:188} INFO - [2026-05-27T09:06:21.305+0000] {dag.py:3036} INFO - Sync 1 DAGs
[2026-05-27T09:06:21.367+0000] {processor.py:183} INFO - Processing /opt/airflow/dags/dag_crime_pipeline.py took 0.151 seconds
[2026-05-27T09:06:52.262+0000] {processor.py:161} INFO - Started process (PID=7265) to work on /opt/airflow/dags/dag_crime_pipeline.py
[2026-05-27T09:06:52.264+0000] {processor.py:830} INFO - Processing file /opt/airflow/dags/dag_crime_pipeline.py for tasks to queue
[2026-05-27T09:06:52.267+0000] {logging_mixin.py:188} INFO - [2026-05-27T09:06:52.266+0000] {dagbag.py:538} INFO - Filling up the DagBag from /opt/airflow/dags/dag_crime_pipeline.py
[2026-05-27T09:06:52.309+0000] {processor.py:840} INFO - DAG(s) 'crime_analytics_pipeline' retrieved from /opt/airflow/dags/dag_crime_pipeline.py
[2026-05-27T09:06:52.337+0000] {logging_mixin.py:188} INFO - [2026-05-27T09:06:52.337+0000] {dag.py:3036} INFO - Sync 1 DAGs
[2026-05-27T09:06:52.375+0000] {processor.py:183} INFO - Processing /opt/airflow/dags/dag_crime_pipeline.py took 0.118 seconds
[2026-05-27T09:07:23.384+0000] {processor.py:161} INFO - Started process (PID=7270) to work on /opt/airflow/dags/dag_crime_pipeline.py
[2026-05-27T09:07:23.386+0000] {processor.py:830} INFO - Processing file /opt/airflow/dags/dag_crime_pipeline.py for tasks to queue
[2026-05-27T09:07:23.389+0000] {logging_mixin.py:188} INFO - [2026-05-27T09:07:23.389+0000] {dagbag.py:538} INFO - Filling up the DagBag from /opt/airflow/dags/dag_crime_pipeline.py
[2026-05-27T09:07:23.431+0000] {processor.py:840} INFO - DAG(s) 'crime_analytics_pipeline' retrieved from /opt/airflow/dags/dag_crime_pipeline.py
[2026-05-27T09:07:23.461+0000] {logging_mixin.py:188} INFO - [2026-05-27T09:07:23.461+0000] {dag.py:3036} INFO - Sync 1 DAGs
[2026-05-27T09:07:23.502+0000] {processor.py:183} INFO - Processing /opt/airflow/dags/dag_crime_pipeline.py took 0.123 seconds
[2026-05-27T09:07:54.317+0000] {processor.py:161} INFO - Started process (PID=7275) to work on /opt/airflow/dags/dag_crime_pipeline.py
[2026-05-27T09:07:54.318+0000] {processor.py:830} INFO - Processing file /opt/airflow/dags/dag_crime_pipeline.py for tasks to queue
[2026-05-27T09:07:54.322+0000] {logging_mixin.py:188} INFO - [2026-05-27T09:07:54.321+0000] {dagbag.py:538} INFO - Filling up the DagBag from /opt/airflow/dags/dag_crime_pipeline.py
[2026-05-27T09:07:54.363+0000] {processor.py:840} INFO - DAG(s) 'crime_analytics_pipeline' retrieved from /opt/airflow/dags/dag_crime_pipeline.py
[2026-05-27T09:07:54.403+0000] {logging_mixin.py:188} INFO - [2026-05-27T09:07:54.402+0000] {dag.py:3036} INFO - Sync 1 DAGs
[2026-05-27T09:07:54.479+0000] {processor.py:183} INFO - Processing /opt/airflow/dags/dag_crime_pipeline.py took 0.167 seconds
[2026-05-27T09:08:25.435+0000] {processor.py:161} INFO - Started process (PID=7280) to work on /opt/airflow/dags/dag_crime_pipeline.py
[2026-05-27T09:08:25.437+0000] {processor.py:830} INFO - Processing file /opt/airflow/dags/dag_crime_pipeline.py for tasks to queue
[2026-05-27T09:08:25.440+0000] {logging_mixin.py:188} INFO - [2026-05-27T09:08:25.440+0000] {dagbag.py:538} INFO - Filling up the DagBag from /opt/airflow/dags/dag_crime_pipeline.py
[2026-05-27T09:08:25.484+0000] {processor.py:840} INFO - DAG(s) 'crime_analytics_pipeline' retrieved from /opt/airflow/dags/dag_crime_pipeline.py
[2026-05-27T09:08:25.519+0000] {logging_mixin.py:188} INFO - [2026-05-27T09:08:25.518+0000] {dag.py:3036} INFO - Sync 1 DAGs
[2026-05-27T09:08:25.583+0000] {processor.py:183} INFO - Processing /opt/airflow/dags/dag_crime_pipeline.py took 0.153 seconds
[2026-05-27T09:08:56.483+0000] {processor.py:161} INFO - Started process (PID=7285) to work on /opt/airflow/dags/dag_crime_pipeline.py
[2026-05-27T09:08:56.485+0000] {processor.py:830} INFO - Processing file /opt/airflow/dags/dag_crime_pipeline.py for tasks to queue
[2026-05-27T09:08:56.491+0000] {logging_mixin.py:188} INFO - [2026-05-27T09:08:56.491+0000] {dagbag.py:538} INFO - Filling up the DagBag from /opt/airflow/dags/dag_crime_pipeline.py
[2026-05-27T09:08:56.531+0000] {processor.py:840} INFO - DAG(s) 'crime_analytics_pipeline' retrieved from /opt/airflow/dags/dag_crime_pipeline.py
[2026-05-27T09:08:56.566+0000] {logging_mixin.py:188} INFO - [2026-05-27T09:08:56.565+0000] {dag.py:3036} INFO - Sync 1 DAGs
[2026-05-27T09:08:56.611+0000] {processor.py:183} INFO - Processing /opt/airflow/dags/dag_crime_pipeline.py took 0.133 seconds
[2026-05-27T09:09:27.548+0000] {processor.py:161} INFO - Started process (PID=7290) to work on /opt/airflow/dags/dag_crime_pipeline.py
[2026-05-27T09:09:27.549+0000] {processor.py:830} INFO - Processing file /opt/airflow/dags/dag_crime_pipeline.py for tasks to queue
[2026-05-27T09:09:27.553+0000] {logging_mixin.py:188} INFO - [2026-05-27T09:09:27.552+0000] {dagbag.py:538} INFO - Filling up the DagBag from /opt/airflow/dags/dag_crime_pipeline.py
[2026-05-27T09:09:27.591+0000] {processor.py:840} INFO - DAG(s) 'crime_analytics_pipeline' retrieved from /opt/airflow/dags/dag_crime_pipeline.py
[2026-05-27T09:09:27.624+0000] {logging_mixin.py:188} INFO - [2026-05-27T09:09:27.624+0000] {dag.py:3036} INFO - Sync 1 DAGs
[2026-05-27T09:09:27.682+0000] {processor.py:183} INFO - Processing /opt/airflow/dags/dag_crime_pipeline.py took 0.139 seconds
[2026-05-27T09:09:58.523+0000] {processor.py:161} INFO - Started process (PID=7295) to work on /opt/airflow/dags/dag_crime_pipeline.py
[2026-05-27T09:09:58.525+0000] {processor.py:830} INFO - Processing file /opt/airflow/dags/dag_crime_pipeline.py for tasks to queue
[2026-05-27T09:09:58.527+0000] {logging_mixin.py:188} INFO - [2026-05-27T09:09:58.527+0000] {dagbag.py:538} INFO - Filling up the DagBag from /opt/airflow/dags/dag_crime_pipeline.py
[2026-05-27T09:09:58.567+0000] {processor.py:840} INFO - DAG(s) 'crime_analytics_pipeline' retrieved from /opt/airflow/dags/dag_crime_pipeline.py
[2026-05-27T09:09:58.603+0000] {logging_mixin.py:188} INFO - [2026-05-27T09:09:58.603+0000] {dag.py:3036} INFO - Sync 1 DAGs
[2026-05-27T09:09:58.658+0000] {processor.py:183} INFO - Processing /opt/airflow/dags/dag_crime_pipeline.py took 0.140 seconds
[2026-05-27T09:10:29.644+0000] {processor.py:161} INFO - Started process (PID=7300) to work on /opt/airflow/dags/dag_crime_pipeline.py
[2026-05-27T09:10:29.645+0000] {processor.py:830} INFO - Processing file /opt/airflow/dags/dag_crime_pipeline.py for tasks to queue
[2026-05-27T09:10:29.649+0000] {logging_mixin.py:188} INFO - [2026-05-27T09:10:29.648+0000] {dagbag.py:538} INFO - Filling up the DagBag from /opt/airflow/dags/dag_crime_pipeline.py
[2026-05-27T09:10:29.693+0000] {processor.py:840} INFO - DAG(s) 'crime_analytics_pipeline' retrieved from /opt/airflow/dags/dag_crime_pipeline.py
[2026-05-27T09:10:29.727+0000] {logging_mixin.py:188} INFO - [2026-05-27T09:10:29.726+0000] {dag.py:3036} INFO - Sync 1 DAGs
[2026-05-27T09:10:29.777+0000] {processor.py:183} INFO - Processing /opt/airflow/dags/dag_crime_pipeline.py took 0.138 seconds
[2026-05-27T09:11:00.602+0000] {processor.py:161} INFO - Started process (PID=7305) to work on /opt/airflow/dags/dag_crime_pipeline.py
[2026-05-27T09:11:00.604+0000] {processor.py:830} INFO - Processing file /opt/airflow/dags/dag_crime_pipeline.py for tasks to queue
[2026-05-27T09:11:00.607+0000] {logging_mixin.py:188} INFO - [2026-05-27T09:11:00.607+0000] {dagbag.py:538} INFO - Filling up the DagBag from /opt/airflow/dags/dag_crime_pipeline.py
[2026-05-27T09:11:00.645+0000] {processor.py:840} INFO - DAG(s) 'crime_analytics_pipeline' retrieved from /opt/airflow/dags/dag_crime_pipeline.py
[2026-05-27T09:11:00.679+0000] {logging_mixin.py:188} INFO - [2026-05-27T09:11:00.678+0000] {dag.py:3036} INFO - Sync 1 DAGs
[2026-05-27T09:11:00.722+0000] {processor.py:183} INFO - Processing /opt/airflow/dags/dag_crime_pipeline.py took 0.125 seconds
[2026-05-27T09:11:31.744+0000] {processor.py:161} INFO - Started process (PID=7310) to work on /opt/airflow/dags/dag_crime_pipeline.py
[2026-05-27T09:11:31.745+0000] {processor.py:830} INFO - Processing file /opt/airflow/dags/dag_crime_pipeline.py for tasks to queue
[2026-05-27T09:11:31.747+0000] {logging_mixin.py:188} INFO - [2026-05-27T09:11:31.747+0000] {dagbag.py:538} INFO - Filling up the DagBag from /opt/airflow/dags/dag_crime_pipeline.py
[2026-05-27T09:11:31.783+0000] {processor.py:840} INFO - DAG(s) 'crime_analytics_pipeline' retrieved from /opt/airflow/dags/dag_crime_pipeline.py
[2026-05-27T09:11:31.813+0000] {logging_mixin.py:188} INFO - [2026-05-27T09:11:31.813+0000] {dag.py:3036} INFO - Sync 1 DAGs
[2026-05-27T09:11:31.866+0000] {processor.py:183} INFO - Processing /opt/airflow/dags/dag_crime_pipeline.py took 0.126 seconds
[2026-05-27T09:12:02.736+0000] {processor.py:161} INFO - Started process (PID=7315) to work on /opt/airflow/dags/dag_crime_pipeline.py
[2026-05-27T09:12:02.738+0000] {processor.py:830} INFO - Processing file /opt/airflow/dags/dag_crime_pipeline.py for tasks to queue
[2026-05-27T09:12:02.741+0000] {logging_mixin.py:188} INFO - [2026-05-27T09:12:02.741+0000] {dagbag.py:538} INFO - Filling up the DagBag from /opt/airflow/dags/dag_crime_pipeline.py
[2026-05-27T09:12:02.785+0000] {processor.py:840} INFO - DAG(s) 'crime_analytics_pipeline' retrieved from /opt/airflow/dags/dag_crime_pipeline.py
[2026-05-27T09:12:02.848+0000] {logging_mixin.py:188} INFO - [2026-05-27T09:12:02.847+0000] {dag.py:3036} INFO - Sync 1 DAGs
[2026-05-27T09:12:02.908+0000] {processor.py:183} INFO - Processing /opt/airflow/dags/dag_crime_pipeline.py took 0.176 seconds
[2026-05-27T09:12:33.863+0000] {processor.py:161} INFO - Started process (PID=7320) to work on /opt/airflow/dags/dag_crime_pipeline.py
[2026-05-27T09:12:33.864+0000] {processor.py:830} INFO - Processing file /opt/airflow/dags/dag_crime_pipeline.py for tasks to queue
[2026-05-27T09:12:33.866+0000] {logging_mixin.py:188} INFO - [2026-05-27T09:12:33.866+0000] {dagbag.py:538} INFO - Filling up the DagBag from /opt/airflow/dags/dag_crime_pipeline.py
[2026-05-27T09:12:33.900+0000] {processor.py:840} INFO - DAG(s) 'crime_analytics_pipeline' retrieved from /opt/airflow/dags/dag_crime_pipeline.py
[2026-05-27T09:12:33.938+0000] {logging_mixin.py:188} INFO - [2026-05-27T09:12:33.938+0000] {dag.py:3036} INFO - Sync 1 DAGs
[2026-05-27T09:12:33.973+0000] {processor.py:183} INFO - Processing /opt/airflow/dags/dag_crime_pipeline.py took 0.113 seconds
[2026-05-27T09:13:04.858+0000] {processor.py:161} INFO - Started process (PID=7325) to work on /opt/airflow/dags/dag_crime_pipeline.py
[2026-05-27T09:13:04.860+0000] {processor.py:830} INFO - Processing file /opt/airflow/dags/dag_crime_pipeline.py for tasks to queue
[2026-05-27T09:13:04.862+0000] {logging_mixin.py:188} INFO - [2026-05-27T09:13:04.862+0000] {dagbag.py:538} INFO - Filling up the DagBag from /opt/airflow/dags/dag_crime_pipeline.py
[2026-05-27T09:13:04.901+0000] {processor.py:840} INFO - DAG(s) 'crime_analytics_pipeline' retrieved from /opt/airflow/dags/dag_crime_pipeline.py
[2026-05-27T09:13:04.932+0000] {logging_mixin.py:188} INFO - [2026-05-27T09:13:04.931+0000] {dag.py:3036} INFO - Sync 1 DAGs
[2026-05-27T09:13:04.972+0000] {processor.py:183} INFO - Processing /opt/airflow/dags/dag_crime_pipeline.py took 0.120 seconds
[2026-05-27T09:13:35.951+0000] {processor.py:161} INFO - Started process (PID=7330) to work on /opt/airflow/dags/dag_crime_pipeline.py
[2026-05-27T09:13:35.953+0000] {processor.py:830} INFO - Processing file /opt/airflow/dags/dag_crime_pipeline.py for tasks to queue
[2026-05-27T09:13:35.955+0000] {logging_mixin.py:188} INFO - [2026-05-27T09:13:35.955+0000] {dagbag.py:538} INFO - Filling up the DagBag from /opt/airflow/dags/dag_crime_pipeline.py
[2026-05-27T09:13:35.990+0000] {processor.py:840} INFO - DAG(s) 'crime_analytics_pipeline' retrieved from /opt/airflow/dags/dag_crime_pipeline.py
[2026-05-27T09:13:36.018+0000] {logging_mixin.py:188} INFO - [2026-05-27T09:13:36.018+0000] {dag.py:3036} INFO - Sync 1 DAGs
[2026-05-27T09:13:36.051+0000] {processor.py:183} INFO - Processing /opt/airflow/dags/dag_crime_pipeline.py took 0.104 seconds
[2026-05-27T09:14:06.110+0000] {processor.py:161} INFO - Started process (PID=7335) to work on /opt/airflow/dags/dag_crime_pipeline.py
[2026-05-27T09:14:06.111+0000] {processor.py:830} INFO - Processing file /opt/airflow/dags/dag_crime_pipeline.py for tasks to queue
[2026-05-27T09:14:06.114+0000] {logging_mixin.py:188} INFO - [2026-05-27T09:14:06.113+0000] {dagbag.py:538} INFO - Filling up the DagBag from /opt/airflow/dags/dag_crime_pipeline.py
[2026-05-27T09:14:06.149+0000] {processor.py:840} INFO - DAG(s) 'crime_analytics_pipeline' retrieved from /opt/airflow/dags/dag_crime_pipeline.py
[2026-05-27T09:14:06.177+0000] {logging_mixin.py:188} INFO - [2026-05-27T09:14:06.177+0000] {dag.py:3036} INFO - Sync 1 DAGs
[2026-05-27T09:14:06.229+0000] {processor.py:183} INFO - Processing /opt/airflow/dags/dag_crime_pipeline.py took 0.124 seconds
[2026-05-27T09:14:37.085+0000] {processor.py:161} INFO - Started process (PID=7340) to work on /opt/airflow/dags/dag_crime_pipeline.py
[2026-05-27T09:14:37.087+0000] {processor.py:830} INFO - Processing file /opt/airflow/dags/dag_crime_pipeline.py for tasks to queue
[2026-05-27T09:14:37.089+0000] {logging_mixin.py:188} INFO - [2026-05-27T09:14:37.089+0000] {dagbag.py:538} INFO - Filling up the DagBag from /opt/airflow/dags/dag_crime_pipeline.py
[2026-05-27T09:14:37.125+0000] {processor.py:840} INFO - DAG(s) 'crime_analytics_pipeline' retrieved from /opt/airflow/dags/dag_crime_pipeline.py
[2026-05-27T09:14:37.154+0000] {logging_mixin.py:188} INFO - [2026-05-27T09:14:37.154+0000] {dag.py:3036} INFO - Sync 1 DAGs
[2026-05-27T09:14:37.190+0000] {processor.py:183} INFO - Processing /opt/airflow/dags/dag_crime_pipeline.py took 0.109 seconds
[2026-05-27T09:15:08.221+0000] {processor.py:161} INFO - Started process (PID=7345) to work on /opt/airflow/dags/dag_crime_pipeline.py
[2026-05-27T09:15:08.222+0000] {processor.py:830} INFO - Processing file /opt/airflow/dags/dag_crime_pipeline.py for tasks to queue
[2026-05-27T09:15:08.225+0000] {logging_mixin.py:188} INFO - [2026-05-27T09:15:08.224+0000] {dagbag.py:538} INFO - Filling up the DagBag from /opt/airflow/dags/dag_crime_pipeline.py
[2026-05-27T09:15:08.266+0000] {processor.py:840} INFO - DAG(s) 'crime_analytics_pipeline' retrieved from /opt/airflow/dags/dag_crime_pipeline.py
[2026-05-27T09:15:08.298+0000] {logging_mixin.py:188} INFO - [2026-05-27T09:15:08.297+0000] {dag.py:3036} INFO - Sync 1 DAGs
[2026-05-27T09:15:08.336+0000] {processor.py:183} INFO - Processing /opt/airflow/dags/dag_crime_pipeline.py took 0.119 seconds
[2026-05-27T09:15:39.224+0000] {processor.py:161} INFO - Started process (PID=7350) to work on /opt/airflow/dags/dag_crime_pipeline.py
[2026-05-27T09:15:39.226+0000] {processor.py:830} INFO - Processing file /opt/airflow/dags/dag_crime_pipeline.py for tasks to queue
[2026-05-27T09:15:39.230+0000] {logging_mixin.py:188} INFO - [2026-05-27T09:15:39.229+0000] {dagbag.py:538} INFO - Filling up the DagBag from /opt/airflow/dags/dag_crime_pipeline.py
[2026-05-27T09:15:39.275+0000] {processor.py:840} INFO - DAG(s) 'crime_analytics_pipeline' retrieved from /opt/airflow/dags/dag_crime_pipeline.py
[2026-05-27T09:15:39.312+0000] {logging_mixin.py:188} INFO - [2026-05-27T09:15:39.312+0000] {dag.py:3036} INFO - Sync 1 DAGs
[2026-05-27T09:15:39.351+0000] {processor.py:183} INFO - Processing /opt/airflow/dags/dag_crime_pipeline.py took 0.132 seconds
[2026-05-27T09:16:10.313+0000] {processor.py:161} INFO - Started process (PID=7355) to work on /opt/airflow/dags/dag_crime_pipeline.py
[2026-05-27T09:16:10.314+0000] {processor.py:830} INFO - Processing file /opt/airflow/dags/dag_crime_pipeline.py for tasks to queue
[2026-05-27T09:16:10.318+0000] {logging_mixin.py:188} INFO - [2026-05-27T09:16:10.317+0000] {dagbag.py:538} INFO - Filling up the DagBag from /opt/airflow/dags/dag_crime_pipeline.py
[2026-05-27T09:16:10.363+0000] {processor.py:840} INFO - DAG(s) 'crime_analytics_pipeline' retrieved from /opt/airflow/dags/dag_crime_pipeline.py
[2026-05-27T09:16:10.398+0000] {logging_mixin.py:188} INFO - [2026-05-27T09:16:10.397+0000] {dag.py:3036} INFO - Sync 1 DAGs
[2026-05-27T09:16:10.462+0000] {processor.py:183} INFO - Processing /opt/airflow/dags/dag_crime_pipeline.py took 0.154 seconds
[2026-05-27T09:16:41.335+0000] {processor.py:161} INFO - Started process (PID=7360) to work on /opt/airflow/dags/dag_crime_pipeline.py
[2026-05-27T09:16:41.336+0000] {processor.py:830} INFO - Processing file /opt/airflow/dags/dag_crime_pipeline.py for tasks to queue
[2026-05-27T09:16:41.339+0000] {logging_mixin.py:188} INFO - [2026-05-27T09:16:41.338+0000] {dagbag.py:538} INFO - Filling up the DagBag from /opt/airflow/dags/dag_crime_pipeline.py
[2026-05-27T09:16:41.372+0000] {processor.py:840} INFO - DAG(s) 'crime_analytics_pipeline' retrieved from /opt/airflow/dags/dag_crime_pipeline.py
[2026-05-27T09:16:41.400+0000] {logging_mixin.py:188} INFO - [2026-05-27T09:16:41.400+0000] {dag.py:3036} INFO - Sync 1 DAGs
[2026-05-27T09:16:41.454+0000] {processor.py:183} INFO - Processing /opt/airflow/dags/dag_crime_pipeline.py took 0.123 seconds
[2026-05-27T09:17:12.481+0000] {processor.py:161} INFO - Started process (PID=7365) to work on /opt/airflow/dags/dag_crime_pipeline.py
[2026-05-27T09:17:12.482+0000] {processor.py:830} INFO - Processing file /opt/airflow/dags/dag_crime_pipeline.py for tasks to queue
[2026-05-27T09:17:12.485+0000] {logging_mixin.py:188} INFO - [2026-05-27T09:17:12.485+0000] {dagbag.py:538} INFO - Filling up the DagBag from /opt/airflow/dags/dag_crime_pipeline.py
[2026-05-27T09:17:12.529+0000] {processor.py:840} INFO - DAG(s) 'crime_analytics_pipeline' retrieved from /opt/airflow/dags/dag_crime_pipeline.py
[2026-05-27T09:17:12.565+0000] {logging_mixin.py:188} INFO - [2026-05-27T09:17:12.565+0000] {dag.py:3036} INFO - Sync 1 DAGs
[2026-05-27T09:17:12.623+0000] {processor.py:183} INFO - Processing /opt/airflow/dags/dag_crime_pipeline.py took 0.146 seconds
[2026-05-27T09:17:43.552+0000] {processor.py:161} INFO - Started process (PID=7370) to work on /opt/airflow/dags/dag_crime_pipeline.py
[2026-05-27T09:17:43.554+0000] {processor.py:830} INFO - Processing file /opt/airflow/dags/dag_crime_pipeline.py for tasks to queue
[2026-05-27T09:17:43.556+0000] {logging_mixin.py:188} INFO - [2026-05-27T09:17:43.556+0000] {dagbag.py:538} INFO - Filling up the DagBag from /opt/airflow/dags/dag_crime_pipeline.py
[2026-05-27T09:17:43.602+0000] {processor.py:840} INFO - DAG(s) 'crime_analytics_pipeline' retrieved from /opt/airflow/dags/dag_crime_pipeline.py
[2026-05-27T09:17:43.645+0000] {logging_mixin.py:188} INFO - [2026-05-27T09:17:43.644+0000] {dag.py:3036} INFO - Sync 1 DAGs
[2026-05-27T09:17:43.693+0000] {processor.py:183} INFO - Processing /opt/airflow/dags/dag_crime_pipeline.py took 0.145 seconds
[2026-05-27T09:18:14.631+0000] {processor.py:161} INFO - Started process (PID=7375) to work on /opt/airflow/dags/dag_crime_pipeline.py
[2026-05-27T09:18:14.633+0000] {processor.py:830} INFO - Processing file /opt/airflow/dags/dag_crime_pipeline.py for tasks to queue
[2026-05-27T09:18:14.636+0000] {logging_mixin.py:188} INFO - [2026-05-27T09:18:14.635+0000] {dagbag.py:538} INFO - Filling up the DagBag from /opt/airflow/dags/dag_crime_pipeline.py
[2026-05-27T09:18:14.682+0000] {processor.py:840} INFO - DAG(s) 'crime_analytics_pipeline' retrieved from /opt/airflow/dags/dag_crime_pipeline.py
[2026-05-27T09:18:14.720+0000] {logging_mixin.py:188} INFO - [2026-05-27T09:18:14.719+0000] {dag.py:3036} INFO - Sync 1 DAGs
[2026-05-27T09:18:14.794+0000] {processor.py:183} INFO - Processing /opt/airflow/dags/dag_crime_pipeline.py took 0.167 seconds
[2026-05-27T09:18:45.662+0000] {processor.py:161} INFO - Started process (PID=7380) to work on /opt/airflow/dags/dag_crime_pipeline.py
[2026-05-27T09:18:45.663+0000] {processor.py:830} INFO - Processing file /opt/airflow/dags/dag_crime_pipeline.py for tasks to queue
[2026-05-27T09:18:45.666+0000] {logging_mixin.py:188} INFO - [2026-05-27T09:18:45.666+0000] {dagbag.py:538} INFO - Filling up the DagBag from /opt/airflow/dags/dag_crime_pipeline.py
[2026-05-27T09:18:45.707+0000] {processor.py:840} INFO - DAG(s) 'crime_analytics_pipeline' retrieved from /opt/airflow/dags/dag_crime_pipeline.py
[2026-05-27T09:18:45.741+0000] {logging_mixin.py:188} INFO - [2026-05-27T09:18:45.740+0000] {dag.py:3036} INFO - Sync 1 DAGs
[2026-05-27T09:18:45.813+0000] {processor.py:183} INFO - Processing /opt/airflow/dags/dag_crime_pipeline.py took 0.155 seconds
[2026-05-27T09:19:16.758+0000] {processor.py:161} INFO - Started process (PID=7385) to work on /opt/airflow/dags/dag_crime_pipeline.py
[2026-05-27T09:19:16.759+0000] {processor.py:830} INFO - Processing file /opt/airflow/dags/dag_crime_pipeline.py for tasks to queue
[2026-05-27T09:19:16.762+0000] {logging_mixin.py:188} INFO - [2026-05-27T09:19:16.761+0000] {dagbag.py:538} INFO - Filling up the DagBag from /opt/airflow/dags/dag_crime_pipeline.py
[2026-05-27T09:19:16.801+0000] {processor.py:840} INFO - DAG(s) 'crime_analytics_pipeline' retrieved from /opt/airflow/dags/dag_crime_pipeline.py
[2026-05-27T09:19:16.832+0000] {logging_mixin.py:188} INFO - [2026-05-27T09:19:16.832+0000] {dag.py:3036} INFO - Sync 1 DAGs
[2026-05-27T09:19:16.888+0000] {processor.py:183} INFO - Processing /opt/airflow/dags/dag_crime_pipeline.py took 0.135 seconds
[2026-05-27T09:19:46.952+0000] {processor.py:161} INFO - Started process (PID=7390) to work on /opt/airflow/dags/dag_crime_pipeline.py
[2026-05-27T09:19:46.954+0000] {processor.py:830} INFO - Processing file /opt/airflow/dags/dag_crime_pipeline.py for tasks to queue
[2026-05-27T09:19:46.957+0000] {logging_mixin.py:188} INFO - [2026-05-27T09:19:46.956+0000] {dagbag.py:538} INFO - Filling up the DagBag from /opt/airflow/dags/dag_crime_pipeline.py
[2026-05-27T09:19:46.995+0000] {processor.py:840} INFO - DAG(s) 'crime_analytics_pipeline' retrieved from /opt/airflow/dags/dag_crime_pipeline.py
[2026-05-27T09:19:47.024+0000] {logging_mixin.py:188} INFO - [2026-05-27T09:19:47.024+0000] {dag.py:3036} INFO - Sync 1 DAGs
[2026-05-27T09:19:47.081+0000] {processor.py:183} INFO - Processing /opt/airflow/dags/dag_crime_pipeline.py took 0.133 seconds
[2026-05-27T09:20:17.930+0000] {processor.py:161} INFO - Started process (PID=7395) to work on /opt/airflow/dags/dag_crime_pipeline.py
[2026-05-27T09:20:17.932+0000] {processor.py:830} INFO - Processing file /opt/airflow/dags/dag_crime_pipeline.py for tasks to queue
[2026-05-27T09:20:17.935+0000] {logging_mixin.py:188} INFO - [2026-05-27T09:20:17.934+0000] {dagbag.py:538} INFO - Filling up the DagBag from /opt/airflow/dags/dag_crime_pipeline.py
[2026-05-27T09:20:17.974+0000] {processor.py:840} INFO - DAG(s) 'crime_analytics_pipeline' retrieved from /opt/airflow/dags/dag_crime_pipeline.py
[2026-05-27T09:20:18.009+0000] {logging_mixin.py:188} INFO - [2026-05-27T09:20:18.009+0000] {dag.py:3036} INFO - Sync 1 DAGs
[2026-05-27T09:20:18.046+0000] {processor.py:183} INFO - Processing /opt/airflow/dags/dag_crime_pipeline.py took 0.120 seconds
[2026-05-27T09:20:49.099+0000] {processor.py:161} INFO - Started process (PID=7400) to work on /opt/airflow/dags/dag_crime_pipeline.py
[2026-05-27T09:20:49.100+0000] {processor.py:830} INFO - Processing file /opt/airflow/dags/dag_crime_pipeline.py for tasks to queue
[2026-05-27T09:20:49.103+0000] {logging_mixin.py:188} INFO - [2026-05-27T09:20:49.102+0000] {dagbag.py:538} INFO - Filling up the DagBag from /opt/airflow/dags/dag_crime_pipeline.py
[2026-05-27T09:20:49.142+0000] {processor.py:840} INFO - DAG(s) 'crime_analytics_pipeline' retrieved from /opt/airflow/dags/dag_crime_pipeline.py
[2026-05-27T09:20:49.177+0000] {logging_mixin.py:188} INFO - [2026-05-27T09:20:49.176+0000] {dag.py:3036} INFO - Sync 1 DAGs
[2026-05-27T09:20:49.234+0000] {processor.py:183} INFO - Processing /opt/airflow/dags/dag_crime_pipeline.py took 0.140 seconds
[2026-05-27T09:21:20.061+0000] {processor.py:161} INFO - Started process (PID=7405) to work on /opt/airflow/dags/dag_crime_pipeline.py
[2026-05-27T09:21:20.062+0000] {processor.py:830} INFO - Processing file /opt/airflow/dags/dag_crime_pipeline.py for tasks to queue
[2026-05-27T09:21:20.065+0000] {logging_mixin.py:188} INFO - [2026-05-27T09:21:20.064+0000] {dagbag.py:538} INFO - Filling up the DagBag from /opt/airflow/dags/dag_crime_pipeline.py
[2026-05-27T09:21:20.104+0000] {processor.py:840} INFO - DAG(s) 'crime_analytics_pipeline' retrieved from /opt/airflow/dags/dag_crime_pipeline.py
[2026-05-27T09:21:20.137+0000] {logging_mixin.py:188} INFO - [2026-05-27T09:21:20.137+0000] {dag.py:3036} INFO - Sync 1 DAGs
[2026-05-27T09:21:20.198+0000] {processor.py:183} INFO - Processing /opt/airflow/dags/dag_crime_pipeline.py took 0.142 seconds
[2026-05-27T09:21:50.289+0000] {processor.py:161} INFO - Started process (PID=7410) to work on /opt/airflow/dags/dag_crime_pipeline.py
[2026-05-27T09:21:50.290+0000] {processor.py:830} INFO - Processing file /opt/airflow/dags/dag_crime_pipeline.py for tasks to queue
[2026-05-27T09:21:50.293+0000] {logging_mixin.py:188} INFO - [2026-05-27T09:21:50.293+0000] {dagbag.py:538} INFO - Filling up the DagBag from /opt/airflow/dags/dag_crime_pipeline.py
[2026-05-27T09:21:50.332+0000] {processor.py:840} INFO - DAG(s) 'crime_analytics_pipeline' retrieved from /opt/airflow/dags/dag_crime_pipeline.py
[2026-05-27T09:21:50.370+0000] {logging_mixin.py:188} INFO - [2026-05-27T09:21:50.369+0000] {dag.py:3036} INFO - Sync 1 DAGs
[2026-05-27T09:21:50.419+0000] {processor.py:183} INFO - Processing /opt/airflow/dags/dag_crime_pipeline.py took 0.134 seconds
[2026-05-27T09:22:21.351+0000] {processor.py:161} INFO - Started process (PID=7415) to work on /opt/airflow/dags/dag_crime_pipeline.py
[2026-05-27T09:22:21.352+0000] {processor.py:830} INFO - Processing file /opt/airflow/dags/dag_crime_pipeline.py for tasks to queue
[2026-05-27T09:22:21.355+0000] {logging_mixin.py:188} INFO - [2026-05-27T09:22:21.355+0000] {dagbag.py:538} INFO - Filling up the DagBag from /opt/airflow/dags/dag_crime_pipeline.py
[2026-05-27T09:22:21.395+0000] {processor.py:840} INFO - DAG(s) 'crime_analytics_pipeline' retrieved from /opt/airflow/dags/dag_crime_pipeline.py
[2026-05-27T09:22:21.428+0000] {logging_mixin.py:188} INFO - [2026-05-27T09:22:21.427+0000] {dag.py:3036} INFO - Sync 1 DAGs
[2026-05-27T09:22:21.488+0000] {processor.py:183} INFO - Processing /opt/airflow/dags/dag_crime_pipeline.py took 0.142 seconds
[2026-05-27T09:22:52.424+0000] {processor.py:161} INFO - Started process (PID=7420) to work on /opt/airflow/dags/dag_crime_pipeline.py
[2026-05-27T09:22:52.426+0000] {processor.py:830} INFO - Processing file /opt/airflow/dags/dag_crime_pipeline.py for tasks to queue
[2026-05-27T09:22:52.429+0000] {logging_mixin.py:188} INFO - [2026-05-27T09:22:52.428+0000] {dagbag.py:538} INFO - Filling up the DagBag from /opt/airflow/dags/dag_crime_pipeline.py
[2026-05-27T09:22:52.470+0000] {processor.py:840} INFO - DAG(s) 'crime_analytics_pipeline' retrieved from /opt/airflow/dags/dag_crime_pipeline.py
[2026-05-27T09:22:52.511+0000] {logging_mixin.py:188} INFO - [2026-05-27T09:22:52.510+0000] {dag.py:3036} INFO - Sync 1 DAGs
[2026-05-27T09:22:52.549+0000] {processor.py:183} INFO - Processing /opt/airflow/dags/dag_crime_pipeline.py took 0.129 seconds
[2026-05-27T09:23:23.528+0000] {processor.py:161} INFO - Started process (PID=7425) to work on /opt/airflow/dags/dag_crime_pipeline.py
[2026-05-27T09:23:23.530+0000] {processor.py:830} INFO - Processing file /opt/airflow/dags/dag_crime_pipeline.py for tasks to queue
[2026-05-27T09:23:23.533+0000] {logging_mixin.py:188} INFO - [2026-05-27T09:23:23.532+0000] {dagbag.py:538} INFO - Filling up the DagBag from /opt/airflow/dags/dag_crime_pipeline.py
[2026-05-27T09:23:23.571+0000] {processor.py:840} INFO - DAG(s) 'crime_analytics_pipeline' retrieved from /opt/airflow/dags/dag_crime_pipeline.py
[2026-05-27T09:23:23.604+0000] {logging_mixin.py:188} INFO - [2026-05-27T09:23:23.603+0000] {dag.py:3036} INFO - Sync 1 DAGs
[2026-05-27T09:23:23.647+0000] {processor.py:183} INFO - Processing /opt/airflow/dags/dag_crime_pipeline.py took 0.123 seconds
[2026-05-27T09:23:54.593+0000] {processor.py:161} INFO - Started process (PID=7430) to work on /opt/airflow/dags/dag_crime_pipeline.py
[2026-05-27T09:23:54.594+0000] {processor.py:830} INFO - Processing file /opt/airflow/dags/dag_crime_pipeline.py for tasks to queue
[2026-05-27T09:23:54.598+0000] {logging_mixin.py:188} INFO - [2026-05-27T09:23:54.597+0000] {dagbag.py:538} INFO - Filling up the DagBag from /opt/airflow/dags/dag_crime_pipeline.py
[2026-05-27T09:23:54.636+0000] {processor.py:840} INFO - DAG(s) 'crime_analytics_pipeline' retrieved from /opt/airflow/dags/dag_crime_pipeline.py
[2026-05-27T09:23:54.671+0000] {logging_mixin.py:188} INFO - [2026-05-27T09:23:54.670+0000] {dag.py:3036} INFO - Sync 1 DAGs
[2026-05-27T09:23:54.729+0000] {processor.py:183} INFO - Processing /opt/airflow/dags/dag_crime_pipeline.py took 0.141 seconds
[2026-05-27T09:24:25.677+0000] {processor.py:161} INFO - Started process (PID=7435) to work on /opt/airflow/dags/dag_crime_pipeline.py
[2026-05-27T09:24:25.678+0000] {processor.py:830} INFO - Processing file /opt/airflow/dags/dag_crime_pipeline.py for tasks to queue
[2026-05-27T09:24:25.681+0000] {logging_mixin.py:188} INFO - [2026-05-27T09:24:25.680+0000] {dagbag.py:538} INFO - Filling up the DagBag from /opt/airflow/dags/dag_crime_pipeline.py
[2026-05-27T09:24:25.723+0000] {processor.py:840} INFO - DAG(s) 'crime_analytics_pipeline' retrieved from /opt/airflow/dags/dag_crime_pipeline.py
[2026-05-27T09:24:25.757+0000] {logging_mixin.py:188} INFO - [2026-05-27T09:24:25.756+0000] {dag.py:3036} INFO - Sync 1 DAGs
[2026-05-27T09:24:25.794+0000] {processor.py:183} INFO - Processing /opt/airflow/dags/dag_crime_pipeline.py took 0.122 seconds
[2026-05-27T09:24:56.740+0000] {processor.py:161} INFO - Started process (PID=7440) to work on /opt/airflow/dags/dag_crime_pipeline.py
[2026-05-27T09:24:56.742+0000] {processor.py:830} INFO - Processing file /opt/airflow/dags/dag_crime_pipeline.py for tasks to queue
[2026-05-27T09:24:56.745+0000] {logging_mixin.py:188} INFO - [2026-05-27T09:24:56.744+0000] {dagbag.py:538} INFO - Filling up the DagBag from /opt/airflow/dags/dag_crime_pipeline.py
[2026-05-27T09:24:56.785+0000] {processor.py:840} INFO - DAG(s) 'crime_analytics_pipeline' retrieved from /opt/airflow/dags/dag_crime_pipeline.py
[2026-05-27T09:24:56.820+0000] {logging_mixin.py:188} INFO - [2026-05-27T09:24:56.819+0000] {dag.py:3036} INFO - Sync 1 DAGs
[2026-05-27T09:24:56.883+0000] {processor.py:183} INFO - Processing /opt/airflow/dags/dag_crime_pipeline.py took 0.147 seconds
[2026-05-27T09:25:26.950+0000] {processor.py:161} INFO - Started process (PID=7445) to work on /opt/airflow/dags/dag_crime_pipeline.py
[2026-05-27T09:25:26.952+0000] {processor.py:830} INFO - Processing file /opt/airflow/dags/dag_crime_pipeline.py for tasks to queue
[2026-05-27T09:25:26.954+0000] {logging_mixin.py:188} INFO - [2026-05-27T09:25:26.954+0000] {dagbag.py:538} INFO - Filling up the DagBag from /opt/airflow/dags/dag_crime_pipeline.py
[2026-05-27T09:25:26.995+0000] {processor.py:840} INFO - DAG(s) 'crime_analytics_pipeline' retrieved from /opt/airflow/dags/dag_crime_pipeline.py
[2026-05-27T09:25:27.030+0000] {logging_mixin.py:188} INFO - [2026-05-27T09:25:27.030+0000] {dag.py:3036} INFO - Sync 1 DAGs
[2026-05-27T09:25:27.078+0000] {processor.py:183} INFO - Processing /opt/airflow/dags/dag_crime_pipeline.py took 0.132 seconds
[2026-05-27T09:25:57.963+0000] {processor.py:161} INFO - Started process (PID=7450) to work on /opt/airflow/dags/dag_crime_pipeline.py
[2026-05-27T09:25:57.964+0000] {processor.py:830} INFO - Processing file /opt/airflow/dags/dag_crime_pipeline.py for tasks to queue
[2026-05-27T09:25:57.967+0000] {logging_mixin.py:188} INFO - [2026-05-27T09:25:57.967+0000] {dagbag.py:538} INFO - Filling up the DagBag from /opt/airflow/dags/dag_crime_pipeline.py
[2026-05-27T09:25:58.009+0000] {processor.py:840} INFO - DAG(s) 'crime_analytics_pipeline' retrieved from /opt/airflow/dags/dag_crime_pipeline.py
[2026-05-27T09:25:58.046+0000] {logging_mixin.py:188} INFO - [2026-05-27T09:25:58.045+0000] {dag.py:3036} INFO - Sync 1 DAGs
[2026-05-27T09:25:58.108+0000] {processor.py:183} INFO - Processing /opt/airflow/dags/dag_crime_pipeline.py took 0.150 seconds
[2026-05-27T09:26:29.124+0000] {processor.py:161} INFO - Started process (PID=7455) to work on /opt/airflow/dags/dag_crime_pipeline.py
[2026-05-27T09:26:29.125+0000] {processor.py:830} INFO - Processing file /opt/airflow/dags/dag_crime_pipeline.py for tasks to queue
[2026-05-27T09:26:29.128+0000] {logging_mixin.py:188} INFO - [2026-05-27T09:26:29.127+0000] {dagbag.py:538} INFO - Filling up the DagBag from /opt/airflow/dags/dag_crime_pipeline.py
[2026-05-27T09:26:29.165+0000] {processor.py:840} INFO - DAG(s) 'crime_analytics_pipeline' retrieved from /opt/airflow/dags/dag_crime_pipeline.py
[2026-05-27T09:26:29.196+0000] {logging_mixin.py:188} INFO - [2026-05-27T09:26:29.195+0000] {dag.py:3036} INFO - Sync 1 DAGs
[2026-05-27T09:26:29.235+0000] {processor.py:183} INFO - Processing /opt/airflow/dags/dag_crime_pipeline.py took 0.116 seconds
[2026-05-27T09:26:59.341+0000] {processor.py:161} INFO - Started process (PID=7460) to work on /opt/airflow/dags/dag_crime_pipeline.py
[2026-05-27T09:26:59.343+0000] {processor.py:830} INFO - Processing file /opt/airflow/dags/dag_crime_pipeline.py for tasks to queue
[2026-05-27T09:26:59.346+0000] {logging_mixin.py:188} INFO - [2026-05-27T09:26:59.345+0000] {dagbag.py:538} INFO - Filling up the DagBag from /opt/airflow/dags/dag_crime_pipeline.py
[2026-05-27T09:26:59.383+0000] {processor.py:840} INFO - DAG(s) 'crime_analytics_pipeline' retrieved from /opt/airflow/dags/dag_crime_pipeline.py
[2026-05-27T09:26:59.417+0000] {logging_mixin.py:188} INFO - [2026-05-27T09:26:59.417+0000] {dag.py:3036} INFO - Sync 1 DAGs
[2026-05-27T09:26:59.458+0000] {processor.py:183} INFO - Processing /opt/airflow/dags/dag_crime_pipeline.py took 0.122 seconds
[2026-05-27T09:27:30.424+0000] {processor.py:161} INFO - Started process (PID=7465) to work on /opt/airflow/dags/dag_crime_pipeline.py
[2026-05-27T09:27:30.426+0000] {processor.py:830} INFO - Processing file /opt/airflow/dags/dag_crime_pipeline.py for tasks to queue
[2026-05-27T09:27:30.429+0000] {logging_mixin.py:188} INFO - [2026-05-27T09:27:30.429+0000] {dagbag.py:538} INFO - Filling up the DagBag from /opt/airflow/dags/dag_crime_pipeline.py
[2026-05-27T09:27:30.473+0000] {processor.py:840} INFO - DAG(s) 'crime_analytics_pipeline' retrieved from /opt/airflow/dags/dag_crime_pipeline.py
[2026-05-27T09:27:30.506+0000] {logging_mixin.py:188} INFO - [2026-05-27T09:27:30.506+0000] {dag.py:3036} INFO - Sync 1 DAGs
[2026-05-27T09:27:30.548+0000] {processor.py:183} INFO - Processing /opt/airflow/dags/dag_crime_pipeline.py took 0.131 seconds
[2026-05-27T09:28:01.492+0000] {processor.py:161} INFO - Started process (PID=7470) to work on /opt/airflow/dags/dag_crime_pipeline.py
[2026-05-27T09:28:01.494+0000] {processor.py:830} INFO - Processing file /opt/airflow/dags/dag_crime_pipeline.py for tasks to queue
[2026-05-27T09:28:01.498+0000] {logging_mixin.py:188} INFO - [2026-05-27T09:28:01.497+0000] {dagbag.py:538} INFO - Filling up the DagBag from /opt/airflow/dags/dag_crime_pipeline.py
[2026-05-27T09:28:01.538+0000] {processor.py:840} INFO - DAG(s) 'crime_analytics_pipeline' retrieved from /opt/airflow/dags/dag_crime_pipeline.py
[2026-05-27T09:28:01.574+0000] {logging_mixin.py:188} INFO - [2026-05-27T09:28:01.573+0000] {dag.py:3036} INFO - Sync 1 DAGs
[2026-05-27T09:28:01.635+0000] {processor.py:183} INFO - Processing /opt/airflow/dags/dag_crime_pipeline.py took 0.147 seconds
[2026-05-27T09:28:32.572+0000] {processor.py:161} INFO - Started process (PID=7475) to work on /opt/airflow/dags/dag_crime_pipeline.py
[2026-05-27T09:28:32.574+0000] {processor.py:830} INFO - Processing file /opt/airflow/dags/dag_crime_pipeline.py for tasks to queue
[2026-05-27T09:28:32.577+0000] {logging_mixin.py:188} INFO - [2026-05-27T09:28:32.576+0000] {dagbag.py:538} INFO - Filling up the DagBag from /opt/airflow/dags/dag_crime_pipeline.py
[2026-05-27T09:28:32.614+0000] {processor.py:840} INFO - DAG(s) 'crime_analytics_pipeline' retrieved from /opt/airflow/dags/dag_crime_pipeline.py
[2026-05-27T09:28:32.647+0000] {logging_mixin.py:188} INFO - [2026-05-27T09:28:32.647+0000] {dag.py:3036} INFO - Sync 1 DAGs
[2026-05-27T09:28:32.705+0000] {processor.py:183} INFO - Processing /opt/airflow/dags/dag_crime_pipeline.py took 0.137 seconds
[2026-05-27T09:29:02.800+0000] {processor.py:161} INFO - Started process (PID=7480) to work on /opt/airflow/dags/dag_crime_pipeline.py
[2026-05-27T09:29:02.802+0000] {processor.py:830} INFO - Processing file /opt/airflow/dags/dag_crime_pipeline.py for tasks to queue
[2026-05-27T09:29:02.806+0000] {logging_mixin.py:188} INFO - [2026-05-27T09:29:02.805+0000] {dagbag.py:538} INFO - Filling up the DagBag from /opt/airflow/dags/dag_crime_pipeline.py
[2026-05-27T09:29:02.846+0000] {processor.py:840} INFO - DAG(s) 'crime_analytics_pipeline' retrieved from /opt/airflow/dags/dag_crime_pipeline.py
[2026-05-27T09:29:02.883+0000] {logging_mixin.py:188} INFO - [2026-05-27T09:29:02.882+0000] {dag.py:3036} INFO - Sync 1 DAGs
[2026-05-27T09:29:02.947+0000] {processor.py:183} INFO - Processing /opt/airflow/dags/dag_crime_pipeline.py took 0.151 seconds
[2026-05-27T09:29:33.824+0000] {processor.py:161} INFO - Started process (PID=7485) to work on /opt/airflow/dags/dag_crime_pipeline.py
[2026-05-27T09:29:33.826+0000] {processor.py:830} INFO - Processing file /opt/airflow/dags/dag_crime_pipeline.py for tasks to queue
[2026-05-27T09:29:33.829+0000] {logging_mixin.py:188} INFO - [2026-05-27T09:29:33.828+0000] {dagbag.py:538} INFO - Filling up the DagBag from /opt/airflow/dags/dag_crime_pipeline.py
[2026-05-27T09:29:33.867+0000] {processor.py:840} INFO - DAG(s) 'crime_analytics_pipeline' retrieved from /opt/airflow/dags/dag_crime_pipeline.py
[2026-05-27T09:29:33.908+0000] {logging_mixin.py:188} INFO - [2026-05-27T09:29:33.907+0000] {dag.py:3036} INFO - Sync 1 DAGs
[2026-05-27T09:29:33.953+0000] {processor.py:183} INFO - Processing /opt/airflow/dags/dag_crime_pipeline.py took 0.133 seconds
[2026-05-27T09:30:05.005+0000] {processor.py:161} INFO - Started process (PID=7490) to work on /opt/airflow/dags/dag_crime_pipeline.py
[2026-05-27T09:30:05.006+0000] {processor.py:830} INFO - Processing file /opt/airflow/dags/dag_crime_pipeline.py for tasks to queue
[2026-05-27T09:30:05.009+0000] {logging_mixin.py:188} INFO - [2026-05-27T09:30:05.008+0000] {dagbag.py:538} INFO - Filling up the DagBag from /opt/airflow/dags/dag_crime_pipeline.py
[2026-05-27T09:30:05.050+0000] {processor.py:840} INFO - DAG(s) 'crime_analytics_pipeline' retrieved from /opt/airflow/dags/dag_crime_pipeline.py
[2026-05-27T09:30:05.084+0000] {logging_mixin.py:188} INFO - [2026-05-27T09:30:05.084+0000] {dag.py:3036} INFO - Sync 1 DAGs
[2026-05-27T09:30:05.125+0000] {processor.py:183} INFO - Processing /opt/airflow/dags/dag_crime_pipeline.py took 0.125 seconds
[2026-05-27T09:30:35.236+0000] {processor.py:161} INFO - Started process (PID=7495) to work on /opt/airflow/dags/dag_crime_pipeline.py
[2026-05-27T09:30:35.239+0000] {processor.py:830} INFO - Processing file /opt/airflow/dags/dag_crime_pipeline.py for tasks to queue
[2026-05-27T09:30:35.242+0000] {logging_mixin.py:188} INFO - [2026-05-27T09:30:35.242+0000] {dagbag.py:538} INFO - Filling up the DagBag from /opt/airflow/dags/dag_crime_pipeline.py
[2026-05-27T09:30:35.280+0000] {processor.py:840} INFO - DAG(s) 'crime_analytics_pipeline' retrieved from /opt/airflow/dags/dag_crime_pipeline.py
[2026-05-27T09:30:35.316+0000] {logging_mixin.py:188} INFO - [2026-05-27T09:30:35.316+0000] {dag.py:3036} INFO - Sync 1 DAGs
[2026-05-27T09:30:35.377+0000] {processor.py:183} INFO - Processing /opt/airflow/dags/dag_crime_pipeline.py took 0.146 seconds
[2026-05-27T09:31:05.478+0000] {processor.py:161} INFO - Started process (PID=7500) to work on /opt/airflow/dags/dag_crime_pipeline.py
[2026-05-27T09:31:05.479+0000] {processor.py:830} INFO - Processing file /opt/airflow/dags/dag_crime_pipeline.py for tasks to queue
[2026-05-27T09:31:05.482+0000] {logging_mixin.py:188} INFO - [2026-05-27T09:31:05.481+0000] {dagbag.py:538} INFO - Filling up the DagBag from /opt/airflow/dags/dag_crime_pipeline.py
[2026-05-27T09:31:05.520+0000] {processor.py:840} INFO - DAG(s) 'crime_analytics_pipeline' retrieved from /opt/airflow/dags/dag_crime_pipeline.py
[2026-05-27T09:31:05.561+0000] {logging_mixin.py:188} INFO - [2026-05-27T09:31:05.560+0000] {dag.py:3036} INFO - Sync 1 DAGs
[2026-05-27T09:31:05.625+0000] {processor.py:183} INFO - Processing /opt/airflow/dags/dag_crime_pipeline.py took 0.152 seconds
[2026-05-27T09:31:36.458+0000] {processor.py:161} INFO - Started process (PID=7505) to work on /opt/airflow/dags/dag_crime_pipeline.py
[2026-05-27T09:31:36.460+0000] {processor.py:830} INFO - Processing file /opt/airflow/dags/dag_crime_pipeline.py for tasks to queue
[2026-05-27T09:31:36.462+0000] {logging_mixin.py:188} INFO - [2026-05-27T09:31:36.462+0000] {dagbag.py:538} INFO - Filling up the DagBag from /opt/airflow/dags/dag_crime_pipeline.py
[2026-05-27T09:31:36.502+0000] {processor.py:840} INFO - DAG(s) 'crime_analytics_pipeline' retrieved from /opt/airflow/dags/dag_crime_pipeline.py
[2026-05-27T09:31:36.542+0000] {logging_mixin.py:188} INFO - [2026-05-27T09:31:36.541+0000] {dag.py:3036} INFO - Sync 1 DAGs
[2026-05-27T09:31:36.584+0000] {processor.py:183} INFO - Processing /opt/airflow/dags/dag_crime_pipeline.py took 0.131 seconds
[2026-05-27T09:32:07.015+0000] {processor.py:161} INFO - Started process (PID=7510) to work on /opt/airflow/dags/dag_crime_pipeline.py
[2026-05-27T09:32:07.018+0000] {processor.py:830} INFO - Processing file /opt/airflow/dags/dag_crime_pipeline.py for tasks to queue
[2026-05-27T09:32:07.021+0000] {logging_mixin.py:188} INFO - [2026-05-27T09:32:07.020+0000] {dagbag.py:538} INFO - Filling up the DagBag from /opt/airflow/dags/dag_crime_pipeline.py
[2026-05-27T09:32:07.064+0000] {processor.py:840} INFO - DAG(s) 'crime_analytics_pipeline' retrieved from /opt/airflow/dags/dag_crime_pipeline.py
[2026-05-27T09:32:07.097+0000] {logging_mixin.py:188} INFO - [2026-05-27T09:32:07.097+0000] {dag.py:3036} INFO - Sync 1 DAGs
[2026-05-27T09:32:07.156+0000] {processor.py:183} INFO - Processing /opt/airflow/dags/dag_crime_pipeline.py took 0.146 seconds
[2026-05-27T09:32:37.384+0000] {processor.py:161} INFO - Started process (PID=7515) to work on /opt/airflow/dags/dag_crime_pipeline.py
[2026-05-27T09:32:37.386+0000] {processor.py:830} INFO - Processing file /opt/airflow/dags/dag_crime_pipeline.py for tasks to queue
[2026-05-27T09:32:37.389+0000] {logging_mixin.py:188} INFO - [2026-05-27T09:32:37.389+0000] {dagbag.py:538} INFO - Filling up the DagBag from /opt/airflow/dags/dag_crime_pipeline.py
[2026-05-27T09:32:37.429+0000] {processor.py:840} INFO - DAG(s) 'crime_analytics_pipeline' retrieved from /opt/airflow/dags/dag_crime_pipeline.py
[2026-05-27T09:32:37.476+0000] {logging_mixin.py:188} INFO - [2026-05-27T09:32:37.475+0000] {dag.py:3036} INFO - Sync 1 DAGs
[2026-05-27T09:32:37.529+0000] {processor.py:183} INFO - Processing /opt/airflow/dags/dag_crime_pipeline.py took 0.149 seconds
[2026-05-27T09:33:08.416+0000] {processor.py:161} INFO - Started process (PID=7520) to work on /opt/airflow/dags/dag_crime_pipeline.py
[2026-05-27T09:33:08.418+0000] {processor.py:830} INFO - Processing file /opt/airflow/dags/dag_crime_pipeline.py for tasks to queue
[2026-05-27T09:33:08.421+0000] {logging_mixin.py:188} INFO - [2026-05-27T09:33:08.421+0000] {dagbag.py:538} INFO - Filling up the DagBag from /opt/airflow/dags/dag_crime_pipeline.py
[2026-05-27T09:33:08.465+0000] {processor.py:840} INFO - DAG(s) 'crime_analytics_pipeline' retrieved from /opt/airflow/dags/dag_crime_pipeline.py
[2026-05-27T09:33:08.504+0000] {logging_mixin.py:188} INFO - [2026-05-27T09:33:08.504+0000] {dag.py:3036} INFO - Sync 1 DAGs
[2026-05-27T09:33:08.550+0000] {processor.py:183} INFO - Processing /opt/airflow/dags/dag_crime_pipeline.py took 0.139 seconds
[2026-05-27T09:33:38.615+0000] {processor.py:161} INFO - Started process (PID=7525) to work on /opt/airflow/dags/dag_crime_pipeline.py
[2026-05-27T09:33:38.617+0000] {processor.py:830} INFO - Processing file /opt/airflow/dags/dag_crime_pipeline.py for tasks to queue
[2026-05-27T09:33:38.620+0000] {logging_mixin.py:188} INFO - [2026-05-27T09:33:38.619+0000] {dagbag.py:538} INFO - Filling up the DagBag from /opt/airflow/dags/dag_crime_pipeline.py
[2026-05-27T09:33:38.658+0000] {processor.py:840} INFO - DAG(s) 'crime_analytics_pipeline' retrieved from /opt/airflow/dags/dag_crime_pipeline.py
[2026-05-27T09:33:38.692+0000] {logging_mixin.py:188} INFO - [2026-05-27T09:33:38.691+0000] {dag.py:3036} INFO - Sync 1 DAGs
[2026-05-27T09:33:38.753+0000] {processor.py:183} INFO - Processing /opt/airflow/dags/dag_crime_pipeline.py took 0.142 seconds
[2026-05-27T09:34:09.648+0000] {processor.py:161} INFO - Started process (PID=7530) to work on /opt/airflow/dags/dag_crime_pipeline.py
[2026-05-27T09:34:09.651+0000] {processor.py:830} INFO - Processing file /opt/airflow/dags/dag_crime_pipeline.py for tasks to queue
[2026-05-27T09:34:09.655+0000] {logging_mixin.py:188} INFO - [2026-05-27T09:34:09.654+0000] {dagbag.py:538} INFO - Filling up the DagBag from /opt/airflow/dags/dag_crime_pipeline.py
[2026-05-27T09:34:09.697+0000] {processor.py:840} INFO - DAG(s) 'crime_analytics_pipeline' retrieved from /opt/airflow/dags/dag_crime_pipeline.py
[2026-05-27T09:34:09.732+0000] {logging_mixin.py:188} INFO - [2026-05-27T09:34:09.731+0000] {dag.py:3036} INFO - Sync 1 DAGs
[2026-05-27T09:34:09.775+0000] {processor.py:183} INFO - Processing /opt/airflow/dags/dag_crime_pipeline.py took 0.133 seconds
[2026-05-27T09:34:39.848+0000] {processor.py:161} INFO - Started process (PID=7535) to work on /opt/airflow/dags/dag_crime_pipeline.py
[2026-05-27T09:34:39.849+0000] {processor.py:830} INFO - Processing file /opt/airflow/dags/dag_crime_pipeline.py for tasks to queue
[2026-05-27T09:34:39.852+0000] {logging_mixin.py:188} INFO - [2026-05-27T09:34:39.852+0000] {dagbag.py:538} INFO - Filling up the DagBag from /opt/airflow/dags/dag_crime_pipeline.py
[2026-05-27T09:34:39.890+0000] {processor.py:840} INFO - DAG(s) 'crime_analytics_pipeline' retrieved from /opt/airflow/dags/dag_crime_pipeline.py
[2026-05-27T09:34:39.922+0000] {logging_mixin.py:188} INFO - [2026-05-27T09:34:39.921+0000] {dag.py:3036} INFO - Sync 1 DAGs
[2026-05-27T09:34:39.980+0000] {processor.py:183} INFO - Processing /opt/airflow/dags/dag_crime_pipeline.py took 0.136 seconds
[2026-05-27T09:35:10.084+0000] {processor.py:161} INFO - Started process (PID=7540) to work on /opt/airflow/dags/dag_crime_pipeline.py
[2026-05-27T09:35:10.086+0000] {processor.py:830} INFO - Processing file /opt/airflow/dags/dag_crime_pipeline.py for tasks to queue
[2026-05-27T09:35:10.089+0000] {logging_mixin.py:188} INFO - [2026-05-27T09:35:10.088+0000] {dagbag.py:538} INFO - Filling up the DagBag from /opt/airflow/dags/dag_crime_pipeline.py
[2026-05-27T09:35:10.126+0000] {processor.py:840} INFO - DAG(s) 'crime_analytics_pipeline' retrieved from /opt/airflow/dags/dag_crime_pipeline.py
[2026-05-27T09:35:10.159+0000] {logging_mixin.py:188} INFO - [2026-05-27T09:35:10.159+0000] {dag.py:3036} INFO - Sync 1 DAGs
[2026-05-27T09:35:10.198+0000] {processor.py:183} INFO - Processing /opt/airflow/dags/dag_crime_pipeline.py took 0.118 seconds
[2026-05-27T09:35:41.109+0000] {processor.py:161} INFO - Started process (PID=7545) to work on /opt/airflow/dags/dag_crime_pipeline.py
[2026-05-27T09:35:41.111+0000] {processor.py:830} INFO - Processing file /opt/airflow/dags/dag_crime_pipeline.py for tasks to queue
[2026-05-27T09:35:41.114+0000] {logging_mixin.py:188} INFO - [2026-05-27T09:35:41.114+0000] {dagbag.py:538} INFO - Filling up the DagBag from /opt/airflow/dags/dag_crime_pipeline.py
[2026-05-27T09:35:41.152+0000] {processor.py:840} INFO - DAG(s) 'crime_analytics_pipeline' retrieved from /opt/airflow/dags/dag_crime_pipeline.py
[2026-05-27T09:35:41.191+0000] {logging_mixin.py:188} INFO - [2026-05-27T09:35:41.191+0000] {dag.py:3036} INFO - Sync 1 DAGs
[2026-05-27T09:35:41.237+0000] {processor.py:183} INFO - Processing /opt/airflow/dags/dag_crime_pipeline.py took 0.132 seconds
[2026-05-27T09:36:12.259+0000] {processor.py:161} INFO - Started process (PID=7550) to work on /opt/airflow/dags/dag_crime_pipeline.py
[2026-05-27T09:36:12.260+0000] {processor.py:830} INFO - Processing file /opt/airflow/dags/dag_crime_pipeline.py for tasks to queue
[2026-05-27T09:36:12.264+0000] {logging_mixin.py:188} INFO - [2026-05-27T09:36:12.263+0000] {dagbag.py:538} INFO - Filling up the DagBag from /opt/airflow/dags/dag_crime_pipeline.py
[2026-05-27T09:36:12.302+0000] {processor.py:840} INFO - DAG(s) 'crime_analytics_pipeline' retrieved from /opt/airflow/dags/dag_crime_pipeline.py
[2026-05-27T09:36:12.370+0000] {logging_mixin.py:188} INFO - [2026-05-27T09:36:12.369+0000] {dag.py:3036} INFO - Sync 1 DAGs
[2026-05-27T09:36:12.436+0000] {processor.py:183} INFO - Processing /opt/airflow/dags/dag_crime_pipeline.py took 0.181 seconds
[2026-05-27T09:36:42.569+0000] {processor.py:161} INFO - Started process (PID=7555) to work on /opt/airflow/dags/dag_crime_pipeline.py
[2026-05-27T09:36:42.570+0000] {processor.py:830} INFO - Processing file /opt/airflow/dags/dag_crime_pipeline.py for tasks to queue
[2026-05-27T09:36:42.573+0000] {logging_mixin.py:188} INFO - [2026-05-27T09:36:42.573+0000] {dagbag.py:538} INFO - Filling up the DagBag from /opt/airflow/dags/dag_crime_pipeline.py
[2026-05-27T09:36:42.617+0000] {processor.py:840} INFO - DAG(s) 'crime_analytics_pipeline' retrieved from /opt/airflow/dags/dag_crime_pipeline.py
[2026-05-27T09:36:42.652+0000] {logging_mixin.py:188} INFO - [2026-05-27T09:36:42.652+0000] {dag.py:3036} INFO - Sync 1 DAGs
[2026-05-27T09:36:42.719+0000] {processor.py:183} INFO - Processing /opt/airflow/dags/dag_crime_pipeline.py took 0.155 seconds
[2026-05-27T09:37:12.826+0000] {processor.py:161} INFO - Started process (PID=7560) to work on /opt/airflow/dags/dag_crime_pipeline.py
[2026-05-27T09:37:12.827+0000] {processor.py:830} INFO - Processing file /opt/airflow/dags/dag_crime_pipeline.py for tasks to queue
[2026-05-27T09:37:12.830+0000] {logging_mixin.py:188} INFO - [2026-05-27T09:37:12.830+0000] {dagbag.py:538} INFO - Filling up the DagBag from /opt/airflow/dags/dag_crime_pipeline.py
[2026-05-27T09:37:12.870+0000] {processor.py:840} INFO - DAG(s) 'crime_analytics_pipeline' retrieved from /opt/airflow/dags/dag_crime_pipeline.py
[2026-05-27T09:37:12.905+0000] {logging_mixin.py:188} INFO - [2026-05-27T09:37:12.905+0000] {dag.py:3036} INFO - Sync 1 DAGs
[2026-05-27T09:37:12.948+0000] {processor.py:183} INFO - Processing /opt/airflow/dags/dag_crime_pipeline.py took 0.127 seconds
[2026-05-27T09:37:43.045+0000] {processor.py:161} INFO - Started process (PID=7565) to work on /opt/airflow/dags/dag_crime_pipeline.py
[2026-05-27T09:37:43.047+0000] {processor.py:830} INFO - Processing file /opt/airflow/dags/dag_crime_pipeline.py for tasks to queue
[2026-05-27T09:37:43.050+0000] {logging_mixin.py:188} INFO - [2026-05-27T09:37:43.050+0000] {dagbag.py:538} INFO - Filling up the DagBag from /opt/airflow/dags/dag_crime_pipeline.py
[2026-05-27T09:37:43.096+0000] {processor.py:840} INFO - DAG(s) 'crime_analytics_pipeline' retrieved from /opt/airflow/dags/dag_crime_pipeline.py
[2026-05-27T09:37:43.129+0000] {logging_mixin.py:188} INFO - [2026-05-27T09:37:43.129+0000] {dag.py:3036} INFO - Sync 1 DAGs
[2026-05-27T09:37:43.170+0000] {processor.py:183} INFO - Processing /opt/airflow/dags/dag_crime_pipeline.py took 0.130 seconds
[2026-05-27T09:38:13.237+0000] {processor.py:161} INFO - Started process (PID=7570) to work on /opt/airflow/dags/dag_crime_pipeline.py
[2026-05-27T09:38:13.239+0000] {processor.py:830} INFO - Processing file /opt/airflow/dags/dag_crime_pipeline.py for tasks to queue
[2026-05-27T09:38:13.242+0000] {logging_mixin.py:188} INFO - [2026-05-27T09:38:13.241+0000] {dagbag.py:538} INFO - Filling up the DagBag from /opt/airflow/dags/dag_crime_pipeline.py
[2026-05-27T09:38:13.279+0000] {processor.py:840} INFO - DAG(s) 'crime_analytics_pipeline' retrieved from /opt/airflow/dags/dag_crime_pipeline.py
[2026-05-27T09:38:13.319+0000] {logging_mixin.py:188} INFO - [2026-05-27T09:38:13.319+0000] {dag.py:3036} INFO - Sync 1 DAGs
[2026-05-27T09:38:13.369+0000] {processor.py:183} INFO - Processing /opt/airflow/dags/dag_crime_pipeline.py took 0.137 seconds
[2026-05-27T09:38:43.444+0000] {processor.py:161} INFO - Started process (PID=7575) to work on /opt/airflow/dags/dag_crime_pipeline.py
[2026-05-27T09:38:43.445+0000] {processor.py:830} INFO - Processing file /opt/airflow/dags/dag_crime_pipeline.py for tasks to queue
[2026-05-27T09:38:43.448+0000] {logging_mixin.py:188} INFO - [2026-05-27T09:38:43.447+0000] {dagbag.py:538} INFO - Filling up the DagBag from /opt/airflow/dags/dag_crime_pipeline.py
[2026-05-27T09:38:43.487+0000] {processor.py:840} INFO - DAG(s) 'crime_analytics_pipeline' retrieved from /opt/airflow/dags/dag_crime_pipeline.py
[2026-05-27T09:38:43.519+0000] {logging_mixin.py:188} INFO - [2026-05-27T09:38:43.518+0000] {dag.py:3036} INFO - Sync 1 DAGs
[2026-05-27T09:38:43.574+0000] {processor.py:183} INFO - Processing /opt/airflow/dags/dag_crime_pipeline.py took 0.135 seconds
[2026-05-27T09:39:13.723+0000] {processor.py:161} INFO - Started process (PID=7580) to work on /opt/airflow/dags/dag_crime_pipeline.py
[2026-05-27T09:39:13.725+0000] {processor.py:830} INFO - Processing file /opt/airflow/dags/dag_crime_pipeline.py for tasks to queue
[2026-05-27T09:39:13.728+0000] {logging_mixin.py:188} INFO - [2026-05-27T09:39:13.728+0000] {dagbag.py:538} INFO - Filling up the DagBag from /opt/airflow/dags/dag_crime_pipeline.py
[2026-05-27T09:39:13.768+0000] {processor.py:840} INFO - DAG(s) 'crime_analytics_pipeline' retrieved from /opt/airflow/dags/dag_crime_pipeline.py
[2026-05-27T09:39:13.803+0000] {logging_mixin.py:188} INFO - [2026-05-27T09:39:13.803+0000] {dag.py:3036} INFO - Sync 1 DAGs
[2026-05-27T09:39:13.871+0000] {processor.py:183} INFO - Processing /opt/airflow/dags/dag_crime_pipeline.py took 0.152 seconds
[2026-05-27T09:39:43.947+0000] {processor.py:161} INFO - Started process (PID=7585) to work on /opt/airflow/dags/dag_crime_pipeline.py
[2026-05-27T09:39:43.948+0000] {processor.py:830} INFO - Processing file /opt/airflow/dags/dag_crime_pipeline.py for tasks to queue
[2026-05-27T09:39:43.951+0000] {logging_mixin.py:188} INFO - [2026-05-27T09:39:43.951+0000] {dagbag.py:538} INFO - Filling up the DagBag from /opt/airflow/dags/dag_crime_pipeline.py
[2026-05-27T09:39:43.991+0000] {processor.py:840} INFO - DAG(s) 'crime_analytics_pipeline' retrieved from /opt/airflow/dags/dag_crime_pipeline.py
[2026-05-27T09:39:44.021+0000] {logging_mixin.py:188} INFO - [2026-05-27T09:39:44.021+0000] {dag.py:3036} INFO - Sync 1 DAGs
[2026-05-27T09:39:44.060+0000] {processor.py:183} INFO - Processing /opt/airflow/dags/dag_crime_pipeline.py took 0.118 seconds
[2026-05-27T09:40:14.160+0000] {processor.py:161} INFO - Started process (PID=7590) to work on /opt/airflow/dags/dag_crime_pipeline.py
[2026-05-27T09:40:14.162+0000] {processor.py:830} INFO - Processing file /opt/airflow/dags/dag_crime_pipeline.py for tasks to queue
[2026-05-27T09:40:14.164+0000] {logging_mixin.py:188} INFO - [2026-05-27T09:40:14.164+0000] {dagbag.py:538} INFO - Filling up the DagBag from /opt/airflow/dags/dag_crime_pipeline.py
[2026-05-27T09:40:14.210+0000] {processor.py:840} INFO - DAG(s) 'crime_analytics_pipeline' retrieved from /opt/airflow/dags/dag_crime_pipeline.py
[2026-05-27T09:40:14.254+0000] {logging_mixin.py:188} INFO - [2026-05-27T09:40:14.253+0000] {dag.py:3036} INFO - Sync 1 DAGs
[2026-05-27T09:40:14.312+0000] {processor.py:183} INFO - Processing /opt/airflow/dags/dag_crime_pipeline.py took 0.158 seconds
[2026-05-27T09:40:44.414+0000] {processor.py:161} INFO - Started process (PID=7595) to work on /opt/airflow/dags/dag_crime_pipeline.py
[2026-05-27T09:40:44.416+0000] {processor.py:830} INFO - Processing file /opt/airflow/dags/dag_crime_pipeline.py for tasks to queue
[2026-05-27T09:40:44.420+0000] {logging_mixin.py:188} INFO - [2026-05-27T09:40:44.419+0000] {dagbag.py:538} INFO - Filling up the DagBag from /opt/airflow/dags/dag_crime_pipeline.py
[2026-05-27T09:40:44.460+0000] {processor.py:840} INFO - DAG(s) 'crime_analytics_pipeline' retrieved from /opt/airflow/dags/dag_crime_pipeline.py
[2026-05-27T09:40:44.492+0000] {logging_mixin.py:188} INFO - [2026-05-27T09:40:44.491+0000] {dag.py:3036} INFO - Sync 1 DAGs
[2026-05-27T09:40:44.550+0000] {processor.py:183} INFO - Processing /opt/airflow/dags/dag_crime_pipeline.py took 0.141 seconds
[2026-05-27T09:41:14.649+0000] {processor.py:161} INFO - Started process (PID=7600) to work on /opt/airflow/dags/dag_crime_pipeline.py
[2026-05-27T09:41:14.650+0000] {processor.py:830} INFO - Processing file /opt/airflow/dags/dag_crime_pipeline.py for tasks to queue
[2026-05-27T09:41:14.653+0000] {logging_mixin.py:188} INFO - [2026-05-27T09:41:14.653+0000] {dagbag.py:538} INFO - Filling up the DagBag from /opt/airflow/dags/dag_crime_pipeline.py
[2026-05-27T09:41:14.690+0000] {processor.py:840} INFO - DAG(s) 'crime_analytics_pipeline' retrieved from /opt/airflow/dags/dag_crime_pipeline.py
[2026-05-27T09:41:14.726+0000] {logging_mixin.py:188} INFO - [2026-05-27T09:41:14.725+0000] {dag.py:3036} INFO - Sync 1 DAGs
[2026-05-27T09:41:14.772+0000] {processor.py:183} INFO - Processing /opt/airflow/dags/dag_crime_pipeline.py took 0.128 seconds
[2026-05-27T09:41:44.870+0000] {processor.py:161} INFO - Started process (PID=7605) to work on /opt/airflow/dags/dag_crime_pipeline.py
[2026-05-27T09:41:44.872+0000] {processor.py:830} INFO - Processing file /opt/airflow/dags/dag_crime_pipeline.py for tasks to queue
[2026-05-27T09:41:44.875+0000] {logging_mixin.py:188} INFO - [2026-05-27T09:41:44.874+0000] {dagbag.py:538} INFO - Filling up the DagBag from /opt/airflow/dags/dag_crime_pipeline.py
[2026-05-27T09:41:44.912+0000] {processor.py:840} INFO - DAG(s) 'crime_analytics_pipeline' retrieved from /opt/airflow/dags/dag_crime_pipeline.py
[2026-05-27T09:41:44.945+0000] {logging_mixin.py:188} INFO - [2026-05-27T09:41:44.945+0000] {dag.py:3036} INFO - Sync 1 DAGs
[2026-05-27T09:41:45.012+0000] {processor.py:183} INFO - Processing /opt/airflow/dags/dag_crime_pipeline.py took 0.146 seconds
[2026-05-27T09:42:15.110+0000] {processor.py:161} INFO - Started process (PID=7610) to work on /opt/airflow/dags/dag_crime_pipeline.py
[2026-05-27T09:42:15.111+0000] {processor.py:830} INFO - Processing file /opt/airflow/dags/dag_crime_pipeline.py for tasks to queue
[2026-05-27T09:42:15.114+0000] {logging_mixin.py:188} INFO - [2026-05-27T09:42:15.114+0000] {dagbag.py:538} INFO - Filling up the DagBag from /opt/airflow/dags/dag_crime_pipeline.py
[2026-05-27T09:42:15.150+0000] {processor.py:840} INFO - DAG(s) 'crime_analytics_pipeline' retrieved from /opt/airflow/dags/dag_crime_pipeline.py
[2026-05-27T09:42:15.186+0000] {logging_mixin.py:188} INFO - [2026-05-27T09:42:15.186+0000] {dag.py:3036} INFO - Sync 1 DAGs
[2026-05-27T09:42:15.245+0000] {processor.py:183} INFO - Processing /opt/airflow/dags/dag_crime_pipeline.py took 0.139 seconds
[2026-05-27T09:42:45.341+0000] {processor.py:161} INFO - Started process (PID=7615) to work on /opt/airflow/dags/dag_crime_pipeline.py
[2026-05-27T09:42:45.342+0000] {processor.py:830} INFO - Processing file /opt/airflow/dags/dag_crime_pipeline.py for tasks to queue
[2026-05-27T09:42:45.346+0000] {logging_mixin.py:188} INFO - [2026-05-27T09:42:45.345+0000] {dagbag.py:538} INFO - Filling up the DagBag from /opt/airflow/dags/dag_crime_pipeline.py
[2026-05-27T09:42:45.382+0000] {processor.py:840} INFO - DAG(s) 'crime_analytics_pipeline' retrieved from /opt/airflow/dags/dag_crime_pipeline.py
[2026-05-27T09:42:45.417+0000] {logging_mixin.py:188} INFO - [2026-05-27T09:42:45.416+0000] {dag.py:3036} INFO - Sync 1 DAGs
[2026-05-27T09:42:45.455+0000] {processor.py:183} INFO - Processing /opt/airflow/dags/dag_crime_pipeline.py took 0.119 seconds
[2026-05-27T09:43:15.613+0000] {processor.py:161} INFO - Started process (PID=7620) to work on /opt/airflow/dags/dag_crime_pipeline.py
[2026-05-27T09:43:15.615+0000] {processor.py:830} INFO - Processing file /opt/airflow/dags/dag_crime_pipeline.py for tasks to queue
[2026-05-27T09:43:15.618+0000] {logging_mixin.py:188} INFO - [2026-05-27T09:43:15.618+0000] {dagbag.py:538} INFO - Filling up the DagBag from /opt/airflow/dags/dag_crime_pipeline.py
[2026-05-27T09:43:15.665+0000] {processor.py:840} INFO - DAG(s) 'crime_analytics_pipeline' retrieved from /opt/airflow/dags/dag_crime_pipeline.py
[2026-05-27T09:43:15.700+0000] {logging_mixin.py:188} INFO - [2026-05-27T09:43:15.700+0000] {dag.py:3036} INFO - Sync 1 DAGs
[2026-05-27T09:43:15.770+0000] {processor.py:183} INFO - Processing /opt/airflow/dags/dag_crime_pipeline.py took 0.162 seconds
[2026-05-27T09:43:45.884+0000] {processor.py:161} INFO - Started process (PID=7625) to work on /opt/airflow/dags/dag_crime_pipeline.py
[2026-05-27T09:43:45.886+0000] {processor.py:830} INFO - Processing file /opt/airflow/dags/dag_crime_pipeline.py for tasks to queue
[2026-05-27T09:43:45.889+0000] {logging_mixin.py:188} INFO - [2026-05-27T09:43:45.888+0000] {dagbag.py:538} INFO - Filling up the DagBag from /opt/airflow/dags/dag_crime_pipeline.py
[2026-05-27T09:43:45.928+0000] {processor.py:840} INFO - DAG(s) 'crime_analytics_pipeline' retrieved from /opt/airflow/dags/dag_crime_pipeline.py
[2026-05-27T09:43:45.963+0000] {logging_mixin.py:188} INFO - [2026-05-27T09:43:45.962+0000] {dag.py:3036} INFO - Sync 1 DAGs
[2026-05-27T09:43:46.002+0000] {processor.py:183} INFO - Processing /opt/airflow/dags/dag_crime_pipeline.py took 0.123 seconds
[2026-05-27T09:44:16.920+0000] {processor.py:161} INFO - Started process (PID=7630) to work on /opt/airflow/dags/dag_crime_pipeline.py
[2026-05-27T09:44:16.922+0000] {processor.py:830} INFO - Processing file /opt/airflow/dags/dag_crime_pipeline.py for tasks to queue
[2026-05-27T09:44:16.925+0000] {logging_mixin.py:188} INFO - [2026-05-27T09:44:16.924+0000] {dagbag.py:538} INFO - Filling up the DagBag from /opt/airflow/dags/dag_crime_pipeline.py
[2026-05-27T09:44:16.962+0000] {processor.py:840} INFO - DAG(s) 'crime_analytics_pipeline' retrieved from /opt/airflow/dags/dag_crime_pipeline.py
[2026-05-27T09:44:16.999+0000] {logging_mixin.py:188} INFO - [2026-05-27T09:44:16.999+0000] {dag.py:3036} INFO - Sync 1 DAGs
[2026-05-27T09:44:17.043+0000] {processor.py:183} INFO - Processing /opt/airflow/dags/dag_crime_pipeline.py took 0.128 seconds
[2026-05-27T09:44:47.119+0000] {processor.py:161} INFO - Started process (PID=7635) to work on /opt/airflow/dags/dag_crime_pipeline.py
[2026-05-27T09:44:47.121+0000] {processor.py:830} INFO - Processing file /opt/airflow/dags/dag_crime_pipeline.py for tasks to queue
[2026-05-27T09:44:47.124+0000] {logging_mixin.py:188} INFO - [2026-05-27T09:44:47.124+0000] {dagbag.py:538} INFO - Filling up the DagBag from /opt/airflow/dags/dag_crime_pipeline.py
[2026-05-27T09:44:47.162+0000] {processor.py:840} INFO - DAG(s) 'crime_analytics_pipeline' retrieved from /opt/airflow/dags/dag_crime_pipeline.py
[2026-05-27T09:44:47.197+0000] {logging_mixin.py:188} INFO - [2026-05-27T09:44:47.196+0000] {dag.py:3036} INFO - Sync 1 DAGs
[2026-05-27T09:44:47.236+0000] {processor.py:183} INFO - Processing /opt/airflow/dags/dag_crime_pipeline.py took 0.121 seconds
[2026-05-27T09:45:17.332+0000] {processor.py:161} INFO - Started process (PID=7640) to work on /opt/airflow/dags/dag_crime_pipeline.py
[2026-05-27T09:45:17.334+0000] {processor.py:830} INFO - Processing file /opt/airflow/dags/dag_crime_pipeline.py for tasks to queue
[2026-05-27T09:45:17.337+0000] {logging_mixin.py:188} INFO - [2026-05-27T09:45:17.337+0000] {dagbag.py:538} INFO - Filling up the DagBag from /opt/airflow/dags/dag_crime_pipeline.py
[2026-05-27T09:45:17.378+0000] {processor.py:840} INFO - DAG(s) 'crime_analytics_pipeline' retrieved from /opt/airflow/dags/dag_crime_pipeline.py
[2026-05-27T09:45:17.408+0000] {logging_mixin.py:188} INFO - [2026-05-27T09:45:17.408+0000] {dag.py:3036} INFO - Sync 1 DAGs
[2026-05-27T09:45:17.467+0000] {processor.py:183} INFO - Processing /opt/airflow/dags/dag_crime_pipeline.py took 0.141 seconds
[2026-05-27T09:45:47.604+0000] {processor.py:161} INFO - Started process (PID=7645) to work on /opt/airflow/dags/dag_crime_pipeline.py
[2026-05-27T09:45:47.606+0000] {processor.py:830} INFO - Processing file /opt/airflow/dags/dag_crime_pipeline.py for tasks to queue
[2026-05-27T09:45:47.609+0000] {logging_mixin.py:188} INFO - [2026-05-27T09:45:47.608+0000] {dagbag.py:538} INFO - Filling up the DagBag from /opt/airflow/dags/dag_crime_pipeline.py
[2026-05-27T09:45:47.648+0000] {processor.py:840} INFO - DAG(s) 'crime_analytics_pipeline' retrieved from /opt/airflow/dags/dag_crime_pipeline.py
[2026-05-27T09:45:47.684+0000] {logging_mixin.py:188} INFO - [2026-05-27T09:45:47.684+0000] {dag.py:3036} INFO - Sync 1 DAGs
[2026-05-27T09:45:47.745+0000] {processor.py:183} INFO - Processing /opt/airflow/dags/dag_crime_pipeline.py took 0.145 seconds
[2026-05-27T09:46:17.841+0000] {processor.py:161} INFO - Started process (PID=7650) to work on /opt/airflow/dags/dag_crime_pipeline.py
[2026-05-27T09:46:17.843+0000] {processor.py:830} INFO - Processing file /opt/airflow/dags/dag_crime_pipeline.py for tasks to queue
[2026-05-27T09:46:17.845+0000] {logging_mixin.py:188} INFO - [2026-05-27T09:46:17.845+0000] {dagbag.py:538} INFO - Filling up the DagBag from /opt/airflow/dags/dag_crime_pipeline.py
[2026-05-27T09:46:17.884+0000] {processor.py:840} INFO - DAG(s) 'crime_analytics_pipeline' retrieved from /opt/airflow/dags/dag_crime_pipeline.py
[2026-05-27T09:46:17.924+0000] {logging_mixin.py:188} INFO - [2026-05-27T09:46:17.924+0000] {dag.py:3036} INFO - Sync 1 DAGs
[2026-05-27T09:46:17.986+0000] {processor.py:183} INFO - Processing /opt/airflow/dags/dag_crime_pipeline.py took 0.151 seconds
[2026-05-27T09:46:48.102+0000] {processor.py:161} INFO - Started process (PID=7655) to work on /opt/airflow/dags/dag_crime_pipeline.py
[2026-05-27T09:46:48.104+0000] {processor.py:830} INFO - Processing file /opt/airflow/dags/dag_crime_pipeline.py for tasks to queue
[2026-05-27T09:46:48.107+0000] {logging_mixin.py:188} INFO - [2026-05-27T09:46:48.107+0000] {dagbag.py:538} INFO - Filling up the DagBag from /opt/airflow/dags/dag_crime_pipeline.py
[2026-05-27T09:46:48.149+0000] {processor.py:840} INFO - DAG(s) 'crime_analytics_pipeline' retrieved from /opt/airflow/dags/dag_crime_pipeline.py
[2026-05-27T09:46:48.184+0000] {logging_mixin.py:188} INFO - [2026-05-27T09:46:48.183+0000] {dag.py:3036} INFO - Sync 1 DAGs
[2026-05-27T09:46:48.240+0000] {processor.py:183} INFO - Processing /opt/airflow/dags/dag_crime_pipeline.py took 0.143 seconds
[2026-05-27T09:47:18.348+0000] {processor.py:161} INFO - Started process (PID=7660) to work on /opt/airflow/dags/dag_crime_pipeline.py
[2026-05-27T09:47:18.351+0000] {processor.py:830} INFO - Processing file /opt/airflow/dags/dag_crime_pipeline.py for tasks to queue
[2026-05-27T09:47:18.354+0000] {logging_mixin.py:188} INFO - [2026-05-27T09:47:18.354+0000] {dagbag.py:538} INFO - Filling up the DagBag from /opt/airflow/dags/dag_crime_pipeline.py
[2026-05-27T09:47:18.397+0000] {processor.py:840} INFO - DAG(s) 'crime_analytics_pipeline' retrieved from /opt/airflow/dags/dag_crime_pipeline.py
[2026-05-27T09:47:18.439+0000] {logging_mixin.py:188} INFO - [2026-05-27T09:47:18.438+0000] {dag.py:3036} INFO - Sync 1 DAGs
[2026-05-27T09:47:18.495+0000] {processor.py:183} INFO - Processing /opt/airflow/dags/dag_crime_pipeline.py took 0.152 seconds
[2026-05-27T09:47:48.623+0000] {processor.py:161} INFO - Started process (PID=7665) to work on /opt/airflow/dags/dag_crime_pipeline.py
[2026-05-27T09:47:48.624+0000] {processor.py:830} INFO - Processing file /opt/airflow/dags/dag_crime_pipeline.py for tasks to queue
[2026-05-27T09:47:48.627+0000] {logging_mixin.py:188} INFO - [2026-05-27T09:47:48.627+0000] {dagbag.py:538} INFO - Filling up the DagBag from /opt/airflow/dags/dag_crime_pipeline.py
[2026-05-27T09:47:48.667+0000] {processor.py:840} INFO - DAG(s) 'crime_analytics_pipeline' retrieved from /opt/airflow/dags/dag_crime_pipeline.py
[2026-05-27T09:47:48.699+0000] {logging_mixin.py:188} INFO - [2026-05-27T09:47:48.699+0000] {dag.py:3036} INFO - Sync 1 DAGs
[2026-05-27T09:47:48.746+0000] {processor.py:183} INFO - Processing /opt/airflow/dags/dag_crime_pipeline.py took 0.128 seconds
[2026-05-27T09:48:19.639+0000] {processor.py:161} INFO - Started process (PID=7670) to work on /opt/airflow/dags/dag_crime_pipeline.py
[2026-05-27T09:48:19.640+0000] {processor.py:830} INFO - Processing file /opt/airflow/dags/dag_crime_pipeline.py for tasks to queue
[2026-05-27T09:48:19.643+0000] {logging_mixin.py:188} INFO - [2026-05-27T09:48:19.643+0000] {dagbag.py:538} INFO - Filling up the DagBag from /opt/airflow/dags/dag_crime_pipeline.py
[2026-05-27T09:48:19.681+0000] {processor.py:840} INFO - DAG(s) 'crime_analytics_pipeline' retrieved from /opt/airflow/dags/dag_crime_pipeline.py
[2026-05-27T09:48:19.715+0000] {logging_mixin.py:188} INFO - [2026-05-27T09:48:19.715+0000] {dag.py:3036} INFO - Sync 1 DAGs
[2026-05-27T09:48:19.758+0000] {processor.py:183} INFO - Processing /opt/airflow/dags/dag_crime_pipeline.py took 0.124 seconds
[2026-05-27T09:48:49.903+0000] {processor.py:161} INFO - Started process (PID=7675) to work on /opt/airflow/dags/dag_crime_pipeline.py
[2026-05-27T09:48:49.904+0000] {processor.py:830} INFO - Processing file /opt/airflow/dags/dag_crime_pipeline.py for tasks to queue
[2026-05-27T09:48:49.907+0000] {logging_mixin.py:188} INFO - [2026-05-27T09:48:49.906+0000] {dagbag.py:538} INFO - Filling up the DagBag from /opt/airflow/dags/dag_crime_pipeline.py
[2026-05-27T09:48:49.946+0000] {processor.py:840} INFO - DAG(s) 'crime_analytics_pipeline' retrieved from /opt/airflow/dags/dag_crime_pipeline.py
[2026-05-27T09:48:49.979+0000] {logging_mixin.py:188} INFO - [2026-05-27T09:48:49.979+0000] {dag.py:3036} INFO - Sync 1 DAGs
[2026-05-27T09:48:50.041+0000] {processor.py:183} INFO - Processing /opt/airflow/dags/dag_crime_pipeline.py took 0.142 seconds
[2026-05-27T09:49:21.010+0000] {processor.py:161} INFO - Started process (PID=7704) to work on /opt/airflow/dags/dag_crime_pipeline.py
[2026-05-27T09:49:21.013+0000] {processor.py:830} INFO - Processing file /opt/airflow/dags/dag_crime_pipeline.py for tasks to queue
[2026-05-27T09:49:21.015+0000] {logging_mixin.py:188} INFO - [2026-05-27T09:49:21.015+0000] {dagbag.py:538} INFO - Filling up the DagBag from /opt/airflow/dags/dag_crime_pipeline.py
[2026-05-27T09:49:21.055+0000] {processor.py:840} INFO - DAG(s) 'crime_analytics_pipeline' retrieved from /opt/airflow/dags/dag_crime_pipeline.py
[2026-05-27T09:49:21.089+0000] {logging_mixin.py:188} INFO - [2026-05-27T09:49:21.089+0000] {dag.py:3036} INFO - Sync 1 DAGs
[2026-05-27T09:49:21.745+0000] {processor.py:183} INFO - Processing /opt/airflow/dags/dag_crime_pipeline.py took 0.741 seconds
[2026-05-27T09:49:51.870+0000] {processor.py:161} INFO - Started process (PID=7709) to work on /opt/airflow/dags/dag_crime_pipeline.py
[2026-05-27T09:49:51.872+0000] {processor.py:830} INFO - Processing file /opt/airflow/dags/dag_crime_pipeline.py for tasks to queue
[2026-05-27T09:49:51.874+0000] {logging_mixin.py:188} INFO - [2026-05-27T09:49:51.874+0000] {dagbag.py:538} INFO - Filling up the DagBag from /opt/airflow/dags/dag_crime_pipeline.py
[2026-05-27T09:49:51.910+0000] {processor.py:840} INFO - DAG(s) 'crime_analytics_pipeline' retrieved from /opt/airflow/dags/dag_crime_pipeline.py
[2026-05-27T09:49:51.947+0000] {logging_mixin.py:188} INFO - [2026-05-27T09:49:51.946+0000] {dag.py:3036} INFO - Sync 1 DAGs
[2026-05-27T09:49:51.986+0000] {processor.py:183} INFO - Processing /opt/airflow/dags/dag_crime_pipeline.py took 0.121 seconds
[2026-05-27T09:50:23.010+0000] {processor.py:161} INFO - Started process (PID=7714) to work on /opt/airflow/dags/dag_crime_pipeline.py
[2026-05-27T09:50:23.013+0000] {processor.py:830} INFO - Processing file /opt/airflow/dags/dag_crime_pipeline.py for tasks to queue
[2026-05-27T09:50:23.015+0000] {logging_mixin.py:188} INFO - [2026-05-27T09:50:23.015+0000] {dagbag.py:538} INFO - Filling up the DagBag from /opt/airflow/dags/dag_crime_pipeline.py
[2026-05-27T09:50:23.056+0000] {processor.py:840} INFO - DAG(s) 'crime_analytics_pipeline' retrieved from /opt/airflow/dags/dag_crime_pipeline.py
[2026-05-27T09:50:23.084+0000] {logging_mixin.py:188} INFO - [2026-05-27T09:50:23.084+0000] {dag.py:3036} INFO - Sync 1 DAGs
[2026-05-27T09:50:23.123+0000] {processor.py:183} INFO - Processing /opt/airflow/dags/dag_crime_pipeline.py took 0.117 seconds
[2026-05-27T09:50:53.217+0000] {processor.py:161} INFO - Started process (PID=7719) to work on /opt/airflow/dags/dag_crime_pipeline.py
[2026-05-27T09:50:53.219+0000] {processor.py:830} INFO - Processing file /opt/airflow/dags/dag_crime_pipeline.py for tasks to queue
[2026-05-27T09:50:53.222+0000] {logging_mixin.py:188} INFO - [2026-05-27T09:50:53.221+0000] {dagbag.py:538} INFO - Filling up the DagBag from /opt/airflow/dags/dag_crime_pipeline.py
[2026-05-27T09:50:53.260+0000] {processor.py:840} INFO - DAG(s) 'crime_analytics_pipeline' retrieved from /opt/airflow/dags/dag_crime_pipeline.py
[2026-05-27T09:50:53.292+0000] {logging_mixin.py:188} INFO - [2026-05-27T09:50:53.291+0000] {dag.py:3036} INFO - Sync 1 DAGs
[2026-05-27T09:50:53.531+0000] {processor.py:183} INFO - Processing /opt/airflow/dags/dag_crime_pipeline.py took 0.318 seconds
[2026-05-27T09:51:24.319+0000] {processor.py:161} INFO - Started process (PID=7724) to work on /opt/airflow/dags/dag_crime_pipeline.py
[2026-05-27T09:51:24.320+0000] {processor.py:830} INFO - Processing file /opt/airflow/dags/dag_crime_pipeline.py for tasks to queue
[2026-05-27T09:51:24.323+0000] {logging_mixin.py:188} INFO - [2026-05-27T09:51:24.322+0000] {dagbag.py:538} INFO - Filling up the DagBag from /opt/airflow/dags/dag_crime_pipeline.py
[2026-05-27T09:51:24.359+0000] {processor.py:840} INFO - DAG(s) 'crime_analytics_pipeline' retrieved from /opt/airflow/dags/dag_crime_pipeline.py
[2026-05-27T09:51:24.390+0000] {logging_mixin.py:188} INFO - [2026-05-27T09:51:24.390+0000] {dag.py:3036} INFO - Sync 1 DAGs
[2026-05-27T09:51:24.432+0000] {processor.py:183} INFO - Processing /opt/airflow/dags/dag_crime_pipeline.py took 0.118 seconds
[2026-05-27T09:51:55.456+0000] {processor.py:161} INFO - Started process (PID=7729) to work on /opt/airflow/dags/dag_crime_pipeline.py
[2026-05-27T09:51:55.458+0000] {processor.py:830} INFO - Processing file /opt/airflow/dags/dag_crime_pipeline.py for tasks to queue
[2026-05-27T09:51:55.461+0000] {logging_mixin.py:188} INFO - [2026-05-27T09:51:55.461+0000] {dagbag.py:538} INFO - Filling up the DagBag from /opt/airflow/dags/dag_crime_pipeline.py
[2026-05-27T09:51:55.498+0000] {processor.py:840} INFO - DAG(s) 'crime_analytics_pipeline' retrieved from /opt/airflow/dags/dag_crime_pipeline.py
[2026-05-27T09:51:55.528+0000] {logging_mixin.py:188} INFO - [2026-05-27T09:51:55.528+0000] {dag.py:3036} INFO - Sync 1 DAGs
[2026-05-27T09:51:55.569+0000] {processor.py:183} INFO - Processing /opt/airflow/dags/dag_crime_pipeline.py took 0.117 seconds
[2026-05-27T09:52:26.697+0000] {processor.py:161} INFO - Started process (PID=7734) to work on /opt/airflow/dags/dag_crime_pipeline.py
[2026-05-27T09:52:26.699+0000] {processor.py:830} INFO - Processing file /opt/airflow/dags/dag_crime_pipeline.py for tasks to queue
[2026-05-27T09:52:26.702+0000] {logging_mixin.py:188} INFO - [2026-05-27T09:52:26.701+0000] {dagbag.py:538} INFO - Filling up the DagBag from /opt/airflow/dags/dag_crime_pipeline.py
[2026-05-27T09:52:26.743+0000] {processor.py:840} INFO - DAG(s) 'crime_analytics_pipeline' retrieved from /opt/airflow/dags/dag_crime_pipeline.py
[2026-05-27T09:52:26.774+0000] {logging_mixin.py:188} INFO - [2026-05-27T09:52:26.774+0000] {dag.py:3036} INFO - Sync 1 DAGs
[2026-05-27T09:52:27.007+0000] {processor.py:183} INFO - Processing /opt/airflow/dags/dag_crime_pipeline.py took 0.314 seconds
[2026-05-27T09:52:57.133+0000] {processor.py:161} INFO - Started process (PID=7739) to work on /opt/airflow/dags/dag_crime_pipeline.py
[2026-05-27T09:52:57.135+0000] {processor.py:830} INFO - Processing file /opt/airflow/dags/dag_crime_pipeline.py for tasks to queue
[2026-05-27T09:52:57.138+0000] {logging_mixin.py:188} INFO - [2026-05-27T09:52:57.137+0000] {dagbag.py:538} INFO - Filling up the DagBag from /opt/airflow/dags/dag_crime_pipeline.py
[2026-05-27T09:52:57.177+0000] {processor.py:840} INFO - DAG(s) 'crime_analytics_pipeline' retrieved from /opt/airflow/dags/dag_crime_pipeline.py
[2026-05-27T09:52:57.210+0000] {logging_mixin.py:188} INFO - [2026-05-27T09:52:57.210+0000] {dag.py:3036} INFO - Sync 1 DAGs
[2026-05-27T09:52:57.268+0000] {processor.py:183} INFO - Processing /opt/airflow/dags/dag_crime_pipeline.py took 0.139 seconds
[2026-05-27T09:53:28.227+0000] {processor.py:161} INFO - Started process (PID=7744) to work on /opt/airflow/dags/dag_crime_pipeline.py
[2026-05-27T09:53:28.229+0000] {processor.py:830} INFO - Processing file /opt/airflow/dags/dag_crime_pipeline.py for tasks to queue
[2026-05-27T09:53:28.231+0000] {logging_mixin.py:188} INFO - [2026-05-27T09:53:28.231+0000] {dagbag.py:538} INFO - Filling up the DagBag from /opt/airflow/dags/dag_crime_pipeline.py
[2026-05-27T09:53:28.272+0000] {processor.py:840} INFO - DAG(s) 'crime_analytics_pipeline' retrieved from /opt/airflow/dags/dag_crime_pipeline.py
[2026-05-27T09:53:28.307+0000] {logging_mixin.py:188} INFO - [2026-05-27T09:53:28.306+0000] {dag.py:3036} INFO - Sync 1 DAGs
[2026-05-27T09:53:28.351+0000] {processor.py:183} INFO - Processing /opt/airflow/dags/dag_crime_pipeline.py took 0.128 seconds
[2026-05-27T09:53:59.469+0000] {processor.py:161} INFO - Started process (PID=7749) to work on /opt/airflow/dags/dag_crime_pipeline.py
[2026-05-27T09:53:59.470+0000] {processor.py:830} INFO - Processing file /opt/airflow/dags/dag_crime_pipeline.py for tasks to queue
[2026-05-27T09:53:59.474+0000] {logging_mixin.py:188} INFO - [2026-05-27T09:53:59.473+0000] {dagbag.py:538} INFO - Filling up the DagBag from /opt/airflow/dags/dag_crime_pipeline.py
[2026-05-27T09:53:59.512+0000] {processor.py:840} INFO - DAG(s) 'crime_analytics_pipeline' retrieved from /opt/airflow/dags/dag_crime_pipeline.py
[2026-05-27T09:53:59.545+0000] {logging_mixin.py:188} INFO - [2026-05-27T09:53:59.544+0000] {dag.py:3036} INFO - Sync 1 DAGs
[2026-05-27T09:53:59.761+0000] {processor.py:183} INFO - Processing /opt/airflow/dags/dag_crime_pipeline.py took 0.296 seconds
[2026-05-27T09:54:29.875+0000] {processor.py:161} INFO - Started process (PID=7802) to work on /opt/airflow/dags/dag_crime_pipeline.py
[2026-05-27T09:54:29.877+0000] {processor.py:830} INFO - Processing file /opt/airflow/dags/dag_crime_pipeline.py for tasks to queue
[2026-05-27T09:54:29.879+0000] {logging_mixin.py:188} INFO - [2026-05-27T09:54:29.878+0000] {dagbag.py:538} INFO - Filling up the DagBag from /opt/airflow/dags/dag_crime_pipeline.py
[2026-05-27T09:54:29.910+0000] {processor.py:840} INFO - DAG(s) 'crime_analytics_pipeline' retrieved from /opt/airflow/dags/dag_crime_pipeline.py
[2026-05-27T09:54:29.944+0000] {logging_mixin.py:188} INFO - [2026-05-27T09:54:29.943+0000] {dag.py:3036} INFO - Sync 1 DAGs
[2026-05-27T09:54:29.966+0000] {logging_mixin.py:188} INFO - [2026-05-27T09:54:29.966+0000] {dag.py:3823} INFO - Setting next_dagrun for crime_analytics_pipeline to 2026-05-23 19:00:00+00:00, run_after=2026-05-30 19:00:00+00:00
[2026-05-27T09:54:29.985+0000] {processor.py:183} INFO - Processing /opt/airflow/dags/dag_crime_pipeline.py took 0.113 seconds
[2026-05-27T09:55:01.035+0000] {processor.py:161} INFO - Started process (PID=7807) to work on /opt/airflow/dags/dag_crime_pipeline.py
[2026-05-27T09:55:01.037+0000] {processor.py:830} INFO - Processing file /opt/airflow/dags/dag_crime_pipeline.py for tasks to queue
[2026-05-27T09:55:01.040+0000] {logging_mixin.py:188} INFO - [2026-05-27T09:55:01.039+0000] {dagbag.py:538} INFO - Filling up the DagBag from /opt/airflow/dags/dag_crime_pipeline.py
[2026-05-27T09:55:01.084+0000] {processor.py:840} INFO - DAG(s) 'crime_analytics_pipeline' retrieved from /opt/airflow/dags/dag_crime_pipeline.py
[2026-05-27T09:55:01.122+0000] {logging_mixin.py:188} INFO - [2026-05-27T09:55:01.122+0000] {dag.py:3036} INFO - Sync 1 DAGs
[2026-05-27T09:55:01.147+0000] {logging_mixin.py:188} INFO - [2026-05-27T09:55:01.147+0000] {dag.py:3823} INFO - Setting next_dagrun for crime_analytics_pipeline to 2026-05-23 19:00:00+00:00, run_after=2026-05-30 19:00:00+00:00
[2026-05-27T09:55:01.168+0000] {processor.py:183} INFO - Processing /opt/airflow/dags/dag_crime_pipeline.py took 0.137 seconds
[2026-05-27T09:55:32.263+0000] {processor.py:161} INFO - Started process (PID=7812) to work on /opt/airflow/dags/dag_crime_pipeline.py
[2026-05-27T09:55:32.265+0000] {processor.py:830} INFO - Processing file /opt/airflow/dags/dag_crime_pipeline.py for tasks to queue
[2026-05-27T09:55:32.267+0000] {logging_mixin.py:188} INFO - [2026-05-27T09:55:32.266+0000] {dagbag.py:538} INFO - Filling up the DagBag from /opt/airflow/dags/dag_crime_pipeline.py
[2026-05-27T09:55:32.305+0000] {processor.py:840} INFO - DAG(s) 'crime_analytics_pipeline' retrieved from /opt/airflow/dags/dag_crime_pipeline.py
[2026-05-27T09:55:32.331+0000] {logging_mixin.py:188} INFO - [2026-05-27T09:55:32.330+0000] {dag.py:3036} INFO - Sync 1 DAGs
[2026-05-27T09:55:32.536+0000] {logging_mixin.py:188} INFO - [2026-05-27T09:55:32.536+0000] {dag.py:3823} INFO - Setting next_dagrun for crime_analytics_pipeline to 2026-05-23 19:00:00+00:00, run_after=2026-05-30 19:00:00+00:00
[2026-05-27T09:55:32.553+0000] {processor.py:183} INFO - Processing /opt/airflow/dags/dag_crime_pipeline.py took 0.294 seconds
[2026-05-27T09:56:02.676+0000] {processor.py:161} INFO - Started process (PID=7817) to work on /opt/airflow/dags/dag_crime_pipeline.py
[2026-05-27T09:56:02.678+0000] {processor.py:830} INFO - Processing file /opt/airflow/dags/dag_crime_pipeline.py for tasks to queue
[2026-05-27T09:56:02.680+0000] {logging_mixin.py:188} INFO - [2026-05-27T09:56:02.680+0000] {dagbag.py:538} INFO - Filling up the DagBag from /opt/airflow/dags/dag_crime_pipeline.py
[2026-05-27T09:56:02.715+0000] {processor.py:840} INFO - DAG(s) 'crime_analytics_pipeline' retrieved from /opt/airflow/dags/dag_crime_pipeline.py
[2026-05-27T09:56:02.745+0000] {logging_mixin.py:188} INFO - [2026-05-27T09:56:02.744+0000] {dag.py:3036} INFO - Sync 1 DAGs
[2026-05-27T09:56:02.764+0000] {logging_mixin.py:188} INFO - [2026-05-27T09:56:02.764+0000] {dag.py:3823} INFO - Setting next_dagrun for crime_analytics_pipeline to 2026-05-23 19:00:00+00:00, run_after=2026-05-30 19:00:00+00:00
[2026-05-27T09:56:02.801+0000] {processor.py:183} INFO - Processing /opt/airflow/dags/dag_crime_pipeline.py took 0.129 seconds
[2026-05-27T09:56:33.800+0000] {processor.py:161} INFO - Started process (PID=7822) to work on /opt/airflow/dags/dag_crime_pipeline.py
[2026-05-27T09:56:33.802+0000] {processor.py:830} INFO - Processing file /opt/airflow/dags/dag_crime_pipeline.py for tasks to queue
[2026-05-27T09:56:33.804+0000] {logging_mixin.py:188} INFO - [2026-05-27T09:56:33.804+0000] {dagbag.py:538} INFO - Filling up the DagBag from /opt/airflow/dags/dag_crime_pipeline.py
[2026-05-27T09:56:33.840+0000] {processor.py:840} INFO - DAG(s) 'crime_analytics_pipeline' retrieved from /opt/airflow/dags/dag_crime_pipeline.py
[2026-05-27T09:56:33.867+0000] {logging_mixin.py:188} INFO - [2026-05-27T09:56:33.866+0000] {dag.py:3036} INFO - Sync 1 DAGs
[2026-05-27T09:56:33.890+0000] {logging_mixin.py:188} INFO - [2026-05-27T09:56:33.890+0000] {dag.py:3823} INFO - Setting next_dagrun for crime_analytics_pipeline to 2026-05-23 19:00:00+00:00, run_after=2026-05-30 19:00:00+00:00
[2026-05-27T09:56:33.909+0000] {processor.py:183} INFO - Processing /opt/airflow/dags/dag_crime_pipeline.py took 0.114 seconds
[2026-05-27T09:57:05.056+0000] {processor.py:161} INFO - Started process (PID=7827) to work on /opt/airflow/dags/dag_crime_pipeline.py
[2026-05-27T09:57:05.057+0000] {processor.py:830} INFO - Processing file /opt/airflow/dags/dag_crime_pipeline.py for tasks to queue
[2026-05-27T09:57:05.060+0000] {logging_mixin.py:188} INFO - [2026-05-27T09:57:05.059+0000] {dagbag.py:538} INFO - Filling up the DagBag from /opt/airflow/dags/dag_crime_pipeline.py
[2026-05-27T09:57:05.097+0000] {processor.py:840} INFO - DAG(s) 'crime_analytics_pipeline' retrieved from /opt/airflow/dags/dag_crime_pipeline.py
[2026-05-27T09:57:05.128+0000] {logging_mixin.py:188} INFO - [2026-05-27T09:57:05.127+0000] {dag.py:3036} INFO - Sync 1 DAGs
[2026-05-27T09:57:05.407+0000] {logging_mixin.py:188} INFO - [2026-05-27T09:57:05.407+0000] {dag.py:3823} INFO - Setting next_dagrun for crime_analytics_pipeline to 2026-05-23 19:00:00+00:00, run_after=2026-05-30 19:00:00+00:00
[2026-05-27T09:57:05.439+0000] {processor.py:183} INFO - Processing /opt/airflow/dags/dag_crime_pipeline.py took 0.387 seconds
[2026-05-27T09:57:35.524+0000] {processor.py:161} INFO - Started process (PID=7832) to work on /opt/airflow/dags/dag_crime_pipeline.py
[2026-05-27T09:57:35.526+0000] {processor.py:830} INFO - Processing file /opt/airflow/dags/dag_crime_pipeline.py for tasks to queue
[2026-05-27T09:57:35.530+0000] {logging_mixin.py:188} INFO - [2026-05-27T09:57:35.529+0000] {dagbag.py:538} INFO - Filling up the DagBag from /opt/airflow/dags/dag_crime_pipeline.py
[2026-05-27T09:57:35.571+0000] {processor.py:840} INFO - DAG(s) 'crime_analytics_pipeline' retrieved from /opt/airflow/dags/dag_crime_pipeline.py
[2026-05-27T09:57:35.624+0000] {logging_mixin.py:188} INFO - [2026-05-27T09:57:35.623+0000] {dag.py:3036} INFO - Sync 1 DAGs
[2026-05-27T09:57:35.665+0000] {logging_mixin.py:188} INFO - [2026-05-27T09:57:35.664+0000] {dag.py:3823} INFO - Setting next_dagrun for crime_analytics_pipeline to 2026-05-23 19:00:00+00:00, run_after=2026-05-30 19:00:00+00:00
[2026-05-27T09:57:35.697+0000] {processor.py:183} INFO - Processing /opt/airflow/dags/dag_crime_pipeline.py took 0.178 seconds
[2026-05-27T09:58:06.748+0000] {processor.py:161} INFO - Started process (PID=7837) to work on /opt/airflow/dags/dag_crime_pipeline.py
[2026-05-27T09:58:06.749+0000] {processor.py:830} INFO - Processing file /opt/airflow/dags/dag_crime_pipeline.py for tasks to queue
[2026-05-27T09:58:06.753+0000] {logging_mixin.py:188} INFO - [2026-05-27T09:58:06.752+0000] {dagbag.py:538} INFO - Filling up the DagBag from /opt/airflow/dags/dag_crime_pipeline.py
[2026-05-27T09:58:06.800+0000] {processor.py:840} INFO - DAG(s) 'crime_analytics_pipeline' retrieved from /opt/airflow/dags/dag_crime_pipeline.py
[2026-05-27T09:58:06.836+0000] {logging_mixin.py:188} INFO - [2026-05-27T09:58:06.836+0000] {dag.py:3036} INFO - Sync 1 DAGs
[2026-05-27T09:58:06.863+0000] {logging_mixin.py:188} INFO - [2026-05-27T09:58:06.863+0000] {dag.py:3823} INFO - Setting next_dagrun for crime_analytics_pipeline to 2026-05-23 19:00:00+00:00, run_after=2026-05-30 19:00:00+00:00
[2026-05-27T09:58:06.895+0000] {processor.py:183} INFO - Processing /opt/airflow/dags/dag_crime_pipeline.py took 0.154 seconds
[2026-05-27T09:58:29.075+0000] {processor.py:161} INFO - Started process (PID=7842) to work on /opt/airflow/dags/dag_crime_pipeline.py
[2026-05-27T09:58:29.077+0000] {processor.py:830} INFO - Processing file /opt/airflow/dags/dag_crime_pipeline.py for tasks to queue
[2026-05-27T09:58:29.080+0000] {logging_mixin.py:188} INFO - [2026-05-27T09:58:29.079+0000] {dagbag.py:538} INFO - Filling up the DagBag from /opt/airflow/dags/dag_crime_pipeline.py
[2026-05-27T09:58:29.132+0000] {processor.py:840} INFO - DAG(s) 'crime_analytics_pipeline' retrieved from /opt/airflow/dags/dag_crime_pipeline.py
[2026-05-27T09:58:29.682+0000] {logging_mixin.py:188} INFO - [2026-05-27T09:58:29.681+0000] {dag.py:3036} INFO - Sync 1 DAGs
[2026-05-27T09:58:29.705+0000] {logging_mixin.py:188} INFO - [2026-05-27T09:58:29.705+0000] {dag.py:3823} INFO - Setting next_dagrun for crime_analytics_pipeline to 2026-05-23 19:00:00+00:00, run_after=2026-05-30 19:00:00+00:00
[2026-05-27T09:58:29.740+0000] {processor.py:183} INFO - Processing /opt/airflow/dags/dag_crime_pipeline.py took 0.669 seconds
[2026-05-27T09:58:59.915+0000] {processor.py:161} INFO - Started process (PID=7847) to work on /opt/airflow/dags/dag_crime_pipeline.py
[2026-05-27T09:58:59.920+0000] {processor.py:830} INFO - Processing file /opt/airflow/dags/dag_crime_pipeline.py for tasks to queue
[2026-05-27T09:58:59.931+0000] {logging_mixin.py:188} INFO - [2026-05-27T09:58:59.929+0000] {dagbag.py:538} INFO - Filling up the DagBag from /opt/airflow/dags/dag_crime_pipeline.py
[2026-05-27T09:59:00.039+0000] {processor.py:840} INFO - DAG(s) 'crime_analytics_pipeline' retrieved from /opt/airflow/dags/dag_crime_pipeline.py
[2026-05-27T09:59:00.125+0000] {logging_mixin.py:188} INFO - [2026-05-27T09:59:00.125+0000] {dag.py:3036} INFO - Sync 1 DAGs
[2026-05-27T09:59:00.175+0000] {logging_mixin.py:188} INFO - [2026-05-27T09:59:00.175+0000] {dag.py:3823} INFO - Setting next_dagrun for crime_analytics_pipeline to 2026-05-23 19:00:00+00:00, run_after=2026-05-30 19:00:00+00:00
[2026-05-27T09:59:00.217+0000] {processor.py:183} INFO - Processing /opt/airflow/dags/dag_crime_pipeline.py took 0.312 seconds
[2026-05-27T09:59:30.296+0000] {processor.py:161} INFO - Started process (PID=7852) to work on /opt/airflow/dags/dag_crime_pipeline.py
[2026-05-27T09:59:30.298+0000] {processor.py:830} INFO - Processing file /opt/airflow/dags/dag_crime_pipeline.py for tasks to queue
[2026-05-27T09:59:30.302+0000] {logging_mixin.py:188} INFO - [2026-05-27T09:59:30.301+0000] {dagbag.py:538} INFO - Filling up the DagBag from /opt/airflow/dags/dag_crime_pipeline.py
[2026-05-27T09:59:30.379+0000] {processor.py:840} INFO - DAG(s) 'crime_analytics_pipeline' retrieved from /opt/airflow/dags/dag_crime_pipeline.py
[2026-05-27T09:59:30.437+0000] {logging_mixin.py:188} INFO - [2026-05-27T09:59:30.437+0000] {dag.py:3036} INFO - Sync 1 DAGs
[2026-05-27T09:59:30.463+0000] {logging_mixin.py:188} INFO - [2026-05-27T09:59:30.463+0000] {dag.py:3823} INFO - Setting next_dagrun for crime_analytics_pipeline to 2026-05-23 19:00:00+00:00, run_after=2026-05-30 19:00:00+00:00
[2026-05-27T09:59:30.488+0000] {processor.py:183} INFO - Processing /opt/airflow/dags/dag_crime_pipeline.py took 0.197 seconds
[2026-05-27T09:59:34.432+0000] {processor.py:161} INFO - Started process (PID=7857) to work on /opt/airflow/dags/dag_crime_pipeline.py
[2026-05-27T09:59:34.434+0000] {processor.py:830} INFO - Processing file /opt/airflow/dags/dag_crime_pipeline.py for tasks to queue
[2026-05-27T09:59:34.439+0000] {logging_mixin.py:188} INFO - [2026-05-27T09:59:34.439+0000] {dagbag.py:538} INFO - Filling up the DagBag from /opt/airflow/dags/dag_crime_pipeline.py
[2026-05-27T09:59:34.518+0000] {processor.py:840} INFO - DAG(s) 'crime_analytics_pipeline' retrieved from /opt/airflow/dags/dag_crime_pipeline.py
[2026-05-27T09:59:34.572+0000] {logging_mixin.py:188} INFO - [2026-05-27T09:59:34.571+0000] {dag.py:3036} INFO - Sync 1 DAGs
[2026-05-27T09:59:34.872+0000] {logging_mixin.py:188} INFO - [2026-05-27T09:59:34.871+0000] {dag.py:3823} INFO - Setting next_dagrun for crime_analytics_pipeline to 2026-05-23 19:00:00+00:00, run_after=2026-05-30 19:00:00+00:00
[2026-05-27T09:59:34.935+0000] {processor.py:183} INFO - Processing /opt/airflow/dags/dag_crime_pipeline.py took 0.519 seconds
[2026-05-27T10:00:05.112+0000] {processor.py:161} INFO - Started process (PID=7862) to work on /opt/airflow/dags/dag_crime_pipeline.py
[2026-05-27T10:00:05.114+0000] {processor.py:830} INFO - Processing file /opt/airflow/dags/dag_crime_pipeline.py for tasks to queue
[2026-05-27T10:00:05.117+0000] {logging_mixin.py:188} INFO - [2026-05-27T10:00:05.116+0000] {dagbag.py:538} INFO - Filling up the DagBag from /opt/airflow/dags/dag_crime_pipeline.py
[2026-05-27T10:00:05.214+0000] {processor.py:840} INFO - DAG(s) 'crime_analytics_pipeline' retrieved from /opt/airflow/dags/dag_crime_pipeline.py
[2026-05-27T10:00:05.248+0000] {logging_mixin.py:188} INFO - [2026-05-27T10:00:05.248+0000] {dag.py:3036} INFO - Sync 1 DAGs
[2026-05-27T10:00:05.270+0000] {logging_mixin.py:188} INFO - [2026-05-27T10:00:05.270+0000] {dag.py:3823} INFO - Setting next_dagrun for crime_analytics_pipeline to 2026-05-23 19:00:00+00:00, run_after=2026-05-30 19:00:00+00:00
[2026-05-27T10:00:05.291+0000] {processor.py:183} INFO - Processing /opt/airflow/dags/dag_crime_pipeline.py took 0.184 seconds
[2026-05-27T10:00:35.477+0000] {processor.py:161} INFO - Started process (PID=7867) to work on /opt/airflow/dags/dag_crime_pipeline.py
[2026-05-27T10:00:35.479+0000] {processor.py:830} INFO - Processing file /opt/airflow/dags/dag_crime_pipeline.py for tasks to queue
[2026-05-27T10:00:35.482+0000] {logging_mixin.py:188} INFO - [2026-05-27T10:00:35.482+0000] {dagbag.py:538} INFO - Filling up the DagBag from /opt/airflow/dags/dag_crime_pipeline.py
[2026-05-27T10:00:35.527+0000] {processor.py:840} INFO - DAG(s) 'crime_analytics_pipeline' retrieved from /opt/airflow/dags/dag_crime_pipeline.py
[2026-05-27T10:00:35.566+0000] {logging_mixin.py:188} INFO - [2026-05-27T10:00:35.565+0000] {dag.py:3036} INFO - Sync 1 DAGs
[2026-05-27T10:00:35.589+0000] {logging_mixin.py:188} INFO - [2026-05-27T10:00:35.589+0000] {dag.py:3823} INFO - Setting next_dagrun for crime_analytics_pipeline to 2026-05-23 19:00:00+00:00, run_after=2026-05-30 19:00:00+00:00
[2026-05-27T10:00:35.634+0000] {processor.py:183} INFO - Processing /opt/airflow/dags/dag_crime_pipeline.py took 0.162 seconds
[2026-05-27T10:01:05.719+0000] {processor.py:161} INFO - Started process (PID=7872) to work on /opt/airflow/dags/dag_crime_pipeline.py
[2026-05-27T10:01:05.721+0000] {processor.py:830} INFO - Processing file /opt/airflow/dags/dag_crime_pipeline.py for tasks to queue
[2026-05-27T10:01:05.724+0000] {logging_mixin.py:188} INFO - [2026-05-27T10:01:05.723+0000] {dagbag.py:538} INFO - Filling up the DagBag from /opt/airflow/dags/dag_crime_pipeline.py
[2026-05-27T10:01:05.759+0000] {processor.py:840} INFO - DAG(s) 'crime_analytics_pipeline' retrieved from /opt/airflow/dags/dag_crime_pipeline.py
[2026-05-27T10:01:05.790+0000] {logging_mixin.py:188} INFO - [2026-05-27T10:01:05.790+0000] {dag.py:3036} INFO - Sync 1 DAGs
[2026-05-27T10:01:06.008+0000] {logging_mixin.py:188} INFO - [2026-05-27T10:01:06.007+0000] {dag.py:3823} INFO - Setting next_dagrun for crime_analytics_pipeline to 2026-05-23 19:00:00+00:00, run_after=2026-05-30 19:00:00+00:00
[2026-05-27T10:01:06.027+0000] {processor.py:183} INFO - Processing /opt/airflow/dags/dag_crime_pipeline.py took 0.312 seconds
[2026-05-27T10:01:36.233+0000] {processor.py:161} INFO - Started process (PID=7877) to work on /opt/airflow/dags/dag_crime_pipeline.py
[2026-05-27T10:01:36.234+0000] {processor.py:830} INFO - Processing file /opt/airflow/dags/dag_crime_pipeline.py for tasks to queue
[2026-05-27T10:01:36.236+0000] {logging_mixin.py:188} INFO - [2026-05-27T10:01:36.236+0000] {dagbag.py:538} INFO - Filling up the DagBag from /opt/airflow/dags/dag_crime_pipeline.py
[2026-05-27T10:01:36.293+0000] {processor.py:840} INFO - DAG(s) 'crime_analytics_pipeline' retrieved from /opt/airflow/dags/dag_crime_pipeline.py
[2026-05-27T10:01:36.328+0000] {logging_mixin.py:188} INFO - [2026-05-27T10:01:36.328+0000] {dag.py:3036} INFO - Sync 1 DAGs
[2026-05-27T10:01:36.349+0000] {logging_mixin.py:188} INFO - [2026-05-27T10:01:36.348+0000] {dag.py:3823} INFO - Setting next_dagrun for crime_analytics_pipeline to 2026-05-23 19:00:00+00:00, run_after=2026-05-30 19:00:00+00:00
[2026-05-27T10:01:36.390+0000] {processor.py:183} INFO - Processing /opt/airflow/dags/dag_crime_pipeline.py took 0.161 seconds
[2026-05-27T10:02:06.589+0000] {processor.py:161} INFO - Started process (PID=7882) to work on /opt/airflow/dags/dag_crime_pipeline.py
[2026-05-27T10:02:06.592+0000] {processor.py:830} INFO - Processing file /opt/airflow/dags/dag_crime_pipeline.py for tasks to queue
[2026-05-27T10:02:06.595+0000] {logging_mixin.py:188} INFO - [2026-05-27T10:02:06.594+0000] {dagbag.py:538} INFO - Filling up the DagBag from /opt/airflow/dags/dag_crime_pipeline.py
[2026-05-27T10:02:06.637+0000] {processor.py:840} INFO - DAG(s) 'crime_analytics_pipeline' retrieved from /opt/airflow/dags/dag_crime_pipeline.py
[2026-05-27T10:02:06.675+0000] {logging_mixin.py:188} INFO - [2026-05-27T10:02:06.675+0000] {dag.py:3036} INFO - Sync 1 DAGs
[2026-05-27T10:02:06.704+0000] {logging_mixin.py:188} INFO - [2026-05-27T10:02:06.704+0000] {dag.py:3823} INFO - Setting next_dagrun for crime_analytics_pipeline to 2026-05-23 19:00:00+00:00, run_after=2026-05-30 19:00:00+00:00
[2026-05-27T10:02:06.750+0000] {processor.py:183} INFO - Processing /opt/airflow/dags/dag_crime_pipeline.py took 0.166 seconds
[2026-05-27T10:02:36.906+0000] {processor.py:161} INFO - Started process (PID=7887) to work on /opt/airflow/dags/dag_crime_pipeline.py
[2026-05-27T10:02:36.908+0000] {processor.py:830} INFO - Processing file /opt/airflow/dags/dag_crime_pipeline.py for tasks to queue
[2026-05-27T10:02:36.911+0000] {logging_mixin.py:188} INFO - [2026-05-27T10:02:36.910+0000] {dagbag.py:538} INFO - Filling up the DagBag from /opt/airflow/dags/dag_crime_pipeline.py
[2026-05-27T10:02:36.948+0000] {processor.py:840} INFO - DAG(s) 'crime_analytics_pipeline' retrieved from /opt/airflow/dags/dag_crime_pipeline.py
[2026-05-27T10:02:36.982+0000] {logging_mixin.py:188} INFO - [2026-05-27T10:02:36.981+0000] {dag.py:3036} INFO - Sync 1 DAGs
[2026-05-27T10:02:37.260+0000] {logging_mixin.py:188} INFO - [2026-05-27T10:02:37.260+0000] {dag.py:3823} INFO - Setting next_dagrun for crime_analytics_pipeline to 2026-05-23 19:00:00+00:00, run_after=2026-05-30 19:00:00+00:00
[2026-05-27T10:02:37.282+0000] {processor.py:183} INFO - Processing /opt/airflow/dags/dag_crime_pipeline.py took 0.380 seconds
[2026-05-27T10:03:07.502+0000] {processor.py:161} INFO - Started process (PID=7892) to work on /opt/airflow/dags/dag_crime_pipeline.py
[2026-05-27T10:03:07.504+0000] {processor.py:830} INFO - Processing file /opt/airflow/dags/dag_crime_pipeline.py for tasks to queue
[2026-05-27T10:03:07.506+0000] {logging_mixin.py:188} INFO - [2026-05-27T10:03:07.506+0000] {dagbag.py:538} INFO - Filling up the DagBag from /opt/airflow/dags/dag_crime_pipeline.py
[2026-05-27T10:03:07.545+0000] {processor.py:840} INFO - DAG(s) 'crime_analytics_pipeline' retrieved from /opt/airflow/dags/dag_crime_pipeline.py
[2026-05-27T10:03:07.578+0000] {logging_mixin.py:188} INFO - [2026-05-27T10:03:07.578+0000] {dag.py:3036} INFO - Sync 1 DAGs
[2026-05-27T10:03:07.602+0000] {logging_mixin.py:188} INFO - [2026-05-27T10:03:07.602+0000] {dag.py:3823} INFO - Setting next_dagrun for crime_analytics_pipeline to 2026-05-23 19:00:00+00:00, run_after=2026-05-30 19:00:00+00:00
[2026-05-27T10:03:07.646+0000] {processor.py:183} INFO - Processing /opt/airflow/dags/dag_crime_pipeline.py took 0.149 seconds
[2026-05-27T10:03:37.856+0000] {processor.py:161} INFO - Started process (PID=7897) to work on /opt/airflow/dags/dag_crime_pipeline.py
[2026-05-27T10:03:37.858+0000] {processor.py:830} INFO - Processing file /opt/airflow/dags/dag_crime_pipeline.py for tasks to queue
[2026-05-27T10:03:37.861+0000] {logging_mixin.py:188} INFO - [2026-05-27T10:03:37.860+0000] {dagbag.py:538} INFO - Filling up the DagBag from /opt/airflow/dags/dag_crime_pipeline.py
[2026-05-27T10:03:37.903+0000] {processor.py:840} INFO - DAG(s) 'crime_analytics_pipeline' retrieved from /opt/airflow/dags/dag_crime_pipeline.py
[2026-05-27T10:03:37.942+0000] {logging_mixin.py:188} INFO - [2026-05-27T10:03:37.942+0000] {dag.py:3036} INFO - Sync 1 DAGs
[2026-05-27T10:03:37.971+0000] {logging_mixin.py:188} INFO - [2026-05-27T10:03:37.970+0000] {dag.py:3823} INFO - Setting next_dagrun for crime_analytics_pipeline to 2026-05-23 19:00:00+00:00, run_after=2026-05-30 19:00:00+00:00
[2026-05-27T10:03:38.013+0000] {processor.py:183} INFO - Processing /opt/airflow/dags/dag_crime_pipeline.py took 0.161 seconds
[2026-05-27T10:04:08.098+0000] {processor.py:161} INFO - Started process (PID=7902) to work on /opt/airflow/dags/dag_crime_pipeline.py
[2026-05-27T10:04:08.100+0000] {processor.py:830} INFO - Processing file /opt/airflow/dags/dag_crime_pipeline.py for tasks to queue
[2026-05-27T10:04:08.104+0000] {logging_mixin.py:188} INFO - [2026-05-27T10:04:08.103+0000] {dagbag.py:538} INFO - Filling up the DagBag from /opt/airflow/dags/dag_crime_pipeline.py
[2026-05-27T10:04:08.144+0000] {processor.py:840} INFO - DAG(s) 'crime_analytics_pipeline' retrieved from /opt/airflow/dags/dag_crime_pipeline.py
[2026-05-27T10:04:08.185+0000] {logging_mixin.py:188} INFO - [2026-05-27T10:04:08.184+0000] {dag.py:3036} INFO - Sync 1 DAGs
[2026-05-27T10:04:08.455+0000] {logging_mixin.py:188} INFO - [2026-05-27T10:04:08.455+0000] {dag.py:3823} INFO - Setting next_dagrun for crime_analytics_pipeline to 2026-05-23 19:00:00+00:00, run_after=2026-05-30 19:00:00+00:00
[2026-05-27T10:04:08.477+0000] {processor.py:183} INFO - Processing /opt/airflow/dags/dag_crime_pipeline.py took 0.384 seconds
[2026-05-27T10:04:38.671+0000] {processor.py:161} INFO - Started process (PID=7907) to work on /opt/airflow/dags/dag_crime_pipeline.py
[2026-05-27T10:04:38.672+0000] {processor.py:830} INFO - Processing file /opt/airflow/dags/dag_crime_pipeline.py for tasks to queue
[2026-05-27T10:04:38.676+0000] {logging_mixin.py:188} INFO - [2026-05-27T10:04:38.675+0000] {dagbag.py:538} INFO - Filling up the DagBag from /opt/airflow/dags/dag_crime_pipeline.py
[2026-05-27T10:04:38.714+0000] {processor.py:840} INFO - DAG(s) 'crime_analytics_pipeline' retrieved from /opt/airflow/dags/dag_crime_pipeline.py
[2026-05-27T10:04:38.749+0000] {logging_mixin.py:188} INFO - [2026-05-27T10:04:38.748+0000] {dag.py:3036} INFO - Sync 1 DAGs
[2026-05-27T10:04:38.771+0000] {logging_mixin.py:188} INFO - [2026-05-27T10:04:38.771+0000] {dag.py:3823} INFO - Setting next_dagrun for crime_analytics_pipeline to 2026-05-23 19:00:00+00:00, run_after=2026-05-30 19:00:00+00:00
[2026-05-27T10:04:38.796+0000] {processor.py:183} INFO - Processing /opt/airflow/dags/dag_crime_pipeline.py took 0.130 seconds
[2026-05-27T10:05:08.981+0000] {processor.py:161} INFO - Started process (PID=7912) to work on /opt/airflow/dags/dag_crime_pipeline.py
[2026-05-27T10:05:08.983+0000] {processor.py:830} INFO - Processing file /opt/airflow/dags/dag_crime_pipeline.py for tasks to queue
[2026-05-27T10:05:08.985+0000] {logging_mixin.py:188} INFO - [2026-05-27T10:05:08.985+0000] {dagbag.py:538} INFO - Filling up the DagBag from /opt/airflow/dags/dag_crime_pipeline.py
[2026-05-27T10:05:09.022+0000] {processor.py:840} INFO - DAG(s) 'crime_analytics_pipeline' retrieved from /opt/airflow/dags/dag_crime_pipeline.py
[2026-05-27T10:05:09.055+0000] {logging_mixin.py:188} INFO - [2026-05-27T10:05:09.054+0000] {dag.py:3036} INFO - Sync 1 DAGs
[2026-05-27T10:05:09.084+0000] {logging_mixin.py:188} INFO - [2026-05-27T10:05:09.083+0000] {dag.py:3823} INFO - Setting next_dagrun for crime_analytics_pipeline to 2026-05-23 19:00:00+00:00, run_after=2026-05-30 19:00:00+00:00
[2026-05-27T10:05:09.120+0000] {processor.py:183} INFO - Processing /opt/airflow/dags/dag_crime_pipeline.py took 0.143 seconds
[2026-05-27T10:05:39.165+0000] {processor.py:161} INFO - Started process (PID=7917) to work on /opt/airflow/dags/dag_crime_pipeline.py
[2026-05-27T10:05:39.166+0000] {processor.py:830} INFO - Processing file /opt/airflow/dags/dag_crime_pipeline.py for tasks to queue
[2026-05-27T10:05:39.170+0000] {logging_mixin.py:188} INFO - [2026-05-27T10:05:39.168+0000] {dagbag.py:538} INFO - Filling up the DagBag from /opt/airflow/dags/dag_crime_pipeline.py
[2026-05-27T10:05:39.243+0000] {processor.py:840} INFO - DAG(s) 'crime_analytics_pipeline' retrieved from /opt/airflow/dags/dag_crime_pipeline.py
[2026-05-27T10:05:39.274+0000] {logging_mixin.py:188} INFO - [2026-05-27T10:05:39.274+0000] {dag.py:3036} INFO - Sync 1 DAGs
[2026-05-27T10:05:39.514+0000] {logging_mixin.py:188} INFO - [2026-05-27T10:05:39.513+0000] {dag.py:3823} INFO - Setting next_dagrun for crime_analytics_pipeline to 2026-05-23 19:00:00+00:00, run_after=2026-05-30 19:00:00+00:00
[2026-05-27T10:05:39.541+0000] {processor.py:183} INFO - Processing /opt/airflow/dags/dag_crime_pipeline.py took 0.380 seconds
[2026-05-27T10:05:58.606+0000] {processor.py:161} INFO - Started process (PID=7922) to work on /opt/airflow/dags/dag_crime_pipeline.py
[2026-05-27T10:05:58.608+0000] {processor.py:830} INFO - Processing file /opt/airflow/dags/dag_crime_pipeline.py for tasks to queue
[2026-05-27T10:05:58.610+0000] {logging_mixin.py:188} INFO - [2026-05-27T10:05:58.610+0000] {dagbag.py:538} INFO - Filling up the DagBag from /opt/airflow/dags/dag_crime_pipeline.py
[2026-05-27T10:05:58.845+0000] {processor.py:840} INFO - DAG(s) 'crime_analytics_pipeline' retrieved from /opt/airflow/dags/dag_crime_pipeline.py
[2026-05-27T10:05:58.870+0000] {logging_mixin.py:188} INFO - [2026-05-27T10:05:58.869+0000] {dag.py:3036} INFO - Sync 1 DAGs
[2026-05-27T10:05:58.888+0000] {logging_mixin.py:188} INFO - [2026-05-27T10:05:58.888+0000] {dag.py:3823} INFO - Setting next_dagrun for crime_analytics_pipeline to 2026-05-23 19:00:00+00:00, run_after=2026-05-30 19:00:00+00:00
[2026-05-27T10:05:58.909+0000] {processor.py:183} INFO - Processing /opt/airflow/dags/dag_crime_pipeline.py took 0.308 seconds
[2026-05-27T10:06:29.337+0000] {processor.py:161} INFO - Started process (PID=7970) to work on /opt/airflow/dags/dag_crime_pipeline.py
[2026-05-27T10:06:29.338+0000] {processor.py:830} INFO - Processing file /opt/airflow/dags/dag_crime_pipeline.py for tasks to queue
[2026-05-27T10:06:29.341+0000] {logging_mixin.py:188} INFO - [2026-05-27T10:06:29.340+0000] {dagbag.py:538} INFO - Filling up the DagBag from /opt/airflow/dags/dag_crime_pipeline.py
[2026-05-27T10:06:29.378+0000] {processor.py:840} INFO - DAG(s) 'crime_analytics_pipeline' retrieved from /opt/airflow/dags/dag_crime_pipeline.py
[2026-05-27T10:06:29.413+0000] {logging_mixin.py:188} INFO - [2026-05-27T10:06:29.412+0000] {dag.py:3036} INFO - Sync 1 DAGs
[2026-05-27T10:06:29.455+0000] {processor.py:183} INFO - Processing /opt/airflow/dags/dag_crime_pipeline.py took 0.122 seconds
[2026-05-27T10:06:59.594+0000] {processor.py:161} INFO - Started process (PID=7977) to work on /opt/airflow/dags/dag_crime_pipeline.py
[2026-05-27T10:06:59.595+0000] {processor.py:830} INFO - Processing file /opt/airflow/dags/dag_crime_pipeline.py for tasks to queue
[2026-05-27T10:06:59.599+0000] {logging_mixin.py:188} INFO - [2026-05-27T10:06:59.599+0000] {dagbag.py:538} INFO - Filling up the DagBag from /opt/airflow/dags/dag_crime_pipeline.py
[2026-05-27T10:06:59.643+0000] {processor.py:840} INFO - DAG(s) 'crime_analytics_pipeline' retrieved from /opt/airflow/dags/dag_crime_pipeline.py
[2026-05-27T10:06:59.683+0000] {logging_mixin.py:188} INFO - [2026-05-27T10:06:59.682+0000] {dag.py:3036} INFO - Sync 1 DAGs
[2026-05-27T10:06:59.736+0000] {processor.py:183} INFO - Processing /opt/airflow/dags/dag_crime_pipeline.py took 0.147 seconds
[2026-05-27T10:07:29.843+0000] {processor.py:161} INFO - Started process (PID=7984) to work on /opt/airflow/dags/dag_crime_pipeline.py
[2026-05-27T10:07:29.845+0000] {processor.py:830} INFO - Processing file /opt/airflow/dags/dag_crime_pipeline.py for tasks to queue
[2026-05-27T10:07:29.848+0000] {logging_mixin.py:188} INFO - [2026-05-27T10:07:29.848+0000] {dagbag.py:538} INFO - Filling up the DagBag from /opt/airflow/dags/dag_crime_pipeline.py
[2026-05-27T10:07:29.886+0000] {processor.py:840} INFO - DAG(s) 'crime_analytics_pipeline' retrieved from /opt/airflow/dags/dag_crime_pipeline.py
[2026-05-27T10:07:29.927+0000] {logging_mixin.py:188} INFO - [2026-05-27T10:07:29.926+0000] {dag.py:3036} INFO - Sync 1 DAGs
[2026-05-27T10:07:29.992+0000] {processor.py:183} INFO - Processing /opt/airflow/dags/dag_crime_pipeline.py took 0.153 seconds
[2026-05-27T10:08:00.093+0000] {processor.py:161} INFO - Started process (PID=7991) to work on /opt/airflow/dags/dag_crime_pipeline.py
[2026-05-27T10:08:00.095+0000] {processor.py:830} INFO - Processing file /opt/airflow/dags/dag_crime_pipeline.py for tasks to queue
[2026-05-27T10:08:00.097+0000] {logging_mixin.py:188} INFO - [2026-05-27T10:08:00.097+0000] {dagbag.py:538} INFO - Filling up the DagBag from /opt/airflow/dags/dag_crime_pipeline.py
[2026-05-27T10:08:00.138+0000] {processor.py:840} INFO - DAG(s) 'crime_analytics_pipeline' retrieved from /opt/airflow/dags/dag_crime_pipeline.py
[2026-05-27T10:08:00.175+0000] {logging_mixin.py:188} INFO - [2026-05-27T10:08:00.174+0000] {dag.py:3036} INFO - Sync 1 DAGs
[2026-05-27T10:08:00.241+0000] {processor.py:183} INFO - Processing /opt/airflow/dags/dag_crime_pipeline.py took 0.153 seconds
[2026-05-27T10:08:30.418+0000] {processor.py:161} INFO - Started process (PID=7998) to work on /opt/airflow/dags/dag_crime_pipeline.py
[2026-05-27T10:08:30.420+0000] {processor.py:830} INFO - Processing file /opt/airflow/dags/dag_crime_pipeline.py for tasks to queue
[2026-05-27T10:08:30.423+0000] {logging_mixin.py:188} INFO - [2026-05-27T10:08:30.423+0000] {dagbag.py:538} INFO - Filling up the DagBag from /opt/airflow/dags/dag_crime_pipeline.py
[2026-05-27T10:08:30.466+0000] {processor.py:840} INFO - DAG(s) 'crime_analytics_pipeline' retrieved from /opt/airflow/dags/dag_crime_pipeline.py
[2026-05-27T10:08:30.504+0000] {logging_mixin.py:188} INFO - [2026-05-27T10:08:30.503+0000] {dag.py:3036} INFO - Sync 1 DAGs
[2026-05-27T10:08:30.550+0000] {processor.py:183} INFO - Processing /opt/airflow/dags/dag_crime_pipeline.py took 0.137 seconds
[2026-05-27T10:09:00.777+0000] {processor.py:161} INFO - Started process (PID=8011) to work on /opt/airflow/dags/dag_crime_pipeline.py
[2026-05-27T10:09:00.779+0000] {processor.py:830} INFO - Processing file /opt/airflow/dags/dag_crime_pipeline.py for tasks to queue
[2026-05-27T10:09:00.782+0000] {logging_mixin.py:188} INFO - [2026-05-27T10:09:00.781+0000] {dagbag.py:538} INFO - Filling up the DagBag from /opt/airflow/dags/dag_crime_pipeline.py
[2026-05-27T10:09:00.824+0000] {processor.py:840} INFO - DAG(s) 'crime_analytics_pipeline' retrieved from /opt/airflow/dags/dag_crime_pipeline.py
[2026-05-27T10:09:00.856+0000] {logging_mixin.py:188} INFO - [2026-05-27T10:09:00.855+0000] {dag.py:3036} INFO - Sync 1 DAGs
[2026-05-27T10:09:00.882+0000] {logging_mixin.py:188} INFO - [2026-05-27T10:09:00.881+0000] {dag.py:3823} INFO - Setting next_dagrun for crime_analytics_pipeline to 2026-05-23 19:00:00+00:00, run_after=2026-05-30 19:00:00+00:00
[2026-05-27T10:09:00.913+0000] {processor.py:183} INFO - Processing /opt/airflow/dags/dag_crime_pipeline.py took 0.141 seconds
[2026-05-27T10:09:39.521+0000] {processor.py:161} INFO - Started process (PID=189) to work on /opt/airflow/dags/dag_crime_pipeline.py
[2026-05-27T10:09:39.522+0000] {processor.py:830} INFO - Processing file /opt/airflow/dags/dag_crime_pipeline.py for tasks to queue
[2026-05-27T10:09:39.526+0000] {logging_mixin.py:188} INFO - [2026-05-27T10:09:39.526+0000] {dagbag.py:538} INFO - Filling up the DagBag from /opt/airflow/dags/dag_crime_pipeline.py
[2026-05-27T10:09:39.565+0000] {processor.py:840} INFO - DAG(s) 'crime_analytics_pipeline' retrieved from /opt/airflow/dags/dag_crime_pipeline.py
[2026-05-27T10:09:39.606+0000] {logging_mixin.py:188} INFO - [2026-05-27T10:09:39.605+0000] {dag.py:3036} INFO - Sync 1 DAGs
[2026-05-27T10:09:39.646+0000] {logging_mixin.py:188} INFO - [2026-05-27T10:09:39.646+0000] {dag.py:3823} INFO - Setting next_dagrun for crime_analytics_pipeline to 2026-05-23 19:00:00+00:00, run_after=2026-05-30 19:00:00+00:00
[2026-05-27T10:09:39.693+0000] {processor.py:183} INFO - Processing /opt/airflow/dags/dag_crime_pipeline.py took 0.180 seconds
[2026-05-27T10:10:09.920+0000] {processor.py:161} INFO - Started process (PID=194) to work on /opt/airflow/dags/dag_crime_pipeline.py
[2026-05-27T10:10:09.922+0000] {processor.py:830} INFO - Processing file /opt/airflow/dags/dag_crime_pipeline.py for tasks to queue
[2026-05-27T10:10:09.924+0000] {logging_mixin.py:188} INFO - [2026-05-27T10:10:09.924+0000] {dagbag.py:538} INFO - Filling up the DagBag from /opt/airflow/dags/dag_crime_pipeline.py
[2026-05-27T10:10:09.963+0000] {processor.py:840} INFO - DAG(s) 'crime_analytics_pipeline' retrieved from /opt/airflow/dags/dag_crime_pipeline.py
[2026-05-27T10:10:09.995+0000] {logging_mixin.py:188} INFO - [2026-05-27T10:10:09.995+0000] {dag.py:3036} INFO - Sync 1 DAGs
[2026-05-27T10:10:10.021+0000] {logging_mixin.py:188} INFO - [2026-05-27T10:10:10.020+0000] {dag.py:3823} INFO - Setting next_dagrun for crime_analytics_pipeline to 2026-05-23 19:00:00+00:00, run_after=2026-05-30 19:00:00+00:00
[2026-05-27T10:10:10.044+0000] {processor.py:183} INFO - Processing /opt/airflow/dags/dag_crime_pipeline.py took 0.129 seconds
[2026-05-27T10:10:40.282+0000] {processor.py:161} INFO - Started process (PID=304) to work on /opt/airflow/dags/dag_crime_pipeline.py
[2026-05-27T10:10:40.284+0000] {processor.py:830} INFO - Processing file /opt/airflow/dags/dag_crime_pipeline.py for tasks to queue
[2026-05-27T10:10:40.287+0000] {logging_mixin.py:188} INFO - [2026-05-27T10:10:40.287+0000] {dagbag.py:538} INFO - Filling up the DagBag from /opt/airflow/dags/dag_crime_pipeline.py
[2026-05-27T10:10:40.328+0000] {processor.py:840} INFO - DAG(s) 'crime_analytics_pipeline' retrieved from /opt/airflow/dags/dag_crime_pipeline.py
[2026-05-27T10:10:40.367+0000] {logging_mixin.py:188} INFO - [2026-05-27T10:10:40.367+0000] {dag.py:3036} INFO - Sync 1 DAGs
[2026-05-27T10:10:40.418+0000] {processor.py:183} INFO - Processing /opt/airflow/dags/dag_crime_pipeline.py took 0.141 seconds
[2026-05-27T10:11:10.598+0000] {processor.py:161} INFO - Started process (PID=357) to work on /opt/airflow/dags/dag_crime_pipeline.py
[2026-05-27T10:11:10.600+0000] {processor.py:830} INFO - Processing file /opt/airflow/dags/dag_crime_pipeline.py for tasks to queue
[2026-05-27T10:11:10.603+0000] {logging_mixin.py:188} INFO - [2026-05-27T10:11:10.602+0000] {dagbag.py:538} INFO - Filling up the DagBag from /opt/airflow/dags/dag_crime_pipeline.py
[2026-05-27T10:11:10.646+0000] {processor.py:840} INFO - DAG(s) 'crime_analytics_pipeline' retrieved from /opt/airflow/dags/dag_crime_pipeline.py
[2026-05-27T10:11:10.687+0000] {logging_mixin.py:188} INFO - [2026-05-27T10:11:10.687+0000] {dag.py:3036} INFO - Sync 1 DAGs
[2026-05-27T10:11:10.758+0000] {processor.py:183} INFO - Processing /opt/airflow/dags/dag_crime_pipeline.py took 0.163 seconds
[2026-05-27T10:11:41.011+0000] {processor.py:161} INFO - Started process (PID=429) to work on /opt/airflow/dags/dag_crime_pipeline.py
[2026-05-27T10:11:41.013+0000] {processor.py:830} INFO - Processing file /opt/airflow/dags/dag_crime_pipeline.py for tasks to queue
[2026-05-27T10:11:41.016+0000] {logging_mixin.py:188} INFO - [2026-05-27T10:11:41.015+0000] {dagbag.py:538} INFO - Filling up the DagBag from /opt/airflow/dags/dag_crime_pipeline.py
[2026-05-27T10:11:41.058+0000] {processor.py:840} INFO - DAG(s) 'crime_analytics_pipeline' retrieved from /opt/airflow/dags/dag_crime_pipeline.py
[2026-05-27T10:11:41.095+0000] {logging_mixin.py:188} INFO - [2026-05-27T10:11:41.095+0000] {dag.py:3036} INFO - Sync 1 DAGs
[2026-05-27T10:11:41.145+0000] {processor.py:183} INFO - Processing /opt/airflow/dags/dag_crime_pipeline.py took 0.139 seconds
[2026-05-27T10:12:11.315+0000] {processor.py:161} INFO - Started process (PID=482) to work on /opt/airflow/dags/dag_crime_pipeline.py
[2026-05-27T10:12:11.316+0000] {processor.py:830} INFO - Processing file /opt/airflow/dags/dag_crime_pipeline.py for tasks to queue
[2026-05-27T10:12:11.320+0000] {logging_mixin.py:188} INFO - [2026-05-27T10:12:11.319+0000] {dagbag.py:538} INFO - Filling up the DagBag from /opt/airflow/dags/dag_crime_pipeline.py
[2026-05-27T10:12:11.354+0000] {processor.py:840} INFO - DAG(s) 'crime_analytics_pipeline' retrieved from /opt/airflow/dags/dag_crime_pipeline.py
[2026-05-27T10:12:11.387+0000] {logging_mixin.py:188} INFO - [2026-05-27T10:12:11.387+0000] {dag.py:3036} INFO - Sync 1 DAGs
[2026-05-27T10:12:11.427+0000] {processor.py:183} INFO - Processing /opt/airflow/dags/dag_crime_pipeline.py took 0.116 seconds
[2026-05-27T10:12:41.501+0000] {processor.py:161} INFO - Started process (PID=487) to work on /opt/airflow/dags/dag_crime_pipeline.py
[2026-05-27T10:12:41.503+0000] {processor.py:830} INFO - Processing file /opt/airflow/dags/dag_crime_pipeline.py for tasks to queue
[2026-05-27T10:12:41.505+0000] {logging_mixin.py:188} INFO - [2026-05-27T10:12:41.504+0000] {dagbag.py:538} INFO - Filling up the DagBag from /opt/airflow/dags/dag_crime_pipeline.py
[2026-05-27T10:12:41.547+0000] {processor.py:840} INFO - DAG(s) 'crime_analytics_pipeline' retrieved from /opt/airflow/dags/dag_crime_pipeline.py
[2026-05-27T10:12:41.589+0000] {logging_mixin.py:188} INFO - [2026-05-27T10:12:41.587+0000] {dag.py:3036} INFO - Sync 1 DAGs
[2026-05-27T10:12:41.656+0000] {processor.py:183} INFO - Processing /opt/airflow/dags/dag_crime_pipeline.py took 0.158 seconds
[2026-05-27T10:13:11.796+0000] {processor.py:161} INFO - Started process (PID=492) to work on /opt/airflow/dags/dag_crime_pipeline.py
[2026-05-27T10:13:11.798+0000] {processor.py:830} INFO - Processing file /opt/airflow/dags/dag_crime_pipeline.py for tasks to queue
[2026-05-27T10:13:11.801+0000] {logging_mixin.py:188} INFO - [2026-05-27T10:13:11.800+0000] {dagbag.py:538} INFO - Filling up the DagBag from /opt/airflow/dags/dag_crime_pipeline.py
[2026-05-27T10:13:11.840+0000] {processor.py:840} INFO - DAG(s) 'crime_analytics_pipeline' retrieved from /opt/airflow/dags/dag_crime_pipeline.py
[2026-05-27T10:13:11.873+0000] {logging_mixin.py:188} INFO - [2026-05-27T10:13:11.872+0000] {dag.py:3036} INFO - Sync 1 DAGs
[2026-05-27T10:13:11.914+0000] {processor.py:183} INFO - Processing /opt/airflow/dags/dag_crime_pipeline.py took 0.123 seconds
[2026-05-27T10:13:42.045+0000] {processor.py:161} INFO - Started process (PID=497) to work on /opt/airflow/dags/dag_crime_pipeline.py
[2026-05-27T10:13:42.047+0000] {processor.py:830} INFO - Processing file /opt/airflow/dags/dag_crime_pipeline.py for tasks to queue
[2026-05-27T10:13:42.051+0000] {logging_mixin.py:188} INFO - [2026-05-27T10:13:42.050+0000] {dagbag.py:538} INFO - Filling up the DagBag from /opt/airflow/dags/dag_crime_pipeline.py
[2026-05-27T10:13:42.106+0000] {processor.py:840} INFO - DAG(s) 'crime_analytics_pipeline' retrieved from /opt/airflow/dags/dag_crime_pipeline.py
[2026-05-27T10:13:42.577+0000] {logging_mixin.py:188} INFO - [2026-05-27T10:13:42.577+0000] {dag.py:3036} INFO - Sync 1 DAGs
[2026-05-27T10:13:42.628+0000] {processor.py:183} INFO - Processing /opt/airflow/dags/dag_crime_pipeline.py took 0.588 seconds
[2026-05-27T10:14:12.889+0000] {processor.py:161} INFO - Started process (PID=502) to work on /opt/airflow/dags/dag_crime_pipeline.py
[2026-05-27T10:14:12.891+0000] {processor.py:830} INFO - Processing file /opt/airflow/dags/dag_crime_pipeline.py for tasks to queue
[2026-05-27T10:14:12.894+0000] {logging_mixin.py:188} INFO - [2026-05-27T10:14:12.894+0000] {dagbag.py:538} INFO - Filling up the DagBag from /opt/airflow/dags/dag_crime_pipeline.py
[2026-05-27T10:14:12.934+0000] {processor.py:840} INFO - DAG(s) 'crime_analytics_pipeline' retrieved from /opt/airflow/dags/dag_crime_pipeline.py
[2026-05-27T10:14:12.974+0000] {logging_mixin.py:188} INFO - [2026-05-27T10:14:12.973+0000] {dag.py:3036} INFO - Sync 1 DAGs
[2026-05-27T10:14:13.326+0000] {processor.py:183} INFO - Processing /opt/airflow/dags/dag_crime_pipeline.py took 0.442 seconds
[2026-05-27T10:14:43.564+0000] {processor.py:161} INFO - Started process (PID=507) to work on /opt/airflow/dags/dag_crime_pipeline.py
[2026-05-27T10:14:43.566+0000] {processor.py:830} INFO - Processing file /opt/airflow/dags/dag_crime_pipeline.py for tasks to queue
[2026-05-27T10:14:43.570+0000] {logging_mixin.py:188} INFO - [2026-05-27T10:14:43.569+0000] {dagbag.py:538} INFO - Filling up the DagBag from /opt/airflow/dags/dag_crime_pipeline.py
[2026-05-27T10:14:43.616+0000] {processor.py:840} INFO - DAG(s) 'crime_analytics_pipeline' retrieved from /opt/airflow/dags/dag_crime_pipeline.py
[2026-05-27T10:14:43.659+0000] {logging_mixin.py:188} INFO - [2026-05-27T10:14:43.659+0000] {dag.py:3036} INFO - Sync 1 DAGs
[2026-05-27T10:14:43.723+0000] {processor.py:183} INFO - Processing /opt/airflow/dags/dag_crime_pipeline.py took 0.163 seconds
[2026-05-27T10:15:13.936+0000] {processor.py:161} INFO - Started process (PID=512) to work on /opt/airflow/dags/dag_crime_pipeline.py
[2026-05-27T10:15:13.938+0000] {processor.py:830} INFO - Processing file /opt/airflow/dags/dag_crime_pipeline.py for tasks to queue
[2026-05-27T10:15:13.942+0000] {logging_mixin.py:188} INFO - [2026-05-27T10:15:13.941+0000] {dagbag.py:538} INFO - Filling up the DagBag from /opt/airflow/dags/dag_crime_pipeline.py
[2026-05-27T10:15:13.985+0000] {processor.py:840} INFO - DAG(s) 'crime_analytics_pipeline' retrieved from /opt/airflow/dags/dag_crime_pipeline.py
[2026-05-27T10:15:14.015+0000] {logging_mixin.py:188} INFO - [2026-05-27T10:15:14.015+0000] {dag.py:3036} INFO - Sync 1 DAGs
[2026-05-27T10:15:14.055+0000] {processor.py:183} INFO - Processing /opt/airflow/dags/dag_crime_pipeline.py took 0.124 seconds
[2026-05-27T10:15:44.142+0000] {processor.py:161} INFO - Started process (PID=520) to work on /opt/airflow/dags/dag_crime_pipeline.py
[2026-05-27T10:15:44.144+0000] {processor.py:830} INFO - Processing file /opt/airflow/dags/dag_crime_pipeline.py for tasks to queue
[2026-05-27T10:15:44.148+0000] {logging_mixin.py:188} INFO - [2026-05-27T10:15:44.148+0000] {dagbag.py:538} INFO - Filling up the DagBag from /opt/airflow/dags/dag_crime_pipeline.py
[2026-05-27T10:15:44.190+0000] {processor.py:840} INFO - DAG(s) 'crime_analytics_pipeline' retrieved from /opt/airflow/dags/dag_crime_pipeline.py
[2026-05-27T10:15:44.229+0000] {logging_mixin.py:188} INFO - [2026-05-27T10:15:44.229+0000] {dag.py:3036} INFO - Sync 1 DAGs
[2026-05-27T10:15:44.275+0000] {processor.py:183} INFO - Processing /opt/airflow/dags/dag_crime_pipeline.py took 0.138 seconds
[2026-05-27T10:16:14.420+0000] {processor.py:161} INFO - Started process (PID=525) to work on /opt/airflow/dags/dag_crime_pipeline.py
[2026-05-27T10:16:14.421+0000] {processor.py:830} INFO - Processing file /opt/airflow/dags/dag_crime_pipeline.py for tasks to queue
[2026-05-27T10:16:14.424+0000] {logging_mixin.py:188} INFO - [2026-05-27T10:16:14.423+0000] {dagbag.py:538} INFO - Filling up the DagBag from /opt/airflow/dags/dag_crime_pipeline.py
[2026-05-27T10:16:14.461+0000] {processor.py:840} INFO - DAG(s) 'crime_analytics_pipeline' retrieved from /opt/airflow/dags/dag_crime_pipeline.py
[2026-05-27T10:16:14.494+0000] {logging_mixin.py:188} INFO - [2026-05-27T10:16:14.493+0000] {dag.py:3036} INFO - Sync 1 DAGs
[2026-05-27T10:16:14.552+0000] {processor.py:183} INFO - Processing /opt/airflow/dags/dag_crime_pipeline.py took 0.136 seconds
[2026-05-27T10:16:44.627+0000] {processor.py:161} INFO - Started process (PID=530) to work on /opt/airflow/dags/dag_crime_pipeline.py
[2026-05-27T10:16:44.629+0000] {processor.py:830} INFO - Processing file /opt/airflow/dags/dag_crime_pipeline.py for tasks to queue
[2026-05-27T10:16:44.632+0000] {logging_mixin.py:188} INFO - [2026-05-27T10:16:44.632+0000] {dagbag.py:538} INFO - Filling up the DagBag from /opt/airflow/dags/dag_crime_pipeline.py
[2026-05-27T10:16:44.672+0000] {processor.py:840} INFO - DAG(s) 'crime_analytics_pipeline' retrieved from /opt/airflow/dags/dag_crime_pipeline.py
[2026-05-27T10:16:44.706+0000] {logging_mixin.py:188} INFO - [2026-05-27T10:16:44.705+0000] {dag.py:3036} INFO - Sync 1 DAGs
[2026-05-27T10:16:44.988+0000] {processor.py:183} INFO - Processing /opt/airflow/dags/dag_crime_pipeline.py took 0.365 seconds
[2026-05-27T10:17:15.159+0000] {processor.py:161} INFO - Started process (PID=560) to work on /opt/airflow/dags/dag_crime_pipeline.py
[2026-05-27T10:17:15.161+0000] {processor.py:830} INFO - Processing file /opt/airflow/dags/dag_crime_pipeline.py for tasks to queue
[2026-05-27T10:17:15.164+0000] {logging_mixin.py:188} INFO - [2026-05-27T10:17:15.164+0000] {dagbag.py:538} INFO - Filling up the DagBag from /opt/airflow/dags/dag_crime_pipeline.py
[2026-05-27T10:17:15.209+0000] {processor.py:840} INFO - DAG(s) 'crime_analytics_pipeline' retrieved from /opt/airflow/dags/dag_crime_pipeline.py
[2026-05-27T10:17:15.252+0000] {logging_mixin.py:188} INFO - [2026-05-27T10:17:15.252+0000] {dag.py:3036} INFO - Sync 1 DAGs
[2026-05-27T10:17:15.317+0000] {processor.py:183} INFO - Processing /opt/airflow/dags/dag_crime_pipeline.py took 0.165 seconds
[2026-05-27T10:17:45.532+0000] {processor.py:161} INFO - Started process (PID=633) to work on /opt/airflow/dags/dag_crime_pipeline.py
[2026-05-27T10:17:45.534+0000] {processor.py:830} INFO - Processing file /opt/airflow/dags/dag_crime_pipeline.py for tasks to queue
[2026-05-27T10:17:45.537+0000] {logging_mixin.py:188} INFO - [2026-05-27T10:17:45.536+0000] {dagbag.py:538} INFO - Filling up the DagBag from /opt/airflow/dags/dag_crime_pipeline.py
[2026-05-27T10:17:45.579+0000] {processor.py:840} INFO - DAG(s) 'crime_analytics_pipeline' retrieved from /opt/airflow/dags/dag_crime_pipeline.py
[2026-05-27T10:17:45.619+0000] {logging_mixin.py:188} INFO - [2026-05-27T10:17:45.619+0000] {dag.py:3036} INFO - Sync 1 DAGs
[2026-05-27T10:17:45.911+0000] {processor.py:183} INFO - Processing /opt/airflow/dags/dag_crime_pipeline.py took 0.385 seconds
[2026-05-27T10:18:16.148+0000] {processor.py:161} INFO - Started process (PID=671) to work on /opt/airflow/dags/dag_crime_pipeline.py
[2026-05-27T10:18:16.150+0000] {processor.py:830} INFO - Processing file /opt/airflow/dags/dag_crime_pipeline.py for tasks to queue
[2026-05-27T10:18:16.154+0000] {logging_mixin.py:188} INFO - [2026-05-27T10:18:16.153+0000] {dagbag.py:538} INFO - Filling up the DagBag from /opt/airflow/dags/dag_crime_pipeline.py
[2026-05-27T10:18:16.199+0000] {processor.py:840} INFO - DAG(s) 'crime_analytics_pipeline' retrieved from /opt/airflow/dags/dag_crime_pipeline.py
[2026-05-27T10:18:16.516+0000] {logging_mixin.py:188} INFO - [2026-05-27T10:18:16.515+0000] {dag.py:3036} INFO - Sync 1 DAGs
[2026-05-27T10:18:16.568+0000] {processor.py:183} INFO - Processing /opt/airflow/dags/dag_crime_pipeline.py took 0.426 seconds
[2026-05-27T10:18:46.741+0000] {processor.py:161} INFO - Started process (PID=680) to work on /opt/airflow/dags/dag_crime_pipeline.py
[2026-05-27T10:18:46.743+0000] {processor.py:830} INFO - Processing file /opt/airflow/dags/dag_crime_pipeline.py for tasks to queue
[2026-05-27T10:18:46.746+0000] {logging_mixin.py:188} INFO - [2026-05-27T10:18:46.746+0000] {dagbag.py:538} INFO - Filling up the DagBag from /opt/airflow/dags/dag_crime_pipeline.py
[2026-05-27T10:18:46.787+0000] {processor.py:840} INFO - DAG(s) 'crime_analytics_pipeline' retrieved from /opt/airflow/dags/dag_crime_pipeline.py
[2026-05-27T10:18:46.823+0000] {logging_mixin.py:188} INFO - [2026-05-27T10:18:46.822+0000] {dag.py:3036} INFO - Sync 1 DAGs
[2026-05-27T10:18:46.885+0000] {processor.py:183} INFO - Processing /opt/airflow/dags/dag_crime_pipeline.py took 0.149 seconds
[2026-05-27T10:19:17.172+0000] {processor.py:161} INFO - Started process (PID=685) to work on /opt/airflow/dags/dag_crime_pipeline.py
[2026-05-27T10:19:17.174+0000] {processor.py:830} INFO - Processing file /opt/airflow/dags/dag_crime_pipeline.py for tasks to queue
[2026-05-27T10:19:17.176+0000] {logging_mixin.py:188} INFO - [2026-05-27T10:19:17.176+0000] {dagbag.py:538} INFO - Filling up the DagBag from /opt/airflow/dags/dag_crime_pipeline.py
[2026-05-27T10:19:17.215+0000] {processor.py:840} INFO - DAG(s) 'crime_analytics_pipeline' retrieved from /opt/airflow/dags/dag_crime_pipeline.py
[2026-05-27T10:19:17.252+0000] {logging_mixin.py:188} INFO - [2026-05-27T10:19:17.252+0000] {dag.py:3036} INFO - Sync 1 DAGs
[2026-05-27T10:19:17.520+0000] {processor.py:183} INFO - Processing /opt/airflow/dags/dag_crime_pipeline.py took 0.352 seconds
[2026-05-27T10:19:47.856+0000] {processor.py:161} INFO - Started process (PID=690) to work on /opt/airflow/dags/dag_crime_pipeline.py
[2026-05-27T10:19:47.859+0000] {processor.py:830} INFO - Processing file /opt/airflow/dags/dag_crime_pipeline.py for tasks to queue
[2026-05-27T10:19:47.862+0000] {logging_mixin.py:188} INFO - [2026-05-27T10:19:47.861+0000] {dagbag.py:538} INFO - Filling up the DagBag from /opt/airflow/dags/dag_crime_pipeline.py
[2026-05-27T10:19:48.158+0000] {processor.py:840} INFO - DAG(s) 'crime_analytics_pipeline' retrieved from /opt/airflow/dags/dag_crime_pipeline.py
[2026-05-27T10:19:48.195+0000] {logging_mixin.py:188} INFO - [2026-05-27T10:19:48.195+0000] {dag.py:3036} INFO - Sync 1 DAGs
[2026-05-27T10:19:48.249+0000] {processor.py:183} INFO - Processing /opt/airflow/dags/dag_crime_pipeline.py took 0.399 seconds
[2026-05-27T10:20:18.482+0000] {processor.py:161} INFO - Started process (PID=695) to work on /opt/airflow/dags/dag_crime_pipeline.py
[2026-05-27T10:20:18.484+0000] {processor.py:830} INFO - Processing file /opt/airflow/dags/dag_crime_pipeline.py for tasks to queue
[2026-05-27T10:20:18.487+0000] {logging_mixin.py:188} INFO - [2026-05-27T10:20:18.487+0000] {dagbag.py:538} INFO - Filling up the DagBag from /opt/airflow/dags/dag_crime_pipeline.py
[2026-05-27T10:20:18.524+0000] {processor.py:840} INFO - DAG(s) 'crime_analytics_pipeline' retrieved from /opt/airflow/dags/dag_crime_pipeline.py
[2026-05-27T10:20:18.559+0000] {logging_mixin.py:188} INFO - [2026-05-27T10:20:18.559+0000] {dag.py:3036} INFO - Sync 1 DAGs
[2026-05-27T10:20:18.607+0000] {processor.py:183} INFO - Processing /opt/airflow/dags/dag_crime_pipeline.py took 0.129 seconds
[2026-05-27T10:20:48.689+0000] {processor.py:161} INFO - Started process (PID=700) to work on /opt/airflow/dags/dag_crime_pipeline.py
[2026-05-27T10:20:48.691+0000] {processor.py:830} INFO - Processing file /opt/airflow/dags/dag_crime_pipeline.py for tasks to queue
[2026-05-27T10:20:48.694+0000] {logging_mixin.py:188} INFO - [2026-05-27T10:20:48.694+0000] {dagbag.py:538} INFO - Filling up the DagBag from /opt/airflow/dags/dag_crime_pipeline.py
[2026-05-27T10:20:48.796+0000] {processor.py:840} INFO - DAG(s) 'crime_analytics_pipeline' retrieved from /opt/airflow/dags/dag_crime_pipeline.py
[2026-05-27T10:20:48.832+0000] {logging_mixin.py:188} INFO - [2026-05-27T10:20:48.831+0000] {dag.py:3036} INFO - Sync 1 DAGs
[2026-05-27T10:20:48.885+0000] {processor.py:183} INFO - Processing /opt/airflow/dags/dag_crime_pipeline.py took 0.201 seconds
[2026-05-27T10:21:19.970+0000] {processor.py:161} INFO - Started process (PID=705) to work on /opt/airflow/dags/dag_crime_pipeline.py
[2026-05-27T10:21:19.971+0000] {processor.py:830} INFO - Processing file /opt/airflow/dags/dag_crime_pipeline.py for tasks to queue
[2026-05-27T10:21:19.974+0000] {logging_mixin.py:188} INFO - [2026-05-27T10:21:19.973+0000] {dagbag.py:538} INFO - Filling up the DagBag from /opt/airflow/dags/dag_crime_pipeline.py
[2026-05-27T10:21:20.013+0000] {processor.py:840} INFO - DAG(s) 'crime_analytics_pipeline' retrieved from /opt/airflow/dags/dag_crime_pipeline.py
[2026-05-27T10:21:20.049+0000] {logging_mixin.py:188} INFO - [2026-05-27T10:21:20.048+0000] {dag.py:3036} INFO - Sync 1 DAGs
[2026-05-27T10:21:20.114+0000] {processor.py:183} INFO - Processing /opt/airflow/dags/dag_crime_pipeline.py took 0.149 seconds
[2026-05-27T10:21:51.308+0000] {processor.py:161} INFO - Started process (PID=710) to work on /opt/airflow/dags/dag_crime_pipeline.py
[2026-05-27T10:21:51.309+0000] {processor.py:830} INFO - Processing file /opt/airflow/dags/dag_crime_pipeline.py for tasks to queue
[2026-05-27T10:21:51.313+0000] {logging_mixin.py:188} INFO - [2026-05-27T10:21:51.312+0000] {dagbag.py:538} INFO - Filling up the DagBag from /opt/airflow/dags/dag_crime_pipeline.py
[2026-05-27T10:21:51.348+0000] {processor.py:840} INFO - DAG(s) 'crime_analytics_pipeline' retrieved from /opt/airflow/dags/dag_crime_pipeline.py
[2026-05-27T10:21:51.381+0000] {logging_mixin.py:188} INFO - [2026-05-27T10:21:51.381+0000] {dag.py:3036} INFO - Sync 1 DAGs
[2026-05-27T10:21:51.428+0000] {processor.py:183} INFO - Processing /opt/airflow/dags/dag_crime_pipeline.py took 0.124 seconds
[2026-05-27T10:22:21.648+0000] {processor.py:161} INFO - Started process (PID=715) to work on /opt/airflow/dags/dag_crime_pipeline.py
[2026-05-27T10:22:21.650+0000] {processor.py:830} INFO - Processing file /opt/airflow/dags/dag_crime_pipeline.py for tasks to queue
[2026-05-27T10:22:21.652+0000] {logging_mixin.py:188} INFO - [2026-05-27T10:22:21.652+0000] {dagbag.py:538} INFO - Filling up the DagBag from /opt/airflow/dags/dag_crime_pipeline.py
[2026-05-27T10:22:21.691+0000] {processor.py:840} INFO - DAG(s) 'crime_analytics_pipeline' retrieved from /opt/airflow/dags/dag_crime_pipeline.py
[2026-05-27T10:22:21.728+0000] {logging_mixin.py:188} INFO - [2026-05-27T10:22:21.727+0000] {dag.py:3036} INFO - Sync 1 DAGs
[2026-05-27T10:22:21.756+0000] {logging_mixin.py:188} INFO - [2026-05-27T10:22:21.756+0000] {dag.py:3823} INFO - Setting next_dagrun for crime_analytics_pipeline to 2026-05-23 19:00:00+00:00, run_after=2026-05-30 19:00:00+00:00
[2026-05-27T10:22:21.799+0000] {processor.py:183} INFO - Processing /opt/airflow/dags/dag_crime_pipeline.py took 0.154 seconds
[2026-05-27T10:23:04.065+0000] {processor.py:161} INFO - Started process (PID=189) to work on /opt/airflow/dags/dag_crime_pipeline.py
[2026-05-27T10:23:04.067+0000] {processor.py:830} INFO - Processing file /opt/airflow/dags/dag_crime_pipeline.py for tasks to queue
[2026-05-27T10:23:04.069+0000] {logging_mixin.py:188} INFO - [2026-05-27T10:23:04.068+0000] {dagbag.py:538} INFO - Filling up the DagBag from /opt/airflow/dags/dag_crime_pipeline.py
[2026-05-27T10:23:04.102+0000] {processor.py:840} INFO - DAG(s) 'crime_analytics_pipeline' retrieved from /opt/airflow/dags/dag_crime_pipeline.py
[2026-05-27T10:23:04.132+0000] {logging_mixin.py:188} INFO - [2026-05-27T10:23:04.132+0000] {dag.py:3036} INFO - Sync 1 DAGs
[2026-05-27T10:23:04.158+0000] {logging_mixin.py:188} INFO - [2026-05-27T10:23:04.158+0000] {dag.py:3823} INFO - Setting next_dagrun for crime_analytics_pipeline to 2026-05-23 19:00:00+00:00, run_after=2026-05-30 19:00:00+00:00
[2026-05-27T10:23:04.201+0000] {processor.py:183} INFO - Processing /opt/airflow/dags/dag_crime_pipeline.py took 0.139 seconds
[2026-05-27T10:23:34.417+0000] {processor.py:161} INFO - Started process (PID=194) to work on /opt/airflow/dags/dag_crime_pipeline.py
[2026-05-27T10:23:34.419+0000] {processor.py:830} INFO - Processing file /opt/airflow/dags/dag_crime_pipeline.py for tasks to queue
[2026-05-27T10:23:34.421+0000] {logging_mixin.py:188} INFO - [2026-05-27T10:23:34.421+0000] {dagbag.py:538} INFO - Filling up the DagBag from /opt/airflow/dags/dag_crime_pipeline.py
[2026-05-27T10:23:34.457+0000] {processor.py:840} INFO - DAG(s) 'crime_analytics_pipeline' retrieved from /opt/airflow/dags/dag_crime_pipeline.py
[2026-05-27T10:23:34.489+0000] {logging_mixin.py:188} INFO - [2026-05-27T10:23:34.488+0000] {dag.py:3036} INFO - Sync 1 DAGs
[2026-05-27T10:23:34.511+0000] {logging_mixin.py:188} INFO - [2026-05-27T10:23:34.511+0000] {dag.py:3823} INFO - Setting next_dagrun for crime_analytics_pipeline to 2026-05-23 19:00:00+00:00, run_after=2026-05-30 19:00:00+00:00
[2026-05-27T10:23:34.552+0000] {processor.py:183} INFO - Processing /opt/airflow/dags/dag_crime_pipeline.py took 0.139 seconds
[2026-05-27T10:24:04.655+0000] {processor.py:161} INFO - Started process (PID=199) to work on /opt/airflow/dags/dag_crime_pipeline.py
[2026-05-27T10:24:04.657+0000] {processor.py:830} INFO - Processing file /opt/airflow/dags/dag_crime_pipeline.py for tasks to queue
[2026-05-27T10:24:04.661+0000] {logging_mixin.py:188} INFO - [2026-05-27T10:24:04.660+0000] {dagbag.py:538} INFO - Filling up the DagBag from /opt/airflow/dags/dag_crime_pipeline.py
[2026-05-27T10:24:04.700+0000] {processor.py:840} INFO - DAG(s) 'crime_analytics_pipeline' retrieved from /opt/airflow/dags/dag_crime_pipeline.py
[2026-05-27T10:24:04.740+0000] {logging_mixin.py:188} INFO - [2026-05-27T10:24:04.740+0000] {dag.py:3036} INFO - Sync 1 DAGs
[2026-05-27T10:24:04.768+0000] {logging_mixin.py:188} INFO - [2026-05-27T10:24:04.767+0000] {dag.py:3823} INFO - Setting next_dagrun for crime_analytics_pipeline to 2026-05-23 19:00:00+00:00, run_after=2026-05-30 19:00:00+00:00
[2026-05-27T10:24:04.810+0000] {processor.py:183} INFO - Processing /opt/airflow/dags/dag_crime_pipeline.py took 0.160 seconds
[2026-05-27T10:24:34.980+0000] {processor.py:161} INFO - Started process (PID=204) to work on /opt/airflow/dags/dag_crime_pipeline.py
[2026-05-27T10:24:34.982+0000] {processor.py:830} INFO - Processing file /opt/airflow/dags/dag_crime_pipeline.py for tasks to queue
[2026-05-27T10:24:34.985+0000] {logging_mixin.py:188} INFO - [2026-05-27T10:24:34.984+0000] {dagbag.py:538} INFO - Filling up the DagBag from /opt/airflow/dags/dag_crime_pipeline.py
[2026-05-27T10:24:35.021+0000] {processor.py:840} INFO - DAG(s) 'crime_analytics_pipeline' retrieved from /opt/airflow/dags/dag_crime_pipeline.py
[2026-05-27T10:24:35.055+0000] {logging_mixin.py:188} INFO - [2026-05-27T10:24:35.055+0000] {dag.py:3036} INFO - Sync 1 DAGs
[2026-05-27T10:24:35.079+0000] {logging_mixin.py:188} INFO - [2026-05-27T10:24:35.079+0000] {dag.py:3823} INFO - Setting next_dagrun for crime_analytics_pipeline to 2026-05-23 19:00:00+00:00, run_after=2026-05-30 19:00:00+00:00
[2026-05-27T10:24:35.099+0000] {processor.py:183} INFO - Processing /opt/airflow/dags/dag_crime_pipeline.py took 0.123 seconds
[2026-05-27T10:25:05.254+0000] {processor.py:161} INFO - Started process (PID=209) to work on /opt/airflow/dags/dag_crime_pipeline.py
[2026-05-27T10:25:05.256+0000] {processor.py:830} INFO - Processing file /opt/airflow/dags/dag_crime_pipeline.py for tasks to queue
[2026-05-27T10:25:05.259+0000] {logging_mixin.py:188} INFO - [2026-05-27T10:25:05.258+0000] {dagbag.py:538} INFO - Filling up the DagBag from /opt/airflow/dags/dag_crime_pipeline.py
[2026-05-27T10:25:05.308+0000] {processor.py:840} INFO - DAG(s) 'crime_analytics_pipeline' retrieved from /opt/airflow/dags/dag_crime_pipeline.py
[2026-05-27T10:25:05.353+0000] {logging_mixin.py:188} INFO - [2026-05-27T10:25:05.353+0000] {dag.py:3036} INFO - Sync 1 DAGs
[2026-05-27T10:25:05.390+0000] {logging_mixin.py:188} INFO - [2026-05-27T10:25:05.390+0000] {dag.py:3823} INFO - Setting next_dagrun for crime_analytics_pipeline to 2026-05-23 19:00:00+00:00, run_after=2026-05-30 19:00:00+00:00
[2026-05-27T10:25:05.416+0000] {processor.py:183} INFO - Processing /opt/airflow/dags/dag_crime_pipeline.py took 0.167 seconds
[2026-05-27T10:25:35.476+0000] {processor.py:161} INFO - Started process (PID=214) to work on /opt/airflow/dags/dag_crime_pipeline.py
[2026-05-27T10:25:35.477+0000] {processor.py:830} INFO - Processing file /opt/airflow/dags/dag_crime_pipeline.py for tasks to queue
[2026-05-27T10:25:35.479+0000] {logging_mixin.py:188} INFO - [2026-05-27T10:25:35.479+0000] {dagbag.py:538} INFO - Filling up the DagBag from /opt/airflow/dags/dag_crime_pipeline.py
[2026-05-27T10:25:35.510+0000] {processor.py:840} INFO - DAG(s) 'crime_analytics_pipeline' retrieved from /opt/airflow/dags/dag_crime_pipeline.py
[2026-05-27T10:25:35.538+0000] {logging_mixin.py:188} INFO - [2026-05-27T10:25:35.537+0000] {dag.py:3036} INFO - Sync 1 DAGs
[2026-05-27T10:25:35.557+0000] {logging_mixin.py:188} INFO - [2026-05-27T10:25:35.556+0000] {dag.py:3823} INFO - Setting next_dagrun for crime_analytics_pipeline to 2026-05-23 19:00:00+00:00, run_after=2026-05-30 19:00:00+00:00
[2026-05-27T10:25:35.593+0000] {processor.py:183} INFO - Processing /opt/airflow/dags/dag_crime_pipeline.py took 0.121 seconds
[2026-05-27T10:26:05.676+0000] {processor.py:161} INFO - Started process (PID=219) to work on /opt/airflow/dags/dag_crime_pipeline.py
[2026-05-27T10:26:05.678+0000] {processor.py:830} INFO - Processing file /opt/airflow/dags/dag_crime_pipeline.py for tasks to queue
[2026-05-27T10:26:05.680+0000] {logging_mixin.py:188} INFO - [2026-05-27T10:26:05.680+0000] {dagbag.py:538} INFO - Filling up the DagBag from /opt/airflow/dags/dag_crime_pipeline.py
[2026-05-27T10:26:05.714+0000] {processor.py:840} INFO - DAG(s) 'crime_analytics_pipeline' retrieved from /opt/airflow/dags/dag_crime_pipeline.py
[2026-05-27T10:26:05.742+0000] {logging_mixin.py:188} INFO - [2026-05-27T10:26:05.741+0000] {dag.py:3036} INFO - Sync 1 DAGs
[2026-05-27T10:26:05.761+0000] {logging_mixin.py:188} INFO - [2026-05-27T10:26:05.760+0000] {dag.py:3823} INFO - Setting next_dagrun for crime_analytics_pipeline to 2026-05-23 19:00:00+00:00, run_after=2026-05-30 19:00:00+00:00
[2026-05-27T10:26:05.797+0000] {processor.py:183} INFO - Processing /opt/airflow/dags/dag_crime_pipeline.py took 0.125 seconds
[2026-05-27T10:26:36.033+0000] {processor.py:161} INFO - Started process (PID=224) to work on /opt/airflow/dags/dag_crime_pipeline.py
[2026-05-27T10:26:36.035+0000] {processor.py:830} INFO - Processing file /opt/airflow/dags/dag_crime_pipeline.py for tasks to queue
[2026-05-27T10:26:36.038+0000] {logging_mixin.py:188} INFO - [2026-05-27T10:26:36.038+0000] {dagbag.py:538} INFO - Filling up the DagBag from /opt/airflow/dags/dag_crime_pipeline.py
[2026-05-27T10:26:36.076+0000] {processor.py:840} INFO - DAG(s) 'crime_analytics_pipeline' retrieved from /opt/airflow/dags/dag_crime_pipeline.py
[2026-05-27T10:26:36.110+0000] {logging_mixin.py:188} INFO - [2026-05-27T10:26:36.110+0000] {dag.py:3036} INFO - Sync 1 DAGs
[2026-05-27T10:26:36.133+0000] {logging_mixin.py:188} INFO - [2026-05-27T10:26:36.133+0000] {dag.py:3823} INFO - Setting next_dagrun for crime_analytics_pipeline to 2026-05-23 19:00:00+00:00, run_after=2026-05-30 19:00:00+00:00
[2026-05-27T10:26:36.170+0000] {processor.py:183} INFO - Processing /opt/airflow/dags/dag_crime_pipeline.py took 0.141 seconds
[2026-05-27T10:27:06.229+0000] {processor.py:161} INFO - Started process (PID=229) to work on /opt/airflow/dags/dag_crime_pipeline.py
[2026-05-27T10:27:06.230+0000] {processor.py:830} INFO - Processing file /opt/airflow/dags/dag_crime_pipeline.py for tasks to queue
[2026-05-27T10:27:06.234+0000] {logging_mixin.py:188} INFO - [2026-05-27T10:27:06.233+0000] {dagbag.py:538} INFO - Filling up the DagBag from /opt/airflow/dags/dag_crime_pipeline.py
[2026-05-27T10:27:06.269+0000] {processor.py:840} INFO - DAG(s) 'crime_analytics_pipeline' retrieved from /opt/airflow/dags/dag_crime_pipeline.py
[2026-05-27T10:27:06.303+0000] {logging_mixin.py:188} INFO - [2026-05-27T10:27:06.302+0000] {dag.py:3036} INFO - Sync 1 DAGs
[2026-05-27T10:27:06.329+0000] {logging_mixin.py:188} INFO - [2026-05-27T10:27:06.329+0000] {dag.py:3823} INFO - Setting next_dagrun for crime_analytics_pipeline to 2026-05-23 19:00:00+00:00, run_after=2026-05-30 19:00:00+00:00
[2026-05-27T10:27:06.352+0000] {processor.py:183} INFO - Processing /opt/airflow/dags/dag_crime_pipeline.py took 0.128 seconds
[2026-05-27T10:27:36.580+0000] {processor.py:161} INFO - Started process (PID=234) to work on /opt/airflow/dags/dag_crime_pipeline.py
[2026-05-27T10:27:36.581+0000] {processor.py:830} INFO - Processing file /opt/airflow/dags/dag_crime_pipeline.py for tasks to queue
[2026-05-27T10:27:36.583+0000] {logging_mixin.py:188} INFO - [2026-05-27T10:27:36.582+0000] {dagbag.py:538} INFO - Filling up the DagBag from /opt/airflow/dags/dag_crime_pipeline.py
[2026-05-27T10:27:36.621+0000] {processor.py:840} INFO - DAG(s) 'crime_analytics_pipeline' retrieved from /opt/airflow/dags/dag_crime_pipeline.py
[2026-05-27T10:27:36.651+0000] {logging_mixin.py:188} INFO - [2026-05-27T10:27:36.650+0000] {dag.py:3036} INFO - Sync 1 DAGs
[2026-05-27T10:27:36.905+0000] {logging_mixin.py:188} INFO - [2026-05-27T10:27:36.905+0000] {dag.py:3823} INFO - Setting next_dagrun for crime_analytics_pipeline to 2026-05-23 19:00:00+00:00, run_after=2026-05-30 19:00:00+00:00
[2026-05-27T10:27:36.940+0000] {processor.py:183} INFO - Processing /opt/airflow/dags/dag_crime_pipeline.py took 0.364 seconds
[2026-05-27T10:28:07.173+0000] {processor.py:161} INFO - Started process (PID=239) to work on /opt/airflow/dags/dag_crime_pipeline.py
[2026-05-27T10:28:07.174+0000] {processor.py:830} INFO - Processing file /opt/airflow/dags/dag_crime_pipeline.py for tasks to queue
[2026-05-27T10:28:07.177+0000] {logging_mixin.py:188} INFO - [2026-05-27T10:28:07.176+0000] {dagbag.py:538} INFO - Filling up the DagBag from /opt/airflow/dags/dag_crime_pipeline.py
[2026-05-27T10:28:07.213+0000] {processor.py:840} INFO - DAG(s) 'crime_analytics_pipeline' retrieved from /opt/airflow/dags/dag_crime_pipeline.py
[2026-05-27T10:28:07.245+0000] {logging_mixin.py:188} INFO - [2026-05-27T10:28:07.245+0000] {dag.py:3036} INFO - Sync 1 DAGs
[2026-05-27T10:28:07.267+0000] {logging_mixin.py:188} INFO - [2026-05-27T10:28:07.266+0000] {dag.py:3823} INFO - Setting next_dagrun for crime_analytics_pipeline to 2026-05-23 19:00:00+00:00, run_after=2026-05-30 19:00:00+00:00
[2026-05-27T10:28:07.290+0000] {processor.py:183} INFO - Processing /opt/airflow/dags/dag_crime_pipeline.py took 0.121 seconds
[2026-05-27T10:28:13.233+0000] {processor.py:161} INFO - Started process (PID=244) to work on /opt/airflow/dags/dag_crime_pipeline.py
[2026-05-27T10:28:13.234+0000] {processor.py:830} INFO - Processing file /opt/airflow/dags/dag_crime_pipeline.py for tasks to queue
[2026-05-27T10:28:13.237+0000] {logging_mixin.py:188} INFO - [2026-05-27T10:28:13.237+0000] {dagbag.py:538} INFO - Filling up the DagBag from /opt/airflow/dags/dag_crime_pipeline.py
[2026-05-27T10:28:13.286+0000] {processor.py:840} INFO - DAG(s) 'crime_analytics_pipeline' retrieved from /opt/airflow/dags/dag_crime_pipeline.py
[2026-05-27T10:28:13.598+0000] {logging_mixin.py:188} INFO - [2026-05-27T10:28:13.597+0000] {dag.py:3036} INFO - Sync 1 DAGs
[2026-05-27T10:28:13.620+0000] {logging_mixin.py:188} INFO - [2026-05-27T10:28:13.619+0000] {dag.py:3823} INFO - Setting next_dagrun for crime_analytics_pipeline to 2026-05-23 19:00:00+00:00, run_after=2026-05-30 19:00:00+00:00
[2026-05-27T10:28:13.659+0000] {processor.py:183} INFO - Processing /opt/airflow/dags/dag_crime_pipeline.py took 0.430 seconds
[2026-05-27T10:28:43.929+0000] {processor.py:161} INFO - Started process (PID=289) to work on /opt/airflow/dags/dag_crime_pipeline.py
[2026-05-27T10:28:43.930+0000] {processor.py:830} INFO - Processing file /opt/airflow/dags/dag_crime_pipeline.py for tasks to queue
[2026-05-27T10:28:43.933+0000] {logging_mixin.py:188} INFO - [2026-05-27T10:28:43.933+0000] {dagbag.py:538} INFO - Filling up the DagBag from /opt/airflow/dags/dag_crime_pipeline.py
[2026-05-27T10:28:43.973+0000] {processor.py:840} INFO - DAG(s) 'crime_analytics_pipeline' retrieved from /opt/airflow/dags/dag_crime_pipeline.py
[2026-05-27T10:28:44.006+0000] {logging_mixin.py:188} INFO - [2026-05-27T10:28:44.006+0000] {dag.py:3036} INFO - Sync 1 DAGs
[2026-05-27T10:28:44.231+0000] {processor.py:183} INFO - Processing /opt/airflow/dags/dag_crime_pipeline.py took 0.307 seconds
[2026-05-27T10:29:14.484+0000] {processor.py:161} INFO - Started process (PID=298) to work on /opt/airflow/dags/dag_crime_pipeline.py
[2026-05-27T10:29:14.487+0000] {processor.py:830} INFO - Processing file /opt/airflow/dags/dag_crime_pipeline.py for tasks to queue
[2026-05-27T10:29:14.490+0000] {logging_mixin.py:188} INFO - [2026-05-27T10:29:14.490+0000] {dagbag.py:538} INFO - Filling up the DagBag from /opt/airflow/dags/dag_crime_pipeline.py
[2026-05-27T10:29:14.548+0000] {processor.py:840} INFO - DAG(s) 'crime_analytics_pipeline' retrieved from /opt/airflow/dags/dag_crime_pipeline.py
[2026-05-27T10:29:14.585+0000] {logging_mixin.py:188} INFO - [2026-05-27T10:29:14.585+0000] {dag.py:3036} INFO - Sync 1 DAGs
[2026-05-27T10:29:14.654+0000] {processor.py:183} INFO - Processing /opt/airflow/dags/dag_crime_pipeline.py took 0.176 seconds
[2026-05-27T10:29:44.910+0000] {processor.py:161} INFO - Started process (PID=305) to work on /opt/airflow/dags/dag_crime_pipeline.py
[2026-05-27T10:29:44.911+0000] {processor.py:830} INFO - Processing file /opt/airflow/dags/dag_crime_pipeline.py for tasks to queue
[2026-05-27T10:29:44.914+0000] {logging_mixin.py:188} INFO - [2026-05-27T10:29:44.913+0000] {dagbag.py:538} INFO - Filling up the DagBag from /opt/airflow/dags/dag_crime_pipeline.py
[2026-05-27T10:29:44.949+0000] {processor.py:840} INFO - DAG(s) 'crime_analytics_pipeline' retrieved from /opt/airflow/dags/dag_crime_pipeline.py
[2026-05-27T10:29:44.979+0000] {logging_mixin.py:188} INFO - [2026-05-27T10:29:44.978+0000] {dag.py:3036} INFO - Sync 1 DAGs
[2026-05-27T10:29:45.167+0000] {processor.py:183} INFO - Processing /opt/airflow/dags/dag_crime_pipeline.py took 0.261 seconds
[2026-05-27T10:30:15.368+0000] {processor.py:161} INFO - Started process (PID=312) to work on /opt/airflow/dags/dag_crime_pipeline.py
[2026-05-27T10:30:15.369+0000] {processor.py:830} INFO - Processing file /opt/airflow/dags/dag_crime_pipeline.py for tasks to queue
[2026-05-27T10:30:15.372+0000] {logging_mixin.py:188} INFO - [2026-05-27T10:30:15.372+0000] {dagbag.py:538} INFO - Filling up the DagBag from /opt/airflow/dags/dag_crime_pipeline.py
[2026-05-27T10:30:15.404+0000] {processor.py:840} INFO - DAG(s) 'crime_analytics_pipeline' retrieved from /opt/airflow/dags/dag_crime_pipeline.py
[2026-05-27T10:30:15.593+0000] {logging_mixin.py:188} INFO - [2026-05-27T10:30:15.593+0000] {dag.py:3036} INFO - Sync 1 DAGs
[2026-05-27T10:30:15.644+0000] {processor.py:183} INFO - Processing /opt/airflow/dags/dag_crime_pipeline.py took 0.280 seconds
[2026-05-27T10:30:45.931+0000] {processor.py:161} INFO - Started process (PID=320) to work on /opt/airflow/dags/dag_crime_pipeline.py
[2026-05-27T10:30:45.932+0000] {processor.py:830} INFO - Processing file /opt/airflow/dags/dag_crime_pipeline.py for tasks to queue
[2026-05-27T10:30:45.934+0000] {logging_mixin.py:188} INFO - [2026-05-27T10:30:45.934+0000] {dagbag.py:538} INFO - Filling up the DagBag from /opt/airflow/dags/dag_crime_pipeline.py
[2026-05-27T10:30:45.966+0000] {processor.py:840} INFO - DAG(s) 'crime_analytics_pipeline' retrieved from /opt/airflow/dags/dag_crime_pipeline.py
[2026-05-27T10:30:45.994+0000] {logging_mixin.py:188} INFO - [2026-05-27T10:30:45.994+0000] {dag.py:3036} INFO - Sync 1 DAGs
[2026-05-27T10:30:46.046+0000] {processor.py:183} INFO - Processing /opt/airflow/dags/dag_crime_pipeline.py took 0.120 seconds
[2026-05-27T10:31:16.129+0000] {processor.py:161} INFO - Started process (PID=327) to work on /opt/airflow/dags/dag_crime_pipeline.py
[2026-05-27T10:31:16.131+0000] {processor.py:830} INFO - Processing file /opt/airflow/dags/dag_crime_pipeline.py for tasks to queue
[2026-05-27T10:31:16.133+0000] {logging_mixin.py:188} INFO - [2026-05-27T10:31:16.133+0000] {dagbag.py:538} INFO - Filling up the DagBag from /opt/airflow/dags/dag_crime_pipeline.py
[2026-05-27T10:31:16.166+0000] {processor.py:840} INFO - DAG(s) 'crime_analytics_pipeline' retrieved from /opt/airflow/dags/dag_crime_pipeline.py
[2026-05-27T10:31:16.194+0000] {logging_mixin.py:188} INFO - [2026-05-27T10:31:16.193+0000] {dag.py:3036} INFO - Sync 1 DAGs
[2026-05-27T10:31:16.415+0000] {processor.py:183} INFO - Processing /opt/airflow/dags/dag_crime_pipeline.py took 0.290 seconds
[2026-05-27T10:31:46.617+0000] {processor.py:161} INFO - Started process (PID=334) to work on /opt/airflow/dags/dag_crime_pipeline.py
[2026-05-27T10:31:46.619+0000] {processor.py:830} INFO - Processing file /opt/airflow/dags/dag_crime_pipeline.py for tasks to queue
[2026-05-27T10:31:46.621+0000] {logging_mixin.py:188} INFO - [2026-05-27T10:31:46.621+0000] {dagbag.py:538} INFO - Filling up the DagBag from /opt/airflow/dags/dag_crime_pipeline.py
[2026-05-27T10:31:46.844+0000] {processor.py:840} INFO - DAG(s) 'crime_analytics_pipeline' retrieved from /opt/airflow/dags/dag_crime_pipeline.py
[2026-05-27T10:31:46.893+0000] {logging_mixin.py:188} INFO - [2026-05-27T10:31:46.892+0000] {dag.py:3036} INFO - Sync 1 DAGs
[2026-05-27T10:31:46.942+0000] {processor.py:183} INFO - Processing /opt/airflow/dags/dag_crime_pipeline.py took 0.328 seconds
[2026-05-27T10:32:17.395+0000] {processor.py:161} INFO - Started process (PID=341) to work on /opt/airflow/dags/dag_crime_pipeline.py
[2026-05-27T10:32:17.397+0000] {processor.py:830} INFO - Processing file /opt/airflow/dags/dag_crime_pipeline.py for tasks to queue
[2026-05-27T10:32:17.400+0000] {logging_mixin.py:188} INFO - [2026-05-27T10:32:17.400+0000] {dagbag.py:538} INFO - Filling up the DagBag from /opt/airflow/dags/dag_crime_pipeline.py
[2026-05-27T10:32:17.441+0000] {processor.py:840} INFO - DAG(s) 'crime_analytics_pipeline' retrieved from /opt/airflow/dags/dag_crime_pipeline.py
[2026-05-27T10:32:17.481+0000] {logging_mixin.py:188} INFO - [2026-05-27T10:32:17.480+0000] {dag.py:3036} INFO - Sync 1 DAGs
[2026-05-27T10:32:17.550+0000] {processor.py:183} INFO - Processing /opt/airflow/dags/dag_crime_pipeline.py took 0.160 seconds
[2026-05-27T10:32:47.627+0000] {processor.py:161} INFO - Started process (PID=349) to work on /opt/airflow/dags/dag_crime_pipeline.py
[2026-05-27T10:32:47.629+0000] {processor.py:830} INFO - Processing file /opt/airflow/dags/dag_crime_pipeline.py for tasks to queue
[2026-05-27T10:32:47.633+0000] {logging_mixin.py:188} INFO - [2026-05-27T10:32:47.633+0000] {dagbag.py:538} INFO - Filling up the DagBag from /opt/airflow/dags/dag_crime_pipeline.py
[2026-05-27T10:32:47.675+0000] {processor.py:840} INFO - DAG(s) 'crime_analytics_pipeline' retrieved from /opt/airflow/dags/dag_crime_pipeline.py
[2026-05-27T10:32:47.708+0000] {logging_mixin.py:188} INFO - [2026-05-27T10:32:47.708+0000] {dag.py:3036} INFO - Sync 1 DAGs
[2026-05-27T10:32:47.769+0000] {processor.py:183} INFO - Processing /opt/airflow/dags/dag_crime_pipeline.py took 0.146 seconds
[2026-05-27T10:33:18.060+0000] {processor.py:161} INFO - Started process (PID=404) to work on /opt/airflow/dags/dag_crime_pipeline.py
[2026-05-27T10:33:18.062+0000] {processor.py:830} INFO - Processing file /opt/airflow/dags/dag_crime_pipeline.py for tasks to queue
[2026-05-27T10:33:18.065+0000] {logging_mixin.py:188} INFO - [2026-05-27T10:33:18.064+0000] {dagbag.py:538} INFO - Filling up the DagBag from /opt/airflow/dags/dag_crime_pipeline.py
[2026-05-27T10:33:18.106+0000] {processor.py:840} INFO - DAG(s) 'crime_analytics_pipeline' retrieved from /opt/airflow/dags/dag_crime_pipeline.py
[2026-05-27T10:33:18.142+0000] {logging_mixin.py:188} INFO - [2026-05-27T10:33:18.141+0000] {dag.py:3036} INFO - Sync 1 DAGs
[2026-05-27T10:33:18.183+0000] {processor.py:183} INFO - Processing /opt/airflow/dags/dag_crime_pipeline.py took 0.128 seconds
[2026-05-27T10:33:48.293+0000] {processor.py:161} INFO - Started process (PID=458) to work on /opt/airflow/dags/dag_crime_pipeline.py
[2026-05-27T10:33:48.294+0000] {processor.py:830} INFO - Processing file /opt/airflow/dags/dag_crime_pipeline.py for tasks to queue
[2026-05-27T10:33:48.297+0000] {logging_mixin.py:188} INFO - [2026-05-27T10:33:48.296+0000] {dagbag.py:538} INFO - Filling up the DagBag from /opt/airflow/dags/dag_crime_pipeline.py
[2026-05-27T10:33:48.334+0000] {processor.py:840} INFO - DAG(s) 'crime_analytics_pipeline' retrieved from /opt/airflow/dags/dag_crime_pipeline.py
[2026-05-27T10:33:48.369+0000] {logging_mixin.py:188} INFO - [2026-05-27T10:33:48.369+0000] {dag.py:3036} INFO - Sync 1 DAGs
[2026-05-27T10:33:48.420+0000] {processor.py:183} INFO - Processing /opt/airflow/dags/dag_crime_pipeline.py took 0.132 seconds
[2026-05-27T10:34:18.653+0000] {processor.py:161} INFO - Started process (PID=532) to work on /opt/airflow/dags/dag_crime_pipeline.py
[2026-05-27T10:34:18.654+0000] {processor.py:830} INFO - Processing file /opt/airflow/dags/dag_crime_pipeline.py for tasks to queue
[2026-05-27T10:34:18.657+0000] {logging_mixin.py:188} INFO - [2026-05-27T10:34:18.657+0000] {dagbag.py:538} INFO - Filling up the DagBag from /opt/airflow/dags/dag_crime_pipeline.py
[2026-05-27T10:34:18.695+0000] {processor.py:840} INFO - DAG(s) 'crime_analytics_pipeline' retrieved from /opt/airflow/dags/dag_crime_pipeline.py
[2026-05-27T10:34:18.726+0000] {logging_mixin.py:188} INFO - [2026-05-27T10:34:18.726+0000] {dag.py:3036} INFO - Sync 1 DAGs
[2026-05-27T10:34:18.774+0000] {processor.py:183} INFO - Processing /opt/airflow/dags/dag_crime_pipeline.py took 0.125 seconds
[2026-05-27T10:34:48.908+0000] {processor.py:161} INFO - Started process (PID=537) to work on /opt/airflow/dags/dag_crime_pipeline.py
[2026-05-27T10:34:48.910+0000] {processor.py:830} INFO - Processing file /opt/airflow/dags/dag_crime_pipeline.py for tasks to queue
[2026-05-27T10:34:48.914+0000] {logging_mixin.py:188} INFO - [2026-05-27T10:34:48.914+0000] {dagbag.py:538} INFO - Filling up the DagBag from /opt/airflow/dags/dag_crime_pipeline.py
[2026-05-27T10:34:48.956+0000] {processor.py:840} INFO - DAG(s) 'crime_analytics_pipeline' retrieved from /opt/airflow/dags/dag_crime_pipeline.py
[2026-05-27T10:34:48.987+0000] {logging_mixin.py:188} INFO - [2026-05-27T10:34:48.986+0000] {dag.py:3036} INFO - Sync 1 DAGs
[2026-05-27T10:34:49.036+0000] {processor.py:183} INFO - Processing /opt/airflow/dags/dag_crime_pipeline.py took 0.133 seconds
[2026-05-27T10:35:19.172+0000] {processor.py:161} INFO - Started process (PID=542) to work on /opt/airflow/dags/dag_crime_pipeline.py
[2026-05-27T10:35:19.173+0000] {processor.py:830} INFO - Processing file /opt/airflow/dags/dag_crime_pipeline.py for tasks to queue
[2026-05-27T10:35:19.177+0000] {logging_mixin.py:188} INFO - [2026-05-27T10:35:19.176+0000] {dagbag.py:538} INFO - Filling up the DagBag from /opt/airflow/dags/dag_crime_pipeline.py
[2026-05-27T10:35:19.218+0000] {processor.py:840} INFO - DAG(s) 'crime_analytics_pipeline' retrieved from /opt/airflow/dags/dag_crime_pipeline.py
[2026-05-27T10:35:19.253+0000] {logging_mixin.py:188} INFO - [2026-05-27T10:35:19.252+0000] {dag.py:3036} INFO - Sync 1 DAGs
[2026-05-27T10:35:19.310+0000] {processor.py:183} INFO - Processing /opt/airflow/dags/dag_crime_pipeline.py took 0.143 seconds
[2026-05-27T10:35:49.458+0000] {processor.py:161} INFO - Started process (PID=547) to work on /opt/airflow/dags/dag_crime_pipeline.py
[2026-05-27T10:35:49.459+0000] {processor.py:830} INFO - Processing file /opt/airflow/dags/dag_crime_pipeline.py for tasks to queue
[2026-05-27T10:35:49.463+0000] {logging_mixin.py:188} INFO - [2026-05-27T10:35:49.462+0000] {dagbag.py:538} INFO - Filling up the DagBag from /opt/airflow/dags/dag_crime_pipeline.py
[2026-05-27T10:35:49.516+0000] {processor.py:840} INFO - DAG(s) 'crime_analytics_pipeline' retrieved from /opt/airflow/dags/dag_crime_pipeline.py
[2026-05-27T10:35:49.548+0000] {logging_mixin.py:188} INFO - [2026-05-27T10:35:49.547+0000] {dag.py:3036} INFO - Sync 1 DAGs
[2026-05-27T10:35:49.586+0000] {processor.py:183} INFO - Processing /opt/airflow/dags/dag_crime_pipeline.py took 0.133 seconds
[2026-05-27T10:36:19.827+0000] {processor.py:161} INFO - Started process (PID=552) to work on /opt/airflow/dags/dag_crime_pipeline.py
[2026-05-27T10:36:19.829+0000] {processor.py:830} INFO - Processing file /opt/airflow/dags/dag_crime_pipeline.py for tasks to queue
[2026-05-27T10:36:19.834+0000] {logging_mixin.py:188} INFO - [2026-05-27T10:36:19.833+0000] {dagbag.py:538} INFO - Filling up the DagBag from /opt/airflow/dags/dag_crime_pipeline.py
[2026-05-27T10:36:19.879+0000] {processor.py:840} INFO - DAG(s) 'crime_analytics_pipeline' retrieved from /opt/airflow/dags/dag_crime_pipeline.py
[2026-05-27T10:36:19.921+0000] {logging_mixin.py:188} INFO - [2026-05-27T10:36:19.921+0000] {dag.py:3036} INFO - Sync 1 DAGs
[2026-05-27T10:36:19.970+0000] {processor.py:183} INFO - Processing /opt/airflow/dags/dag_crime_pipeline.py took 0.148 seconds
[2026-05-27T10:36:35.953+0000] {processor.py:161} INFO - Started process (PID=557) to work on /opt/airflow/dags/dag_crime_pipeline.py
[2026-05-27T10:36:35.954+0000] {processor.py:830} INFO - Processing file /opt/airflow/dags/dag_crime_pipeline.py for tasks to queue
[2026-05-27T10:36:35.957+0000] {logging_mixin.py:188} INFO - [2026-05-27T10:36:35.956+0000] {dagbag.py:538} INFO - Filling up the DagBag from /opt/airflow/dags/dag_crime_pipeline.py
[2026-05-27T10:36:36.008+0000] {processor.py:840} INFO - DAG(s) 'crime_analytics_pipeline' retrieved from /opt/airflow/dags/dag_crime_pipeline.py
[2026-05-27T10:36:36.041+0000] {logging_mixin.py:188} INFO - [2026-05-27T10:36:36.040+0000] {dag.py:3036} INFO - Sync 1 DAGs
[2026-05-27T10:36:36.113+0000] {processor.py:183} INFO - Processing /opt/airflow/dags/dag_crime_pipeline.py took 0.164 seconds
[2026-05-27T10:37:06.341+0000] {processor.py:161} INFO - Started process (PID=562) to work on /opt/airflow/dags/dag_crime_pipeline.py
[2026-05-27T10:37:06.342+0000] {processor.py:830} INFO - Processing file /opt/airflow/dags/dag_crime_pipeline.py for tasks to queue
[2026-05-27T10:37:06.345+0000] {logging_mixin.py:188} INFO - [2026-05-27T10:37:06.344+0000] {dagbag.py:538} INFO - Filling up the DagBag from /opt/airflow/dags/dag_crime_pipeline.py
[2026-05-27T10:37:06.382+0000] {processor.py:840} INFO - DAG(s) 'crime_analytics_pipeline' retrieved from /opt/airflow/dags/dag_crime_pipeline.py
[2026-05-27T10:37:06.416+0000] {logging_mixin.py:188} INFO - [2026-05-27T10:37:06.416+0000] {dag.py:3036} INFO - Sync 1 DAGs
[2026-05-27T10:37:06.455+0000] {processor.py:183} INFO - Processing /opt/airflow/dags/dag_crime_pipeline.py took 0.119 seconds
[2026-05-27T10:37:36.581+0000] {processor.py:161} INFO - Started process (PID=567) to work on /opt/airflow/dags/dag_crime_pipeline.py
[2026-05-27T10:37:36.582+0000] {processor.py:830} INFO - Processing file /opt/airflow/dags/dag_crime_pipeline.py for tasks to queue
[2026-05-27T10:37:36.585+0000] {logging_mixin.py:188} INFO - [2026-05-27T10:37:36.585+0000] {dagbag.py:538} INFO - Filling up the DagBag from /opt/airflow/dags/dag_crime_pipeline.py
[2026-05-27T10:37:36.623+0000] {processor.py:840} INFO - DAG(s) 'crime_analytics_pipeline' retrieved from /opt/airflow/dags/dag_crime_pipeline.py
[2026-05-27T10:37:36.660+0000] {logging_mixin.py:188} INFO - [2026-05-27T10:37:36.659+0000] {dag.py:3036} INFO - Sync 1 DAGs
[2026-05-27T10:37:36.699+0000] {processor.py:183} INFO - Processing /opt/airflow/dags/dag_crime_pipeline.py took 0.123 seconds
[2026-05-27T10:38:06.937+0000] {processor.py:161} INFO - Started process (PID=572) to work on /opt/airflow/dags/dag_crime_pipeline.py
[2026-05-27T10:38:06.940+0000] {processor.py:830} INFO - Processing file /opt/airflow/dags/dag_crime_pipeline.py for tasks to queue
[2026-05-27T10:38:06.944+0000] {logging_mixin.py:188} INFO - [2026-05-27T10:38:06.944+0000] {dagbag.py:538} INFO - Filling up the DagBag from /opt/airflow/dags/dag_crime_pipeline.py
[2026-05-27T10:38:07.004+0000] {processor.py:840} INFO - DAG(s) 'crime_analytics_pipeline' retrieved from /opt/airflow/dags/dag_crime_pipeline.py
[2026-05-27T10:38:07.054+0000] {logging_mixin.py:188} INFO - [2026-05-27T10:38:07.053+0000] {dag.py:3036} INFO - Sync 1 DAGs
[2026-05-27T10:38:07.094+0000] {processor.py:183} INFO - Processing /opt/airflow/dags/dag_crime_pipeline.py took 0.164 seconds
[2026-05-27T10:38:37.271+0000] {processor.py:161} INFO - Started process (PID=577) to work on /opt/airflow/dags/dag_crime_pipeline.py
[2026-05-27T10:38:37.273+0000] {processor.py:830} INFO - Processing file /opt/airflow/dags/dag_crime_pipeline.py for tasks to queue
[2026-05-27T10:38:37.275+0000] {logging_mixin.py:188} INFO - [2026-05-27T10:38:37.274+0000] {dagbag.py:538} INFO - Filling up the DagBag from /opt/airflow/dags/dag_crime_pipeline.py
[2026-05-27T10:38:37.308+0000] {processor.py:840} INFO - DAG(s) 'crime_analytics_pipeline' retrieved from /opt/airflow/dags/dag_crime_pipeline.py
[2026-05-27T10:38:37.342+0000] {logging_mixin.py:188} INFO - [2026-05-27T10:38:37.342+0000] {dag.py:3036} INFO - Sync 1 DAGs
[2026-05-27T10:38:37.376+0000] {processor.py:183} INFO - Processing /opt/airflow/dags/dag_crime_pipeline.py took 0.108 seconds
[2026-05-27T10:39:07.560+0000] {processor.py:161} INFO - Started process (PID=582) to work on /opt/airflow/dags/dag_crime_pipeline.py
[2026-05-27T10:39:07.561+0000] {processor.py:830} INFO - Processing file /opt/airflow/dags/dag_crime_pipeline.py for tasks to queue
[2026-05-27T10:39:07.564+0000] {logging_mixin.py:188} INFO - [2026-05-27T10:39:07.563+0000] {dagbag.py:538} INFO - Filling up the DagBag from /opt/airflow/dags/dag_crime_pipeline.py
[2026-05-27T10:39:07.604+0000] {processor.py:840} INFO - DAG(s) 'crime_analytics_pipeline' retrieved from /opt/airflow/dags/dag_crime_pipeline.py
[2026-05-27T10:39:07.636+0000] {logging_mixin.py:188} INFO - [2026-05-27T10:39:07.635+0000] {dag.py:3036} INFO - Sync 1 DAGs
[2026-05-27T10:39:07.696+0000] {processor.py:183} INFO - Processing /opt/airflow/dags/dag_crime_pipeline.py took 0.140 seconds
[2026-05-27T10:39:37.868+0000] {processor.py:161} INFO - Started process (PID=635) to work on /opt/airflow/dags/dag_crime_pipeline.py
[2026-05-27T10:39:37.870+0000] {processor.py:830} INFO - Processing file /opt/airflow/dags/dag_crime_pipeline.py for tasks to queue
[2026-05-27T10:39:37.873+0000] {logging_mixin.py:188} INFO - [2026-05-27T10:39:37.872+0000] {dagbag.py:538} INFO - Filling up the DagBag from /opt/airflow/dags/dag_crime_pipeline.py
[2026-05-27T10:39:37.913+0000] {processor.py:840} INFO - DAG(s) 'crime_analytics_pipeline' retrieved from /opt/airflow/dags/dag_crime_pipeline.py
[2026-05-27T10:39:37.954+0000] {logging_mixin.py:188} INFO - [2026-05-27T10:39:37.954+0000] {dag.py:3036} INFO - Sync 1 DAGs
[2026-05-27T10:39:38.029+0000] {processor.py:183} INFO - Processing /opt/airflow/dags/dag_crime_pipeline.py took 0.167 seconds
[2026-05-27T10:40:08.283+0000] {processor.py:161} INFO - Started process (PID=717) to work on /opt/airflow/dags/dag_crime_pipeline.py
[2026-05-27T10:40:08.284+0000] {processor.py:830} INFO - Processing file /opt/airflow/dags/dag_crime_pipeline.py for tasks to queue
[2026-05-27T10:40:08.287+0000] {logging_mixin.py:188} INFO - [2026-05-27T10:40:08.286+0000] {dagbag.py:538} INFO - Filling up the DagBag from /opt/airflow/dags/dag_crime_pipeline.py
[2026-05-27T10:40:08.338+0000] {processor.py:840} INFO - DAG(s) 'crime_analytics_pipeline' retrieved from /opt/airflow/dags/dag_crime_pipeline.py
[2026-05-27T10:40:08.388+0000] {logging_mixin.py:188} INFO - [2026-05-27T10:40:08.387+0000] {dag.py:3036} INFO - Sync 1 DAGs
[2026-05-27T10:40:08.425+0000] {processor.py:183} INFO - Processing /opt/airflow/dags/dag_crime_pipeline.py took 0.146 seconds
[2026-05-27T10:40:38.544+0000] {processor.py:161} INFO - Started process (PID=730) to work on /opt/airflow/dags/dag_crime_pipeline.py
[2026-05-27T10:40:38.546+0000] {processor.py:830} INFO - Processing file /opt/airflow/dags/dag_crime_pipeline.py for tasks to queue
[2026-05-27T10:40:38.549+0000] {logging_mixin.py:188} INFO - [2026-05-27T10:40:38.548+0000] {dagbag.py:538} INFO - Filling up the DagBag from /opt/airflow/dags/dag_crime_pipeline.py
[2026-05-27T10:40:38.591+0000] {processor.py:840} INFO - DAG(s) 'crime_analytics_pipeline' retrieved from /opt/airflow/dags/dag_crime_pipeline.py
[2026-05-27T10:40:38.633+0000] {logging_mixin.py:188} INFO - [2026-05-27T10:40:38.632+0000] {dag.py:3036} INFO - Sync 1 DAGs
[2026-05-27T10:40:38.705+0000] {processor.py:183} INFO - Processing /opt/airflow/dags/dag_crime_pipeline.py took 0.165 seconds
[2026-05-27T10:41:08.844+0000] {processor.py:161} INFO - Started process (PID=735) to work on /opt/airflow/dags/dag_crime_pipeline.py
[2026-05-27T10:41:08.846+0000] {processor.py:830} INFO - Processing file /opt/airflow/dags/dag_crime_pipeline.py for tasks to queue
[2026-05-27T10:41:08.849+0000] {logging_mixin.py:188} INFO - [2026-05-27T10:41:08.848+0000] {dagbag.py:538} INFO - Filling up the DagBag from /opt/airflow/dags/dag_crime_pipeline.py
[2026-05-27T10:41:08.884+0000] {processor.py:840} INFO - DAG(s) 'crime_analytics_pipeline' retrieved from /opt/airflow/dags/dag_crime_pipeline.py
[2026-05-27T10:41:08.917+0000] {logging_mixin.py:188} INFO - [2026-05-27T10:41:08.916+0000] {dag.py:3036} INFO - Sync 1 DAGs
[2026-05-27T10:41:08.974+0000] {processor.py:183} INFO - Processing /opt/airflow/dags/dag_crime_pipeline.py took 0.134 seconds
[2026-05-27T10:41:39.176+0000] {processor.py:161} INFO - Started process (PID=740) to work on /opt/airflow/dags/dag_crime_pipeline.py
[2026-05-27T10:41:39.177+0000] {processor.py:830} INFO - Processing file /opt/airflow/dags/dag_crime_pipeline.py for tasks to queue
[2026-05-27T10:41:39.179+0000] {logging_mixin.py:188} INFO - [2026-05-27T10:41:39.179+0000] {dagbag.py:538} INFO - Filling up the DagBag from /opt/airflow/dags/dag_crime_pipeline.py
[2026-05-27T10:41:39.224+0000] {processor.py:840} INFO - DAG(s) 'crime_analytics_pipeline' retrieved from /opt/airflow/dags/dag_crime_pipeline.py
[2026-05-27T10:41:39.259+0000] {logging_mixin.py:188} INFO - [2026-05-27T10:41:39.259+0000] {dag.py:3036} INFO - Sync 1 DAGs
[2026-05-27T10:41:39.295+0000] {processor.py:183} INFO - Processing /opt/airflow/dags/dag_crime_pipeline.py took 0.125 seconds
[2026-05-27T10:42:05.509+0000] {processor.py:161} INFO - Started process (PID=745) to work on /opt/airflow/dags/dag_crime_pipeline.py
[2026-05-27T10:42:05.511+0000] {processor.py:830} INFO - Processing file /opt/airflow/dags/dag_crime_pipeline.py for tasks to queue
[2026-05-27T10:42:05.514+0000] {logging_mixin.py:188} INFO - [2026-05-27T10:42:05.513+0000] {dagbag.py:538} INFO - Filling up the DagBag from /opt/airflow/dags/dag_crime_pipeline.py
[2026-05-27T10:42:05.569+0000] {processor.py:840} INFO - DAG(s) 'crime_analytics_pipeline' retrieved from /opt/airflow/dags/dag_crime_pipeline.py
[2026-05-27T10:42:05.738+0000] {logging_mixin.py:188} INFO - [2026-05-27T10:42:05.737+0000] {dag.py:3036} INFO - Sync 1 DAGs
[2026-05-27T10:42:05.781+0000] {processor.py:183} INFO - Processing /opt/airflow/dags/dag_crime_pipeline.py took 0.276 seconds
[2026-05-27T10:42:36.179+0000] {processor.py:161} INFO - Started process (PID=750) to work on /opt/airflow/dags/dag_crime_pipeline.py
[2026-05-27T10:42:36.181+0000] {processor.py:830} INFO - Processing file /opt/airflow/dags/dag_crime_pipeline.py for tasks to queue
[2026-05-27T10:42:36.186+0000] {logging_mixin.py:188} INFO - [2026-05-27T10:42:36.185+0000] {dagbag.py:538} INFO - Filling up the DagBag from /opt/airflow/dags/dag_crime_pipeline.py
[2026-05-27T10:42:36.235+0000] {processor.py:840} INFO - DAG(s) 'crime_analytics_pipeline' retrieved from /opt/airflow/dags/dag_crime_pipeline.py
[2026-05-27T10:42:36.267+0000] {logging_mixin.py:188} INFO - [2026-05-27T10:42:36.266+0000] {dag.py:3036} INFO - Sync 1 DAGs
[2026-05-27T10:42:36.304+0000] {processor.py:183} INFO - Processing /opt/airflow/dags/dag_crime_pipeline.py took 0.130 seconds
[2026-05-27T10:43:06.439+0000] {processor.py:161} INFO - Started process (PID=755) to work on /opt/airflow/dags/dag_crime_pipeline.py
[2026-05-27T10:43:06.441+0000] {processor.py:830} INFO - Processing file /opt/airflow/dags/dag_crime_pipeline.py for tasks to queue
[2026-05-27T10:43:06.444+0000] {logging_mixin.py:188} INFO - [2026-05-27T10:43:06.444+0000] {dagbag.py:538} INFO - Filling up the DagBag from /opt/airflow/dags/dag_crime_pipeline.py
[2026-05-27T10:43:06.485+0000] {processor.py:840} INFO - DAG(s) 'crime_analytics_pipeline' retrieved from /opt/airflow/dags/dag_crime_pipeline.py
[2026-05-27T10:43:06.513+0000] {logging_mixin.py:188} INFO - [2026-05-27T10:43:06.513+0000] {dag.py:3036} INFO - Sync 1 DAGs
[2026-05-27T10:43:06.567+0000] {processor.py:183} INFO - Processing /opt/airflow/dags/dag_crime_pipeline.py took 0.132 seconds
[2026-05-27T10:43:36.876+0000] {processor.py:161} INFO - Started process (PID=760) to work on /opt/airflow/dags/dag_crime_pipeline.py
[2026-05-27T10:43:36.878+0000] {processor.py:830} INFO - Processing file /opt/airflow/dags/dag_crime_pipeline.py for tasks to queue
[2026-05-27T10:43:36.880+0000] {logging_mixin.py:188} INFO - [2026-05-27T10:43:36.880+0000] {dagbag.py:538} INFO - Filling up the DagBag from /opt/airflow/dags/dag_crime_pipeline.py
[2026-05-27T10:43:36.924+0000] {processor.py:840} INFO - DAG(s) 'crime_analytics_pipeline' retrieved from /opt/airflow/dags/dag_crime_pipeline.py
[2026-05-27T10:43:36.960+0000] {logging_mixin.py:188} INFO - [2026-05-27T10:43:36.960+0000] {dag.py:3036} INFO - Sync 1 DAGs
[2026-05-27T10:43:37.019+0000] {processor.py:183} INFO - Processing /opt/airflow/dags/dag_crime_pipeline.py took 0.147 seconds
[2026-05-27T10:44:07.171+0000] {processor.py:161} INFO - Started process (PID=765) to work on /opt/airflow/dags/dag_crime_pipeline.py
[2026-05-27T10:44:07.173+0000] {processor.py:830} INFO - Processing file /opt/airflow/dags/dag_crime_pipeline.py for tasks to queue
[2026-05-27T10:44:07.175+0000] {logging_mixin.py:188} INFO - [2026-05-27T10:44:07.175+0000] {dagbag.py:538} INFO - Filling up the DagBag from /opt/airflow/dags/dag_crime_pipeline.py
[2026-05-27T10:44:07.211+0000] {processor.py:840} INFO - DAG(s) 'crime_analytics_pipeline' retrieved from /opt/airflow/dags/dag_crime_pipeline.py
[2026-05-27T10:44:07.243+0000] {logging_mixin.py:188} INFO - [2026-05-27T10:44:07.243+0000] {dag.py:3036} INFO - Sync 1 DAGs
[2026-05-27T10:44:07.266+0000] {logging_mixin.py:188} INFO - [2026-05-27T10:44:07.265+0000] {dag.py:3823} INFO - Setting next_dagrun for crime_analytics_pipeline to 2026-05-23 19:00:00+00:00, run_after=2026-05-30 19:00:00+00:00
[2026-05-27T10:44:07.289+0000] {processor.py:183} INFO - Processing /opt/airflow/dags/dag_crime_pipeline.py took 0.122 seconds
[2026-05-27T10:44:37.585+0000] {processor.py:161} INFO - Started process (PID=770) to work on /opt/airflow/dags/dag_crime_pipeline.py
[2026-05-27T10:44:37.586+0000] {processor.py:830} INFO - Processing file /opt/airflow/dags/dag_crime_pipeline.py for tasks to queue
[2026-05-27T10:44:37.589+0000] {logging_mixin.py:188} INFO - [2026-05-27T10:44:37.589+0000] {dagbag.py:538} INFO - Filling up the DagBag from /opt/airflow/dags/dag_crime_pipeline.py
[2026-05-27T10:44:37.627+0000] {processor.py:840} INFO - DAG(s) 'crime_analytics_pipeline' retrieved from /opt/airflow/dags/dag_crime_pipeline.py
[2026-05-27T10:44:37.670+0000] {logging_mixin.py:188} INFO - [2026-05-27T10:44:37.669+0000] {dag.py:3036} INFO - Sync 1 DAGs
[2026-05-27T10:44:37.696+0000] {logging_mixin.py:188} INFO - [2026-05-27T10:44:37.696+0000] {dag.py:3823} INFO - Setting next_dagrun for crime_analytics_pipeline to 2026-05-23 19:00:00+00:00, run_after=2026-05-30 19:00:00+00:00
[2026-05-27T10:44:37.720+0000] {processor.py:183} INFO - Processing /opt/airflow/dags/dag_crime_pipeline.py took 0.140 seconds
[2026-05-27T10:45:07.855+0000] {processor.py:161} INFO - Started process (PID=816) to work on /opt/airflow/dags/dag_crime_pipeline.py
[2026-05-27T10:45:07.856+0000] {processor.py:830} INFO - Processing file /opt/airflow/dags/dag_crime_pipeline.py for tasks to queue
[2026-05-27T10:45:07.859+0000] {logging_mixin.py:188} INFO - [2026-05-27T10:45:07.859+0000] {dagbag.py:538} INFO - Filling up the DagBag from /opt/airflow/dags/dag_crime_pipeline.py
[2026-05-27T10:45:07.917+0000] {processor.py:840} INFO - DAG(s) 'crime_analytics_pipeline' retrieved from /opt/airflow/dags/dag_crime_pipeline.py
[2026-05-27T10:45:07.973+0000] {logging_mixin.py:188} INFO - [2026-05-27T10:45:07.973+0000] {dag.py:3036} INFO - Sync 1 DAGs
[2026-05-27T10:45:08.050+0000] {processor.py:183} INFO - Processing /opt/airflow/dags/dag_crime_pipeline.py took 0.201 seconds
[2026-05-27T10:45:39.235+0000] {processor.py:161} INFO - Started process (PID=827) to work on /opt/airflow/dags/dag_crime_pipeline.py
[2026-05-27T10:45:39.237+0000] {processor.py:830} INFO - Processing file /opt/airflow/dags/dag_crime_pipeline.py for tasks to queue
[2026-05-27T10:45:39.241+0000] {logging_mixin.py:188} INFO - [2026-05-27T10:45:39.240+0000] {dagbag.py:538} INFO - Filling up the DagBag from /opt/airflow/dags/dag_crime_pipeline.py
[2026-05-27T10:45:39.281+0000] {processor.py:840} INFO - DAG(s) 'crime_analytics_pipeline' retrieved from /opt/airflow/dags/dag_crime_pipeline.py
[2026-05-27T10:45:39.314+0000] {logging_mixin.py:188} INFO - [2026-05-27T10:45:39.314+0000] {dag.py:3036} INFO - Sync 1 DAGs
[2026-05-27T10:45:39.378+0000] {processor.py:183} INFO - Processing /opt/airflow/dags/dag_crime_pipeline.py took 0.148 seconds
[2026-05-27T10:46:09.634+0000] {processor.py:161} INFO - Started process (PID=835) to work on /opt/airflow/dags/dag_crime_pipeline.py
[2026-05-27T10:46:09.636+0000] {processor.py:830} INFO - Processing file /opt/airflow/dags/dag_crime_pipeline.py for tasks to queue
[2026-05-27T10:46:09.639+0000] {logging_mixin.py:188} INFO - [2026-05-27T10:46:09.638+0000] {dagbag.py:538} INFO - Filling up the DagBag from /opt/airflow/dags/dag_crime_pipeline.py
[2026-05-27T10:46:09.680+0000] {processor.py:840} INFO - DAG(s) 'crime_analytics_pipeline' retrieved from /opt/airflow/dags/dag_crime_pipeline.py
[2026-05-27T10:46:09.713+0000] {logging_mixin.py:188} INFO - [2026-05-27T10:46:09.712+0000] {dag.py:3036} INFO - Sync 1 DAGs
[2026-05-27T10:46:09.760+0000] {processor.py:183} INFO - Processing /opt/airflow/dags/dag_crime_pipeline.py took 0.131 seconds
[2026-05-27T10:46:40.914+0000] {processor.py:161} INFO - Started process (PID=842) to work on /opt/airflow/dags/dag_crime_pipeline.py
[2026-05-27T10:46:40.916+0000] {processor.py:830} INFO - Processing file /opt/airflow/dags/dag_crime_pipeline.py for tasks to queue
[2026-05-27T10:46:40.920+0000] {logging_mixin.py:188} INFO - [2026-05-27T10:46:40.919+0000] {dagbag.py:538} INFO - Filling up the DagBag from /opt/airflow/dags/dag_crime_pipeline.py
[2026-05-27T10:46:40.960+0000] {processor.py:840} INFO - DAG(s) 'crime_analytics_pipeline' retrieved from /opt/airflow/dags/dag_crime_pipeline.py
[2026-05-27T10:46:40.993+0000] {logging_mixin.py:188} INFO - [2026-05-27T10:46:40.993+0000] {dag.py:3036} INFO - Sync 1 DAGs
[2026-05-27T10:46:41.037+0000] {processor.py:183} INFO - Processing /opt/airflow/dags/dag_crime_pipeline.py took 0.129 seconds
[2026-05-27T10:47:12.289+0000] {processor.py:161} INFO - Started process (PID=850) to work on /opt/airflow/dags/dag_crime_pipeline.py
[2026-05-27T10:47:12.290+0000] {processor.py:830} INFO - Processing file /opt/airflow/dags/dag_crime_pipeline.py for tasks to queue
[2026-05-27T10:47:12.293+0000] {logging_mixin.py:188} INFO - [2026-05-27T10:47:12.293+0000] {dagbag.py:538} INFO - Filling up the DagBag from /opt/airflow/dags/dag_crime_pipeline.py
[2026-05-27T10:47:12.332+0000] {processor.py:840} INFO - DAG(s) 'crime_analytics_pipeline' retrieved from /opt/airflow/dags/dag_crime_pipeline.py
[2026-05-27T10:47:12.366+0000] {logging_mixin.py:188} INFO - [2026-05-27T10:47:12.366+0000] {dag.py:3036} INFO - Sync 1 DAGs
[2026-05-27T10:47:12.406+0000] {processor.py:183} INFO - Processing /opt/airflow/dags/dag_crime_pipeline.py took 0.121 seconds
[2026-05-27T10:47:43.582+0000] {processor.py:161} INFO - Started process (PID=857) to work on /opt/airflow/dags/dag_crime_pipeline.py
[2026-05-27T10:47:43.584+0000] {processor.py:830} INFO - Processing file /opt/airflow/dags/dag_crime_pipeline.py for tasks to queue
[2026-05-27T10:47:43.587+0000] {logging_mixin.py:188} INFO - [2026-05-27T10:47:43.586+0000] {dagbag.py:538} INFO - Filling up the DagBag from /opt/airflow/dags/dag_crime_pipeline.py
[2026-05-27T10:47:43.627+0000] {processor.py:840} INFO - DAG(s) 'crime_analytics_pipeline' retrieved from /opt/airflow/dags/dag_crime_pipeline.py
[2026-05-27T10:47:43.662+0000] {logging_mixin.py:188} INFO - [2026-05-27T10:47:43.662+0000] {dag.py:3036} INFO - Sync 1 DAGs
[2026-05-27T10:47:43.705+0000] {processor.py:183} INFO - Processing /opt/airflow/dags/dag_crime_pipeline.py took 0.127 seconds
[2026-05-27T10:48:14.058+0000] {processor.py:161} INFO - Started process (PID=864) to work on /opt/airflow/dags/dag_crime_pipeline.py
[2026-05-27T10:48:14.060+0000] {processor.py:830} INFO - Processing file /opt/airflow/dags/dag_crime_pipeline.py for tasks to queue
[2026-05-27T10:48:14.064+0000] {logging_mixin.py:188} INFO - [2026-05-27T10:48:14.063+0000] {dagbag.py:538} INFO - Filling up the DagBag from /opt/airflow/dags/dag_crime_pipeline.py
[2026-05-27T10:48:14.104+0000] {processor.py:840} INFO - DAG(s) 'crime_analytics_pipeline' retrieved from /opt/airflow/dags/dag_crime_pipeline.py
[2026-05-27T10:48:14.140+0000] {logging_mixin.py:188} INFO - [2026-05-27T10:48:14.139+0000] {dag.py:3036} INFO - Sync 1 DAGs
[2026-05-27T10:48:14.180+0000] {processor.py:183} INFO - Processing /opt/airflow/dags/dag_crime_pipeline.py took 0.126 seconds
[2026-05-27T10:48:45.296+0000] {processor.py:161} INFO - Started process (PID=872) to work on /opt/airflow/dags/dag_crime_pipeline.py
[2026-05-27T10:48:45.298+0000] {processor.py:830} INFO - Processing file /opt/airflow/dags/dag_crime_pipeline.py for tasks to queue
[2026-05-27T10:48:45.301+0000] {logging_mixin.py:188} INFO - [2026-05-27T10:48:45.301+0000] {dagbag.py:538} INFO - Filling up the DagBag from /opt/airflow/dags/dag_crime_pipeline.py
[2026-05-27T10:48:45.342+0000] {processor.py:840} INFO - DAG(s) 'crime_analytics_pipeline' retrieved from /opt/airflow/dags/dag_crime_pipeline.py
[2026-05-27T10:48:45.376+0000] {logging_mixin.py:188} INFO - [2026-05-27T10:48:45.376+0000] {dag.py:3036} INFO - Sync 1 DAGs
[2026-05-27T10:48:45.419+0000] {processor.py:183} INFO - Processing /opt/airflow/dags/dag_crime_pipeline.py took 0.126 seconds
[2026-05-27T10:49:16.668+0000] {processor.py:161} INFO - Started process (PID=878) to work on /opt/airflow/dags/dag_crime_pipeline.py
[2026-05-27T10:49:16.670+0000] {processor.py:830} INFO - Processing file /opt/airflow/dags/dag_crime_pipeline.py for tasks to queue
[2026-05-27T10:49:16.673+0000] {logging_mixin.py:188} INFO - [2026-05-27T10:49:16.673+0000] {dagbag.py:538} INFO - Filling up the DagBag from /opt/airflow/dags/dag_crime_pipeline.py
[2026-05-27T10:49:16.715+0000] {processor.py:840} INFO - DAG(s) 'crime_analytics_pipeline' retrieved from /opt/airflow/dags/dag_crime_pipeline.py
[2026-05-27T10:49:16.758+0000] {logging_mixin.py:188} INFO - [2026-05-27T10:49:16.757+0000] {dag.py:3036} INFO - Sync 1 DAGs
[2026-05-27T10:49:16.810+0000] {processor.py:183} INFO - Processing /opt/airflow/dags/dag_crime_pipeline.py took 0.146 seconds
[2026-05-27T10:49:47.935+0000] {processor.py:161} INFO - Started process (PID=937) to work on /opt/airflow/dags/dag_crime_pipeline.py
[2026-05-27T10:49:47.937+0000] {processor.py:830} INFO - Processing file /opt/airflow/dags/dag_crime_pipeline.py for tasks to queue
[2026-05-27T10:49:47.941+0000] {logging_mixin.py:188} INFO - [2026-05-27T10:49:47.940+0000] {dagbag.py:538} INFO - Filling up the DagBag from /opt/airflow/dags/dag_crime_pipeline.py
[2026-05-27T10:49:47.985+0000] {processor.py:840} INFO - DAG(s) 'crime_analytics_pipeline' retrieved from /opt/airflow/dags/dag_crime_pipeline.py
[2026-05-27T10:49:48.036+0000] {logging_mixin.py:188} INFO - [2026-05-27T10:49:48.035+0000] {dag.py:3036} INFO - Sync 1 DAGs
[2026-05-27T10:49:48.103+0000] {processor.py:183} INFO - Processing /opt/airflow/dags/dag_crime_pipeline.py took 0.175 seconds
[2026-05-27T10:50:18.369+0000] {processor.py:161} INFO - Started process (PID=989) to work on /opt/airflow/dags/dag_crime_pipeline.py
[2026-05-27T10:50:18.371+0000] {processor.py:830} INFO - Processing file /opt/airflow/dags/dag_crime_pipeline.py for tasks to queue
[2026-05-27T10:50:18.374+0000] {logging_mixin.py:188} INFO - [2026-05-27T10:50:18.373+0000] {dagbag.py:538} INFO - Filling up the DagBag from /opt/airflow/dags/dag_crime_pipeline.py
[2026-05-27T10:50:18.413+0000] {processor.py:840} INFO - DAG(s) 'crime_analytics_pipeline' retrieved from /opt/airflow/dags/dag_crime_pipeline.py
[2026-05-27T10:50:18.446+0000] {logging_mixin.py:188} INFO - [2026-05-27T10:50:18.446+0000] {dag.py:3036} INFO - Sync 1 DAGs
[2026-05-27T10:50:18.482+0000] {processor.py:183} INFO - Processing /opt/airflow/dags/dag_crime_pipeline.py took 0.117 seconds
[2026-05-27T10:50:49.722+0000] {processor.py:161} INFO - Started process (PID=1063) to work on /opt/airflow/dags/dag_crime_pipeline.py
[2026-05-27T10:50:49.724+0000] {processor.py:830} INFO - Processing file /opt/airflow/dags/dag_crime_pipeline.py for tasks to queue
[2026-05-27T10:50:49.727+0000] {logging_mixin.py:188} INFO - [2026-05-27T10:50:49.727+0000] {dagbag.py:538} INFO - Filling up the DagBag from /opt/airflow/dags/dag_crime_pipeline.py
[2026-05-27T10:50:49.770+0000] {processor.py:840} INFO - DAG(s) 'crime_analytics_pipeline' retrieved from /opt/airflow/dags/dag_crime_pipeline.py
[2026-05-27T10:50:49.806+0000] {logging_mixin.py:188} INFO - [2026-05-27T10:50:49.805+0000] {dag.py:3036} INFO - Sync 1 DAGs
[2026-05-27T10:50:49.853+0000] {processor.py:183} INFO - Processing /opt/airflow/dags/dag_crime_pipeline.py took 0.136 seconds
[2026-05-27T10:51:21.026+0000] {processor.py:161} INFO - Started process (PID=1114) to work on /opt/airflow/dags/dag_crime_pipeline.py
[2026-05-27T10:51:21.028+0000] {processor.py:830} INFO - Processing file /opt/airflow/dags/dag_crime_pipeline.py for tasks to queue
[2026-05-27T10:51:21.031+0000] {logging_mixin.py:188} INFO - [2026-05-27T10:51:21.030+0000] {dagbag.py:538} INFO - Filling up the DagBag from /opt/airflow/dags/dag_crime_pipeline.py
[2026-05-27T10:51:21.076+0000] {processor.py:840} INFO - DAG(s) 'crime_analytics_pipeline' retrieved from /opt/airflow/dags/dag_crime_pipeline.py
[2026-05-27T10:51:21.115+0000] {logging_mixin.py:188} INFO - [2026-05-27T10:51:21.115+0000] {dag.py:3036} INFO - Sync 1 DAGs
[2026-05-27T10:51:21.172+0000] {processor.py:183} INFO - Processing /opt/airflow/dags/dag_crime_pipeline.py took 0.151 seconds
[2026-05-27T10:51:51.519+0000] {processor.py:161} INFO - Started process (PID=1188) to work on /opt/airflow/dags/dag_crime_pipeline.py
[2026-05-27T10:51:51.521+0000] {processor.py:830} INFO - Processing file /opt/airflow/dags/dag_crime_pipeline.py for tasks to queue
[2026-05-27T10:51:51.523+0000] {logging_mixin.py:188} INFO - [2026-05-27T10:51:51.523+0000] {dagbag.py:538} INFO - Filling up the DagBag from /opt/airflow/dags/dag_crime_pipeline.py
[2026-05-27T10:51:51.561+0000] {processor.py:840} INFO - DAG(s) 'crime_analytics_pipeline' retrieved from /opt/airflow/dags/dag_crime_pipeline.py
[2026-05-27T10:51:51.595+0000] {logging_mixin.py:188} INFO - [2026-05-27T10:51:51.595+0000] {dag.py:3036} INFO - Sync 1 DAGs
[2026-05-27T10:51:51.638+0000] {processor.py:183} INFO - Processing /opt/airflow/dags/dag_crime_pipeline.py took 0.123 seconds
[2026-05-27T10:52:22.803+0000] {processor.py:161} INFO - Started process (PID=1239) to work on /opt/airflow/dags/dag_crime_pipeline.py
[2026-05-27T10:52:22.805+0000] {processor.py:830} INFO - Processing file /opt/airflow/dags/dag_crime_pipeline.py for tasks to queue
[2026-05-27T10:52:22.807+0000] {logging_mixin.py:188} INFO - [2026-05-27T10:52:22.807+0000] {dagbag.py:538} INFO - Filling up the DagBag from /opt/airflow/dags/dag_crime_pipeline.py
[2026-05-27T10:52:22.845+0000] {processor.py:840} INFO - DAG(s) 'crime_analytics_pipeline' retrieved from /opt/airflow/dags/dag_crime_pipeline.py
[2026-05-27T10:52:22.876+0000] {logging_mixin.py:188} INFO - [2026-05-27T10:52:22.876+0000] {dag.py:3036} INFO - Sync 1 DAGs
[2026-05-27T10:52:22.919+0000] {processor.py:183} INFO - Processing /opt/airflow/dags/dag_crime_pipeline.py took 0.120 seconds
[2026-05-27T10:52:54.264+0000] {processor.py:161} INFO - Started process (PID=1313) to work on /opt/airflow/dags/dag_crime_pipeline.py
[2026-05-27T10:52:54.266+0000] {processor.py:830} INFO - Processing file /opt/airflow/dags/dag_crime_pipeline.py for tasks to queue
[2026-05-27T10:52:54.269+0000] {logging_mixin.py:188} INFO - [2026-05-27T10:52:54.268+0000] {dagbag.py:538} INFO - Filling up the DagBag from /opt/airflow/dags/dag_crime_pipeline.py
[2026-05-27T10:52:54.310+0000] {processor.py:840} INFO - DAG(s) 'crime_analytics_pipeline' retrieved from /opt/airflow/dags/dag_crime_pipeline.py
[2026-05-27T10:52:54.348+0000] {logging_mixin.py:188} INFO - [2026-05-27T10:52:54.348+0000] {dag.py:3036} INFO - Sync 1 DAGs
[2026-05-27T10:52:54.398+0000] {processor.py:183} INFO - Processing /opt/airflow/dags/dag_crime_pipeline.py took 0.139 seconds
[2026-05-27T10:53:03.349+0000] {processor.py:161} INFO - Started process (PID=1341) to work on /opt/airflow/dags/dag_crime_pipeline.py
[2026-05-27T10:53:03.350+0000] {processor.py:830} INFO - Processing file /opt/airflow/dags/dag_crime_pipeline.py for tasks to queue
[2026-05-27T10:53:03.353+0000] {logging_mixin.py:188} INFO - [2026-05-27T10:53:03.352+0000] {dagbag.py:538} INFO - Filling up the DagBag from /opt/airflow/dags/dag_crime_pipeline.py
[2026-05-27T10:53:03.410+0000] {processor.py:840} INFO - DAG(s) 'crime_analytics_pipeline' retrieved from /opt/airflow/dags/dag_crime_pipeline.py
[2026-05-27T10:53:03.531+0000] {logging_mixin.py:188} INFO - [2026-05-27T10:53:03.530+0000] {dag.py:3036} INFO - Sync 1 DAGs
[2026-05-27T10:53:03.603+0000] {processor.py:183} INFO - Processing /opt/airflow/dags/dag_crime_pipeline.py took 0.259 seconds
[2026-05-27T10:53:33.846+0000] {processor.py:161} INFO - Started process (PID=1392) to work on /opt/airflow/dags/dag_crime_pipeline.py
[2026-05-27T10:53:33.847+0000] {processor.py:830} INFO - Processing file /opt/airflow/dags/dag_crime_pipeline.py for tasks to queue
[2026-05-27T10:53:33.851+0000] {logging_mixin.py:188} INFO - [2026-05-27T10:53:33.850+0000] {dagbag.py:538} INFO - Filling up the DagBag from /opt/airflow/dags/dag_crime_pipeline.py
[2026-05-27T10:53:33.902+0000] {processor.py:840} INFO - DAG(s) 'crime_analytics_pipeline' retrieved from /opt/airflow/dags/dag_crime_pipeline.py
[2026-05-27T10:53:33.933+0000] {logging_mixin.py:188} INFO - [2026-05-27T10:53:33.932+0000] {dag.py:3036} INFO - Sync 1 DAGs
[2026-05-27T10:53:33.992+0000] {processor.py:183} INFO - Processing /opt/airflow/dags/dag_crime_pipeline.py took 0.151 seconds
[2026-05-27T10:54:04.174+0000] {processor.py:161} INFO - Started process (PID=1466) to work on /opt/airflow/dags/dag_crime_pipeline.py
[2026-05-27T10:54:04.175+0000] {processor.py:830} INFO - Processing file /opt/airflow/dags/dag_crime_pipeline.py for tasks to queue
[2026-05-27T10:54:04.179+0000] {logging_mixin.py:188} INFO - [2026-05-27T10:54:04.179+0000] {dagbag.py:538} INFO - Filling up the DagBag from /opt/airflow/dags/dag_crime_pipeline.py
[2026-05-27T10:54:04.220+0000] {processor.py:840} INFO - DAG(s) 'crime_analytics_pipeline' retrieved from /opt/airflow/dags/dag_crime_pipeline.py
[2026-05-27T10:54:04.253+0000] {logging_mixin.py:188} INFO - [2026-05-27T10:54:04.253+0000] {dag.py:3036} INFO - Sync 1 DAGs
[2026-05-27T10:54:04.314+0000] {processor.py:183} INFO - Processing /opt/airflow/dags/dag_crime_pipeline.py took 0.147 seconds
[2026-05-27T10:54:34.593+0000] {processor.py:161} INFO - Started process (PID=1517) to work on /opt/airflow/dags/dag_crime_pipeline.py
[2026-05-27T10:54:34.595+0000] {processor.py:830} INFO - Processing file /opt/airflow/dags/dag_crime_pipeline.py for tasks to queue
[2026-05-27T10:54:34.598+0000] {logging_mixin.py:188} INFO - [2026-05-27T10:54:34.598+0000] {dagbag.py:538} INFO - Filling up the DagBag from /opt/airflow/dags/dag_crime_pipeline.py
[2026-05-27T10:54:34.642+0000] {processor.py:840} INFO - DAG(s) 'crime_analytics_pipeline' retrieved from /opt/airflow/dags/dag_crime_pipeline.py
[2026-05-27T10:54:34.682+0000] {logging_mixin.py:188} INFO - [2026-05-27T10:54:34.682+0000] {dag.py:3036} INFO - Sync 1 DAGs
[2026-05-27T10:54:34.734+0000] {processor.py:183} INFO - Processing /opt/airflow/dags/dag_crime_pipeline.py took 0.147 seconds
[2026-05-27T10:55:04.922+0000] {processor.py:161} INFO - Started process (PID=1591) to work on /opt/airflow/dags/dag_crime_pipeline.py
[2026-05-27T10:55:04.924+0000] {processor.py:830} INFO - Processing file /opt/airflow/dags/dag_crime_pipeline.py for tasks to queue
[2026-05-27T10:55:04.926+0000] {logging_mixin.py:188} INFO - [2026-05-27T10:55:04.926+0000] {dagbag.py:538} INFO - Filling up the DagBag from /opt/airflow/dags/dag_crime_pipeline.py
[2026-05-27T10:55:04.970+0000] {processor.py:840} INFO - DAG(s) 'crime_analytics_pipeline' retrieved from /opt/airflow/dags/dag_crime_pipeline.py
[2026-05-27T10:55:05.003+0000] {logging_mixin.py:188} INFO - [2026-05-27T10:55:05.003+0000] {dag.py:3036} INFO - Sync 1 DAGs
[2026-05-27T10:55:05.061+0000] {processor.py:183} INFO - Processing /opt/airflow/dags/dag_crime_pipeline.py took 0.144 seconds
[2026-05-27T10:55:35.363+0000] {processor.py:161} INFO - Started process (PID=1664) to work on /opt/airflow/dags/dag_crime_pipeline.py
[2026-05-27T10:55:35.364+0000] {processor.py:830} INFO - Processing file /opt/airflow/dags/dag_crime_pipeline.py for tasks to queue
[2026-05-27T10:55:35.367+0000] {logging_mixin.py:188} INFO - [2026-05-27T10:55:35.366+0000] {dagbag.py:538} INFO - Filling up the DagBag from /opt/airflow/dags/dag_crime_pipeline.py
[2026-05-27T10:55:35.408+0000] {processor.py:840} INFO - DAG(s) 'crime_analytics_pipeline' retrieved from /opt/airflow/dags/dag_crime_pipeline.py
[2026-05-27T10:55:35.445+0000] {logging_mixin.py:188} INFO - [2026-05-27T10:55:35.444+0000] {dag.py:3036} INFO - Sync 1 DAGs
[2026-05-27T10:55:35.497+0000] {processor.py:183} INFO - Processing /opt/airflow/dags/dag_crime_pipeline.py took 0.139 seconds
[2026-05-27T10:56:05.633+0000] {processor.py:161} INFO - Started process (PID=1716) to work on /opt/airflow/dags/dag_crime_pipeline.py
[2026-05-27T10:56:05.635+0000] {processor.py:830} INFO - Processing file /opt/airflow/dags/dag_crime_pipeline.py for tasks to queue
[2026-05-27T10:56:05.638+0000] {logging_mixin.py:188} INFO - [2026-05-27T10:56:05.637+0000] {dagbag.py:538} INFO - Filling up the DagBag from /opt/airflow/dags/dag_crime_pipeline.py
[2026-05-27T10:56:05.684+0000] {processor.py:840} INFO - DAG(s) 'crime_analytics_pipeline' retrieved from /opt/airflow/dags/dag_crime_pipeline.py
[2026-05-27T10:56:05.719+0000] {logging_mixin.py:188} INFO - [2026-05-27T10:56:05.718+0000] {dag.py:3036} INFO - Sync 1 DAGs
[2026-05-27T10:56:05.782+0000] {processor.py:183} INFO - Processing /opt/airflow/dags/dag_crime_pipeline.py took 0.154 seconds
[2026-05-27T10:56:36.059+0000] {processor.py:161} INFO - Started process (PID=1789) to work on /opt/airflow/dags/dag_crime_pipeline.py
[2026-05-27T10:56:36.061+0000] {processor.py:830} INFO - Processing file /opt/airflow/dags/dag_crime_pipeline.py for tasks to queue
[2026-05-27T10:56:36.064+0000] {logging_mixin.py:188} INFO - [2026-05-27T10:56:36.063+0000] {dagbag.py:538} INFO - Filling up the DagBag from /opt/airflow/dags/dag_crime_pipeline.py
[2026-05-27T10:56:36.112+0000] {processor.py:840} INFO - DAG(s) 'crime_analytics_pipeline' retrieved from /opt/airflow/dags/dag_crime_pipeline.py
[2026-05-27T10:56:36.172+0000] {logging_mixin.py:188} INFO - [2026-05-27T10:56:36.171+0000] {dag.py:3036} INFO - Sync 1 DAGs
[2026-05-27T10:56:36.231+0000] {processor.py:183} INFO - Processing /opt/airflow/dags/dag_crime_pipeline.py took 0.177 seconds
[2026-05-27T10:57:06.394+0000] {processor.py:161} INFO - Started process (PID=1840) to work on /opt/airflow/dags/dag_crime_pipeline.py
[2026-05-27T10:57:06.396+0000] {processor.py:830} INFO - Processing file /opt/airflow/dags/dag_crime_pipeline.py for tasks to queue
[2026-05-27T10:57:06.400+0000] {logging_mixin.py:188} INFO - [2026-05-27T10:57:06.399+0000] {dagbag.py:538} INFO - Filling up the DagBag from /opt/airflow/dags/dag_crime_pipeline.py
[2026-05-27T10:57:06.487+0000] {processor.py:840} INFO - DAG(s) 'crime_analytics_pipeline' retrieved from /opt/airflow/dags/dag_crime_pipeline.py
[2026-05-27T10:57:06.535+0000] {logging_mixin.py:188} INFO - [2026-05-27T10:57:06.534+0000] {dag.py:3036} INFO - Sync 1 DAGs
[2026-05-27T10:57:06.607+0000] {processor.py:183} INFO - Processing /opt/airflow/dags/dag_crime_pipeline.py took 0.219 seconds
[2026-05-27T10:57:36.889+0000] {processor.py:161} INFO - Started process (PID=1914) to work on /opt/airflow/dags/dag_crime_pipeline.py
[2026-05-27T10:57:36.891+0000] {processor.py:830} INFO - Processing file /opt/airflow/dags/dag_crime_pipeline.py for tasks to queue
[2026-05-27T10:57:36.893+0000] {logging_mixin.py:188} INFO - [2026-05-27T10:57:36.893+0000] {dagbag.py:538} INFO - Filling up the DagBag from /opt/airflow/dags/dag_crime_pipeline.py
[2026-05-27T10:57:36.941+0000] {processor.py:840} INFO - DAG(s) 'crime_analytics_pipeline' retrieved from /opt/airflow/dags/dag_crime_pipeline.py
[2026-05-27T10:57:36.978+0000] {logging_mixin.py:188} INFO - [2026-05-27T10:57:36.977+0000] {dag.py:3036} INFO - Sync 1 DAGs
[2026-05-27T10:57:37.022+0000] {processor.py:183} INFO - Processing /opt/airflow/dags/dag_crime_pipeline.py took 0.138 seconds
[2026-05-27T10:58:07.325+0000] {processor.py:161} INFO - Started process (PID=1965) to work on /opt/airflow/dags/dag_crime_pipeline.py
[2026-05-27T10:58:07.326+0000] {processor.py:830} INFO - Processing file /opt/airflow/dags/dag_crime_pipeline.py for tasks to queue
[2026-05-27T10:58:07.329+0000] {logging_mixin.py:188} INFO - [2026-05-27T10:58:07.329+0000] {dagbag.py:538} INFO - Filling up the DagBag from /opt/airflow/dags/dag_crime_pipeline.py
[2026-05-27T10:58:07.371+0000] {processor.py:840} INFO - DAG(s) 'crime_analytics_pipeline' retrieved from /opt/airflow/dags/dag_crime_pipeline.py
[2026-05-27T10:58:07.407+0000] {logging_mixin.py:188} INFO - [2026-05-27T10:58:07.406+0000] {dag.py:3036} INFO - Sync 1 DAGs
[2026-05-27T10:58:07.483+0000] {processor.py:183} INFO - Processing /opt/airflow/dags/dag_crime_pipeline.py took 0.162 seconds
[2026-05-27T10:58:37.628+0000] {processor.py:161} INFO - Started process (PID=2039) to work on /opt/airflow/dags/dag_crime_pipeline.py
[2026-05-27T10:58:37.629+0000] {processor.py:830} INFO - Processing file /opt/airflow/dags/dag_crime_pipeline.py for tasks to queue
[2026-05-27T10:58:37.632+0000] {logging_mixin.py:188} INFO - [2026-05-27T10:58:37.632+0000] {dagbag.py:538} INFO - Filling up the DagBag from /opt/airflow/dags/dag_crime_pipeline.py
[2026-05-27T10:58:37.676+0000] {processor.py:840} INFO - DAG(s) 'crime_analytics_pipeline' retrieved from /opt/airflow/dags/dag_crime_pipeline.py
[2026-05-27T10:58:37.704+0000] {logging_mixin.py:188} INFO - [2026-05-27T10:58:37.704+0000] {dag.py:3036} INFO - Sync 1 DAGs
[2026-05-27T10:58:37.758+0000] {processor.py:183} INFO - Processing /opt/airflow/dags/dag_crime_pipeline.py took 0.135 seconds
[2026-05-27T10:59:08.137+0000] {processor.py:161} INFO - Started process (PID=2111) to work on /opt/airflow/dags/dag_crime_pipeline.py
[2026-05-27T10:59:08.139+0000] {processor.py:830} INFO - Processing file /opt/airflow/dags/dag_crime_pipeline.py for tasks to queue
[2026-05-27T10:59:08.141+0000] {logging_mixin.py:188} INFO - [2026-05-27T10:59:08.140+0000] {dagbag.py:538} INFO - Filling up the DagBag from /opt/airflow/dags/dag_crime_pipeline.py
[2026-05-27T10:59:08.203+0000] {processor.py:840} INFO - DAG(s) 'crime_analytics_pipeline' retrieved from /opt/airflow/dags/dag_crime_pipeline.py
[2026-05-27T10:59:08.234+0000] {logging_mixin.py:188} INFO - [2026-05-27T10:59:08.234+0000] {dag.py:3036} INFO - Sync 1 DAGs
[2026-05-27T10:59:08.291+0000] {processor.py:183} INFO - Processing /opt/airflow/dags/dag_crime_pipeline.py took 0.157 seconds
[2026-05-27T10:59:38.418+0000] {processor.py:161} INFO - Started process (PID=2164) to work on /opt/airflow/dags/dag_crime_pipeline.py
[2026-05-27T10:59:38.420+0000] {processor.py:830} INFO - Processing file /opt/airflow/dags/dag_crime_pipeline.py for tasks to queue
[2026-05-27T10:59:38.423+0000] {logging_mixin.py:188} INFO - [2026-05-27T10:59:38.422+0000] {dagbag.py:538} INFO - Filling up the DagBag from /opt/airflow/dags/dag_crime_pipeline.py
[2026-05-27T10:59:38.466+0000] {processor.py:840} INFO - DAG(s) 'crime_analytics_pipeline' retrieved from /opt/airflow/dags/dag_crime_pipeline.py
[2026-05-27T10:59:38.504+0000] {logging_mixin.py:188} INFO - [2026-05-27T10:59:38.503+0000] {dag.py:3036} INFO - Sync 1 DAGs
[2026-05-27T10:59:38.566+0000] {processor.py:183} INFO - Processing /opt/airflow/dags/dag_crime_pipeline.py took 0.151 seconds
[2026-05-27T11:00:09.937+0000] {processor.py:161} INFO - Started process (PID=2238) to work on /opt/airflow/dags/dag_crime_pipeline.py
[2026-05-27T11:00:09.939+0000] {processor.py:830} INFO - Processing file /opt/airflow/dags/dag_crime_pipeline.py for tasks to queue
[2026-05-27T11:00:09.943+0000] {logging_mixin.py:188} INFO - [2026-05-27T11:00:09.942+0000] {dagbag.py:538} INFO - Filling up the DagBag from /opt/airflow/dags/dag_crime_pipeline.py
[2026-05-27T11:00:10.010+0000] {processor.py:840} INFO - DAG(s) 'crime_analytics_pipeline' retrieved from /opt/airflow/dags/dag_crime_pipeline.py
[2026-05-27T11:00:10.053+0000] {logging_mixin.py:188} INFO - [2026-05-27T11:00:10.053+0000] {dag.py:3036} INFO - Sync 1 DAGs
[2026-05-27T11:00:10.105+0000] {processor.py:183} INFO - Processing /opt/airflow/dags/dag_crime_pipeline.py took 0.172 seconds
[2026-05-27T11:00:40.442+0000] {processor.py:161} INFO - Started process (PID=2289) to work on /opt/airflow/dags/dag_crime_pipeline.py
[2026-05-27T11:00:40.444+0000] {processor.py:830} INFO - Processing file /opt/airflow/dags/dag_crime_pipeline.py for tasks to queue
[2026-05-27T11:00:40.448+0000] {logging_mixin.py:188} INFO - [2026-05-27T11:00:40.447+0000] {dagbag.py:538} INFO - Filling up the DagBag from /opt/airflow/dags/dag_crime_pipeline.py
[2026-05-27T11:00:40.494+0000] {processor.py:840} INFO - DAG(s) 'crime_analytics_pipeline' retrieved from /opt/airflow/dags/dag_crime_pipeline.py
[2026-05-27T11:00:40.528+0000] {logging_mixin.py:188} INFO - [2026-05-27T11:00:40.528+0000] {dag.py:3036} INFO - Sync 1 DAGs
[2026-05-27T11:00:40.573+0000] {processor.py:183} INFO - Processing /opt/airflow/dags/dag_crime_pipeline.py took 0.135 seconds
[2026-05-27T11:01:11.801+0000] {processor.py:161} INFO - Started process (PID=2363) to work on /opt/airflow/dags/dag_crime_pipeline.py
[2026-05-27T11:01:11.803+0000] {processor.py:830} INFO - Processing file /opt/airflow/dags/dag_crime_pipeline.py for tasks to queue
[2026-05-27T11:01:11.806+0000] {logging_mixin.py:188} INFO - [2026-05-27T11:01:11.805+0000] {dagbag.py:538} INFO - Filling up the DagBag from /opt/airflow/dags/dag_crime_pipeline.py
[2026-05-27T11:01:11.850+0000] {processor.py:840} INFO - DAG(s) 'crime_analytics_pipeline' retrieved from /opt/airflow/dags/dag_crime_pipeline.py
[2026-05-27T11:01:11.886+0000] {logging_mixin.py:188} INFO - [2026-05-27T11:01:11.886+0000] {dag.py:3036} INFO - Sync 1 DAGs
[2026-05-27T11:01:11.960+0000] {processor.py:183} INFO - Processing /opt/airflow/dags/dag_crime_pipeline.py took 0.163 seconds
[2026-05-27T11:01:43.277+0000] {processor.py:161} INFO - Started process (PID=2436) to work on /opt/airflow/dags/dag_crime_pipeline.py
[2026-05-27T11:01:43.279+0000] {processor.py:830} INFO - Processing file /opt/airflow/dags/dag_crime_pipeline.py for tasks to queue
[2026-05-27T11:01:43.282+0000] {logging_mixin.py:188} INFO - [2026-05-27T11:01:43.282+0000] {dagbag.py:538} INFO - Filling up the DagBag from /opt/airflow/dags/dag_crime_pipeline.py
[2026-05-27T11:01:43.335+0000] {processor.py:840} INFO - DAG(s) 'crime_analytics_pipeline' retrieved from /opt/airflow/dags/dag_crime_pipeline.py
[2026-05-27T11:01:43.368+0000] {logging_mixin.py:188} INFO - [2026-05-27T11:01:43.368+0000] {dag.py:3036} INFO - Sync 1 DAGs
[2026-05-27T11:01:43.445+0000] {processor.py:183} INFO - Processing /opt/airflow/dags/dag_crime_pipeline.py took 0.172 seconds
[2026-05-27T11:01:55.391+0000] {processor.py:161} INFO - Started process (PID=2464) to work on /opt/airflow/dags/dag_crime_pipeline.py
[2026-05-27T11:01:55.393+0000] {processor.py:830} INFO - Processing file /opt/airflow/dags/dag_crime_pipeline.py for tasks to queue
[2026-05-27T11:01:55.396+0000] {logging_mixin.py:188} INFO - [2026-05-27T11:01:55.396+0000] {dagbag.py:538} INFO - Filling up the DagBag from /opt/airflow/dags/dag_crime_pipeline.py
[2026-05-27T11:01:55.457+0000] {processor.py:840} INFO - DAG(s) 'crime_analytics_pipeline' retrieved from /opt/airflow/dags/dag_crime_pipeline.py
[2026-05-27T11:01:55.667+0000] {logging_mixin.py:188} INFO - [2026-05-27T11:01:55.666+0000] {dag.py:3036} INFO - Sync 1 DAGs
[2026-05-27T11:01:55.726+0000] {processor.py:183} INFO - Processing /opt/airflow/dags/dag_crime_pipeline.py took 0.341 seconds
[2026-05-27T11:02:25.884+0000] {processor.py:161} INFO - Started process (PID=2519) to work on /opt/airflow/dags/dag_crime_pipeline.py
[2026-05-27T11:02:25.886+0000] {processor.py:830} INFO - Processing file /opt/airflow/dags/dag_crime_pipeline.py for tasks to queue
[2026-05-27T11:02:25.889+0000] {logging_mixin.py:188} INFO - [2026-05-27T11:02:25.889+0000] {dagbag.py:538} INFO - Filling up the DagBag from /opt/airflow/dags/dag_crime_pipeline.py
[2026-05-27T11:02:25.939+0000] {processor.py:840} INFO - DAG(s) 'crime_analytics_pipeline' retrieved from /opt/airflow/dags/dag_crime_pipeline.py
[2026-05-27T11:02:25.980+0000] {logging_mixin.py:188} INFO - [2026-05-27T11:02:25.979+0000] {dag.py:3036} INFO - Sync 1 DAGs
[2026-05-27T11:02:26.024+0000] {processor.py:183} INFO - Processing /opt/airflow/dags/dag_crime_pipeline.py took 0.146 seconds
[2026-05-27T11:02:56.413+0000] {processor.py:161} INFO - Started process (PID=2593) to work on /opt/airflow/dags/dag_crime_pipeline.py
[2026-05-27T11:02:56.415+0000] {processor.py:830} INFO - Processing file /opt/airflow/dags/dag_crime_pipeline.py for tasks to queue
[2026-05-27T11:02:56.418+0000] {logging_mixin.py:188} INFO - [2026-05-27T11:02:56.417+0000] {dagbag.py:538} INFO - Filling up the DagBag from /opt/airflow/dags/dag_crime_pipeline.py
[2026-05-27T11:02:56.461+0000] {processor.py:840} INFO - DAG(s) 'crime_analytics_pipeline' retrieved from /opt/airflow/dags/dag_crime_pipeline.py
[2026-05-27T11:02:56.500+0000] {logging_mixin.py:188} INFO - [2026-05-27T11:02:56.500+0000] {dag.py:3036} INFO - Sync 1 DAGs
[2026-05-27T11:02:56.551+0000] {processor.py:183} INFO - Processing /opt/airflow/dags/dag_crime_pipeline.py took 0.142 seconds
[2026-05-27T11:03:26.771+0000] {processor.py:161} INFO - Started process (PID=2644) to work on /opt/airflow/dags/dag_crime_pipeline.py
[2026-05-27T11:03:26.773+0000] {processor.py:830} INFO - Processing file /opt/airflow/dags/dag_crime_pipeline.py for tasks to queue
[2026-05-27T11:03:26.775+0000] {logging_mixin.py:188} INFO - [2026-05-27T11:03:26.775+0000] {dagbag.py:538} INFO - Filling up the DagBag from /opt/airflow/dags/dag_crime_pipeline.py
[2026-05-27T11:03:26.818+0000] {processor.py:840} INFO - DAG(s) 'crime_analytics_pipeline' retrieved from /opt/airflow/dags/dag_crime_pipeline.py
[2026-05-27T11:03:26.850+0000] {logging_mixin.py:188} INFO - [2026-05-27T11:03:26.850+0000] {dag.py:3036} INFO - Sync 1 DAGs
[2026-05-27T11:03:26.891+0000] {processor.py:183} INFO - Processing /opt/airflow/dags/dag_crime_pipeline.py took 0.124 seconds
[2026-05-27T11:03:57.222+0000] {processor.py:161} INFO - Started process (PID=2718) to work on /opt/airflow/dags/dag_crime_pipeline.py
[2026-05-27T11:03:57.224+0000] {processor.py:830} INFO - Processing file /opt/airflow/dags/dag_crime_pipeline.py for tasks to queue
[2026-05-27T11:03:57.227+0000] {logging_mixin.py:188} INFO - [2026-05-27T11:03:57.226+0000] {dagbag.py:538} INFO - Filling up the DagBag from /opt/airflow/dags/dag_crime_pipeline.py
[2026-05-27T11:03:57.273+0000] {processor.py:840} INFO - DAG(s) 'crime_analytics_pipeline' retrieved from /opt/airflow/dags/dag_crime_pipeline.py
[2026-05-27T11:03:57.305+0000] {logging_mixin.py:188} INFO - [2026-05-27T11:03:57.304+0000] {dag.py:3036} INFO - Sync 1 DAGs
[2026-05-27T11:03:57.370+0000] {processor.py:183} INFO - Processing /opt/airflow/dags/dag_crime_pipeline.py took 0.151 seconds
[2026-05-27T11:04:27.597+0000] {processor.py:161} INFO - Started process (PID=2791) to work on /opt/airflow/dags/dag_crime_pipeline.py
[2026-05-27T11:04:27.599+0000] {processor.py:830} INFO - Processing file /opt/airflow/dags/dag_crime_pipeline.py for tasks to queue
[2026-05-27T11:04:27.602+0000] {logging_mixin.py:188} INFO - [2026-05-27T11:04:27.601+0000] {dagbag.py:538} INFO - Filling up the DagBag from /opt/airflow/dags/dag_crime_pipeline.py
[2026-05-27T11:04:27.647+0000] {processor.py:840} INFO - DAG(s) 'crime_analytics_pipeline' retrieved from /opt/airflow/dags/dag_crime_pipeline.py
[2026-05-27T11:04:27.683+0000] {logging_mixin.py:188} INFO - [2026-05-27T11:04:27.682+0000] {dag.py:3036} INFO - Sync 1 DAGs
[2026-05-27T11:04:27.726+0000] {processor.py:183} INFO - Processing /opt/airflow/dags/dag_crime_pipeline.py took 0.134 seconds
[2026-05-27T11:04:58.079+0000] {processor.py:161} INFO - Started process (PID=2843) to work on /opt/airflow/dags/dag_crime_pipeline.py
[2026-05-27T11:04:58.081+0000] {processor.py:830} INFO - Processing file /opt/airflow/dags/dag_crime_pipeline.py for tasks to queue
[2026-05-27T11:04:58.084+0000] {logging_mixin.py:188} INFO - [2026-05-27T11:04:58.083+0000] {dagbag.py:538} INFO - Filling up the DagBag from /opt/airflow/dags/dag_crime_pipeline.py
[2026-05-27T11:04:58.127+0000] {processor.py:840} INFO - DAG(s) 'crime_analytics_pipeline' retrieved from /opt/airflow/dags/dag_crime_pipeline.py
[2026-05-27T11:04:58.162+0000] {logging_mixin.py:188} INFO - [2026-05-27T11:04:58.162+0000] {dag.py:3036} INFO - Sync 1 DAGs
[2026-05-27T11:04:58.227+0000] {processor.py:183} INFO - Processing /opt/airflow/dags/dag_crime_pipeline.py took 0.151 seconds
[2026-05-27T11:05:28.424+0000] {processor.py:161} INFO - Started process (PID=2917) to work on /opt/airflow/dags/dag_crime_pipeline.py
[2026-05-27T11:05:28.425+0000] {processor.py:830} INFO - Processing file /opt/airflow/dags/dag_crime_pipeline.py for tasks to queue
[2026-05-27T11:05:28.428+0000] {logging_mixin.py:188} INFO - [2026-05-27T11:05:28.428+0000] {dagbag.py:538} INFO - Filling up the DagBag from /opt/airflow/dags/dag_crime_pipeline.py
[2026-05-27T11:05:28.472+0000] {processor.py:840} INFO - DAG(s) 'crime_analytics_pipeline' retrieved from /opt/airflow/dags/dag_crime_pipeline.py
[2026-05-27T11:05:28.508+0000] {logging_mixin.py:188} INFO - [2026-05-27T11:05:28.508+0000] {dag.py:3036} INFO - Sync 1 DAGs
[2026-05-27T11:05:28.622+0000] {processor.py:183} INFO - Processing /opt/airflow/dags/dag_crime_pipeline.py took 0.202 seconds
[2026-05-27T11:05:58.911+0000] {processor.py:161} INFO - Started process (PID=2968) to work on /opt/airflow/dags/dag_crime_pipeline.py
[2026-05-27T11:05:58.913+0000] {processor.py:830} INFO - Processing file /opt/airflow/dags/dag_crime_pipeline.py for tasks to queue
[2026-05-27T11:05:58.916+0000] {logging_mixin.py:188} INFO - [2026-05-27T11:05:58.915+0000] {dagbag.py:538} INFO - Filling up the DagBag from /opt/airflow/dags/dag_crime_pipeline.py
[2026-05-27T11:05:58.964+0000] {processor.py:840} INFO - DAG(s) 'crime_analytics_pipeline' retrieved from /opt/airflow/dags/dag_crime_pipeline.py
[2026-05-27T11:05:59.010+0000] {logging_mixin.py:188} INFO - [2026-05-27T11:05:59.009+0000] {dag.py:3036} INFO - Sync 1 DAGs
[2026-05-27T11:05:59.085+0000] {processor.py:183} INFO - Processing /opt/airflow/dags/dag_crime_pipeline.py took 0.178 seconds
[2026-05-27T11:06:29.355+0000] {processor.py:161} INFO - Started process (PID=3042) to work on /opt/airflow/dags/dag_crime_pipeline.py
[2026-05-27T11:06:29.357+0000] {processor.py:830} INFO - Processing file /opt/airflow/dags/dag_crime_pipeline.py for tasks to queue
[2026-05-27T11:06:29.359+0000] {logging_mixin.py:188} INFO - [2026-05-27T11:06:29.359+0000] {dagbag.py:538} INFO - Filling up the DagBag from /opt/airflow/dags/dag_crime_pipeline.py
[2026-05-27T11:06:29.404+0000] {processor.py:840} INFO - DAG(s) 'crime_analytics_pipeline' retrieved from /opt/airflow/dags/dag_crime_pipeline.py
[2026-05-27T11:06:29.441+0000] {logging_mixin.py:188} INFO - [2026-05-27T11:06:29.440+0000] {dag.py:3036} INFO - Sync 1 DAGs
[2026-05-27T11:06:29.485+0000] {processor.py:183} INFO - Processing /opt/airflow/dags/dag_crime_pipeline.py took 0.133 seconds
[2026-05-27T11:06:59.815+0000] {processor.py:161} INFO - Started process (PID=3095) to work on /opt/airflow/dags/dag_crime_pipeline.py
[2026-05-27T11:06:59.817+0000] {processor.py:830} INFO - Processing file /opt/airflow/dags/dag_crime_pipeline.py for tasks to queue
[2026-05-27T11:06:59.822+0000] {logging_mixin.py:188} INFO - [2026-05-27T11:06:59.822+0000] {dagbag.py:538} INFO - Filling up the DagBag from /opt/airflow/dags/dag_crime_pipeline.py
[2026-05-27T11:06:59.877+0000] {processor.py:840} INFO - DAG(s) 'crime_analytics_pipeline' retrieved from /opt/airflow/dags/dag_crime_pipeline.py
[2026-05-27T11:06:59.925+0000] {logging_mixin.py:188} INFO - [2026-05-27T11:06:59.925+0000] {dag.py:3036} INFO - Sync 1 DAGs
[2026-05-27T11:06:59.980+0000] {processor.py:183} INFO - Processing /opt/airflow/dags/dag_crime_pipeline.py took 0.172 seconds
[2026-05-27T11:07:30.202+0000] {processor.py:161} INFO - Started process (PID=3170) to work on /opt/airflow/dags/dag_crime_pipeline.py
[2026-05-27T11:07:30.204+0000] {processor.py:830} INFO - Processing file /opt/airflow/dags/dag_crime_pipeline.py for tasks to queue
[2026-05-27T11:07:30.208+0000] {logging_mixin.py:188} INFO - [2026-05-27T11:07:30.207+0000] {dagbag.py:538} INFO - Filling up the DagBag from /opt/airflow/dags/dag_crime_pipeline.py
[2026-05-27T11:07:30.258+0000] {processor.py:840} INFO - DAG(s) 'crime_analytics_pipeline' retrieved from /opt/airflow/dags/dag_crime_pipeline.py
[2026-05-27T11:07:30.302+0000] {logging_mixin.py:188} INFO - [2026-05-27T11:07:30.302+0000] {dag.py:3036} INFO - Sync 1 DAGs
[2026-05-27T11:07:30.357+0000] {processor.py:183} INFO - Processing /opt/airflow/dags/dag_crime_pipeline.py took 0.160 seconds
[2026-05-27T11:08:00.860+0000] {processor.py:161} INFO - Started process (PID=3243) to work on /opt/airflow/dags/dag_crime_pipeline.py
[2026-05-27T11:08:00.862+0000] {processor.py:830} INFO - Processing file /opt/airflow/dags/dag_crime_pipeline.py for tasks to queue
[2026-05-27T11:08:00.865+0000] {logging_mixin.py:188} INFO - [2026-05-27T11:08:00.864+0000] {dagbag.py:538} INFO - Filling up the DagBag from /opt/airflow/dags/dag_crime_pipeline.py
[2026-05-27T11:08:00.914+0000] {processor.py:840} INFO - DAG(s) 'crime_analytics_pipeline' retrieved from /opt/airflow/dags/dag_crime_pipeline.py
[2026-05-27T11:08:00.955+0000] {logging_mixin.py:188} INFO - [2026-05-27T11:08:00.954+0000] {dag.py:3036} INFO - Sync 1 DAGs
[2026-05-27T11:08:01.029+0000] {processor.py:183} INFO - Processing /opt/airflow/dags/dag_crime_pipeline.py took 0.174 seconds
[2026-05-27T11:08:32.083+0000] {processor.py:161} INFO - Started process (PID=3295) to work on /opt/airflow/dags/dag_crime_pipeline.py
[2026-05-27T11:08:32.084+0000] {processor.py:830} INFO - Processing file /opt/airflow/dags/dag_crime_pipeline.py for tasks to queue
[2026-05-27T11:08:32.087+0000] {logging_mixin.py:188} INFO - [2026-05-27T11:08:32.086+0000] {dagbag.py:538} INFO - Filling up the DagBag from /opt/airflow/dags/dag_crime_pipeline.py
[2026-05-27T11:08:32.128+0000] {processor.py:840} INFO - DAG(s) 'crime_analytics_pipeline' retrieved from /opt/airflow/dags/dag_crime_pipeline.py
[2026-05-27T11:08:32.159+0000] {logging_mixin.py:188} INFO - [2026-05-27T11:08:32.159+0000] {dag.py:3036} INFO - Sync 1 DAGs
[2026-05-27T11:08:32.228+0000] {processor.py:183} INFO - Processing /opt/airflow/dags/dag_crime_pipeline.py took 0.148 seconds
[2026-05-27T11:09:02.510+0000] {processor.py:161} INFO - Started process (PID=3369) to work on /opt/airflow/dags/dag_crime_pipeline.py
[2026-05-27T11:09:02.514+0000] {processor.py:830} INFO - Processing file /opt/airflow/dags/dag_crime_pipeline.py for tasks to queue
[2026-05-27T11:09:02.518+0000] {logging_mixin.py:188} INFO - [2026-05-27T11:09:02.517+0000] {dagbag.py:538} INFO - Filling up the DagBag from /opt/airflow/dags/dag_crime_pipeline.py
[2026-05-27T11:09:02.568+0000] {processor.py:840} INFO - DAG(s) 'crime_analytics_pipeline' retrieved from /opt/airflow/dags/dag_crime_pipeline.py
[2026-05-27T11:09:02.608+0000] {logging_mixin.py:188} INFO - [2026-05-27T11:09:02.608+0000] {dag.py:3036} INFO - Sync 1 DAGs
[2026-05-27T11:09:02.662+0000] {processor.py:183} INFO - Processing /opt/airflow/dags/dag_crime_pipeline.py took 0.156 seconds
[2026-05-27T11:09:33.022+0000] {processor.py:161} INFO - Started process (PID=3420) to work on /opt/airflow/dags/dag_crime_pipeline.py
[2026-05-27T11:09:33.024+0000] {processor.py:830} INFO - Processing file /opt/airflow/dags/dag_crime_pipeline.py for tasks to queue
[2026-05-27T11:09:33.027+0000] {logging_mixin.py:188} INFO - [2026-05-27T11:09:33.026+0000] {dagbag.py:538} INFO - Filling up the DagBag from /opt/airflow/dags/dag_crime_pipeline.py
[2026-05-27T11:09:33.068+0000] {processor.py:840} INFO - DAG(s) 'crime_analytics_pipeline' retrieved from /opt/airflow/dags/dag_crime_pipeline.py
[2026-05-27T11:09:33.096+0000] {logging_mixin.py:188} INFO - [2026-05-27T11:09:33.096+0000] {dag.py:3036} INFO - Sync 1 DAGs
[2026-05-27T11:09:33.151+0000] {processor.py:183} INFO - Processing /opt/airflow/dags/dag_crime_pipeline.py took 0.132 seconds
